2024-06-14 05:14:21.228  SVCAgent : [tB-J] BootReceiver | onReceive - Setup Wizard finish signal is delivered.
2024-06-14 05:14:21.229  SVCAgent : [tB-J] BootReceiver | onReceive - send MESSAGE_LAUNCH_SERVICE
2024-06-14 05:14:21.298  SVCAgent : [tB-J] BootReceiver | ReceiverHandler sent message.{ when=-69ms what=1 target=com.samsung.android.service.svcagent.BootReceiver$a }
2024-06-16 09:00:30.826  SVCAgent : [xy-E] BootReceiver | onReceive - Setup Wizard finish signal is delivered.
2024-06-16 09:00:30.828  SVCAgent : [xy-E] BootReceiver | onReceive - send MESSAGE_LAUNCH_SERVICE
2024-06-16 09:00:30.855  SVCAgent : [xy-E] BootReceiver | ReceiverHandler sent message.{ when=-27ms what=1 target=com.samsung.android.service.svcagent.BootReceiver$a }
2024-06-16 09:01:41.408  SVCAgent : [ZM-C] BootReceiver | onReceive - Fenrir signal received.
2024-06-16 09:01:41.415  SVCAgent : [ZM-C] FenrirDecoder | isFenrirCommand - Received FENRIR AT Command - AT+ICCCINFO=1,0,0 is invalid!
2024-06-16 09:01:41.418  SVCAgent : [ZM-C] BootReceiver | handleMessage - Ignore unrelated AT COMMAND
2024-06-16 09:01:41.419  SVCAgent : [ZM-C] BootReceiver | ReceiverHandler sent message.{ when=-8ms what=2 target=com.samsung.android.service.svcagent.BootReceiver$a }
2024-07-26 09:13:41.724  SVCAgent : [ZV-J] BootReceiver | onReceive - Setup Wizard finish signal is delivered.
2024-07-26 09:13:41.726  SVCAgent : [ZV-J] BootReceiver | onReceive - send MESSAGE_LAUNCH_SERVICE
2024-07-26 09:13:41.753  SVCAgent : [ZV-J] BootReceiver | ReceiverHandler sent message.{ when=-26ms what=1 target=com.samsung.android.service.svcagent.BootReceiver$a }
2024-08-16 15:29:28.439  SVCAgent : [Wl-V] BootReceiver | onReceive - Setup Wizard finish signal is delivered.
2024-08-16 15:29:28.441  SVCAgent : [Wl-V] BootReceiver | onReceive - send MESSAGE_LAUNCH_SERVICE
2024-08-16 15:29:28.458  SVCAgent : [Wl-V] BootReceiver | ReceiverHandler sent message.{ when=-18ms what=1 target=com.samsung.android.service.svcagent.BootReceiver$a }
2024-08-16 11:30:42.542  SVCAgent : [ui-T] BootReceiver | onReceive - Setup Wizard finish signal is delivered.
2024-08-16 11:30:42.543  SVCAgent : [ui-T] BootReceiver | onReceive - send MESSAGE_LAUNCH_SERVICE
2024-08-16 11:30:42.568  SVCAgent : [ui-T] Util | isMyServiceRunning - Service does not exist
2024-08-16 11:30:42.573  SVCAgent : [ui-T] Util | launchService.
2024-08-16 11:30:42.581  SVCAgent : [ui-T] Util | isMyServiceRunning - Service does not exist
2024-08-16 11:30:42.581  SVCAgent : [ui-T] BootReceiver | handleMessage - send MESSAGE_LAUNCH_SERVICE
2024-08-16 11:30:42.582  SVCAgent : [ui-T] BootReceiver | ReceiverHandler sent message.{ when=-39ms what=1 target=com.samsung.android.service.svcagent.BootReceiver$a }
2024-08-16 11:30:42.595  SVCAgent : [ui-T] Util | SDK Version 33.
2024-08-16 11:30:42.597  SVCAgent : [ui-T] Util | SDK Version 33.
2024-08-16 11:30:42.602  SVCAgent : [ui-T] MainService | onStartCommand - Service is now on
2024-08-16 11:30:43.383  SVCAgent : [ui-T] Util | isMyServiceRunning - Service is running
2024-08-16 11:30:43.385  SVCAgent : [ui-T] Util | launchService
2024-08-16 11:30:43.389  SVCAgent : [ui-T] Util | isMyServiceRunning - Service is running
2024-08-16 11:30:43.399  SVCAgent : [ui-T] BootReceiver | handleMessage - remove MESSAGE_LAUNCH_SERVICE
2024-08-16 11:30:43.400  SVCAgent : [ui-T] BootReceiver | ReceiverHandler sent message.{ when=-18ms what=1 target=com.samsung.android.service.svcagent.BootReceiver$a }
2024-08-16 11:30:43.401  SVCAgent : [ui-T] MainService | onReceive - com.samsung.android.service.svcagent.intent_action_start_service
2024-08-16 11:30:43.403  SVCAgent : [ui-T] MainService | onReceive - Start service.
2024-08-16 11:30:43.405  SVCAgent : [ui-T] EFSController | loadEFS - start to load efs
2024-08-16 11:30:43.416  SVCAgent : [ui-T] Util | readLineFromFile - Input file size : 577 bytes
2024-08-16 11:30:43.420  SVCAgent : [ui-T] Util | readLineFromFile - loaded list size : 1
2024-08-16 11:30:43.420  SVCAgent : [ui-T] EFSController | loadEFS - EFS file loading - 
2024-08-16 11:30:43.427  SVCAgent : [ui-T] EFSController | getVersionType : type 2
2024-08-16 11:30:43.429  SVCAgent : [ui-T] EFSController | loadEFS - success to load efs
2024-08-16 11:30:43.433  SVCAgent : [ui-T] EFSController | loadEFS - efs size :  1
2024-08-16 11:30:43.435  SVCAgent : [ui-T] SystemInformationBuilder | retrieveSystemInformation - Start ------------------------------------------------------------------------------------
2024-08-16 11:30:43.959  SVCAgent : [ui-T] SystemInformationBuilder | getUniqueNumber - Obtaining Unique Number from UFS
2024-08-16 11:30:43.961  SVCAgent : [ui-T] SystemInformationBuilder | getModelName - Model Name: SM-A426U1
2024-08-16 11:30:43.962  SVCAgent : [ui-T] SystemInformationBuilder | getCustomerCode - Sales Code from property - XAA
2024-08-16 11:30:43.963  SVCAgent : [ui-T] SystemInformationBuilder | A426U1UEU9EXF3/A426U1OYM9EXF3/A426U1UEU9EXF3
2024-08-16 11:30:43.966  SVCAgent : [ui-T] SystemInformationBuilder | 7.0.00.12
2024-08-16 11:30:43.967  SVCAgent : [ui-T] FlashLockVerifier | start check
2024-08-16 11:30:43.968  SVCAgent : [ui-T] FlashLockVerifier | Result : 1
2024-08-16 11:30:43.970  SVCAgent : [ui-T] SVCAgent - SysFsReader | retrieveSYSFS - Start searching HWs--------------------------------------------------------------
2024-08-16 11:30:44.008  SVCAgent : [ui-T] SVCAgent - SysFsReader | getNodeID - Node - SVC_rear_module3 has no ID, so it will be ignored
2024-08-16 11:30:44.010  SVCAgent : [ui-T] SVCAgent - SysFsReader | getNodeID - Node - SVC_rear_module4 has no ID, so it will be ignored
2024-08-16 11:30:44.013  SVCAgent : [ui-T] SVCAgent - SysFsReader | retrieveSYSFS - No HW node exist in directory : /sys/devices/svc/Camera
2024-08-16 11:30:44.021  SVCAgent : [ui-T] SVCAgent - SysFsReader | getNodeID - Node - SVC_OCTA2 has no ID, so it will be ignored
2024-08-16 11:30:44.026  SVCAgent : [ui-T] SVCAgent - SysFsReader | getNodeID - Node - SVC_OCTA2_CHIPID has no ID, so it will be ignored
2024-08-16 11:30:44.028  SVCAgent : [ui-T] SVCAgent - SysFsReader | getNodeID - Node - SVC_OCTA2_DDI_CHIPID has no ID, so it will be ignored
2024-08-16 11:30:44.034  SVCAgent : [ui-T] SVCAgent - SysFsReader | retrieveSYSFS - No HW node exist in directory : /sys/devices/svc/OCTA
2024-08-16 11:30:44.035  SVCAgent : [ui-T] SVCAgent - SysFsReader | retrieveSYSFS - 8 HWs are found
2024-08-16 11:30:44.036  SVCAgent : [ui-T] SVCAgent - SysFsReader | retrieveSYSFS - End -----------------------------------------------------------------------------
2024-08-16 11:30:44.038  SVCAgent : [ui-T] SystemInformationBuilder | retrieveSystemInformation - End --------------------------------------------------------------------------------------
2024-08-16 11:30:44.039  SVCAgent : [ui-T] MainService | null
2024-08-16 11:30:44.040  SVCAgent : [ui-T] MainService | diffDevices - Current model name is changed
2024-08-16 11:30:44.046  SVCAgent : [ui-T] MainService | diffComponents - Current HW ID : SVC_AP is not changed
2024-08-16 11:30:44.047  SVCAgent : [ui-T] MainService | diffComponents - Current HW ID : SVC_front_module is not changed
2024-08-16 11:30:44.049  SVCAgent : [ui-T] MainService | diffComponents - Current HW ID : SVC_rear_module is not changed
2024-08-16 11:30:44.051  SVCAgent : [ui-T] MainService | diffComponents - Current HW ID : SVC_rear_module2 is not changed
2024-08-16 11:30:44.053  SVCAgent : [ui-T] MainService | diffComponents - Current HW ID : SVC_OCTA is not changed
2024-08-16 11:30:44.054  SVCAgent : [ui-T] MainService | diffComponents - Current HW ID : SVC_OCTA_CHIPID is not changed
2024-08-16 11:30:44.055  SVCAgent : [ui-T] MainService | diffComponents - Current HW ID : SVC_OCTA_DDI_CHIPID is not changed
2024-08-16 11:30:44.057  SVCAgent : [ui-T] MainService | diffComponents - Current HW ID : changeList skip
2024-08-16 11:30:44.062  SVCAgent : [ui-T] MainService | diffDevices - found 1 change(s)
2024-08-16 11:30:44.064  SVCAgent : [ui-T] SystemInformation | getChangeList - Given key has no value!!!
2024-08-16 11:30:44.066  SVCAgent : [ui-T] MainService | decideServiceType - Current service type : DCI(1)
2024-08-16 11:30:44.066  SVCAgent : [ui-T] SystemInformation | setType - DCI(1)
2024-08-16 11:30:44.067  SVCAgent : [ui-T] SystemInformation | setChangeList - PBA_2D
2024-08-16 11:30:44.068  SVCAgent : [ui-T] SystemInformation | putFenrirDateField - 2024-08-16 11:30:44
2024-08-16 11:30:44.070  SVCAgent : [ui-T] Util | isNetworkAvailable - false
2024-08-16 11:30:44.077  SVCAgent : [ui-T] MainService | postToServer - Network is currently unavailable. Service will send information when network becomes available
2024-08-16 11:30:44.078  SVCAgent : [ui-T] SystemInformation | getString - fenrirID key has no value!!!
2024-08-16 11:30:44.080  SVCAgent : [ui-T] EFSController | loadEFS - start to load efs
2024-08-16 11:30:44.082  SVCAgent : [ui-T] Util | readLineFromFile - Input file size : 577 bytes
2024-08-16 11:30:44.083  SVCAgent : [ui-T] Util | readLineFromFile - loaded list size : 1
2024-08-16 11:30:44.083  SVCAgent : [ui-T] EFSController | loadEFS - EFS file loading - 
2024-08-16 11:30:44.084  SVCAgent : [ui-T] EFSController | getVersionType : type 2
2024-08-16 11:30:44.091  SVCAgent : [ui-T] EFSController | loadEFS - success to load efs
2024-08-16 11:30:44.092  SVCAgent : [ui-T] EFSController | loadEFS - efs size :  1
2024-08-16 11:30:44.093  SVCAgent : [ui-T] EFSController | updateEFS - Data is not changed
2024-08-16 11:30:44.102  SVCAgent : [ui-T] Util | writing result - 1266 bytes at Fri Aug 16 11:30:44 EDT 2024
2024-08-16 11:30:44.103  SVCAgent : [ui-T] EFSController | makeEFS - Making file is success.
2024-08-16 11:30:44.104  SVCAgent : [ui-T] MainService | handleMessage - No more transmission exists. Close Service.
2024-08-16 11:30:44.111  SVCAgent : [ui-T] MainService | handleMessage - No more transmission exists. Close Service.
2024-08-16 11:30:44.114  SVCAgent : [ui-T] DiagmonUtil | is success make a file : true
2024-08-16 11:30:44.116  SVCAgent : [ui-T] DiagmonUtil | customEventReport errorCode : SVCAgent Custom Exception
2024-08-16 11:30:44.118  SVCAgent : [ui-T] EFSController | cleanEFS - Clean already transmitted data in EFS
2024-08-16 11:30:44.119  SVCAgent : [ui-T] EFSController | loadEFS - start to load efs
2024-08-16 11:30:44.120  SVCAgent : [ui-T] Util | readLineFromFile - Input file size : 1266 bytes
2024-08-16 11:30:44.121  SVCAgent : [ui-T] Util | readLineFromFile - loaded list size : 2
2024-08-16 11:30:44.122  SVCAgent : [ui-T] EFSController | loadEFS - EFS file loading - 
2024-08-16 11:30:44.123  SVCAgent : [ui-T] EFSController | getVersionType : type 2
2024-08-16 11:30:44.124  SVCAgent : [ui-T] EFSController | getVersionType : type 2
2024-08-16 11:30:44.125  SVCAgent : [ui-T] EFSController | loadEFS - success to load efs
2024-08-16 11:30:44.126  SVCAgent : [ui-T] EFSController | loadEFS - efs size :  2
2024-08-16 11:30:44.129  SVCAgent : [ui-T] EFSController | cleanEFS - (2 -> 1) data are cleared.
2024-08-16 11:30:44.132  SVCAgent : [ui-T] EFSController | EFSController - Delete EFS path
2024-08-16 11:30:44.138  SVCAgent : [ui-T] Util | writing result - 689 bytes at Fri Aug 16 11:30:44 EDT 2024
2024-08-16 11:30:44.140  SVCAgent : [ui-T] EFSController | makeEFS - Making file is success.
2024-08-16 11:30:44.141  SVCAgent : [ui-T] EFSController | loadEFS - start to load efs
2024-08-16 11:30:44.143  SVCAgent : [ui-T] Util | readLineFromFile - Input file size : 689 bytes
2024-08-16 11:30:44.144  SVCAgent : [ui-T] Util | readLineFromFile - loaded list size : 1
2024-08-16 11:30:44.151  SVCAgent : [ui-T] EFSController | loadEFS - EFS file loading - 
2024-08-16 11:30:44.152  SVCAgent : [ui-T] EFSController | getVersionType : type 2
2024-08-16 11:30:44.154  SVCAgent : [ui-T] EFSController | loadEFS - success to load efs
2024-08-16 11:30:44.155  SVCAgent : [ui-T] EFSController | loadEFS - efs size :  1
2024-08-16 11:30:44.158  SVCAgent : [ui-T] EFSController | EFSController - Delete EFS path
2024-08-16 11:30:44.170  SVCAgent : [ui-T] Util | writing result - 689 bytes at Fri Aug 16 11:30:44 EDT 2024
2024-08-16 11:30:44.171  SVCAgent : [ui-T] EFSController | makeEFSBackUp - Making backup file is success.
2024-08-16 11:30:44.179  SVCAgent : [ui-T] ConnectionJobService | scheduleJobService - JobService scheduling is success
2024-08-16 11:30:44.180  SVCAgent : [ui-T] MainService | onDestroy - Service is closed
2025-05-08 10:30:31.806  SVCAgent : [Rc-S] DailyBgJobService | Job started
2025-05-08 10:30:31.809  SVCAgent : [Rc-S] DailyBgJobService | Daily Transfer Again check
2025-05-08 10:30:31.815  SVCAgent : [Rc-S] Util | readLineFromFile - Input file size : 689 bytes
2025-05-08 10:30:31.816  SVCAgent : [Rc-S] Util | readLineFromFile - loaded list size : 1
2025-05-08 10:30:31.818  SVCAgent : [Rc-S] EFSController | getTransferAgainFlag - getTransferAgainFlag - Flag: 1
2025-05-08 10:30:31.820  SVCAgent : [Rc-S] DailyBgJobService | TransferAgain job started
2025-05-08 10:30:31.824  SVCAgent : [Rc-S] Util | isMyServiceRunning - Service does not exist
2025-05-08 10:30:31.832  SVCAgent : [Rc-S] Util | launchService.
2025-05-08 10:30:31.842  SVCAgent : [Rc-S] Util | SDK Version 33.
2025-05-08 10:30:31.844  SVCAgent : [Rc-S] Util | SDK Version 33.
2025-05-08 10:30:31.853  SVCAgent : [Rc-S] MainService | onStartCommand - Service is now on
2025-05-08 10:30:32.340  SVCAgent : [Rc-S] MainService | onReceive - com.samsung.android.service.svcagent.intent_action_transfer_again_MainService
2025-05-08 10:30:32.341  SVCAgent : [Rc-S] EFSController | loadEFS - start to load efs
2025-05-08 10:30:32.346  SVCAgent : [Rc-S] Util | readLineFromFile - Input file size : 689 bytes
2025-05-08 10:30:32.368  SVCAgent : [Rc-S] Util | readLineFromFile - loaded list size : 1
2025-05-08 10:30:32.369  SVCAgent : [Rc-S] EFSController | loadEFS - EFS file loading - 
2025-05-08 10:30:32.371  SVCAgent : [Rc-S] EFSController | getVersionType : type 2
2025-05-08 10:30:32.373  SVCAgent : [Rc-S] EFSController | loadEFS - success to load efs
2025-05-08 10:30:32.374  SVCAgent : [Rc-S] EFSController | loadEFS - efs size :  1
2025-05-08 10:30:32.376  SVCAgent : [Rc-S] MainService | transferAgain - Queuing about 1 un-delivered data to transmit---------------------------------------------------------
2025-05-08 10:30:32.378  SVCAgent : [Rc-S] SystemInformation | putFenrirDateField - 2025-05-08 10:30:32
2025-05-08 10:30:32.393  SVCAgent : [Rc-S] Util | isNetworkAvailable - true
2025-05-08 10:30:33.069  SVCAgent : [Rc-S] SystemCertificates | setSystemCertificates - finish building SSLSocketFactory
2025-05-08 10:30:33.070  SVCAgent : [Rc-S] FlashLockVerifier | start check
2025-05-08 10:30:33.070  SVCAgent : [Rc-S] FlashLockVerifier | Result : 1
2025-05-08 10:30:33.070  SVCAgent : [Rc-S] SystemInformationBuilder | replace - success
2025-05-08 10:30:33.071  SVCAgent : [Rc-S] SystemInformation | getString - fenrirID key has no value!!!
2025-05-08 10:30:33.071  SVCAgent : [Rc-S] ServerManager | post - Ready to send information to server.
2025-05-08 10:30:33.072  SVCAgent : [Rc-S] MainService | transferAgain - Queuing un-delivered data is finished-------------------------------------------------------------------
2025-05-08 10:30:33.080  SVCAgent : [Rc-S] ServerConnector | [8033]waitPreviousTasks - i = 0
2025-05-08 10:30:33.080  SVCAgent : [Rc-S] ServerConnector | [8033]obtainPriorAccessToken
2025-05-08 10:30:33.081  SVCAgent : [Rc-S] ServerConnector | [8033]connectServer - currentIndex : 0
2025-05-08 10:30:33.082  SVCAgent : [Rc-S] ServerConnector | [8033]connectServer - send Device Information to server in 1 times
2025-05-08 10:30:33.083  SVCAgent : [Rc-S] ServerConnector | [8033]printRequestHeader - HTTP Request to : G
2025-05-08 10:30:33.091  SVCAgent : [Rc-S] ServerConnector | [8033]printRequestHeader - HTTP Request Header:
2025-05-08 10:30:33.091  SVCAgent : [Rc-S] ServerConnector | [8033]printRequestHeader - HTTP Request Header: {Accept=[application/json], Authorization=[consumer_id="CE11215BB9353C4C257E", access_token="MTg0NDg2ODU2RGlS", signature="wp7h5gJY4htl3RJ6WM7eIJCs4jo6G5GgHWJiHZFdGAs=", auth_type="SHA-256", cache_use="Y"], Cache-Control=[no-cache], Content-Type=[application/json]}
2025-05-08 10:30:33.424  SVCAgent : [Rc-S] ConnectionJobService | onStartJob - 
2025-05-08 10:30:43.127  SVCAgent : [Rc-S] ServerConnector | doInBackground : java.net.UnknownHostException: Unable to resolve host "dir-apis.samsungdm.com": No address associated with hostname
2025-05-08 10:30:43.132  SVCAgent : [Rc-S] MainService | onReceive - com.samsung.android.service.svcagent.intent_action_stop_service
2025-05-08 10:30:43.134  SVCAgent : [Rc-S] MainService | onReceive - Try to stop service.
2025-05-08 10:30:43.232  SVCAgent : [Rc-S] ConnectionJobService | StartServiceAsyncTask - Run AsyncTask.
2025-05-08 10:30:43.268  SVCAgent : [Rc-S] Util | readLineFromFile - Input file size : 689 bytes
2025-05-08 10:30:43.271  SVCAgent : [Rc-S] Util | readLineFromFile - loaded list size : 1
2025-05-08 10:30:43.348  SVCAgent : [Rc-S] EFSController | getTransferAgainFlag - getTransferAgainFlag - Flag: 1
2025-05-08 10:30:43.353  SVCAgent : [Rc-S] ConnectionJobService | StartServiceAsyncTask - Ignore network change. Service is still running.
2025-05-08 10:30:43.637  SVCAgent : [Rc-S] MainService | handleMessage - No more transmission exists. Close Service.
2025-05-08 10:30:43.654  SVCAgent : [Rc-S] EFSController | cleanEFS - Clean already transmitted data in EFS
2025-05-08 10:30:43.656  SVCAgent : [Rc-S] EFSController | loadEFS - start to load efs
2025-05-08 10:30:43.658  SVCAgent : [Rc-S] Util | readLineFromFile - Input file size : 689 bytes
2025-05-08 10:30:43.659  SVCAgent : [Rc-S] Util | readLineFromFile - loaded list size : 1
2025-05-08 10:30:43.663  SVCAgent : [Rc-S] EFSController | loadEFS - EFS file loading - 
2025-05-08 10:30:43.669  SVCAgent : [Rc-S] EFSController | getVersionType : type 2
2025-05-08 10:30:43.671  SVCAgent : [Rc-S] EFSController | loadEFS - success to load efs
2025-05-08 10:30:43.672  SVCAgent : [Rc-S] EFSController | loadEFS - efs size :  1
2025-05-08 10:30:43.673  SVCAgent : [Rc-S] EFSController | cleanEFS - (1 -> 1) data are cleared.
2025-05-08 10:30:43.679  SVCAgent : [Rc-S] EFSController | EFSController - Delete EFS path
2025-05-08 10:30:43.686  SVCAgent : [Rc-S] Util | writing result - 689 bytes at Thu May 08 10:30:43 GMT+01:00 2025
2025-05-08 10:30:43.689  SVCAgent : [Rc-S] EFSController | makeEFS - Making file is success.
2025-05-08 10:30:43.691  SVCAgent : [Rc-S] EFSController | loadEFS - start to load efs
2025-05-08 10:30:43.692  SVCAgent : [Rc-S] Util | readLineFromFile - Input file size : 689 bytes
2025-05-08 10:30:43.693  SVCAgent : [Rc-S] Util | readLineFromFile - loaded list size : 1
2025-05-08 10:30:43.694  SVCAgent : [Rc-S] EFSController | loadEFS - EFS file loading - 
2025-05-08 10:30:43.695  SVCAgent : [Rc-S] EFSController | getVersionType : type 2
2025-05-08 10:30:43.697  SVCAgent : [Rc-S] EFSController | loadEFS - success to load efs
2025-05-08 10:30:43.698  SVCAgent : [Rc-S] EFSController | loadEFS - efs size :  1
2025-05-08 10:30:43.701  SVCAgent : [Rc-S] EFSController | EFSController - Delete EFS path
2025-05-08 10:30:43.710  SVCAgent : [Rc-S] Util | writing result - 689 bytes at Thu May 08 10:30:43 GMT+01:00 2025
2025-05-08 10:30:43.712  SVCAgent : [Rc-S] EFSController | makeEFSBackUp - Making backup file is success.
2025-05-08 10:30:43.720  SVCAgent : [Rc-S] ConnectionJobService | scheduleJobService - JobService scheduling is success
2025-05-08 10:30:43.722  SVCAgent : [Rc-S] MainService | onDestroy - Service is closed
2025-05-08 10:30:50.122  SVCAgent : [Rc-S] ConnectionJobService | onStartJob - 
2025-05-08 10:30:50.124  SVCAgent : [Rc-S] ConnectionJobService | StartServiceAsyncTask - Run AsyncTask.
2025-05-08 10:30:50.125  SVCAgent : [Rc-S] Util | readLineFromFile - Input file size : 689 bytes
2025-05-08 10:30:50.126  SVCAgent : [Rc-S] Util | readLineFromFile - loaded list size : 1
2025-05-08 10:30:50.133  SVCAgent : [Rc-S] EFSController | getTransferAgainFlag - getTransferAgainFlag - Flag: 1
2025-05-08 10:30:50.137  SVCAgent : [Rc-S] ConnectionJobService | StartServiceAsyncTask - Network change intent received. Try to transfer system information again.
2025-05-08 10:30:50.151  SVCAgent : [Rc-S] Util | isMyServiceRunning - Service does not exist
2025-05-08 10:30:50.165  SVCAgent : [Rc-S] Util | launchService.
2025-05-08 10:30:50.167  SVCAgent : [Rc-S] Util | SDK Version 33.
2025-05-08 10:30:50.169  SVCAgent : [Rc-S] Util | SDK Version 33.
2025-05-08 10:30:50.176  SVCAgent : [Rc-S] MainService | onStartCommand - Service is now on
2025-05-08 10:30:50.982  SVCAgent : [Rc-S] Util | isMyServiceRunning - Service is running
2025-05-08 10:30:51.084  SVCAgent : [Rc-S] MainService | onReceive - com.samsung.android.service.svcagent.intent_action_transfer_again_MainService
2025-05-08 10:30:51.086  SVCAgent : [Rc-S] EFSController | loadEFS - start to load efs
2025-05-08 10:30:51.088  SVCAgent : [Rc-S] Util | readLineFromFile - Input file size : 689 bytes
2025-05-08 10:30:51.089  SVCAgent : [Rc-S] Util | readLineFromFile - loaded list size : 1
2025-05-08 10:30:51.090  SVCAgent : [Rc-S] EFSController | loadEFS - EFS file loading - 
2025-05-08 10:30:51.096  SVCAgent : [Rc-S] EFSController | getVersionType : type 2
2025-05-08 10:30:51.097  SVCAgent : [Rc-S] EFSController | loadEFS - success to load efs
2025-05-08 10:30:51.098  SVCAgent : [Rc-S] EFSController | loadEFS - efs size :  1
2025-05-08 10:30:51.100  SVCAgent : [Rc-S] MainService | transferAgain - Queuing about 1 un-delivered data to transmit---------------------------------------------------------
2025-05-08 10:30:51.101  SVCAgent : [Rc-S] SystemInformation | putFenrirDateField - 2025-05-08 10:30:51
2025-05-08 10:30:51.104  SVCAgent : [Rc-S] Util | isNetworkAvailable - true
2025-05-08 10:30:51.105  SVCAgent : [Rc-S] FlashLockVerifier | start check
2025-05-08 10:30:51.106  SVCAgent : [Rc-S] FlashLockVerifier | Result : 1
2025-05-08 10:30:51.111  SVCAgent : [Rc-S] SystemInformationBuilder | replace - success
2025-05-08 10:30:51.115  SVCAgent : [Rc-S] SystemInformation | getString - fenrirID key has no value!!!
2025-05-08 10:30:51.116  SVCAgent : [Rc-S] ServerManager | post - Ready to send information to server.
2025-05-08 10:30:51.117  SVCAgent : [Rc-S] MainService | transferAgain - Queuing un-delivered data is finished-------------------------------------------------------------------
2025-05-08 10:30:51.118  SVCAgent : [Rc-S] ServerConnector | [11851]waitPreviousTasks - i = 0
2025-05-08 10:30:51.119  SVCAgent : [Rc-S] ServerConnector | [11851]obtainPriorAccessToken
2025-05-08 10:30:51.123  SVCAgent : [Rc-S] ServerConnector | [11851]connectServer - currentIndex : 0
2025-05-08 10:30:51.127  SVCAgent : [Rc-S] ServerConnector | [11851]connectServer - send Device Information to server in 1 times
2025-05-08 10:30:51.128  SVCAgent : [Rc-S] ServerConnector | [11851]printRequestHeader - HTTP Request to : G
2025-05-08 10:30:51.129  SVCAgent : [Rc-S] ServerConnector | [11851]printRequestHeader - HTTP Request Header:
2025-05-08 10:30:51.129  SVCAgent : [Rc-S] ServerConnector | [11851]printRequestHeader - HTTP Request Header: {Accept=[application/json], Authorization=[consumer_id="CE11215BB9353C4C257E", access_token="MTg0NDg2ODU2RGlS", signature="6jLeHs978xwxLjXdOzz/HXuasR6ehL3tsLaS3tSo4QI=", auth_type="SHA-256", cache_use="Y"], Cache-Control=[no-cache], Content-Type=[application/json]}
2025-05-08 10:30:51.705  SVCAgent : [Rc-S] DailyBgJobService | Job started
2025-05-08 10:30:51.710  SVCAgent : [Rc-S] DailyBgJobService | Daily Transfer Again check
2025-05-08 10:30:51.717  SVCAgent : [Rc-S] Util | readLineFromFile - Input file size : 689 bytes
2025-05-08 10:30:51.718  SVCAgent : [Rc-S] Util | readLineFromFile - loaded list size : 1
2025-05-08 10:30:51.758  SVCAgent : [Rc-S] EFSController | getTransferAgainFlag - getTransferAgainFlag - Flag: 1
2025-05-08 10:30:51.760  SVCAgent : [Rc-S] DailyBgJobService | TransferAgain job started
2025-05-08 10:30:51.764  SVCAgent : [Rc-S] ServerConnector | [11851]executePost - start
2025-05-08 10:30:51.765  SVCAgent : [Rc-S] ServerConnector | [11851]printResponseHeader - HTTP Response Header:
2025-05-08 10:30:51.774  SVCAgent : [Rc-S] Util | isMyServiceRunning - Service is running
2025-05-08 10:30:51.776  SVCAgent : [Rc-S] Util | launchService
2025-05-08 10:30:51.945  SVCAgent : [Rc-S] ServerConnector | [11851]printResponseHeader - {null=[HTTP/1.1 401 ], Access-Control-Allow-Headers=[Authorization, x-xsrf-token, Access-Control-Allow-Headers, Origin, Accept, X-Requested-With, Content-Type, Access-Control-Request-Method, Access-Control-Request-Headers], Access-Control-Allow-Methods=[POST, PUT, GET, OPTIONS, DELETE], Access-Control-Allow-Origin=[*], Access-Control-Max-Age=[3600], access_token=[LTE0NjMxNjYzMzREaVI=], Connection=[keep-alive], Content-Length=[100], Content-Type=[application/json], Date=[Thu, 08 May 2025 09:30:51 GMT], RES_UUID=[6EB1DA3E14CE45AB8EE97B018DB0AFF7], Set-Cookie=[SCOUTER=xc536hpcc61nn; Max-Age=2147483647; Expires=Tue, 26-May-2093 12:44:58 GMT; Path=/], X-Android-Received-Millis=[1746696651945], X-Android-Response-Source=[NETWORK 401], X-Android-Selected-Protocol=[http/1.1], X-Android-Sent-Millis=[1746696651766]}
2025-05-08 10:30:51.947  SVCAgent : [Rc-S] ServerConnector | [11851]verifyResponse - Reported HTTP error Status code - 401
2025-05-08 10:30:51.949  SVCAgent : [Rc-S] ServerConnector | [11851]makeErrorMessage - Error message : {"code":"AUTH_2100","message":"Access Token Expired - The access token in server cache is expired."}
2025-05-08 10:30:51.951  SVCAgent : [Rc-S] ServerConnector | [11851]setFlagsAfterPost - Restart server transfer.
2025-05-08 10:30:51.954  SVCAgent : [Rc-S] ServerConnector | [11851]connectServer - send Device Information to server in 1 times
2025-05-08 10:30:51.957  SVCAgent : [Rc-S] ServerConnector | [11851]printRequestHeader - HTTP Request to : G
2025-05-08 10:30:51.958  SVCAgent : [Rc-S] ServerConnector | [11851]printRequestHeader - HTTP Request Header:
2025-05-08 10:30:51.959  SVCAgent : [Rc-S] ServerConnector | [11851]printRequestHeader - HTTP Request Header: {Accept=[application/json], Authorization=[consumer_id="CE11215BB9353C4C257E", access_token="LTE0NjMxNjYzMzREaVI=", signature="Xh1Xzn4j3lz++VlCn4rlprvEfsewnneha8m2KT+VBIU=", auth_type="SHA-256", cache_use="Y"], Cache-Control=[no-cache], Content-Type=[application/json]}
2025-05-08 10:30:52.113  SVCAgent : [Rc-S] ServerConnector | [11851]executePost - start
2025-05-08 10:30:52.114  SVCAgent : [Rc-S] ServerConnector | [11851]printResponseHeader - HTTP Response Header:
2025-05-08 10:30:52.295  SVCAgent : [Rc-S] MainService | onReceive - com.samsung.android.service.svcagent.intent_action_transfer_again_MainService
2025-05-08 10:30:52.296  SVCAgent : [Rc-S] EFSController | loadEFS - start to load efs
2025-05-08 10:30:52.298  SVCAgent : [Rc-S] Util | readLineFromFile - Input file size : 689 bytes
2025-05-08 10:30:52.300  SVCAgent : [Rc-S] Util | readLineFromFile - loaded list size : 1
2025-05-08 10:30:52.302  SVCAgent : [Rc-S] EFSController | loadEFS - EFS file loading - 
2025-05-08 10:30:52.304  SVCAgent : [Rc-S] EFSController | getVersionType : type 2
2025-05-08 10:30:52.307  SVCAgent : [Rc-S] EFSController | loadEFS - success to load efs
2025-05-08 10:30:52.307  SVCAgent : [Rc-S] EFSController | loadEFS - efs size :  1
2025-05-08 10:30:52.310  SVCAgent : [Rc-S] MainService | transferAgain - Queuing about 1 un-delivered data to transmit---------------------------------------------------------
2025-05-08 10:30:52.313  SVCAgent : [Rc-S] SystemInformation | putFenrirDateField - 2025-05-08 10:30:52
2025-05-08 10:30:52.332  SVCAgent : [Rc-S] Util | isNetworkAvailable - true
2025-05-08 10:30:52.333  SVCAgent : [Rc-S] FlashLockVerifier | start check
2025-05-08 10:30:52.334  SVCAgent : [Rc-S] FlashLockVerifier | Result : 1
2025-05-08 10:30:52.336  SVCAgent : [Rc-S] SystemInformationBuilder | replace - success
2025-05-08 10:30:52.338  SVCAgent : [Rc-S] SystemInformation | getString - fenrirID key has no value!!!
2025-05-08 10:30:52.339  SVCAgent : [Rc-S] ServerManager | post - Ready to send information to server.
2025-05-08 10:30:52.342  SVCAgent : [Rc-S] MainService | transferAgain - Queuing un-delivered data is finished-------------------------------------------------------------------
2025-05-08 10:30:52.351  SVCAgent : [Rc-S] ServerConnector | [11851]printResponseHeader - {null=[HTTP/1.1 200 ], Access-Control-Allow-Headers=[Authorization, x-xsrf-token, Access-Control-Allow-Headers, Origin, Accept, X-Requested-With, Content-Type, Access-Control-Request-Method, Access-Control-Request-Headers], Access-Control-Allow-Methods=[POST, PUT, GET, OPTIONS, DELETE], Access-Control-Allow-Origin=[*], Access-Control-Max-Age=[3600], access_token=[LTE5MDc0MDYyNTVEaVI=], Connection=[keep-alive], Content-Length=[0], Date=[Thu, 08 May 2025 09:30:52 GMT], RES_UUID=[6E80D6C7136B45C8AA6ACA759F1FDEB8], Set-Cookie=[SCOUTER=x457hd2gd1atsn; Max-Age=2147483647; Expires=Tue, 26-May-2093 12:44:59 GMT; Path=/], X-Android-Received-Millis=[1746696652350], X-Android-Response-Source=[NETWORK 200], X-Android-Selected-Protocol=[http/1.1], X-Android-Sent-Millis=[1746696652115]}
2025-05-08 10:30:52.353  SVCAgent : [Rc-S] ServerConnector | [11851]verifyResponse - Server reports success to receive HTTP request.
2025-05-08 10:30:52.375  SVCAgent : [Rc-S] ServerConnector | [11851]setFlagsAfterPost - Success sending Device Information to server
2025-05-08 10:30:52.381  SVCAgent : [Rc-S] ServerConnector | [11851]ServerConnector - SVCAgent success to send data.
2025-05-08 10:30:52.384  SVCAgent : [Rc-S] ServerConnector | afterConnection
2025-05-08 10:30:52.386  SVCAgent : [Rc-S] SystemInformation | getString - fenrirID key has no value!!!
2025-05-08 10:30:52.389  SVCAgent : [Rc-S] EFSController | loadEFS - start to load efs
2025-05-08 10:30:52.390  SVCAgent : [Rc-S] Util | readLineFromFile - Input file size : 689 bytes
2025-05-08 10:30:52.392  SVCAgent : [Rc-S] Util | readLineFromFile - loaded list size : 1
2025-05-08 10:30:52.393  SVCAgent : [Rc-S] EFSController | loadEFS - EFS file loading - 
2025-05-08 10:30:52.394  SVCAgent : [Rc-S] EFSController | getVersionType : type 2
2025-05-08 10:30:52.397  SVCAgent : [Rc-S] EFSController | loadEFS - success to load efs
2025-05-08 10:30:52.398  SVCAgent : [Rc-S] EFSController | loadEFS - efs size :  1
2025-05-08 10:30:52.401  SVCAgent : [Rc-S] EFSController | updateEFS - updated. index : 0
2025-05-08 10:30:52.412  SVCAgent : [Rc-S] EFSController | EFSController - Delete EFS path
2025-05-08 10:30:52.427  SVCAgent : [Rc-S] Util | writing result - 693 bytes at Thu May 08 10:30:52 GMT+01:00 2025
2025-05-08 10:30:52.430  SVCAgent : [Rc-S] EFSController | makeEFS - Making file is success.
2025-05-08 10:30:52.458  SVCAgent : [Rc-S] EFSController | updateEFS - Data is changed
2025-05-08 10:30:52.473  SVCAgent : [Rc-S] MainService | onReceive - com.samsung.android.service.svcagent.intent_action_stop_service
2025-05-08 10:30:52.475  SVCAgent : [Rc-S] MainService | onReceive - Try to stop service.
2025-05-08 10:30:52.501  SVCAgent : [Rc-S] ServerConnector | [50152]waitPreviousTasks - i = 1
2025-05-08 10:30:52.514  SVCAgent : [Rc-S] ServerConnector | [50152]obtainPriorAccessToken
2025-05-08 10:30:52.531  SVCAgent : [Rc-S] ServerConnector | [50152]connectServer - currentIndex : 1
2025-05-08 10:30:52.581  SVCAgent : [Rc-S] ServerConnector | [50152]connectServer - send Device Information to server in 1 times
2025-05-08 10:30:52.582  SVCAgent : [Rc-S] ServerConnector | [50152]printRequestHeader - HTTP Request to : G
2025-05-08 10:30:52.584  SVCAgent : [Rc-S] ServerConnector | [50152]printRequestHeader - HTTP Request Header:
2025-05-08 10:30:52.585  SVCAgent : [Rc-S] ServerConnector | [50152]printRequestHeader - HTTP Request Header: {Accept=[application/json], Authorization=[consumer_id="CE11215BB9353C4C257E", access_token="LTE5MDc0MDYyNTVEaVI=", signature="UI8JE+CcR+cZW8H540PjJrkj6ZkuYH3MpmenbOHGlAA=", auth_type="SHA-256", cache_use="Y"], Cache-Control=[no-cache], Content-Type=[application/json]}
2025-05-08 10:30:52.615  SVCAgent : [Rc-S] ServerConnector | [50152]executePost - start
2025-05-08 10:30:52.618  SVCAgent : [Rc-S] ServerConnector | [50152]printResponseHeader - HTTP Response Header:
2025-05-08 10:30:52.826  SVCAgent : [Rc-S] ServerConnector | [50152]printResponseHeader - {null=[HTTP/1.1 200 ], Access-Control-Allow-Headers=[Authorization, x-xsrf-token, Access-Control-Allow-Headers, Origin, Accept, X-Requested-With, Content-Type, Access-Control-Request-Method, Access-Control-Request-Headers], Access-Control-Allow-Methods=[POST, PUT, GET, OPTIONS, DELETE], Access-Control-Allow-Origin=[*], Access-Control-Max-Age=[3600], access_token=[MTMyMjA4MDUxN0RpUg==], Connection=[keep-alive], Content-Length=[0], Date=[Thu, 08 May 2025 09:30:52 GMT], RES_UUID=[DA36B9D92B894FCEABB1D138EF8B96E8], Set-Cookie=[SCOUTER=x4fl4rdfsj93km; Max-Age=2147483647; Expires=Tue, 26-May-2093 12:44:59 GMT; Path=/], X-Android-Received-Millis=[1746696652825], X-Android-Response-Source=[NETWORK 200], X-Android-Selected-Protocol=[http/1.1], X-Android-Sent-Millis=[1746696652619]}
2025-05-08 10:30:52.844  SVCAgent : [Rc-S] ServerConnector | [50152]verifyResponse - Server reports success to receive HTTP request.
2025-05-08 10:30:52.846  SVCAgent : [Rc-S] ServerConnector | [50152]setFlagsAfterPost - Success sending Device Information to server
2025-05-08 10:30:52.848  SVCAgent : [Rc-S] ServerConnector | [50152]ServerConnector - SVCAgent success to send data.
2025-05-08 10:30:52.850  SVCAgent : [Rc-S] ServerConnector | afterConnection
2025-05-08 10:30:52.851  SVCAgent : [Rc-S] SystemInformation | getString - fenrirID key has no value!!!
2025-05-08 10:30:52.853  SVCAgent : [Rc-S] EFSController | loadEFS - start to load efs
2025-05-08 10:30:52.888  SVCAgent : [Rc-S] Util | readLineFromFile - Input file size : 693 bytes
2025-05-08 10:30:52.889  SVCAgent : [Rc-S] Util | readLineFromFile - loaded list size : 1
2025-05-08 10:30:52.939  SVCAgent : [Rc-S] EFSController | loadEFS - EFS file loading - 
2025-05-08 10:30:52.940  SVCAgent : [Rc-S] EFSController | getVersionType : type 2
2025-05-08 10:30:52.976  SVCAgent : [Rc-S] MainService | handleMessage - SVCAgent is still running for transmission. Service will be closed after 1 sec
2025-05-08 10:30:52.979  SVCAgent : [Rc-S] EFSController | loadEFS - success to load efs
2025-05-08 10:30:52.980  SVCAgent : [Rc-S] EFSController | loadEFS - efs size :  1
2025-05-08 10:30:52.980  SVCAgent : [Rc-S] EFSController | updateEFS - updated. index : 0
2025-05-08 10:30:52.992  SVCAgent : [Rc-S] EFSController | EFSController - Delete EFS path
2025-05-08 10:30:53.020  SVCAgent : [Rc-S] Util | writing result - 693 bytes at Thu May 08 10:30:52 GMT+01:00 2025
2025-05-08 10:30:53.050  SVCAgent : [Rc-S] EFSController | makeEFS - Making file is success.
2025-05-08 10:30:53.067  SVCAgent : [Rc-S] EFSController | updateEFS - Data is changed
2025-05-08 10:30:53.072  SVCAgent : [Rc-S] MainService | onReceive - com.samsung.android.service.svcagent.intent_action_stop_service
2025-05-08 10:30:53.073  SVCAgent : [Rc-S] MainService | onReceive - Try to stop service.
2025-05-08 10:30:53.575  SVCAgent : [Rc-S] MainService | handleMessage - No more transmission exists. Close Service.
2025-05-08 10:30:53.587  SVCAgent : [Rc-S] EFSController | cleanEFS - Clean already transmitted data in EFS
2025-05-08 10:30:53.589  SVCAgent : [Rc-S] EFSController | loadEFS - start to load efs
2025-05-08 10:30:53.590  SVCAgent : [Rc-S] Util | readLineFromFile - Input file size : 693 bytes
2025-05-08 10:30:53.592  SVCAgent : [Rc-S] Util | readLineFromFile - loaded list size : 1
2025-05-08 10:30:53.593  SVCAgent : [Rc-S] EFSController | loadEFS - EFS file loading - 
2025-05-08 10:30:53.595  SVCAgent : [Rc-S] EFSController | getVersionType : type 2
2025-05-08 10:30:53.619  SVCAgent : [Rc-S] EFSController | loadEFS - success to load efs
2025-05-08 10:30:53.620  SVCAgent : [Rc-S] EFSController | loadEFS - efs size :  1
2025-05-08 10:30:53.626  SVCAgent : [Rc-S] EFSController | cleanEFS - (1 -> 1) data are cleared.
2025-05-08 10:30:53.630  SVCAgent : [Rc-S] EFSController | EFSController - Delete EFS path
2025-05-08 10:30:53.634  SVCAgent : [Rc-S] Util | writing result - 693 bytes at Thu May 08 10:30:53 GMT+01:00 2025
2025-05-08 10:30:53.637  SVCAgent : [Rc-S] EFSController | makeEFS - Making file is success.
2025-05-08 10:30:53.639  SVCAgent : [Rc-S] EFSController | loadEFS - start to load efs
2025-05-08 10:30:53.641  SVCAgent : [Rc-S] Util | readLineFromFile - Input file size : 693 bytes
2025-05-08 10:30:53.642  SVCAgent : [Rc-S] Util | readLineFromFile - loaded list size : 1
2025-05-08 10:30:53.644  SVCAgent : [Rc-S] EFSController | loadEFS - EFS file loading - 
2025-05-08 10:30:53.645  SVCAgent : [Rc-S] EFSController | getVersionType : type 2
2025-05-08 10:30:53.663  SVCAgent : [Rc-S] EFSController | loadEFS - success to load efs
2025-05-08 10:30:53.665  SVCAgent : [Rc-S] EFSController | loadEFS - efs size :  1
2025-05-08 10:30:53.668  SVCAgent : [Rc-S] EFSController | EFSController - Delete EFS path
2025-05-08 10:30:53.678  SVCAgent : [Rc-S] Util | writing result - 693 bytes at Thu May 08 10:30:53 GMT+01:00 2025
2025-05-08 10:30:53.680  SVCAgent : [Rc-S] EFSController | makeEFSBackUp - Making backup file is success.
2025-05-08 10:30:53.690  SVCAgent : [Rc-S] ConnectionJobService | scheduleJobService - JobService scheduling is success
2025-05-08 10:30:53.692  SVCAgent : [Rc-S] MainService | onDestroy - Service is closed
2025-05-08 10:30:53.701  SVCAgent : [Rc-S] ConnectionJobService | onStartJob - 
2025-05-08 10:30:53.706  SVCAgent : [Rc-S] ConnectionJobService | StartServiceAsyncTask - Run AsyncTask.
2025-05-08 10:30:53.708  SVCAgent : [Rc-S] Util | readLineFromFile - Input file size : 693 bytes
2025-05-08 10:30:53.709  SVCAgent : [Rc-S] Util | readLineFromFile - loaded list size : 1
2025-05-08 10:30:53.711  SVCAgent : [Rc-S] EFSController | getTransferAgainFlag - getTransferAgainFlag - Flag: 0
2025-05-08 10:30:53.713  SVCAgent : [Rc-S] ConnectionJobService | StartServiceAsyncTask - Ignore network change. There is no un-delivered data
2025-05-08 10:30:53.979  SVCAgent : [Rc-S] MainService | handleMessage - No more transmission exists. Close Service.
2025-05-10 15:09:54.274  SVCAgent : [LY-H] DailyBgJobService | Job started
2025-05-10 15:09:54.290  SVCAgent : [LY-H] DailyBgJobService | Daily Transfer Again check
2025-05-10 15:09:54.340  SVCAgent : [LY-H] Util | readLineFromFile - Input file size : 693 bytes
2025-05-10 15:09:54.352  SVCAgent : [LY-H] Util | readLineFromFile - loaded list size : 1
2025-05-10 15:09:54.354  SVCAgent : [LY-H] EFSController | getTransferAgainFlag - getTransferAgainFlag - Flag: 0
2025-05-10 15:09:54.429  SVCAgent : [LY-H] DailyBgJobService | ct : 1746886194363
2025-05-10 15:09:54.430  SVCAgent : [LY-H] DailyBgJobService | lt : 189541516
2025-05-10 15:10:07.655  SVCAgent : [xo-C] DailyBgJobService | Job started
2025-05-10 15:10:07.659  SVCAgent : [xo-C] DailyBgJobService | Daily Transfer Again check
2025-05-10 15:10:07.665  SVCAgent : [xo-C] Util | readLineFromFile - Input file size : 693 bytes
2025-05-10 15:10:07.667  SVCAgent : [xo-C] Util | readLineFromFile - loaded list size : 1
2025-05-10 15:10:07.669  SVCAgent : [xo-C] EFSController | getTransferAgainFlag - getTransferAgainFlag - Flag: 0
2025-05-10 15:10:07.675  SVCAgent : [xo-C] DailyBgJobService | ct : 1746886207669
2025-05-10 15:10:07.676  SVCAgent : [xo-C] DailyBgJobService | lt : 189554822
2025-06-06 21:18:52.343  SVCAgent : [xv-J] BootReceiver | onReceive - Setup Wizard finish signal is delivered.
2025-06-06 21:18:52.346  SVCAgent : [xv-J] BootReceiver | onReceive - send MESSAGE_LAUNCH_SERVICE
2025-06-06 21:18:52.370  SVCAgent : [xv-J] Util | isMyServiceRunning - Service does not exist
2025-06-06 21:18:52.376  SVCAgent : [xv-J] Util | launchService.
2025-06-06 21:18:52.378  SVCAgent : [xv-J] Util | isMyServiceRunning - Service does not exist
2025-06-06 21:18:52.379  SVCAgent : [xv-J] BootReceiver | handleMessage - send MESSAGE_LAUNCH_SERVICE
2025-06-06 21:18:52.380  SVCAgent : [xv-J] BootReceiver | ReceiverHandler sent message.{ when=-34ms what=1 target=com.samsung.android.service.svcagent.BootReceiver$a }
2025-06-06 21:18:52.386  SVCAgent : [xv-J] Util | SDK Version 33.
2025-06-06 21:18:52.387  SVCAgent : [xv-J] Util | SDK Version 33.
2025-06-06 21:18:52.392  SVCAgent : [xv-J] MainService | onStartCommand - Service is now on
2025-06-06 21:18:53.183  SVCAgent : [xv-J] Util | isMyServiceRunning - Service is running
2025-06-06 21:18:53.185  SVCAgent : [xv-J] Util | launchService
2025-06-06 21:18:53.197  SVCAgent : [xv-J] Util | isMyServiceRunning - Service is running
2025-06-06 21:18:53.204  SVCAgent : [xv-J] BootReceiver | handleMessage - remove MESSAGE_LAUNCH_SERVICE
2025-06-06 21:18:53.207  SVCAgent : [xv-J] BootReceiver | ReceiverHandler sent message.{ when=-28ms what=1 target=com.samsung.android.service.svcagent.BootReceiver$a }
2025-06-06 21:18:53.208  SVCAgent : [xv-J] MainService | onReceive - com.samsung.android.service.svcagent.intent_action_start_service
2025-06-06 21:18:53.212  SVCAgent : [xv-J] MainService | onReceive - Start service.
2025-06-06 21:18:53.215  SVCAgent : [xv-J] EFSController | loadEFS - start to load efs
2025-06-06 21:18:53.250  SVCAgent : [xv-J] Util | readLineFromFile - Input file size : 693 bytes
2025-06-06 21:18:53.252  SVCAgent : [xv-J] Util | readLineFromFile - loaded list size : 1
2025-06-06 21:18:53.254  SVCAgent : [xv-J] EFSController | loadEFS - EFS file loading - 
2025-06-06 21:18:53.260  SVCAgent : [xv-J] EFSController | getVersionType : type 2
2025-06-06 21:18:53.263  SVCAgent : [xv-J] EFSController | loadEFS - success to load efs
2025-06-06 21:18:53.266  SVCAgent : [xv-J] EFSController | loadEFS - efs size :  1
2025-06-06 21:18:53.268  SVCAgent : [xv-J] SystemInformationBuilder | retrieveSystemInformation - Start ------------------------------------------------------------------------------------
2025-06-06 21:18:53.789  SVCAgent : [xv-J] SystemInformationBuilder | getUniqueNumber - Obtaining Unique Number from UFS
2025-06-06 21:18:53.794  SVCAgent : [xv-J] SystemInformationBuilder | getModelName - Model Name: SM-A426U1
2025-06-06 21:18:53.795  SVCAgent : [xv-J] SystemInformationBuilder | getCustomerCode - Sales Code from property - XAA
2025-06-06 21:18:53.796  SVCAgent : [xv-J] SystemInformationBuilder | A426U1UEU9EXF3/A426U1OYM9EXF3/A426U1UEU9EXF3
2025-06-06 21:18:53.798  SVCAgent : [xv-J] SystemInformationBuilder | 7.0.00.12
2025-06-06 21:18:53.800  SVCAgent : [xv-J] FlashLockVerifier | start check
2025-06-06 21:18:53.802  SVCAgent : [xv-J] FlashLockVerifier | Result : 1
2025-06-06 21:18:53.804  SVCAgent : [xv-J] SVCAgent - SysFsReader | retrieveSYSFS - Start searching HWs--------------------------------------------------------------
2025-06-06 21:18:53.828  SVCAgent : [xv-J] SVCAgent - SysFsReader | getNodeID - Node - SVC_rear_module3 has no ID, so it will be ignored
2025-06-06 21:18:53.830  SVCAgent : [xv-J] SVCAgent - SysFsReader | getNodeID - Node - SVC_rear_module4 has no ID, so it will be ignored
2025-06-06 21:18:53.831  SVCAgent : [xv-J] SVCAgent - SysFsReader | retrieveSYSFS - No HW node exist in directory : /sys/devices/svc/Camera
2025-06-06 21:18:53.848  SVCAgent : [xv-J] SVCAgent - SysFsReader | getNodeID - Node - SVC_OCTA2 has no ID, so it will be ignored
2025-06-06 21:18:53.849  SVCAgent : [xv-J] SVCAgent - SysFsReader | getNodeID - Node - SVC_OCTA2_CHIPID has no ID, so it will be ignored
2025-06-06 21:18:53.851  SVCAgent : [xv-J] SVCAgent - SysFsReader | getNodeID - Node - SVC_OCTA2_DDI_CHIPID has no ID, so it will be ignored
2025-06-06 21:18:53.852  SVCAgent : [xv-J] SVCAgent - SysFsReader | retrieveSYSFS - No HW node exist in directory : /sys/devices/svc/OCTA
2025-06-06 21:18:53.853  SVCAgent : [xv-J] SVCAgent - SysFsReader | retrieveSYSFS - 8 HWs are found
2025-06-06 21:18:53.855  SVCAgent : [xv-J] SVCAgent - SysFsReader | retrieveSYSFS - End -----------------------------------------------------------------------------
2025-06-06 21:18:53.856  SVCAgent : [xv-J] SystemInformationBuilder | retrieveSystemInformation - End --------------------------------------------------------------------------------------
2025-06-06 21:18:53.857  SVCAgent : [xv-J] MainService | null
2025-06-06 21:18:53.866  SVCAgent : [xv-J] MainService | diffComponents - Current HW ID : SVC_AP is not changed
2025-06-06 21:18:53.868  SVCAgent : [xv-J] MainService | diffComponents - Current HW ID : PBA_2D is not changed
2025-06-06 21:18:53.869  SVCAgent : [xv-J] MainService | diffComponents - Current HW ID : SVC_front_module is not changed
2025-06-06 21:18:53.870  SVCAgent : [xv-J] MainService | diffComponents - Current HW ID : SVC_rear_module is not changed
2025-06-06 21:18:53.871  SVCAgent : [xv-J] MainService | diffComponents - Current HW ID : SVC_rear_module2 is not changed
2025-06-06 21:18:53.872  SVCAgent : [xv-J] MainService | diffComponents - Current HW ID : SVC_OCTA is not changed
2025-06-06 21:18:53.873  SVCAgent : [xv-J] MainService | diffComponents - Current HW ID : SVC_OCTA_CHIPID is not changed
2025-06-06 21:18:53.878  SVCAgent : [xv-J] MainService | diffComponents - Current HW ID : SVC_OCTA_DDI_CHIPID is not changed
2025-06-06 21:18:53.879  SVCAgent : [xv-J] MainService | diffComponents - Current HW ID : changeList skip
2025-06-06 21:18:53.880  SVCAgent : [xv-J] MainService | diffComponents - Current HW ID : repairList skip
2025-06-06 21:18:53.881  SVCAgent : [xv-J] MainService | diffComponents - Current HW ID : prefix skip
2025-06-06 21:18:53.882  SVCAgent : [xv-J] MainService | diffDevices - cannot find any HW changes
2025-06-06 21:18:53.884  SVCAgent : [xv-J] MainService | decideServiceType - Current service type : 
2025-06-06 21:18:53.884  SVCAgent : [xv-J] SystemInformation | setType - 
2025-06-06 21:18:53.898  SVCAgent : [xv-J] SystemInformation | setChangeList - 
2025-06-06 21:18:53.899  SVCAgent : [xv-J] SystemInformation | getString - type key has no value!!!
2025-06-06 21:18:53.901  SVCAgent : [xv-J] MainService | postToServer - Current System Information has no service type value. Perhaps there isn't any HW changes.
2025-06-06 21:18:53.903  SVCAgent : [xv-J] MainService | handleMessage - No more transmission exists. Close Service.
2025-06-06 21:18:53.959  SVCAgent : [xv-J] EFSController | cleanEFS - Clean already transmitted data in EFS
2025-06-06 21:18:53.960  SVCAgent : [xv-J] EFSController | loadEFS - start to load efs
2025-06-06 21:18:53.965  SVCAgent : [xv-J] Util | readLineFromFile - Input file size : 693 bytes
2025-06-06 21:18:53.966  SVCAgent : [xv-J] Util | readLineFromFile - loaded list size : 1
2025-06-06 21:18:53.967  SVCAgent : [xv-J] EFSController | loadEFS - EFS file loading - 
2025-06-06 21:18:53.968  SVCAgent : [xv-J] EFSController | getVersionType : type 2
2025-06-06 21:18:53.969  SVCAgent : [xv-J] EFSController | loadEFS - success to load efs
2025-06-06 21:18:53.970  SVCAgent : [xv-J] EFSController | loadEFS - efs size :  1
2025-06-06 21:18:53.971  SVCAgent : [xv-J] EFSController | cleanEFS - (1 -> 1) data are cleared.
2025-06-06 21:18:54.014  SVCAgent : [xv-J] EFSController | EFSController - Delete EFS path
2025-06-06 21:18:54.021  SVCAgent : [xv-J] Util | writing result - 693 bytes at Fri Jun 06 21:18:54 GMT+01:00 2025
2025-06-06 21:18:54.032  SVCAgent : [xv-J] EFSController | makeEFS - Making file is success.
2025-06-06 21:18:54.037  SVCAgent : [xv-J] EFSController | loadEFS - start to load efs
2025-06-06 21:18:54.038  SVCAgent : [xv-J] Util | readLineFromFile - Input file size : 693 bytes
2025-06-06 21:18:54.039  SVCAgent : [xv-J] Util | readLineFromFile - loaded list size : 1
2025-06-06 21:18:54.040  SVCAgent : [xv-J] EFSController | loadEFS - EFS file loading - 
2025-06-06 21:18:54.041  SVCAgent : [xv-J] EFSController | getVersionType : type 2
2025-06-06 21:18:54.056  SVCAgent : [xv-J] EFSController | loadEFS - success to load efs
2025-06-06 21:18:54.057  SVCAgent : [xv-J] EFSController | loadEFS - efs size :  1
2025-06-06 21:18:54.060  SVCAgent : [xv-J] EFSController | EFSController - Delete EFS path
2025-06-06 21:18:54.106  SVCAgent : [xv-J] Util | writing result - 693 bytes at Fri Jun 06 21:18:54 GMT+01:00 2025
2025-06-06 21:18:54.108  SVCAgent : [xv-J] EFSController | makeEFSBackUp - Making backup file is success.
2025-06-06 21:18:54.118  SVCAgent : [xv-J] ConnectionJobService | scheduleJobService - JobService scheduling is success
2025-06-06 21:18:54.131  SVCAgent : [xv-J] MainService | onDestroy - Service is closed
2025-07-07 23:15:00.116  SVCAgent : [wI-B] BootReceiver | onReceive - Setup Wizard finish signal is delivered.
2025-07-07 23:15:00.119  SVCAgent : [wI-B] BootReceiver | onReceive - send MESSAGE_LAUNCH_SERVICE
2025-07-07 23:15:00.142  SVCAgent : [wI-B] Util | isMyServiceRunning - Service does not exist
2025-07-07 23:15:00.152  SVCAgent : [wI-B] Util | launchService.
2025-07-07 23:15:00.154  SVCAgent : [wI-B] Util | isMyServiceRunning - Service does not exist
2025-07-07 23:15:00.155  SVCAgent : [wI-B] BootReceiver | handleMessage - send MESSAGE_LAUNCH_SERVICE
2025-07-07 23:15:00.156  SVCAgent : [wI-B] BootReceiver | ReceiverHandler sent message.{ when=-37ms what=1 target=com.samsung.android.service.svcagent.BootReceiver$a }
2025-07-07 23:15:00.169  SVCAgent : [wI-B] Util | SDK Version 33.
2025-07-07 23:15:00.171  SVCAgent : [wI-B] Util | SDK Version 33.
2025-07-07 23:15:00.179  SVCAgent : [wI-B] MainService | onStartCommand - Service is now on
2025-07-07 23:15:00.966  SVCAgent : [wI-B] Util | isMyServiceRunning - Service is running
2025-07-07 23:15:00.967  SVCAgent : [wI-B] Util | launchService
2025-07-07 23:15:00.975  SVCAgent : [wI-B] Util | isMyServiceRunning - Service is running
2025-07-07 23:15:00.979  SVCAgent : [wI-B] BootReceiver | handleMessage - remove MESSAGE_LAUNCH_SERVICE
2025-07-07 23:15:00.983  SVCAgent : [wI-B] BootReceiver | ReceiverHandler sent message.{ when=-28ms what=1 target=com.samsung.android.service.svcagent.BootReceiver$a }
2025-07-07 23:15:00.984  SVCAgent : [wI-B] MainService | onReceive - com.samsung.android.service.svcagent.intent_action_start_service
2025-07-07 23:15:00.987  SVCAgent : [wI-B] MainService | onReceive - Start service.
2025-07-07 23:15:00.988  SVCAgent : [wI-B] EFSController | loadEFS - start to load efs
2025-07-07 23:15:01.023  SVCAgent : [wI-B] Util | readLineFromFile - Input file size : 693 bytes
2025-07-07 23:15:01.028  SVCAgent : [wI-B] Util | readLineFromFile - loaded list size : 1
2025-07-07 23:15:01.029  SVCAgent : [wI-B] EFSController | loadEFS - EFS file loading - 
2025-07-07 23:15:01.030  SVCAgent : [wI-B] EFSController | getVersionType : type 2
2025-07-07 23:15:01.032  SVCAgent : [wI-B] EFSController | loadEFS - success to load efs
2025-07-07 23:15:01.032  SVCAgent : [wI-B] EFSController | loadEFS - efs size :  1
2025-07-07 23:15:01.034  SVCAgent : [wI-B] SystemInformationBuilder | retrieveSystemInformation - Start ------------------------------------------------------------------------------------
2025-07-07 23:15:01.545  SVCAgent : [wI-B] SystemInformationBuilder | getUniqueNumber - Obtaining Unique Number from UFS
2025-07-07 23:15:01.551  SVCAgent : [wI-B] SystemInformationBuilder | getModelName - Model Name: SM-A426U1
2025-07-07 23:15:01.552  SVCAgent : [wI-B] SystemInformationBuilder | getCustomerCode - Sales Code from property - XAA
2025-07-07 23:15:01.554  SVCAgent : [wI-B] SystemInformationBuilder | A426U1UEU9EXF3/A426U1OYM9EXF3/A426U1UEU9EXF3
2025-07-07 23:15:01.558  SVCAgent : [wI-B] SystemInformationBuilder | 7.0.00.12
2025-07-07 23:15:01.565  SVCAgent : [wI-B] FlashLockVerifier | start check
2025-07-07 23:15:01.567  SVCAgent : [wI-B] FlashLockVerifier | Result : 1
2025-07-07 23:15:01.568  SVCAgent : [wI-B] SVCAgent - SysFsReader | retrieveSYSFS - Start searching HWs--------------------------------------------------------------
2025-07-07 23:15:01.587  SVCAgent : [wI-B] SVCAgent - SysFsReader | getNodeID - Node - SVC_rear_module3 has no ID, so it will be ignored
2025-07-07 23:15:01.589  SVCAgent : [wI-B] SVCAgent - SysFsReader | getNodeID - Node - SVC_rear_module4 has no ID, so it will be ignored
2025-07-07 23:15:01.591  SVCAgent : [wI-B] SVCAgent - SysFsReader | retrieveSYSFS - No HW node exist in directory : /sys/devices/svc/Camera
2025-07-07 23:15:01.619  SVCAgent : [wI-B] SVCAgent - SysFsReader | getNodeID - Node - SVC_OCTA2 has no ID, so it will be ignored
2025-07-07 23:15:01.648  SVCAgent : [wI-B] SVCAgent - SysFsReader | getNodeID - Node - SVC_OCTA2_CHIPID has no ID, so it will be ignored
2025-07-07 23:15:01.650  SVCAgent : [wI-B] SVCAgent - SysFsReader | getNodeID - Node - SVC_OCTA2_DDI_CHIPID has no ID, so it will be ignored
2025-07-07 23:15:01.652  SVCAgent : [wI-B] SVCAgent - SysFsReader | retrieveSYSFS - No HW node exist in directory : /sys/devices/svc/OCTA
2025-07-07 23:15:01.654  SVCAgent : [wI-B] SVCAgent - SysFsReader | retrieveSYSFS - 8 HWs are found
2025-07-07 23:15:01.679  SVCAgent : [wI-B] SVCAgent - SysFsReader | retrieveSYSFS - End -----------------------------------------------------------------------------
2025-07-07 23:15:01.681  SVCAgent : [wI-B] SystemInformationBuilder | retrieveSystemInformation - End --------------------------------------------------------------------------------------
2025-07-07 23:15:01.682  SVCAgent : [wI-B] MainService | null
2025-07-07 23:15:01.684  SVCAgent : [wI-B] MainService | diffComponents - Current HW ID : SVC_AP is not changed
2025-07-07 23:15:01.685  SVCAgent : [wI-B] MainService | diffComponents - Current HW ID : PBA_2D is not changed
2025-07-07 23:15:01.687  SVCAgent : [wI-B] MainService | diffComponents - Current HW ID : SVC_front_module is not changed
2025-07-07 23:15:01.688  SVCAgent : [wI-B] MainService | diffComponents - Current HW ID : SVC_rear_module is not changed
2025-07-07 23:15:01.690  SVCAgent : [wI-B] MainService | diffComponents - Current HW ID : SVC_rear_module2 is not changed
2025-07-07 23:15:01.692  SVCAgent : [wI-B] MainService | diffComponents - Current HW ID : SVC_OCTA is not changed
2025-07-07 23:15:01.693  SVCAgent : [wI-B] MainService | diffComponents - Current HW ID : SVC_OCTA_CHIPID is not changed
2025-07-07 23:15:01.700  SVCAgent : [wI-B] MainService | diffComponents - Current HW ID : SVC_OCTA_DDI_CHIPID is not changed
2025-07-07 23:15:01.701  SVCAgent : [wI-B] MainService | diffComponents - Current HW ID : changeList skip
2025-07-07 23:15:01.703  SVCAgent : [wI-B] MainService | diffComponents - Current HW ID : repairList skip
2025-07-07 23:15:01.704  SVCAgent : [wI-B] MainService | diffComponents - Current HW ID : prefix skip
2025-07-07 23:15:01.705  SVCAgent : [wI-B] MainService | diffDevices - cannot find any HW changes
2025-07-07 23:15:01.708  SVCAgent : [wI-B] MainService | decideServiceType - Current service type : 
2025-07-07 23:15:01.711  SVCAgent : [wI-B] SystemInformation | setType - 
2025-07-07 23:15:01.712  SVCAgent : [wI-B] SystemInformation | setChangeList - 
2025-07-07 23:15:01.719  SVCAgent : [wI-B] SystemInformation | getString - type key has no value!!!
2025-07-07 23:15:01.722  SVCAgent : [wI-B] MainService | postToServer - Current System Information has no service type value. Perhaps there isn't any HW changes.
2025-07-07 23:15:01.724  SVCAgent : [wI-B] MainService | handleMessage - No more transmission exists. Close Service.
2025-07-07 23:15:01.741  SVCAgent : [wI-B] EFSController | cleanEFS - Clean already transmitted data in EFS
2025-07-07 23:15:01.743  SVCAgent : [wI-B] EFSController | loadEFS - start to load efs
2025-07-07 23:15:01.746  SVCAgent : [wI-B] Util | readLineFromFile - Input file size : 693 bytes
2025-07-07 23:15:01.747  SVCAgent : [wI-B] Util | readLineFromFile - loaded list size : 1
2025-07-07 23:15:01.748  SVCAgent : [wI-B] EFSController | loadEFS - EFS file loading - 
2025-07-07 23:15:01.750  SVCAgent : [wI-B] EFSController | getVersionType : type 2
2025-07-07 23:15:01.752  SVCAgent : [wI-B] EFSController | loadEFS - success to load efs
2025-07-07 23:15:01.753  SVCAgent : [wI-B] EFSController | loadEFS - efs size :  1
2025-07-07 23:15:01.756  SVCAgent : [wI-B] EFSController | cleanEFS - (1 -> 1) data are cleared.
2025-07-07 23:15:01.759  SVCAgent : [wI-B] EFSController | EFSController - Delete EFS path
2025-07-07 23:15:01.783  SVCAgent : [wI-B] Util | writing result - 693 bytes at Mon Jul 07 23:15:01 GMT+01:00 2025
2025-07-07 23:15:01.784  SVCAgent : [wI-B] EFSController | makeEFS - Making file is success.
2025-07-07 23:15:01.785  SVCAgent : [wI-B] EFSController | loadEFS - start to load efs
2025-07-07 23:15:01.794  SVCAgent : [wI-B] Util | readLineFromFile - Input file size : 693 bytes
2025-07-07 23:15:01.795  SVCAgent : [wI-B] Util | readLineFromFile - loaded list size : 1
2025-07-07 23:15:01.796  SVCAgent : [wI-B] EFSController | loadEFS - EFS file loading - 
2025-07-07 23:15:01.797  SVCAgent : [wI-B] EFSController | getVersionType : type 2
2025-07-07 23:15:01.799  SVCAgent : [wI-B] EFSController | loadEFS - success to load efs
2025-07-07 23:15:01.843  SVCAgent : [wI-B] EFSController | loadEFS - efs size :  1
2025-07-07 23:15:01.848  SVCAgent : [wI-B] EFSController | EFSController - Delete EFS path
2025-07-07 23:15:01.869  SVCAgent : [wI-B] Util | writing result - 693 bytes at Mon Jul 07 23:15:01 GMT+01:00 2025
2025-07-07 23:15:01.874  SVCAgent : [wI-B] EFSController | makeEFSBackUp - Making backup file is success.
2025-07-07 23:15:01.891  SVCAgent : [wI-B] ConnectionJobService | scheduleJobService - JobService scheduling is success
2025-07-07 23:15:01.893  SVCAgent : [wI-B] MainService | onDestroy - Service is closed
2025-07-19 14:36:12.454  SVCAgent : [Mq-R] BootReceiver | onReceive - Setup Wizard finish signal is delivered.
2025-07-19 14:36:12.455  SVCAgent : [Mq-R] BootReceiver | onReceive - send MESSAGE_LAUNCH_SERVICE
2025-07-19 14:36:12.477  SVCAgent : [Mq-R] Util | isMyServiceRunning - Service does not exist
2025-07-19 14:36:12.485  SVCAgent : [Mq-R] Util | launchService.
2025-07-19 14:36:12.488  SVCAgent : [Mq-R] Util | isMyServiceRunning - Service does not exist
2025-07-19 14:36:12.489  SVCAgent : [Mq-R] BootReceiver | handleMessage - send MESSAGE_LAUNCH_SERVICE
2025-07-19 14:36:12.490  SVCAgent : [Mq-R] BootReceiver | ReceiverHandler sent message.{ when=-35ms what=1 target=com.samsung.android.service.svcagent.BootReceiver$a }
2025-07-19 14:36:12.497  SVCAgent : [Mq-R] Util | SDK Version 33.
2025-07-19 14:36:12.498  SVCAgent : [Mq-R] Util | SDK Version 33.
2025-07-19 14:36:12.511  SVCAgent : [Mq-R] MainService | onStartCommand - Service is now on
2025-07-19 14:36:13.292  SVCAgent : [Mq-R] Util | isMyServiceRunning - Service is running
2025-07-19 14:36:13.293  SVCAgent : [Mq-R] Util | launchService
2025-07-19 14:36:13.296  SVCAgent : [Mq-R] Util | isMyServiceRunning - Service is running
2025-07-19 14:36:13.301  SVCAgent : [Mq-R] BootReceiver | handleMessage - remove MESSAGE_LAUNCH_SERVICE
2025-07-19 14:36:13.302  SVCAgent : [Mq-R] BootReceiver | ReceiverHandler sent message.{ when=-13ms what=1 target=com.samsung.android.service.svcagent.BootReceiver$a }
2025-07-19 14:36:13.303  SVCAgent : [Mq-R] MainService | onReceive - com.samsung.android.service.svcagent.intent_action_start_service
2025-07-19 14:36:13.304  SVCAgent : [Mq-R] MainService | onReceive - Start service.
2025-07-19 14:36:13.305  SVCAgent : [Mq-R] EFSController | loadEFS - start to load efs
2025-07-19 14:36:13.313  SVCAgent : [Mq-R] Util | readLineFromFile - Input file size : 693 bytes
2025-07-19 14:36:13.314  SVCAgent : [Mq-R] Util | readLineFromFile - loaded list size : 1
2025-07-19 14:36:13.315  SVCAgent : [Mq-R] EFSController | loadEFS - EFS file loading - 
2025-07-19 14:36:13.316  SVCAgent : [Mq-R] EFSController | getVersionType : type 2
2025-07-19 14:36:13.317  SVCAgent : [Mq-R] EFSController | loadEFS - success to load efs
2025-07-19 14:36:13.318  SVCAgent : [Mq-R] EFSController | loadEFS - efs size :  1
2025-07-19 14:36:13.319  SVCAgent : [Mq-R] SystemInformationBuilder | retrieveSystemInformation - Start ------------------------------------------------------------------------------------
2025-07-19 14:36:13.835  SVCAgent : [Mq-R] SystemInformationBuilder | getUniqueNumber - Obtaining Unique Number from UFS
2025-07-19 14:36:13.848  SVCAgent : [Mq-R] SystemInformationBuilder | getModelName - Model Name: SM-A426U1
2025-07-19 14:36:13.849  SVCAgent : [Mq-R] SystemInformationBuilder | getCustomerCode - Sales Code from property - XAA
2025-07-19 14:36:13.849  SVCAgent : [Mq-R] SystemInformationBuilder | A426U1UEU9EXF3/A426U1OYM9EXF3/A426U1UEU9EXF3
2025-07-19 14:36:13.851  SVCAgent : [Mq-R] SystemInformationBuilder | 7.0.00.12
2025-07-19 14:36:13.852  SVCAgent : [Mq-R] FlashLockVerifier | start check
2025-07-19 14:36:13.852  SVCAgent : [Mq-R] FlashLockVerifier | Result : 1
2025-07-19 14:36:13.854  SVCAgent : [Mq-R] SVCAgent - SysFsReader | retrieveSYSFS - Start searching HWs--------------------------------------------------------------
2025-07-19 14:36:13.876  SVCAgent : [Mq-R] SVCAgent - SysFsReader | getNodeID - Node - SVC_rear_module3 has no ID, so it will be ignored
2025-07-19 14:36:13.882  SVCAgent : [Mq-R] SVCAgent - SysFsReader | getNodeID - Node - SVC_rear_module4 has no ID, so it will be ignored
2025-07-19 14:36:13.883  SVCAgent : [Mq-R] SVCAgent - SysFsReader | retrieveSYSFS - No HW node exist in directory : /sys/devices/svc/Camera
2025-07-19 14:36:13.900  SVCAgent : [Mq-R] SVCAgent - SysFsReader | getNodeID - Node - SVC_OCTA2 has no ID, so it will be ignored
2025-07-19 14:36:13.902  SVCAgent : [Mq-R] SVCAgent - SysFsReader | getNodeID - Node - SVC_OCTA2_CHIPID has no ID, so it will be ignored
2025-07-19 14:36:13.903  SVCAgent : [Mq-R] SVCAgent - SysFsReader | getNodeID - Node - SVC_OCTA2_DDI_CHIPID has no ID, so it will be ignored
2025-07-19 14:36:13.905  SVCAgent : [Mq-R] SVCAgent - SysFsReader | retrieveSYSFS - No HW node exist in directory : /sys/devices/svc/OCTA
2025-07-19 14:36:13.906  SVCAgent : [Mq-R] SVCAgent - SysFsReader | retrieveSYSFS - 8 HWs are found
2025-07-19 14:36:13.907  SVCAgent : [Mq-R] SVCAgent - SysFsReader | retrieveSYSFS - End -----------------------------------------------------------------------------
2025-07-19 14:36:13.908  SVCAgent : [Mq-R] SystemInformationBuilder | retrieveSystemInformation - End --------------------------------------------------------------------------------------
2025-07-19 14:36:13.909  SVCAgent : [Mq-R] MainService | null
2025-07-19 14:36:13.911  SVCAgent : [Mq-R] MainService | diffComponents - Current HW ID : SVC_AP is not changed
2025-07-19 14:36:13.912  SVCAgent : [Mq-R] MainService | diffComponents - Current HW ID : PBA_2D is not changed
2025-07-19 14:36:13.913  SVCAgent : [Mq-R] MainService | diffComponents - Current HW ID : SVC_front_module is not changed
2025-07-19 14:36:13.914  SVCAgent : [Mq-R] MainService | diffComponents - Current HW ID : SVC_rear_module is not changed
2025-07-19 14:36:13.915  SVCAgent : [Mq-R] MainService | diffComponents - Current HW ID : SVC_rear_module2 is not changed
2025-07-19 14:36:13.916  SVCAgent : [Mq-R] MainService | diffComponents - Current HW ID : SVC_OCTA is not changed
2025-07-19 14:36:13.918  SVCAgent : [Mq-R] MainService | diffComponents - Current HW ID : SVC_OCTA_CHIPID is not changed
2025-07-19 14:36:13.919  SVCAgent : [Mq-R] MainService | diffComponents - Current HW ID : SVC_OCTA_DDI_CHIPID is not changed
2025-07-19 14:36:13.920  SVCAgent : [Mq-R] MainService | diffComponents - Current HW ID : changeList skip
2025-07-19 14:36:13.921  SVCAgent : [Mq-R] MainService | diffComponents - Current HW ID : repairList skip
2025-07-19 14:36:13.922  SVCAgent : [Mq-R] MainService | diffComponents - Current HW ID : prefix skip
2025-07-19 14:36:13.923  SVCAgent : [Mq-R] MainService | diffDevices - cannot find any HW changes
2025-07-19 14:36:13.925  SVCAgent : [Mq-R] MainService | decideServiceType - Current service type : 
2025-07-19 14:36:13.926  SVCAgent : [Mq-R] SystemInformation | setType - 
2025-07-19 14:36:13.927  SVCAgent : [Mq-R] SystemInformation | setChangeList - 
2025-07-19 14:36:13.928  SVCAgent : [Mq-R] SystemInformation | getString - type key has no value!!!
2025-07-19 14:36:13.929  SVCAgent : [Mq-R] MainService | postToServer - Current System Information has no service type value. Perhaps there isn't any HW changes.
2025-07-19 14:36:13.930  SVCAgent : [Mq-R] MainService | handleMessage - No more transmission exists. Close Service.
2025-07-19 14:36:13.935  SVCAgent : [Mq-R] EFSController | cleanEFS - Clean already transmitted data in EFS
2025-07-19 14:36:13.936  SVCAgent : [Mq-R] EFSController | loadEFS - start to load efs
2025-07-19 14:36:13.937  SVCAgent : [Mq-R] Util | readLineFromFile - Input file size : 693 bytes
2025-07-19 14:36:13.938  SVCAgent : [Mq-R] Util | readLineFromFile - loaded list size : 1
2025-07-19 14:36:13.938  SVCAgent : [Mq-R] EFSController | loadEFS - EFS file loading - 
2025-07-19 14:36:13.939  SVCAgent : [Mq-R] EFSController | getVersionType : type 2
2025-07-19 14:36:13.940  SVCAgent : [Mq-R] EFSController | loadEFS - success to load efs
2025-07-19 14:36:13.940  SVCAgent : [Mq-R] EFSController | loadEFS - efs size :  1
2025-07-19 14:36:13.941  SVCAgent : [Mq-R] EFSController | cleanEFS - (1 -> 1) data are cleared.
2025-07-19 14:36:13.946  SVCAgent : [Mq-R] EFSController | EFSController - Delete EFS path
2025-07-19 14:36:13.952  SVCAgent : [Mq-R] Util | writing result - 693 bytes at Sat Jul 19 14:36:13 GMT+01:00 2025
2025-07-19 14:36:13.953  SVCAgent : [Mq-R] EFSController | makeEFS - Making file is success.
2025-07-19 14:36:13.954  SVCAgent : [Mq-R] EFSController | loadEFS - start to load efs
2025-07-19 14:36:13.955  SVCAgent : [Mq-R] Util | readLineFromFile - Input file size : 693 bytes
2025-07-19 14:36:13.955  SVCAgent : [Mq-R] Util | readLineFromFile - loaded list size : 1
2025-07-19 14:36:13.956  SVCAgent : [Mq-R] EFSController | loadEFS - EFS file loading - 
2025-07-19 14:36:13.956  SVCAgent : [Mq-R] EFSController | getVersionType : type 2
2025-07-19 14:36:13.961  SVCAgent : [Mq-R] EFSController | loadEFS - success to load efs
2025-07-19 14:36:13.961  SVCAgent : [Mq-R] EFSController | loadEFS - efs size :  1
2025-07-19 14:36:13.963  SVCAgent : [Mq-R] EFSController | EFSController - Delete EFS path
2025-07-19 14:36:13.970  SVCAgent : [Mq-R] Util | writing result - 693 bytes at Sat Jul 19 14:36:13 GMT+01:00 2025
2025-07-19 14:36:13.971  SVCAgent : [Mq-R] EFSController | makeEFSBackUp - Making backup file is success.
2025-07-19 14:36:13.975  SVCAgent : [Mq-R] ConnectionJobService | scheduleJobService - JobService scheduling is success
2025-07-19 14:36:13.976  SVCAgent : [Mq-R] MainService | onDestroy - Service is closed
2025-07-22 14:59:58.703  SVCAgent : [lw-A] BootReceiver | onReceive - Setup Wizard finish signal is delivered.
2025-07-22 14:59:58.707  SVCAgent : [lw-A] BootReceiver | onReceive - send MESSAGE_LAUNCH_SERVICE
2025-07-22 14:59:58.742  SVCAgent : [lw-A] Util | isMyServiceRunning - Service does not exist
2025-07-22 14:59:58.751  SVCAgent : [lw-A] Util | launchService.
2025-07-22 14:59:58.755  SVCAgent : [lw-A] Util | isMyServiceRunning - Service does not exist
2025-07-22 14:59:58.756  SVCAgent : [lw-A] BootReceiver | handleMessage - send MESSAGE_LAUNCH_SERVICE
2025-07-22 14:59:58.757  SVCAgent : [lw-A] BootReceiver | ReceiverHandler sent message.{ when=-50ms what=1 target=com.samsung.android.service.svcagent.BootReceiver$a }
2025-07-22 14:59:58.775  SVCAgent : [lw-A] Util | SDK Version 33.
2025-07-22 14:59:58.781  SVCAgent : [lw-A] Util | SDK Version 33.
2025-07-22 14:59:58.791  SVCAgent : [lw-A] MainService | onStartCommand - Service is now on
2025-07-22 14:59:59.557  SVCAgent : [lw-A] Util | isMyServiceRunning - Service is running
2025-07-22 14:59:59.559  SVCAgent : [lw-A] Util | launchService
2025-07-22 14:59:59.560  SVCAgent : [lw-A] Util | isMyServiceRunning - Service is running
2025-07-22 14:59:59.563  SVCAgent : [lw-A] BootReceiver | handleMessage - remove MESSAGE_LAUNCH_SERVICE
2025-07-22 14:59:59.564  SVCAgent : [lw-A] BootReceiver | ReceiverHandler sent message.{ when=-8ms what=1 target=com.samsung.android.service.svcagent.BootReceiver$a }
2025-07-22 14:59:59.564  SVCAgent : [lw-A] MainService | onReceive - com.samsung.android.service.svcagent.intent_action_start_service
2025-07-22 14:59:59.566  SVCAgent : [lw-A] MainService | onReceive - Start service.
2025-07-22 14:59:59.571  SVCAgent : [lw-A] EFSController | loadEFS - start to load efs
2025-07-22 14:59:59.581  SVCAgent : [lw-A] Util | readLineFromFile - Input file size : 693 bytes
2025-07-22 14:59:59.587  SVCAgent : [lw-A] Util | readLineFromFile - loaded list size : 1
2025-07-22 14:59:59.589  SVCAgent : [lw-A] EFSController | loadEFS - EFS file loading - 
2025-07-22 14:59:59.591  SVCAgent : [lw-A] EFSController | getVersionType : type 2
2025-07-22 14:59:59.592  SVCAgent : [lw-A] EFSController | loadEFS - success to load efs
2025-07-22 14:59:59.593  SVCAgent : [lw-A] EFSController | loadEFS - efs size :  1
2025-07-22 14:59:59.594  SVCAgent : [lw-A] SystemInformationBuilder | retrieveSystemInformation - Start ------------------------------------------------------------------------------------
2025-07-22 15:00:00.113  SVCAgent : [lw-A] SystemInformationBuilder | getUniqueNumber - Obtaining Unique Number from UFS
2025-07-22 15:00:00.115  SVCAgent : [lw-A] SystemInformationBuilder | getModelName - Model Name: SM-A426U1
2025-07-22 15:00:00.117  SVCAgent : [lw-A] SystemInformationBuilder | getCustomerCode - Sales Code from property - XAA
2025-07-22 15:00:00.118  SVCAgent : [lw-A] SystemInformationBuilder | A426U1UEU9EXF3/A426U1OYM9EXF3/A426U1UEU9EXF3
2025-07-22 15:00:00.119  SVCAgent : [lw-A] SystemInformationBuilder | 7.0.00.12
2025-07-22 15:00:00.120  SVCAgent : [lw-A] FlashLockVerifier | start check
2025-07-22 15:00:00.121  SVCAgent : [lw-A] FlashLockVerifier | Result : 1
2025-07-22 15:00:00.122  SVCAgent : [lw-A] SVCAgent - SysFsReader | retrieveSYSFS - Start searching HWs--------------------------------------------------------------
2025-07-22 15:00:00.132  SVCAgent : [lw-A] SVCAgent - SysFsReader | getNodeID - Node - SVC_rear_module3 has no ID, so it will be ignored
2025-07-22 15:00:00.134  SVCAgent : [lw-A] SVCAgent - SysFsReader | getNodeID - Node - SVC_rear_module4 has no ID, so it will be ignored
2025-07-22 15:00:00.135  SVCAgent : [lw-A] SVCAgent - SysFsReader | retrieveSYSFS - No HW node exist in directory : /sys/devices/svc/Camera
2025-07-22 15:00:00.143  SVCAgent : [lw-A] SVCAgent - SysFsReader | getNodeID - Node - SVC_OCTA2 has no ID, so it will be ignored
2025-07-22 15:00:00.144  SVCAgent : [lw-A] SVCAgent - SysFsReader | getNodeID - Node - SVC_OCTA2_CHIPID has no ID, so it will be ignored
2025-07-22 15:00:00.146  SVCAgent : [lw-A] SVCAgent - SysFsReader | getNodeID - Node - SVC_OCTA2_DDI_CHIPID has no ID, so it will be ignored
2025-07-22 15:00:00.147  SVCAgent : [lw-A] SVCAgent - SysFsReader | retrieveSYSFS - No HW node exist in directory : /sys/devices/svc/OCTA
2025-07-22 15:00:00.148  SVCAgent : [lw-A] SVCAgent - SysFsReader | retrieveSYSFS - 8 HWs are found
2025-07-22 15:00:00.149  SVCAgent : [lw-A] SVCAgent - SysFsReader | retrieveSYSFS - End -----------------------------------------------------------------------------
2025-07-22 15:00:00.150  SVCAgent : [lw-A] SystemInformationBuilder | retrieveSystemInformation - End --------------------------------------------------------------------------------------
2025-07-22 15:00:00.151  SVCAgent : [lw-A] MainService | null
2025-07-22 15:00:00.152  SVCAgent : [lw-A] MainService | diffComponents - Current HW ID : SVC_AP is not changed
2025-07-22 15:00:00.153  SVCAgent : [lw-A] MainService | diffComponents - Current HW ID : PBA_2D is not changed
2025-07-22 15:00:00.154  SVCAgent : [lw-A] MainService | diffComponents - Current HW ID : SVC_front_module is not changed
2025-07-22 15:00:00.155  SVCAgent : [lw-A] MainService | diffComponents - Current HW ID : SVC_rear_module is not changed
2025-07-22 15:00:00.156  SVCAgent : [lw-A] MainService | diffComponents - Current HW ID : SVC_rear_module2 is not changed
2025-07-22 15:00:00.157  SVCAgent : [lw-A] MainService | diffComponents - Current HW ID : SVC_OCTA is not changed
2025-07-22 15:00:00.158  SVCAgent : [lw-A] MainService | diffComponents - Current HW ID : SVC_OCTA_CHIPID is not changed
2025-07-22 15:00:00.159  SVCAgent : [lw-A] MainService | diffComponents - Current HW ID : SVC_OCTA_DDI_CHIPID is not changed
2025-07-22 15:00:00.160  SVCAgent : [lw-A] MainService | diffComponents - Current HW ID : changeList skip
2025-07-22 15:00:00.161  SVCAgent : [lw-A] MainService | diffComponents - Current HW ID : repairList skip
2025-07-22 15:00:00.162  SVCAgent : [lw-A] MainService | diffComponents - Current HW ID : prefix skip
2025-07-22 15:00:00.163  SVCAgent : [lw-A] MainService | diffDevices - cannot find any HW changes
2025-07-22 15:00:00.164  SVCAgent : [lw-A] MainService | decideServiceType - Current service type : 
2025-07-22 15:00:00.164  SVCAgent : [lw-A] SystemInformation | setType - 
2025-07-22 15:00:00.165  SVCAgent : [lw-A] SystemInformation | setChangeList - 
2025-07-22 15:00:00.166  SVCAgent : [lw-A] SystemInformation | getString - type key has no value!!!
2025-07-22 15:00:00.167  SVCAgent : [lw-A] MainService | postToServer - Current System Information has no service type value. Perhaps there isn't any HW changes.
2025-07-22 15:00:00.168  SVCAgent : [lw-A] MainService | handleMessage - No more transmission exists. Close Service.
2025-07-22 15:00:00.173  SVCAgent : [lw-A] EFSController | cleanEFS - Clean already transmitted data in EFS
2025-07-22 15:00:00.174  SVCAgent : [lw-A] EFSController | loadEFS - start to load efs
2025-07-22 15:00:00.175  SVCAgent : [lw-A] Util | readLineFromFile - Input file size : 693 bytes
2025-07-22 15:00:00.175  SVCAgent : [lw-A] Util | readLineFromFile - loaded list size : 1
2025-07-22 15:00:00.176  SVCAgent : [lw-A] EFSController | loadEFS - EFS file loading - 
2025-07-22 15:00:00.177  SVCAgent : [lw-A] EFSController | getVersionType : type 2
2025-07-22 15:00:00.179  SVCAgent : [lw-A] EFSController | loadEFS - success to load efs
2025-07-22 15:00:00.179  SVCAgent : [lw-A] EFSController | loadEFS - efs size :  1
2025-07-22 15:00:00.180  SVCAgent : [lw-A] EFSController | cleanEFS - (1 -> 1) data are cleared.
2025-07-22 15:00:00.182  SVCAgent : [lw-A] EFSController | EFSController - Delete EFS path
2025-07-22 15:00:00.190  SVCAgent : [lw-A] Util | writing result - 693 bytes at Tue Jul 22 15:00:00 GMT+01:00 2025
2025-07-22 15:00:00.191  SVCAgent : [lw-A] EFSController | makeEFS - Making file is success.
2025-07-22 15:00:00.192  SVCAgent : [lw-A] EFSController | loadEFS - start to load efs
2025-07-22 15:00:00.192  SVCAgent : [lw-A] Util | readLineFromFile - Input file size : 693 bytes
2025-07-22 15:00:00.193  SVCAgent : [lw-A] Util | readLineFromFile - loaded list size : 1
2025-07-22 15:00:00.194  SVCAgent : [lw-A] EFSController | loadEFS - EFS file loading - 
2025-07-22 15:00:00.194  SVCAgent : [lw-A] EFSController | getVersionType : type 2
2025-07-22 15:00:00.195  SVCAgent : [lw-A] EFSController | loadEFS - success to load efs
2025-07-22 15:00:00.195  SVCAgent : [lw-A] EFSController | loadEFS - efs size :  1
2025-07-22 15:00:00.196  SVCAgent : [lw-A] EFSController | EFSController - Delete EFS path
2025-07-22 15:00:00.235  SVCAgent : [lw-A] Util | writing result - 693 bytes at Tue Jul 22 15:00:00 GMT+01:00 2025
2025-07-22 15:00:00.236  SVCAgent : [lw-A] EFSController | makeEFSBackUp - Making backup file is success.
2025-07-22 15:00:00.244  SVCAgent : [lw-A] ConnectionJobService | scheduleJobService - JobService scheduling is success
2025-07-22 15:00:00.244  SVCAgent : [lw-A] MainService | onDestroy - Service is closed
2025-08-06 22:58:22.322  SVCAgent : [yy-W] BootReceiver | onReceive - Setup Wizard finish signal is delivered.
2025-08-06 22:58:22.329  SVCAgent : [yy-W] BootReceiver | onReceive - send MESSAGE_LAUNCH_SERVICE
2025-08-06 22:58:22.362  SVCAgent : [yy-W] Util | isMyServiceRunning - Service does not exist
2025-08-06 22:58:22.368  SVCAgent : [yy-W] Util | launchService.
2025-08-06 22:58:22.371  SVCAgent : [yy-W] Util | isMyServiceRunning - Service does not exist
2025-08-06 22:58:22.372  SVCAgent : [yy-W] BootReceiver | handleMessage - send MESSAGE_LAUNCH_SERVICE
2025-08-06 22:58:22.374  SVCAgent : [yy-W] BootReceiver | ReceiverHandler sent message.{ when=-44ms what=1 target=com.samsung.android.service.svcagent.BootReceiver$a }
2025-08-06 22:58:22.385  SVCAgent : [yy-W] Util | SDK Version 33.
2025-08-06 22:58:22.386  SVCAgent : [yy-W] Util | SDK Version 33.
2025-08-06 22:58:22.397  SVCAgent : [yy-W] MainService | onStartCommand - Service is now on
2025-08-06 22:58:23.188  SVCAgent : [yy-W] Util | isMyServiceRunning - Service is running
2025-08-06 22:58:23.191  SVCAgent : [yy-W] Util | launchService
2025-08-06 22:58:23.193  SVCAgent : [yy-W] Util | isMyServiceRunning - Service is running
2025-08-06 22:58:23.205  SVCAgent : [yy-W] BootReceiver | handleMessage - remove MESSAGE_LAUNCH_SERVICE
2025-08-06 22:58:23.206  SVCAgent : [yy-W] BootReceiver | ReceiverHandler sent message.{ when=-34ms what=1 target=com.samsung.android.service.svcagent.BootReceiver$a }
2025-08-06 22:58:23.207  SVCAgent : [yy-W] MainService | onReceive - com.samsung.android.service.svcagent.intent_action_start_service
2025-08-06 22:58:23.211  SVCAgent : [yy-W] MainService | onReceive - Start service.
2025-08-06 22:58:23.213  SVCAgent : [yy-W] EFSController | loadEFS - start to load efs
2025-08-06 22:58:23.243  SVCAgent : [yy-W] Util | readLineFromFile - Input file size : 693 bytes
2025-08-06 22:58:23.247  SVCAgent : [yy-W] Util | readLineFromFile - loaded list size : 1
2025-08-06 22:58:23.248  SVCAgent : [yy-W] EFSController | loadEFS - EFS file loading - 
2025-08-06 22:58:23.249  SVCAgent : [yy-W] EFSController | getVersionType : type 2
2025-08-06 22:58:23.251  SVCAgent : [yy-W] EFSController | loadEFS - success to load efs
2025-08-06 22:58:23.252  SVCAgent : [yy-W] EFSController | loadEFS - efs size :  1
2025-08-06 22:58:23.257  SVCAgent : [yy-W] SystemInformationBuilder | retrieveSystemInformation - Start ------------------------------------------------------------------------------------
2025-08-06 22:58:23.770  SVCAgent : [yy-W] SystemInformationBuilder | getUniqueNumber - Obtaining Unique Number from UFS
2025-08-06 22:58:23.791  SVCAgent : [yy-W] SystemInformationBuilder | getModelName - Model Name: SM-A426U1
2025-08-06 22:58:23.793  SVCAgent : [yy-W] SystemInformationBuilder | getCustomerCode - Sales Code from property - XAA
2025-08-06 22:58:23.794  SVCAgent : [yy-W] SystemInformationBuilder | A426U1UEU9EXF3/A426U1OYM9EXF3/A426U1UEU9EXF3
2025-08-06 22:58:23.800  SVCAgent : [yy-W] SystemInformationBuilder | 7.0.00.12
2025-08-06 22:58:23.801  SVCAgent : [yy-W] FlashLockVerifier | start check
2025-08-06 22:58:23.817  SVCAgent : [yy-W] FlashLockVerifier | Result : 1
2025-08-06 22:58:23.826  SVCAgent : [yy-W] SVCAgent - SysFsReader | retrieveSYSFS - Start searching HWs--------------------------------------------------------------
2025-08-06 22:58:23.845  SVCAgent : [yy-W] SVCAgent - SysFsReader | getNodeID - Node - SVC_rear_module3 has no ID, so it will be ignored
2025-08-06 22:58:23.847  SVCAgent : [yy-W] SVCAgent - SysFsReader | getNodeID - Node - SVC_rear_module4 has no ID, so it will be ignored
2025-08-06 22:58:23.850  SVCAgent : [yy-W] SVCAgent - SysFsReader | retrieveSYSFS - No HW node exist in directory : /sys/devices/svc/Camera
2025-08-06 22:58:23.860  SVCAgent : [yy-W] SVCAgent - SysFsReader | getNodeID - Node - SVC_OCTA2 has no ID, so it will be ignored
2025-08-06 22:58:23.862  SVCAgent : [yy-W] SVCAgent - SysFsReader | getNodeID - Node - SVC_OCTA2_CHIPID has no ID, so it will be ignored
2025-08-06 22:58:23.867  SVCAgent : [yy-W] SVCAgent - SysFsReader | getNodeID - Node - SVC_OCTA2_DDI_CHIPID has no ID, so it will be ignored
2025-08-06 22:58:23.869  SVCAgent : [yy-W] SVCAgent - SysFsReader | retrieveSYSFS - No HW node exist in directory : /sys/devices/svc/OCTA
2025-08-06 22:58:23.870  SVCAgent : [yy-W] SVCAgent - SysFsReader | retrieveSYSFS - 8 HWs are found
2025-08-06 22:58:23.874  SVCAgent : [yy-W] SVCAgent - SysFsReader | retrieveSYSFS - End -----------------------------------------------------------------------------
2025-08-06 22:58:23.877  SVCAgent : [yy-W] SystemInformationBuilder | retrieveSystemInformation - End --------------------------------------------------------------------------------------
2025-08-06 22:58:23.878  SVCAgent : [yy-W] MainService | null
2025-08-06 22:58:23.882  SVCAgent : [yy-W] MainService | diffComponents - Current HW ID : SVC_AP is not changed
2025-08-06 22:58:23.890  SVCAgent : [yy-W] MainService | diffComponents - Current HW ID : PBA_2D is not changed
2025-08-06 22:58:23.903  SVCAgent : [yy-W] MainService | diffComponents - Current HW ID : SVC_front_module is not changed
2025-08-06 22:58:23.904  SVCAgent : [yy-W] MainService | diffComponents - Current HW ID : SVC_rear_module is not changed
2025-08-06 22:58:23.906  SVCAgent : [yy-W] MainService | diffComponents - Current HW ID : SVC_rear_module2 is not changed
2025-08-06 22:58:23.907  SVCAgent : [yy-W] MainService | diffComponents - Current HW ID : SVC_OCTA is not changed
2025-08-06 22:58:23.912  SVCAgent : [yy-W] MainService | diffComponents - Current HW ID : SVC_OCTA_CHIPID is not changed
2025-08-06 22:58:23.914  SVCAgent : [yy-W] MainService | diffComponents - Current HW ID : SVC_OCTA_DDI_CHIPID is not changed
2025-08-06 22:58:23.915  SVCAgent : [yy-W] MainService | diffComponents - Current HW ID : changeList skip
2025-08-06 22:58:23.917  SVCAgent : [yy-W] MainService | diffComponents - Current HW ID : repairList skip
2025-08-06 22:58:23.919  SVCAgent : [yy-W] MainService | diffComponents - Current HW ID : prefix skip
2025-08-06 22:58:23.921  SVCAgent : [yy-W] MainService | diffDevices - cannot find any HW changes
2025-08-06 22:58:23.923  SVCAgent : [yy-W] MainService | decideServiceType - Current service type : 
2025-08-06 22:58:23.924  SVCAgent : [yy-W] SystemInformation | setType - 
2025-08-06 22:58:23.925  SVCAgent : [yy-W] SystemInformation | setChangeList - 
2025-08-06 22:58:23.927  SVCAgent : [yy-W] SystemInformation | getString - type key has no value!!!
2025-08-06 22:58:23.938  SVCAgent : [yy-W] MainService | postToServer - Current System Information has no service type value. Perhaps there isn't any HW changes.
2025-08-06 22:58:23.940  SVCAgent : [yy-W] MainService | handleMessage - No more transmission exists. Close Service.
2025-08-06 22:58:23.948  SVCAgent : [yy-W] EFSController | cleanEFS - Clean already transmitted data in EFS
2025-08-06 22:58:23.956  SVCAgent : [yy-W] EFSController | loadEFS - start to load efs
2025-08-06 22:58:23.957  SVCAgent : [yy-W] Util | readLineFromFile - Input file size : 693 bytes
2025-08-06 22:58:23.959  SVCAgent : [yy-W] Util | readLineFromFile - loaded list size : 1
2025-08-06 22:58:23.966  SVCAgent : [yy-W] EFSController | loadEFS - EFS file loading - 
2025-08-06 22:58:23.967  SVCAgent : [yy-W] EFSController | getVersionType : type 2
2025-08-06 22:58:23.969  SVCAgent : [yy-W] EFSController | loadEFS - success to load efs
2025-08-06 22:58:23.971  SVCAgent : [yy-W] EFSController | loadEFS - efs size :  1
2025-08-06 22:58:23.972  SVCAgent : [yy-W] EFSController | cleanEFS - (1 -> 1) data are cleared.
2025-08-06 22:58:23.976  SVCAgent : [yy-W] EFSController | EFSController - Delete EFS path
2025-08-06 22:58:23.982  SVCAgent : [yy-W] Util | writing result - 693 bytes at Wed Aug 06 22:58:23 GMT+01:00 2025
2025-08-06 22:58:23.985  SVCAgent : [yy-W] EFSController | makeEFS - Making file is success.
2025-08-06 22:58:23.986  SVCAgent : [yy-W] EFSController | loadEFS - start to load efs
2025-08-06 22:58:23.988  SVCAgent : [yy-W] Util | readLineFromFile - Input file size : 693 bytes
2025-08-06 22:58:23.989  SVCAgent : [yy-W] Util | readLineFromFile - loaded list size : 1
2025-08-06 22:58:23.989  SVCAgent : [yy-W] EFSController | loadEFS - EFS file loading - 
2025-08-06 22:58:23.990  SVCAgent : [yy-W] EFSController | getVersionType : type 2
2025-08-06 22:58:23.992  SVCAgent : [yy-W] EFSController | loadEFS - success to load efs
2025-08-06 22:58:23.992  SVCAgent : [yy-W] EFSController | loadEFS - efs size :  1
2025-08-06 22:58:24.000  SVCAgent : [yy-W] EFSController | EFSController - Delete EFS path
2025-08-06 22:58:24.037  SVCAgent : [yy-W] Util | writing result - 693 bytes at Wed Aug 06 22:58:23 GMT+01:00 2025
2025-08-06 22:58:24.038  SVCAgent : [yy-W] EFSController | makeEFSBackUp - Making backup file is success.
2025-08-06 22:58:24.047  SVCAgent : [yy-W] ConnectionJobService | scheduleJobService - JobService scheduling is success
2025-08-06 22:58:24.048  SVCAgent : [yy-W] MainService | onDestroy - Service is closed
2025-08-09 15:51:20.769  SVCAgent : [qZ-I] BootReceiver | onReceive - Setup Wizard finish signal is delivered.
2025-08-09 15:51:20.785  SVCAgent : [qZ-I] BootReceiver | onReceive - send MESSAGE_LAUNCH_SERVICE
2025-08-09 15:51:20.829  SVCAgent : [qZ-I] Util | isMyServiceRunning - Service does not exist
2025-08-09 15:51:20.845  SVCAgent : [qZ-I] Util | launchService.
2025-08-09 15:51:20.849  SVCAgent : [qZ-I] Util | isMyServiceRunning - Service does not exist
2025-08-09 15:51:20.850  SVCAgent : [qZ-I] BootReceiver | handleMessage - send MESSAGE_LAUNCH_SERVICE
2025-08-09 15:51:20.851  SVCAgent : [qZ-I] BootReceiver | ReceiverHandler sent message.{ when=-66ms what=1 target=com.samsung.android.service.svcagent.BootReceiver$a }
2025-08-09 15:51:20.863  SVCAgent : [qZ-I] Util | SDK Version 33.
2025-08-09 15:51:20.865  SVCAgent : [qZ-I] Util | SDK Version 33.
2025-08-09 15:51:20.872  SVCAgent : [qZ-I] MainService | onStartCommand - Service is now on
2025-08-09 15:51:21.654  SVCAgent : [qZ-I] Util | isMyServiceRunning - Service is running
2025-08-09 15:51:21.655  SVCAgent : [qZ-I] Util | launchService
2025-08-09 15:51:21.658  SVCAgent : [qZ-I] Util | isMyServiceRunning - Service is running
2025-08-09 15:51:21.670  SVCAgent : [qZ-I] BootReceiver | handleMessage - remove MESSAGE_LAUNCH_SERVICE
2025-08-09 15:51:21.671  SVCAgent : [qZ-I] BootReceiver | ReceiverHandler sent message.{ when=-21ms what=1 target=com.samsung.android.service.svcagent.BootReceiver$a }
2025-08-09 15:51:21.675  SVCAgent : [qZ-I] MainService | onReceive - com.samsung.android.service.svcagent.intent_action_start_service
2025-08-09 15:51:21.677  SVCAgent : [qZ-I] MainService | onReceive - Start service.
2025-08-09 15:51:21.678  SVCAgent : [qZ-I] EFSController | loadEFS - start to load efs
2025-08-09 15:51:21.681  SVCAgent : [qZ-I] Util | readLineFromFile - Input file size : 693 bytes
2025-08-09 15:51:21.685  SVCAgent : [qZ-I] Util | readLineFromFile - loaded list size : 1
2025-08-09 15:51:21.686  SVCAgent : [qZ-I] EFSController | loadEFS - EFS file loading - 
2025-08-09 15:51:21.687  SVCAgent : [qZ-I] EFSController | getVersionType : type 2
2025-08-09 15:51:21.689  SVCAgent : [qZ-I] EFSController | loadEFS - success to load efs
2025-08-09 15:51:21.689  SVCAgent : [qZ-I] EFSController | loadEFS - efs size :  1
2025-08-09 15:51:21.690  SVCAgent : [qZ-I] SystemInformationBuilder | retrieveSystemInformation - Start ------------------------------------------------------------------------------------
2025-08-09 15:51:22.204  SVCAgent : [qZ-I] SystemInformationBuilder | getUniqueNumber - Obtaining Unique Number from UFS
2025-08-09 15:51:22.208  SVCAgent : [qZ-I] SystemInformationBuilder | getModelName - Model Name: SM-A426U1
2025-08-09 15:51:22.209  SVCAgent : [qZ-I] SystemInformationBuilder | getCustomerCode - Sales Code from property - XAA
2025-08-09 15:51:22.210  SVCAgent : [qZ-I] SystemInformationBuilder | A426U1UEU9EXF3/A426U1OYM9EXF3/A426U1UEU9EXF3
2025-08-09 15:51:22.219  SVCAgent : [qZ-I] SystemInformationBuilder | 7.0.00.12
2025-08-09 15:51:22.220  SVCAgent : [qZ-I] FlashLockVerifier | start check
2025-08-09 15:51:22.223  SVCAgent : [qZ-I] FlashLockVerifier | Result : 1
2025-08-09 15:51:22.226  SVCAgent : [qZ-I] SVCAgent - SysFsReader | retrieveSYSFS - Start searching HWs--------------------------------------------------------------
2025-08-09 15:51:22.246  SVCAgent : [qZ-I] SVCAgent - SysFsReader | getNodeID - Node - SVC_rear_module3 has no ID, so it will be ignored
2025-08-09 15:51:22.250  SVCAgent : [qZ-I] SVCAgent - SysFsReader | getNodeID - Node - SVC_rear_module4 has no ID, so it will be ignored
2025-08-09 15:51:22.252  SVCAgent : [qZ-I] SVCAgent - SysFsReader | retrieveSYSFS - No HW node exist in directory : /sys/devices/svc/Camera
2025-08-09 15:51:22.261  SVCAgent : [qZ-I] SVCAgent - SysFsReader | getNodeID - Node - SVC_OCTA2 has no ID, so it will be ignored
2025-08-09 15:51:22.263  SVCAgent : [qZ-I] SVCAgent - SysFsReader | getNodeID - Node - SVC_OCTA2_CHIPID has no ID, so it will be ignored
2025-08-09 15:51:22.265  SVCAgent : [qZ-I] SVCAgent - SysFsReader | getNodeID - Node - SVC_OCTA2_DDI_CHIPID has no ID, so it will be ignored
2025-08-09 15:51:22.266  SVCAgent : [qZ-I] SVCAgent - SysFsReader | retrieveSYSFS - No HW node exist in directory : /sys/devices/svc/OCTA
2025-08-09 15:51:22.268  SVCAgent : [qZ-I] SVCAgent - SysFsReader | retrieveSYSFS - 8 HWs are found
2025-08-09 15:51:22.270  SVCAgent : [qZ-I] SVCAgent - SysFsReader | retrieveSYSFS - End -----------------------------------------------------------------------------
2025-08-09 15:51:22.272  SVCAgent : [qZ-I] SystemInformationBuilder | retrieveSystemInformation - End --------------------------------------------------------------------------------------
2025-08-09 15:51:22.273  SVCAgent : [qZ-I] MainService | null
2025-08-09 15:51:22.275  SVCAgent : [qZ-I] MainService | diffComponents - Current HW ID : SVC_AP is not changed
2025-08-09 15:51:22.276  SVCAgent : [qZ-I] MainService | diffComponents - Current HW ID : PBA_2D is not changed
2025-08-09 15:51:22.277  SVCAgent : [qZ-I] MainService | diffComponents - Current HW ID : SVC_front_module is not changed
2025-08-09 15:51:22.278  SVCAgent : [qZ-I] MainService | diffComponents - Current HW ID : SVC_rear_module is not changed
2025-08-09 15:51:22.280  SVCAgent : [qZ-I] MainService | diffComponents - Current HW ID : SVC_rear_module2 is not changed
2025-08-09 15:51:22.281  SVCAgent : [qZ-I] MainService | diffComponents - Current HW ID : SVC_OCTA is not changed
2025-08-09 15:51:22.283  SVCAgent : [qZ-I] MainService | diffComponents - Current HW ID : SVC_OCTA_CHIPID is not changed
2025-08-09 15:51:22.284  SVCAgent : [qZ-I] MainService | diffComponents - Current HW ID : SVC_OCTA_DDI_CHIPID is not changed
2025-08-09 15:51:22.285  SVCAgent : [qZ-I] MainService | diffComponents - Current HW ID : changeList skip
2025-08-09 15:51:22.287  SVCAgent : [qZ-I] MainService | diffComponents - Current HW ID : repairList skip
2025-08-09 15:51:22.288  SVCAgent : [qZ-I] MainService | diffComponents - Current HW ID : prefix skip
2025-08-09 15:51:22.289  SVCAgent : [qZ-I] MainService | diffDevices - cannot find any HW changes
2025-08-09 15:51:22.291  SVCAgent : [qZ-I] MainService | decideServiceType - Current service type : 
2025-08-09 15:51:22.292  SVCAgent : [qZ-I] SystemInformation | setType - 
2025-08-09 15:51:22.292  SVCAgent : [qZ-I] SystemInformation | setChangeList - 
2025-08-09 15:51:22.293  SVCAgent : [qZ-I] SystemInformation | getString - type key has no value!!!
2025-08-09 15:51:22.295  SVCAgent : [qZ-I] MainService | postToServer - Current System Information has no service type value. Perhaps there isn't any HW changes.
2025-08-09 15:51:22.297  SVCAgent : [qZ-I] MainService | handleMessage - No more transmission exists. Close Service.
2025-08-09 15:51:22.304  SVCAgent : [qZ-I] EFSController | cleanEFS - Clean already transmitted data in EFS
2025-08-09 15:51:22.305  SVCAgent : [qZ-I] EFSController | loadEFS - start to load efs
2025-08-09 15:51:22.306  SVCAgent : [qZ-I] Util | readLineFromFile - Input file size : 693 bytes
2025-08-09 15:51:22.307  SVCAgent : [qZ-I] Util | readLineFromFile - loaded list size : 1
2025-08-09 15:51:22.308  SVCAgent : [qZ-I] EFSController | loadEFS - EFS file loading - 
2025-08-09 15:51:22.308  SVCAgent : [qZ-I] EFSController | getVersionType : type 2
2025-08-09 15:51:22.309  SVCAgent : [qZ-I] EFSController | loadEFS - success to load efs
2025-08-09 15:51:22.310  SVCAgent : [qZ-I] EFSController | loadEFS - efs size :  1
2025-08-09 15:51:22.311  SVCAgent : [qZ-I] EFSController | cleanEFS - (1 -> 1) data are cleared.
2025-08-09 15:51:22.313  SVCAgent : [qZ-I] EFSController | EFSController - Delete EFS path
2025-08-09 15:51:22.320  SVCAgent : [qZ-I] Util | writing result - 693 bytes at Sat Aug 09 15:51:22 GMT+01:00 2025
2025-08-09 15:51:22.321  SVCAgent : [qZ-I] EFSController | makeEFS - Making file is success.
2025-08-09 15:51:22.322  SVCAgent : [qZ-I] EFSController | loadEFS - start to load efs
2025-08-09 15:51:22.323  SVCAgent : [qZ-I] Util | readLineFromFile - Input file size : 693 bytes
2025-08-09 15:51:22.324  SVCAgent : [qZ-I] Util | readLineFromFile - loaded list size : 1
2025-08-09 15:51:22.324  SVCAgent : [qZ-I] EFSController | loadEFS - EFS file loading - 
2025-08-09 15:51:22.324  SVCAgent : [qZ-I] EFSController | getVersionType : type 2
2025-08-09 15:51:22.326  SVCAgent : [qZ-I] EFSController | loadEFS - success to load efs
2025-08-09 15:51:22.326  SVCAgent : [qZ-I] EFSController | loadEFS - efs size :  1
2025-08-09 15:51:22.327  SVCAgent : [qZ-I] EFSController | EFSController - Delete EFS path
2025-08-09 15:51:22.333  SVCAgent : [qZ-I] Util | writing result - 693 bytes at Sat Aug 09 15:51:22 GMT+01:00 2025
2025-08-09 15:51:22.334  SVCAgent : [qZ-I] EFSController | makeEFSBackUp - Making backup file is success.
2025-08-09 15:51:22.339  SVCAgent : [qZ-I] ConnectionJobService | scheduleJobService - JobService scheduling is success
2025-08-09 15:51:22.340  SVCAgent : [qZ-I] MainService | onDestroy - Service is closed
2025-08-09 15:52:29.501  SVCAgent : [Pi-P] ConnectionJobService | onStartJob - 
2025-08-09 15:52:29.524  SVCAgent : [Pi-P] ConnectionJobService | StartServiceAsyncTask - Run AsyncTask.
2025-08-09 15:52:29.543  SVCAgent : [Pi-P] Util | readLineFromFile - Input file size : 693 bytes
2025-08-09 15:52:29.557  SVCAgent : [Pi-P] Util | readLineFromFile - loaded list size : 1
2025-08-09 15:52:29.559  SVCAgent : [Pi-P] EFSController | getTransferAgainFlag - getTransferAgainFlag - Flag: 0
2025-08-09 15:52:29.572  SVCAgent : [Pi-P] ConnectionJobService | StartServiceAsyncTask - Ignore network change. There is no un-delivered data
2025-08-09 15:53:11.113  SVCAgent : [qU-K] DailyBgJobService | Job started
2025-08-09 15:53:11.120  SVCAgent : [qU-K] DailyBgJobService | Daily Transfer Again check
2025-08-09 15:53:11.124  SVCAgent : [qU-K] Util | readLineFromFile - Input file size : 693 bytes
2025-08-09 15:53:11.128  SVCAgent : [qU-K] Util | readLineFromFile - loaded list size : 1
2025-08-09 15:53:11.144  SVCAgent : [qU-K] EFSController | getTransferAgainFlag - getTransferAgainFlag - Flag: 0
2025-08-09 15:53:11.176  SVCAgent : [qU-K] DailyBgJobService | ct : 1754751191145
2025-08-09 15:53:11.177  SVCAgent : [qU-K] DailyBgJobService | lt : 8054538298
2025-08-09 15:53:11.179  SVCAgent : [qU-K] DailyBgJobService | lst job started
2025-08-09 15:53:11.192  SVCAgent : [qU-K] Util | isMyServiceRunning - Service does not exist
2025-08-09 15:53:11.199  SVCAgent : [qU-K] Util | launchService.
2025-08-09 15:53:11.216  SVCAgent : [qU-K] Util | SDK Version 33.
2025-08-09 15:53:11.218  SVCAgent : [qU-K] Util | SDK Version 33.
2025-08-09 15:53:11.238  SVCAgent : [qU-K] MainService | onStartCommand - Service is now on
2025-08-09 15:53:11.736  SVCAgent : [qU-K] MainService | onReceive - com.samsung.android.service.svcagent.intent_action_last_command
2025-08-09 15:53:11.737  SVCAgent : [qU-K] EFSController | loadEFS - start to load efs
2025-08-09 15:53:11.743  SVCAgent : [qU-K] Util | readLineFromFile - Input file size : 693 bytes
2025-08-09 15:53:11.744  SVCAgent : [qU-K] Util | readLineFromFile - loaded list size : 1
2025-08-09 15:53:11.745  SVCAgent : [qU-K] EFSController | loadEFS - EFS file loading - 
2025-08-09 15:53:11.746  SVCAgent : [qU-K] EFSController | getVersionType : type 2
2025-08-09 15:53:11.748  SVCAgent : [qU-K] EFSController | loadEFS - success to load efs
2025-08-09 15:53:11.750  SVCAgent : [qU-K] EFSController | loadEFS - efs size :  1
2025-08-09 15:53:11.751  SVCAgent : [qU-K] EFSController | loadEFS - start to load efs
2025-08-09 15:53:11.752  SVCAgent : [qU-K] Util | readLineFromFile - Input file size : 693 bytes
2025-08-09 15:53:11.772  SVCAgent : [qU-K] Util | readLineFromFile - loaded list size : 1
2025-08-09 15:53:11.773  SVCAgent : [qU-K] EFSController | loadEFS - EFS file loading - 
2025-08-09 15:53:11.774  SVCAgent : [qU-K] EFSController | getVersionType : type 2
2025-08-09 15:53:11.775  SVCAgent : [qU-K] EFSController | loadEFS - success to load efs
2025-08-09 15:53:11.776  SVCAgent : [qU-K] EFSController | loadEFS - efs size :  1
2025-08-09 15:53:11.777  SVCAgent : [qU-K] SystemInformation | setType - LST
2025-08-09 15:53:11.779  SVCAgent : [qU-K] MainService | onReceive - LST, DST, CST request complete. Now service will send system information to server.
2025-08-09 15:53:11.780  SVCAgent : [qU-K] SystemInformation | putFenrirDateField - 2025-08-09 15:53:11
2025-08-09 15:53:11.784  SVCAgent : [qU-K] Util | isNetworkAvailable - true
2025-08-09 15:53:12.636  SVCAgent : [qU-K] SystemCertificates | setSystemCertificates - finish building SSLSocketFactory
2025-08-09 15:53:12.638  SVCAgent : [qU-K] FlashLockVerifier | start check
2025-08-09 15:53:12.648  SVCAgent : [qU-K] FlashLockVerifier | Result : 1
2025-08-09 15:53:12.651  SVCAgent : [qU-K] SystemInformationBuilder | replace - success
2025-08-09 15:53:12.664  SVCAgent : [qU-K] SystemInformation | getString - fenrirID key has no value!!!
2025-08-09 15:53:12.682  SVCAgent : [qU-K] ServerManager | post - Ready to send information to server.
2025-08-09 15:53:12.708  SVCAgent : [qU-K] ServerConnector | [70812]waitPreviousTasks - i = 0
2025-08-09 15:53:12.710  SVCAgent : [qU-K] ServerConnector | [70812]obtainPriorAccessToken
2025-08-09 15:53:12.757  SVCAgent : [qU-K] ServerConnector | [70812]connectServer - currentIndex : 0
2025-08-09 15:53:12.758  SVCAgent : [qU-K] ServerConnector | [70812]connectServer - send Device Information to server in 1 times
2025-08-09 15:53:12.764  SVCAgent : [qU-K] ServerConnector | [70812]printRequestHeader - HTTP Request to : G
2025-08-09 15:53:12.769  SVCAgent : [qU-K] ServerConnector | [70812]printRequestHeader - HTTP Request Header:
2025-08-09 15:53:12.771  SVCAgent : [qU-K] ServerConnector | [70812]printRequestHeader - HTTP Request Header: {Accept=[application/json], Authorization=[consumer_id="CE11215BB9353C4C257E", access_token="MTMyMjA4MDUxN0RpUg==", signature="qIbl5q4c1CHYi3uZJf/UTKbvOCo4pPibiD5QXU5wphY=", auth_type="SHA-256", cache_use="Y"], Cache-Control=[no-cache], Content-Type=[application/json]}
2025-08-09 15:53:51.680  SVCAgent : [qU-K] ServerConnector | [70812]executePost - start
2025-08-09 15:53:51.710  SVCAgent : [qU-K] ServerConnector | [70812]printResponseHeader - HTTP Response Header:
2025-08-09 15:53:52.107  SVCAgent : [qU-K] ServerConnector | [70812]printResponseHeader - {null=[HTTP/1.1 401 ], Access-Control-Allow-Headers=[Authorization, x-xsrf-token, Access-Control-Allow-Headers, Origin, Accept, X-Requested-With, Content-Type, Access-Control-Request-Method, Access-Control-Request-Headers], Access-Control-Allow-Methods=[POST, PUT, GET, OPTIONS, DELETE], Access-Control-Allow-Origin=[*], Access-Control-Max-Age=[3600], access_token=[NzUxODAxMDlEaVI=], Connection=[keep-alive], Content-Length=[100], Content-Type=[application/json], Date=[Sat, 09 Aug 2025 14:53:52 GMT], RES_UUID=[00EC05720FE24F03A4D424ED2A2C972A], Set-Cookie=[SCOUTER=z508gdm2o1n7l2; Max-Age=2147483647; Expires=Thu, 27-Aug-2093 18:07:59 GMT; Path=/], X-Android-Received-Millis=[1754751232106], X-Android-Response-Source=[NETWORK 401], X-Android-Selected-Protocol=[http/1.1], X-Android-Sent-Millis=[1754751231712]}
2025-08-09 15:53:52.113  SVCAgent : [qU-K] ServerConnector | [70812]verifyResponse - Reported HTTP error Status code - 401
2025-08-09 15:53:52.115  SVCAgent : [qU-K] ServerConnector | [70812]makeErrorMessage - Error message : {"code":"AUTH_2100","message":"Access Token Expired - The access token in server cache is expired."}
2025-08-09 15:53:52.116  SVCAgent : [qU-K] ServerConnector | [70812]setFlagsAfterPost - Restart server transfer.
2025-08-09 15:53:52.133  SVCAgent : [qU-K] ServerConnector | [70812]connectServer - send Device Information to server in 1 times
2025-08-09 15:53:52.135  SVCAgent : [qU-K] ServerConnector | [70812]printRequestHeader - HTTP Request to : G
2025-08-09 15:53:52.138  SVCAgent : [qU-K] ServerConnector | [70812]printRequestHeader - HTTP Request Header:
2025-08-09 15:53:52.139  SVCAgent : [qU-K] ServerConnector | [70812]printRequestHeader - HTTP Request Header: {Accept=[application/json], Authorization=[consumer_id="CE11215BB9353C4C257E", access_token="NzUxODAxMDlEaVI=", signature="tcdBNOLXybwVmiYneXLSQ/Yq7Svs1iSJAJIdJ9Vs2ek=", auth_type="SHA-256", cache_use="Y"], Cache-Control=[no-cache], Content-Type=[application/json]}
2025-08-09 15:53:52.149  SVCAgent : [qU-K] ServerConnector | [70812]executePost - start
2025-08-09 15:53:52.151  SVCAgent : [qU-K] ServerConnector | [70812]printResponseHeader - HTTP Response Header:
2025-08-09 15:53:56.504  SVCAgent : [qU-K] ServerConnector | [70812]printResponseHeader - {null=[HTTP/1.1 200 ], Access-Control-Allow-Headers=[Authorization, x-xsrf-token, Access-Control-Allow-Headers, Origin, Accept, X-Requested-With, Content-Type, Access-Control-Request-Method, Access-Control-Request-Headers], Access-Control-Allow-Methods=[POST, PUT, GET, OPTIONS, DELETE], Access-Control-Allow-Origin=[*], Access-Control-Max-Age=[3600], access_token=[MTc5NjE2OTU1M0RpUg==], Connection=[keep-alive], Content-Length=[0], Date=[Sat, 09 Aug 2025 14:53:52 GMT], RES_UUID=[C306EA142B964877BFD1D3F5DB0C0108], Set-Cookie=[SCOUTER=z5u0293oojoluh; Max-Age=2147483647; Expires=Thu, 27-Aug-2093 18:07:59 GMT; Path=/], X-Android-Received-Millis=[1754751236504], X-Android-Response-Source=[NETWORK 200], X-Android-Selected-Protocol=[http/1.1], X-Android-Sent-Millis=[1754751232152]}
2025-08-09 15:53:56.507  SVCAgent : [qU-K] ServerConnector | [70812]verifyResponse - Server reports success to receive HTTP request.
2025-08-09 15:53:56.508  SVCAgent : [qU-K] ServerConnector | [70812]setFlagsAfterPost - Success sending Device Information to server
2025-08-09 15:53:56.516  SVCAgent : [qU-K] ServerConnector | [70812]ServerConnector - SVCAgent success to send data.
2025-08-09 15:53:56.517  SVCAgent : [qU-K] ServerConnector | afterConnection
2025-08-09 15:53:56.519  SVCAgent : [qU-K] SystemInformation | getString - fenrirID key has no value!!!
2025-08-09 15:53:56.522  SVCAgent : [qU-K] EFSController | loadEFS - start to load efs
2025-08-09 15:53:56.525  SVCAgent : [qU-K] Util | readLineFromFile - Input file size : 693 bytes
2025-08-09 15:53:56.530  SVCAgent : [qU-K] Util | readLineFromFile - loaded list size : 1
2025-08-09 15:53:56.531  SVCAgent : [qU-K] EFSController | loadEFS - EFS file loading - 
2025-08-09 15:53:56.532  SVCAgent : [qU-K] EFSController | getVersionType : type 2
2025-08-09 15:53:56.534  SVCAgent : [qU-K] EFSController | loadEFS - success to load efs
2025-08-09 15:53:56.535  SVCAgent : [qU-K] EFSController | loadEFS - efs size :  1
2025-08-09 15:53:56.537  SVCAgent : [qU-K] EFSController | updateEFS - updated. index : 0
2025-08-09 15:53:56.544  SVCAgent : [qU-K] EFSController | EFSController - Delete EFS path
2025-08-09 15:53:56.549  SVCAgent : [qU-K] Util | writing result - 690 bytes at Sat Aug 09 15:53:56 GMT+01:00 2025
2025-08-09 15:53:56.551  SVCAgent : [qU-K] EFSController | makeEFS - Making file is success.
2025-08-09 15:53:56.552  SVCAgent : [qU-K] EFSController | updateEFS - Data is changed
2025-08-09 15:53:56.566  SVCAgent : [qU-K] MainService | onReceive - com.samsung.android.service.svcagent.intent_action_stop_service
2025-08-09 15:53:56.568  SVCAgent : [qU-K] MainService | onReceive - Try to stop service.
2025-08-09 15:53:57.071  SVCAgent : [qU-K] MainService | handleMessage - No more transmission exists. Close Service.
2025-08-09 15:53:57.077  SVCAgent : [qU-K] EFSController | cleanEFS - Clean already transmitted data in EFS
2025-08-09 15:53:57.079  SVCAgent : [qU-K] EFSController | loadEFS - start to load efs
2025-08-09 15:53:57.081  SVCAgent : [qU-K] Util | readLineFromFile - Input file size : 690 bytes
2025-08-09 15:53:57.082  SVCAgent : [qU-K] Util | readLineFromFile - loaded list size : 1
2025-08-09 15:53:57.083  SVCAgent : [qU-K] EFSController | loadEFS - EFS file loading - 
2025-08-09 15:53:57.084  SVCAgent : [qU-K] EFSController | getVersionType : type 2
2025-08-09 15:53:57.087  SVCAgent : [qU-K] EFSController | loadEFS - success to load efs
2025-08-09 15:53:57.091  SVCAgent : [qU-K] EFSController | loadEFS - efs size :  1
2025-08-09 15:53:57.093  SVCAgent : [qU-K] EFSController | cleanEFS - (1 -> 1) data are cleared.
2025-08-09 15:53:57.098  SVCAgent : [qU-K] EFSController | EFSController - Delete EFS path
2025-08-09 15:53:57.103  SVCAgent : [qU-K] Util | writing result - 690 bytes at Sat Aug 09 15:53:57 GMT+01:00 2025
2025-08-09 15:53:57.105  SVCAgent : [qU-K] EFSController | makeEFS - Making file is success.
2025-08-09 15:53:57.107  SVCAgent : [qU-K] EFSController | loadEFS - start to load efs
2025-08-09 15:53:57.110  SVCAgent : [qU-K] Util | readLineFromFile - Input file size : 690 bytes
2025-08-09 15:53:57.111  SVCAgent : [qU-K] Util | readLineFromFile - loaded list size : 1
2025-08-09 15:53:57.112  SVCAgent : [qU-K] EFSController | loadEFS - EFS file loading - 
2025-08-09 15:53:57.113  SVCAgent : [qU-K] EFSController | getVersionType : type 2
2025-08-09 15:53:57.116  SVCAgent : [qU-K] EFSController | loadEFS - success to load efs
2025-08-09 15:53:57.117  SVCAgent : [qU-K] EFSController | loadEFS - efs size :  1
2025-08-09 15:53:57.119  SVCAgent : [qU-K] EFSController | EFSController - Delete EFS path
2025-08-09 15:53:57.125  SVCAgent : [qU-K] Util | writing result - 690 bytes at Sat Aug 09 15:53:57 GMT+01:00 2025
2025-08-09 15:53:57.126  SVCAgent : [qU-K] EFSController | makeEFSBackUp - Making backup file is success.
2025-08-09 15:53:57.132  SVCAgent : [qU-K] ConnectionJobService | scheduleJobService - JobService scheduling is success
2025-08-09 15:53:57.134  SVCAgent : [qU-K] MainService | onDestroy - Service is closed
2025-08-09 15:53:57.151  SVCAgent : [qU-K] ConnectionJobService | onStartJob - 
2025-08-09 15:53:57.153  SVCAgent : [qU-K] ConnectionJobService | StartServiceAsyncTask - Run AsyncTask.
2025-08-09 15:53:57.154  SVCAgent : [qU-K] Util | readLineFromFile - Input file size : 690 bytes
2025-08-09 15:53:57.155  SVCAgent : [qU-K] Util | readLineFromFile - loaded list size : 1
2025-08-09 15:53:57.156  SVCAgent : [qU-K] EFSController | getTransferAgainFlag - getTransferAgainFlag - Flag: 0
2025-08-09 15:53:57.160  SVCAgent : [qU-K] ConnectionJobService | StartServiceAsyncTask - Ignore network change. There is no un-delivered data
2025-09-05 11:25:01.399  SVCAgent : [bv-Q] BootReceiver | onReceive - Setup Wizard finish signal is delivered.
2025-09-05 11:25:01.405  SVCAgent : [bv-Q] BootReceiver | onReceive - send MESSAGE_LAUNCH_SERVICE
2025-09-05 11:25:01.444  SVCAgent : [bv-Q] Util | isMyServiceRunning - Service does not exist
2025-09-05 11:25:01.469  SVCAgent : [bv-Q] Util | launchService.
2025-09-05 11:25:01.471  SVCAgent : [bv-Q] Util | isMyServiceRunning - Service does not exist
2025-09-05 11:25:01.472  SVCAgent : [bv-Q] BootReceiver | handleMessage - send MESSAGE_LAUNCH_SERVICE
2025-09-05 11:25:01.473  SVCAgent : [bv-Q] BootReceiver | ReceiverHandler sent message.{ when=-68ms what=1 target=com.samsung.android.service.svcagent.BootReceiver$a }
2025-09-05 11:25:01.562  SVCAgent : [bv-Q] Util | SDK Version 33.
2025-09-05 11:25:01.564  SVCAgent : [bv-Q] Util | SDK Version 33.
2025-09-05 11:25:01.587  SVCAgent : [bv-Q] MainService | onStartCommand - Service is now on
2025-09-05 11:25:02.275  SVCAgent : [bv-Q] Util | isMyServiceRunning - Service is running
2025-09-05 11:25:02.277  SVCAgent : [bv-Q] Util | launchService
2025-09-05 11:25:02.281  SVCAgent : [bv-Q] Util | isMyServiceRunning - Service is running
2025-09-05 11:25:02.293  SVCAgent : [bv-Q] BootReceiver | handleMessage - remove MESSAGE_LAUNCH_SERVICE
2025-09-05 11:25:02.293  SVCAgent : [bv-Q] BootReceiver | ReceiverHandler sent message.{ when=-21ms what=1 target=com.samsung.android.service.svcagent.BootReceiver$a }
2025-09-05 11:25:02.298  SVCAgent : [bv-Q] MainService | onReceive - com.samsung.android.service.svcagent.intent_action_start_service
2025-09-05 11:25:02.300  SVCAgent : [bv-Q] MainService | onReceive - Start service.
2025-09-05 11:25:02.303  SVCAgent : [bv-Q] EFSController | loadEFS - start to load efs
2025-09-05 11:25:02.311  SVCAgent : [bv-Q] Util | readLineFromFile - Input file size : 690 bytes
2025-09-05 11:25:02.315  SVCAgent : [bv-Q] Util | readLineFromFile - loaded list size : 1
2025-09-05 11:25:02.316  SVCAgent : [bv-Q] EFSController | loadEFS - EFS file loading - 
2025-09-05 11:25:02.317  SVCAgent : [bv-Q] EFSController | getVersionType : type 2
2025-09-05 11:25:02.319  SVCAgent : [bv-Q] EFSController | loadEFS - success to load efs
2025-09-05 11:25:02.319  SVCAgent : [bv-Q] EFSController | loadEFS - efs size :  1
2025-09-05 11:25:02.323  SVCAgent : [bv-Q] SystemInformationBuilder | retrieveSystemInformation - Start ------------------------------------------------------------------------------------
2025-09-05 11:25:02.833  SVCAgent : [bv-Q] SystemInformationBuilder | getUniqueNumber - Obtaining Unique Number from UFS
2025-09-05 11:25:02.838  SVCAgent : [bv-Q] SystemInformationBuilder | getModelName - Model Name: SM-A426U1
2025-09-05 11:25:02.839  SVCAgent : [bv-Q] SystemInformationBuilder | getCustomerCode - Sales Code from property - XAA
2025-09-05 11:25:02.839  SVCAgent : [bv-Q] SystemInformationBuilder | A426U1UEU9EXF3/A426U1OYM9EXF3/A426U1UEU9EXF3
2025-09-05 11:25:02.842  SVCAgent : [bv-Q] SystemInformationBuilder | 7.0.00.12
2025-09-05 11:25:02.843  SVCAgent : [bv-Q] FlashLockVerifier | start check
2025-09-05 11:25:02.844  SVCAgent : [bv-Q] FlashLockVerifier | Result : 1
2025-09-05 11:25:02.845  SVCAgent : [bv-Q] SVCAgent - SysFsReader | retrieveSYSFS - Start searching HWs--------------------------------------------------------------
2025-09-05 11:25:02.860  SVCAgent : [bv-Q] SVCAgent - SysFsReader | getNodeID - Node - SVC_rear_module3 has no ID, so it will be ignored
2025-09-05 11:25:02.870  SVCAgent : [bv-Q] SVCAgent - SysFsReader | getNodeID - Node - SVC_rear_module4 has no ID, so it will be ignored
2025-09-05 11:25:02.877  SVCAgent : [bv-Q] SVCAgent - SysFsReader | retrieveSYSFS - No HW node exist in directory : /sys/devices/svc/Camera
2025-09-05 11:25:02.897  SVCAgent : [bv-Q] SVCAgent - SysFsReader | getNodeID - Node - SVC_OCTA2 has no ID, so it will be ignored
2025-09-05 11:25:02.901  SVCAgent : [bv-Q] SVCAgent - SysFsReader | getNodeID - Node - SVC_OCTA2_CHIPID has no ID, so it will be ignored
2025-09-05 11:25:02.903  SVCAgent : [bv-Q] SVCAgent - SysFsReader | getNodeID - Node - SVC_OCTA2_DDI_CHIPID has no ID, so it will be ignored
2025-09-05 11:25:02.906  SVCAgent : [bv-Q] SVCAgent - SysFsReader | retrieveSYSFS - No HW node exist in directory : /sys/devices/svc/OCTA
2025-09-05 11:25:02.910  SVCAgent : [bv-Q] SVCAgent - SysFsReader | retrieveSYSFS - 8 HWs are found
2025-09-05 11:25:02.913  SVCAgent : [bv-Q] SVCAgent - SysFsReader | retrieveSYSFS - End -----------------------------------------------------------------------------
2025-09-05 11:25:02.915  SVCAgent : [bv-Q] SystemInformationBuilder | retrieveSystemInformation - End --------------------------------------------------------------------------------------
2025-09-05 11:25:02.917  SVCAgent : [bv-Q] MainService | null
2025-09-05 11:25:02.920  SVCAgent : [bv-Q] MainService | diffComponents - Current HW ID : SVC_AP is not changed
2025-09-05 11:25:02.922  SVCAgent : [bv-Q] MainService | diffComponents - Current HW ID : PBA_2D is not changed
2025-09-05 11:25:02.925  SVCAgent : [bv-Q] MainService | diffComponents - Current HW ID : SVC_front_module is not changed
2025-09-05 11:25:02.927  SVCAgent : [bv-Q] MainService | diffComponents - Current HW ID : SVC_rear_module is not changed
2025-09-05 11:25:02.929  SVCAgent : [bv-Q] MainService | diffComponents - Current HW ID : SVC_rear_module2 is not changed
2025-09-05 11:25:02.930  SVCAgent : [bv-Q] MainService | diffComponents - Current HW ID : SVC_OCTA is not changed
2025-09-05 11:25:02.931  SVCAgent : [bv-Q] MainService | diffComponents - Current HW ID : SVC_OCTA_CHIPID is not changed
2025-09-05 11:25:02.933  SVCAgent : [bv-Q] MainService | diffComponents - Current HW ID : SVC_OCTA_DDI_CHIPID is not changed
2025-09-05 11:25:02.935  SVCAgent : [bv-Q] MainService | diffComponents - Current HW ID : changeList skip
2025-09-05 11:25:02.936  SVCAgent : [bv-Q] MainService | diffComponents - Current HW ID : repairList skip
2025-09-05 11:25:02.937  SVCAgent : [bv-Q] MainService | diffComponents - Current HW ID : prefix skip
2025-09-05 11:25:02.938  SVCAgent : [bv-Q] MainService | diffDevices - cannot find any HW changes
2025-09-05 11:25:02.939  SVCAgent : [bv-Q] MainService | decideServiceType - Current service type : 
2025-09-05 11:25:02.940  SVCAgent : [bv-Q] SystemInformation | setType - 
2025-09-05 11:25:02.940  SVCAgent : [bv-Q] SystemInformation | setChangeList - 
2025-09-05 11:25:02.941  SVCAgent : [bv-Q] SystemInformation | getString - type key has no value!!!
2025-09-05 11:25:02.942  SVCAgent : [bv-Q] MainService | postToServer - Current System Information has no service type value. Perhaps there isn't any HW changes.
2025-09-05 11:25:02.944  SVCAgent : [bv-Q] MainService | handleMessage - No more transmission exists. Close Service.
2025-09-05 11:25:02.955  SVCAgent : [bv-Q] EFSController | cleanEFS - Clean already transmitted data in EFS
2025-09-05 11:25:02.956  SVCAgent : [bv-Q] EFSController | loadEFS - start to load efs
2025-09-05 11:25:02.957  SVCAgent : [bv-Q] Util | readLineFromFile - Input file size : 690 bytes
2025-09-05 11:25:02.957  SVCAgent : [bv-Q] Util | readLineFromFile - loaded list size : 1
2025-09-05 11:25:02.957  SVCAgent : [bv-Q] EFSController | loadEFS - EFS file loading - 
2025-09-05 11:25:02.958  SVCAgent : [bv-Q] EFSController | getVersionType : type 2
2025-09-05 11:25:02.959  SVCAgent : [bv-Q] EFSController | loadEFS - success to load efs
2025-09-05 11:25:02.959  SVCAgent : [bv-Q] EFSController | loadEFS - efs size :  1
2025-09-05 11:25:02.959  SVCAgent : [bv-Q] EFSController | cleanEFS - (1 -> 1) data are cleared.
2025-09-05 11:25:02.962  SVCAgent : [bv-Q] EFSController | EFSController - Delete EFS path
2025-09-05 11:25:02.965  SVCAgent : [bv-Q] Util | writing result - 690 bytes at Fri Sep 05 11:25:02 GMT+01:00 2025
2025-09-05 11:25:02.966  SVCAgent : [bv-Q] EFSController | makeEFS - Making file is success.
2025-09-05 11:25:02.967  SVCAgent : [bv-Q] EFSController | loadEFS - start to load efs
2025-09-05 11:25:02.968  SVCAgent : [bv-Q] Util | readLineFromFile - Input file size : 690 bytes
2025-09-05 11:25:02.968  SVCAgent : [bv-Q] Util | readLineFromFile - loaded list size : 1
2025-09-05 11:25:02.969  SVCAgent : [bv-Q] EFSController | loadEFS - EFS file loading - 
2025-09-05 11:25:02.969  SVCAgent : [bv-Q] EFSController | getVersionType : type 2
2025-09-05 11:25:02.970  SVCAgent : [bv-Q] EFSController | loadEFS - success to load efs
2025-09-05 11:25:02.970  SVCAgent : [bv-Q] EFSController | loadEFS - efs size :  1
2025-09-05 11:25:02.972  SVCAgent : [bv-Q] EFSController | EFSController - Delete EFS path
2025-09-05 11:25:02.990  SVCAgent : [bv-Q] Util | writing result - 690 bytes at Fri Sep 05 11:25:02 GMT+01:00 2025
2025-09-05 11:25:02.991  SVCAgent : [bv-Q] EFSController | makeEFSBackUp - Making backup file is success.
2025-09-05 11:25:03.001  SVCAgent : [bv-Q] ConnectionJobService | scheduleJobService - JobService scheduling is success
2025-09-05 11:25:03.001  SVCAgent : [bv-Q] MainService | onDestroy - Service is closed
2025-10-04 07:45:39.938  SVCAgent : [Ez-G] BootReceiver | onReceive - Setup Wizard finish signal is delivered.
2025-10-04 07:45:39.956  SVCAgent : [Ez-G] BootReceiver | onReceive - send MESSAGE_LAUNCH_SERVICE
2025-10-04 07:45:40.014  SVCAgent : [Ez-G] Util | isMyServiceRunning - Service does not exist
2025-10-04 07:45:40.048  SVCAgent : [Ez-G] Util | launchService.
2025-10-04 07:45:40.053  SVCAgent : [Ez-G] Util | isMyServiceRunning - Service does not exist
2025-10-04 07:45:40.054  SVCAgent : [Ez-G] BootReceiver | handleMessage - send MESSAGE_LAUNCH_SERVICE
2025-10-04 07:45:40.055  SVCAgent : [Ez-G] BootReceiver | ReceiverHandler sent message.{ when=-99ms what=1 target=com.samsung.android.service.svcagent.BootReceiver$a }
2025-10-04 07:45:40.064  SVCAgent : [Ez-G] Util | SDK Version 33.
2025-10-04 07:45:40.065  SVCAgent : [Ez-G] Util | SDK Version 33.
2025-10-04 07:45:40.086  SVCAgent : [Ez-G] MainService | onStartCommand - Service is now on
2025-10-04 07:45:40.860  SVCAgent : [Ez-G] Util | isMyServiceRunning - Service is running
2025-10-04 07:45:40.861  SVCAgent : [Ez-G] Util | launchService
2025-10-04 07:45:40.866  SVCAgent : [Ez-G] Util | isMyServiceRunning - Service is running
2025-10-04 07:45:40.869  SVCAgent : [Ez-G] BootReceiver | handleMessage - remove MESSAGE_LAUNCH_SERVICE
2025-10-04 07:45:40.870  SVCAgent : [Ez-G] BootReceiver | ReceiverHandler sent message.{ when=-17ms what=1 target=com.samsung.android.service.svcagent.BootReceiver$a }
2025-10-04 07:45:40.873  SVCAgent : [Ez-G] MainService | onReceive - com.samsung.android.service.svcagent.intent_action_start_service
2025-10-04 07:45:40.876  SVCAgent : [Ez-G] MainService | onReceive - Start service.
2025-10-04 07:45:40.877  SVCAgent : [Ez-G] EFSController | loadEFS - start to load efs
2025-10-04 07:45:40.905  SVCAgent : [Ez-G] Util | readLineFromFile - Input file size : 690 bytes
2025-10-04 07:45:40.962  SVCAgent : [Ez-G] Util | readLineFromFile - loaded list size : 1
2025-10-04 07:45:40.966  SVCAgent : [Ez-G] EFSController | loadEFS - EFS file loading - 
2025-10-04 07:45:40.967  SVCAgent : [Ez-G] EFSController | getVersionType : type 2
2025-10-04 07:45:40.968  SVCAgent : [Ez-G] EFSController | loadEFS - success to load efs
2025-10-04 07:45:40.989  SVCAgent : [Ez-G] EFSController | loadEFS - efs size :  1
2025-10-04 07:45:40.990  SVCAgent : [Ez-G] SystemInformationBuilder | retrieveSystemInformation - Start ------------------------------------------------------------------------------------
2025-10-04 07:45:41.501  SVCAgent : [Ez-G] SystemInformationBuilder | getUniqueNumber - Obtaining Unique Number from UFS
2025-10-04 07:45:41.522  SVCAgent : [Ez-G] SystemInformationBuilder | getModelName - Model Name: SM-A426U1
2025-10-04 07:45:41.523  SVCAgent : [Ez-G] SystemInformationBuilder | getCustomerCode - Sales Code from property - XAA
2025-10-04 07:45:41.524  SVCAgent : [Ez-G] SystemInformationBuilder | A426U1UEU9EXF3/A426U1OYM9EXF3/A426U1UEU9EXF3
2025-10-04 07:45:41.525  SVCAgent : [Ez-G] SystemInformationBuilder | 7.0.00.12
2025-10-04 07:45:41.526  SVCAgent : [Ez-G] FlashLockVerifier | start check
2025-10-04 07:45:41.527  SVCAgent : [Ez-G] FlashLockVerifier | Result : 1
2025-10-04 07:45:41.529  SVCAgent : [Ez-G] SVCAgent - SysFsReader | retrieveSYSFS - Start searching HWs--------------------------------------------------------------
2025-10-04 07:45:41.643  SVCAgent : [Ez-G] SVCAgent - SysFsReader | getNodeID - Node - SVC_rear_module3 has no ID, so it will be ignored
2025-10-04 07:45:41.657  SVCAgent : [Ez-G] SVCAgent - SysFsReader | getNodeID - Node - SVC_rear_module4 has no ID, so it will be ignored
2025-10-04 07:45:41.659  SVCAgent : [Ez-G] SVCAgent - SysFsReader | retrieveSYSFS - No HW node exist in directory : /sys/devices/svc/Camera
2025-10-04 07:45:41.756  SVCAgent : [Ez-G] SVCAgent - SysFsReader | getNodeID - Node - SVC_OCTA2 has no ID, so it will be ignored
2025-10-04 07:45:41.759  SVCAgent : [Ez-G] SVCAgent - SysFsReader | getNodeID - Node - SVC_OCTA2_CHIPID has no ID, so it will be ignored
2025-10-04 07:45:41.761  SVCAgent : [Ez-G] SVCAgent - SysFsReader | getNodeID - Node - SVC_OCTA2_DDI_CHIPID has no ID, so it will be ignored
2025-10-04 07:45:41.763  SVCAgent : [Ez-G] SVCAgent - SysFsReader | retrieveSYSFS - No HW node exist in directory : /sys/devices/svc/OCTA
2025-10-04 07:45:41.764  SVCAgent : [Ez-G] SVCAgent - SysFsReader | retrieveSYSFS - 8 HWs are found
2025-10-04 07:45:41.766  SVCAgent : [Ez-G] SVCAgent - SysFsReader | retrieveSYSFS - End -----------------------------------------------------------------------------
2025-10-04 07:45:41.767  SVCAgent : [Ez-G] SystemInformationBuilder | retrieveSystemInformation - End --------------------------------------------------------------------------------------
2025-10-04 07:45:41.768  SVCAgent : [Ez-G] MainService | null
2025-10-04 07:45:41.769  SVCAgent : [Ez-G] MainService | diffComponents - Current HW ID : SVC_AP is not changed
2025-10-04 07:45:41.770  SVCAgent : [Ez-G] MainService | diffComponents - Current HW ID : PBA_2D is not changed
2025-10-04 07:45:41.813  SVCAgent : [Ez-G] MainService | diffComponents - Current HW ID : SVC_front_module is not changed
2025-10-04 07:45:41.814  SVCAgent : [Ez-G] MainService | diffComponents - Current HW ID : SVC_rear_module is not changed
2025-10-04 07:45:41.815  SVCAgent : [Ez-G] MainService | diffComponents - Current HW ID : SVC_rear_module2 is not changed
2025-10-04 07:45:41.816  SVCAgent : [Ez-G] MainService | diffComponents - Current HW ID : SVC_OCTA is not changed
2025-10-04 07:45:41.817  SVCAgent : [Ez-G] MainService | diffComponents - Current HW ID : SVC_OCTA_CHIPID is not changed
2025-10-04 07:45:41.818  SVCAgent : [Ez-G] MainService | diffComponents - Current HW ID : SVC_OCTA_DDI_CHIPID is not changed
2025-10-04 07:45:41.819  SVCAgent : [Ez-G] MainService | diffComponents - Current HW ID : changeList skip
2025-10-04 07:45:41.819  SVCAgent : [Ez-G] MainService | diffComponents - Current HW ID : repairList skip
2025-10-04 07:45:41.820  SVCAgent : [Ez-G] MainService | diffComponents - Current HW ID : prefix skip
2025-10-04 07:45:41.821  SVCAgent : [Ez-G] MainService | diffDevices - cannot find any HW changes
2025-10-04 07:45:41.831  SVCAgent : [Ez-G] MainService | decideServiceType - Current service type : 
2025-10-04 07:45:41.833  SVCAgent : [Ez-G] SystemInformation | setType - 
2025-10-04 07:45:41.842  SVCAgent : [Ez-G] SystemInformation | setChangeList - 
2025-10-04 07:45:41.843  SVCAgent : [Ez-G] SystemInformation | getString - type key has no value!!!
2025-10-04 07:45:41.846  SVCAgent : [Ez-G] MainService | postToServer - Current System Information has no service type value. Perhaps there isn't any HW changes.
2025-10-04 07:45:41.853  SVCAgent : [Ez-G] MainService | handleMessage - No more transmission exists. Close Service.
2025-10-04 07:45:41.870  SVCAgent : [Ez-G] EFSController | cleanEFS - Clean already transmitted data in EFS
2025-10-04 07:45:41.872  SVCAgent : [Ez-G] EFSController | loadEFS - start to load efs
2025-10-04 07:45:41.874  SVCAgent : [Ez-G] Util | readLineFromFile - Input file size : 690 bytes
2025-10-04 07:45:41.892  SVCAgent : [Ez-G] Util | readLineFromFile - loaded list size : 1
2025-10-04 07:45:41.893  SVCAgent : [Ez-G] EFSController | loadEFS - EFS file loading - 
2025-10-04 07:45:41.894  SVCAgent : [Ez-G] EFSController | getVersionType : type 2
2025-10-04 07:45:41.914  SVCAgent : [Ez-G] EFSController | loadEFS - success to load efs
2025-10-04 07:45:41.916  SVCAgent : [Ez-G] EFSController | loadEFS - efs size :  1
2025-10-04 07:45:41.917  SVCAgent : [Ez-G] EFSController | cleanEFS - (1 -> 1) data are cleared.
2025-10-04 07:45:41.924  SVCAgent : [Ez-G] EFSController | EFSController - Delete EFS path
2025-10-04 07:45:41.943  SVCAgent : [Ez-G] Util | writing result - 690 bytes at Sat Oct 04 07:45:41 GMT+01:00 2025
2025-10-04 07:45:41.945  SVCAgent : [Ez-G] EFSController | makeEFS - Making file is success.
2025-10-04 07:45:41.949  SVCAgent : [Ez-G] EFSController | loadEFS - start to load efs
2025-10-04 07:45:41.952  SVCAgent : [Ez-G] Util | readLineFromFile - Input file size : 690 bytes
2025-10-04 07:45:41.954  SVCAgent : [Ez-G] Util | readLineFromFile - loaded list size : 1
2025-10-04 07:45:41.955  SVCAgent : [Ez-G] EFSController | loadEFS - EFS file loading - 
2025-10-04 07:45:41.956  SVCAgent : [Ez-G] EFSController | getVersionType : type 2
2025-10-04 07:45:41.960  SVCAgent : [Ez-G] EFSController | loadEFS - success to load efs
2025-10-04 07:45:41.961  SVCAgent : [Ez-G] EFSController | loadEFS - efs size :  1
2025-10-04 07:45:41.963  SVCAgent : [Ez-G] EFSController | EFSController - Delete EFS path
2025-10-04 07:45:42.026  SVCAgent : [Ez-G] Util | writing result - 690 bytes at Sat Oct 04 07:45:41 GMT+01:00 2025
2025-10-04 07:45:42.027  SVCAgent : [Ez-G] EFSController | makeEFSBackUp - Making backup file is success.
2025-10-04 07:45:42.033  SVCAgent : [Ez-G] ConnectionJobService | scheduleJobService - JobService scheduling is success
2025-10-04 07:45:42.035  SVCAgent : [Ez-G] MainService | onDestroy - Service is closed
2025-10-07 18:44:53.845  SVCAgent : [xN-V] BootReceiver | onReceive - Setup Wizard finish signal is delivered.
2025-10-07 18:44:53.849  SVCAgent : [xN-V] BootReceiver | onReceive - send MESSAGE_LAUNCH_SERVICE
2025-10-07 18:44:53.874  SVCAgent : [xN-V] Util | isMyServiceRunning - Service does not exist
2025-10-07 18:44:53.883  SVCAgent : [xN-V] Util | launchService.
2025-10-07 18:44:53.886  SVCAgent : [xN-V] Util | isMyServiceRunning - Service does not exist
2025-10-07 18:44:53.887  SVCAgent : [xN-V] BootReceiver | handleMessage - send MESSAGE_LAUNCH_SERVICE
2025-10-07 18:44:53.888  SVCAgent : [xN-V] BootReceiver | ReceiverHandler sent message.{ when=-39ms what=1 target=com.samsung.android.service.svcagent.BootReceiver$a }
2025-10-07 18:44:53.895  SVCAgent : [xN-V] Util | SDK Version 33.
2025-10-07 18:44:53.896  SVCAgent : [xN-V] Util | SDK Version 33.
2025-10-07 18:44:53.906  SVCAgent : [xN-V] MainService | onStartCommand - Service is now on
2025-10-07 18:44:54.694  SVCAgent : [xN-V] Util | isMyServiceRunning - Service is running
2025-10-07 18:44:54.696  SVCAgent : [xN-V] Util | launchService
2025-10-07 18:44:54.700  SVCAgent : [xN-V] Util | isMyServiceRunning - Service is running
2025-10-07 18:44:54.706  SVCAgent : [xN-V] BootReceiver | handleMessage - remove MESSAGE_LAUNCH_SERVICE
2025-10-07 18:44:54.707  SVCAgent : [xN-V] BootReceiver | ReceiverHandler sent message.{ when=-20ms what=1 target=com.samsung.android.service.svcagent.BootReceiver$a }
2025-10-07 18:44:54.708  SVCAgent : [xN-V] MainService | onReceive - com.samsung.android.service.svcagent.intent_action_start_service
2025-10-07 18:44:54.710  SVCAgent : [xN-V] MainService | onReceive - Start service.
2025-10-07 18:44:54.712  SVCAgent : [xN-V] EFSController | loadEFS - start to load efs
2025-10-07 18:44:54.721  SVCAgent : [xN-V] Util | readLineFromFile - Input file size : 690 bytes
2025-10-07 18:44:54.727  SVCAgent : [xN-V] Util | readLineFromFile - loaded list size : 1
2025-10-07 18:44:54.729  SVCAgent : [xN-V] EFSController | loadEFS - EFS file loading - 
2025-10-07 18:44:54.731  SVCAgent : [xN-V] EFSController | getVersionType : type 2
2025-10-07 18:44:54.732  SVCAgent : [xN-V] EFSController | loadEFS - success to load efs
2025-10-07 18:44:54.734  SVCAgent : [xN-V] EFSController | loadEFS - efs size :  1
2025-10-07 18:44:54.735  SVCAgent : [xN-V] SystemInformationBuilder | retrieveSystemInformation - Start ------------------------------------------------------------------------------------
2025-10-07 18:44:55.245  SVCAgent : [xN-V] SystemInformationBuilder | getUniqueNumber - Obtaining Unique Number from UFS
2025-10-07 18:44:55.250  SVCAgent : [xN-V] SystemInformationBuilder | getModelName - Model Name: SM-A426U1
2025-10-07 18:44:55.254  SVCAgent : [xN-V] SystemInformationBuilder | getCustomerCode - Sales Code from property - XAA
2025-10-07 18:44:55.255  SVCAgent : [xN-V] SystemInformationBuilder | A426U1UEU9EXF3/A426U1OYM9EXF3/A426U1UEU9EXF3
2025-10-07 18:44:55.258  SVCAgent : [xN-V] SystemInformationBuilder | 7.0.00.12
2025-10-07 18:44:55.261  SVCAgent : [xN-V] FlashLockVerifier | start check
2025-10-07 18:44:55.262  SVCAgent : [xN-V] FlashLockVerifier | Result : 1
2025-10-07 18:44:55.264  SVCAgent : [xN-V] SVCAgent - SysFsReader | retrieveSYSFS - Start searching HWs--------------------------------------------------------------
2025-10-07 18:44:55.293  SVCAgent : [xN-V] SVCAgent - SysFsReader | getNodeID - Node - SVC_rear_module3 has no ID, so it will be ignored
2025-10-07 18:44:55.295  SVCAgent : [xN-V] SVCAgent - SysFsReader | getNodeID - Node - SVC_rear_module4 has no ID, so it will be ignored
2025-10-07 18:44:55.297  SVCAgent : [xN-V] SVCAgent - SysFsReader | retrieveSYSFS - No HW node exist in directory : /sys/devices/svc/Camera
2025-10-07 18:44:55.307  SVCAgent : [xN-V] SVCAgent - SysFsReader | getNodeID - Node - SVC_OCTA2 has no ID, so it will be ignored
2025-10-07 18:44:55.309  SVCAgent : [xN-V] SVCAgent - SysFsReader | getNodeID - Node - SVC_OCTA2_CHIPID has no ID, so it will be ignored
2025-10-07 18:44:55.313  SVCAgent : [xN-V] SVCAgent - SysFsReader | getNodeID - Node - SVC_OCTA2_DDI_CHIPID has no ID, so it will be ignored
2025-10-07 18:44:55.314  SVCAgent : [xN-V] SVCAgent - SysFsReader | retrieveSYSFS - No HW node exist in directory : /sys/devices/svc/OCTA
2025-10-07 18:44:55.316  SVCAgent : [xN-V] SVCAgent - SysFsReader | retrieveSYSFS - 8 HWs are found
2025-10-07 18:44:55.319  SVCAgent : [xN-V] SVCAgent - SysFsReader | retrieveSYSFS - End -----------------------------------------------------------------------------
2025-10-07 18:44:55.324  SVCAgent : [xN-V] SystemInformationBuilder | retrieveSystemInformation - End --------------------------------------------------------------------------------------
2025-10-07 18:44:55.325  SVCAgent : [xN-V] MainService | null
2025-10-07 18:44:55.328  SVCAgent : [xN-V] MainService | diffComponents - Current HW ID : SVC_AP is not changed
2025-10-07 18:44:55.331  SVCAgent : [xN-V] MainService | diffComponents - Current HW ID : PBA_2D is not changed
2025-10-07 18:44:55.335  SVCAgent : [xN-V] MainService | diffComponents - Current HW ID : SVC_front_module is not changed
2025-10-07 18:44:55.337  SVCAgent : [xN-V] MainService | diffComponents - Current HW ID : SVC_rear_module is not changed
2025-10-07 18:44:55.340  SVCAgent : [xN-V] MainService | diffComponents - Current HW ID : SVC_rear_module2 is not changed
2025-10-07 18:44:55.342  SVCAgent : [xN-V] MainService | diffComponents - Current HW ID : SVC_OCTA is not changed
2025-10-07 18:44:55.348  SVCAgent : [xN-V] MainService | diffComponents - Current HW ID : SVC_OCTA_CHIPID is not changed
2025-10-07 18:44:55.350  SVCAgent : [xN-V] MainService | diffComponents - Current HW ID : SVC_OCTA_DDI_CHIPID is not changed
2025-10-07 18:44:55.352  SVCAgent : [xN-V] MainService | diffComponents - Current HW ID : changeList skip
2025-10-07 18:44:55.354  SVCAgent : [xN-V] MainService | diffComponents - Current HW ID : repairList skip
2025-10-07 18:44:55.355  SVCAgent : [xN-V] MainService | diffComponents - Current HW ID : prefix skip
2025-10-07 18:44:55.357  SVCAgent : [xN-V] MainService | diffDevices - cannot find any HW changes
2025-10-07 18:44:55.359  SVCAgent : [xN-V] MainService | decideServiceType - Current service type : 
2025-10-07 18:44:55.360  SVCAgent : [xN-V] SystemInformation | setType - 
2025-10-07 18:44:55.362  SVCAgent : [xN-V] SystemInformation | setChangeList - 
2025-10-07 18:44:55.363  SVCAgent : [xN-V] SystemInformation | getString - type key has no value!!!
2025-10-07 18:44:55.365  SVCAgent : [xN-V] MainService | postToServer - Current System Information has no service type value. Perhaps there isn't any HW changes.
2025-10-07 18:44:55.367  SVCAgent : [xN-V] MainService | handleMessage - No more transmission exists. Close Service.
2025-10-07 18:44:55.376  SVCAgent : [xN-V] EFSController | cleanEFS - Clean already transmitted data in EFS
2025-10-07 18:44:55.379  SVCAgent : [xN-V] EFSController | loadEFS - start to load efs
2025-10-07 18:44:55.381  SVCAgent : [xN-V] Util | readLineFromFile - Input file size : 690 bytes
2025-10-07 18:44:55.382  SVCAgent : [xN-V] Util | readLineFromFile - loaded list size : 1
2025-10-07 18:44:55.383  SVCAgent : [xN-V] EFSController | loadEFS - EFS file loading - 
2025-10-07 18:44:55.386  SVCAgent : [xN-V] EFSController | getVersionType : type 2
2025-10-07 18:44:55.396  SVCAgent : [xN-V] EFSController | loadEFS - success to load efs
2025-10-07 18:44:55.402  SVCAgent : [xN-V] EFSController | loadEFS - efs size :  1
2025-10-07 18:44:55.404  SVCAgent : [xN-V] EFSController | cleanEFS - (1 -> 1) data are cleared.
2025-10-07 18:44:55.414  SVCAgent : [xN-V] EFSController | EFSController - Delete EFS path
2025-10-07 18:44:55.419  SVCAgent : [xN-V] Util | writing result - 690 bytes at Tue Oct 07 18:44:55 GMT+01:00 2025
2025-10-07 18:44:55.423  SVCAgent : [xN-V] EFSController | makeEFS - Making file is success.
2025-10-07 18:44:55.425  SVCAgent : [xN-V] EFSController | loadEFS - start to load efs
2025-10-07 18:44:55.426  SVCAgent : [xN-V] Util | readLineFromFile - Input file size : 690 bytes
2025-10-07 18:44:55.427  SVCAgent : [xN-V] Util | readLineFromFile - loaded list size : 1
2025-10-07 18:44:55.428  SVCAgent : [xN-V] EFSController | loadEFS - EFS file loading - 
2025-10-07 18:44:55.429  SVCAgent : [xN-V] EFSController | getVersionType : type 2
2025-10-07 18:44:55.434  SVCAgent : [xN-V] EFSController | loadEFS - success to load efs
2025-10-07 18:44:55.437  SVCAgent : [xN-V] EFSController | loadEFS - efs size :  1
2025-10-07 18:44:55.439  SVCAgent : [xN-V] EFSController | EFSController - Delete EFS path
2025-10-07 18:44:55.479  SVCAgent : [xN-V] Util | writing result - 690 bytes at Tue Oct 07 18:44:55 GMT+01:00 2025
2025-10-07 18:44:55.482  SVCAgent : [xN-V] EFSController | makeEFSBackUp - Making backup file is success.
2025-10-07 18:44:55.493  SVCAgent : [xN-V] ConnectionJobService | scheduleJobService - JobService scheduling is success
2025-10-07 18:44:55.496  SVCAgent : [xN-V] MainService | onDestroy - Service is closed
2025-10-07 19:19:15.590  SVCAgent : [SO-H] DailyBgJobService | Job started
2025-10-07 19:19:15.594  SVCAgent : [SO-H] DailyBgJobService | Daily Transfer Again check
2025-10-07 19:19:15.599  SVCAgent : [SO-H] Util | readLineFromFile - Input file size : 690 bytes
2025-10-07 19:19:15.601  SVCAgent : [SO-H] Util | readLineFromFile - loaded list size : 1
2025-10-07 19:19:15.602  SVCAgent : [SO-H] EFSController | getTransferAgainFlag - getTransferAgainFlag - Flag: 0
2025-10-07 19:19:15.620  SVCAgent : [SO-H] DailyBgJobService | ct : 1759861155603
2025-10-07 19:19:15.621  SVCAgent : [SO-H] DailyBgJobService | lt : 5109919089
2025-10-07 19:19:15.623  SVCAgent : [SO-H] DailyBgJobService | lst job started
2025-10-07 19:19:15.631  SVCAgent : [SO-H] Util | isMyServiceRunning - Service does not exist
2025-10-07 19:19:15.638  SVCAgent : [SO-H] Util | launchService.
2025-10-07 19:19:15.645  SVCAgent : [SO-H] Util | SDK Version 33.
2025-10-07 19:19:15.647  SVCAgent : [SO-H] Util | SDK Version 33.
2025-10-07 19:19:15.654  SVCAgent : [SO-H] MainService | onStartCommand - Service is now on
2025-10-07 19:19:16.162  SVCAgent : [SO-H] MainService | onReceive - com.samsung.android.service.svcagent.intent_action_last_command
2025-10-07 19:19:16.164  SVCAgent : [SO-H] EFSController | loadEFS - start to load efs
2025-10-07 19:19:16.193  SVCAgent : [SO-H] Util | readLineFromFile - Input file size : 690 bytes
2025-10-07 19:19:16.194  SVCAgent : [SO-H] Util | readLineFromFile - loaded list size : 1
2025-10-07 19:19:16.195  SVCAgent : [SO-H] EFSController | loadEFS - EFS file loading - 
2025-10-07 19:19:16.196  SVCAgent : [SO-H] EFSController | getVersionType : type 2
2025-10-07 19:19:16.197  SVCAgent : [SO-H] EFSController | loadEFS - success to load efs
2025-10-07 19:19:16.198  SVCAgent : [SO-H] EFSController | loadEFS - efs size :  1
2025-10-07 19:19:16.199  SVCAgent : [SO-H] EFSController | loadEFS - start to load efs
2025-10-07 19:19:16.201  SVCAgent : [SO-H] Util | readLineFromFile - Input file size : 690 bytes
2025-10-07 19:19:16.202  SVCAgent : [SO-H] Util | readLineFromFile - loaded list size : 1
2025-10-07 19:19:16.203  SVCAgent : [SO-H] EFSController | loadEFS - EFS file loading - 
2025-10-07 19:19:16.204  SVCAgent : [SO-H] EFSController | getVersionType : type 2
2025-10-07 19:19:16.205  SVCAgent : [SO-H] EFSController | loadEFS - success to load efs
2025-10-07 19:19:16.206  SVCAgent : [SO-H] EFSController | loadEFS - efs size :  1
2025-10-07 19:19:16.207  SVCAgent : [SO-H] SystemInformation | setType - LST
2025-10-07 19:19:16.208  SVCAgent : [SO-H] MainService | onReceive - LST, DST, CST request complete. Now service will send system information to server.
2025-10-07 19:19:31.079  SVCAgent : [SO-H] ConnectionJobService | onStartJob - 
2025-10-07 19:19:31.085  SVCAgent : [SO-H] ConnectionJobService | StartServiceAsyncTask - Run AsyncTask.
2025-10-07 19:19:31.108  SVCAgent : [SO-H] Util | readLineFromFile - Input file size : 690 bytes
2025-10-07 19:19:31.137  SVCAgent : [SO-H] Util | readLineFromFile - loaded list size : 1
2025-10-07 19:19:31.138  SVCAgent : [SO-H] EFSController | getTransferAgainFlag - getTransferAgainFlag - Flag: 0
2025-10-07 19:19:31.147  SVCAgent : [SO-H] ConnectionJobService | StartServiceAsyncTask - Ignore network change. There is no un-delivered data
2025-10-07 19:59:20.557  SVCAgent : [ir-I] BootReceiver | onReceive - Setup Wizard finish signal is delivered.
2025-10-07 19:59:20.562  SVCAgent : [ir-I] BootReceiver | onReceive - send MESSAGE_LAUNCH_SERVICE
2025-10-07 19:59:20.600  SVCAgent : [ir-I] Util | isMyServiceRunning - Service does not exist
2025-10-07 19:59:20.609  SVCAgent : [ir-I] Util | launchService.
2025-10-07 19:59:20.613  SVCAgent : [ir-I] Util | isMyServiceRunning - Service does not exist
2025-10-07 19:59:20.613  SVCAgent : [ir-I] BootReceiver | handleMessage - send MESSAGE_LAUNCH_SERVICE
2025-10-07 19:59:20.614  SVCAgent : [ir-I] BootReceiver | ReceiverHandler sent message.{ when=-52ms what=1 target=com.samsung.android.service.svcagent.BootReceiver$a }
2025-10-07 19:59:20.623  SVCAgent : [ir-I] Util | SDK Version 33.
2025-10-07 19:59:20.625  SVCAgent : [ir-I] Util | SDK Version 33.
2025-10-07 19:59:20.635  SVCAgent : [ir-I] MainService | onStartCommand - Service is now on
2025-10-07 19:59:21.417  SVCAgent : [ir-I] Util | isMyServiceRunning - Service is running
2025-10-07 19:59:21.418  SVCAgent : [ir-I] Util | launchService
2025-10-07 19:59:21.420  SVCAgent : [ir-I] Util | isMyServiceRunning - Service is running
2025-10-07 19:59:21.425  SVCAgent : [ir-I] BootReceiver | handleMessage - remove MESSAGE_LAUNCH_SERVICE
2025-10-07 19:59:21.426  SVCAgent : [ir-I] BootReceiver | ReceiverHandler sent message.{ when=-12ms what=1 target=com.samsung.android.service.svcagent.BootReceiver$a }
2025-10-07 19:59:21.426  SVCAgent : [ir-I] MainService | onReceive - com.samsung.android.service.svcagent.intent_action_start_service
2025-10-07 19:59:21.427  SVCAgent : [ir-I] MainService | onReceive - Start service.
2025-10-07 19:59:21.428  SVCAgent : [ir-I] EFSController | loadEFS - start to load efs
2025-10-07 19:59:21.432  SVCAgent : [ir-I] Util | readLineFromFile - Input file size : 690 bytes
2025-10-07 19:59:21.433  SVCAgent : [ir-I] Util | readLineFromFile - loaded list size : 1
2025-10-07 19:59:21.434  SVCAgent : [ir-I] EFSController | loadEFS - EFS file loading - 
2025-10-07 19:59:21.435  SVCAgent : [ir-I] EFSController | getVersionType : type 2
2025-10-07 19:59:21.435  SVCAgent : [ir-I] EFSController | loadEFS - success to load efs
2025-10-07 19:59:21.436  SVCAgent : [ir-I] EFSController | loadEFS - efs size :  1
2025-10-07 19:59:21.437  SVCAgent : [ir-I] SystemInformationBuilder | retrieveSystemInformation - Start ------------------------------------------------------------------------------------
2025-10-07 19:59:21.947  SVCAgent : [ir-I] SystemInformationBuilder | getUniqueNumber - Obtaining Unique Number from UFS
2025-10-07 19:59:21.952  SVCAgent : [ir-I] SystemInformationBuilder | getModelName - Model Name: SM-A426U1
2025-10-07 19:59:21.953  SVCAgent : [ir-I] SystemInformationBuilder | getCustomerCode - Sales Code from property - XAA
2025-10-07 19:59:21.954  SVCAgent : [ir-I] SystemInformationBuilder | A426U1UEU9EXF3/A426U1OYM9EXF3/A426U1UEU9EXF3
2025-10-07 19:59:21.956  SVCAgent : [ir-I] SystemInformationBuilder | 7.0.00.12
2025-10-07 19:59:21.957  SVCAgent : [ir-I] FlashLockVerifier | start check
2025-10-07 19:59:21.958  SVCAgent : [ir-I] FlashLockVerifier | Result : 1
2025-10-07 19:59:21.960  SVCAgent : [ir-I] SVCAgent - SysFsReader | retrieveSYSFS - Start searching HWs--------------------------------------------------------------
2025-10-07 19:59:21.973  SVCAgent : [ir-I] SVCAgent - SysFsReader | getNodeID - Node - SVC_rear_module3 has no ID, so it will be ignored
2025-10-07 19:59:21.979  SVCAgent : [ir-I] SVCAgent - SysFsReader | getNodeID - Node - SVC_rear_module4 has no ID, so it will be ignored
2025-10-07 19:59:21.980  SVCAgent : [ir-I] SVCAgent - SysFsReader | retrieveSYSFS - No HW node exist in directory : /sys/devices/svc/Camera
2025-10-07 19:59:21.989  SVCAgent : [ir-I] SVCAgent - SysFsReader | getNodeID - Node - SVC_OCTA2 has no ID, so it will be ignored
2025-10-07 19:59:21.991  SVCAgent : [ir-I] SVCAgent - SysFsReader | getNodeID - Node - SVC_OCTA2_CHIPID has no ID, so it will be ignored
2025-10-07 19:59:21.993  SVCAgent : [ir-I] SVCAgent - SysFsReader | getNodeID - Node - SVC_OCTA2_DDI_CHIPID has no ID, so it will be ignored
2025-10-07 19:59:21.994  SVCAgent : [ir-I] SVCAgent - SysFsReader | retrieveSYSFS - No HW node exist in directory : /sys/devices/svc/OCTA
2025-10-07 19:59:21.996  SVCAgent : [ir-I] SVCAgent - SysFsReader | retrieveSYSFS - 8 HWs are found
2025-10-07 19:59:21.997  SVCAgent : [ir-I] SVCAgent - SysFsReader | retrieveSYSFS - End -----------------------------------------------------------------------------
2025-10-07 19:59:21.999  SVCAgent : [ir-I] SystemInformationBuilder | retrieveSystemInformation - End --------------------------------------------------------------------------------------
2025-10-07 19:59:22.000  SVCAgent : [ir-I] MainService | null
2025-10-07 19:59:22.002  SVCAgent : [ir-I] MainService | diffComponents - Current HW ID : SVC_AP is not changed
2025-10-07 19:59:22.003  SVCAgent : [ir-I] MainService | diffComponents - Current HW ID : PBA_2D is not changed
2025-10-07 19:59:22.005  SVCAgent : [ir-I] MainService | diffComponents - Current HW ID : SVC_front_module is not changed
2025-10-07 19:59:22.009  SVCAgent : [ir-I] MainService | diffComponents - Current HW ID : SVC_rear_module is not changed
2025-10-07 19:59:22.011  SVCAgent : [ir-I] MainService | diffComponents - Current HW ID : SVC_rear_module2 is not changed
2025-10-07 19:59:22.012  SVCAgent : [ir-I] MainService | diffComponents - Current HW ID : SVC_OCTA is not changed
2025-10-07 19:59:22.014  SVCAgent : [ir-I] MainService | diffComponents - Current HW ID : SVC_OCTA_CHIPID is not changed
2025-10-07 19:59:22.016  SVCAgent : [ir-I] MainService | diffComponents - Current HW ID : SVC_OCTA_DDI_CHIPID is not changed
2025-10-07 19:59:22.017  SVCAgent : [ir-I] MainService | diffComponents - Current HW ID : changeList skip
2025-10-07 19:59:22.019  SVCAgent : [ir-I] MainService | diffComponents - Current HW ID : repairList skip
2025-10-07 19:59:22.021  SVCAgent : [ir-I] MainService | diffComponents - Current HW ID : prefix skip
2025-10-07 19:59:22.023  SVCAgent : [ir-I] MainService | diffDevices - cannot find any HW changes
2025-10-07 19:59:22.025  SVCAgent : [ir-I] MainService | decideServiceType - Current service type : 
2025-10-07 19:59:22.025  SVCAgent : [ir-I] SystemInformation | setType - 
2025-10-07 19:59:22.027  SVCAgent : [ir-I] SystemInformation | setChangeList - 
2025-10-07 19:59:22.028  SVCAgent : [ir-I] SystemInformation | getString - type key has no value!!!
2025-10-07 19:59:22.030  SVCAgent : [ir-I] MainService | postToServer - Current System Information has no service type value. Perhaps there isn't any HW changes.
2025-10-07 19:59:22.031  SVCAgent : [ir-I] MainService | handleMessage - No more transmission exists. Close Service.
2025-10-07 19:59:22.043  SVCAgent : [ir-I] EFSController | cleanEFS - Clean already transmitted data in EFS
2025-10-07 19:59:22.045  SVCAgent : [ir-I] EFSController | loadEFS - start to load efs
2025-10-07 19:59:22.058  SVCAgent : [ir-I] Util | readLineFromFile - Input file size : 690 bytes
2025-10-07 19:59:22.060  SVCAgent : [ir-I] Util | readLineFromFile - loaded list size : 1
2025-10-07 19:59:22.062  SVCAgent : [ir-I] EFSController | loadEFS - EFS file loading - 
2025-10-07 19:59:22.064  SVCAgent : [ir-I] EFSController | getVersionType : type 2
2025-10-07 19:59:22.071  SVCAgent : [ir-I] EFSController | loadEFS - success to load efs
2025-10-07 19:59:22.073  SVCAgent : [ir-I] EFSController | loadEFS - efs size :  1
2025-10-07 19:59:22.075  SVCAgent : [ir-I] EFSController | cleanEFS - (1 -> 1) data are cleared.
2025-10-07 19:59:22.088  SVCAgent : [ir-I] EFSController | EFSController - Delete EFS path
2025-10-07 19:59:22.096  SVCAgent : [ir-I] Util | writing result - 690 bytes at Tue Oct 07 19:59:22 GMT+01:00 2025
2025-10-07 19:59:22.098  SVCAgent : [ir-I] EFSController | makeEFS - Making file is success.
2025-10-07 19:59:22.099  SVCAgent : [ir-I] EFSController | loadEFS - start to load efs
2025-10-07 19:59:22.101  SVCAgent : [ir-I] Util | readLineFromFile - Input file size : 690 bytes
2025-10-07 19:59:22.104  SVCAgent : [ir-I] Util | readLineFromFile - loaded list size : 1
2025-10-07 19:59:22.104  SVCAgent : [ir-I] EFSController | loadEFS - EFS file loading - 
2025-10-07 19:59:22.105  SVCAgent : [ir-I] EFSController | getVersionType : type 2
2025-10-07 19:59:22.107  SVCAgent : [ir-I] EFSController | loadEFS - success to load efs
2025-10-07 19:59:22.108  SVCAgent : [ir-I] EFSController | loadEFS - efs size :  1
2025-10-07 19:59:22.119  SVCAgent : [ir-I] EFSController | EFSController - Delete EFS path
2025-10-07 19:59:22.158  SVCAgent : [ir-I] Util | writing result - 690 bytes at Tue Oct 07 19:59:22 GMT+01:00 2025
2025-10-07 19:59:22.160  SVCAgent : [ir-I] EFSController | makeEFSBackUp - Making backup file is success.
2025-10-07 19:59:22.173  SVCAgent : [ir-I] ConnectionJobService | scheduleJobService - JobService scheduling is success
2025-10-07 19:59:22.174  SVCAgent : [ir-I] MainService | onDestroy - Service is closed
2025-10-07 19:59:22.599  SVCAgent : [ir-I] DailyBgJobService | Job started
2025-10-07 19:59:22.602  SVCAgent : [ir-I] DailyBgJobService | Daily Transfer Again check
2025-10-07 19:59:22.604  SVCAgent : [ir-I] Util | readLineFromFile - Input file size : 690 bytes
2025-10-07 19:59:22.605  SVCAgent : [ir-I] Util | readLineFromFile - loaded list size : 1
2025-10-07 19:59:22.606  SVCAgent : [ir-I] EFSController | getTransferAgainFlag - getTransferAgainFlag - Flag: 0
2025-10-07 19:59:22.617  SVCAgent : [ir-I] DailyBgJobService | ct : 1759863562607
2025-10-07 19:59:22.619  SVCAgent : [ir-I] DailyBgJobService | lt : 5112326093
2025-10-07 19:59:22.622  SVCAgent : [ir-I] DailyBgJobService | lst job started
2025-10-07 19:59:22.628  SVCAgent : [ir-I] Util | isMyServiceRunning - Service does not exist
2025-10-07 19:59:22.641  SVCAgent : [ir-I] Util | launchService.
2025-10-07 19:59:22.660  SVCAgent : [ir-I] Util | SDK Version 33.
2025-10-07 19:59:22.661  SVCAgent : [ir-I] Util | SDK Version 33.
2025-10-07 19:59:22.665  SVCAgent : [ir-I] MainService | onStartCommand - Service is now on
2025-10-07 19:59:22.679  SVCAgent : [ir-I] ConnectionJobService | onStartJob - 
2025-10-07 19:59:22.682  SVCAgent : [ir-I] ConnectionJobService | StartServiceAsyncTask - Run AsyncTask.
2025-10-07 19:59:22.685  SVCAgent : [ir-I] Util | readLineFromFile - Input file size : 690 bytes
2025-10-07 19:59:22.689  SVCAgent : [ir-I] Util | readLineFromFile - loaded list size : 1
2025-10-07 19:59:22.692  SVCAgent : [ir-I] EFSController | getTransferAgainFlag - getTransferAgainFlag - Flag: 0
2025-10-07 19:59:22.696  SVCAgent : [ir-I] ConnectionJobService | StartServiceAsyncTask - Ignore network change. There is no un-delivered data
2025-10-07 19:59:23.152  SVCAgent : [ir-I] MainService | onReceive - com.samsung.android.service.svcagent.intent_action_last_command
2025-10-07 19:59:23.154  SVCAgent : [ir-I] EFSController | loadEFS - start to load efs
2025-10-07 19:59:23.155  SVCAgent : [ir-I] Util | readLineFromFile - Input file size : 690 bytes
2025-10-07 19:59:23.156  SVCAgent : [ir-I] Util | readLineFromFile - loaded list size : 1
2025-10-07 19:59:23.157  SVCAgent : [ir-I] EFSController | loadEFS - EFS file loading - 
2025-10-07 19:59:23.162  SVCAgent : [ir-I] EFSController | getVersionType : type 2
2025-10-07 19:59:23.164  SVCAgent : [ir-I] EFSController | loadEFS - success to load efs
2025-10-07 19:59:23.165  SVCAgent : [ir-I] EFSController | loadEFS - efs size :  1
2025-10-07 19:59:23.166  SVCAgent : [ir-I] EFSController | loadEFS - start to load efs
2025-10-07 19:59:23.167  SVCAgent : [ir-I] Util | readLineFromFile - Input file size : 690 bytes
2025-10-07 19:59:23.168  SVCAgent : [ir-I] Util | readLineFromFile - loaded list size : 1
2025-10-07 19:59:23.169  SVCAgent : [ir-I] EFSController | loadEFS - EFS file loading - 
2025-10-07 19:59:23.171  SVCAgent : [ir-I] EFSController | getVersionType : type 2
2025-10-07 19:59:23.172  SVCAgent : [ir-I] EFSController | loadEFS - success to load efs
2025-10-07 19:59:23.173  SVCAgent : [ir-I] EFSController | loadEFS - efs size :  1
2025-10-07 19:59:23.174  SVCAgent : [ir-I] SystemInformation | setType - LST
2025-10-07 19:59:23.175  SVCAgent : [ir-I] MainService | onReceive - LST, DST, CST request complete. Now service will send system information to server.
2025-10-07 20:25:39.713  SVCAgent : [SF-F] BootReceiver | onReceive - Setup Wizard finish signal is delivered.
2025-10-07 20:25:39.714  SVCAgent : [SF-F] BootReceiver | onReceive - send MESSAGE_LAUNCH_SERVICE
2025-10-07 20:25:39.743  SVCAgent : [SF-F] Util | isMyServiceRunning - Service does not exist
2025-10-07 20:25:39.750  SVCAgent : [SF-F] Util | launchService.
2025-10-07 20:25:39.754  SVCAgent : [SF-F] Util | isMyServiceRunning - Service does not exist
2025-10-07 20:25:39.755  SVCAgent : [SF-F] BootReceiver | handleMessage - send MESSAGE_LAUNCH_SERVICE
2025-10-07 20:25:39.755  SVCAgent : [SF-F] BootReceiver | ReceiverHandler sent message.{ when=-42ms what=1 target=com.samsung.android.service.svcagent.BootReceiver$a }
2025-10-07 20:25:39.770  SVCAgent : [SF-F] Util | SDK Version 33.
2025-10-07 20:25:39.771  SVCAgent : [SF-F] Util | SDK Version 33.
2025-10-07 20:25:39.785  SVCAgent : [SF-F] MainService | onStartCommand - Service is now on
2025-10-07 20:25:40.557  SVCAgent : [SF-F] Util | isMyServiceRunning - Service is running
2025-10-07 20:25:40.558  SVCAgent : [SF-F] Util | launchService
2025-10-07 20:25:40.560  SVCAgent : [SF-F] Util | isMyServiceRunning - Service is running
2025-10-07 20:25:40.564  SVCAgent : [SF-F] BootReceiver | handleMessage - remove MESSAGE_LAUNCH_SERVICE
2025-10-07 20:25:40.565  SVCAgent : [SF-F] BootReceiver | ReceiverHandler sent message.{ when=-11ms what=1 target=com.samsung.android.service.svcagent.BootReceiver$a }
2025-10-07 20:25:40.566  SVCAgent : [SF-F] MainService | onReceive - com.samsung.android.service.svcagent.intent_action_start_service
2025-10-07 20:25:40.566  SVCAgent : [SF-F] MainService | onReceive - Start service.
2025-10-07 20:25:40.567  SVCAgent : [SF-F] EFSController | loadEFS - start to load efs
2025-10-07 20:25:40.571  SVCAgent : [SF-F] Util | readLineFromFile - Input file size : 690 bytes
2025-10-07 20:25:40.572  SVCAgent : [SF-F] Util | readLineFromFile - loaded list size : 1
2025-10-07 20:25:40.573  SVCAgent : [SF-F] EFSController | loadEFS - EFS file loading - 
2025-10-07 20:25:40.574  SVCAgent : [SF-F] EFSController | getVersionType : type 2
2025-10-07 20:25:40.575  SVCAgent : [SF-F] EFSController | loadEFS - success to load efs
2025-10-07 20:25:40.575  SVCAgent : [SF-F] EFSController | loadEFS - efs size :  1
2025-10-07 20:25:40.576  SVCAgent : [SF-F] SystemInformationBuilder | retrieveSystemInformation - Start ------------------------------------------------------------------------------------
2025-10-07 20:25:41.086  SVCAgent : [SF-F] SystemInformationBuilder | getUniqueNumber - Obtaining Unique Number from UFS
2025-10-07 20:25:41.089  SVCAgent : [SF-F] SystemInformationBuilder | getModelName - Model Name: SM-A426U1
2025-10-07 20:25:41.090  SVCAgent : [SF-F] SystemInformationBuilder | getCustomerCode - Sales Code from property - XAA
2025-10-07 20:25:41.091  SVCAgent : [SF-F] SystemInformationBuilder | A426U1UEU9EXF3/A426U1OYM9EXF3/A426U1UEU9EXF3
2025-10-07 20:25:41.098  SVCAgent : [SF-F] SystemInformationBuilder | 7.0.00.12
2025-10-07 20:25:41.099  SVCAgent : [SF-F] FlashLockVerifier | start check
2025-10-07 20:25:41.100  SVCAgent : [SF-F] FlashLockVerifier | Result : 1
2025-10-07 20:25:41.101  SVCAgent : [SF-F] SVCAgent - SysFsReader | retrieveSYSFS - Start searching HWs--------------------------------------------------------------
2025-10-07 20:25:41.119  SVCAgent : [SF-F] SVCAgent - SysFsReader | getNodeID - Node - SVC_rear_module3 has no ID, so it will be ignored
2025-10-07 20:25:41.120  SVCAgent : [SF-F] SVCAgent - SysFsReader | getNodeID - Node - SVC_rear_module4 has no ID, so it will be ignored
2025-10-07 20:25:41.121  SVCAgent : [SF-F] SVCAgent - SysFsReader | retrieveSYSFS - No HW node exist in directory : /sys/devices/svc/Camera
2025-10-07 20:25:41.130  SVCAgent : [SF-F] SVCAgent - SysFsReader | getNodeID - Node - SVC_OCTA2 has no ID, so it will be ignored
2025-10-07 20:25:41.132  SVCAgent : [SF-F] SVCAgent - SysFsReader | getNodeID - Node - SVC_OCTA2_CHIPID has no ID, so it will be ignored
2025-10-07 20:25:41.133  SVCAgent : [SF-F] SVCAgent - SysFsReader | getNodeID - Node - SVC_OCTA2_DDI_CHIPID has no ID, so it will be ignored
2025-10-07 20:25:41.134  SVCAgent : [SF-F] SVCAgent - SysFsReader | retrieveSYSFS - No HW node exist in directory : /sys/devices/svc/OCTA
2025-10-07 20:25:41.135  SVCAgent : [SF-F] SVCAgent - SysFsReader | retrieveSYSFS - 8 HWs are found
2025-10-07 20:25:41.136  SVCAgent : [SF-F] SVCAgent - SysFsReader | retrieveSYSFS - End -----------------------------------------------------------------------------
2025-10-07 20:25:41.137  SVCAgent : [SF-F] SystemInformationBuilder | retrieveSystemInformation - End --------------------------------------------------------------------------------------
2025-10-07 20:25:41.138  SVCAgent : [SF-F] MainService | null
2025-10-07 20:25:41.139  SVCAgent : [SF-F] MainService | diffComponents - Current HW ID : SVC_AP is not changed
2025-10-07 20:25:41.140  SVCAgent : [SF-F] MainService | diffComponents - Current HW ID : PBA_2D is not changed
2025-10-07 20:25:41.142  SVCAgent : [SF-F] MainService | diffComponents - Current HW ID : SVC_front_module is not changed
2025-10-07 20:25:41.143  SVCAgent : [SF-F] MainService | diffComponents - Current HW ID : SVC_rear_module is not changed
2025-10-07 20:25:41.144  SVCAgent : [SF-F] MainService | diffComponents - Current HW ID : SVC_rear_module2 is not changed
2025-10-07 20:25:41.145  SVCAgent : [SF-F] MainService | diffComponents - Current HW ID : SVC_OCTA is not changed
2025-10-07 20:25:41.146  SVCAgent : [SF-F] MainService | diffComponents - Current HW ID : SVC_OCTA_CHIPID is not changed
2025-10-07 20:25:41.147  SVCAgent : [SF-F] MainService | diffComponents - Current HW ID : SVC_OCTA_DDI_CHIPID is not changed
2025-10-07 20:25:41.148  SVCAgent : [SF-F] MainService | diffComponents - Current HW ID : changeList skip
2025-10-07 20:25:41.149  SVCAgent : [SF-F] MainService | diffComponents - Current HW ID : repairList skip
2025-10-07 20:25:41.150  SVCAgent : [SF-F] MainService | diffComponents - Current HW ID : prefix skip
2025-10-07 20:25:41.151  SVCAgent : [SF-F] MainService | diffDevices - cannot find any HW changes
2025-10-07 20:25:41.152  SVCAgent : [SF-F] MainService | decideServiceType - Current service type : 
2025-10-07 20:25:41.153  SVCAgent : [SF-F] SystemInformation | setType - 
2025-10-07 20:25:41.153  SVCAgent : [SF-F] SystemInformation | setChangeList - 
2025-10-07 20:25:41.154  SVCAgent : [SF-F] SystemInformation | getString - type key has no value!!!
2025-10-07 20:25:41.155  SVCAgent : [SF-F] MainService | postToServer - Current System Information has no service type value. Perhaps there isn't any HW changes.
2025-10-07 20:25:41.156  SVCAgent : [SF-F] MainService | handleMessage - No more transmission exists. Close Service.
2025-10-07 20:25:41.161  SVCAgent : [SF-F] EFSController | cleanEFS - Clean already transmitted data in EFS
2025-10-07 20:25:41.162  SVCAgent : [SF-F] EFSController | loadEFS - start to load efs
2025-10-07 20:25:41.163  SVCAgent : [SF-F] Util | readLineFromFile - Input file size : 690 bytes
2025-10-07 20:25:41.164  SVCAgent : [SF-F] Util | readLineFromFile - loaded list size : 1
2025-10-07 20:25:41.164  SVCAgent : [SF-F] EFSController | loadEFS - EFS file loading - 
2025-10-07 20:25:41.165  SVCAgent : [SF-F] EFSController | getVersionType : type 2
2025-10-07 20:25:41.166  SVCAgent : [SF-F] EFSController | loadEFS - success to load efs
2025-10-07 20:25:41.167  SVCAgent : [SF-F] EFSController | loadEFS - efs size :  1
2025-10-07 20:25:41.168  SVCAgent : [SF-F] EFSController | cleanEFS - (1 -> 1) data are cleared.
2025-10-07 20:25:41.171  SVCAgent : [SF-F] EFSController | EFSController - Delete EFS path
2025-10-07 20:25:41.179  SVCAgent : [SF-F] Util | writing result - 690 bytes at Tue Oct 07 20:25:41 GMT+01:00 2025
2025-10-07 20:25:41.181  SVCAgent : [SF-F] EFSController | makeEFS - Making file is success.
2025-10-07 20:25:41.182  SVCAgent : [SF-F] EFSController | loadEFS - start to load efs
2025-10-07 20:25:41.183  SVCAgent : [SF-F] Util | readLineFromFile - Input file size : 690 bytes
2025-10-07 20:25:41.184  SVCAgent : [SF-F] Util | readLineFromFile - loaded list size : 1
2025-10-07 20:25:41.184  SVCAgent : [SF-F] EFSController | loadEFS - EFS file loading - 
2025-10-07 20:25:41.185  SVCAgent : [SF-F] EFSController | getVersionType : type 2
2025-10-07 20:25:41.186  SVCAgent : [SF-F] EFSController | loadEFS - success to load efs
2025-10-07 20:25:41.186  SVCAgent : [SF-F] EFSController | loadEFS - efs size :  1
2025-10-07 20:25:41.193  SVCAgent : [SF-F] EFSController | EFSController - Delete EFS path
2025-10-07 20:25:41.207  SVCAgent : [SF-F] Util | writing result - 690 bytes at Tue Oct 07 20:25:41 GMT+01:00 2025
2025-10-07 20:25:41.208  SVCAgent : [SF-F] EFSController | makeEFSBackUp - Making backup file is success.
2025-10-07 20:25:41.216  SVCAgent : [SF-F] ConnectionJobService | scheduleJobService - JobService scheduling is success
2025-10-07 20:25:41.218  SVCAgent : [SF-F] MainService | onDestroy - Service is closed
2025-10-08 07:26:00.840  SVCAgent : [EF-J] BootReceiver | onReceive - Setup Wizard finish signal is delivered.
2025-10-08 07:26:00.844  SVCAgent : [EF-J] BootReceiver | onReceive - send MESSAGE_LAUNCH_SERVICE
2025-10-08 07:26:00.882  SVCAgent : [EF-J] Util | isMyServiceRunning - Service does not exist
2025-10-08 07:26:00.899  SVCAgent : [EF-J] Util | launchService.
2025-10-08 07:26:00.903  SVCAgent : [EF-J] Util | isMyServiceRunning - Service does not exist
2025-10-08 07:26:00.904  SVCAgent : [EF-J] BootReceiver | handleMessage - send MESSAGE_LAUNCH_SERVICE
2025-10-08 07:26:00.905  SVCAgent : [EF-J] BootReceiver | ReceiverHandler sent message.{ when=-60ms what=1 target=com.samsung.android.service.svcagent.BootReceiver$a }
2025-10-08 07:26:00.916  SVCAgent : [EF-J] Util | SDK Version 33.
2025-10-08 07:26:00.918  SVCAgent : [EF-J] Util | SDK Version 33.
2025-10-08 07:26:00.932  SVCAgent : [EF-J] MainService | onStartCommand - Service is now on
2025-10-08 07:26:01.708  SVCAgent : [EF-J] Util | isMyServiceRunning - Service is running
2025-10-08 07:26:01.710  SVCAgent : [EF-J] Util | launchService
2025-10-08 07:26:01.713  SVCAgent : [EF-J] Util | isMyServiceRunning - Service is running
2025-10-08 07:26:01.724  SVCAgent : [EF-J] BootReceiver | handleMessage - remove MESSAGE_LAUNCH_SERVICE
2025-10-08 07:26:01.726  SVCAgent : [EF-J] BootReceiver | ReceiverHandler sent message.{ when=-21ms what=1 target=com.samsung.android.service.svcagent.BootReceiver$a }
2025-10-08 07:26:01.728  SVCAgent : [EF-J] MainService | onReceive - com.samsung.android.service.svcagent.intent_action_start_service
2025-10-08 07:26:01.730  SVCAgent : [EF-J] MainService | onReceive - Start service.
2025-10-08 07:26:01.732  SVCAgent : [EF-J] EFSController | loadEFS - start to load efs
2025-10-08 07:26:01.742  SVCAgent : [EF-J] Util | readLineFromFile - Input file size : 690 bytes
2025-10-08 07:26:01.745  SVCAgent : [EF-J] Util | readLineFromFile - loaded list size : 1
2025-10-08 07:26:01.746  SVCAgent : [EF-J] EFSController | loadEFS - EFS file loading - 
2025-10-08 07:26:01.747  SVCAgent : [EF-J] EFSController | getVersionType : type 2
2025-10-08 07:26:01.748  SVCAgent : [EF-J] EFSController | loadEFS - success to load efs
2025-10-08 07:26:01.749  SVCAgent : [EF-J] EFSController | loadEFS - efs size :  1
2025-10-08 07:26:01.750  SVCAgent : [EF-J] SystemInformationBuilder | retrieveSystemInformation - Start ------------------------------------------------------------------------------------
2025-10-08 07:26:02.261  SVCAgent : [EF-J] SystemInformationBuilder | getUniqueNumber - Obtaining Unique Number from UFS
2025-10-08 07:26:02.264  SVCAgent : [EF-J] SystemInformationBuilder | getModelName - Model Name: SM-A426U1
2025-10-08 07:26:02.265  SVCAgent : [EF-J] SystemInformationBuilder | getCustomerCode - Sales Code from property - XAA
2025-10-08 07:26:02.266  SVCAgent : [EF-J] SystemInformationBuilder | A426U1UEU9EXF3/A426U1OYM9EXF3/A426U1UEU9EXF3
2025-10-08 07:26:02.268  SVCAgent : [EF-J] SystemInformationBuilder | 7.0.00.12
2025-10-08 07:26:02.269  SVCAgent : [EF-J] FlashLockVerifier | start check
2025-10-08 07:26:02.270  SVCAgent : [EF-J] FlashLockVerifier | Result : 1
2025-10-08 07:26:02.271  SVCAgent : [EF-J] SVCAgent - SysFsReader | retrieveSYSFS - Start searching HWs--------------------------------------------------------------
2025-10-08 07:26:02.280  SVCAgent : [EF-J] SVCAgent - SysFsReader | getNodeID - Node - SVC_rear_module3 has no ID, so it will be ignored
2025-10-08 07:26:02.281  SVCAgent : [EF-J] SVCAgent - SysFsReader | getNodeID - Node - SVC_rear_module4 has no ID, so it will be ignored
2025-10-08 07:26:02.282  SVCAgent : [EF-J] SVCAgent - SysFsReader | retrieveSYSFS - No HW node exist in directory : /sys/devices/svc/Camera
2025-10-08 07:26:02.292  SVCAgent : [EF-J] SVCAgent - SysFsReader | getNodeID - Node - SVC_OCTA2 has no ID, so it will be ignored
2025-10-08 07:26:02.294  SVCAgent : [EF-J] SVCAgent - SysFsReader | getNodeID - Node - SVC_OCTA2_CHIPID has no ID, so it will be ignored
2025-10-08 07:26:02.296  SVCAgent : [EF-J] SVCAgent - SysFsReader | getNodeID - Node - SVC_OCTA2_DDI_CHIPID has no ID, so it will be ignored
2025-10-08 07:26:02.297  SVCAgent : [EF-J] SVCAgent - SysFsReader | retrieveSYSFS - No HW node exist in directory : /sys/devices/svc/OCTA
2025-10-08 07:26:02.298  SVCAgent : [EF-J] SVCAgent - SysFsReader | retrieveSYSFS - 8 HWs are found
2025-10-08 07:26:02.299  SVCAgent : [EF-J] SVCAgent - SysFsReader | retrieveSYSFS - End -----------------------------------------------------------------------------
2025-10-08 07:26:02.301  SVCAgent : [EF-J] SystemInformationBuilder | retrieveSystemInformation - End --------------------------------------------------------------------------------------
2025-10-08 07:26:02.302  SVCAgent : [EF-J] MainService | null
2025-10-08 07:26:02.304  SVCAgent : [EF-J] MainService | diffComponents - Current HW ID : SVC_AP is not changed
2025-10-08 07:26:02.305  SVCAgent : [EF-J] MainService | diffComponents - Current HW ID : PBA_2D is not changed
2025-10-08 07:26:02.307  SVCAgent : [EF-J] MainService | diffComponents - Current HW ID : SVC_front_module is not changed
2025-10-08 07:26:02.309  SVCAgent : [EF-J] MainService | diffComponents - Current HW ID : SVC_rear_module is not changed
2025-10-08 07:26:02.310  SVCAgent : [EF-J] MainService | diffComponents - Current HW ID : SVC_rear_module2 is not changed
2025-10-08 07:26:02.313  SVCAgent : [EF-J] MainService | diffComponents - Current HW ID : SVC_OCTA is not changed
2025-10-08 07:26:02.314  SVCAgent : [EF-J] MainService | diffComponents - Current HW ID : SVC_OCTA_CHIPID is not changed
2025-10-08 07:26:02.316  SVCAgent : [EF-J] MainService | diffComponents - Current HW ID : SVC_OCTA_DDI_CHIPID is not changed
2025-10-08 07:26:02.318  SVCAgent : [EF-J] MainService | diffComponents - Current HW ID : changeList skip
2025-10-08 07:26:02.319  SVCAgent : [EF-J] MainService | diffComponents - Current HW ID : repairList skip
2025-10-08 07:26:02.321  SVCAgent : [EF-J] MainService | diffComponents - Current HW ID : prefix skip
2025-10-08 07:26:02.322  SVCAgent : [EF-J] MainService | diffDevices - cannot find any HW changes
2025-10-08 07:26:02.324  SVCAgent : [EF-J] MainService | decideServiceType - Current service type : 
2025-10-08 07:26:02.326  SVCAgent : [EF-J] SystemInformation | setType - 
2025-10-08 07:26:02.327  SVCAgent : [EF-J] SystemInformation | setChangeList - 
2025-10-08 07:26:02.330  SVCAgent : [EF-J] SystemInformation | getString - type key has no value!!!
2025-10-08 07:26:02.331  SVCAgent : [EF-J] MainService | postToServer - Current System Information has no service type value. Perhaps there isn't any HW changes.
2025-10-08 07:26:02.332  SVCAgent : [EF-J] MainService | handleMessage - No more transmission exists. Close Service.
2025-10-08 07:26:02.340  SVCAgent : [EF-J] EFSController | cleanEFS - Clean already transmitted data in EFS
2025-10-08 07:26:02.343  SVCAgent : [EF-J] EFSController | loadEFS - start to load efs
2025-10-08 07:26:02.346  SVCAgent : [EF-J] Util | readLineFromFile - Input file size : 690 bytes
2025-10-08 07:26:02.348  SVCAgent : [EF-J] Util | readLineFromFile - loaded list size : 1
2025-10-08 07:26:02.349  SVCAgent : [EF-J] EFSController | loadEFS - EFS file loading - 
2025-10-08 07:26:02.351  SVCAgent : [EF-J] EFSController | getVersionType : type 2
2025-10-08 07:26:02.354  SVCAgent : [EF-J] EFSController | loadEFS - success to load efs
2025-10-08 07:26:02.356  SVCAgent : [EF-J] EFSController | loadEFS - efs size :  1
2025-10-08 07:26:02.358  SVCAgent : [EF-J] EFSController | cleanEFS - (1 -> 1) data are cleared.
2025-10-08 07:26:02.364  SVCAgent : [EF-J] EFSController | EFSController - Delete EFS path
2025-10-08 07:26:02.368  SVCAgent : [EF-J] Util | writing result - 690 bytes at Wed Oct 08 07:26:02 GMT+01:00 2025
2025-10-08 07:26:02.369  SVCAgent : [EF-J] EFSController | makeEFS - Making file is success.
2025-10-08 07:26:02.370  SVCAgent : [EF-J] EFSController | loadEFS - start to load efs
2025-10-08 07:26:02.371  SVCAgent : [EF-J] Util | readLineFromFile - Input file size : 690 bytes
2025-10-08 07:26:02.373  SVCAgent : [EF-J] Util | readLineFromFile - loaded list size : 1
2025-10-08 07:26:02.373  SVCAgent : [EF-J] EFSController | loadEFS - EFS file loading - 
2025-10-08 07:26:02.374  SVCAgent : [EF-J] EFSController | getVersionType : type 2
2025-10-08 07:26:02.376  SVCAgent : [EF-J] EFSController | loadEFS - success to load efs
2025-10-08 07:26:02.377  SVCAgent : [EF-J] EFSController | loadEFS - efs size :  1
2025-10-08 07:26:02.378  SVCAgent : [EF-J] EFSController | EFSController - Delete EFS path
2025-10-08 07:26:02.408  SVCAgent : [EF-J] Util | writing result - 690 bytes at Wed Oct 08 07:26:02 GMT+01:00 2025
2025-10-08 07:26:02.409  SVCAgent : [EF-J] EFSController | makeEFSBackUp - Making backup file is success.
2025-10-08 07:26:02.420  SVCAgent : [EF-J] ConnectionJobService | scheduleJobService - JobService scheduling is success
2025-10-08 07:26:02.421  SVCAgent : [EF-J] MainService | onDestroy - Service is closed
2025-10-08 08:40:25.149  SVCAgent : [fw-R] BootReceiver | onReceive - Setup Wizard finish signal is delivered.
2025-10-08 08:40:25.157  SVCAgent : [fw-R] BootReceiver | onReceive - send MESSAGE_LAUNCH_SERVICE
2025-10-08 08:40:25.192  SVCAgent : [fw-R] Util | isMyServiceRunning - Service does not exist
2025-10-08 08:40:25.200  SVCAgent : [fw-R] Util | launchService.
2025-10-08 08:40:25.211  SVCAgent : [fw-R] Util | isMyServiceRunning - Service does not exist
2025-10-08 08:40:25.213  SVCAgent : [fw-R] BootReceiver | handleMessage - send MESSAGE_LAUNCH_SERVICE
2025-10-08 08:40:25.214  SVCAgent : [fw-R] BootReceiver | ReceiverHandler sent message.{ when=-60ms what=1 target=com.samsung.android.service.svcagent.BootReceiver$a }
2025-10-08 08:40:25.227  SVCAgent : [fw-R] Util | SDK Version 33.
2025-10-08 08:40:25.233  SVCAgent : [fw-R] Util | SDK Version 33.
2025-10-08 08:40:25.242  SVCAgent : [fw-R] MainService | onStartCommand - Service is now on
2025-10-08 08:40:26.016  SVCAgent : [fw-R] Util | isMyServiceRunning - Service is running
2025-10-08 08:40:26.017  SVCAgent : [fw-R] Util | launchService
2025-10-08 08:40:26.024  SVCAgent : [fw-R] Util | isMyServiceRunning - Service is running
2025-10-08 08:40:26.043  SVCAgent : [fw-R] BootReceiver | handleMessage - remove MESSAGE_LAUNCH_SERVICE
2025-10-08 08:40:26.044  SVCAgent : [fw-R] BootReceiver | ReceiverHandler sent message.{ when=-33ms what=1 target=com.samsung.android.service.svcagent.BootReceiver$a }
2025-10-08 08:40:26.048  SVCAgent : [fw-R] MainService | onReceive - com.samsung.android.service.svcagent.intent_action_start_service
2025-10-08 08:40:26.050  SVCAgent : [fw-R] MainService | onReceive - Start service.
2025-10-08 08:40:26.051  SVCAgent : [fw-R] EFSController | loadEFS - start to load efs
2025-10-08 08:40:26.066  SVCAgent : [fw-R] Util | readLineFromFile - Input file size : 690 bytes
2025-10-08 08:40:26.103  SVCAgent : [fw-R] Util | readLineFromFile - loaded list size : 1
2025-10-08 08:40:26.107  SVCAgent : [fw-R] EFSController | loadEFS - EFS file loading - 
2025-10-08 08:40:26.108  SVCAgent : [fw-R] EFSController | getVersionType : type 2
2025-10-08 08:40:26.130  SVCAgent : [fw-R] EFSController | loadEFS - success to load efs
2025-10-08 08:40:26.131  SVCAgent : [fw-R] EFSController | loadEFS - efs size :  1
2025-10-08 08:40:26.133  SVCAgent : [fw-R] SystemInformationBuilder | retrieveSystemInformation - Start ------------------------------------------------------------------------------------
2025-10-08 08:40:26.661  SVCAgent : [fw-R] SystemInformationBuilder | getUniqueNumber - Obtaining Unique Number from UFS
2025-10-08 08:40:26.666  SVCAgent : [fw-R] SystemInformationBuilder | getModelName - Model Name: SM-A426U1
2025-10-08 08:40:26.667  SVCAgent : [fw-R] SystemInformationBuilder | getCustomerCode - Sales Code from property - XAA
2025-10-08 08:40:26.669  SVCAgent : [fw-R] SystemInformationBuilder | A426U1UEU9EXF3/A426U1OYM9EXF3/A426U1UEU9EXF3
2025-10-08 08:40:26.681  SVCAgent : [fw-R] SystemInformationBuilder | 7.0.00.12
2025-10-08 08:40:26.683  SVCAgent : [fw-R] FlashLockVerifier | start check
2025-10-08 08:40:26.687  SVCAgent : [fw-R] FlashLockVerifier | Result : 1
2025-10-08 08:40:26.689  SVCAgent : [fw-R] SVCAgent - SysFsReader | retrieveSYSFS - Start searching HWs--------------------------------------------------------------
2025-10-08 08:40:26.767  SVCAgent : [fw-R] SVCAgent - SysFsReader | getNodeID - Node - SVC_rear_module3 has no ID, so it will be ignored
2025-10-08 08:40:26.771  SVCAgent : [fw-R] SVCAgent - SysFsReader | getNodeID - Node - SVC_rear_module4 has no ID, so it will be ignored
2025-10-08 08:40:26.775  SVCAgent : [fw-R] SVCAgent - SysFsReader | retrieveSYSFS - No HW node exist in directory : /sys/devices/svc/Camera
2025-10-08 08:40:26.873  SVCAgent : [fw-R] SVCAgent - SysFsReader | getNodeID - Node - SVC_OCTA2 has no ID, so it will be ignored
2025-10-08 08:40:26.876  SVCAgent : [fw-R] SVCAgent - SysFsReader | getNodeID - Node - SVC_OCTA2_CHIPID has no ID, so it will be ignored
2025-10-08 08:40:26.879  SVCAgent : [fw-R] SVCAgent - SysFsReader | getNodeID - Node - SVC_OCTA2_DDI_CHIPID has no ID, so it will be ignored
2025-10-08 08:40:26.888  SVCAgent : [fw-R] SVCAgent - SysFsReader | retrieveSYSFS - No HW node exist in directory : /sys/devices/svc/OCTA
2025-10-08 08:40:26.893  SVCAgent : [fw-R] SVCAgent - SysFsReader | retrieveSYSFS - 8 HWs are found
2025-10-08 08:40:26.897  SVCAgent : [fw-R] SVCAgent - SysFsReader | retrieveSYSFS - End -----------------------------------------------------------------------------
2025-10-08 08:40:26.899  SVCAgent : [fw-R] SystemInformationBuilder | retrieveSystemInformation - End --------------------------------------------------------------------------------------
2025-10-08 08:40:26.901  SVCAgent : [fw-R] MainService | null
2025-10-08 08:40:26.903  SVCAgent : [fw-R] MainService | diffComponents - Current HW ID : SVC_AP is not changed
2025-10-08 08:40:26.907  SVCAgent : [fw-R] MainService | diffComponents - Current HW ID : PBA_2D is not changed
2025-10-08 08:40:26.909  SVCAgent : [fw-R] MainService | diffComponents - Current HW ID : SVC_front_module is not changed
2025-10-08 08:40:26.913  SVCAgent : [fw-R] MainService | diffComponents - Current HW ID : SVC_rear_module is not changed
2025-10-08 08:40:26.916  SVCAgent : [fw-R] MainService | diffComponents - Current HW ID : SVC_rear_module2 is not changed
2025-10-08 08:40:26.919  SVCAgent : [fw-R] MainService | diffComponents - Current HW ID : SVC_OCTA is not changed
2025-10-08 08:40:26.921  SVCAgent : [fw-R] MainService | diffComponents - Current HW ID : SVC_OCTA_CHIPID is not changed
2025-10-08 08:40:26.925  SVCAgent : [fw-R] MainService | diffComponents - Current HW ID : SVC_OCTA_DDI_CHIPID is not changed
2025-10-08 08:40:26.927  SVCAgent : [fw-R] MainService | diffComponents - Current HW ID : changeList skip
2025-10-08 08:40:26.930  SVCAgent : [fw-R] MainService | diffComponents - Current HW ID : repairList skip
2025-10-08 08:40:26.937  SVCAgent : [fw-R] MainService | diffComponents - Current HW ID : prefix skip
2025-10-08 08:40:26.996  SVCAgent : [fw-R] MainService | diffDevices - cannot find any HW changes
2025-10-08 08:40:26.998  SVCAgent : [fw-R] MainService | decideServiceType - Current service type : 
2025-10-08 08:40:27.001  SVCAgent : [fw-R] SystemInformation | setType - 
2025-10-08 08:40:27.002  SVCAgent : [fw-R] SystemInformation | setChangeList - 
2025-10-08 08:40:27.003  SVCAgent : [fw-R] SystemInformation | getString - type key has no value!!!
2025-10-08 08:40:27.004  SVCAgent : [fw-R] MainService | postToServer - Current System Information has no service type value. Perhaps there isn't any HW changes.
2025-10-08 08:40:27.005  SVCAgent : [fw-R] MainService | handleMessage - No more transmission exists. Close Service.
2025-10-08 08:40:27.019  SVCAgent : [fw-R] EFSController | cleanEFS - Clean already transmitted data in EFS
2025-10-08 08:40:27.021  SVCAgent : [fw-R] EFSController | loadEFS - start to load efs
2025-10-08 08:40:27.022  SVCAgent : [fw-R] Util | readLineFromFile - Input file size : 690 bytes
2025-10-08 08:40:27.023  SVCAgent : [fw-R] Util | readLineFromFile - loaded list size : 1
2025-10-08 08:40:27.024  SVCAgent : [fw-R] EFSController | loadEFS - EFS file loading - 
2025-10-08 08:40:27.025  SVCAgent : [fw-R] EFSController | getVersionType : type 2
2025-10-08 08:40:27.030  SVCAgent : [fw-R] EFSController | loadEFS - success to load efs
2025-10-08 08:40:27.031  SVCAgent : [fw-R] EFSController | loadEFS - efs size :  1
2025-10-08 08:40:27.032  SVCAgent : [fw-R] EFSController | cleanEFS - (1 -> 1) data are cleared.
2025-10-08 08:40:27.034  SVCAgent : [fw-R] EFSController | EFSController - Delete EFS path
2025-10-08 08:40:27.039  SVCAgent : [fw-R] Util | writing result - 690 bytes at Wed Oct 08 08:40:27 GMT+01:00 2025
2025-10-08 08:40:27.041  SVCAgent : [fw-R] EFSController | makeEFS - Making file is success.
2025-10-08 08:40:27.045  SVCAgent : [fw-R] EFSController | loadEFS - start to load efs
2025-10-08 08:40:27.046  SVCAgent : [fw-R] Util | readLineFromFile - Input file size : 690 bytes
2025-10-08 08:40:27.047  SVCAgent : [fw-R] Util | readLineFromFile - loaded list size : 1
2025-10-08 08:40:27.048  SVCAgent : [fw-R] EFSController | loadEFS - EFS file loading - 
2025-10-08 08:40:27.075  SVCAgent : [fw-R] EFSController | getVersionType : type 2
2025-10-08 08:40:27.077  SVCAgent : [fw-R] EFSController | loadEFS - success to load efs
2025-10-08 08:40:27.078  SVCAgent : [fw-R] EFSController | loadEFS - efs size :  1
2025-10-08 08:40:27.090  SVCAgent : [fw-R] EFSController | EFSController - Delete EFS path
2025-10-08 08:40:27.116  SVCAgent : [fw-R] Util | writing result - 690 bytes at Wed Oct 08 08:40:27 GMT+01:00 2025
2025-10-08 08:40:27.118  SVCAgent : [fw-R] EFSController | makeEFSBackUp - Making backup file is success.
2025-10-08 08:40:27.147  SVCAgent : [fw-R] ConnectionJobService | scheduleJobService - JobService scheduling is success
2025-10-08 08:40:27.149  SVCAgent : [fw-R] MainService | onDestroy - Service is closed
2025-10-08 08:40:27.648  SVCAgent : [fw-R] DailyBgJobService | Job started
2025-10-08 08:40:27.650  SVCAgent : [fw-R] DailyBgJobService | Daily Transfer Again check
2025-10-08 08:40:27.653  SVCAgent : [fw-R] Util | readLineFromFile - Input file size : 690 bytes
2025-10-08 08:40:27.695  SVCAgent : [fw-R] Util | readLineFromFile - loaded list size : 1
2025-10-08 08:40:27.696  SVCAgent : [fw-R] EFSController | getTransferAgainFlag - getTransferAgainFlag - Flag: 0
2025-10-08 08:40:27.706  SVCAgent : [fw-R] DailyBgJobService | ct : 1759909227697
2025-10-08 08:40:27.707  SVCAgent : [fw-R] DailyBgJobService | lt : 5157991183
2025-10-08 08:40:27.709  SVCAgent : [fw-R] DailyBgJobService | lst job started
2025-10-08 08:40:27.716  SVCAgent : [fw-R] Util | isMyServiceRunning - Service does not exist
2025-10-08 08:40:27.726  SVCAgent : [fw-R] Util | launchService.
2025-10-08 08:40:27.734  SVCAgent : [fw-R] Util | SDK Version 33.
2025-10-08 08:40:27.736  SVCAgent : [fw-R] Util | SDK Version 33.
2025-10-08 08:40:27.744  SVCAgent : [fw-R] MainService | onStartCommand - Service is now on
2025-10-08 08:40:28.253  SVCAgent : [fw-R] MainService | onReceive - com.samsung.android.service.svcagent.intent_action_last_command
2025-10-08 08:40:28.254  SVCAgent : [fw-R] EFSController | loadEFS - start to load efs
2025-10-08 08:40:28.256  SVCAgent : [fw-R] Util | readLineFromFile - Input file size : 690 bytes
2025-10-08 08:40:28.257  SVCAgent : [fw-R] Util | readLineFromFile - loaded list size : 1
2025-10-08 08:40:28.258  SVCAgent : [fw-R] EFSController | loadEFS - EFS file loading - 
2025-10-08 08:40:28.258  SVCAgent : [fw-R] EFSController | getVersionType : type 2
2025-10-08 08:40:28.260  SVCAgent : [fw-R] EFSController | loadEFS - success to load efs
2025-10-08 08:40:28.261  SVCAgent : [fw-R] EFSController | loadEFS - efs size :  1
2025-10-08 08:40:28.263  SVCAgent : [fw-R] EFSController | loadEFS - start to load efs
2025-10-08 08:40:28.265  SVCAgent : [fw-R] Util | readLineFromFile - Input file size : 690 bytes
2025-10-08 08:40:28.271  SVCAgent : [fw-R] Util | readLineFromFile - loaded list size : 1
2025-10-08 08:40:28.272  SVCAgent : [fw-R] EFSController | loadEFS - EFS file loading - 
2025-10-08 08:40:28.273  SVCAgent : [fw-R] EFSController | getVersionType : type 2
2025-10-08 08:40:28.275  SVCAgent : [fw-R] EFSController | loadEFS - success to load efs
2025-10-08 08:40:28.277  SVCAgent : [fw-R] EFSController | loadEFS - efs size :  1
2025-10-08 08:40:28.279  SVCAgent : [fw-R] SystemInformation | setType - LST
2025-10-08 08:40:28.281  SVCAgent : [fw-R] MainService | onReceive - LST, DST, CST request complete. Now service will send system information to server.
2025-10-08 08:40:28.811  SVCAgent : [fw-R] ConnectionJobService | onStartJob - 
2025-10-08 08:40:28.823  SVCAgent : [fw-R] ConnectionJobService | StartServiceAsyncTask - Run AsyncTask.
2025-10-08 08:40:28.853  SVCAgent : [fw-R] Util | readLineFromFile - Input file size : 690 bytes
2025-10-08 08:40:28.855  SVCAgent : [fw-R] Util | readLineFromFile - loaded list size : 1
2025-10-08 08:40:28.909  SVCAgent : [fw-R] EFSController | getTransferAgainFlag - getTransferAgainFlag - Flag: 0
2025-10-08 08:40:28.910  SVCAgent : [fw-R] ConnectionJobService | StartServiceAsyncTask - Ignore network change. There is no un-delivered data
2025-10-08 08:49:21.292  SVCAgent : [sY-G] BootReceiver | onReceive - Setup Wizard finish signal is delivered.
2025-10-08 08:49:21.298  SVCAgent : [sY-G] BootReceiver | onReceive - send MESSAGE_LAUNCH_SERVICE
2025-10-08 08:49:21.365  SVCAgent : [sY-G] Util | isMyServiceRunning - Service does not exist
2025-10-08 08:49:21.379  SVCAgent : [sY-G] Util | launchService.
2025-10-08 08:49:21.384  SVCAgent : [sY-G] Util | isMyServiceRunning - Service does not exist
2025-10-08 08:49:21.386  SVCAgent : [sY-G] BootReceiver | handleMessage - send MESSAGE_LAUNCH_SERVICE
2025-10-08 08:49:21.387  SVCAgent : [sY-G] BootReceiver | ReceiverHandler sent message.{ when=-89ms what=1 target=com.samsung.android.service.svcagent.BootReceiver$a }
2025-10-08 08:49:21.396  SVCAgent : [sY-G] Util | SDK Version 33.
2025-10-08 08:49:21.399  SVCAgent : [sY-G] Util | SDK Version 33.
2025-10-08 08:49:21.408  SVCAgent : [sY-G] MainService | onStartCommand - Service is now on
2025-10-08 08:49:22.192  SVCAgent : [sY-G] Util | isMyServiceRunning - Service is running
2025-10-08 08:49:22.193  SVCAgent : [sY-G] Util | launchService
2025-10-08 08:49:22.196  SVCAgent : [sY-G] Util | isMyServiceRunning - Service is running
2025-10-08 08:49:22.199  SVCAgent : [sY-G] BootReceiver | handleMessage - remove MESSAGE_LAUNCH_SERVICE
2025-10-08 08:49:22.200  SVCAgent : [sY-G] BootReceiver | ReceiverHandler sent message.{ when=-14ms what=1 target=com.samsung.android.service.svcagent.BootReceiver$a }
2025-10-08 08:49:22.201  SVCAgent : [sY-G] MainService | onReceive - com.samsung.android.service.svcagent.intent_action_start_service
2025-10-08 08:49:22.202  SVCAgent : [sY-G] MainService | onReceive - Start service.
2025-10-08 08:49:22.204  SVCAgent : [sY-G] EFSController | loadEFS - start to load efs
2025-10-08 08:49:22.211  SVCAgent : [sY-G] Util | readLineFromFile - Input file size : 690 bytes
2025-10-08 08:49:22.212  SVCAgent : [sY-G] Util | readLineFromFile - loaded list size : 1
2025-10-08 08:49:22.213  SVCAgent : [sY-G] EFSController | loadEFS - EFS file loading - 
2025-10-08 08:49:22.214  SVCAgent : [sY-G] EFSController | getVersionType : type 2
2025-10-08 08:49:22.216  SVCAgent : [sY-G] EFSController | loadEFS - success to load efs
2025-10-08 08:49:22.217  SVCAgent : [sY-G] EFSController | loadEFS - efs size :  1
2025-10-08 08:49:22.219  SVCAgent : [sY-G] SystemInformationBuilder | retrieveSystemInformation - Start ------------------------------------------------------------------------------------
2025-10-08 08:49:22.727  SVCAgent : [sY-G] SystemInformationBuilder | getUniqueNumber - Obtaining Unique Number from UFS
2025-10-08 08:49:22.730  SVCAgent : [sY-G] SystemInformationBuilder | getModelName - Model Name: SM-A426U1
2025-10-08 08:49:22.731  SVCAgent : [sY-G] SystemInformationBuilder | getCustomerCode - Sales Code from property - XAA
2025-10-08 08:49:22.732  SVCAgent : [sY-G] SystemInformationBuilder | A426U1UEU9EXF3/A426U1OYM9EXF3/A426U1UEU9EXF3
2025-10-08 08:49:22.734  SVCAgent : [sY-G] SystemInformationBuilder | 7.0.00.12
2025-10-08 08:49:22.735  SVCAgent : [sY-G] FlashLockVerifier | start check
2025-10-08 08:49:22.736  SVCAgent : [sY-G] FlashLockVerifier | Result : 1
2025-10-08 08:49:22.737  SVCAgent : [sY-G] SVCAgent - SysFsReader | retrieveSYSFS - Start searching HWs--------------------------------------------------------------
2025-10-08 08:49:22.747  SVCAgent : [sY-G] SVCAgent - SysFsReader | getNodeID - Node - SVC_rear_module3 has no ID, so it will be ignored
2025-10-08 08:49:22.748  SVCAgent : [sY-G] SVCAgent - SysFsReader | getNodeID - Node - SVC_rear_module4 has no ID, so it will be ignored
2025-10-08 08:49:22.749  SVCAgent : [sY-G] SVCAgent - SysFsReader | retrieveSYSFS - No HW node exist in directory : /sys/devices/svc/Camera
2025-10-08 08:49:22.757  SVCAgent : [sY-G] SVCAgent - SysFsReader | getNodeID - Node - SVC_OCTA2 has no ID, so it will be ignored
2025-10-08 08:49:22.759  SVCAgent : [sY-G] SVCAgent - SysFsReader | getNodeID - Node - SVC_OCTA2_CHIPID has no ID, so it will be ignored
2025-10-08 08:49:22.760  SVCAgent : [sY-G] SVCAgent - SysFsReader | getNodeID - Node - SVC_OCTA2_DDI_CHIPID has no ID, so it will be ignored
2025-10-08 08:49:22.761  SVCAgent : [sY-G] SVCAgent - SysFsReader | retrieveSYSFS - No HW node exist in directory : /sys/devices/svc/OCTA
2025-10-08 08:49:22.762  SVCAgent : [sY-G] SVCAgent - SysFsReader | retrieveSYSFS - 8 HWs are found
2025-10-08 08:49:22.763  SVCAgent : [sY-G] SVCAgent - SysFsReader | retrieveSYSFS - End -----------------------------------------------------------------------------
2025-10-08 08:49:22.764  SVCAgent : [sY-G] SystemInformationBuilder | retrieveSystemInformation - End --------------------------------------------------------------------------------------
2025-10-08 08:49:22.765  SVCAgent : [sY-G] MainService | null
2025-10-08 08:49:22.768  SVCAgent : [sY-G] MainService | diffComponents - Current HW ID : SVC_AP is not changed
2025-10-08 08:49:22.769  SVCAgent : [sY-G] MainService | diffComponents - Current HW ID : PBA_2D is not changed
2025-10-08 08:49:22.770  SVCAgent : [sY-G] MainService | diffComponents - Current HW ID : SVC_front_module is not changed
2025-10-08 08:49:22.772  SVCAgent : [sY-G] MainService | diffComponents - Current HW ID : SVC_rear_module is not changed
2025-10-08 08:49:22.773  SVCAgent : [sY-G] MainService | diffComponents - Current HW ID : SVC_rear_module2 is not changed
2025-10-08 08:49:22.774  SVCAgent : [sY-G] MainService | diffComponents - Current HW ID : SVC_OCTA is not changed
2025-10-08 08:49:22.775  SVCAgent : [sY-G] MainService | diffComponents - Current HW ID : SVC_OCTA_CHIPID is not changed
2025-10-08 08:49:22.776  SVCAgent : [sY-G] MainService | diffComponents - Current HW ID : SVC_OCTA_DDI_CHIPID is not changed
2025-10-08 08:49:22.777  SVCAgent : [sY-G] MainService | diffComponents - Current HW ID : changeList skip
2025-10-08 08:49:22.778  SVCAgent : [sY-G] MainService | diffComponents - Current HW ID : repairList skip
2025-10-08 08:49:22.779  SVCAgent : [sY-G] MainService | diffComponents - Current HW ID : prefix skip
2025-10-08 08:49:22.780  SVCAgent : [sY-G] MainService | diffDevices - cannot find any HW changes
2025-10-08 08:49:22.781  SVCAgent : [sY-G] MainService | decideServiceType - Current service type : 
2025-10-08 08:49:22.782  SVCAgent : [sY-G] SystemInformation | setType - 
2025-10-08 08:49:22.783  SVCAgent : [sY-G] SystemInformation | setChangeList - 
2025-10-08 08:49:22.784  SVCAgent : [sY-G] SystemInformation | getString - type key has no value!!!
2025-10-08 08:49:22.785  SVCAgent : [sY-G] MainService | postToServer - Current System Information has no service type value. Perhaps there isn't any HW changes.
2025-10-08 08:49:22.785  SVCAgent : [sY-G] MainService | handleMessage - No more transmission exists. Close Service.
2025-10-08 08:49:22.791  SVCAgent : [sY-G] EFSController | cleanEFS - Clean already transmitted data in EFS
2025-10-08 08:49:22.792  SVCAgent : [sY-G] EFSController | loadEFS - start to load efs
2025-10-08 08:49:22.793  SVCAgent : [sY-G] Util | readLineFromFile - Input file size : 690 bytes
2025-10-08 08:49:22.794  SVCAgent : [sY-G] Util | readLineFromFile - loaded list size : 1
2025-10-08 08:49:22.794  SVCAgent : [sY-G] EFSController | loadEFS - EFS file loading - 
2025-10-08 08:49:22.795  SVCAgent : [sY-G] EFSController | getVersionType : type 2
2025-10-08 08:49:22.796  SVCAgent : [sY-G] EFSController | loadEFS - success to load efs
2025-10-08 08:49:22.796  SVCAgent : [sY-G] EFSController | loadEFS - efs size :  1
2025-10-08 08:49:22.797  SVCAgent : [sY-G] EFSController | cleanEFS - (1 -> 1) data are cleared.
2025-10-08 08:49:22.799  SVCAgent : [sY-G] EFSController | EFSController - Delete EFS path
2025-10-08 08:49:22.809  SVCAgent : [sY-G] Util | writing result - 690 bytes at Wed Oct 08 08:49:22 GMT+01:00 2025
2025-10-08 08:49:22.811  SVCAgent : [sY-G] EFSController | makeEFS - Making file is success.
2025-10-08 08:49:22.812  SVCAgent : [sY-G] EFSController | loadEFS - start to load efs
2025-10-08 08:49:22.813  SVCAgent : [sY-G] Util | readLineFromFile - Input file size : 690 bytes
2025-10-08 08:49:22.816  SVCAgent : [sY-G] Util | readLineFromFile - loaded list size : 1
2025-10-08 08:49:22.817  SVCAgent : [sY-G] EFSController | loadEFS - EFS file loading - 
2025-10-08 08:49:22.818  SVCAgent : [sY-G] EFSController | getVersionType : type 2
2025-10-08 08:49:22.819  SVCAgent : [sY-G] EFSController | loadEFS - success to load efs
2025-10-08 08:49:22.820  SVCAgent : [sY-G] EFSController | loadEFS - efs size :  1
2025-10-08 08:49:22.823  SVCAgent : [sY-G] EFSController | EFSController - Delete EFS path
2025-10-08 08:49:22.858  SVCAgent : [sY-G] Util | writing result - 690 bytes at Wed Oct 08 08:49:22 GMT+01:00 2025
2025-10-08 08:49:22.860  SVCAgent : [sY-G] EFSController | makeEFSBackUp - Making backup file is success.
2025-10-08 08:49:22.868  SVCAgent : [sY-G] ConnectionJobService | scheduleJobService - JobService scheduling is success
2025-10-08 08:49:22.874  SVCAgent : [sY-G] MainService | onDestroy - Service is closed
2025-10-08 10:07:51.457  SVCAgent : [Lc-D] DailyBgJobService | Job started
2025-10-08 10:07:51.490  SVCAgent : [Lc-D] DailyBgJobService | Daily Transfer Again check
2025-10-08 10:07:51.570  SVCAgent : [Lc-D] Util | readLineFromFile - Input file size : 690 bytes
2025-10-08 10:07:51.574  SVCAgent : [Lc-D] Util | readLineFromFile - loaded list size : 1
2025-10-08 10:07:51.575  SVCAgent : [Lc-D] EFSController | getTransferAgainFlag - getTransferAgainFlag - Flag: 0
2025-10-08 10:07:51.603  SVCAgent : [Lc-D] DailyBgJobService | ct : 1759914471580
2025-10-08 10:07:51.604  SVCAgent : [Lc-D] DailyBgJobService | lt : 5163235066
2025-10-08 10:07:51.606  SVCAgent : [Lc-D] DailyBgJobService | lst job started
2025-10-08 10:07:51.609  SVCAgent : [Lc-D] Util | isMyServiceRunning - Service does not exist
2025-10-08 10:07:51.615  SVCAgent : [Lc-D] Util | launchService.
2025-10-08 10:07:51.633  SVCAgent : [Lc-D] Util | SDK Version 33.
2025-10-08 10:07:51.635  SVCAgent : [Lc-D] Util | SDK Version 33.
2025-10-08 10:07:51.640  SVCAgent : [Lc-D] MainService | onStartCommand - Service is now on
2025-10-08 10:07:52.148  SVCAgent : [Lc-D] MainService | onReceive - com.samsung.android.service.svcagent.intent_action_last_command
2025-10-08 10:07:52.150  SVCAgent : [Lc-D] EFSController | loadEFS - start to load efs
2025-10-08 10:07:52.155  SVCAgent : [Lc-D] Util | readLineFromFile - Input file size : 690 bytes
2025-10-08 10:07:52.156  SVCAgent : [Lc-D] Util | readLineFromFile - loaded list size : 1
2025-10-08 10:07:52.178  SVCAgent : [Lc-D] EFSController | loadEFS - EFS file loading - 
2025-10-08 10:07:52.179  SVCAgent : [Lc-D] EFSController | getVersionType : type 2
2025-10-08 10:07:52.180  SVCAgent : [Lc-D] EFSController | loadEFS - success to load efs
2025-10-08 10:07:52.189  SVCAgent : [Lc-D] EFSController | loadEFS - efs size :  1
2025-10-08 10:07:52.190  SVCAgent : [Lc-D] EFSController | loadEFS - start to load efs
2025-10-08 10:07:52.192  SVCAgent : [Lc-D] Util | readLineFromFile - Input file size : 690 bytes
2025-10-08 10:07:52.193  SVCAgent : [Lc-D] Util | readLineFromFile - loaded list size : 1
2025-10-08 10:07:52.212  SVCAgent : [Lc-D] EFSController | loadEFS - EFS file loading - 
2025-10-08 10:07:52.213  SVCAgent : [Lc-D] EFSController | getVersionType : type 2
2025-10-08 10:07:52.214  SVCAgent : [Lc-D] EFSController | loadEFS - success to load efs
2025-10-08 10:07:52.225  SVCAgent : [Lc-D] EFSController | loadEFS - efs size :  1
2025-10-08 10:07:52.226  SVCAgent : [Lc-D] SystemInformation | setType - LST
2025-10-08 10:07:52.228  SVCAgent : [Lc-D] MainService | onReceive - LST, DST, CST request complete. Now service will send system information to server.
2025-10-08 10:07:52.740  SVCAgent : [Lc-D] ConnectionJobService | onStartJob - 
2025-10-08 10:07:52.750  SVCAgent : [Lc-D] ConnectionJobService | StartServiceAsyncTask - Run AsyncTask.
2025-10-08 10:07:52.751  SVCAgent : [Lc-D] Util | readLineFromFile - Input file size : 690 bytes
2025-10-08 10:07:52.752  SVCAgent : [Lc-D] Util | readLineFromFile - loaded list size : 1
2025-10-08 10:07:52.753  SVCAgent : [Lc-D] EFSController | getTransferAgainFlag - getTransferAgainFlag - Flag: 0
2025-10-08 10:07:52.765  SVCAgent : [Lc-D] ConnectionJobService | StartServiceAsyncTask - Ignore network change. There is no un-delivered data
2025-10-08 10:27:50.051  SVCAgent : [Ma-I] BootReceiver | onReceive - Setup Wizard finish signal is delivered.
2025-10-08 10:27:50.053  SVCAgent : [Ma-I] BootReceiver | onReceive - send MESSAGE_LAUNCH_SERVICE
2025-10-08 10:27:50.081  SVCAgent : [Ma-I] Util | isMyServiceRunning - Service does not exist
2025-10-08 10:27:50.090  SVCAgent : [Ma-I] Util | launchService.
2025-10-08 10:27:50.093  SVCAgent : [Ma-I] Util | isMyServiceRunning - Service does not exist
2025-10-08 10:27:50.094  SVCAgent : [Ma-I] BootReceiver | handleMessage - send MESSAGE_LAUNCH_SERVICE
2025-10-08 10:27:50.095  SVCAgent : [Ma-I] BootReceiver | ReceiverHandler sent message.{ when=-42ms what=1 target=com.samsung.android.service.svcagent.BootReceiver$a }
2025-10-08 10:27:50.103  SVCAgent : [Ma-I] Util | SDK Version 33.
2025-10-08 10:27:50.105  SVCAgent : [Ma-I] Util | SDK Version 33.
2025-10-08 10:27:50.111  SVCAgent : [Ma-I] MainService | onStartCommand - Service is now on
2025-10-08 10:27:50.898  SVCAgent : [Ma-I] Util | isMyServiceRunning - Service is running
2025-10-08 10:27:50.899  SVCAgent : [Ma-I] Util | launchService
2025-10-08 10:27:50.904  SVCAgent : [Ma-I] Util | isMyServiceRunning - Service is running
2025-10-08 10:27:50.910  SVCAgent : [Ma-I] BootReceiver | handleMessage - remove MESSAGE_LAUNCH_SERVICE
2025-10-08 10:27:50.911  SVCAgent : [Ma-I] BootReceiver | ReceiverHandler sent message.{ when=-17ms what=1 target=com.samsung.android.service.svcagent.BootReceiver$a }
2025-10-08 10:27:50.912  SVCAgent : [Ma-I] MainService | onReceive - com.samsung.android.service.svcagent.intent_action_start_service
2025-10-08 10:27:50.912  SVCAgent : [Ma-I] MainService | onReceive - Start service.
2025-10-08 10:27:50.913  SVCAgent : [Ma-I] EFSController | loadEFS - start to load efs
2025-10-08 10:27:50.920  SVCAgent : [Ma-I] Util | readLineFromFile - Input file size : 690 bytes
2025-10-08 10:27:50.921  SVCAgent : [Ma-I] Util | readLineFromFile - loaded list size : 1
2025-10-08 10:27:50.923  SVCAgent : [Ma-I] EFSController | loadEFS - EFS file loading - 
2025-10-08 10:27:50.925  SVCAgent : [Ma-I] EFSController | getVersionType : type 2
2025-10-08 10:27:50.927  SVCAgent : [Ma-I] EFSController | loadEFS - success to load efs
2025-10-08 10:27:50.927  SVCAgent : [Ma-I] EFSController | loadEFS - efs size :  1
2025-10-08 10:27:50.928  SVCAgent : [Ma-I] SystemInformationBuilder | retrieveSystemInformation - Start ------------------------------------------------------------------------------------
2025-10-08 10:27:51.440  SVCAgent : [Ma-I] SystemInformationBuilder | getUniqueNumber - Obtaining Unique Number from UFS
2025-10-08 10:27:51.445  SVCAgent : [Ma-I] SystemInformationBuilder | getModelName - Model Name: SM-A426U1
2025-10-08 10:27:51.446  SVCAgent : [Ma-I] SystemInformationBuilder | getCustomerCode - Sales Code from property - XAA
2025-10-08 10:27:51.447  SVCAgent : [Ma-I] SystemInformationBuilder | A426U1UEU9EXF3/A426U1OYM9EXF3/A426U1UEU9EXF3
2025-10-08 10:27:51.450  SVCAgent : [Ma-I] SystemInformationBuilder | 7.0.00.12
2025-10-08 10:27:51.451  SVCAgent : [Ma-I] FlashLockVerifier | start check
2025-10-08 10:27:51.452  SVCAgent : [Ma-I] FlashLockVerifier | Result : 1
2025-10-08 10:27:51.453  SVCAgent : [Ma-I] SVCAgent - SysFsReader | retrieveSYSFS - Start searching HWs--------------------------------------------------------------
2025-10-08 10:27:51.488  SVCAgent : [Ma-I] SVCAgent - SysFsReader | getNodeID - Node - SVC_rear_module3 has no ID, so it will be ignored
2025-10-08 10:27:51.490  SVCAgent : [Ma-I] SVCAgent - SysFsReader | getNodeID - Node - SVC_rear_module4 has no ID, so it will be ignored
2025-10-08 10:27:51.492  SVCAgent : [Ma-I] SVCAgent - SysFsReader | retrieveSYSFS - No HW node exist in directory : /sys/devices/svc/Camera
2025-10-08 10:27:51.502  SVCAgent : [Ma-I] SVCAgent - SysFsReader | getNodeID - Node - SVC_OCTA2 has no ID, so it will be ignored
2025-10-08 10:27:51.504  SVCAgent : [Ma-I] SVCAgent - SysFsReader | getNodeID - Node - SVC_OCTA2_CHIPID has no ID, so it will be ignored
2025-10-08 10:27:51.506  SVCAgent : [Ma-I] SVCAgent - SysFsReader | getNodeID - Node - SVC_OCTA2_DDI_CHIPID has no ID, so it will be ignored
2025-10-08 10:27:51.507  SVCAgent : [Ma-I] SVCAgent - SysFsReader | retrieveSYSFS - No HW node exist in directory : /sys/devices/svc/OCTA
2025-10-08 10:27:51.509  SVCAgent : [Ma-I] SVCAgent - SysFsReader | retrieveSYSFS - 8 HWs are found
2025-10-08 10:27:51.510  SVCAgent : [Ma-I] SVCAgent - SysFsReader | retrieveSYSFS - End -----------------------------------------------------------------------------
2025-10-08 10:27:51.512  SVCAgent : [Ma-I] SystemInformationBuilder | retrieveSystemInformation - End --------------------------------------------------------------------------------------
2025-10-08 10:27:51.513  SVCAgent : [Ma-I] MainService | null
2025-10-08 10:27:51.515  SVCAgent : [Ma-I] MainService | diffComponents - Current HW ID : SVC_AP is not changed
2025-10-08 10:27:51.516  SVCAgent : [Ma-I] MainService | diffComponents - Current HW ID : PBA_2D is not changed
2025-10-08 10:27:51.518  SVCAgent : [Ma-I] MainService | diffComponents - Current HW ID : SVC_front_module is not changed
2025-10-08 10:27:51.519  SVCAgent : [Ma-I] MainService | diffComponents - Current HW ID : SVC_rear_module is not changed
2025-10-08 10:27:51.520  SVCAgent : [Ma-I] MainService | diffComponents - Current HW ID : SVC_rear_module2 is not changed
2025-10-08 10:27:51.522  SVCAgent : [Ma-I] MainService | diffComponents - Current HW ID : SVC_OCTA is not changed
2025-10-08 10:27:51.524  SVCAgent : [Ma-I] MainService | diffComponents - Current HW ID : SVC_OCTA_CHIPID is not changed
2025-10-08 10:27:51.526  SVCAgent : [Ma-I] MainService | diffComponents - Current HW ID : SVC_OCTA_DDI_CHIPID is not changed
2025-10-08 10:27:51.527  SVCAgent : [Ma-I] MainService | diffComponents - Current HW ID : changeList skip
2025-10-08 10:27:51.529  SVCAgent : [Ma-I] MainService | diffComponents - Current HW ID : repairList skip
2025-10-08 10:27:51.531  SVCAgent : [Ma-I] MainService | diffComponents - Current HW ID : prefix skip
2025-10-08 10:27:51.532  SVCAgent : [Ma-I] MainService | diffDevices - cannot find any HW changes
2025-10-08 10:27:51.534  SVCAgent : [Ma-I] MainService | decideServiceType - Current service type : 
2025-10-08 10:27:51.536  SVCAgent : [Ma-I] SystemInformation | setType - 
2025-10-08 10:27:51.537  SVCAgent : [Ma-I] SystemInformation | setChangeList - 
2025-10-08 10:27:51.539  SVCAgent : [Ma-I] SystemInformation | getString - type key has no value!!!
2025-10-08 10:27:51.541  SVCAgent : [Ma-I] MainService | postToServer - Current System Information has no service type value. Perhaps there isn't any HW changes.
2025-10-08 10:27:51.542  SVCAgent : [Ma-I] MainService | handleMessage - No more transmission exists. Close Service.
2025-10-08 10:27:51.552  SVCAgent : [Ma-I] EFSController | cleanEFS - Clean already transmitted data in EFS
2025-10-08 10:27:51.553  SVCAgent : [Ma-I] EFSController | loadEFS - start to load efs
2025-10-08 10:27:51.554  SVCAgent : [Ma-I] Util | readLineFromFile - Input file size : 690 bytes
2025-10-08 10:27:51.555  SVCAgent : [Ma-I] Util | readLineFromFile - loaded list size : 1
2025-10-08 10:27:51.556  SVCAgent : [Ma-I] EFSController | loadEFS - EFS file loading - 
2025-10-08 10:27:51.559  SVCAgent : [Ma-I] EFSController | getVersionType : type 2
2025-10-08 10:27:51.560  SVCAgent : [Ma-I] EFSController | loadEFS - success to load efs
2025-10-08 10:27:51.561  SVCAgent : [Ma-I] EFSController | loadEFS - efs size :  1
2025-10-08 10:27:51.561  SVCAgent : [Ma-I] EFSController | cleanEFS - (1 -> 1) data are cleared.
2025-10-08 10:27:51.564  SVCAgent : [Ma-I] EFSController | EFSController - Delete EFS path
2025-10-08 10:27:51.575  SVCAgent : [Ma-I] Util | writing result - 690 bytes at Wed Oct 08 10:27:51 GMT+01:00 2025
2025-10-08 10:27:51.621  SVCAgent : [Ma-I] EFSController | makeEFS - Making file is success.
2025-10-08 10:27:51.630  SVCAgent : [Ma-I] EFSController | loadEFS - start to load efs
2025-10-08 10:27:51.631  SVCAgent : [Ma-I] Util | readLineFromFile - Input file size : 690 bytes
2025-10-08 10:27:51.632  SVCAgent : [Ma-I] Util | readLineFromFile - loaded list size : 1
2025-10-08 10:27:51.633  SVCAgent : [Ma-I] EFSController | loadEFS - EFS file loading - 
2025-10-08 10:27:51.634  SVCAgent : [Ma-I] EFSController | getVersionType : type 2
2025-10-08 10:27:51.635  SVCAgent : [Ma-I] EFSController | loadEFS - success to load efs
2025-10-08 10:27:51.635  SVCAgent : [Ma-I] EFSController | loadEFS - efs size :  1
2025-10-08 10:27:51.637  SVCAgent : [Ma-I] EFSController | EFSController - Delete EFS path
2025-10-08 10:27:51.642  SVCAgent : [Ma-I] Util | writing result - 690 bytes at Wed Oct 08 10:27:51 GMT+01:00 2025
2025-10-08 10:27:51.643  SVCAgent : [Ma-I] EFSController | makeEFSBackUp - Making backup file is success.
2025-10-08 10:27:51.654  SVCAgent : [Ma-I] ConnectionJobService | scheduleJobService - JobService scheduling is success
2025-10-08 10:27:51.655  SVCAgent : [Ma-I] MainService | onDestroy - Service is closed
2025-10-08 14:12:46.167  SVCAgent : [qY-L] DailyBgJobService | Job started
2025-10-08 14:12:46.172  SVCAgent : [qY-L] DailyBgJobService | Daily Transfer Again check
2025-10-08 14:12:46.181  SVCAgent : [qY-L] Util | readLineFromFile - Input file size : 690 bytes
2025-10-08 14:12:46.184  SVCAgent : [qY-L] Util | readLineFromFile - loaded list size : 1
2025-10-08 14:12:46.185  SVCAgent : [qY-L] EFSController | getTransferAgainFlag - getTransferAgainFlag - Flag: 0
2025-10-08 14:12:46.201  SVCAgent : [qY-L] DailyBgJobService | ct : 1759929166186
2025-10-08 14:12:46.202  SVCAgent : [qY-L] DailyBgJobService | lt : 5177929672
2025-10-08 14:12:46.204  SVCAgent : [qY-L] DailyBgJobService | lst job started
2025-10-08 14:12:46.208  SVCAgent : [qY-L] Util | isMyServiceRunning - Service does not exist
2025-10-08 14:12:46.214  SVCAgent : [qY-L] Util | launchService.
2025-10-08 14:12:46.221  SVCAgent : [qY-L] Util | SDK Version 33.
2025-10-08 14:12:46.223  SVCAgent : [qY-L] Util | SDK Version 33.
2025-10-08 14:12:46.230  SVCAgent : [qY-L] MainService | onStartCommand - Service is now on
2025-10-08 14:12:46.741  SVCAgent : [qY-L] MainService | onReceive - com.samsung.android.service.svcagent.intent_action_last_command
2025-10-08 14:12:46.742  SVCAgent : [qY-L] EFSController | loadEFS - start to load efs
2025-10-08 14:12:46.746  SVCAgent : [qY-L] Util | readLineFromFile - Input file size : 690 bytes
2025-10-08 14:12:46.746  SVCAgent : [qY-L] Util | readLineFromFile - loaded list size : 1
2025-10-08 14:12:46.747  SVCAgent : [qY-L] EFSController | loadEFS - EFS file loading - 
2025-10-08 14:12:46.748  SVCAgent : [qY-L] EFSController | getVersionType : type 2
2025-10-08 14:12:46.749  SVCAgent : [qY-L] EFSController | loadEFS - success to load efs
2025-10-08 14:12:46.749  SVCAgent : [qY-L] EFSController | loadEFS - efs size :  1
2025-10-08 14:12:46.750  SVCAgent : [qY-L] EFSController | loadEFS - start to load efs
2025-10-08 14:12:46.752  SVCAgent : [qY-L] Util | readLineFromFile - Input file size : 690 bytes
2025-10-08 14:12:46.753  SVCAgent : [qY-L] Util | readLineFromFile - loaded list size : 1
2025-10-08 14:12:46.753  SVCAgent : [qY-L] EFSController | loadEFS - EFS file loading - 
2025-10-08 14:12:46.754  SVCAgent : [qY-L] EFSController | getVersionType : type 2
2025-10-08 14:12:46.757  SVCAgent : [qY-L] EFSController | loadEFS - success to load efs
2025-10-08 14:12:46.758  SVCAgent : [qY-L] EFSController | loadEFS - efs size :  1
2025-10-08 14:12:46.758  SVCAgent : [qY-L] SystemInformation | setType - LST
2025-10-08 14:12:46.758  SVCAgent : [qY-L] MainService | onReceive - LST, DST, CST request complete. Now service will send system information to server.
2025-10-08 14:12:46.765  SVCAgent : [qY-L] ConnectionJobService | onStartJob - 
2025-10-08 14:12:46.775  SVCAgent : [qY-L] ConnectionJobService | StartServiceAsyncTask - Run AsyncTask.
2025-10-08 14:12:46.777  SVCAgent : [qY-L] Util | readLineFromFile - Input file size : 690 bytes
2025-10-08 14:12:46.778  SVCAgent : [qY-L] Util | readLineFromFile - loaded list size : 1
2025-10-08 14:12:46.778  SVCAgent : [qY-L] EFSController | getTransferAgainFlag - getTransferAgainFlag - Flag: 0
2025-10-08 14:12:46.779  SVCAgent : [qY-L] ConnectionJobService | StartServiceAsyncTask - Ignore network change. There is no un-delivered data
2025-10-10 16:07:48.156  SVCAgent : [cg-O] DailyBgJobService | Job started
2025-10-10 16:07:48.159  SVCAgent : [cg-O] DailyBgJobService | Daily Transfer Again check
2025-10-10 16:07:48.187  SVCAgent : [cg-O] Util | readLineFromFile - Input file size : 690 bytes
2025-10-10 16:07:48.190  SVCAgent : [cg-O] Util | readLineFromFile - loaded list size : 1
2025-10-10 16:07:48.192  SVCAgent : [cg-O] EFSController | getTransferAgainFlag - getTransferAgainFlag - Flag: 0
2025-10-10 16:07:48.256  SVCAgent : [cg-O] DailyBgJobService | ct : 1760108868194
2025-10-10 16:07:48.257  SVCAgent : [cg-O] DailyBgJobService | lt : 5357631680
2025-10-10 16:07:48.258  SVCAgent : [cg-O] DailyBgJobService | lst job started
2025-10-10 16:07:48.265  SVCAgent : [cg-O] Util | isMyServiceRunning - Service does not exist
2025-10-10 16:07:48.297  SVCAgent : [cg-O] Util | launchService.
2025-10-10 16:07:48.321  SVCAgent : [cg-O] Util | SDK Version 33.
2025-10-10 16:07:48.323  SVCAgent : [cg-O] Util | SDK Version 33.
2025-10-10 16:07:48.343  SVCAgent : [cg-O] MainService | onStartCommand - Service is now on
2025-10-10 16:07:48.829  SVCAgent : [cg-O] MainService | onReceive - com.samsung.android.service.svcagent.intent_action_last_command
2025-10-10 16:07:48.831  SVCAgent : [cg-O] EFSController | loadEFS - start to load efs
2025-10-10 16:07:48.836  SVCAgent : [cg-O] Util | readLineFromFile - Input file size : 690 bytes
2025-10-10 16:07:48.837  SVCAgent : [cg-O] Util | readLineFromFile - loaded list size : 1
2025-10-10 16:07:48.838  SVCAgent : [cg-O] EFSController | loadEFS - EFS file loading - 
2025-10-10 16:07:48.845  SVCAgent : [cg-O] EFSController | getVersionType : type 2
2025-10-10 16:07:48.847  SVCAgent : [cg-O] EFSController | loadEFS - success to load efs
2025-10-10 16:07:48.848  SVCAgent : [cg-O] EFSController | loadEFS - efs size :  1
2025-10-10 16:07:48.849  SVCAgent : [cg-O] EFSController | loadEFS - start to load efs
2025-10-10 16:07:48.851  SVCAgent : [cg-O] Util | readLineFromFile - Input file size : 690 bytes
2025-10-10 16:07:48.852  SVCAgent : [cg-O] Util | readLineFromFile - loaded list size : 1
2025-10-10 16:07:48.853  SVCAgent : [cg-O] EFSController | loadEFS - EFS file loading - 
2025-10-10 16:07:48.857  SVCAgent : [cg-O] EFSController | getVersionType : type 2
2025-10-10 16:07:48.859  SVCAgent : [cg-O] EFSController | loadEFS - success to load efs
2025-10-10 16:07:48.860  SVCAgent : [cg-O] EFSController | loadEFS - efs size :  1
2025-10-10 16:07:48.861  SVCAgent : [cg-O] SystemInformation | setType - LST
2025-10-10 16:07:48.863  SVCAgent : [cg-O] MainService | onReceive - LST, DST, CST request complete. Now service will send system information to server.
2025-10-10 16:08:02.956  SVCAgent : [cg-O] DailyBgJobService | Job started
2025-10-10 16:08:02.971  SVCAgent : [cg-O] DailyBgJobService | Daily Transfer Again check
2025-10-10 16:08:02.977  SVCAgent : [cg-O] Util | readLineFromFile - Input file size : 690 bytes
2025-10-10 16:08:02.988  SVCAgent : [cg-O] Util | readLineFromFile - loaded list size : 1
2025-10-10 16:08:02.989  SVCAgent : [cg-O] EFSController | getTransferAgainFlag - getTransferAgainFlag - Flag: 0
2025-10-10 16:08:02.992  SVCAgent : [cg-O] DailyBgJobService | ct : 1760108882990
2025-10-10 16:08:02.994  SVCAgent : [cg-O] DailyBgJobService | lt : 5357646476
2025-10-10 16:08:02.999  SVCAgent : [cg-O] DailyBgJobService | lst job started
2025-10-10 16:08:03.015  SVCAgent : [cg-O] Util | isMyServiceRunning - Service is running
2025-10-10 16:08:03.018  SVCAgent : [cg-O] Util | launchService
2025-10-10 16:08:03.547  SVCAgent : [cg-O] MainService | onReceive - com.samsung.android.service.svcagent.intent_action_last_command
2025-10-10 16:08:03.548  SVCAgent : [cg-O] EFSController | loadEFS - start to load efs
2025-10-10 16:08:03.550  SVCAgent : [cg-O] Util | readLineFromFile - Input file size : 690 bytes
2025-10-10 16:08:03.551  SVCAgent : [cg-O] Util | readLineFromFile - loaded list size : 1
2025-10-10 16:08:03.551  SVCAgent : [cg-O] EFSController | loadEFS - EFS file loading - 
2025-10-10 16:08:03.554  SVCAgent : [cg-O] EFSController | getVersionType : type 2
2025-10-10 16:08:03.557  SVCAgent : [cg-O] EFSController | loadEFS - success to load efs
2025-10-10 16:08:03.560  SVCAgent : [cg-O] EFSController | loadEFS - efs size :  1
2025-10-10 16:08:03.564  SVCAgent : [cg-O] EFSController | loadEFS - start to load efs
2025-10-10 16:08:03.568  SVCAgent : [cg-O] Util | readLineFromFile - Input file size : 690 bytes
2025-10-10 16:08:03.571  SVCAgent : [cg-O] Util | readLineFromFile - loaded list size : 1
2025-10-10 16:08:03.572  SVCAgent : [cg-O] EFSController | loadEFS - EFS file loading - 
2025-10-10 16:08:03.574  SVCAgent : [cg-O] EFSController | getVersionType : type 2
2025-10-10 16:08:03.577  SVCAgent : [cg-O] EFSController | loadEFS - success to load efs
2025-10-10 16:08:03.580  SVCAgent : [cg-O] EFSController | loadEFS - efs size :  1
2025-10-10 16:08:03.581  SVCAgent : [cg-O] SystemInformation | setType - LST
2025-10-10 16:08:03.584  SVCAgent : [cg-O] MainService | onReceive - LST, DST, CST request complete. Now service will send system information to server.
2025-10-13 11:07:51.233  SVCAgent : [Pn-M] DailyBgJobService | Job started
2025-10-13 11:07:51.236  SVCAgent : [Pn-M] DailyBgJobService | Daily Transfer Again check
2025-10-13 11:07:51.243  SVCAgent : [Pn-M] Util | readLineFromFile - Input file size : 690 bytes
2025-10-13 11:07:51.245  SVCAgent : [Pn-M] Util | readLineFromFile - loaded list size : 1
2025-10-13 11:07:51.246  SVCAgent : [Pn-M] EFSController | getTransferAgainFlag - getTransferAgainFlag - Flag: 0
2025-10-13 11:07:51.254  SVCAgent : [Pn-M] DailyBgJobService | ct : 1760350071246
2025-10-13 11:07:51.255  SVCAgent : [Pn-M] DailyBgJobService | lt : 5598834732
2025-10-13 11:07:51.256  SVCAgent : [Pn-M] DailyBgJobService | lst job started
2025-10-13 11:07:51.259  SVCAgent : [Pn-M] Util | isMyServiceRunning - Service does not exist
2025-10-13 11:07:51.267  SVCAgent : [Pn-M] Util | launchService.
2025-10-13 11:07:51.279  SVCAgent : [Pn-M] Util | SDK Version 33.
2025-10-13 11:07:51.282  SVCAgent : [Pn-M] Util | SDK Version 33.
2025-10-13 11:07:51.288  SVCAgent : [Pn-M] MainService | onStartCommand - Service is now on
2025-10-13 11:07:51.794  SVCAgent : [Pn-M] MainService | onReceive - com.samsung.android.service.svcagent.intent_action_last_command
2025-10-13 11:07:51.795  SVCAgent : [Pn-M] EFSController | loadEFS - start to load efs
2025-10-13 11:07:51.800  SVCAgent : [Pn-M] Util | readLineFromFile - Input file size : 690 bytes
2025-10-13 11:07:51.801  SVCAgent : [Pn-M] Util | readLineFromFile - loaded list size : 1
2025-10-13 11:07:51.802  SVCAgent : [Pn-M] EFSController | loadEFS - EFS file loading - 
2025-10-13 11:07:51.802  SVCAgent : [Pn-M] EFSController | getVersionType : type 2
2025-10-13 11:07:51.804  SVCAgent : [Pn-M] EFSController | loadEFS - success to load efs
2025-10-13 11:07:51.804  SVCAgent : [Pn-M] EFSController | loadEFS - efs size :  1
2025-10-13 11:07:51.805  SVCAgent : [Pn-M] EFSController | loadEFS - start to load efs
2025-10-13 11:07:51.806  SVCAgent : [Pn-M] Util | readLineFromFile - Input file size : 690 bytes
2025-10-13 11:07:51.807  SVCAgent : [Pn-M] Util | readLineFromFile - loaded list size : 1
2025-10-13 11:07:51.808  SVCAgent : [Pn-M] EFSController | loadEFS - EFS file loading - 
2025-10-13 11:07:51.808  SVCAgent : [Pn-M] EFSController | getVersionType : type 2
2025-10-13 11:07:51.809  SVCAgent : [Pn-M] EFSController | loadEFS - success to load efs
2025-10-13 11:07:51.810  SVCAgent : [Pn-M] EFSController | loadEFS - efs size :  1
2025-10-13 11:07:51.811  SVCAgent : [Pn-M] SystemInformation | setType - LST
2025-10-13 11:07:51.812  SVCAgent : [Pn-M] MainService | onReceive - LST, DST, CST request complete. Now service will send system information to server.
2025-10-13 11:08:18.056  SVCAgent : [Pn-M] DailyBgJobService | Job started
2025-10-13 11:08:18.062  SVCAgent : [Pn-M] DailyBgJobService | Daily Transfer Again check
2025-10-13 11:08:18.086  SVCAgent : [Pn-M] Util | readLineFromFile - Input file size : 690 bytes
2025-10-13 11:08:18.108  SVCAgent : [Pn-M] Util | readLineFromFile - loaded list size : 1
2025-10-13 11:08:18.111  SVCAgent : [Pn-M] EFSController | getTransferAgainFlag - getTransferAgainFlag - Flag: 0
2025-10-13 11:08:18.114  SVCAgent : [Pn-M] DailyBgJobService | ct : 1760350098113
2025-10-13 11:08:18.117  SVCAgent : [Pn-M] DailyBgJobService | lt : 5598861599
2025-10-13 11:08:18.122  SVCAgent : [Pn-M] DailyBgJobService | lst job started
2025-10-13 11:08:18.129  SVCAgent : [Pn-M] Util | isMyServiceRunning - Service is running
2025-10-13 11:08:18.132  SVCAgent : [Pn-M] Util | launchService
2025-10-13 11:08:18.644  SVCAgent : [Pn-M] MainService | onReceive - com.samsung.android.service.svcagent.intent_action_last_command
2025-10-13 11:08:18.645  SVCAgent : [Pn-M] EFSController | loadEFS - start to load efs
2025-10-13 11:08:18.646  SVCAgent : [Pn-M] Util | readLineFromFile - Input file size : 690 bytes
2025-10-13 11:08:18.647  SVCAgent : [Pn-M] Util | readLineFromFile - loaded list size : 1
2025-10-13 11:08:18.648  SVCAgent : [Pn-M] EFSController | loadEFS - EFS file loading - 
2025-10-13 11:08:18.649  SVCAgent : [Pn-M] EFSController | getVersionType : type 2
2025-10-13 11:08:18.650  SVCAgent : [Pn-M] EFSController | loadEFS - success to load efs
2025-10-13 11:08:18.651  SVCAgent : [Pn-M] EFSController | loadEFS - efs size :  1
2025-10-13 11:08:18.651  SVCAgent : [Pn-M] EFSController | loadEFS - start to load efs
2025-10-13 11:08:18.652  SVCAgent : [Pn-M] Util | readLineFromFile - Input file size : 690 bytes
2025-10-13 11:08:18.653  SVCAgent : [Pn-M] Util | readLineFromFile - loaded list size : 1
2025-10-13 11:08:18.653  SVCAgent : [Pn-M] EFSController | loadEFS - EFS file loading - 
2025-10-13 11:08:18.654  SVCAgent : [Pn-M] EFSController | getVersionType : type 2
2025-10-13 11:08:18.655  SVCAgent : [Pn-M] EFSController | loadEFS - success to load efs
2025-10-13 11:08:18.655  SVCAgent : [Pn-M] EFSController | loadEFS - efs size :  1
2025-10-13 11:08:18.656  SVCAgent : [Pn-M] SystemInformation | setType - LST
2025-10-13 11:08:18.656  SVCAgent : [Pn-M] MainService | onReceive - LST, DST, CST request complete. Now service will send system information to server.
2025-10-14 10:50:22.294  SVCAgent : [pR-Z] DailyBgJobService | Job started
2025-10-14 10:50:22.336  SVCAgent : [pR-Z] DailyBgJobService | Daily Transfer Again check
2025-10-14 10:50:22.342  SVCAgent : [pR-Z] Util | readLineFromFile - Input file size : 690 bytes
2025-10-14 10:50:22.355  SVCAgent : [pR-Z] Util | readLineFromFile - loaded list size : 1
2025-10-14 10:50:22.356  SVCAgent : [pR-Z] EFSController | getTransferAgainFlag - getTransferAgainFlag - Flag: 0
2025-10-14 10:50:22.385  SVCAgent : [pR-Z] DailyBgJobService | ct : 1760435422357
2025-10-14 10:50:22.386  SVCAgent : [pR-Z] DailyBgJobService | lt : 5684185843
2025-10-14 10:50:22.387  SVCAgent : [pR-Z] DailyBgJobService | lst job started
2025-10-14 10:50:22.392  SVCAgent : [pR-Z] Util | isMyServiceRunning - Service does not exist
2025-10-14 10:50:22.405  SVCAgent : [pR-Z] Util | launchService.
2025-10-14 10:50:22.412  SVCAgent : [pR-Z] Util | SDK Version 33.
2025-10-14 10:50:22.419  SVCAgent : [pR-Z] Util | SDK Version 33.
2025-10-14 10:50:22.433  SVCAgent : [pR-Z] MainService | onStartCommand - Service is now on
2025-10-14 10:50:22.937  SVCAgent : [pR-Z] MainService | onReceive - com.samsung.android.service.svcagent.intent_action_last_command
2025-10-14 10:50:22.939  SVCAgent : [pR-Z] EFSController | loadEFS - start to load efs
2025-10-14 10:50:22.945  SVCAgent : [pR-Z] Util | readLineFromFile - Input file size : 690 bytes
2025-10-14 10:50:22.994  SVCAgent : [pR-Z] Util | readLineFromFile - loaded list size : 1
2025-10-14 10:50:22.995  SVCAgent : [pR-Z] EFSController | loadEFS - EFS file loading - 
2025-10-14 10:50:22.999  SVCAgent : [pR-Z] EFSController | getVersionType : type 2
2025-10-14 10:50:23.001  SVCAgent : [pR-Z] EFSController | loadEFS - success to load efs
2025-10-14 10:50:23.002  SVCAgent : [pR-Z] EFSController | loadEFS - efs size :  1
2025-10-14 10:50:23.003  SVCAgent : [pR-Z] EFSController | loadEFS - start to load efs
2025-10-14 10:50:23.018  SVCAgent : [pR-Z] Util | readLineFromFile - Input file size : 690 bytes
2025-10-14 10:50:23.019  SVCAgent : [pR-Z] Util | readLineFromFile - loaded list size : 1
2025-10-14 10:50:23.020  SVCAgent : [pR-Z] EFSController | loadEFS - EFS file loading - 
2025-10-14 10:50:23.020  SVCAgent : [pR-Z] EFSController | getVersionType : type 2
2025-10-14 10:50:23.022  SVCAgent : [pR-Z] EFSController | loadEFS - success to load efs
2025-10-14 10:50:23.023  SVCAgent : [pR-Z] EFSController | loadEFS - efs size :  1
2025-10-14 10:50:23.024  SVCAgent : [pR-Z] SystemInformation | setType - LST
2025-10-14 10:50:23.026  SVCAgent : [pR-Z] MainService | onReceive - LST, DST, CST request complete. Now service will send system information to server.
2025-10-14 11:37:39.220  SVCAgent : [Bo-Y] BootReceiver | onReceive - Setup Wizard finish signal is delivered.
2025-10-14 11:37:39.221  SVCAgent : [Bo-Y] BootReceiver | onReceive - send MESSAGE_LAUNCH_SERVICE
2025-10-14 11:37:39.257  SVCAgent : [Bo-Y] Util | isMyServiceRunning - Service does not exist
2025-10-14 11:37:39.266  SVCAgent : [Bo-Y] Util | launchService.
2025-10-14 11:37:39.272  SVCAgent : [Bo-Y] Util | isMyServiceRunning - Service does not exist
2025-10-14 11:37:39.273  SVCAgent : [Bo-Y] BootReceiver | handleMessage - send MESSAGE_LAUNCH_SERVICE
2025-10-14 11:37:39.273  SVCAgent : [Bo-Y] BootReceiver | ReceiverHandler sent message.{ when=-52ms what=1 target=com.samsung.android.service.svcagent.BootReceiver$a }
2025-10-14 11:37:39.284  SVCAgent : [Bo-Y] Util | SDK Version 33.
2025-10-14 11:37:39.286  SVCAgent : [Bo-Y] Util | SDK Version 33.
2025-10-14 11:37:39.296  SVCAgent : [Bo-Y] MainService | onStartCommand - Service is now on
2025-10-14 11:37:40.077  SVCAgent : [Bo-Y] Util | isMyServiceRunning - Service is running
2025-10-14 11:37:40.078  SVCAgent : [Bo-Y] Util | launchService
2025-10-14 11:37:40.084  SVCAgent : [Bo-Y] Util | isMyServiceRunning - Service is running
2025-10-14 11:37:40.088  SVCAgent : [Bo-Y] BootReceiver | handleMessage - remove MESSAGE_LAUNCH_SERVICE
2025-10-14 11:37:40.089  SVCAgent : [Bo-Y] BootReceiver | ReceiverHandler sent message.{ when=-17ms what=1 target=com.samsung.android.service.svcagent.BootReceiver$a }
2025-10-14 11:37:40.090  SVCAgent : [Bo-Y] MainService | onReceive - com.samsung.android.service.svcagent.intent_action_start_service
2025-10-14 11:37:40.091  SVCAgent : [Bo-Y] MainService | onReceive - Start service.
2025-10-14 11:37:40.093  SVCAgent : [Bo-Y] EFSController | loadEFS - start to load efs
2025-10-14 11:37:40.097  SVCAgent : [Bo-Y] Util | readLineFromFile - Input file size : 690 bytes
2025-10-14 11:37:40.099  SVCAgent : [Bo-Y] Util | readLineFromFile - loaded list size : 1
2025-10-14 11:37:40.100  SVCAgent : [Bo-Y] EFSController | loadEFS - EFS file loading - 
2025-10-14 11:37:40.101  SVCAgent : [Bo-Y] EFSController | getVersionType : type 2
2025-10-14 11:37:40.103  SVCAgent : [Bo-Y] EFSController | loadEFS - success to load efs
2025-10-14 11:37:40.104  SVCAgent : [Bo-Y] EFSController | loadEFS - efs size :  1
2025-10-14 11:37:40.105  SVCAgent : [Bo-Y] SystemInformationBuilder | retrieveSystemInformation - Start ------------------------------------------------------------------------------------
2025-10-14 11:37:40.616  SVCAgent : [Bo-Y] SystemInformationBuilder | getUniqueNumber - Obtaining Unique Number from UFS
2025-10-14 11:37:40.620  SVCAgent : [Bo-Y] SystemInformationBuilder | getModelName - Model Name: SM-A426U1
2025-10-14 11:37:40.622  SVCAgent : [Bo-Y] SystemInformationBuilder | getCustomerCode - Sales Code from property - XAA
2025-10-14 11:37:40.623  SVCAgent : [Bo-Y] SystemInformationBuilder | A426U1UEU9EXF3/A426U1OYM9EXF3/A426U1UEU9EXF3
2025-10-14 11:37:40.625  SVCAgent : [Bo-Y] SystemInformationBuilder | 7.0.00.12
2025-10-14 11:37:40.626  SVCAgent : [Bo-Y] FlashLockVerifier | start check
2025-10-14 11:37:40.627  SVCAgent : [Bo-Y] FlashLockVerifier | Result : 1
2025-10-14 11:37:40.629  SVCAgent : [Bo-Y] SVCAgent - SysFsReader | retrieveSYSFS - Start searching HWs--------------------------------------------------------------
2025-10-14 11:37:40.645  SVCAgent : [Bo-Y] SVCAgent - SysFsReader | getNodeID - Node - SVC_rear_module3 has no ID, so it will be ignored
2025-10-14 11:37:40.647  SVCAgent : [Bo-Y] SVCAgent - SysFsReader | getNodeID - Node - SVC_rear_module4 has no ID, so it will be ignored
2025-10-14 11:37:40.651  SVCAgent : [Bo-Y] SVCAgent - SysFsReader | retrieveSYSFS - No HW node exist in directory : /sys/devices/svc/Camera
2025-10-14 11:37:40.661  SVCAgent : [Bo-Y] SVCAgent - SysFsReader | getNodeID - Node - SVC_OCTA2 has no ID, so it will be ignored
2025-10-14 11:37:40.663  SVCAgent : [Bo-Y] SVCAgent - SysFsReader | getNodeID - Node - SVC_OCTA2_CHIPID has no ID, so it will be ignored
2025-10-14 11:37:40.665  SVCAgent : [Bo-Y] SVCAgent - SysFsReader | getNodeID - Node - SVC_OCTA2_DDI_CHIPID has no ID, so it will be ignored
2025-10-14 11:37:40.666  SVCAgent : [Bo-Y] SVCAgent - SysFsReader | retrieveSYSFS - No HW node exist in directory : /sys/devices/svc/OCTA
2025-10-14 11:37:40.668  SVCAgent : [Bo-Y] SVCAgent - SysFsReader | retrieveSYSFS - 8 HWs are found
2025-10-14 11:37:40.670  SVCAgent : [Bo-Y] SVCAgent - SysFsReader | retrieveSYSFS - End -----------------------------------------------------------------------------
2025-10-14 11:37:40.672  SVCAgent : [Bo-Y] SystemInformationBuilder | retrieveSystemInformation - End --------------------------------------------------------------------------------------
2025-10-14 11:37:40.673  SVCAgent : [Bo-Y] MainService | null
2025-10-14 11:37:40.675  SVCAgent : [Bo-Y] MainService | diffComponents - Current HW ID : SVC_AP is not changed
2025-10-14 11:37:40.677  SVCAgent : [Bo-Y] MainService | diffComponents - Current HW ID : PBA_2D is not changed
2025-10-14 11:37:40.680  SVCAgent : [Bo-Y] MainService | diffComponents - Current HW ID : SVC_front_module is not changed
2025-10-14 11:37:40.681  SVCAgent : [Bo-Y] MainService | diffComponents - Current HW ID : SVC_rear_module is not changed
2025-10-14 11:37:40.683  SVCAgent : [Bo-Y] MainService | diffComponents - Current HW ID : SVC_rear_module2 is not changed
2025-10-14 11:37:40.685  SVCAgent : [Bo-Y] MainService | diffComponents - Current HW ID : SVC_OCTA is not changed
2025-10-14 11:37:40.686  SVCAgent : [Bo-Y] MainService | diffComponents - Current HW ID : SVC_OCTA_CHIPID is not changed
2025-10-14 11:37:40.688  SVCAgent : [Bo-Y] MainService | diffComponents - Current HW ID : SVC_OCTA_DDI_CHIPID is not changed
2025-10-14 11:37:40.690  SVCAgent : [Bo-Y] MainService | diffComponents - Current HW ID : changeList skip
2025-10-14 11:37:40.692  SVCAgent : [Bo-Y] MainService | diffComponents - Current HW ID : repairList skip
2025-10-14 11:37:40.693  SVCAgent : [Bo-Y] MainService | diffComponents - Current HW ID : prefix skip
2025-10-14 11:37:40.696  SVCAgent : [Bo-Y] MainService | diffDevices - cannot find any HW changes
2025-10-14 11:37:40.698  SVCAgent : [Bo-Y] MainService | decideServiceType - Current service type : 
2025-10-14 11:37:40.699  SVCAgent : [Bo-Y] SystemInformation | setType - 
2025-10-14 11:37:40.700  SVCAgent : [Bo-Y] SystemInformation | setChangeList - 
2025-10-14 11:37:40.702  SVCAgent : [Bo-Y] SystemInformation | getString - type key has no value!!!
2025-10-14 11:37:40.703  SVCAgent : [Bo-Y] MainService | postToServer - Current System Information has no service type value. Perhaps there isn't any HW changes.
2025-10-14 11:37:40.704  SVCAgent : [Bo-Y] MainService | handleMessage - No more transmission exists. Close Service.
2025-10-14 11:37:40.724  SVCAgent : [Bo-Y] EFSController | cleanEFS - Clean already transmitted data in EFS
2025-10-14 11:37:40.731  SVCAgent : [Bo-Y] EFSController | loadEFS - start to load efs
2025-10-14 11:37:40.732  SVCAgent : [Bo-Y] Util | readLineFromFile - Input file size : 690 bytes
2025-10-14 11:37:40.732  SVCAgent : [Bo-Y] Util | readLineFromFile - loaded list size : 1
2025-10-14 11:37:40.733  SVCAgent : [Bo-Y] EFSController | loadEFS - EFS file loading - 
2025-10-14 11:37:40.734  SVCAgent : [Bo-Y] EFSController | getVersionType : type 2
2025-10-14 11:37:40.735  SVCAgent : [Bo-Y] EFSController | loadEFS - success to load efs
2025-10-14 11:37:40.736  SVCAgent : [Bo-Y] EFSController | loadEFS - efs size :  1
2025-10-14 11:37:40.737  SVCAgent : [Bo-Y] EFSController | cleanEFS - (1 -> 1) data are cleared.
2025-10-14 11:37:40.743  SVCAgent : [Bo-Y] EFSController | EFSController - Delete EFS path
2025-10-14 11:37:40.748  SVCAgent : [Bo-Y] Util | writing result - 690 bytes at Tue Oct 14 11:37:40 GMT+01:00 2025
2025-10-14 11:37:40.750  SVCAgent : [Bo-Y] EFSController | makeEFS - Making file is success.
2025-10-14 11:37:40.752  SVCAgent : [Bo-Y] EFSController | loadEFS - start to load efs
2025-10-14 11:37:40.753  SVCAgent : [Bo-Y] Util | readLineFromFile - Input file size : 690 bytes
2025-10-14 11:37:40.757  SVCAgent : [Bo-Y] Util | readLineFromFile - loaded list size : 1
2025-10-14 11:37:40.759  SVCAgent : [Bo-Y] EFSController | loadEFS - EFS file loading - 
2025-10-14 11:37:40.761  SVCAgent : [Bo-Y] EFSController | getVersionType : type 2
2025-10-14 11:37:40.764  SVCAgent : [Bo-Y] EFSController | loadEFS - success to load efs
2025-10-14 11:37:40.765  SVCAgent : [Bo-Y] EFSController | loadEFS - efs size :  1
2025-10-14 11:37:40.768  SVCAgent : [Bo-Y] EFSController | EFSController - Delete EFS path
2025-10-14 11:37:40.808  SVCAgent : [Bo-Y] Util | writing result - 690 bytes at Tue Oct 14 11:37:40 GMT+01:00 2025
2025-10-14 11:37:40.809  SVCAgent : [Bo-Y] EFSController | makeEFSBackUp - Making backup file is success.
2025-10-14 11:37:40.823  SVCAgent : [Bo-Y] ConnectionJobService | scheduleJobService - JobService scheduling is success
2025-10-14 11:37:40.825  SVCAgent : [Bo-Y] MainService | onDestroy - Service is closed
2025-10-14 11:40:54.440  SVCAgent : [RQ-I] DailyBgJobService | Job started
2025-10-14 11:40:54.443  SVCAgent : [RQ-I] DailyBgJobService | Daily Transfer Again check
2025-10-14 11:40:54.449  SVCAgent : [RQ-I] Util | readLineFromFile - Input file size : 690 bytes
2025-10-14 11:40:54.452  SVCAgent : [RQ-I] Util | readLineFromFile - loaded list size : 1
2025-10-14 11:40:54.453  SVCAgent : [RQ-I] EFSController | getTransferAgainFlag - getTransferAgainFlag - Flag: 0
2025-10-14 11:40:54.483  SVCAgent : [RQ-I] DailyBgJobService | ct : 1760438454454
2025-10-14 11:40:54.484  SVCAgent : [RQ-I] DailyBgJobService | lt : 5687217940
2025-10-14 11:40:54.487  SVCAgent : [RQ-I] DailyBgJobService | lst job started
2025-10-14 11:40:54.492  SVCAgent : [RQ-I] Util | isMyServiceRunning - Service does not exist
2025-10-14 11:40:54.506  SVCAgent : [RQ-I] Util | launchService.
2025-10-14 11:40:54.509  SVCAgent : [RQ-I] ConnectionJobService | onStartJob - 
2025-10-14 11:40:54.517  SVCAgent : [RQ-I] Util | SDK Version 33.
2025-10-14 11:40:54.519  SVCAgent : [RQ-I] Util | SDK Version 33.
2025-10-14 11:40:54.522  SVCAgent : [RQ-I] ConnectionJobService | StartServiceAsyncTask - Run AsyncTask.
2025-10-14 11:40:54.529  SVCAgent : [RQ-I] Util | readLineFromFile - Input file size : 690 bytes
2025-10-14 11:40:54.530  SVCAgent : [RQ-I] Util | readLineFromFile - loaded list size : 1
2025-10-14 11:40:54.531  SVCAgent : [RQ-I] EFSController | getTransferAgainFlag - getTransferAgainFlag - Flag: 0
2025-10-14 11:40:54.533  SVCAgent : [RQ-I] MainService | onStartCommand - Service is now on
2025-10-14 11:40:54.532  SVCAgent : [RQ-I] ConnectionJobService | StartServiceAsyncTask - Ignore network change. There is no un-delivered data
2025-10-14 11:40:55.030  SVCAgent : [RQ-I] MainService | onReceive - com.samsung.android.service.svcagent.intent_action_last_command
2025-10-14 11:40:55.032  SVCAgent : [RQ-I] EFSController | loadEFS - start to load efs
2025-10-14 11:40:55.036  SVCAgent : [RQ-I] Util | readLineFromFile - Input file size : 690 bytes
2025-10-14 11:40:55.041  SVCAgent : [RQ-I] Util | readLineFromFile - loaded list size : 1
2025-10-14 11:40:55.041  SVCAgent : [RQ-I] EFSController | loadEFS - EFS file loading - 
2025-10-14 11:40:55.044  SVCAgent : [RQ-I] EFSController | getVersionType : type 2
2025-10-14 11:40:55.046  SVCAgent : [RQ-I] EFSController | loadEFS - success to load efs
2025-10-14 11:40:55.047  SVCAgent : [RQ-I] EFSController | loadEFS - efs size :  1
2025-10-14 11:40:55.048  SVCAgent : [RQ-I] EFSController | loadEFS - start to load efs
2025-10-14 11:40:55.050  SVCAgent : [RQ-I] Util | readLineFromFile - Input file size : 690 bytes
2025-10-14 11:40:55.050  SVCAgent : [RQ-I] Util | readLineFromFile - loaded list size : 1
2025-10-14 11:40:55.051  SVCAgent : [RQ-I] EFSController | loadEFS - EFS file loading - 
2025-10-14 11:40:55.052  SVCAgent : [RQ-I] EFSController | getVersionType : type 2
2025-10-14 11:40:55.057  SVCAgent : [RQ-I] EFSController | loadEFS - success to load efs
2025-10-14 11:40:55.059  SVCAgent : [RQ-I] EFSController | loadEFS - efs size :  1
2025-10-14 11:40:55.061  SVCAgent : [RQ-I] SystemInformation | setType - LST
2025-10-14 11:40:55.065  SVCAgent : [RQ-I] MainService | onReceive - LST, DST, CST request complete. Now service will send system information to server.
2025-10-15 11:39:04.885  SVCAgent : [wt-F] DailyBgJobService | Job started
2025-10-15 11:39:04.888  SVCAgent : [wt-F] DailyBgJobService | Daily Transfer Again check
2025-10-15 11:39:04.892  SVCAgent : [wt-F] Util | readLineFromFile - Input file size : 690 bytes
2025-10-15 11:39:04.894  SVCAgent : [wt-F] Util | readLineFromFile - loaded list size : 1
2025-10-15 11:39:04.895  SVCAgent : [wt-F] EFSController | getTransferAgainFlag - getTransferAgainFlag - Flag: 0
2025-10-15 11:39:04.902  SVCAgent : [wt-F] DailyBgJobService | ct : 1760524744896
2025-10-15 11:39:04.903  SVCAgent : [wt-F] DailyBgJobService | lt : 5773508382
2025-10-15 11:39:04.905  SVCAgent : [wt-F] DailyBgJobService | lst job started
2025-10-15 11:39:04.908  SVCAgent : [wt-F] Util | isMyServiceRunning - Service does not exist
2025-10-15 11:39:04.916  SVCAgent : [wt-F] Util | launchService.
2025-10-15 11:39:04.925  SVCAgent : [wt-F] Util | SDK Version 33.
2025-10-15 11:39:04.926  SVCAgent : [wt-F] Util | SDK Version 33.
2025-10-15 11:39:04.936  SVCAgent : [wt-F] MainService | onStartCommand - Service is now on
2025-10-15 11:39:05.430  SVCAgent : [wt-F] MainService | onReceive - com.samsung.android.service.svcagent.intent_action_last_command
2025-10-15 11:39:05.431  SVCAgent : [wt-F] EFSController | loadEFS - start to load efs
2025-10-15 11:39:05.436  SVCAgent : [wt-F] Util | readLineFromFile - Input file size : 690 bytes
2025-10-15 11:39:05.441  SVCAgent : [wt-F] Util | readLineFromFile - loaded list size : 1
2025-10-15 11:39:05.442  SVCAgent : [wt-F] EFSController | loadEFS - EFS file loading - 
2025-10-15 11:39:05.443  SVCAgent : [wt-F] EFSController | getVersionType : type 2
2025-10-15 11:39:05.444  SVCAgent : [wt-F] EFSController | loadEFS - success to load efs
2025-10-15 11:39:05.445  SVCAgent : [wt-F] EFSController | loadEFS - efs size :  1
2025-10-15 11:39:05.446  SVCAgent : [wt-F] EFSController | loadEFS - start to load efs
2025-10-15 11:39:05.447  SVCAgent : [wt-F] Util | readLineFromFile - Input file size : 690 bytes
2025-10-15 11:39:05.448  SVCAgent : [wt-F] Util | readLineFromFile - loaded list size : 1
2025-10-15 11:39:05.448  SVCAgent : [wt-F] EFSController | loadEFS - EFS file loading - 
2025-10-15 11:39:05.449  SVCAgent : [wt-F] EFSController | getVersionType : type 2
2025-10-15 11:39:05.450  SVCAgent : [wt-F] EFSController | loadEFS - success to load efs
2025-10-15 11:39:05.450  SVCAgent : [wt-F] EFSController | loadEFS - efs size :  1
2025-10-15 11:39:05.451  SVCAgent : [wt-F] SystemInformation | setType - LST
2025-10-15 11:39:05.452  SVCAgent : [wt-F] MainService | onReceive - LST, DST, CST request complete. Now service will send system information to server.
2025-10-16 11:38:09.109  SVCAgent : [Wy-C] DailyBgJobService | Job started
2025-10-16 11:38:09.111  SVCAgent : [Wy-C] DailyBgJobService | Daily Transfer Again check
2025-10-16 11:38:09.115  SVCAgent : [Wy-C] Util | readLineFromFile - Input file size : 690 bytes
2025-10-16 11:38:09.116  SVCAgent : [Wy-C] Util | readLineFromFile - loaded list size : 1
2025-10-16 11:38:09.118  SVCAgent : [Wy-C] EFSController | getTransferAgainFlag - getTransferAgainFlag - Flag: 0
2025-10-16 11:38:09.125  SVCAgent : [Wy-C] DailyBgJobService | ct : 1760611089119
2025-10-16 11:38:09.126  SVCAgent : [Wy-C] DailyBgJobService | lt : 5859852605
2025-10-16 11:38:09.128  SVCAgent : [Wy-C] DailyBgJobService | lst job started
2025-10-16 11:38:09.131  SVCAgent : [Wy-C] Util | isMyServiceRunning - Service does not exist
2025-10-16 11:38:09.137  SVCAgent : [Wy-C] Util | launchService.
2025-10-16 11:38:09.150  SVCAgent : [Wy-C] Util | SDK Version 33.
2025-10-16 11:38:09.152  SVCAgent : [Wy-C] Util | SDK Version 33.
2025-10-16 11:38:09.162  SVCAgent : [Wy-C] MainService | onStartCommand - Service is now on
2025-10-16 11:38:09.664  SVCAgent : [Wy-C] MainService | onReceive - com.samsung.android.service.svcagent.intent_action_last_command
2025-10-16 11:38:09.666  SVCAgent : [Wy-C] EFSController | loadEFS - start to load efs
2025-10-16 11:38:09.671  SVCAgent : [Wy-C] Util | readLineFromFile - Input file size : 690 bytes
2025-10-16 11:38:09.675  SVCAgent : [Wy-C] Util | readLineFromFile - loaded list size : 1
2025-10-16 11:38:09.676  SVCAgent : [Wy-C] EFSController | loadEFS - EFS file loading - 
2025-10-16 11:38:09.677  SVCAgent : [Wy-C] EFSController | getVersionType : type 2
2025-10-16 11:38:09.678  SVCAgent : [Wy-C] EFSController | loadEFS - success to load efs
2025-10-16 11:38:09.679  SVCAgent : [Wy-C] EFSController | loadEFS - efs size :  1
2025-10-16 11:38:09.680  SVCAgent : [Wy-C] EFSController | loadEFS - start to load efs
2025-10-16 11:38:09.684  SVCAgent : [Wy-C] Util | readLineFromFile - Input file size : 690 bytes
2025-10-16 11:38:09.685  SVCAgent : [Wy-C] Util | readLineFromFile - loaded list size : 1
2025-10-16 11:38:09.686  SVCAgent : [Wy-C] EFSController | loadEFS - EFS file loading - 
2025-10-16 11:38:09.687  SVCAgent : [Wy-C] EFSController | getVersionType : type 2
2025-10-16 11:38:09.688  SVCAgent : [Wy-C] EFSController | loadEFS - success to load efs
2025-10-16 11:38:09.689  SVCAgent : [Wy-C] EFSController | loadEFS - efs size :  1
2025-10-16 11:38:09.690  SVCAgent : [Wy-C] SystemInformation | setType - LST
2025-10-16 11:38:09.692  SVCAgent : [Wy-C] MainService | onReceive - LST, DST, CST request complete. Now service will send system information to server.
2025-10-17 11:39:15.131  SVCAgent : [tq-H] DailyBgJobService | Job started
2025-10-17 11:39:15.134  SVCAgent : [tq-H] DailyBgJobService | Daily Transfer Again check
2025-10-17 11:39:15.138  SVCAgent : [tq-H] Util | readLineFromFile - Input file size : 690 bytes
2025-10-17 11:39:15.141  SVCAgent : [tq-H] Util | readLineFromFile - loaded list size : 1
2025-10-17 11:39:15.142  SVCAgent : [tq-H] EFSController | getTransferAgainFlag - getTransferAgainFlag - Flag: 0
2025-10-17 11:39:15.149  SVCAgent : [tq-H] DailyBgJobService | ct : 1760697555143
2025-10-17 11:39:15.151  SVCAgent : [tq-H] DailyBgJobService | lt : 5946318629
2025-10-17 11:39:15.153  SVCAgent : [tq-H] DailyBgJobService | lst job started
2025-10-17 11:39:15.158  SVCAgent : [tq-H] Util | isMyServiceRunning - Service does not exist
2025-10-17 11:39:15.166  SVCAgent : [tq-H] Util | launchService.
2025-10-17 11:39:15.173  SVCAgent : [tq-H] Util | SDK Version 33.
2025-10-17 11:39:15.174  SVCAgent : [tq-H] Util | SDK Version 33.
2025-10-17 11:39:15.182  SVCAgent : [tq-H] MainService | onStartCommand - Service is now on
2025-10-17 11:39:15.691  SVCAgent : [tq-H] MainService | onReceive - com.samsung.android.service.svcagent.intent_action_last_command
2025-10-17 11:39:15.692  SVCAgent : [tq-H] EFSController | loadEFS - start to load efs
2025-10-17 11:39:15.701  SVCAgent : [tq-H] Util | readLineFromFile - Input file size : 690 bytes
2025-10-17 11:39:15.702  SVCAgent : [tq-H] Util | readLineFromFile - loaded list size : 1
2025-10-17 11:39:15.702  SVCAgent : [tq-H] EFSController | loadEFS - EFS file loading - 
2025-10-17 11:39:15.703  SVCAgent : [tq-H] EFSController | getVersionType : type 2
2025-10-17 11:39:15.704  SVCAgent : [tq-H] EFSController | loadEFS - success to load efs
2025-10-17 11:39:15.705  SVCAgent : [tq-H] EFSController | loadEFS - efs size :  1
2025-10-17 11:39:15.705  SVCAgent : [tq-H] EFSController | loadEFS - start to load efs
2025-10-17 11:39:15.706  SVCAgent : [tq-H] Util | readLineFromFile - Input file size : 690 bytes
2025-10-17 11:39:15.707  SVCAgent : [tq-H] Util | readLineFromFile - loaded list size : 1
2025-10-17 11:39:15.708  SVCAgent : [tq-H] EFSController | loadEFS - EFS file loading - 
2025-10-17 11:39:15.708  SVCAgent : [tq-H] EFSController | getVersionType : type 2
2025-10-17 11:39:15.709  SVCAgent : [tq-H] EFSController | loadEFS - success to load efs
2025-10-17 11:39:15.709  SVCAgent : [tq-H] EFSController | loadEFS - efs size :  1
2025-10-17 11:39:15.710  SVCAgent : [tq-H] SystemInformation | setType - LST
2025-10-17 11:39:15.713  SVCAgent : [tq-H] MainService | onReceive - LST, DST, CST request complete. Now service will send system information to server.
2025-10-18 08:46:42.621  SVCAgent : [Eg-S] BootReceiver | onReceive - Setup Wizard finish signal is delivered.
2025-10-18 08:46:42.623  SVCAgent : [Eg-S] BootReceiver | onReceive - send MESSAGE_LAUNCH_SERVICE
2025-10-18 08:46:42.649  SVCAgent : [Eg-S] Util | isMyServiceRunning - Service does not exist
2025-10-18 08:46:42.657  SVCAgent : [Eg-S] Util | launchService.
2025-10-18 08:46:42.661  SVCAgent : [Eg-S] Util | isMyServiceRunning - Service does not exist
2025-10-18 08:46:42.664  SVCAgent : [Eg-S] BootReceiver | handleMessage - send MESSAGE_LAUNCH_SERVICE
2025-10-18 08:46:42.665  SVCAgent : [Eg-S] BootReceiver | ReceiverHandler sent message.{ when=-42ms what=1 target=com.samsung.android.service.svcagent.BootReceiver$a }
2025-10-18 08:46:42.673  SVCAgent : [Eg-S] Util | SDK Version 33.
2025-10-18 08:46:42.674  SVCAgent : [Eg-S] Util | SDK Version 33.
2025-10-18 08:46:42.681  SVCAgent : [Eg-S] MainService | onStartCommand - Service is now on
2025-10-18 08:46:43.469  SVCAgent : [Eg-S] Util | isMyServiceRunning - Service is running
2025-10-18 08:46:43.471  SVCAgent : [Eg-S] Util | launchService
2025-10-18 08:46:43.475  SVCAgent : [Eg-S] Util | isMyServiceRunning - Service is running
2025-10-18 08:46:43.480  SVCAgent : [Eg-S] BootReceiver | handleMessage - remove MESSAGE_LAUNCH_SERVICE
2025-10-18 08:46:43.482  SVCAgent : [Eg-S] BootReceiver | ReceiverHandler sent message.{ when=-19ms what=1 target=com.samsung.android.service.svcagent.BootReceiver$a }
2025-10-18 08:46:43.483  SVCAgent : [Eg-S] MainService | onReceive - com.samsung.android.service.svcagent.intent_action_start_service
2025-10-18 08:46:43.484  SVCAgent : [Eg-S] MainService | onReceive - Start service.
2025-10-18 08:46:43.486  SVCAgent : [Eg-S] EFSController | loadEFS - start to load efs
2025-10-18 08:46:43.490  SVCAgent : [Eg-S] Util | readLineFromFile - Input file size : 690 bytes
2025-10-18 08:46:43.492  SVCAgent : [Eg-S] Util | readLineFromFile - loaded list size : 1
2025-10-18 08:46:43.493  SVCAgent : [Eg-S] EFSController | loadEFS - EFS file loading - 
2025-10-18 08:46:43.494  SVCAgent : [Eg-S] EFSController | getVersionType : type 2
2025-10-18 08:46:43.496  SVCAgent : [Eg-S] EFSController | loadEFS - success to load efs
2025-10-18 08:46:43.498  SVCAgent : [Eg-S] EFSController | loadEFS - efs size :  1
2025-10-18 08:46:43.500  SVCAgent : [Eg-S] SystemInformationBuilder | retrieveSystemInformation - Start ------------------------------------------------------------------------------------
2025-10-18 08:46:44.010  SVCAgent : [Eg-S] SystemInformationBuilder | getUniqueNumber - Obtaining Unique Number from UFS
2025-10-18 08:46:44.013  SVCAgent : [Eg-S] SystemInformationBuilder | getModelName - Model Name: SM-A426U1
2025-10-18 08:46:44.014  SVCAgent : [Eg-S] SystemInformationBuilder | getCustomerCode - Sales Code from property - XAA
2025-10-18 08:46:44.014  SVCAgent : [Eg-S] SystemInformationBuilder | A426U1UEU9EXF3/A426U1OYM9EXF3/A426U1UEU9EXF3
2025-10-18 08:46:44.016  SVCAgent : [Eg-S] SystemInformationBuilder | 7.0.00.12
2025-10-18 08:46:44.017  SVCAgent : [Eg-S] FlashLockVerifier | start check
2025-10-18 08:46:44.017  SVCAgent : [Eg-S] FlashLockVerifier | Result : 1
2025-10-18 08:46:44.018  SVCAgent : [Eg-S] SVCAgent - SysFsReader | retrieveSYSFS - Start searching HWs--------------------------------------------------------------
2025-10-18 08:46:44.029  SVCAgent : [Eg-S] SVCAgent - SysFsReader | getNodeID - Node - SVC_rear_module3 has no ID, so it will be ignored
2025-10-18 08:46:44.031  SVCAgent : [Eg-S] SVCAgent - SysFsReader | getNodeID - Node - SVC_rear_module4 has no ID, so it will be ignored
2025-10-18 08:46:44.032  SVCAgent : [Eg-S] SVCAgent - SysFsReader | retrieveSYSFS - No HW node exist in directory : /sys/devices/svc/Camera
2025-10-18 08:46:44.040  SVCAgent : [Eg-S] SVCAgent - SysFsReader | getNodeID - Node - SVC_OCTA2 has no ID, so it will be ignored
2025-10-18 08:46:44.042  SVCAgent : [Eg-S] SVCAgent - SysFsReader | getNodeID - Node - SVC_OCTA2_CHIPID has no ID, so it will be ignored
2025-10-18 08:46:44.044  SVCAgent : [Eg-S] SVCAgent - SysFsReader | getNodeID - Node - SVC_OCTA2_DDI_CHIPID has no ID, so it will be ignored
2025-10-18 08:46:44.046  SVCAgent : [Eg-S] SVCAgent - SysFsReader | retrieveSYSFS - No HW node exist in directory : /sys/devices/svc/OCTA
2025-10-18 08:46:44.048  SVCAgent : [Eg-S] SVCAgent - SysFsReader | retrieveSYSFS - 8 HWs are found
2025-10-18 08:46:44.049  SVCAgent : [Eg-S] SVCAgent - SysFsReader | retrieveSYSFS - End -----------------------------------------------------------------------------
2025-10-18 08:46:44.050  SVCAgent : [Eg-S] SystemInformationBuilder | retrieveSystemInformation - End --------------------------------------------------------------------------------------
2025-10-18 08:46:44.050  SVCAgent : [Eg-S] MainService | null
2025-10-18 08:46:44.052  SVCAgent : [Eg-S] MainService | diffComponents - Current HW ID : SVC_AP is not changed
2025-10-18 08:46:44.053  SVCAgent : [Eg-S] MainService | diffComponents - Current HW ID : PBA_2D is not changed
2025-10-18 08:46:44.054  SVCAgent : [Eg-S] MainService | diffComponents - Current HW ID : SVC_front_module is not changed
2025-10-18 08:46:44.055  SVCAgent : [Eg-S] MainService | diffComponents - Current HW ID : SVC_rear_module is not changed
2025-10-18 08:46:44.060  SVCAgent : [Eg-S] MainService | diffComponents - Current HW ID : SVC_rear_module2 is not changed
2025-10-18 08:46:44.061  SVCAgent : [Eg-S] MainService | diffComponents - Current HW ID : SVC_OCTA is not changed
2025-10-18 08:46:44.062  SVCAgent : [Eg-S] MainService | diffComponents - Current HW ID : SVC_OCTA_CHIPID is not changed
2025-10-18 08:46:44.063  SVCAgent : [Eg-S] MainService | diffComponents - Current HW ID : SVC_OCTA_DDI_CHIPID is not changed
2025-10-18 08:46:44.064  SVCAgent : [Eg-S] MainService | diffComponents - Current HW ID : changeList skip
2025-10-18 08:46:44.065  SVCAgent : [Eg-S] MainService | diffComponents - Current HW ID : repairList skip
2025-10-18 08:46:44.066  SVCAgent : [Eg-S] MainService | diffComponents - Current HW ID : prefix skip
2025-10-18 08:46:44.067  SVCAgent : [Eg-S] MainService | diffDevices - cannot find any HW changes
2025-10-18 08:46:44.068  SVCAgent : [Eg-S] MainService | decideServiceType - Current service type : 
2025-10-18 08:46:44.069  SVCAgent : [Eg-S] SystemInformation | setType - 
2025-10-18 08:46:44.069  SVCAgent : [Eg-S] SystemInformation | setChangeList - 
2025-10-18 08:46:44.070  SVCAgent : [Eg-S] SystemInformation | getString - type key has no value!!!
2025-10-18 08:46:44.071  SVCAgent : [Eg-S] MainService | postToServer - Current System Information has no service type value. Perhaps there isn't any HW changes.
2025-10-18 08:46:44.072  SVCAgent : [Eg-S] MainService | handleMessage - No more transmission exists. Close Service.
2025-10-18 08:46:44.086  SVCAgent : [Eg-S] EFSController | cleanEFS - Clean already transmitted data in EFS
2025-10-18 08:46:44.087  SVCAgent : [Eg-S] EFSController | loadEFS - start to load efs
2025-10-18 08:46:44.088  SVCAgent : [Eg-S] Util | readLineFromFile - Input file size : 690 bytes
2025-10-18 08:46:44.089  SVCAgent : [Eg-S] Util | readLineFromFile - loaded list size : 1
2025-10-18 08:46:44.090  SVCAgent : [Eg-S] EFSController | loadEFS - EFS file loading - 
2025-10-18 08:46:44.090  SVCAgent : [Eg-S] EFSController | getVersionType : type 2
2025-10-18 08:46:44.093  SVCAgent : [Eg-S] EFSController | loadEFS - success to load efs
2025-10-18 08:46:44.093  SVCAgent : [Eg-S] EFSController | loadEFS - efs size :  1
2025-10-18 08:46:44.094  SVCAgent : [Eg-S] EFSController | cleanEFS - (1 -> 1) data are cleared.
2025-10-18 08:46:44.097  SVCAgent : [Eg-S] EFSController | EFSController - Delete EFS path
2025-10-18 08:46:44.103  SVCAgent : [Eg-S] Util | writing result - 690 bytes at Sat Oct 18 08:46:44 GMT+01:00 2025
2025-10-18 08:46:44.107  SVCAgent : [Eg-S] EFSController | makeEFS - Making file is success.
2025-10-18 08:46:44.109  SVCAgent : [Eg-S] EFSController | loadEFS - start to load efs
2025-10-18 08:46:44.111  SVCAgent : [Eg-S] Util | readLineFromFile - Input file size : 690 bytes
2025-10-18 08:46:44.118  SVCAgent : [Eg-S] Util | readLineFromFile - loaded list size : 1
2025-10-18 08:46:44.119  SVCAgent : [Eg-S] EFSController | loadEFS - EFS file loading - 
2025-10-18 08:46:44.120  SVCAgent : [Eg-S] EFSController | getVersionType : type 2
2025-10-18 08:46:44.121  SVCAgent : [Eg-S] EFSController | loadEFS - success to load efs
2025-10-18 08:46:44.122  SVCAgent : [Eg-S] EFSController | loadEFS - efs size :  1
2025-10-18 08:46:44.128  SVCAgent : [Eg-S] EFSController | EFSController - Delete EFS path
2025-10-18 08:46:44.132  SVCAgent : [Eg-S] Util | writing result - 690 bytes at Sat Oct 18 08:46:44 GMT+01:00 2025
2025-10-18 08:46:44.136  SVCAgent : [Eg-S] EFSController | makeEFSBackUp - Making backup file is success.
2025-10-18 08:46:44.149  SVCAgent : [Eg-S] ConnectionJobService | scheduleJobService - JobService scheduling is success
2025-10-18 08:46:44.151  SVCAgent : [Eg-S] MainService | onDestroy - Service is closed
2025-10-20 08:46:43.018  SVCAgent : [LI-X] DailyBgJobService | Job started
2025-10-20 08:46:43.028  SVCAgent : [LI-X] DailyBgJobService | Daily Transfer Again check
2025-10-20 08:46:43.032  SVCAgent : [LI-X] Util | readLineFromFile - Input file size : 690 bytes
2025-10-20 08:46:43.034  SVCAgent : [LI-X] Util | readLineFromFile - loaded list size : 1
2025-10-20 08:46:43.035  SVCAgent : [LI-X] EFSController | getTransferAgainFlag - getTransferAgainFlag - Flag: 0
2025-10-20 08:46:43.052  SVCAgent : [LI-X] DailyBgJobService | ct : 1760946403036
2025-10-20 08:46:43.053  SVCAgent : [LI-X] DailyBgJobService | lt : 6195166522
2025-10-20 08:46:43.054  SVCAgent : [LI-X] DailyBgJobService | lst job started
2025-10-20 08:46:43.058  SVCAgent : [LI-X] Util | isMyServiceRunning - Service does not exist
2025-10-20 08:46:43.067  SVCAgent : [LI-X] Util | launchService.
2025-10-20 08:46:43.069  SVCAgent : [LI-X] ConnectionJobService | onStartJob - 
2025-10-20 08:46:43.077  SVCAgent : [LI-X] Util | SDK Version 33.
2025-10-20 08:46:43.080  SVCAgent : [LI-X] Util | SDK Version 33.
2025-10-20 08:46:43.083  SVCAgent : [LI-X] ConnectionJobService | StartServiceAsyncTask - Run AsyncTask.
2025-10-20 08:46:43.086  SVCAgent : [LI-X] Util | readLineFromFile - Input file size : 690 bytes
2025-10-20 08:46:43.087  SVCAgent : [LI-X] Util | readLineFromFile - loaded list size : 1
2025-10-20 08:46:43.088  SVCAgent : [LI-X] EFSController | getTransferAgainFlag - getTransferAgainFlag - Flag: 0
2025-10-20 08:46:43.089  SVCAgent : [LI-X] ConnectionJobService | StartServiceAsyncTask - Ignore network change. There is no un-delivered data
2025-10-20 08:46:43.090  SVCAgent : [LI-X] MainService | onStartCommand - Service is now on
2025-10-20 08:46:43.585  SVCAgent : [LI-X] MainService | onReceive - com.samsung.android.service.svcagent.intent_action_last_command
2025-10-20 08:46:43.587  SVCAgent : [LI-X] EFSController | loadEFS - start to load efs
2025-10-20 08:46:43.591  SVCAgent : [LI-X] Util | readLineFromFile - Input file size : 690 bytes
2025-10-20 08:46:43.593  SVCAgent : [LI-X] Util | readLineFromFile - loaded list size : 1
2025-10-20 08:46:43.593  SVCAgent : [LI-X] EFSController | loadEFS - EFS file loading - 
2025-10-20 08:46:43.594  SVCAgent : [LI-X] EFSController | getVersionType : type 2
2025-10-20 08:46:43.597  SVCAgent : [LI-X] EFSController | loadEFS - success to load efs
2025-10-20 08:46:43.597  SVCAgent : [LI-X] EFSController | loadEFS - efs size :  1
2025-10-20 08:46:43.598  SVCAgent : [LI-X] EFSController | loadEFS - start to load efs
2025-10-20 08:46:43.599  SVCAgent : [LI-X] Util | readLineFromFile - Input file size : 690 bytes
2025-10-20 08:46:43.600  SVCAgent : [LI-X] Util | readLineFromFile - loaded list size : 1
2025-10-20 08:46:43.601  SVCAgent : [LI-X] EFSController | loadEFS - EFS file loading - 
2025-10-20 08:46:43.601  SVCAgent : [LI-X] EFSController | getVersionType : type 2
2025-10-20 08:46:43.602  SVCAgent : [LI-X] EFSController | loadEFS - success to load efs
2025-10-20 08:46:43.603  SVCAgent : [LI-X] EFSController | loadEFS - efs size :  1
2025-10-20 08:46:43.603  SVCAgent : [LI-X] SystemInformation | setType - LST
2025-10-20 08:46:43.604  SVCAgent : [LI-X] MainService | onReceive - LST, DST, CST request complete. Now service will send system information to server.
2025-10-20 08:46:55.524  SVCAgent : [LI-X] DailyBgJobService | Job started
2025-10-20 08:46:55.526  SVCAgent : [LI-X] DailyBgJobService | Daily Transfer Again check
2025-10-20 08:46:55.528  SVCAgent : [LI-X] Util | readLineFromFile - Input file size : 690 bytes
2025-10-20 08:46:55.529  SVCAgent : [LI-X] Util | readLineFromFile - loaded list size : 1
2025-10-20 08:46:55.530  SVCAgent : [LI-X] EFSController | getTransferAgainFlag - getTransferAgainFlag - Flag: 0
2025-10-20 08:46:55.530  SVCAgent : [LI-X] DailyBgJobService | ct : 1760946415530
2025-10-20 08:46:55.531  SVCAgent : [LI-X] DailyBgJobService | lt : 6195179016
2025-10-20 08:46:55.532  SVCAgent : [LI-X] DailyBgJobService | lst job started
2025-10-20 08:46:55.535  SVCAgent : [LI-X] Util | isMyServiceRunning - Service is running
2025-10-20 08:46:55.536  SVCAgent : [LI-X] Util | launchService
2025-10-20 08:46:56.042  SVCAgent : [LI-X] MainService | onReceive - com.samsung.android.service.svcagent.intent_action_last_command
2025-10-20 08:46:56.044  SVCAgent : [LI-X] EFSController | loadEFS - start to load efs
2025-10-20 08:46:56.046  SVCAgent : [LI-X] Util | readLineFromFile - Input file size : 690 bytes
2025-10-20 08:46:56.047  SVCAgent : [LI-X] Util | readLineFromFile - loaded list size : 1
2025-10-20 08:46:56.047  SVCAgent : [LI-X] EFSController | loadEFS - EFS file loading - 
2025-10-20 08:46:56.048  SVCAgent : [LI-X] EFSController | getVersionType : type 2
2025-10-20 08:46:56.049  SVCAgent : [LI-X] EFSController | loadEFS - success to load efs
2025-10-20 08:46:56.049  SVCAgent : [LI-X] EFSController | loadEFS - efs size :  1
2025-10-20 08:46:56.050  SVCAgent : [LI-X] EFSController | loadEFS - start to load efs
2025-10-20 08:46:56.051  SVCAgent : [LI-X] Util | readLineFromFile - Input file size : 690 bytes
2025-10-20 08:46:56.089  SVCAgent : [LI-X] Util | readLineFromFile - loaded list size : 1
2025-10-20 08:46:56.089  SVCAgent : [LI-X] EFSController | loadEFS - EFS file loading - 
2025-10-20 08:46:56.090  SVCAgent : [LI-X] EFSController | getVersionType : type 2
2025-10-20 08:46:56.127  SVCAgent : [LI-X] EFSController | loadEFS - success to load efs
2025-10-20 08:46:56.128  SVCAgent : [LI-X] EFSController | loadEFS - efs size :  1
2025-10-20 08:46:56.129  SVCAgent : [LI-X] SystemInformation | setType - LST
2025-10-20 08:46:56.129  SVCAgent : [LI-X] MainService | onReceive - LST, DST, CST request complete. Now service will send system information to server.
2025-10-20 08:46:57.138  SVCAgent : [LI-X] DailyBgJobService | Job started
2025-10-20 08:46:57.146  SVCAgent : [LI-X] DailyBgJobService | Daily Transfer Again check
2025-10-20 08:46:57.147  SVCAgent : [LI-X] Util | readLineFromFile - Input file size : 690 bytes
2025-10-20 08:46:57.148  SVCAgent : [LI-X] Util | readLineFromFile - loaded list size : 1
2025-10-20 08:46:57.148  SVCAgent : [LI-X] EFSController | getTransferAgainFlag - getTransferAgainFlag - Flag: 0
2025-10-20 08:46:57.149  SVCAgent : [LI-X] DailyBgJobService | ct : 1760946417149
2025-10-20 08:46:57.149  SVCAgent : [LI-X] DailyBgJobService | lt : 6195180635
2025-10-20 08:46:57.150  SVCAgent : [LI-X] DailyBgJobService | lst job started
2025-10-20 08:46:57.167  SVCAgent : [LI-X] Util | isMyServiceRunning - Service is running
2025-10-20 08:46:57.169  SVCAgent : [LI-X] Util | launchService
2025-10-20 08:46:57.685  SVCAgent : [LI-X] MainService | onReceive - com.samsung.android.service.svcagent.intent_action_last_command
2025-10-20 08:46:57.686  SVCAgent : [LI-X] EFSController | loadEFS - start to load efs
2025-10-20 08:46:57.689  SVCAgent : [LI-X] Util | readLineFromFile - Input file size : 690 bytes
2025-10-20 08:46:57.690  SVCAgent : [LI-X] Util | readLineFromFile - loaded list size : 1
2025-10-20 08:46:57.691  SVCAgent : [LI-X] EFSController | loadEFS - EFS file loading - 
2025-10-20 08:46:57.691  SVCAgent : [LI-X] EFSController | getVersionType : type 2
2025-10-20 08:46:57.692  SVCAgent : [LI-X] EFSController | loadEFS - success to load efs
2025-10-20 08:46:57.693  SVCAgent : [LI-X] EFSController | loadEFS - efs size :  1
2025-10-20 08:46:57.694  SVCAgent : [LI-X] EFSController | loadEFS - start to load efs
2025-10-20 08:46:57.694  SVCAgent : [LI-X] Util | readLineFromFile - Input file size : 690 bytes
2025-10-20 08:46:57.695  SVCAgent : [LI-X] Util | readLineFromFile - loaded list size : 1
2025-10-20 08:46:57.696  SVCAgent : [LI-X] EFSController | loadEFS - EFS file loading - 
2025-10-20 08:46:57.697  SVCAgent : [LI-X] EFSController | getVersionType : type 2
2025-10-20 08:46:57.697  SVCAgent : [LI-X] EFSController | loadEFS - success to load efs
2025-10-20 08:46:57.698  SVCAgent : [LI-X] EFSController | loadEFS - efs size :  1
2025-10-20 08:46:57.698  SVCAgent : [LI-X] SystemInformation | setType - LST
2025-10-20 08:46:57.699  SVCAgent : [LI-X] MainService | onReceive - LST, DST, CST request complete. Now service will send system information to server.
2025-10-21 10:25:58.956  SVCAgent : [IV-D] DailyBgJobService | Job started
2025-10-21 10:25:58.960  SVCAgent : [IV-D] DailyBgJobService | Daily Transfer Again check
2025-10-21 10:25:58.967  SVCAgent : [IV-D] Util | readLineFromFile - Input file size : 690 bytes
2025-10-21 10:25:58.970  SVCAgent : [IV-D] Util | readLineFromFile - loaded list size : 1
2025-10-21 10:25:58.971  SVCAgent : [IV-D] EFSController | getTransferAgainFlag - getTransferAgainFlag - Flag: 0
2025-10-21 10:25:58.989  SVCAgent : [IV-D] DailyBgJobService | ct : 1761038758972
2025-10-21 10:25:58.990  SVCAgent : [IV-D] DailyBgJobService | lt : 6287522458
2025-10-21 10:25:58.991  SVCAgent : [IV-D] DailyBgJobService | lst job started
2025-10-21 10:25:58.999  SVCAgent : [IV-D] Util | isMyServiceRunning - Service does not exist
2025-10-21 10:25:59.022  SVCAgent : [IV-D] Util | launchService.
2025-10-21 10:25:59.124  SVCAgent : [IV-D] Util | SDK Version 33.
2025-10-21 10:25:59.125  SVCAgent : [IV-D] Util | SDK Version 33.
2025-10-21 10:25:59.192  SVCAgent : [IV-D] MainService | onStartCommand - Service is now on
2025-10-21 10:25:59.529  SVCAgent : [IV-D] MainService | onReceive - com.samsung.android.service.svcagent.intent_action_last_command
2025-10-21 10:25:59.531  SVCAgent : [IV-D] EFSController | loadEFS - start to load efs
2025-10-21 10:25:59.577  SVCAgent : [IV-D] Util | readLineFromFile - Input file size : 690 bytes
2025-10-21 10:25:59.578  SVCAgent : [IV-D] Util | readLineFromFile - loaded list size : 1
2025-10-21 10:25:59.579  SVCAgent : [IV-D] EFSController | loadEFS - EFS file loading - 
2025-10-21 10:25:59.593  SVCAgent : [IV-D] EFSController | getVersionType : type 2
2025-10-21 10:25:59.594  SVCAgent : [IV-D] EFSController | loadEFS - success to load efs
2025-10-21 10:25:59.596  SVCAgent : [IV-D] EFSController | loadEFS - efs size :  1
2025-10-21 10:25:59.597  SVCAgent : [IV-D] EFSController | loadEFS - start to load efs
2025-10-21 10:25:59.599  SVCAgent : [IV-D] Util | readLineFromFile - Input file size : 690 bytes
2025-10-21 10:25:59.600  SVCAgent : [IV-D] Util | readLineFromFile - loaded list size : 1
2025-10-21 10:25:59.601  SVCAgent : [IV-D] EFSController | loadEFS - EFS file loading - 
2025-10-21 10:25:59.602  SVCAgent : [IV-D] EFSController | getVersionType : type 2
2025-10-21 10:25:59.604  SVCAgent : [IV-D] EFSController | loadEFS - success to load efs
2025-10-21 10:25:59.605  SVCAgent : [IV-D] EFSController | loadEFS - efs size :  1
2025-10-21 10:25:59.606  SVCAgent : [IV-D] SystemInformation | setType - LST
2025-10-21 10:25:59.607  SVCAgent : [IV-D] MainService | onReceive - LST, DST, CST request complete. Now service will send system information to server.
2025-10-22 09:10:47.172  SVCAgent : [OL-Y] DailyBgJobService | Job started
2025-10-22 09:10:47.176  SVCAgent : [OL-Y] DailyBgJobService | Daily Transfer Again check
2025-10-22 09:10:47.181  SVCAgent : [OL-Y] Util | readLineFromFile - Input file size : 690 bytes
2025-10-22 09:10:47.187  SVCAgent : [OL-Y] Util | readLineFromFile - loaded list size : 1
2025-10-22 09:10:47.189  SVCAgent : [OL-Y] EFSController | getTransferAgainFlag - getTransferAgainFlag - Flag: 0
2025-10-22 09:10:47.204  SVCAgent : [OL-Y] DailyBgJobService | ct : 1761120647191
2025-10-22 09:10:47.206  SVCAgent : [OL-Y] DailyBgJobService | lt : 6369410677
2025-10-22 09:10:47.209  SVCAgent : [OL-Y] DailyBgJobService | lst job started
2025-10-22 09:10:47.214  SVCAgent : [OL-Y] Util | isMyServiceRunning - Service does not exist
2025-10-22 09:10:47.220  SVCAgent : [OL-Y] Util | launchService.
2025-10-22 09:10:47.230  SVCAgent : [OL-Y] Util | SDK Version 33.
2025-10-22 09:10:47.231  SVCAgent : [OL-Y] Util | SDK Version 33.
2025-10-22 09:10:47.239  SVCAgent : [OL-Y] MainService | onStartCommand - Service is now on
2025-10-22 09:10:47.745  SVCAgent : [OL-Y] MainService | onReceive - com.samsung.android.service.svcagent.intent_action_last_command
2025-10-22 09:10:47.747  SVCAgent : [OL-Y] EFSController | loadEFS - start to load efs
2025-10-22 09:10:47.762  SVCAgent : [OL-Y] Util | readLineFromFile - Input file size : 690 bytes
2025-10-22 09:10:47.765  SVCAgent : [OL-Y] Util | readLineFromFile - loaded list size : 1
2025-10-22 09:10:47.766  SVCAgent : [OL-Y] EFSController | loadEFS - EFS file loading - 
2025-10-22 09:10:47.769  SVCAgent : [OL-Y] EFSController | getVersionType : type 2
2025-10-22 09:10:47.774  SVCAgent : [OL-Y] EFSController | loadEFS - success to load efs
2025-10-22 09:10:47.775  SVCAgent : [OL-Y] EFSController | loadEFS - efs size :  1
2025-10-22 09:10:47.778  SVCAgent : [OL-Y] EFSController | loadEFS - start to load efs
2025-10-22 09:10:47.780  SVCAgent : [OL-Y] Util | readLineFromFile - Input file size : 690 bytes
2025-10-22 09:10:47.783  SVCAgent : [OL-Y] Util | readLineFromFile - loaded list size : 1
2025-10-22 09:10:47.784  SVCAgent : [OL-Y] EFSController | loadEFS - EFS file loading - 
2025-10-22 09:10:47.790  SVCAgent : [OL-Y] EFSController | getVersionType : type 2
2025-10-22 09:10:47.792  SVCAgent : [OL-Y] EFSController | loadEFS - success to load efs
2025-10-22 09:10:47.793  SVCAgent : [OL-Y] EFSController | loadEFS - efs size :  1
2025-10-22 09:10:47.794  SVCAgent : [OL-Y] SystemInformation | setType - LST
2025-10-22 09:10:47.796  SVCAgent : [OL-Y] MainService | onReceive - LST, DST, CST request complete. Now service will send system information to server.
2025-10-23 08:47:50.084  SVCAgent : [vH-T] DailyBgJobService | Job started
2025-10-23 08:47:50.095  SVCAgent : [vH-T] DailyBgJobService | Daily Transfer Again check
2025-10-23 08:47:50.099  SVCAgent : [vH-T] Util | readLineFromFile - Input file size : 690 bytes
2025-10-23 08:47:50.102  SVCAgent : [vH-T] Util | readLineFromFile - loaded list size : 1
2025-10-23 08:47:50.103  SVCAgent : [vH-T] EFSController | getTransferAgainFlag - getTransferAgainFlag - Flag: 0
2025-10-23 08:47:50.119  SVCAgent : [vH-T] DailyBgJobService | ct : 1761205670104
2025-10-23 08:47:50.121  SVCAgent : [vH-T] DailyBgJobService | lt : 6454433590
2025-10-23 08:47:50.122  SVCAgent : [vH-T] DailyBgJobService | lst job started
2025-10-23 08:47:50.125  SVCAgent : [vH-T] Util | isMyServiceRunning - Service does not exist
2025-10-23 08:47:50.133  SVCAgent : [vH-T] Util | launchService.
2025-10-23 08:47:50.145  SVCAgent : [vH-T] Util | SDK Version 33.
2025-10-23 08:47:50.147  SVCAgent : [vH-T] Util | SDK Version 33.
2025-10-23 08:47:50.154  SVCAgent : [vH-T] MainService | onStartCommand - Service is now on
2025-10-23 08:47:50.685  SVCAgent : [vH-T] MainService | onReceive - com.samsung.android.service.svcagent.intent_action_last_command
2025-10-23 08:47:50.687  SVCAgent : [vH-T] EFSController | loadEFS - start to load efs
2025-10-23 08:47:50.728  SVCAgent : [vH-T] Util | readLineFromFile - Input file size : 690 bytes
2025-10-23 08:47:50.729  SVCAgent : [vH-T] Util | readLineFromFile - loaded list size : 1
2025-10-23 08:47:50.730  SVCAgent : [vH-T] EFSController | loadEFS - EFS file loading - 
2025-10-23 08:47:50.732  SVCAgent : [vH-T] EFSController | getVersionType : type 2
2025-10-23 08:47:50.733  SVCAgent : [vH-T] EFSController | loadEFS - success to load efs
2025-10-23 08:47:50.734  SVCAgent : [vH-T] EFSController | loadEFS - efs size :  1
2025-10-23 08:47:50.736  SVCAgent : [vH-T] EFSController | loadEFS - start to load efs
2025-10-23 08:47:50.740  SVCAgent : [vH-T] Util | readLineFromFile - Input file size : 690 bytes
2025-10-23 08:47:50.741  SVCAgent : [vH-T] Util | readLineFromFile - loaded list size : 1
2025-10-23 08:47:50.742  SVCAgent : [vH-T] EFSController | loadEFS - EFS file loading - 
2025-10-23 08:47:50.743  SVCAgent : [vH-T] EFSController | getVersionType : type 2
2025-10-23 08:47:50.744  SVCAgent : [vH-T] EFSController | loadEFS - success to load efs
2025-10-23 08:47:50.745  SVCAgent : [vH-T] EFSController | loadEFS - efs size :  1
2025-10-23 08:47:50.747  SVCAgent : [vH-T] SystemInformation | setType - LST
2025-10-23 08:47:50.748  SVCAgent : [vH-T] MainService | onReceive - LST, DST, CST request complete. Now service will send system information to server.
2025-10-24 08:46:53.565  SVCAgent : [vr-J] DailyBgJobService | Job started
2025-10-24 08:46:53.571  SVCAgent : [vr-J] DailyBgJobService | Daily Transfer Again check
2025-10-24 08:46:53.573  SVCAgent : [vr-J] Util | readLineFromFile - Input file size : 690 bytes
2025-10-24 08:46:53.575  SVCAgent : [vr-J] Util | readLineFromFile - loaded list size : 1
2025-10-24 08:46:53.575  SVCAgent : [vr-J] EFSController | getTransferAgainFlag - getTransferAgainFlag - Flag: 0
2025-10-24 08:46:53.580  SVCAgent : [vr-J] DailyBgJobService | ct : 1761292013576
2025-10-24 08:46:53.581  SVCAgent : [vr-J] DailyBgJobService | lt : 6540777062
2025-10-24 08:46:53.582  SVCAgent : [vr-J] DailyBgJobService | lst job started
2025-10-24 08:46:53.588  SVCAgent : [vr-J] Util | isMyServiceRunning - Service does not exist
2025-10-24 08:46:53.594  SVCAgent : [vr-J] Util | launchService.
2025-10-24 08:46:53.601  SVCAgent : [vr-J] Util | SDK Version 33.
2025-10-24 08:46:53.603  SVCAgent : [vr-J] Util | SDK Version 33.
2025-10-24 08:46:53.612  SVCAgent : [vr-J] MainService | onStartCommand - Service is now on
2025-10-24 08:46:54.109  SVCAgent : [vr-J] MainService | onReceive - com.samsung.android.service.svcagent.intent_action_last_command
2025-10-24 08:46:54.111  SVCAgent : [vr-J] EFSController | loadEFS - start to load efs
2025-10-24 08:46:54.116  SVCAgent : [vr-J] Util | readLineFromFile - Input file size : 690 bytes
2025-10-24 08:46:54.117  SVCAgent : [vr-J] Util | readLineFromFile - loaded list size : 1
2025-10-24 08:46:54.118  SVCAgent : [vr-J] EFSController | loadEFS - EFS file loading - 
2025-10-24 08:46:54.119  SVCAgent : [vr-J] EFSController | getVersionType : type 2
2025-10-24 08:46:54.120  SVCAgent : [vr-J] EFSController | loadEFS - success to load efs
2025-10-24 08:46:54.121  SVCAgent : [vr-J] EFSController | loadEFS - efs size :  1
2025-10-24 08:46:54.124  SVCAgent : [vr-J] EFSController | loadEFS - start to load efs
2025-10-24 08:46:54.126  SVCAgent : [vr-J] Util | readLineFromFile - Input file size : 690 bytes
2025-10-24 08:46:54.127  SVCAgent : [vr-J] Util | readLineFromFile - loaded list size : 1
2025-10-24 08:46:54.128  SVCAgent : [vr-J] EFSController | loadEFS - EFS file loading - 
2025-10-24 08:46:54.129  SVCAgent : [vr-J] EFSController | getVersionType : type 2
2025-10-24 08:46:54.131  SVCAgent : [vr-J] EFSController | loadEFS - success to load efs
2025-10-24 08:46:54.132  SVCAgent : [vr-J] EFSController | loadEFS - efs size :  1
2025-10-24 08:46:54.133  SVCAgent : [vr-J] SystemInformation | setType - LST
2025-10-24 08:46:54.135  SVCAgent : [vr-J] MainService | onReceive - LST, DST, CST request complete. Now service will send system information to server.
2025-10-25 11:17:24.283  SVCAgent : [Pt-J] DailyBgJobService | Job started
2025-10-25 11:17:24.287  SVCAgent : [Pt-J] DailyBgJobService | Daily Transfer Again check
2025-10-25 11:17:24.290  SVCAgent : [Pt-J] Util | readLineFromFile - Input file size : 690 bytes
2025-10-25 11:17:24.297  SVCAgent : [Pt-J] Util | readLineFromFile - loaded list size : 1
2025-10-25 11:17:24.298  SVCAgent : [Pt-J] EFSController | getTransferAgainFlag - getTransferAgainFlag - Flag: 0
2025-10-25 11:17:24.304  SVCAgent : [Pt-J] DailyBgJobService | ct : 1761387444298
2025-10-25 11:17:24.305  SVCAgent : [Pt-J] DailyBgJobService | lt : 6636207784
2025-10-25 11:17:24.306  SVCAgent : [Pt-J] DailyBgJobService | lst job started
2025-10-25 11:17:24.314  SVCAgent : [Pt-J] Util | isMyServiceRunning - Service does not exist
2025-10-25 11:17:24.324  SVCAgent : [Pt-J] Util | launchService.
2025-10-25 11:17:24.337  SVCAgent : [Pt-J] Util | SDK Version 33.
2025-10-25 11:17:24.341  SVCAgent : [Pt-J] Util | SDK Version 33.
2025-10-25 11:17:24.348  SVCAgent : [Pt-J] MainService | onStartCommand - Service is now on
2025-10-25 11:17:24.854  SVCAgent : [Pt-J] MainService | onReceive - com.samsung.android.service.svcagent.intent_action_last_command
2025-10-25 11:17:24.857  SVCAgent : [Pt-J] EFSController | loadEFS - start to load efs
2025-10-25 11:17:24.861  SVCAgent : [Pt-J] Util | readLineFromFile - Input file size : 690 bytes
2025-10-25 11:17:24.862  SVCAgent : [Pt-J] Util | readLineFromFile - loaded list size : 1
2025-10-25 11:17:24.863  SVCAgent : [Pt-J] EFSController | loadEFS - EFS file loading - 
2025-10-25 11:17:24.864  SVCAgent : [Pt-J] EFSController | getVersionType : type 2
2025-10-25 11:17:24.866  SVCAgent : [Pt-J] EFSController | loadEFS - success to load efs
2025-10-25 11:17:24.867  SVCAgent : [Pt-J] EFSController | loadEFS - efs size :  1
2025-10-25 11:17:24.868  SVCAgent : [Pt-J] EFSController | loadEFS - start to load efs
2025-10-25 11:17:24.875  SVCAgent : [Pt-J] Util | readLineFromFile - Input file size : 690 bytes
2025-10-25 11:17:24.876  SVCAgent : [Pt-J] Util | readLineFromFile - loaded list size : 1
2025-10-25 11:17:24.877  SVCAgent : [Pt-J] EFSController | loadEFS - EFS file loading - 
2025-10-25 11:17:24.878  SVCAgent : [Pt-J] EFSController | getVersionType : type 2
2025-10-25 11:17:24.880  SVCAgent : [Pt-J] EFSController | loadEFS - success to load efs
2025-10-25 11:17:24.881  SVCAgent : [Pt-J] EFSController | loadEFS - efs size :  1
2025-10-25 11:17:24.882  SVCAgent : [Pt-J] SystemInformation | setType - LST
2025-10-25 11:17:24.883  SVCAgent : [Pt-J] MainService | onReceive - LST, DST, CST request complete. Now service will send system information to server.
2025-10-26 12:01:33.369  SVCAgent : [rD-I] DailyBgJobService | Job started
2025-10-26 12:01:33.391  SVCAgent : [rD-I] DailyBgJobService | Daily Transfer Again check
2025-10-26 12:01:33.405  SVCAgent : [rD-I] Util | readLineFromFile - Input file size : 690 bytes
2025-10-26 12:01:33.409  SVCAgent : [rD-I] Util | readLineFromFile - loaded list size : 1
2025-10-26 12:01:33.431  SVCAgent : [rD-I] EFSController | getTransferAgainFlag - getTransferAgainFlag - Flag: 0
2025-10-26 12:01:33.453  SVCAgent : [rD-I] DailyBgJobService | ct : 1761476493432
2025-10-26 12:01:33.454  SVCAgent : [rD-I] DailyBgJobService | lt : 6725256918
2025-10-26 12:01:33.457  SVCAgent : [rD-I] DailyBgJobService | lst job started
2025-10-26 12:01:33.470  SVCAgent : [rD-I] Util | isMyServiceRunning - Service does not exist
2025-10-26 12:01:33.494  SVCAgent : [rD-I] Util | launchService.
2025-10-26 12:01:33.515  SVCAgent : [rD-I] Util | SDK Version 33.
2025-10-26 12:01:33.530  SVCAgent : [rD-I] Util | SDK Version 33.
2025-10-26 12:01:33.539  SVCAgent : [rD-I] MainService | onStartCommand - Service is now on
2025-10-26 12:01:34.038  SVCAgent : [rD-I] MainService | onReceive - com.samsung.android.service.svcagent.intent_action_last_command
2025-10-26 12:01:34.040  SVCAgent : [rD-I] EFSController | loadEFS - start to load efs
2025-10-26 12:01:34.086  SVCAgent : [rD-I] Util | readLineFromFile - Input file size : 690 bytes
2025-10-26 12:01:34.088  SVCAgent : [rD-I] Util | readLineFromFile - loaded list size : 1
2025-10-26 12:01:34.089  SVCAgent : [rD-I] EFSController | loadEFS - EFS file loading - 
2025-10-26 12:01:34.090  SVCAgent : [rD-I] EFSController | getVersionType : type 2
2025-10-26 12:01:34.126  SVCAgent : [rD-I] EFSController | loadEFS - success to load efs
2025-10-26 12:01:34.127  SVCAgent : [rD-I] EFSController | loadEFS - efs size :  1
2025-10-26 12:01:34.129  SVCAgent : [rD-I] EFSController | loadEFS - start to load efs
2025-10-26 12:01:34.143  SVCAgent : [rD-I] Util | readLineFromFile - Input file size : 690 bytes
2025-10-26 12:01:34.146  SVCAgent : [rD-I] Util | readLineFromFile - loaded list size : 1
2025-10-26 12:01:34.149  SVCAgent : [rD-I] EFSController | loadEFS - EFS file loading - 
2025-10-26 12:01:34.150  SVCAgent : [rD-I] EFSController | getVersionType : type 2
2025-10-26 12:01:34.152  SVCAgent : [rD-I] EFSController | loadEFS - success to load efs
2025-10-26 12:01:34.153  SVCAgent : [rD-I] EFSController | loadEFS - efs size :  1
2025-10-26 12:01:34.154  SVCAgent : [rD-I] SystemInformation | setType - LST
2025-10-26 12:01:34.164  SVCAgent : [rD-I] MainService | onReceive - LST, DST, CST request complete. Now service will send system information to server.
2025-10-27 11:41:57.412  SVCAgent : [bK-G] DailyBgJobService | Job started
2025-10-27 11:41:57.430  SVCAgent : [bK-G] DailyBgJobService | Daily Transfer Again check
2025-10-27 11:41:57.520  SVCAgent : [bK-G] Util | readLineFromFile - Input file size : 690 bytes
2025-10-27 11:41:57.540  SVCAgent : [bK-G] Util | readLineFromFile - loaded list size : 1
2025-10-27 11:41:57.541  SVCAgent : [bK-G] EFSController | getTransferAgainFlag - getTransferAgainFlag - Flag: 0
2025-10-27 11:41:57.698  SVCAgent : [bK-G] DailyBgJobService | ct : 1761561717542
2025-10-27 11:41:57.699  SVCAgent : [bK-G] DailyBgJobService | lt : 6810481028
2025-10-27 11:41:57.701  SVCAgent : [bK-G] DailyBgJobService | lst job started
2025-10-27 11:41:57.737  SVCAgent : [bK-G] Util | isMyServiceRunning - Service does not exist
2025-10-27 11:41:57.807  SVCAgent : [bK-G] Util | launchService.
2025-10-27 11:41:57.831  SVCAgent : [bK-G] Util | SDK Version 33.
2025-10-27 11:41:57.833  SVCAgent : [bK-G] Util | SDK Version 33.
2025-10-27 11:41:57.849  SVCAgent : [bK-G] MainService | onStartCommand - Service is now on
2025-10-27 11:41:58.329  SVCAgent : [bK-G] MainService | onReceive - com.samsung.android.service.svcagent.intent_action_last_command
2025-10-27 11:41:58.331  SVCAgent : [bK-G] EFSController | loadEFS - start to load efs
2025-10-27 11:41:58.337  SVCAgent : [bK-G] Util | readLineFromFile - Input file size : 690 bytes
2025-10-27 11:41:58.345  SVCAgent : [bK-G] Util | readLineFromFile - loaded list size : 1
2025-10-27 11:41:58.346  SVCAgent : [bK-G] EFSController | loadEFS - EFS file loading - 
2025-10-27 11:41:58.347  SVCAgent : [bK-G] EFSController | getVersionType : type 2
2025-10-27 11:41:58.349  SVCAgent : [bK-G] EFSController | loadEFS - success to load efs
2025-10-27 11:41:58.350  SVCAgent : [bK-G] EFSController | loadEFS - efs size :  1
2025-10-27 11:41:58.353  SVCAgent : [bK-G] EFSController | loadEFS - start to load efs
2025-10-27 11:41:58.357  SVCAgent : [bK-G] Util | readLineFromFile - Input file size : 690 bytes
2025-10-27 11:41:58.358  SVCAgent : [bK-G] Util | readLineFromFile - loaded list size : 1
2025-10-27 11:41:58.359  SVCAgent : [bK-G] EFSController | loadEFS - EFS file loading - 
2025-10-27 11:41:58.360  SVCAgent : [bK-G] EFSController | getVersionType : type 2
2025-10-27 11:41:58.361  SVCAgent : [bK-G] EFSController | loadEFS - success to load efs
2025-10-27 11:41:58.368  SVCAgent : [bK-G] EFSController | loadEFS - efs size :  1
2025-10-27 11:41:58.369  SVCAgent : [bK-G] SystemInformation | setType - LST
2025-10-27 11:41:58.371  SVCAgent : [bK-G] MainService | onReceive - LST, DST, CST request complete. Now service will send system information to server.
2025-10-28 03:18:29.297  SVCAgent : [iz-T] BootReceiver | onReceive - Setup Wizard finish signal is delivered.
2025-10-28 03:18:29.299  SVCAgent : [iz-T] BootReceiver | onReceive - send MESSAGE_LAUNCH_SERVICE
2025-10-28 03:18:29.338  SVCAgent : [iz-T] Util | isMyServiceRunning - Service does not exist
2025-10-28 03:18:29.345  SVCAgent : [iz-T] Util | launchService.
2025-10-28 03:18:29.350  SVCAgent : [iz-T] Util | isMyServiceRunning - Service does not exist
2025-10-28 03:18:29.351  SVCAgent : [iz-T] BootReceiver | handleMessage - send MESSAGE_LAUNCH_SERVICE
2025-10-28 03:18:29.351  SVCAgent : [iz-T] BootReceiver | ReceiverHandler sent message.{ when=-52ms what=1 target=com.samsung.android.service.svcagent.BootReceiver$a }
2025-10-28 03:18:29.360  SVCAgent : [iz-T] Util | SDK Version 33.
2025-10-28 03:18:29.362  SVCAgent : [iz-T] Util | SDK Version 33.
2025-10-28 03:18:29.386  SVCAgent : [iz-T] MainService | onStartCommand - Service is now on
2025-10-28 03:18:30.155  SVCAgent : [iz-T] Util | isMyServiceRunning - Service is running
2025-10-28 03:18:30.157  SVCAgent : [iz-T] Util | launchService
2025-10-28 03:18:30.160  SVCAgent : [iz-T] Util | isMyServiceRunning - Service is running
2025-10-28 03:18:30.168  SVCAgent : [iz-T] BootReceiver | handleMessage - remove MESSAGE_LAUNCH_SERVICE
2025-10-28 03:18:30.169  SVCAgent : [iz-T] BootReceiver | ReceiverHandler sent message.{ when=-18ms what=1 target=com.samsung.android.service.svcagent.BootReceiver$a }
2025-10-28 03:18:30.170  SVCAgent : [iz-T] MainService | onReceive - com.samsung.android.service.svcagent.intent_action_start_service
2025-10-28 03:18:30.171  SVCAgent : [iz-T] MainService | onReceive - Start service.
2025-10-28 03:18:30.172  SVCAgent : [iz-T] EFSController | loadEFS - start to load efs
2025-10-28 03:18:30.179  SVCAgent : [iz-T] Util | readLineFromFile - Input file size : 690 bytes
2025-10-28 03:18:30.182  SVCAgent : [iz-T] Util | readLineFromFile - loaded list size : 1
2025-10-28 03:18:30.182  SVCAgent : [iz-T] EFSController | loadEFS - EFS file loading - 
2025-10-28 03:18:30.184  SVCAgent : [iz-T] EFSController | getVersionType : type 2
2025-10-28 03:18:30.186  SVCAgent : [iz-T] EFSController | loadEFS - success to load efs
2025-10-28 03:18:30.187  SVCAgent : [iz-T] EFSController | loadEFS - efs size :  1
2025-10-28 03:18:30.188  SVCAgent : [iz-T] SystemInformationBuilder | retrieveSystemInformation - Start ------------------------------------------------------------------------------------
2025-10-28 03:18:30.699  SVCAgent : [iz-T] SystemInformationBuilder | getUniqueNumber - Obtaining Unique Number from UFS
2025-10-28 03:18:30.701  SVCAgent : [iz-T] SystemInformationBuilder | getModelName - Model Name: SM-A426U1
2025-10-28 03:18:30.703  SVCAgent : [iz-T] SystemInformationBuilder | getCustomerCode - Sales Code from property - XAA
2025-10-28 03:18:30.704  SVCAgent : [iz-T] SystemInformationBuilder | A426U1UEU9EXF3/A426U1OYM9EXF3/A426U1UEU9EXF3
2025-10-28 03:18:30.705  SVCAgent : [iz-T] SystemInformationBuilder | 7.0.00.12
2025-10-28 03:18:30.706  SVCAgent : [iz-T] FlashLockVerifier | start check
2025-10-28 03:18:30.707  SVCAgent : [iz-T] FlashLockVerifier | Result : 1
2025-10-28 03:18:30.709  SVCAgent : [iz-T] SVCAgent - SysFsReader | retrieveSYSFS - Start searching HWs--------------------------------------------------------------
2025-10-28 03:18:30.730  SVCAgent : [iz-T] SVCAgent - SysFsReader | getNodeID - Node - SVC_rear_module3 has no ID, so it will be ignored
2025-10-28 03:18:30.732  SVCAgent : [iz-T] SVCAgent - SysFsReader | getNodeID - Node - SVC_rear_module4 has no ID, so it will be ignored
2025-10-28 03:18:30.734  SVCAgent : [iz-T] SVCAgent - SysFsReader | retrieveSYSFS - No HW node exist in directory : /sys/devices/svc/Camera
2025-10-28 03:18:30.742  SVCAgent : [iz-T] SVCAgent - SysFsReader | getNodeID - Node - SVC_OCTA2 has no ID, so it will be ignored
2025-10-28 03:18:30.746  SVCAgent : [iz-T] SVCAgent - SysFsReader | getNodeID - Node - SVC_OCTA2_CHIPID has no ID, so it will be ignored
2025-10-28 03:18:30.749  SVCAgent : [iz-T] SVCAgent - SysFsReader | getNodeID - Node - SVC_OCTA2_DDI_CHIPID has no ID, so it will be ignored
2025-10-28 03:18:30.750  SVCAgent : [iz-T] SVCAgent - SysFsReader | retrieveSYSFS - No HW node exist in directory : /sys/devices/svc/OCTA
2025-10-28 03:18:30.752  SVCAgent : [iz-T] SVCAgent - SysFsReader | retrieveSYSFS - 8 HWs are found
2025-10-28 03:18:30.753  SVCAgent : [iz-T] SVCAgent - SysFsReader | retrieveSYSFS - End -----------------------------------------------------------------------------
2025-10-28 03:18:30.758  SVCAgent : [iz-T] SystemInformationBuilder | retrieveSystemInformation - End --------------------------------------------------------------------------------------
2025-10-28 03:18:30.760  SVCAgent : [iz-T] MainService | null
2025-10-28 03:18:30.762  SVCAgent : [iz-T] MainService | diffComponents - Current HW ID : SVC_AP is not changed
2025-10-28 03:18:30.764  SVCAgent : [iz-T] MainService | diffComponents - Current HW ID : PBA_2D is not changed
2025-10-28 03:18:30.766  SVCAgent : [iz-T] MainService | diffComponents - Current HW ID : SVC_front_module is not changed
2025-10-28 03:18:30.768  SVCAgent : [iz-T] MainService | diffComponents - Current HW ID : SVC_rear_module is not changed
2025-10-28 03:18:30.770  SVCAgent : [iz-T] MainService | diffComponents - Current HW ID : SVC_rear_module2 is not changed
2025-10-28 03:18:30.776  SVCAgent : [iz-T] MainService | diffComponents - Current HW ID : SVC_OCTA is not changed
2025-10-28 03:18:30.778  SVCAgent : [iz-T] MainService | diffComponents - Current HW ID : SVC_OCTA_CHIPID is not changed
2025-10-28 03:18:30.778  SVCAgent : [iz-T] MainService | diffComponents - Current HW ID : SVC_OCTA_DDI_CHIPID is not changed
2025-10-28 03:18:30.781  SVCAgent : [iz-T] MainService | diffComponents - Current HW ID : changeList skip
2025-10-28 03:18:30.784  SVCAgent : [iz-T] MainService | diffComponents - Current HW ID : repairList skip
2025-10-28 03:18:30.785  SVCAgent : [iz-T] MainService | diffComponents - Current HW ID : prefix skip
2025-10-28 03:18:30.786  SVCAgent : [iz-T] MainService | diffDevices - cannot find any HW changes
2025-10-28 03:18:30.787  SVCAgent : [iz-T] MainService | decideServiceType - Current service type : 
2025-10-28 03:18:30.788  SVCAgent : [iz-T] SystemInformation | setType - 
2025-10-28 03:18:30.789  SVCAgent : [iz-T] SystemInformation | setChangeList - 
2025-10-28 03:18:30.790  SVCAgent : [iz-T] SystemInformation | getString - type key has no value!!!
2025-10-28 03:18:30.793  SVCAgent : [iz-T] MainService | postToServer - Current System Information has no service type value. Perhaps there isn't any HW changes.
2025-10-28 03:18:30.794  SVCAgent : [iz-T] MainService | handleMessage - No more transmission exists. Close Service.
2025-10-28 03:18:30.809  SVCAgent : [iz-T] EFSController | cleanEFS - Clean already transmitted data in EFS
2025-10-28 03:18:30.810  SVCAgent : [iz-T] EFSController | loadEFS - start to load efs
2025-10-28 03:18:30.811  SVCAgent : [iz-T] Util | readLineFromFile - Input file size : 690 bytes
2025-10-28 03:18:30.812  SVCAgent : [iz-T] Util | readLineFromFile - loaded list size : 1
2025-10-28 03:18:30.813  SVCAgent : [iz-T] EFSController | loadEFS - EFS file loading - 
2025-10-28 03:18:30.814  SVCAgent : [iz-T] EFSController | getVersionType : type 2
2025-10-28 03:18:30.815  SVCAgent : [iz-T] EFSController | loadEFS - success to load efs
2025-10-28 03:18:30.816  SVCAgent : [iz-T] EFSController | loadEFS - efs size :  1
2025-10-28 03:18:30.817  SVCAgent : [iz-T] EFSController | cleanEFS - (1 -> 1) data are cleared.
2025-10-28 03:18:30.821  SVCAgent : [iz-T] EFSController | EFSController - Delete EFS path
2025-10-28 03:18:30.826  SVCAgent : [iz-T] Util | writing result - 690 bytes at Tue Oct 28 03:18:30 GMT+01:00 2025
2025-10-28 03:18:30.827  SVCAgent : [iz-T] EFSController | makeEFS - Making file is success.
2025-10-28 03:18:30.828  SVCAgent : [iz-T] EFSController | loadEFS - start to load efs
2025-10-28 03:18:30.829  SVCAgent : [iz-T] Util | readLineFromFile - Input file size : 690 bytes
2025-10-28 03:18:30.830  SVCAgent : [iz-T] Util | readLineFromFile - loaded list size : 1
2025-10-28 03:18:30.830  SVCAgent : [iz-T] EFSController | loadEFS - EFS file loading - 
2025-10-28 03:18:30.831  SVCAgent : [iz-T] EFSController | getVersionType : type 2
2025-10-28 03:18:30.840  SVCAgent : [iz-T] EFSController | loadEFS - success to load efs
2025-10-28 03:18:30.841  SVCAgent : [iz-T] EFSController | loadEFS - efs size :  1
2025-10-28 03:18:30.843  SVCAgent : [iz-T] EFSController | EFSController - Delete EFS path
2025-10-28 03:18:30.849  SVCAgent : [iz-T] Util | writing result - 690 bytes at Tue Oct 28 03:18:30 GMT+01:00 2025
2025-10-28 03:18:30.850  SVCAgent : [iz-T] EFSController | makeEFSBackUp - Making backup file is success.
2025-10-28 03:18:30.863  SVCAgent : [iz-T] ConnectionJobService | scheduleJobService - JobService scheduling is success
2025-10-28 03:18:30.864  SVCAgent : [iz-T] MainService | onDestroy - Service is closed
2025-10-28 14:50:22.955  SVCAgent : [WO-A] BootReceiver | onReceive - Setup Wizard finish signal is delivered.
2025-10-28 14:50:22.957  SVCAgent : [WO-A] BootReceiver | onReceive - send MESSAGE_LAUNCH_SERVICE
2025-10-28 14:50:22.994  SVCAgent : [WO-A] Util | isMyServiceRunning - Service does not exist
2025-10-28 14:50:23.009  SVCAgent : [WO-A] Util | launchService.
2025-10-28 14:50:23.016  SVCAgent : [WO-A] Util | isMyServiceRunning - Service does not exist
2025-10-28 14:50:23.016  SVCAgent : [WO-A] BootReceiver | handleMessage - send MESSAGE_LAUNCH_SERVICE
2025-10-28 14:50:23.017  SVCAgent : [WO-A] BootReceiver | ReceiverHandler sent message.{ when=-60ms what=1 target=com.samsung.android.service.svcagent.BootReceiver$a }
2025-10-28 14:50:23.028  SVCAgent : [WO-A] Util | SDK Version 33.
2025-10-28 14:50:23.030  SVCAgent : [WO-A] Util | SDK Version 33.
2025-10-28 14:50:23.034  SVCAgent : [WO-A] MainService | onStartCommand - Service is now on
2025-10-28 14:50:23.823  SVCAgent : [WO-A] Util | isMyServiceRunning - Service is running
2025-10-28 14:50:23.824  SVCAgent : [WO-A] Util | launchService
2025-10-28 14:50:23.827  SVCAgent : [WO-A] Util | isMyServiceRunning - Service is running
2025-10-28 14:50:23.830  SVCAgent : [WO-A] BootReceiver | handleMessage - remove MESSAGE_LAUNCH_SERVICE
2025-10-28 14:50:23.831  SVCAgent : [WO-A] BootReceiver | ReceiverHandler sent message.{ when=-14ms what=1 target=com.samsung.android.service.svcagent.BootReceiver$a }
2025-10-28 14:50:23.832  SVCAgent : [WO-A] MainService | onReceive - com.samsung.android.service.svcagent.intent_action_start_service
2025-10-28 14:50:23.834  SVCAgent : [WO-A] MainService | onReceive - Start service.
2025-10-28 14:50:23.835  SVCAgent : [WO-A] EFSController | loadEFS - start to load efs
2025-10-28 14:50:23.839  SVCAgent : [WO-A] Util | readLineFromFile - Input file size : 690 bytes
2025-10-28 14:50:23.841  SVCAgent : [WO-A] Util | readLineFromFile - loaded list size : 1
2025-10-28 14:50:23.842  SVCAgent : [WO-A] EFSController | loadEFS - EFS file loading - 
2025-10-28 14:50:23.843  SVCAgent : [WO-A] EFSController | getVersionType : type 2
2025-10-28 14:50:23.844  SVCAgent : [WO-A] EFSController | loadEFS - success to load efs
2025-10-28 14:50:23.845  SVCAgent : [WO-A] EFSController | loadEFS - efs size :  1
2025-10-28 14:50:23.845  SVCAgent : [WO-A] SystemInformationBuilder | retrieveSystemInformation - Start ------------------------------------------------------------------------------------
2025-10-28 14:50:24.364  SVCAgent : [WO-A] SystemInformationBuilder | getUniqueNumber - Obtaining Unique Number from UFS
2025-10-28 14:50:24.368  SVCAgent : [WO-A] SystemInformationBuilder | getModelName - Model Name: SM-A426U1
2025-10-28 14:50:24.369  SVCAgent : [WO-A] SystemInformationBuilder | getCustomerCode - Sales Code from property - XAA
2025-10-28 14:50:24.377  SVCAgent : [WO-A] SystemInformationBuilder | A426U1UEU9EXF3/A426U1OYM9EXF3/A426U1UEU9EXF3
2025-10-28 14:50:24.380  SVCAgent : [WO-A] SystemInformationBuilder | 7.0.00.12
2025-10-28 14:50:24.381  SVCAgent : [WO-A] FlashLockVerifier | start check
2025-10-28 14:50:24.384  SVCAgent : [WO-A] FlashLockVerifier | Result : 1
2025-10-28 14:50:24.385  SVCAgent : [WO-A] SVCAgent - SysFsReader | retrieveSYSFS - Start searching HWs--------------------------------------------------------------
2025-10-28 14:50:24.397  SVCAgent : [WO-A] SVCAgent - SysFsReader | getNodeID - Node - SVC_rear_module3 has no ID, so it will be ignored
2025-10-28 14:50:24.399  SVCAgent : [WO-A] SVCAgent - SysFsReader | getNodeID - Node - SVC_rear_module4 has no ID, so it will be ignored
2025-10-28 14:50:24.401  SVCAgent : [WO-A] SVCAgent - SysFsReader | retrieveSYSFS - No HW node exist in directory : /sys/devices/svc/Camera
2025-10-28 14:50:24.409  SVCAgent : [WO-A] SVCAgent - SysFsReader | getNodeID - Node - SVC_OCTA2 has no ID, so it will be ignored
2025-10-28 14:50:24.411  SVCAgent : [WO-A] SVCAgent - SysFsReader | getNodeID - Node - SVC_OCTA2_CHIPID has no ID, so it will be ignored
2025-10-28 14:50:24.413  SVCAgent : [WO-A] SVCAgent - SysFsReader | getNodeID - Node - SVC_OCTA2_DDI_CHIPID has no ID, so it will be ignored
2025-10-28 14:50:24.414  SVCAgent : [WO-A] SVCAgent - SysFsReader | retrieveSYSFS - No HW node exist in directory : /sys/devices/svc/OCTA
2025-10-28 14:50:24.414  SVCAgent : [WO-A] SVCAgent - SysFsReader | retrieveSYSFS - 8 HWs are found
2025-10-28 14:50:24.417  SVCAgent : [WO-A] SVCAgent - SysFsReader | retrieveSYSFS - End -----------------------------------------------------------------------------
2025-10-28 14:50:24.418  SVCAgent : [WO-A] SystemInformationBuilder | retrieveSystemInformation - End --------------------------------------------------------------------------------------
2025-10-28 14:50:24.419  SVCAgent : [WO-A] MainService | null
2025-10-28 14:50:24.421  SVCAgent : [WO-A] MainService | diffComponents - Current HW ID : SVC_AP is not changed
2025-10-28 14:50:24.422  SVCAgent : [WO-A] MainService | diffComponents - Current HW ID : PBA_2D is not changed
2025-10-28 14:50:24.423  SVCAgent : [WO-A] MainService | diffComponents - Current HW ID : SVC_front_module is not changed
2025-10-28 14:50:24.424  SVCAgent : [WO-A] MainService | diffComponents - Current HW ID : SVC_rear_module is not changed
2025-10-28 14:50:24.425  SVCAgent : [WO-A] MainService | diffComponents - Current HW ID : SVC_rear_module2 is not changed
2025-10-28 14:50:24.426  SVCAgent : [WO-A] MainService | diffComponents - Current HW ID : SVC_OCTA is not changed
2025-10-28 14:50:24.427  SVCAgent : [WO-A] MainService | diffComponents - Current HW ID : SVC_OCTA_CHIPID is not changed
2025-10-28 14:50:24.428  SVCAgent : [WO-A] MainService | diffComponents - Current HW ID : SVC_OCTA_DDI_CHIPID is not changed
2025-10-28 14:50:24.429  SVCAgent : [WO-A] MainService | diffComponents - Current HW ID : changeList skip
2025-10-28 14:50:24.430  SVCAgent : [WO-A] MainService | diffComponents - Current HW ID : repairList skip
2025-10-28 14:50:24.431  SVCAgent : [WO-A] MainService | diffComponents - Current HW ID : prefix skip
2025-10-28 14:50:24.433  SVCAgent : [WO-A] MainService | diffDevices - cannot find any HW changes
2025-10-28 14:50:24.434  SVCAgent : [WO-A] MainService | decideServiceType - Current service type : 
2025-10-28 14:50:24.435  SVCAgent : [WO-A] SystemInformation | setType - 
2025-10-28 14:50:24.436  SVCAgent : [WO-A] SystemInformation | setChangeList - 
2025-10-28 14:50:24.436  SVCAgent : [WO-A] SystemInformation | getString - type key has no value!!!
2025-10-28 14:50:24.437  SVCAgent : [WO-A] MainService | postToServer - Current System Information has no service type value. Perhaps there isn't any HW changes.
2025-10-28 14:50:24.439  SVCAgent : [WO-A] MainService | handleMessage - No more transmission exists. Close Service.
2025-10-28 14:50:24.445  SVCAgent : [WO-A] EFSController | cleanEFS - Clean already transmitted data in EFS
2025-10-28 14:50:24.447  SVCAgent : [WO-A] EFSController | loadEFS - start to load efs
2025-10-28 14:50:24.449  SVCAgent : [WO-A] Util | readLineFromFile - Input file size : 690 bytes
2025-10-28 14:50:24.450  SVCAgent : [WO-A] Util | readLineFromFile - loaded list size : 1
2025-10-28 14:50:24.451  SVCAgent : [WO-A] EFSController | loadEFS - EFS file loading - 
2025-10-28 14:50:24.452  SVCAgent : [WO-A] EFSController | getVersionType : type 2
2025-10-28 14:50:24.453  SVCAgent : [WO-A] EFSController | loadEFS - success to load efs
2025-10-28 14:50:24.454  SVCAgent : [WO-A] EFSController | loadEFS - efs size :  1
2025-10-28 14:50:24.455  SVCAgent : [WO-A] EFSController | cleanEFS - (1 -> 1) data are cleared.
2025-10-28 14:50:24.458  SVCAgent : [WO-A] EFSController | EFSController - Delete EFS path
2025-10-28 14:50:24.461  SVCAgent : [WO-A] Util | writing result - 690 bytes at Tue Oct 28 14:50:24 GMT+01:00 2025
2025-10-28 14:50:24.463  SVCAgent : [WO-A] EFSController | makeEFS - Making file is success.
2025-10-28 14:50:24.464  SVCAgent : [WO-A] EFSController | loadEFS - start to load efs
2025-10-28 14:50:24.466  SVCAgent : [WO-A] Util | readLineFromFile - Input file size : 690 bytes
2025-10-28 14:50:24.467  SVCAgent : [WO-A] Util | readLineFromFile - loaded list size : 1
2025-10-28 14:50:24.468  SVCAgent : [WO-A] EFSController | loadEFS - EFS file loading - 
2025-10-28 14:50:24.468  SVCAgent : [WO-A] EFSController | getVersionType : type 2
2025-10-28 14:50:24.469  SVCAgent : [WO-A] EFSController | loadEFS - success to load efs
2025-10-28 14:50:24.470  SVCAgent : [WO-A] EFSController | loadEFS - efs size :  1
2025-10-28 14:50:24.472  SVCAgent : [WO-A] EFSController | EFSController - Delete EFS path
2025-10-28 14:50:24.485  SVCAgent : [WO-A] Util | writing result - 690 bytes at Tue Oct 28 14:50:24 GMT+01:00 2025
2025-10-28 14:50:24.486  SVCAgent : [WO-A] EFSController | makeEFSBackUp - Making backup file is success.
2025-10-28 14:50:24.495  SVCAgent : [WO-A] ConnectionJobService | scheduleJobService - JobService scheduling is success
2025-10-28 14:50:24.497  SVCAgent : [WO-A] MainService | onDestroy - Service is closed
2025-10-28 15:13:08.133  SVCAgent : [SE-S] ConnectionJobService | onStartJob - 
2025-10-28 15:13:08.140  SVCAgent : [SE-S] ConnectionJobService | StartServiceAsyncTask - Run AsyncTask.
2025-10-28 15:13:08.153  SVCAgent : [SE-S] Util | readLineFromFile - Input file size : 690 bytes
2025-10-28 15:13:08.165  SVCAgent : [SE-S] Util | readLineFromFile - loaded list size : 1
2025-10-28 15:13:08.166  SVCAgent : [SE-S] EFSController | getTransferAgainFlag - getTransferAgainFlag - Flag: 0
2025-10-28 15:13:08.167  SVCAgent : [SE-S] ConnectionJobService | StartServiceAsyncTask - Ignore network change. There is no un-delivered data
2025-10-28 15:13:18.331  SVCAgent : [Ju-I] DailyBgJobService | Job started
2025-10-28 15:13:18.340  SVCAgent : [Ju-I] DailyBgJobService | Daily Transfer Again check
2025-10-28 15:13:18.342  SVCAgent : [Ju-I] Util | readLineFromFile - Input file size : 690 bytes
2025-10-28 15:13:18.344  SVCAgent : [Ju-I] Util | readLineFromFile - loaded list size : 1
2025-10-28 15:13:18.345  SVCAgent : [Ju-I] EFSController | getTransferAgainFlag - getTransferAgainFlag - Flag: 0
2025-10-28 15:13:18.367  SVCAgent : [Ju-I] DailyBgJobService | ct : 1761660798346
2025-10-28 15:13:18.368  SVCAgent : [Ju-I] DailyBgJobService | lt : 6909561832
2025-10-28 15:13:18.369  SVCAgent : [Ju-I] DailyBgJobService | lst job started
2025-10-28 15:13:18.374  SVCAgent : [Ju-I] Util | isMyServiceRunning - Service does not exist
2025-10-28 15:13:18.382  SVCAgent : [Ju-I] Util | launchService.
2025-10-28 15:13:18.392  SVCAgent : [Ju-I] Util | SDK Version 33.
2025-10-28 15:13:18.394  SVCAgent : [Ju-I] Util | SDK Version 33.
2025-10-28 15:13:18.436  SVCAgent : [Ju-I] MainService | onStartCommand - Service is now on
2025-10-28 15:13:18.918  SVCAgent : [Ju-I] MainService | onReceive - com.samsung.android.service.svcagent.intent_action_last_command
2025-10-28 15:13:18.920  SVCAgent : [Ju-I] EFSController | loadEFS - start to load efs
2025-10-28 15:13:18.939  SVCAgent : [Ju-I] Util | readLineFromFile - Input file size : 690 bytes
2025-10-28 15:13:18.940  SVCAgent : [Ju-I] Util | readLineFromFile - loaded list size : 1
2025-10-28 15:13:18.941  SVCAgent : [Ju-I] EFSController | loadEFS - EFS file loading - 
2025-10-28 15:13:18.943  SVCAgent : [Ju-I] EFSController | getVersionType : type 2
2025-10-28 15:13:18.944  SVCAgent : [Ju-I] EFSController | loadEFS - success to load efs
2025-10-28 15:13:18.946  SVCAgent : [Ju-I] EFSController | loadEFS - efs size :  1
2025-10-28 15:13:18.947  SVCAgent : [Ju-I] EFSController | loadEFS - start to load efs
2025-10-28 15:13:18.953  SVCAgent : [Ju-I] Util | readLineFromFile - Input file size : 690 bytes
2025-10-28 15:13:18.954  SVCAgent : [Ju-I] Util | readLineFromFile - loaded list size : 1
2025-10-28 15:13:18.955  SVCAgent : [Ju-I] EFSController | loadEFS - EFS file loading - 
2025-10-28 15:13:18.956  SVCAgent : [Ju-I] EFSController | getVersionType : type 2
2025-10-28 15:13:18.958  SVCAgent : [Ju-I] EFSController | loadEFS - success to load efs
2025-10-28 15:13:18.959  SVCAgent : [Ju-I] EFSController | loadEFS - efs size :  1
2025-10-28 15:13:18.960  SVCAgent : [Ju-I] SystemInformation | setType - LST
2025-10-28 15:13:18.974  SVCAgent : [Ju-I] MainService | onReceive - LST, DST, CST request complete. Now service will send system information to server.
2025-10-29 15:11:32.390  SVCAgent : [pv-R] DailyBgJobService | Job started
2025-10-29 15:11:32.395  SVCAgent : [pv-R] DailyBgJobService | Daily Transfer Again check
2025-10-29 15:11:32.416  SVCAgent : [pv-R] Util | readLineFromFile - Input file size : 690 bytes
2025-10-29 15:11:32.418  SVCAgent : [pv-R] Util | readLineFromFile - loaded list size : 1
2025-10-29 15:11:32.419  SVCAgent : [pv-R] EFSController | getTransferAgainFlag - getTransferAgainFlag - Flag: 0
2025-10-29 15:11:32.473  SVCAgent : [pv-R] DailyBgJobService | ct : 1761747092420
2025-10-29 15:11:32.474  SVCAgent : [pv-R] DailyBgJobService | lt : 6995855906
2025-10-29 15:11:32.476  SVCAgent : [pv-R] DailyBgJobService | lst job started
2025-10-29 15:11:32.490  SVCAgent : [pv-R] Util | isMyServiceRunning - Service does not exist
2025-10-29 15:11:32.509  SVCAgent : [pv-R] Util | launchService.
2025-10-29 15:11:32.524  SVCAgent : [pv-R] Util | SDK Version 33.
2025-10-29 15:11:32.529  SVCAgent : [pv-R] Util | SDK Version 33.
2025-10-29 15:11:32.538  SVCAgent : [pv-R] MainService | onStartCommand - Service is now on
2025-10-29 15:11:33.066  SVCAgent : [pv-R] MainService | onReceive - com.samsung.android.service.svcagent.intent_action_last_command
2025-10-29 15:11:33.068  SVCAgent : [pv-R] EFSController | loadEFS - start to load efs
2025-10-29 15:11:33.082  SVCAgent : [pv-R] Util | readLineFromFile - Input file size : 690 bytes
2025-10-29 15:11:33.083  SVCAgent : [pv-R] Util | readLineFromFile - loaded list size : 1
2025-10-29 15:11:33.084  SVCAgent : [pv-R] EFSController | loadEFS - EFS file loading - 
2025-10-29 15:11:33.085  SVCAgent : [pv-R] EFSController | getVersionType : type 2
2025-10-29 15:11:33.087  SVCAgent : [pv-R] EFSController | loadEFS - success to load efs
2025-10-29 15:11:33.094  SVCAgent : [pv-R] EFSController | loadEFS - efs size :  1
2025-10-29 15:11:33.103  SVCAgent : [pv-R] EFSController | loadEFS - start to load efs
2025-10-29 15:11:33.106  SVCAgent : [pv-R] Util | readLineFromFile - Input file size : 690 bytes
2025-10-29 15:11:33.107  SVCAgent : [pv-R] Util | readLineFromFile - loaded list size : 1
2025-10-29 15:11:33.108  SVCAgent : [pv-R] EFSController | loadEFS - EFS file loading - 
2025-10-29 15:11:33.113  SVCAgent : [pv-R] EFSController | getVersionType : type 2
2025-10-29 15:11:33.115  SVCAgent : [pv-R] EFSController | loadEFS - success to load efs
2025-10-29 15:11:33.116  SVCAgent : [pv-R] EFSController | loadEFS - efs size :  1
2025-10-29 15:11:33.117  SVCAgent : [pv-R] SystemInformation | setType - LST
2025-10-29 15:11:33.119  SVCAgent : [pv-R] MainService | onReceive - LST, DST, CST request complete. Now service will send system information to server.
2025-10-30 14:50:16.601  SVCAgent : [RU-I] DailyBgJobService | Job started
2025-10-30 14:50:16.604  SVCAgent : [RU-I] DailyBgJobService | Daily Transfer Again check
2025-10-30 14:50:16.608  SVCAgent : [RU-I] Util | readLineFromFile - Input file size : 690 bytes
2025-10-30 14:50:16.610  SVCAgent : [RU-I] Util | readLineFromFile - loaded list size : 1
2025-10-30 14:50:16.611  SVCAgent : [RU-I] EFSController | getTransferAgainFlag - getTransferAgainFlag - Flag: 0
2025-10-30 14:50:16.616  SVCAgent : [RU-I] DailyBgJobService | ct : 1761832216612
2025-10-30 14:50:16.617  SVCAgent : [RU-I] DailyBgJobService | lt : 7080980098
2025-10-30 14:50:16.619  SVCAgent : [RU-I] DailyBgJobService | lst job started
2025-10-30 14:50:16.621  SVCAgent : [RU-I] Util | isMyServiceRunning - Service does not exist
2025-10-30 14:50:16.627  SVCAgent : [RU-I] Util | launchService.
2025-10-30 14:50:16.632  SVCAgent : [RU-I] Util | SDK Version 33.
2025-10-30 14:50:16.634  SVCAgent : [RU-I] Util | SDK Version 33.
2025-10-30 14:50:16.640  SVCAgent : [RU-I] MainService | onStartCommand - Service is now on
2025-10-30 14:50:17.141  SVCAgent : [RU-I] MainService | onReceive - com.samsung.android.service.svcagent.intent_action_last_command
2025-10-30 14:50:17.142  SVCAgent : [RU-I] EFSController | loadEFS - start to load efs
2025-10-30 14:50:17.146  SVCAgent : [RU-I] Util | readLineFromFile - Input file size : 690 bytes
2025-10-30 14:50:17.147  SVCAgent : [RU-I] Util | readLineFromFile - loaded list size : 1
2025-10-30 14:50:17.147  SVCAgent : [RU-I] EFSController | loadEFS - EFS file loading - 
2025-10-30 14:50:17.148  SVCAgent : [RU-I] EFSController | getVersionType : type 2
2025-10-30 14:50:17.148  SVCAgent : [RU-I] EFSController | loadEFS - success to load efs
2025-10-30 14:50:17.149  SVCAgent : [RU-I] EFSController | loadEFS - efs size :  1
2025-10-30 14:50:17.149  SVCAgent : [RU-I] EFSController | loadEFS - start to load efs
2025-10-30 14:50:17.150  SVCAgent : [RU-I] Util | readLineFromFile - Input file size : 690 bytes
2025-10-30 14:50:17.151  SVCAgent : [RU-I] Util | readLineFromFile - loaded list size : 1
2025-10-30 14:50:17.151  SVCAgent : [RU-I] EFSController | loadEFS - EFS file loading - 
2025-10-30 14:50:17.152  SVCAgent : [RU-I] EFSController | getVersionType : type 2
2025-10-30 14:50:17.152  SVCAgent : [RU-I] EFSController | loadEFS - success to load efs
2025-10-30 14:50:17.153  SVCAgent : [RU-I] EFSController | loadEFS - efs size :  1
2025-10-30 14:50:17.153  SVCAgent : [RU-I] SystemInformation | setType - LST
2025-10-30 14:50:17.154  SVCAgent : [RU-I] MainService | onReceive - LST, DST, CST request complete. Now service will send system information to server.
2025-10-30 22:35:57.748  SVCAgent : [ZI-D] BootReceiver | onReceive - Setup Wizard finish signal is delivered.
2025-10-30 22:35:57.767  SVCAgent : [ZI-D] BootReceiver | onReceive - send MESSAGE_LAUNCH_SERVICE
2025-10-30 22:35:57.810  SVCAgent : [ZI-D] Util | isMyServiceRunning - Service does not exist
2025-10-30 22:35:57.820  SVCAgent : [ZI-D] Util | launchService.
2025-10-30 22:35:57.822  SVCAgent : [ZI-D] Util | isMyServiceRunning - Service does not exist
2025-10-30 22:35:57.823  SVCAgent : [ZI-D] BootReceiver | handleMessage - send MESSAGE_LAUNCH_SERVICE
2025-10-30 22:35:57.824  SVCAgent : [ZI-D] BootReceiver | ReceiverHandler sent message.{ when=-57ms what=1 target=com.samsung.android.service.svcagent.BootReceiver$a }
2025-10-30 22:35:57.831  SVCAgent : [ZI-D] Util | SDK Version 33.
2025-10-30 22:35:57.832  SVCAgent : [ZI-D] Util | SDK Version 33.
2025-10-30 22:35:57.838  SVCAgent : [ZI-D] MainService | onStartCommand - Service is now on
2025-10-30 22:35:58.626  SVCAgent : [ZI-D] Util | isMyServiceRunning - Service is running
2025-10-30 22:35:58.627  SVCAgent : [ZI-D] Util | launchService
2025-10-30 22:35:58.630  SVCAgent : [ZI-D] Util | isMyServiceRunning - Service is running
2025-10-30 22:35:58.634  SVCAgent : [ZI-D] BootReceiver | handleMessage - remove MESSAGE_LAUNCH_SERVICE
2025-10-30 22:35:58.636  SVCAgent : [ZI-D] BootReceiver | ReceiverHandler sent message.{ when=-13ms what=1 target=com.samsung.android.service.svcagent.BootReceiver$a }
2025-10-30 22:35:58.637  SVCAgent : [ZI-D] MainService | onReceive - com.samsung.android.service.svcagent.intent_action_start_service
2025-10-30 22:35:58.638  SVCAgent : [ZI-D] MainService | onReceive - Start service.
2025-10-30 22:35:58.639  SVCAgent : [ZI-D] EFSController | loadEFS - start to load efs
2025-10-30 22:35:58.663  SVCAgent : [ZI-D] Util | readLineFromFile - Input file size : 690 bytes
2025-10-30 22:35:58.669  SVCAgent : [ZI-D] Util | readLineFromFile - loaded list size : 1
2025-10-30 22:35:58.671  SVCAgent : [ZI-D] EFSController | loadEFS - EFS file loading - 
2025-10-30 22:35:58.672  SVCAgent : [ZI-D] EFSController | getVersionType : type 2
2025-10-30 22:35:58.691  SVCAgent : [ZI-D] EFSController | loadEFS - success to load efs
2025-10-30 22:35:58.692  SVCAgent : [ZI-D] EFSController | loadEFS - efs size :  1
2025-10-30 22:35:58.693  SVCAgent : [ZI-D] SystemInformationBuilder | retrieveSystemInformation - Start ------------------------------------------------------------------------------------
2025-10-30 22:35:59.203  SVCAgent : [ZI-D] SystemInformationBuilder | getUniqueNumber - Obtaining Unique Number from UFS
2025-10-30 22:35:59.208  SVCAgent : [ZI-D] SystemInformationBuilder | getModelName - Model Name: SM-A426U1
2025-10-30 22:35:59.210  SVCAgent : [ZI-D] SystemInformationBuilder | getCustomerCode - Sales Code from property - XAA
2025-10-30 22:35:59.224  SVCAgent : [ZI-D] SystemInformationBuilder | A426U1UEU9EXF3/A426U1OYM9EXF3/A426U1UEU9EXF3
2025-10-30 22:35:59.234  SVCAgent : [ZI-D] SystemInformationBuilder | 7.0.00.12
2025-10-30 22:35:59.235  SVCAgent : [ZI-D] FlashLockVerifier | start check
2025-10-30 22:35:59.235  SVCAgent : [ZI-D] FlashLockVerifier | Result : 1
2025-10-30 22:35:59.236  SVCAgent : [ZI-D] SVCAgent - SysFsReader | retrieveSYSFS - Start searching HWs--------------------------------------------------------------
2025-10-30 22:35:59.253  SVCAgent : [ZI-D] SVCAgent - SysFsReader | getNodeID - Node - SVC_rear_module3 has no ID, so it will be ignored
2025-10-30 22:35:59.255  SVCAgent : [ZI-D] SVCAgent - SysFsReader | getNodeID - Node - SVC_rear_module4 has no ID, so it will be ignored
2025-10-30 22:35:59.256  SVCAgent : [ZI-D] SVCAgent - SysFsReader | retrieveSYSFS - No HW node exist in directory : /sys/devices/svc/Camera
2025-10-30 22:35:59.279  SVCAgent : [ZI-D] SVCAgent - SysFsReader | getNodeID - Node - SVC_OCTA2 has no ID, so it will be ignored
2025-10-30 22:35:59.280  SVCAgent : [ZI-D] SVCAgent - SysFsReader | getNodeID - Node - SVC_OCTA2_CHIPID has no ID, so it will be ignored
2025-10-30 22:35:59.288  SVCAgent : [ZI-D] SVCAgent - SysFsReader | getNodeID - Node - SVC_OCTA2_DDI_CHIPID has no ID, so it will be ignored
2025-10-30 22:35:59.289  SVCAgent : [ZI-D] SVCAgent - SysFsReader | retrieveSYSFS - No HW node exist in directory : /sys/devices/svc/OCTA
2025-10-30 22:35:59.290  SVCAgent : [ZI-D] SVCAgent - SysFsReader | retrieveSYSFS - 8 HWs are found
2025-10-30 22:35:59.291  SVCAgent : [ZI-D] SVCAgent - SysFsReader | retrieveSYSFS - End -----------------------------------------------------------------------------
2025-10-30 22:35:59.292  SVCAgent : [ZI-D] SystemInformationBuilder | retrieveSystemInformation - End --------------------------------------------------------------------------------------
2025-10-30 22:35:59.293  SVCAgent : [ZI-D] MainService | null
2025-10-30 22:35:59.294  SVCAgent : [ZI-D] MainService | diffComponents - Current HW ID : SVC_AP is not changed
2025-10-30 22:35:59.295  SVCAgent : [ZI-D] MainService | diffComponents - Current HW ID : PBA_2D is not changed
2025-10-30 22:35:59.296  SVCAgent : [ZI-D] MainService | diffComponents - Current HW ID : SVC_front_module is not changed
2025-10-30 22:35:59.297  SVCAgent : [ZI-D] MainService | diffComponents - Current HW ID : SVC_rear_module is not changed
2025-10-30 22:35:59.300  SVCAgent : [ZI-D] MainService | diffComponents - Current HW ID : SVC_rear_module2 is not changed
2025-10-30 22:35:59.301  SVCAgent : [ZI-D] MainService | diffComponents - Current HW ID : SVC_OCTA is not changed
2025-10-30 22:35:59.303  SVCAgent : [ZI-D] MainService | diffComponents - Current HW ID : SVC_OCTA_CHIPID is not changed
2025-10-30 22:35:59.304  SVCAgent : [ZI-D] MainService | diffComponents - Current HW ID : SVC_OCTA_DDI_CHIPID is not changed
2025-10-30 22:35:59.305  SVCAgent : [ZI-D] MainService | diffComponents - Current HW ID : changeList skip
2025-10-30 22:35:59.307  SVCAgent : [ZI-D] MainService | diffComponents - Current HW ID : repairList skip
2025-10-30 22:35:59.307  SVCAgent : [ZI-D] MainService | diffComponents - Current HW ID : prefix skip
2025-10-30 22:35:59.309  SVCAgent : [ZI-D] MainService | diffDevices - cannot find any HW changes
2025-10-30 22:35:59.311  SVCAgent : [ZI-D] MainService | decideServiceType - Current service type : 
2025-10-30 22:35:59.311  SVCAgent : [ZI-D] SystemInformation | setType - 
2025-10-30 22:35:59.312  SVCAgent : [ZI-D] SystemInformation | setChangeList - 
2025-10-30 22:35:59.312  SVCAgent : [ZI-D] SystemInformation | getString - type key has no value!!!
2025-10-30 22:35:59.313  SVCAgent : [ZI-D] MainService | postToServer - Current System Information has no service type value. Perhaps there isn't any HW changes.
2025-10-30 22:35:59.315  SVCAgent : [ZI-D] MainService | handleMessage - No more transmission exists. Close Service.
2025-10-30 22:35:59.321  SVCAgent : [ZI-D] EFSController | cleanEFS - Clean already transmitted data in EFS
2025-10-30 22:35:59.324  SVCAgent : [ZI-D] EFSController | loadEFS - start to load efs
2025-10-30 22:35:59.325  SVCAgent : [ZI-D] Util | readLineFromFile - Input file size : 690 bytes
2025-10-30 22:35:59.326  SVCAgent : [ZI-D] Util | readLineFromFile - loaded list size : 1
2025-10-30 22:35:59.327  SVCAgent : [ZI-D] EFSController | loadEFS - EFS file loading - 
2025-10-30 22:35:59.328  SVCAgent : [ZI-D] EFSController | getVersionType : type 2
2025-10-30 22:35:59.329  SVCAgent : [ZI-D] EFSController | loadEFS - success to load efs
2025-10-30 22:35:59.329  SVCAgent : [ZI-D] EFSController | loadEFS - efs size :  1
2025-10-30 22:35:59.331  SVCAgent : [ZI-D] EFSController | cleanEFS - (1 -> 1) data are cleared.
2025-10-30 22:35:59.334  SVCAgent : [ZI-D] EFSController | EFSController - Delete EFS path
2025-10-30 22:35:59.342  SVCAgent : [ZI-D] Util | writing result - 690 bytes at Thu Oct 30 22:35:59 GMT+01:00 2025
2025-10-30 22:35:59.344  SVCAgent : [ZI-D] EFSController | makeEFS - Making file is success.
2025-10-30 22:35:59.345  SVCAgent : [ZI-D] EFSController | loadEFS - start to load efs
2025-10-30 22:35:59.352  SVCAgent : [ZI-D] Util | readLineFromFile - Input file size : 690 bytes
2025-10-30 22:35:59.355  SVCAgent : [ZI-D] Util | readLineFromFile - loaded list size : 1
2025-10-30 22:35:59.356  SVCAgent : [ZI-D] EFSController | loadEFS - EFS file loading - 
2025-10-30 22:35:59.356  SVCAgent : [ZI-D] EFSController | getVersionType : type 2
2025-10-30 22:35:59.358  SVCAgent : [ZI-D] EFSController | loadEFS - success to load efs
2025-10-30 22:35:59.359  SVCAgent : [ZI-D] EFSController | loadEFS - efs size :  1
2025-10-30 22:35:59.361  SVCAgent : [ZI-D] EFSController | EFSController - Delete EFS path
2025-10-30 22:35:59.390  SVCAgent : [ZI-D] Util | writing result - 690 bytes at Thu Oct 30 22:35:59 GMT+01:00 2025
2025-10-30 22:35:59.391  SVCAgent : [ZI-D] EFSController | makeEFSBackUp - Making backup file is success.
2025-10-30 22:35:59.395  SVCAgent : [ZI-D] ConnectionJobService | scheduleJobService - JobService scheduling is success
2025-10-30 22:35:59.397  SVCAgent : [ZI-D] MainService | onDestroy - Service is closed
2025-10-31 07:56:36.810  SVCAgent : [lH-K] DailyBgJobService | Job started
2025-10-31 07:56:36.833  SVCAgent : [lH-K] DailyBgJobService | Daily Transfer Again check
2025-10-31 07:56:36.837  SVCAgent : [lH-K] Util | readLineFromFile - Input file size : 690 bytes
2025-10-31 07:56:36.839  SVCAgent : [lH-K] Util | readLineFromFile - loaded list size : 1
2025-10-31 07:56:36.843  SVCAgent : [lH-K] EFSController | getTransferAgainFlag - getTransferAgainFlag - Flag: 0
2025-10-31 07:56:36.929  SVCAgent : [lH-K] DailyBgJobService | ct : 1761893796844
2025-10-31 07:56:36.930  SVCAgent : [lH-K] DailyBgJobService | lt : 7142560330
2025-10-31 07:56:36.931  SVCAgent : [lH-K] DailyBgJobService | lst job started
2025-10-31 07:56:36.934  SVCAgent : [lH-K] Util | isMyServiceRunning - Service does not exist
2025-10-31 07:56:36.946  SVCAgent : [lH-K] Util | launchService.
2025-10-31 07:56:36.979  SVCAgent : [lH-K] Util | SDK Version 33.
2025-10-31 07:56:36.981  SVCAgent : [lH-K] Util | SDK Version 33.
2025-10-31 07:56:37.010  SVCAgent : [lH-K] MainService | onStartCommand - Service is now on
2025-10-31 07:56:37.365  SVCAgent : [lH-K] ConnectionJobService | onStartJob - 
2025-10-31 07:56:37.373  SVCAgent : [lH-K] ConnectionJobService | StartServiceAsyncTask - Run AsyncTask.
2025-10-31 07:56:37.374  SVCAgent : [lH-K] Util | readLineFromFile - Input file size : 690 bytes
2025-10-31 07:56:37.375  SVCAgent : [lH-K] Util | readLineFromFile - loaded list size : 1
2025-10-31 07:56:37.376  SVCAgent : [lH-K] EFSController | getTransferAgainFlag - getTransferAgainFlag - Flag: 0
2025-10-31 07:56:37.377  SVCAgent : [lH-K] ConnectionJobService | StartServiceAsyncTask - Ignore network change. There is no un-delivered data
2025-10-31 07:56:37.466  SVCAgent : [lH-K] MainService | onReceive - com.samsung.android.service.svcagent.intent_action_last_command
2025-10-31 07:56:37.468  SVCAgent : [lH-K] EFSController | loadEFS - start to load efs
2025-10-31 07:56:37.472  SVCAgent : [lH-K] Util | readLineFromFile - Input file size : 690 bytes
2025-10-31 07:56:37.473  SVCAgent : [lH-K] Util | readLineFromFile - loaded list size : 1
2025-10-31 07:56:37.474  SVCAgent : [lH-K] EFSController | loadEFS - EFS file loading - 
2025-10-31 07:56:37.475  SVCAgent : [lH-K] EFSController | getVersionType : type 2
2025-10-31 07:56:37.480  SVCAgent : [lH-K] EFSController | loadEFS - success to load efs
2025-10-31 07:56:37.481  SVCAgent : [lH-K] EFSController | loadEFS - efs size :  1
2025-10-31 07:56:37.483  SVCAgent : [lH-K] EFSController | loadEFS - start to load efs
2025-10-31 07:56:37.484  SVCAgent : [lH-K] Util | readLineFromFile - Input file size : 690 bytes
2025-10-31 07:56:37.487  SVCAgent : [lH-K] Util | readLineFromFile - loaded list size : 1
2025-10-31 07:56:37.487  SVCAgent : [lH-K] EFSController | loadEFS - EFS file loading - 
2025-10-31 07:56:37.488  SVCAgent : [lH-K] EFSController | getVersionType : type 2
2025-10-31 07:56:37.491  SVCAgent : [lH-K] EFSController | loadEFS - success to load efs
2025-10-31 07:56:37.493  SVCAgent : [lH-K] EFSController | loadEFS - efs size :  1
2025-10-31 07:56:37.494  SVCAgent : [lH-K] SystemInformation | setType - LST
2025-10-31 07:56:37.496  SVCAgent : [lH-K] MainService | onReceive - LST, DST, CST request complete. Now service will send system information to server.
2025-10-31 15:28:51.160  SVCAgent : [oW-S] BootReceiver | onReceive - Setup Wizard finish signal is delivered.
2025-10-31 15:28:51.163  SVCAgent : [oW-S] BootReceiver | onReceive - send MESSAGE_LAUNCH_SERVICE
2025-10-31 15:28:51.191  SVCAgent : [oW-S] Util | isMyServiceRunning - Service does not exist
2025-10-31 15:28:51.199  SVCAgent : [oW-S] Util | launchService.
2025-10-31 15:28:51.202  SVCAgent : [oW-S] Util | isMyServiceRunning - Service does not exist
2025-10-31 15:28:51.203  SVCAgent : [oW-S] BootReceiver | handleMessage - send MESSAGE_LAUNCH_SERVICE
2025-10-31 15:28:51.203  SVCAgent : [oW-S] BootReceiver | ReceiverHandler sent message.{ when=-40ms what=1 target=com.samsung.android.service.svcagent.BootReceiver$a }
2025-10-31 15:28:51.211  SVCAgent : [oW-S] Util | SDK Version 33.
2025-10-31 15:28:51.212  SVCAgent : [oW-S] Util | SDK Version 33.
2025-10-31 15:28:51.216  SVCAgent : [oW-S] MainService | onStartCommand - Service is now on
2025-10-31 15:28:52.005  SVCAgent : [oW-S] Util | isMyServiceRunning - Service is running
2025-10-31 15:28:52.006  SVCAgent : [oW-S] Util | launchService
2025-10-31 15:28:52.010  SVCAgent : [oW-S] Util | isMyServiceRunning - Service is running
2025-10-31 15:28:52.014  SVCAgent : [oW-S] BootReceiver | handleMessage - remove MESSAGE_LAUNCH_SERVICE
2025-10-31 15:28:52.015  SVCAgent : [oW-S] BootReceiver | ReceiverHandler sent message.{ when=-12ms what=1 target=com.samsung.android.service.svcagent.BootReceiver$a }
2025-10-31 15:28:52.016  SVCAgent : [oW-S] MainService | onReceive - com.samsung.android.service.svcagent.intent_action_start_service
2025-10-31 15:28:52.018  SVCAgent : [oW-S] MainService | onReceive - Start service.
2025-10-31 15:28:52.021  SVCAgent : [oW-S] EFSController | loadEFS - start to load efs
2025-10-31 15:28:52.026  SVCAgent : [oW-S] Util | readLineFromFile - Input file size : 690 bytes
2025-10-31 15:28:52.035  SVCAgent : [oW-S] Util | readLineFromFile - loaded list size : 1
2025-10-31 15:28:52.037  SVCAgent : [oW-S] EFSController | loadEFS - EFS file loading - 
2025-10-31 15:28:52.040  SVCAgent : [oW-S] EFSController | getVersionType : type 2
2025-10-31 15:28:52.043  SVCAgent : [oW-S] EFSController | loadEFS - success to load efs
2025-10-31 15:28:52.045  SVCAgent : [oW-S] EFSController | loadEFS - efs size :  1
2025-10-31 15:28:52.048  SVCAgent : [oW-S] SystemInformationBuilder | retrieveSystemInformation - Start ------------------------------------------------------------------------------------
2025-10-31 15:28:52.558  SVCAgent : [oW-S] SystemInformationBuilder | getUniqueNumber - Obtaining Unique Number from UFS
2025-10-31 15:28:52.561  SVCAgent : [oW-S] SystemInformationBuilder | getModelName - Model Name: SM-A426U1
2025-10-31 15:28:52.562  SVCAgent : [oW-S] SystemInformationBuilder | getCustomerCode - Sales Code from property - XAA
2025-10-31 15:28:52.562  SVCAgent : [oW-S] SystemInformationBuilder | A426U1UEU9EXF3/A426U1OYM9EXF3/A426U1UEU9EXF3
2025-10-31 15:28:52.564  SVCAgent : [oW-S] SystemInformationBuilder | 7.0.00.12
2025-10-31 15:28:52.565  SVCAgent : [oW-S] FlashLockVerifier | start check
2025-10-31 15:28:52.567  SVCAgent : [oW-S] FlashLockVerifier | Result : 1
2025-10-31 15:28:52.568  SVCAgent : [oW-S] SVCAgent - SysFsReader | retrieveSYSFS - Start searching HWs--------------------------------------------------------------
2025-10-31 15:28:52.664  SVCAgent : [oW-S] SVCAgent - SysFsReader | getNodeID - Node - SVC_rear_module3 has no ID, so it will be ignored
2025-10-31 15:28:52.704  SVCAgent : [oW-S] SVCAgent - SysFsReader | getNodeID - Node - SVC_rear_module4 has no ID, so it will be ignored
2025-10-31 15:28:52.707  SVCAgent : [oW-S] SVCAgent - SysFsReader | retrieveSYSFS - No HW node exist in directory : /sys/devices/svc/Camera
2025-10-31 15:28:52.720  SVCAgent : [oW-S] SVCAgent - SysFsReader | getNodeID - Node - SVC_OCTA2 has no ID, so it will be ignored
2025-10-31 15:28:52.722  SVCAgent : [oW-S] SVCAgent - SysFsReader | getNodeID - Node - SVC_OCTA2_CHIPID has no ID, so it will be ignored
2025-10-31 15:28:52.733  SVCAgent : [oW-S] SVCAgent - SysFsReader | getNodeID - Node - SVC_OCTA2_DDI_CHIPID has no ID, so it will be ignored
2025-10-31 15:28:52.735  SVCAgent : [oW-S] SVCAgent - SysFsReader | retrieveSYSFS - No HW node exist in directory : /sys/devices/svc/OCTA
2025-10-31 15:28:52.737  SVCAgent : [oW-S] SVCAgent - SysFsReader | retrieveSYSFS - 8 HWs are found
2025-10-31 15:28:52.738  SVCAgent : [oW-S] SVCAgent - SysFsReader | retrieveSYSFS - End -----------------------------------------------------------------------------
2025-10-31 15:28:52.746  SVCAgent : [oW-S] SystemInformationBuilder | retrieveSystemInformation - End --------------------------------------------------------------------------------------
2025-10-31 15:28:52.747  SVCAgent : [oW-S] MainService | null
2025-10-31 15:28:52.749  SVCAgent : [oW-S] MainService | diffComponents - Current HW ID : SVC_AP is not changed
2025-10-31 15:28:52.758  SVCAgent : [oW-S] MainService | diffComponents - Current HW ID : PBA_2D is not changed
2025-10-31 15:28:52.759  SVCAgent : [oW-S] MainService | diffComponents - Current HW ID : SVC_front_module is not changed
2025-10-31 15:28:52.760  SVCAgent : [oW-S] MainService | diffComponents - Current HW ID : SVC_rear_module is not changed
2025-10-31 15:28:52.761  SVCAgent : [oW-S] MainService | diffComponents - Current HW ID : SVC_rear_module2 is not changed
2025-10-31 15:28:52.762  SVCAgent : [oW-S] MainService | diffComponents - Current HW ID : SVC_OCTA is not changed
2025-10-31 15:28:52.763  SVCAgent : [oW-S] MainService | diffComponents - Current HW ID : SVC_OCTA_CHIPID is not changed
2025-10-31 15:28:52.764  SVCAgent : [oW-S] MainService | diffComponents - Current HW ID : SVC_OCTA_DDI_CHIPID is not changed
2025-10-31 15:28:52.764  SVCAgent : [oW-S] MainService | diffComponents - Current HW ID : changeList skip
2025-10-31 15:28:52.770  SVCAgent : [oW-S] MainService | diffComponents - Current HW ID : repairList skip
2025-10-31 15:28:52.773  SVCAgent : [oW-S] MainService | diffComponents - Current HW ID : prefix skip
2025-10-31 15:28:52.775  SVCAgent : [oW-S] MainService | diffDevices - cannot find any HW changes
2025-10-31 15:28:52.776  SVCAgent : [oW-S] MainService | decideServiceType - Current service type : 
2025-10-31 15:28:52.778  SVCAgent : [oW-S] SystemInformation | setType - 
2025-10-31 15:28:52.779  SVCAgent : [oW-S] SystemInformation | setChangeList - 
2025-10-31 15:28:52.780  SVCAgent : [oW-S] SystemInformation | getString - type key has no value!!!
2025-10-31 15:28:52.790  SVCAgent : [oW-S] MainService | postToServer - Current System Information has no service type value. Perhaps there isn't any HW changes.
2025-10-31 15:28:52.791  SVCAgent : [oW-S] MainService | handleMessage - No more transmission exists. Close Service.
2025-10-31 15:28:52.804  SVCAgent : [oW-S] EFSController | cleanEFS - Clean already transmitted data in EFS
2025-10-31 15:28:52.805  SVCAgent : [oW-S] EFSController | loadEFS - start to load efs
2025-10-31 15:28:52.807  SVCAgent : [oW-S] Util | readLineFromFile - Input file size : 690 bytes
2025-10-31 15:28:52.807  SVCAgent : [oW-S] Util | readLineFromFile - loaded list size : 1
2025-10-31 15:28:52.808  SVCAgent : [oW-S] EFSController | loadEFS - EFS file loading - 
2025-10-31 15:28:52.811  SVCAgent : [oW-S] EFSController | getVersionType : type 2
2025-10-31 15:28:52.818  SVCAgent : [oW-S] EFSController | loadEFS - success to load efs
2025-10-31 15:28:52.819  SVCAgent : [oW-S] EFSController | loadEFS - efs size :  1
2025-10-31 15:28:52.820  SVCAgent : [oW-S] EFSController | cleanEFS - (1 -> 1) data are cleared.
2025-10-31 15:28:52.825  SVCAgent : [oW-S] EFSController | EFSController - Delete EFS path
2025-10-31 15:28:52.831  SVCAgent : [oW-S] Util | writing result - 690 bytes at Fri Oct 31 15:28:52 GMT+01:00 2025
2025-10-31 15:28:52.832  SVCAgent : [oW-S] EFSController | makeEFS - Making file is success.
2025-10-31 15:28:52.833  SVCAgent : [oW-S] EFSController | loadEFS - start to load efs
2025-10-31 15:28:52.835  SVCAgent : [oW-S] Util | readLineFromFile - Input file size : 690 bytes
2025-10-31 15:28:52.840  SVCAgent : [oW-S] Util | readLineFromFile - loaded list size : 1
2025-10-31 15:28:52.841  SVCAgent : [oW-S] EFSController | loadEFS - EFS file loading - 
2025-10-31 15:28:52.841  SVCAgent : [oW-S] EFSController | getVersionType : type 2
2025-10-31 15:28:52.842  SVCAgent : [oW-S] EFSController | loadEFS - success to load efs
2025-10-31 15:28:52.843  SVCAgent : [oW-S] EFSController | loadEFS - efs size :  1
2025-10-31 15:28:52.845  SVCAgent : [oW-S] EFSController | EFSController - Delete EFS path
2025-10-31 15:28:52.879  SVCAgent : [oW-S] Util | writing result - 690 bytes at Fri Oct 31 15:28:52 GMT+01:00 2025
2025-10-31 15:28:52.882  SVCAgent : [oW-S] EFSController | makeEFSBackUp - Making backup file is success.
2025-10-31 15:28:52.894  SVCAgent : [oW-S] ConnectionJobService | scheduleJobService - JobService scheduling is success
2025-10-31 15:28:52.896  SVCAgent : [oW-S] MainService | onDestroy - Service is closed
2025-11-01 00:31:25.399  SVCAgent : [YT-V] ConnectionJobService | onStartJob - 
2025-11-01 00:31:25.410  SVCAgent : [YT-V] ConnectionJobService | StartServiceAsyncTask - Run AsyncTask.
2025-11-01 00:31:25.423  SVCAgent : [YT-V] Util | readLineFromFile - Input file size : 690 bytes
2025-11-01 00:31:25.426  SVCAgent : [YT-V] Util | readLineFromFile - loaded list size : 1
2025-11-01 00:31:25.435  SVCAgent : [YT-V] EFSController | getTransferAgainFlag - getTransferAgainFlag - Flag: 0
2025-11-01 00:31:25.437  SVCAgent : [YT-V] ConnectionJobService | StartServiceAsyncTask - Ignore network change. There is no un-delivered data
2025-11-01 00:31:27.930  SVCAgent : [YT-V] DailyBgJobService | Job started
2025-11-01 00:31:27.935  SVCAgent : [YT-V] DailyBgJobService | Daily Transfer Again check
2025-11-01 00:31:27.937  SVCAgent : [YT-V] Util | readLineFromFile - Input file size : 690 bytes
2025-11-01 00:31:27.938  SVCAgent : [YT-V] Util | readLineFromFile - loaded list size : 1
2025-11-01 00:31:27.939  SVCAgent : [YT-V] EFSController | getTransferAgainFlag - getTransferAgainFlag - Flag: 0
2025-11-01 00:31:27.955  SVCAgent : [YT-V] DailyBgJobService | ct : 1761953487943
2025-11-01 00:31:27.956  SVCAgent : [YT-V] DailyBgJobService | lt : 7202251429
2025-11-01 00:31:27.958  SVCAgent : [YT-V] DailyBgJobService | lst job started
2025-11-01 00:31:27.964  SVCAgent : [YT-V] Util | isMyServiceRunning - Service does not exist
2025-11-01 00:31:27.978  SVCAgent : [YT-V] Util | launchService.
2025-11-01 00:31:27.992  SVCAgent : [YT-V] Util | SDK Version 33.
2025-11-01 00:31:27.993  SVCAgent : [YT-V] Util | SDK Version 33.
2025-11-01 00:31:28.001  SVCAgent : [YT-V] MainService | onStartCommand - Service is now on
2025-11-01 00:31:28.510  SVCAgent : [YT-V] MainService | onReceive - com.samsung.android.service.svcagent.intent_action_last_command
2025-11-01 00:31:28.511  SVCAgent : [YT-V] EFSController | loadEFS - start to load efs
2025-11-01 00:31:28.517  SVCAgent : [YT-V] Util | readLineFromFile - Input file size : 690 bytes
2025-11-01 00:31:28.518  SVCAgent : [YT-V] Util | readLineFromFile - loaded list size : 1
2025-11-01 00:31:28.519  SVCAgent : [YT-V] EFSController | loadEFS - EFS file loading - 
2025-11-01 00:31:28.521  SVCAgent : [YT-V] EFSController | getVersionType : type 2
2025-11-01 00:31:28.534  SVCAgent : [YT-V] EFSController | loadEFS - success to load efs
2025-11-01 00:31:28.534  SVCAgent : [YT-V] EFSController | loadEFS - efs size :  1
2025-11-01 00:31:28.536  SVCAgent : [YT-V] EFSController | loadEFS - start to load efs
2025-11-01 00:31:28.537  SVCAgent : [YT-V] Util | readLineFromFile - Input file size : 690 bytes
2025-11-01 00:31:28.538  SVCAgent : [YT-V] Util | readLineFromFile - loaded list size : 1
2025-11-01 00:31:28.540  SVCAgent : [YT-V] EFSController | loadEFS - EFS file loading - 
2025-11-01 00:31:28.542  SVCAgent : [YT-V] EFSController | getVersionType : type 2
2025-11-01 00:31:28.544  SVCAgent : [YT-V] EFSController | loadEFS - success to load efs
2025-11-01 00:31:28.545  SVCAgent : [YT-V] EFSController | loadEFS - efs size :  1
2025-11-01 00:31:28.547  SVCAgent : [YT-V] SystemInformation | setType - LST
2025-11-01 00:31:28.549  SVCAgent : [YT-V] MainService | onReceive - LST, DST, CST request complete. Now service will send system information to server.
2025-11-01 02:18:39.192  SVCAgent : [ya-D] BootReceiver | onReceive - Setup Wizard finish signal is delivered.
2025-11-01 02:18:39.196  SVCAgent : [ya-D] BootReceiver | onReceive - send MESSAGE_LAUNCH_SERVICE
2025-11-01 02:18:39.227  SVCAgent : [ya-D] Util | isMyServiceRunning - Service does not exist
2025-11-01 02:18:39.242  SVCAgent : [ya-D] Util | launchService.
2025-11-01 02:18:39.246  SVCAgent : [ya-D] Util | isMyServiceRunning - Service does not exist
2025-11-01 02:18:39.247  SVCAgent : [ya-D] BootReceiver | handleMessage - send MESSAGE_LAUNCH_SERVICE
2025-11-01 02:18:39.248  SVCAgent : [ya-D] BootReceiver | ReceiverHandler sent message.{ when=-52ms what=1 target=com.samsung.android.service.svcagent.BootReceiver$a }
2025-11-01 02:18:39.264  SVCAgent : [ya-D] Util | SDK Version 33.
2025-11-01 02:18:39.267  SVCAgent : [ya-D] Util | SDK Version 33.
2025-11-01 02:18:39.275  SVCAgent : [ya-D] MainService | onStartCommand - Service is now on
2025-11-01 02:18:40.050  SVCAgent : [ya-D] Util | isMyServiceRunning - Service is running
2025-11-01 02:18:40.051  SVCAgent : [ya-D] Util | launchService
2025-11-01 02:18:40.055  SVCAgent : [ya-D] Util | isMyServiceRunning - Service is running
2025-11-01 02:18:40.060  SVCAgent : [ya-D] BootReceiver | handleMessage - remove MESSAGE_LAUNCH_SERVICE
2025-11-01 02:18:40.061  SVCAgent : [ya-D] BootReceiver | ReceiverHandler sent message.{ when=-14ms what=1 target=com.samsung.android.service.svcagent.BootReceiver$a }
2025-11-01 02:18:40.074  SVCAgent : [ya-D] MainService | onReceive - com.samsung.android.service.svcagent.intent_action_start_service
2025-11-01 02:18:40.076  SVCAgent : [ya-D] MainService | onReceive - Start service.
2025-11-01 02:18:40.079  SVCAgent : [ya-D] EFSController | loadEFS - start to load efs
2025-11-01 02:18:40.086  SVCAgent : [ya-D] Util | readLineFromFile - Input file size : 690 bytes
2025-11-01 02:18:40.087  SVCAgent : [ya-D] Util | readLineFromFile - loaded list size : 1
2025-11-01 02:18:40.088  SVCAgent : [ya-D] EFSController | loadEFS - EFS file loading - 
2025-11-01 02:18:40.089  SVCAgent : [ya-D] EFSController | getVersionType : type 2
2025-11-01 02:18:40.091  SVCAgent : [ya-D] EFSController | loadEFS - success to load efs
2025-11-01 02:18:40.091  SVCAgent : [ya-D] EFSController | loadEFS - efs size :  1
2025-11-01 02:18:40.093  SVCAgent : [ya-D] SystemInformationBuilder | retrieveSystemInformation - Start ------------------------------------------------------------------------------------
2025-11-01 02:18:40.603  SVCAgent : [ya-D] SystemInformationBuilder | getUniqueNumber - Obtaining Unique Number from UFS
2025-11-01 02:18:40.607  SVCAgent : [ya-D] SystemInformationBuilder | getModelName - Model Name: SM-A426U1
2025-11-01 02:18:40.607  SVCAgent : [ya-D] SystemInformationBuilder | getCustomerCode - Sales Code from property - XAA
2025-11-01 02:18:40.608  SVCAgent : [ya-D] SystemInformationBuilder | A426U1UEU9EXF3/A426U1OYM9EXF3/A426U1UEU9EXF3
2025-11-01 02:18:40.610  SVCAgent : [ya-D] SystemInformationBuilder | 7.0.00.12
2025-11-01 02:18:40.611  SVCAgent : [ya-D] FlashLockVerifier | start check
2025-11-01 02:18:40.611  SVCAgent : [ya-D] FlashLockVerifier | Result : 1
2025-11-01 02:18:40.612  SVCAgent : [ya-D] SVCAgent - SysFsReader | retrieveSYSFS - Start searching HWs--------------------------------------------------------------
2025-11-01 02:18:40.622  SVCAgent : [ya-D] SVCAgent - SysFsReader | getNodeID - Node - SVC_rear_module3 has no ID, so it will be ignored
2025-11-01 02:18:40.623  SVCAgent : [ya-D] SVCAgent - SysFsReader | getNodeID - Node - SVC_rear_module4 has no ID, so it will be ignored
2025-11-01 02:18:40.624  SVCAgent : [ya-D] SVCAgent - SysFsReader | retrieveSYSFS - No HW node exist in directory : /sys/devices/svc/Camera
2025-11-01 02:18:40.632  SVCAgent : [ya-D] SVCAgent - SysFsReader | getNodeID - Node - SVC_OCTA2 has no ID, so it will be ignored
2025-11-01 02:18:40.634  SVCAgent : [ya-D] SVCAgent - SysFsReader | getNodeID - Node - SVC_OCTA2_CHIPID has no ID, so it will be ignored
2025-11-01 02:18:40.635  SVCAgent : [ya-D] SVCAgent - SysFsReader | getNodeID - Node - SVC_OCTA2_DDI_CHIPID has no ID, so it will be ignored
2025-11-01 02:18:40.636  SVCAgent : [ya-D] SVCAgent - SysFsReader | retrieveSYSFS - No HW node exist in directory : /sys/devices/svc/OCTA
2025-11-01 02:18:40.637  SVCAgent : [ya-D] SVCAgent - SysFsReader | retrieveSYSFS - 8 HWs are found
2025-11-01 02:18:40.638  SVCAgent : [ya-D] SVCAgent - SysFsReader | retrieveSYSFS - End -----------------------------------------------------------------------------
2025-11-01 02:18:40.639  SVCAgent : [ya-D] SystemInformationBuilder | retrieveSystemInformation - End --------------------------------------------------------------------------------------
2025-11-01 02:18:40.640  SVCAgent : [ya-D] MainService | null
2025-11-01 02:18:40.642  SVCAgent : [ya-D] MainService | diffComponents - Current HW ID : SVC_AP is not changed
2025-11-01 02:18:40.643  SVCAgent : [ya-D] MainService | diffComponents - Current HW ID : PBA_2D is not changed
2025-11-01 02:18:40.645  SVCAgent : [ya-D] MainService | diffComponents - Current HW ID : SVC_front_module is not changed
2025-11-01 02:18:40.646  SVCAgent : [ya-D] MainService | diffComponents - Current HW ID : SVC_rear_module is not changed
2025-11-01 02:18:40.647  SVCAgent : [ya-D] MainService | diffComponents - Current HW ID : SVC_rear_module2 is not changed
2025-11-01 02:18:40.649  SVCAgent : [ya-D] MainService | diffComponents - Current HW ID : SVC_OCTA is not changed
2025-11-01 02:18:40.651  SVCAgent : [ya-D] MainService | diffComponents - Current HW ID : SVC_OCTA_CHIPID is not changed
2025-11-01 02:18:40.652  SVCAgent : [ya-D] MainService | diffComponents - Current HW ID : SVC_OCTA_DDI_CHIPID is not changed
2025-11-01 02:18:40.654  SVCAgent : [ya-D] MainService | diffComponents - Current HW ID : changeList skip
2025-11-01 02:18:40.655  SVCAgent : [ya-D] MainService | diffComponents - Current HW ID : repairList skip
2025-11-01 02:18:40.657  SVCAgent : [ya-D] MainService | diffComponents - Current HW ID : prefix skip
2025-11-01 02:18:40.659  SVCAgent : [ya-D] MainService | diffDevices - cannot find any HW changes
2025-11-01 02:18:40.661  SVCAgent : [ya-D] MainService | decideServiceType - Current service type : 
2025-11-01 02:18:40.662  SVCAgent : [ya-D] SystemInformation | setType - 
2025-11-01 02:18:40.663  SVCAgent : [ya-D] SystemInformation | setChangeList - 
2025-11-01 02:18:40.665  SVCAgent : [ya-D] SystemInformation | getString - type key has no value!!!
2025-11-01 02:18:40.667  SVCAgent : [ya-D] MainService | postToServer - Current System Information has no service type value. Perhaps there isn't any HW changes.
2025-11-01 02:18:40.668  SVCAgent : [ya-D] MainService | handleMessage - No more transmission exists. Close Service.
2025-11-01 02:18:40.675  SVCAgent : [ya-D] EFSController | cleanEFS - Clean already transmitted data in EFS
2025-11-01 02:18:40.676  SVCAgent : [ya-D] EFSController | loadEFS - start to load efs
2025-11-01 02:18:40.678  SVCAgent : [ya-D] Util | readLineFromFile - Input file size : 690 bytes
2025-11-01 02:18:40.679  SVCAgent : [ya-D] Util | readLineFromFile - loaded list size : 1
2025-11-01 02:18:40.681  SVCAgent : [ya-D] EFSController | loadEFS - EFS file loading - 
2025-11-01 02:18:40.682  SVCAgent : [ya-D] EFSController | getVersionType : type 2
2025-11-01 02:18:40.684  SVCAgent : [ya-D] EFSController | loadEFS - success to load efs
2025-11-01 02:18:40.685  SVCAgent : [ya-D] EFSController | loadEFS - efs size :  1
2025-11-01 02:18:40.687  SVCAgent : [ya-D] EFSController | cleanEFS - (1 -> 1) data are cleared.
2025-11-01 02:18:40.691  SVCAgent : [ya-D] EFSController | EFSController - Delete EFS path
2025-11-01 02:18:40.701  SVCAgent : [ya-D] Util | writing result - 690 bytes at Sat Nov 01 02:18:40 GMT+01:00 2025
2025-11-01 02:18:40.704  SVCAgent : [ya-D] EFSController | makeEFS - Making file is success.
2025-11-01 02:18:40.705  SVCAgent : [ya-D] EFSController | loadEFS - start to load efs
2025-11-01 02:18:40.707  SVCAgent : [ya-D] Util | readLineFromFile - Input file size : 690 bytes
2025-11-01 02:18:40.708  SVCAgent : [ya-D] Util | readLineFromFile - loaded list size : 1
2025-11-01 02:18:40.709  SVCAgent : [ya-D] EFSController | loadEFS - EFS file loading - 
2025-11-01 02:18:40.710  SVCAgent : [ya-D] EFSController | getVersionType : type 2
2025-11-01 02:18:40.711  SVCAgent : [ya-D] EFSController | loadEFS - success to load efs
2025-11-01 02:18:40.712  SVCAgent : [ya-D] EFSController | loadEFS - efs size :  1
2025-11-01 02:18:40.715  SVCAgent : [ya-D] EFSController | EFSController - Delete EFS path
2025-11-01 02:18:40.751  SVCAgent : [ya-D] Util | writing result - 690 bytes at Sat Nov 01 02:18:40 GMT+01:00 2025
2025-11-01 02:18:40.753  SVCAgent : [ya-D] EFSController | makeEFSBackUp - Making backup file is success.
2025-11-01 02:18:40.759  SVCAgent : [ya-D] ConnectionJobService | scheduleJobService - JobService scheduling is success
2025-11-01 02:18:40.761  SVCAgent : [ya-D] MainService | onDestroy - Service is closed
2025-11-01 02:45:26.691  SVCAgent : [rf-Q] ConnectionJobService | onStartJob - 
2025-11-01 02:45:26.729  SVCAgent : [rf-Q] ConnectionJobService | StartServiceAsyncTask - Run AsyncTask.
2025-11-01 02:45:26.734  SVCAgent : [rf-Q] Util | readLineFromFile - Input file size : 690 bytes
2025-11-01 02:45:26.742  SVCAgent : [rf-Q] Util | readLineFromFile - loaded list size : 1
2025-11-01 02:45:26.743  SVCAgent : [rf-Q] EFSController | getTransferAgainFlag - getTransferAgainFlag - Flag: 0
2025-11-01 02:45:26.752  SVCAgent : [rf-Q] ConnectionJobService | StartServiceAsyncTask - Ignore network change. There is no un-delivered data
2025-11-01 02:45:26.812  SVCAgent : [rf-Q] DailyBgJobService | Job started
2025-11-01 02:45:26.815  SVCAgent : [rf-Q] DailyBgJobService | Daily Transfer Again check
2025-11-01 02:45:26.818  SVCAgent : [rf-Q] Util | readLineFromFile - Input file size : 690 bytes
2025-11-01 02:45:26.819  SVCAgent : [rf-Q] Util | readLineFromFile - loaded list size : 1
2025-11-01 02:45:26.821  SVCAgent : [rf-Q] EFSController | getTransferAgainFlag - getTransferAgainFlag - Flag: 0
2025-11-01 02:45:26.876  SVCAgent : [rf-Q] DailyBgJobService | ct : 1761961526823
2025-11-01 02:45:26.877  SVCAgent : [rf-Q] DailyBgJobService | lt : 7210290309
2025-11-01 02:45:26.878  SVCAgent : [rf-Q] DailyBgJobService | lst job started
2025-11-01 02:45:26.882  SVCAgent : [rf-Q] Util | isMyServiceRunning - Service does not exist
2025-11-01 02:45:26.889  SVCAgent : [rf-Q] Util | launchService.
2025-11-01 02:45:26.902  SVCAgent : [rf-Q] Util | SDK Version 33.
2025-11-01 02:45:26.904  SVCAgent : [rf-Q] Util | SDK Version 33.
2025-11-01 02:45:26.934  SVCAgent : [rf-Q] MainService | onStartCommand - Service is now on
2025-11-01 02:45:27.419  SVCAgent : [rf-Q] MainService | onReceive - com.samsung.android.service.svcagent.intent_action_last_command
2025-11-01 02:45:27.421  SVCAgent : [rf-Q] EFSController | loadEFS - start to load efs
2025-11-01 02:45:27.429  SVCAgent : [rf-Q] Util | readLineFromFile - Input file size : 690 bytes
2025-11-01 02:45:27.433  SVCAgent : [rf-Q] Util | readLineFromFile - loaded list size : 1
2025-11-01 02:45:27.434  SVCAgent : [rf-Q] EFSController | loadEFS - EFS file loading - 
2025-11-01 02:45:27.436  SVCAgent : [rf-Q] EFSController | getVersionType : type 2
2025-11-01 02:45:27.449  SVCAgent : [rf-Q] EFSController | loadEFS - success to load efs
2025-11-01 02:45:27.450  SVCAgent : [rf-Q] EFSController | loadEFS - efs size :  1
2025-11-01 02:45:27.452  SVCAgent : [rf-Q] EFSController | loadEFS - start to load efs
2025-11-01 02:45:27.455  SVCAgent : [rf-Q] Util | readLineFromFile - Input file size : 690 bytes
2025-11-01 02:45:27.456  SVCAgent : [rf-Q] Util | readLineFromFile - loaded list size : 1
2025-11-01 02:45:27.461  SVCAgent : [rf-Q] EFSController | loadEFS - EFS file loading - 
2025-11-01 02:45:27.462  SVCAgent : [rf-Q] EFSController | getVersionType : type 2
2025-11-01 02:45:27.473  SVCAgent : [rf-Q] EFSController | loadEFS - success to load efs
2025-11-01 02:45:27.474  SVCAgent : [rf-Q] EFSController | loadEFS - efs size :  1
2025-11-01 02:45:27.475  SVCAgent : [rf-Q] SystemInformation | setType - LST
2025-11-01 02:45:27.477  SVCAgent : [rf-Q] MainService | onReceive - LST, DST, CST request complete. Now service will send system information to server.
2025-11-01 02:47:41.759  SVCAgent : [dp-E] BootReceiver | onReceive - Setup Wizard finish signal is delivered.
2025-11-01 02:47:41.761  SVCAgent : [dp-E] BootReceiver | onReceive - send MESSAGE_LAUNCH_SERVICE
2025-11-01 02:47:41.791  SVCAgent : [dp-E] Util | isMyServiceRunning - Service does not exist
2025-11-01 02:47:41.794  SVCAgent : [dp-E] Util | launchService.
2025-11-01 02:47:41.795  SVCAgent : [dp-E] Util | isMyServiceRunning - Service does not exist
2025-11-01 02:47:41.796  SVCAgent : [dp-E] BootReceiver | handleMessage - send MESSAGE_LAUNCH_SERVICE
2025-11-01 02:47:41.796  SVCAgent : [dp-E] BootReceiver | ReceiverHandler sent message.{ when=-35ms what=1 target=com.samsung.android.service.svcagent.BootReceiver$a }
2025-11-01 02:47:41.802  SVCAgent : [dp-E] Util | SDK Version 33.
2025-11-01 02:47:41.802  SVCAgent : [dp-E] Util | SDK Version 33.
2025-11-01 02:47:41.805  SVCAgent : [dp-E] MainService | onStartCommand - Service is now on
2025-11-01 02:47:41.806  SVCAgent : [dp-E] DailyBgJobService | Job started
2025-11-01 02:47:41.807  SVCAgent : [dp-E] DailyBgJobService | Daily Transfer Again check
2025-11-01 02:47:41.808  SVCAgent : [dp-E] Util | readLineFromFile - Input file size : 690 bytes
2025-11-01 02:47:41.810  SVCAgent : [dp-E] Util | readLineFromFile - loaded list size : 1
2025-11-01 02:47:41.810  SVCAgent : [dp-E] EFSController | getTransferAgainFlag - getTransferAgainFlag - Flag: 0
2025-11-01 02:47:41.817  SVCAgent : [dp-E] DailyBgJobService | ct : 1761961661811
2025-11-01 02:47:41.818  SVCAgent : [dp-E] DailyBgJobService | lt : 7210425297
2025-11-01 02:47:41.819  SVCAgent : [dp-E] DailyBgJobService | lst job started
2025-11-01 02:47:41.838  SVCAgent : [dp-E] Util | isMyServiceRunning - Service is running
2025-11-01 02:47:41.839  SVCAgent : [dp-E] Util | launchService
2025-11-01 02:47:42.361  SVCAgent : [dp-E] MainService | onReceive - com.samsung.android.service.svcagent.intent_action_last_command
2025-11-01 02:47:42.362  SVCAgent : [dp-E] EFSController | loadEFS - start to load efs
2025-11-01 02:47:42.367  SVCAgent : [dp-E] Util | readLineFromFile - Input file size : 690 bytes
2025-11-01 02:47:42.368  SVCAgent : [dp-E] Util | readLineFromFile - loaded list size : 1
2025-11-01 02:47:42.368  SVCAgent : [dp-E] EFSController | loadEFS - EFS file loading - 
2025-11-01 02:47:42.369  SVCAgent : [dp-E] EFSController | getVersionType : type 2
2025-11-01 02:47:42.370  SVCAgent : [dp-E] EFSController | loadEFS - success to load efs
2025-11-01 02:47:42.371  SVCAgent : [dp-E] EFSController | loadEFS - efs size :  1
2025-11-01 02:47:42.377  SVCAgent : [dp-E] EFSController | loadEFS - start to load efs
2025-11-01 02:47:42.378  SVCAgent : [dp-E] Util | readLineFromFile - Input file size : 690 bytes
2025-11-01 02:47:42.379  SVCAgent : [dp-E] Util | readLineFromFile - loaded list size : 1
2025-11-01 02:47:42.385  SVCAgent : [dp-E] EFSController | loadEFS - EFS file loading - 
2025-11-01 02:47:42.386  SVCAgent : [dp-E] EFSController | getVersionType : type 2
2025-11-01 02:47:42.393  SVCAgent : [dp-E] EFSController | loadEFS - success to load efs
2025-11-01 02:47:42.396  SVCAgent : [dp-E] EFSController | loadEFS - efs size :  1
2025-11-01 02:47:42.397  SVCAgent : [dp-E] SystemInformation | setType - LST
2025-11-01 02:47:42.401  SVCAgent : [dp-E] MainService | onReceive - LST, DST, CST request complete. Now service will send system information to server.
2025-11-01 02:47:42.599  SVCAgent : [dp-E] Util | isMyServiceRunning - Service is running
2025-11-01 02:47:42.601  SVCAgent : [dp-E] Util | launchService
2025-11-01 02:47:42.629  SVCAgent : [dp-E] Util | isMyServiceRunning - Service is running
2025-11-01 02:47:42.636  SVCAgent : [dp-E] BootReceiver | handleMessage - remove MESSAGE_LAUNCH_SERVICE
2025-11-01 02:47:42.637  SVCAgent : [dp-E] BootReceiver | ReceiverHandler sent message.{ when=-41ms what=1 target=com.samsung.android.service.svcagent.BootReceiver$a }
2025-11-01 02:47:42.638  SVCAgent : [dp-E] MainService | onReceive - com.samsung.android.service.svcagent.intent_action_start_service
2025-11-01 02:47:42.639  SVCAgent : [dp-E] MainService | onReceive - Start service.
2025-11-01 02:47:42.640  SVCAgent : [dp-E] EFSController | loadEFS - start to load efs
2025-11-01 02:47:42.641  SVCAgent : [dp-E] Util | readLineFromFile - Input file size : 690 bytes
2025-11-01 02:47:42.642  SVCAgent : [dp-E] Util | readLineFromFile - loaded list size : 1
2025-11-01 02:47:42.643  SVCAgent : [dp-E] EFSController | loadEFS - EFS file loading - 
2025-11-01 02:47:42.648  SVCAgent : [dp-E] EFSController | getVersionType : type 2
2025-11-01 02:47:42.649  SVCAgent : [dp-E] EFSController | loadEFS - success to load efs
2025-11-01 02:47:42.650  SVCAgent : [dp-E] EFSController | loadEFS - efs size :  1
2025-11-01 02:47:42.651  SVCAgent : [dp-E] SystemInformationBuilder | retrieveSystemInformation - Start ------------------------------------------------------------------------------------
2025-11-01 02:47:43.165  SVCAgent : [dp-E] SystemInformationBuilder | getUniqueNumber - Obtaining Unique Number from UFS
2025-11-01 02:47:43.169  SVCAgent : [dp-E] SystemInformationBuilder | getModelName - Model Name: SM-A426U1
2025-11-01 02:47:43.175  SVCAgent : [dp-E] SystemInformationBuilder | getCustomerCode - Sales Code from property - XAA
2025-11-01 02:47:43.176  SVCAgent : [dp-E] SystemInformationBuilder | A426U1UEU9EXF3/A426U1OYM9EXF3/A426U1UEU9EXF3
2025-11-01 02:47:43.179  SVCAgent : [dp-E] SystemInformationBuilder | 7.0.00.12
2025-11-01 02:47:43.180  SVCAgent : [dp-E] FlashLockVerifier | start check
2025-11-01 02:47:43.181  SVCAgent : [dp-E] FlashLockVerifier | Result : 1
2025-11-01 02:47:43.183  SVCAgent : [dp-E] SVCAgent - SysFsReader | retrieveSYSFS - Start searching HWs--------------------------------------------------------------
2025-11-01 02:47:43.201  SVCAgent : [dp-E] SVCAgent - SysFsReader | getNodeID - Node - SVC_rear_module3 has no ID, so it will be ignored
2025-11-01 02:47:43.203  SVCAgent : [dp-E] SVCAgent - SysFsReader | getNodeID - Node - SVC_rear_module4 has no ID, so it will be ignored
2025-11-01 02:47:43.209  SVCAgent : [dp-E] SVCAgent - SysFsReader | retrieveSYSFS - No HW node exist in directory : /sys/devices/svc/Camera
2025-11-01 02:47:43.218  SVCAgent : [dp-E] SVCAgent - SysFsReader | getNodeID - Node - SVC_OCTA2 has no ID, so it will be ignored
2025-11-01 02:47:43.219  SVCAgent : [dp-E] SVCAgent - SysFsReader | getNodeID - Node - SVC_OCTA2_CHIPID has no ID, so it will be ignored
2025-11-01 02:47:43.221  SVCAgent : [dp-E] SVCAgent - SysFsReader | getNodeID - Node - SVC_OCTA2_DDI_CHIPID has no ID, so it will be ignored
2025-11-01 02:47:43.222  SVCAgent : [dp-E] SVCAgent - SysFsReader | retrieveSYSFS - No HW node exist in directory : /sys/devices/svc/OCTA
2025-11-01 02:47:43.223  SVCAgent : [dp-E] SVCAgent - SysFsReader | retrieveSYSFS - 8 HWs are found
2025-11-01 02:47:43.225  SVCAgent : [dp-E] SVCAgent - SysFsReader | retrieveSYSFS - End -----------------------------------------------------------------------------
2025-11-01 02:47:43.227  SVCAgent : [dp-E] SystemInformationBuilder | retrieveSystemInformation - End --------------------------------------------------------------------------------------
2025-11-01 02:47:43.228  SVCAgent : [dp-E] MainService | null
2025-11-01 02:47:43.229  SVCAgent : [dp-E] MainService | diffComponents - Current HW ID : SVC_AP is not changed
2025-11-01 02:47:43.231  SVCAgent : [dp-E] MainService | diffComponents - Current HW ID : PBA_2D is not changed
2025-11-01 02:47:43.232  SVCAgent : [dp-E] MainService | diffComponents - Current HW ID : SVC_front_module is not changed
2025-11-01 02:47:43.234  SVCAgent : [dp-E] MainService | diffComponents - Current HW ID : SVC_rear_module is not changed
2025-11-01 02:47:43.235  SVCAgent : [dp-E] MainService | diffComponents - Current HW ID : SVC_rear_module2 is not changed
2025-11-01 02:47:43.237  SVCAgent : [dp-E] MainService | diffComponents - Current HW ID : SVC_OCTA is not changed
2025-11-01 02:47:43.238  SVCAgent : [dp-E] MainService | diffComponents - Current HW ID : SVC_OCTA_CHIPID is not changed
2025-11-01 02:47:43.239  SVCAgent : [dp-E] MainService | diffComponents - Current HW ID : SVC_OCTA_DDI_CHIPID is not changed
2025-11-01 02:47:43.240  SVCAgent : [dp-E] MainService | diffComponents - Current HW ID : changeList skip
2025-11-01 02:47:43.242  SVCAgent : [dp-E] MainService | diffComponents - Current HW ID : repairList skip
2025-11-01 02:47:43.243  SVCAgent : [dp-E] MainService | diffComponents - Current HW ID : prefix skip
2025-11-01 02:47:43.245  SVCAgent : [dp-E] MainService | diffDevices - cannot find any HW changes
2025-11-01 02:47:43.246  SVCAgent : [dp-E] MainService | decideServiceType - Current service type : 
2025-11-01 02:47:43.247  SVCAgent : [dp-E] SystemInformation | setType - 
2025-11-01 02:47:43.248  SVCAgent : [dp-E] SystemInformation | setChangeList - 
2025-11-01 02:47:43.249  SVCAgent : [dp-E] SystemInformation | getString - type key has no value!!!
2025-11-01 02:47:43.251  SVCAgent : [dp-E] MainService | postToServer - Current System Information has no service type value. Perhaps there isn't any HW changes.
2025-11-01 02:47:43.252  SVCAgent : [dp-E] MainService | handleMessage - No more transmission exists. Close Service.
2025-11-01 02:47:43.269  SVCAgent : [dp-E] EFSController | cleanEFS - Clean already transmitted data in EFS
2025-11-01 02:47:43.270  SVCAgent : [dp-E] EFSController | loadEFS - start to load efs
2025-11-01 02:47:43.272  SVCAgent : [dp-E] Util | readLineFromFile - Input file size : 690 bytes
2025-11-01 02:47:43.273  SVCAgent : [dp-E] Util | readLineFromFile - loaded list size : 1
2025-11-01 02:47:43.273  SVCAgent : [dp-E] EFSController | loadEFS - EFS file loading - 
2025-11-01 02:47:43.274  SVCAgent : [dp-E] EFSController | getVersionType : type 2
2025-11-01 02:47:43.279  SVCAgent : [dp-E] EFSController | loadEFS - success to load efs
2025-11-01 02:47:43.280  SVCAgent : [dp-E] EFSController | loadEFS - efs size :  1
2025-11-01 02:47:43.281  SVCAgent : [dp-E] EFSController | cleanEFS - (1 -> 1) data are cleared.
2025-11-01 02:47:43.288  SVCAgent : [dp-E] EFSController | EFSController - Delete EFS path
2025-11-01 02:47:43.292  SVCAgent : [dp-E] Util | writing result - 690 bytes at Sat Nov 01 02:47:43 GMT+01:00 2025
2025-11-01 02:47:43.294  SVCAgent : [dp-E] EFSController | makeEFS - Making file is success.
2025-11-01 02:47:43.296  SVCAgent : [dp-E] EFSController | loadEFS - start to load efs
2025-11-01 02:47:43.297  SVCAgent : [dp-E] Util | readLineFromFile - Input file size : 690 bytes
2025-11-01 02:47:43.298  SVCAgent : [dp-E] Util | readLineFromFile - loaded list size : 1
2025-11-01 02:47:43.299  SVCAgent : [dp-E] EFSController | loadEFS - EFS file loading - 
2025-11-01 02:47:43.300  SVCAgent : [dp-E] EFSController | getVersionType : type 2
2025-11-01 02:47:43.302  SVCAgent : [dp-E] EFSController | loadEFS - success to load efs
2025-11-01 02:47:43.303  SVCAgent : [dp-E] EFSController | loadEFS - efs size :  1
2025-11-01 02:47:43.309  SVCAgent : [dp-E] EFSController | EFSController - Delete EFS path
2025-11-01 02:47:43.313  SVCAgent : [dp-E] Util | writing result - 690 bytes at Sat Nov 01 02:47:43 GMT+01:00 2025
2025-11-01 02:47:43.315  SVCAgent : [dp-E] EFSController | makeEFSBackUp - Making backup file is success.
2025-11-01 02:47:43.334  SVCAgent : [dp-E] ConnectionJobService | scheduleJobService - JobService scheduling is success
2025-11-01 02:47:43.336  SVCAgent : [dp-E] MainService | onDestroy - Service is closed
2025-11-01 02:47:43.345  SVCAgent : [dp-E] ConnectionJobService | onStartJob - 
2025-11-01 02:47:43.351  SVCAgent : [dp-E] ConnectionJobService | StartServiceAsyncTask - Run AsyncTask.
2025-11-01 02:47:43.368  SVCAgent : [dp-E] Util | readLineFromFile - Input file size : 690 bytes
2025-11-01 02:47:43.372  SVCAgent : [dp-E] Util | readLineFromFile - loaded list size : 1
2025-11-01 02:47:43.373  SVCAgent : [dp-E] EFSController | getTransferAgainFlag - getTransferAgainFlag - Flag: 0
2025-11-01 02:47:43.376  SVCAgent : [dp-E] ConnectionJobService | StartServiceAsyncTask - Ignore network change. There is no un-delivered data
2025-11-01 09:56:36.110  SVCAgent : [cz-D] BootReceiver | onReceive - Setup Wizard finish signal is delivered.
2025-11-01 09:56:36.113  SVCAgent : [cz-D] BootReceiver | onReceive - send MESSAGE_LAUNCH_SERVICE
2025-11-01 09:56:36.175  SVCAgent : [cz-D] Util | isMyServiceRunning - Service does not exist
2025-11-01 09:56:36.184  SVCAgent : [cz-D] Util | launchService.
2025-11-01 09:56:36.187  SVCAgent : [cz-D] Util | isMyServiceRunning - Service does not exist
2025-11-01 09:56:36.188  SVCAgent : [cz-D] BootReceiver | handleMessage - send MESSAGE_LAUNCH_SERVICE
2025-11-01 09:56:36.189  SVCAgent : [cz-D] BootReceiver | ReceiverHandler sent message.{ when=-75ms what=1 target=com.samsung.android.service.svcagent.BootReceiver$a }
2025-11-01 09:56:36.202  SVCAgent : [cz-D] Util | SDK Version 33.
2025-11-01 09:56:36.203  SVCAgent : [cz-D] Util | SDK Version 33.
2025-11-01 09:56:36.214  SVCAgent : [cz-D] MainService | onStartCommand - Service is now on
2025-11-01 09:56:36.991  SVCAgent : [cz-D] Util | isMyServiceRunning - Service is running
2025-11-01 09:56:36.993  SVCAgent : [cz-D] Util | launchService
2025-11-01 09:56:36.995  SVCAgent : [cz-D] Util | isMyServiceRunning - Service is running
2025-11-01 09:56:37.003  SVCAgent : [cz-D] BootReceiver | handleMessage - remove MESSAGE_LAUNCH_SERVICE
2025-11-01 09:56:37.004  SVCAgent : [cz-D] BootReceiver | ReceiverHandler sent message.{ when=-17ms what=1 target=com.samsung.android.service.svcagent.BootReceiver$a }
2025-11-01 09:56:37.004  SVCAgent : [cz-D] MainService | onReceive - com.samsung.android.service.svcagent.intent_action_start_service
2025-11-01 09:56:37.006  SVCAgent : [cz-D] MainService | onReceive - Start service.
2025-11-01 09:56:37.007  SVCAgent : [cz-D] EFSController | loadEFS - start to load efs
2025-11-01 09:56:37.015  SVCAgent : [cz-D] Util | readLineFromFile - Input file size : 690 bytes
2025-11-01 09:56:37.016  SVCAgent : [cz-D] Util | readLineFromFile - loaded list size : 1
2025-11-01 09:56:37.017  SVCAgent : [cz-D] EFSController | loadEFS - EFS file loading - 
2025-11-01 09:56:37.018  SVCAgent : [cz-D] EFSController | getVersionType : type 2
2025-11-01 09:56:37.019  SVCAgent : [cz-D] EFSController | loadEFS - success to load efs
2025-11-01 09:56:37.020  SVCAgent : [cz-D] EFSController | loadEFS - efs size :  1
2025-11-01 09:56:37.021  SVCAgent : [cz-D] SystemInformationBuilder | retrieveSystemInformation - Start ------------------------------------------------------------------------------------
2025-11-01 09:56:37.531  SVCAgent : [cz-D] SystemInformationBuilder | getUniqueNumber - Obtaining Unique Number from UFS
2025-11-01 09:56:37.535  SVCAgent : [cz-D] SystemInformationBuilder | getModelName - Model Name: SM-A426U1
2025-11-01 09:56:37.536  SVCAgent : [cz-D] SystemInformationBuilder | getCustomerCode - Sales Code from property - XAA
2025-11-01 09:56:37.537  SVCAgent : [cz-D] SystemInformationBuilder | A426U1UEU9EXF3/A426U1OYM9EXF3/A426U1UEU9EXF3
2025-11-01 09:56:37.539  SVCAgent : [cz-D] SystemInformationBuilder | 7.0.00.12
2025-11-01 09:56:37.539  SVCAgent : [cz-D] FlashLockVerifier | start check
2025-11-01 09:56:37.541  SVCAgent : [cz-D] FlashLockVerifier | Result : 1
2025-11-01 09:56:37.543  SVCAgent : [cz-D] SVCAgent - SysFsReader | retrieveSYSFS - Start searching HWs--------------------------------------------------------------
2025-11-01 09:56:37.563  SVCAgent : [cz-D] SVCAgent - SysFsReader | getNodeID - Node - SVC_rear_module3 has no ID, so it will be ignored
2025-11-01 09:56:37.566  SVCAgent : [cz-D] SVCAgent - SysFsReader | getNodeID - Node - SVC_rear_module4 has no ID, so it will be ignored
2025-11-01 09:56:37.570  SVCAgent : [cz-D] SVCAgent - SysFsReader | retrieveSYSFS - No HW node exist in directory : /sys/devices/svc/Camera
2025-11-01 09:56:37.585  SVCAgent : [cz-D] SVCAgent - SysFsReader | getNodeID - Node - SVC_OCTA2 has no ID, so it will be ignored
2025-11-01 09:56:37.588  SVCAgent : [cz-D] SVCAgent - SysFsReader | getNodeID - Node - SVC_OCTA2_CHIPID has no ID, so it will be ignored
2025-11-01 09:56:37.591  SVCAgent : [cz-D] SVCAgent - SysFsReader | getNodeID - Node - SVC_OCTA2_DDI_CHIPID has no ID, so it will be ignored
2025-11-01 09:56:37.594  SVCAgent : [cz-D] SVCAgent - SysFsReader | retrieveSYSFS - No HW node exist in directory : /sys/devices/svc/OCTA
2025-11-01 09:56:37.598  SVCAgent : [cz-D] SVCAgent - SysFsReader | retrieveSYSFS - 8 HWs are found
2025-11-01 09:56:37.601  SVCAgent : [cz-D] SVCAgent - SysFsReader | retrieveSYSFS - End -----------------------------------------------------------------------------
2025-11-01 09:56:37.604  SVCAgent : [cz-D] SystemInformationBuilder | retrieveSystemInformation - End --------------------------------------------------------------------------------------
2025-11-01 09:56:37.606  SVCAgent : [cz-D] MainService | null
2025-11-01 09:56:37.610  SVCAgent : [cz-D] MainService | diffComponents - Current HW ID : SVC_AP is not changed
2025-11-01 09:56:37.612  SVCAgent : [cz-D] MainService | diffComponents - Current HW ID : PBA_2D is not changed
2025-11-01 09:56:37.614  SVCAgent : [cz-D] MainService | diffComponents - Current HW ID : SVC_front_module is not changed
2025-11-01 09:56:37.616  SVCAgent : [cz-D] MainService | diffComponents - Current HW ID : SVC_rear_module is not changed
2025-11-01 09:56:37.618  SVCAgent : [cz-D] MainService | diffComponents - Current HW ID : SVC_rear_module2 is not changed
2025-11-01 09:56:37.621  SVCAgent : [cz-D] MainService | diffComponents - Current HW ID : SVC_OCTA is not changed
2025-11-01 09:56:37.622  SVCAgent : [cz-D] MainService | diffComponents - Current HW ID : SVC_OCTA_CHIPID is not changed
2025-11-01 09:56:37.623  SVCAgent : [cz-D] MainService | diffComponents - Current HW ID : SVC_OCTA_DDI_CHIPID is not changed
2025-11-01 09:56:37.624  SVCAgent : [cz-D] MainService | diffComponents - Current HW ID : changeList skip
2025-11-01 09:56:37.625  SVCAgent : [cz-D] MainService | diffComponents - Current HW ID : repairList skip
2025-11-01 09:56:37.627  SVCAgent : [cz-D] MainService | diffComponents - Current HW ID : prefix skip
2025-11-01 09:56:37.629  SVCAgent : [cz-D] MainService | diffDevices - cannot find any HW changes
2025-11-01 09:56:37.631  SVCAgent : [cz-D] MainService | decideServiceType - Current service type : 
2025-11-01 09:56:37.632  SVCAgent : [cz-D] SystemInformation | setType - 
2025-11-01 09:56:37.633  SVCAgent : [cz-D] SystemInformation | setChangeList - 
2025-11-01 09:56:37.635  SVCAgent : [cz-D] SystemInformation | getString - type key has no value!!!
2025-11-01 09:56:37.638  SVCAgent : [cz-D] MainService | postToServer - Current System Information has no service type value. Perhaps there isn't any HW changes.
2025-11-01 09:56:37.640  SVCAgent : [cz-D] MainService | handleMessage - No more transmission exists. Close Service.
2025-11-01 09:56:37.650  SVCAgent : [cz-D] EFSController | cleanEFS - Clean already transmitted data in EFS
2025-11-01 09:56:37.651  SVCAgent : [cz-D] EFSController | loadEFS - start to load efs
2025-11-01 09:56:37.652  SVCAgent : [cz-D] Util | readLineFromFile - Input file size : 690 bytes
2025-11-01 09:56:37.653  SVCAgent : [cz-D] Util | readLineFromFile - loaded list size : 1
2025-11-01 09:56:37.654  SVCAgent : [cz-D] EFSController | loadEFS - EFS file loading - 
2025-11-01 09:56:37.655  SVCAgent : [cz-D] EFSController | getVersionType : type 2
2025-11-01 09:56:37.658  SVCAgent : [cz-D] EFSController | loadEFS - success to load efs
2025-11-01 09:56:37.665  SVCAgent : [cz-D] EFSController | loadEFS - efs size :  1
2025-11-01 09:56:37.668  SVCAgent : [cz-D] EFSController | cleanEFS - (1 -> 1) data are cleared.
2025-11-01 09:56:37.672  SVCAgent : [cz-D] EFSController | EFSController - Delete EFS path
2025-11-01 09:56:37.680  SVCAgent : [cz-D] Util | writing result - 690 bytes at Sat Nov 01 09:56:37 GMT+01:00 2025
2025-11-01 09:56:37.688  SVCAgent : [cz-D] EFSController | makeEFS - Making file is success.
2025-11-01 09:56:37.692  SVCAgent : [cz-D] EFSController | loadEFS - start to load efs
2025-11-01 09:56:37.702  SVCAgent : [cz-D] Util | readLineFromFile - Input file size : 690 bytes
2025-11-01 09:56:37.703  SVCAgent : [cz-D] Util | readLineFromFile - loaded list size : 1
2025-11-01 09:56:37.704  SVCAgent : [cz-D] EFSController | loadEFS - EFS file loading - 
2025-11-01 09:56:37.706  SVCAgent : [cz-D] EFSController | getVersionType : type 2
2025-11-01 09:56:37.710  SVCAgent : [cz-D] EFSController | loadEFS - success to load efs
2025-11-01 09:56:37.711  SVCAgent : [cz-D] EFSController | loadEFS - efs size :  1
2025-11-01 09:56:37.715  SVCAgent : [cz-D] EFSController | EFSController - Delete EFS path
2025-11-01 09:56:37.763  SVCAgent : [cz-D] Util | writing result - 690 bytes at Sat Nov 01 09:56:37 GMT+01:00 2025
2025-11-01 09:56:37.764  SVCAgent : [cz-D] EFSController | makeEFSBackUp - Making backup file is success.
2025-11-01 09:56:37.773  SVCAgent : [cz-D] ConnectionJobService | scheduleJobService - JobService scheduling is success
2025-11-01 09:56:37.775  SVCAgent : [cz-D] MainService | onDestroy - Service is closed
2025-11-01 10:30:25.414  SVCAgent : [gI-I] ConnectionJobService | onStartJob - 
2025-11-01 10:30:25.455  SVCAgent : [gI-I] ConnectionJobService | StartServiceAsyncTask - Run AsyncTask.
2025-11-01 10:30:25.546  SVCAgent : [gI-I] Util | readLineFromFile - Input file size : 690 bytes
2025-11-01 10:30:25.573  SVCAgent : [gI-I] Util | readLineFromFile - loaded list size : 1
2025-11-01 10:30:25.574  SVCAgent : [gI-I] EFSController | getTransferAgainFlag - getTransferAgainFlag - Flag: 0
2025-11-01 10:30:25.576  SVCAgent : [gI-I] ConnectionJobService | StartServiceAsyncTask - Ignore network change. There is no un-delivered data
2025-11-01 10:30:25.850  SVCAgent : [gI-I] DailyBgJobService | Job started
2025-11-01 10:30:25.851  SVCAgent : [gI-I] DailyBgJobService | Daily Transfer Again check
2025-11-01 10:30:25.852  SVCAgent : [gI-I] Util | readLineFromFile - Input file size : 690 bytes
2025-11-01 10:30:25.852  SVCAgent : [gI-I] Util | readLineFromFile - loaded list size : 1
2025-11-01 10:30:25.856  SVCAgent : [gI-I] EFSController | getTransferAgainFlag - getTransferAgainFlag - Flag: 0
2025-11-01 10:30:25.877  SVCAgent : [gI-I] DailyBgJobService | ct : 1761989425857
2025-11-01 10:30:25.878  SVCAgent : [gI-I] DailyBgJobService | lt : 7238189343
2025-11-01 10:30:25.879  SVCAgent : [gI-I] DailyBgJobService | lst job started
2025-11-01 10:30:25.883  SVCAgent : [gI-I] Util | isMyServiceRunning - Service does not exist
2025-11-01 10:30:25.891  SVCAgent : [gI-I] Util | launchService.
2025-11-01 10:30:25.902  SVCAgent : [gI-I] Util | SDK Version 33.
2025-11-01 10:30:25.903  SVCAgent : [gI-I] Util | SDK Version 33.
2025-11-01 10:30:25.913  SVCAgent : [gI-I] MainService | onStartCommand - Service is now on
2025-11-01 10:30:26.414  SVCAgent : [gI-I] MainService | onReceive - com.samsung.android.service.svcagent.intent_action_last_command
2025-11-01 10:30:26.415  SVCAgent : [gI-I] EFSController | loadEFS - start to load efs
2025-11-01 10:30:26.420  SVCAgent : [gI-I] Util | readLineFromFile - Input file size : 690 bytes
2025-11-01 10:30:26.425  SVCAgent : [gI-I] Util | readLineFromFile - loaded list size : 1
2025-11-01 10:30:26.426  SVCAgent : [gI-I] EFSController | loadEFS - EFS file loading - 
2025-11-01 10:30:26.427  SVCAgent : [gI-I] EFSController | getVersionType : type 2
2025-11-01 10:30:26.429  SVCAgent : [gI-I] EFSController | loadEFS - success to load efs
2025-11-01 10:30:26.430  SVCAgent : [gI-I] EFSController | loadEFS - efs size :  1
2025-11-01 10:30:26.431  SVCAgent : [gI-I] EFSController | loadEFS - start to load efs
2025-11-01 10:30:26.445  SVCAgent : [gI-I] Util | readLineFromFile - Input file size : 690 bytes
2025-11-01 10:30:26.446  SVCAgent : [gI-I] Util | readLineFromFile - loaded list size : 1
2025-11-01 10:30:26.448  SVCAgent : [gI-I] EFSController | loadEFS - EFS file loading - 
2025-11-01 10:30:26.449  SVCAgent : [gI-I] EFSController | getVersionType : type 2
2025-11-01 10:30:26.451  SVCAgent : [gI-I] EFSController | loadEFS - success to load efs
2025-11-01 10:30:26.452  SVCAgent : [gI-I] EFSController | loadEFS - efs size :  1
2025-11-01 10:30:26.454  SVCAgent : [gI-I] SystemInformation | setType - LST
2025-11-01 10:30:26.456  SVCAgent : [gI-I] MainService | onReceive - LST, DST, CST request complete. Now service will send system information to server.
2025-11-01 14:07:16.300  SVCAgent : [aV-F] BootReceiver | onReceive - Setup Wizard finish signal is delivered.
2025-11-01 14:07:16.303  SVCAgent : [aV-F] BootReceiver | onReceive - send MESSAGE_LAUNCH_SERVICE
2025-11-01 14:07:16.328  SVCAgent : [aV-F] Util | isMyServiceRunning - Service does not exist
2025-11-01 14:07:16.337  SVCAgent : [aV-F] Util | launchService.
2025-11-01 14:07:16.340  SVCAgent : [aV-F] Util | isMyServiceRunning - Service does not exist
2025-11-01 14:07:16.341  SVCAgent : [aV-F] BootReceiver | handleMessage - send MESSAGE_LAUNCH_SERVICE
2025-11-01 14:07:16.342  SVCAgent : [aV-F] BootReceiver | ReceiverHandler sent message.{ when=-38ms what=1 target=com.samsung.android.service.svcagent.BootReceiver$a }
2025-11-01 14:07:16.354  SVCAgent : [aV-F] Util | SDK Version 33.
2025-11-01 14:07:16.355  SVCAgent : [aV-F] Util | SDK Version 33.
2025-11-01 14:07:16.368  SVCAgent : [aV-F] MainService | onStartCommand - Service is now on
2025-11-01 14:07:17.084  SVCAgent : [aV-F] DailyBgJobService | Job started
2025-11-01 14:07:17.086  SVCAgent : [aV-F] DailyBgJobService | Daily Transfer Again check
2025-11-01 14:07:17.088  SVCAgent : [aV-F] Util | readLineFromFile - Input file size : 690 bytes
2025-11-01 14:07:17.092  SVCAgent : [aV-F] Util | readLineFromFile - loaded list size : 1
2025-11-01 14:07:17.093  SVCAgent : [aV-F] EFSController | getTransferAgainFlag - getTransferAgainFlag - Flag: 0
2025-11-01 14:07:17.117  SVCAgent : [aV-F] DailyBgJobService | ct : 1762002437094
2025-11-01 14:07:17.119  SVCAgent : [aV-F] DailyBgJobService | lt : 7251200580
2025-11-01 14:07:17.120  SVCAgent : [aV-F] DailyBgJobService | lst job started
2025-11-01 14:07:17.126  SVCAgent : [aV-F] Util | isMyServiceRunning - Service is running
2025-11-01 14:07:17.134  SVCAgent : [aV-F] Util | launchService
2025-11-01 14:07:17.143  SVCAgent : [aV-F] Util | isMyServiceRunning - Service is running
2025-11-01 14:07:17.145  SVCAgent : [aV-F] Util | launchService
2025-11-01 14:07:17.155  SVCAgent : [aV-F] Util | isMyServiceRunning - Service is running
2025-11-01 14:07:17.174  SVCAgent : [aV-F] BootReceiver | handleMessage - remove MESSAGE_LAUNCH_SERVICE
2025-11-01 14:07:17.175  SVCAgent : [aV-F] BootReceiver | ReceiverHandler sent message.{ when=-35ms what=1 target=com.samsung.android.service.svcagent.BootReceiver$a }
2025-11-01 14:07:17.176  SVCAgent : [aV-F] MainService | onReceive - com.samsung.android.service.svcagent.intent_action_start_service
2025-11-01 14:07:17.178  SVCAgent : [aV-F] MainService | onReceive - Start service.
2025-11-01 14:07:17.180  SVCAgent : [aV-F] EFSController | loadEFS - start to load efs
2025-11-01 14:07:17.185  SVCAgent : [aV-F] Util | readLineFromFile - Input file size : 690 bytes
2025-11-01 14:07:17.186  SVCAgent : [aV-F] Util | readLineFromFile - loaded list size : 1
2025-11-01 14:07:17.190  SVCAgent : [aV-F] EFSController | loadEFS - EFS file loading - 
2025-11-01 14:07:17.193  SVCAgent : [aV-F] EFSController | getVersionType : type 2
2025-11-01 14:07:17.205  SVCAgent : [aV-F] EFSController | loadEFS - success to load efs
2025-11-01 14:07:17.206  SVCAgent : [aV-F] EFSController | loadEFS - efs size :  1
2025-11-01 14:07:17.209  SVCAgent : [aV-F] SystemInformationBuilder | retrieveSystemInformation - Start ------------------------------------------------------------------------------------
2025-11-01 14:07:17.725  SVCAgent : [aV-F] SystemInformationBuilder | getUniqueNumber - Obtaining Unique Number from UFS
2025-11-01 14:07:17.729  SVCAgent : [aV-F] SystemInformationBuilder | getModelName - Model Name: SM-A426U1
2025-11-01 14:07:17.745  SVCAgent : [aV-F] SystemInformationBuilder | getCustomerCode - Sales Code from property - XAA
2025-11-01 14:07:17.746  SVCAgent : [aV-F] SystemInformationBuilder | A426U1UEU9EXF3/A426U1OYM9EXF3/A426U1UEU9EXF3
2025-11-01 14:07:17.751  SVCAgent : [aV-F] SystemInformationBuilder | 7.0.00.12
2025-11-01 14:07:17.753  SVCAgent : [aV-F] FlashLockVerifier | start check
2025-11-01 14:07:17.772  SVCAgent : [aV-F] FlashLockVerifier | Result : 1
2025-11-01 14:07:17.775  SVCAgent : [aV-F] SVCAgent - SysFsReader | retrieveSYSFS - Start searching HWs--------------------------------------------------------------
2025-11-01 14:07:17.786  SVCAgent : [aV-F] SVCAgent - SysFsReader | getNodeID - Node - SVC_rear_module3 has no ID, so it will be ignored
2025-11-01 14:07:17.787  SVCAgent : [aV-F] SVCAgent - SysFsReader | getNodeID - Node - SVC_rear_module4 has no ID, so it will be ignored
2025-11-01 14:07:17.789  SVCAgent : [aV-F] SVCAgent - SysFsReader | retrieveSYSFS - No HW node exist in directory : /sys/devices/svc/Camera
2025-11-01 14:07:17.797  SVCAgent : [aV-F] SVCAgent - SysFsReader | getNodeID - Node - SVC_OCTA2 has no ID, so it will be ignored
2025-11-01 14:07:17.799  SVCAgent : [aV-F] SVCAgent - SysFsReader | getNodeID - Node - SVC_OCTA2_CHIPID has no ID, so it will be ignored
2025-11-01 14:07:17.800  SVCAgent : [aV-F] SVCAgent - SysFsReader | getNodeID - Node - SVC_OCTA2_DDI_CHIPID has no ID, so it will be ignored
2025-11-01 14:07:17.801  SVCAgent : [aV-F] SVCAgent - SysFsReader | retrieveSYSFS - No HW node exist in directory : /sys/devices/svc/OCTA
2025-11-01 14:07:17.802  SVCAgent : [aV-F] SVCAgent - SysFsReader | retrieveSYSFS - 8 HWs are found
2025-11-01 14:07:17.804  SVCAgent : [aV-F] SVCAgent - SysFsReader | retrieveSYSFS - End -----------------------------------------------------------------------------
2025-11-01 14:07:17.806  SVCAgent : [aV-F] SystemInformationBuilder | retrieveSystemInformation - End --------------------------------------------------------------------------------------
2025-11-01 14:07:17.806  SVCAgent : [aV-F] MainService | null
2025-11-01 14:07:17.808  SVCAgent : [aV-F] MainService | diffComponents - Current HW ID : SVC_AP is not changed
2025-11-01 14:07:17.810  SVCAgent : [aV-F] MainService | diffComponents - Current HW ID : PBA_2D is not changed
2025-11-01 14:07:17.811  SVCAgent : [aV-F] MainService | diffComponents - Current HW ID : SVC_front_module is not changed
2025-11-01 14:07:17.812  SVCAgent : [aV-F] MainService | diffComponents - Current HW ID : SVC_rear_module is not changed
2025-11-01 14:07:17.813  SVCAgent : [aV-F] MainService | diffComponents - Current HW ID : SVC_rear_module2 is not changed
2025-11-01 14:07:17.815  SVCAgent : [aV-F] MainService | diffComponents - Current HW ID : SVC_OCTA is not changed
2025-11-01 14:07:17.816  SVCAgent : [aV-F] MainService | diffComponents - Current HW ID : SVC_OCTA_CHIPID is not changed
2025-11-01 14:07:17.817  SVCAgent : [aV-F] MainService | diffComponents - Current HW ID : SVC_OCTA_DDI_CHIPID is not changed
2025-11-01 14:07:17.818  SVCAgent : [aV-F] MainService | diffComponents - Current HW ID : changeList skip
2025-11-01 14:07:17.819  SVCAgent : [aV-F] MainService | diffComponents - Current HW ID : repairList skip
2025-11-01 14:07:17.821  SVCAgent : [aV-F] MainService | diffComponents - Current HW ID : prefix skip
2025-11-01 14:07:17.822  SVCAgent : [aV-F] MainService | diffDevices - cannot find any HW changes
2025-11-01 14:07:17.823  SVCAgent : [aV-F] MainService | decideServiceType - Current service type : 
2025-11-01 14:07:17.824  SVCAgent : [aV-F] SystemInformation | setType - 
2025-11-01 14:07:17.825  SVCAgent : [aV-F] SystemInformation | setChangeList - 
2025-11-01 14:07:17.826  SVCAgent : [aV-F] SystemInformation | getString - type key has no value!!!
2025-11-01 14:07:17.827  SVCAgent : [aV-F] MainService | postToServer - Current System Information has no service type value. Perhaps there isn't any HW changes.
2025-11-01 14:07:17.832  SVCAgent : [aV-F] MainService | handleMessage - No more transmission exists. Close Service.
2025-11-01 14:07:17.840  SVCAgent : [aV-F] MainService | onReceive - com.samsung.android.service.svcagent.intent_action_last_command
2025-11-01 14:07:17.841  SVCAgent : [aV-F] EFSController | loadEFS - start to load efs
2025-11-01 14:07:17.846  SVCAgent : [aV-F] Util | readLineFromFile - Input file size : 690 bytes
2025-11-01 14:07:17.853  SVCAgent : [aV-F] Util | readLineFromFile - loaded list size : 1
2025-11-01 14:07:17.855  SVCAgent : [aV-F] EFSController | loadEFS - EFS file loading - 
2025-11-01 14:07:17.856  SVCAgent : [aV-F] EFSController | getVersionType : type 2
2025-11-01 14:07:17.858  SVCAgent : [aV-F] EFSController | loadEFS - success to load efs
2025-11-01 14:07:17.859  SVCAgent : [aV-F] EFSController | loadEFS - efs size :  1
2025-11-01 14:07:17.861  SVCAgent : [aV-F] EFSController | loadEFS - start to load efs
2025-11-01 14:07:17.863  SVCAgent : [aV-F] Util | readLineFromFile - Input file size : 690 bytes
2025-11-01 14:07:17.864  SVCAgent : [aV-F] Util | readLineFromFile - loaded list size : 1
2025-11-01 14:07:17.865  SVCAgent : [aV-F] EFSController | loadEFS - EFS file loading - 
2025-11-01 14:07:17.866  SVCAgent : [aV-F] EFSController | getVersionType : type 2
2025-11-01 14:07:17.868  SVCAgent : [aV-F] EFSController | loadEFS - success to load efs
2025-11-01 14:07:17.869  SVCAgent : [aV-F] EFSController | loadEFS - efs size :  1
2025-11-01 14:07:17.870  SVCAgent : [aV-F] SystemInformation | setType - LST
2025-11-01 14:07:17.872  SVCAgent : [aV-F] MainService | onReceive - LST, DST, CST request complete. Now service will send system information to server.
2025-11-01 14:07:17.882  SVCAgent : [aV-F] EFSController | cleanEFS - Clean already transmitted data in EFS
2025-11-01 14:07:17.884  SVCAgent : [aV-F] EFSController | loadEFS - start to load efs
2025-11-01 14:07:17.886  SVCAgent : [aV-F] Util | readLineFromFile - Input file size : 690 bytes
2025-11-01 14:07:17.888  SVCAgent : [aV-F] Util | readLineFromFile - loaded list size : 1
2025-11-01 14:07:17.889  SVCAgent : [aV-F] EFSController | loadEFS - EFS file loading - 
2025-11-01 14:07:17.891  SVCAgent : [aV-F] EFSController | getVersionType : type 2
2025-11-01 14:07:17.894  SVCAgent : [aV-F] EFSController | loadEFS - success to load efs
2025-11-01 14:07:17.896  SVCAgent : [aV-F] EFSController | loadEFS - efs size :  1
2025-11-01 14:07:17.898  SVCAgent : [aV-F] EFSController | cleanEFS - (1 -> 1) data are cleared.
2025-11-01 14:07:17.901  SVCAgent : [aV-F] EFSController | EFSController - Delete EFS path
2025-11-01 14:07:17.907  SVCAgent : [aV-F] Util | writing result - 690 bytes at Sat Nov 01 14:07:17 GMT+01:00 2025
2025-11-01 14:07:17.911  SVCAgent : [aV-F] EFSController | makeEFS - Making file is success.
2025-11-01 14:07:17.913  SVCAgent : [aV-F] EFSController | loadEFS - start to load efs
2025-11-01 14:07:17.916  SVCAgent : [aV-F] Util | readLineFromFile - Input file size : 690 bytes
2025-11-01 14:07:17.918  SVCAgent : [aV-F] Util | readLineFromFile - loaded list size : 1
2025-11-01 14:07:17.920  SVCAgent : [aV-F] EFSController | loadEFS - EFS file loading - 
2025-11-01 14:07:17.922  SVCAgent : [aV-F] EFSController | getVersionType : type 2
2025-11-01 14:07:17.924  SVCAgent : [aV-F] EFSController | loadEFS - success to load efs
2025-11-01 14:07:17.926  SVCAgent : [aV-F] EFSController | loadEFS - efs size :  1
2025-11-01 14:07:17.928  SVCAgent : [aV-F] EFSController | EFSController - Delete EFS path
2025-11-01 14:07:17.958  SVCAgent : [aV-F] Util | writing result - 690 bytes at Sat Nov 01 14:07:17 GMT+01:00 2025
2025-11-01 14:07:17.959  SVCAgent : [aV-F] EFSController | makeEFSBackUp - Making backup file is success.
2025-11-01 14:07:17.985  SVCAgent : [aV-F] ConnectionJobService | scheduleJobService - JobService scheduling is success
2025-11-01 14:07:17.987  SVCAgent : [aV-F] MainService | onDestroy - Service is closed
2025-11-01 14:07:17.999  SVCAgent : [aV-F] ConnectionJobService | onStartJob - 
2025-11-01 14:07:18.002  SVCAgent : [aV-F] ConnectionJobService | StartServiceAsyncTask - Run AsyncTask.
2025-11-01 14:07:18.032  SVCAgent : [aV-F] Util | readLineFromFile - Input file size : 690 bytes
2025-11-01 14:07:18.033  SVCAgent : [aV-F] Util | readLineFromFile - loaded list size : 1
2025-11-01 14:07:18.035  SVCAgent : [aV-F] EFSController | getTransferAgainFlag - getTransferAgainFlag - Flag: 0
2025-11-01 14:07:18.039  SVCAgent : [aV-F] ConnectionJobService | StartServiceAsyncTask - Ignore network change. There is no un-delivered data
2025-11-04 13:38:39.846  SVCAgent : [FH-N] DailyBgJobService | Job started
2025-11-04 13:38:39.848  SVCAgent : [FH-N] DailyBgJobService | Daily Transfer Again check
2025-11-04 13:38:39.860  SVCAgent : [FH-N] Util | readLineFromFile - Input file size : 690 bytes
2025-11-04 13:38:39.878  SVCAgent : [FH-N] Util | readLineFromFile - loaded list size : 1
2025-11-04 13:38:39.892  SVCAgent : [FH-N] EFSController | getTransferAgainFlag - getTransferAgainFlag - Flag: 0
2025-11-04 13:38:39.991  SVCAgent : [FH-N] DailyBgJobService | ct : 1762259919892
2025-11-04 13:38:39.992  SVCAgent : [FH-N] DailyBgJobService | lt : 7508683378
2025-11-04 13:38:39.994  SVCAgent : [FH-N] DailyBgJobService | lst job started
2025-11-04 13:38:40.009  SVCAgent : [FH-N] Util | isMyServiceRunning - Service does not exist
2025-11-04 13:38:40.162  SVCAgent : [FH-N] Util | launchService.
2025-11-04 13:38:40.194  SVCAgent : [FH-N] Util | SDK Version 33.
2025-11-04 13:38:40.203  SVCAgent : [FH-N] Util | SDK Version 33.
2025-11-04 13:38:40.215  SVCAgent : [FH-N] MainService | onStartCommand - Service is now on
2025-11-04 13:38:40.686  SVCAgent : [FH-N] MainService | onReceive - com.samsung.android.service.svcagent.intent_action_last_command
2025-11-04 13:38:40.687  SVCAgent : [FH-N] EFSController | loadEFS - start to load efs
2025-11-04 13:38:40.695  SVCAgent : [FH-N] Util | readLineFromFile - Input file size : 690 bytes
2025-11-04 13:38:40.696  SVCAgent : [FH-N] Util | readLineFromFile - loaded list size : 1
2025-11-04 13:38:40.697  SVCAgent : [FH-N] EFSController | loadEFS - EFS file loading - 
2025-11-04 13:38:40.699  SVCAgent : [FH-N] EFSController | getVersionType : type 2
2025-11-04 13:38:40.703  SVCAgent : [FH-N] EFSController | loadEFS - success to load efs
2025-11-04 13:38:40.704  SVCAgent : [FH-N] EFSController | loadEFS - efs size :  1
2025-11-04 13:38:40.707  SVCAgent : [FH-N] EFSController | loadEFS - start to load efs
2025-11-04 13:38:40.710  SVCAgent : [FH-N] Util | readLineFromFile - Input file size : 690 bytes
2025-11-04 13:38:40.713  SVCAgent : [FH-N] Util | readLineFromFile - loaded list size : 1
2025-11-04 13:38:40.715  SVCAgent : [FH-N] EFSController | loadEFS - EFS file loading - 
2025-11-04 13:38:40.717  SVCAgent : [FH-N] EFSController | getVersionType : type 2
2025-11-04 13:38:40.720  SVCAgent : [FH-N] EFSController | loadEFS - success to load efs
2025-11-04 13:38:40.722  SVCAgent : [FH-N] EFSController | loadEFS - efs size :  1
2025-11-04 13:38:40.724  SVCAgent : [FH-N] SystemInformation | setType - LST
2025-11-04 13:38:40.727  SVCAgent : [FH-N] MainService | onReceive - LST, DST, CST request complete. Now service will send system information to server.
2025-11-04 13:38:51.973  SVCAgent : [FH-N] DailyBgJobService | Job started
2025-11-04 13:38:51.977  SVCAgent : [FH-N] DailyBgJobService | Daily Transfer Again check
2025-11-04 13:38:51.984  SVCAgent : [FH-N] Util | readLineFromFile - Input file size : 690 bytes
2025-11-04 13:38:51.985  SVCAgent : [FH-N] Util | readLineFromFile - loaded list size : 1
2025-11-04 13:38:51.986  SVCAgent : [FH-N] EFSController | getTransferAgainFlag - getTransferAgainFlag - Flag: 0
2025-11-04 13:38:51.993  SVCAgent : [FH-N] DailyBgJobService | ct : 1762259931988
2025-11-04 13:38:51.998  SVCAgent : [FH-N] DailyBgJobService | lt : 7508695474
2025-11-04 13:38:51.999  SVCAgent : [FH-N] DailyBgJobService | lst job started
2025-11-04 13:38:52.004  SVCAgent : [FH-N] Util | isMyServiceRunning - Service is running
2025-11-04 13:38:52.006  SVCAgent : [FH-N] Util | launchService
2025-11-04 13:38:52.554  SVCAgent : [FH-N] MainService | onReceive - com.samsung.android.service.svcagent.intent_action_last_command
2025-11-04 13:38:52.556  SVCAgent : [FH-N] EFSController | loadEFS - start to load efs
2025-11-04 13:38:52.557  SVCAgent : [FH-N] Util | readLineFromFile - Input file size : 690 bytes
2025-11-04 13:38:52.560  SVCAgent : [FH-N] Util | readLineFromFile - loaded list size : 1
2025-11-04 13:38:52.561  SVCAgent : [FH-N] EFSController | loadEFS - EFS file loading - 
2025-11-04 13:38:52.563  SVCAgent : [FH-N] EFSController | getVersionType : type 2
2025-11-04 13:38:52.566  SVCAgent : [FH-N] EFSController | loadEFS - success to load efs
2025-11-04 13:38:52.567  SVCAgent : [FH-N] EFSController | loadEFS - efs size :  1
2025-11-04 13:38:52.568  SVCAgent : [FH-N] EFSController | loadEFS - start to load efs
2025-11-04 13:38:52.569  SVCAgent : [FH-N] Util | readLineFromFile - Input file size : 690 bytes
2025-11-04 13:38:52.570  SVCAgent : [FH-N] Util | readLineFromFile - loaded list size : 1
2025-11-04 13:38:52.571  SVCAgent : [FH-N] EFSController | loadEFS - EFS file loading - 
2025-11-04 13:38:52.571  SVCAgent : [FH-N] EFSController | getVersionType : type 2
2025-11-04 13:38:52.573  SVCAgent : [FH-N] EFSController | loadEFS - success to load efs
2025-11-04 13:38:52.574  SVCAgent : [FH-N] EFSController | loadEFS - efs size :  1
2025-11-04 13:38:52.574  SVCAgent : [FH-N] SystemInformation | setType - LST
2025-11-04 13:38:52.576  SVCAgent : [FH-N] MainService | onReceive - LST, DST, CST request complete. Now service will send system information to server.
2025-11-04 14:37:44.041  SVCAgent : [FH-N] DailyBgJobService | Job started
2025-11-04 14:37:44.044  SVCAgent : [FH-N] DailyBgJobService | Daily Transfer Again check
2025-11-04 14:37:44.048  SVCAgent : [FH-N] Util | readLineFromFile - Input file size : 690 bytes
2025-11-04 14:37:44.050  SVCAgent : [FH-N] Util | readLineFromFile - loaded list size : 1
2025-11-04 14:37:44.051  SVCAgent : [FH-N] EFSController | getTransferAgainFlag - getTransferAgainFlag - Flag: 0
2025-11-04 14:37:44.051  SVCAgent : [FH-N] DailyBgJobService | ct : 1762263464051
2025-11-04 14:37:44.052  SVCAgent : [FH-N] DailyBgJobService | lt : 7512227537
2025-11-04 14:37:44.053  SVCAgent : [FH-N] DailyBgJobService | lst job started
2025-11-04 14:37:44.057  SVCAgent : [FH-N] Util | isMyServiceRunning - Service is running
2025-11-04 14:37:44.058  SVCAgent : [FH-N] Util | launchService
2025-11-04 14:37:44.586  SVCAgent : [FH-N] MainService | onReceive - com.samsung.android.service.svcagent.intent_action_last_command
2025-11-04 14:37:44.589  SVCAgent : [FH-N] EFSController | loadEFS - start to load efs
2025-11-04 14:37:44.592  SVCAgent : [FH-N] Util | readLineFromFile - Input file size : 690 bytes
2025-11-04 14:37:44.593  SVCAgent : [FH-N] Util | readLineFromFile - loaded list size : 1
2025-11-04 14:37:44.594  SVCAgent : [FH-N] EFSController | loadEFS - EFS file loading - 
2025-11-04 14:37:44.597  SVCAgent : [FH-N] EFSController | getVersionType : type 2
2025-11-04 14:37:44.600  SVCAgent : [FH-N] EFSController | loadEFS - success to load efs
2025-11-04 14:37:44.601  SVCAgent : [FH-N] EFSController | loadEFS - efs size :  1
2025-11-04 14:37:44.602  SVCAgent : [FH-N] EFSController | loadEFS - start to load efs
2025-11-04 14:37:44.604  SVCAgent : [FH-N] Util | readLineFromFile - Input file size : 690 bytes
2025-11-04 14:37:44.606  SVCAgent : [FH-N] Util | readLineFromFile - loaded list size : 1
2025-11-04 14:37:44.607  SVCAgent : [FH-N] EFSController | loadEFS - EFS file loading - 
2025-11-04 14:37:44.608  SVCAgent : [FH-N] EFSController | getVersionType : type 2
2025-11-04 14:37:44.609  SVCAgent : [FH-N] EFSController | loadEFS - success to load efs
2025-11-04 14:37:44.611  SVCAgent : [FH-N] EFSController | loadEFS - efs size :  1
2025-11-04 14:37:44.611  SVCAgent : [FH-N] SystemInformation | setType - LST
2025-11-04 14:37:44.615  SVCAgent : [FH-N] MainService | onReceive - LST, DST, CST request complete. Now service will send system information to server.
2025-11-05 14:07:18.915  SVCAgent : [kw-A] DailyBgJobService | Job started
2025-11-05 14:07:18.918  SVCAgent : [kw-A] DailyBgJobService | Daily Transfer Again check
2025-11-05 14:07:18.921  SVCAgent : [kw-A] Util | readLineFromFile - Input file size : 690 bytes
2025-11-05 14:07:18.923  SVCAgent : [kw-A] Util | readLineFromFile - loaded list size : 1
2025-11-05 14:07:18.924  SVCAgent : [kw-A] EFSController | getTransferAgainFlag - getTransferAgainFlag - Flag: 0
2025-11-05 14:07:18.930  SVCAgent : [kw-A] DailyBgJobService | ct : 1762348038925
2025-11-05 14:07:18.931  SVCAgent : [kw-A] DailyBgJobService | lt : 7596802411
2025-11-05 14:07:18.932  SVCAgent : [kw-A] DailyBgJobService | lst job started
2025-11-05 14:07:18.936  SVCAgent : [kw-A] Util | isMyServiceRunning - Service does not exist
2025-11-05 14:07:18.945  SVCAgent : [kw-A] Util | launchService.
2025-11-05 14:07:18.953  SVCAgent : [kw-A] Util | SDK Version 33.
2025-11-05 14:07:18.955  SVCAgent : [kw-A] Util | SDK Version 33.
2025-11-05 14:07:18.963  SVCAgent : [kw-A] MainService | onStartCommand - Service is now on
2025-11-05 14:07:19.453  SVCAgent : [kw-A] MainService | onReceive - com.samsung.android.service.svcagent.intent_action_last_command
2025-11-05 14:07:19.455  SVCAgent : [kw-A] EFSController | loadEFS - start to load efs
2025-11-05 14:07:19.459  SVCAgent : [kw-A] Util | readLineFromFile - Input file size : 690 bytes
2025-11-05 14:07:19.460  SVCAgent : [kw-A] Util | readLineFromFile - loaded list size : 1
2025-11-05 14:07:19.461  SVCAgent : [kw-A] EFSController | loadEFS - EFS file loading - 
2025-11-05 14:07:19.462  SVCAgent : [kw-A] EFSController | getVersionType : type 2
2025-11-05 14:07:19.465  SVCAgent : [kw-A] EFSController | loadEFS - success to load efs
2025-11-05 14:07:19.467  SVCAgent : [kw-A] EFSController | loadEFS - efs size :  1
2025-11-05 14:07:19.468  SVCAgent : [kw-A] EFSController | loadEFS - start to load efs
2025-11-05 14:07:19.469  SVCAgent : [kw-A] Util | readLineFromFile - Input file size : 690 bytes
2025-11-05 14:07:19.471  SVCAgent : [kw-A] Util | readLineFromFile - loaded list size : 1
2025-11-05 14:07:19.472  SVCAgent : [kw-A] EFSController | loadEFS - EFS file loading - 
2025-11-05 14:07:19.473  SVCAgent : [kw-A] EFSController | getVersionType : type 2
2025-11-05 14:07:19.475  SVCAgent : [kw-A] EFSController | loadEFS - success to load efs
2025-11-05 14:07:19.476  SVCAgent : [kw-A] EFSController | loadEFS - efs size :  1
2025-11-05 14:07:19.477  SVCAgent : [kw-A] SystemInformation | setType - LST
2025-11-05 14:07:19.478  SVCAgent : [kw-A] MainService | onReceive - LST, DST, CST request complete. Now service will send system information to server.
2025-11-05 15:09:56.837  SVCAgent : [jg-R] BootReceiver | onReceive - Setup Wizard finish signal is delivered.
2025-11-05 15:09:56.838  SVCAgent : [jg-R] BootReceiver | onReceive - send MESSAGE_LAUNCH_SERVICE
2025-11-05 15:09:56.887  SVCAgent : [jg-R] Util | isMyServiceRunning - Service does not exist
2025-11-05 15:09:56.894  SVCAgent : [jg-R] Util | launchService.
2025-11-05 15:09:56.896  SVCAgent : [jg-R] Util | isMyServiceRunning - Service does not exist
2025-11-05 15:09:56.897  SVCAgent : [jg-R] BootReceiver | handleMessage - send MESSAGE_LAUNCH_SERVICE
2025-11-05 15:09:56.898  SVCAgent : [jg-R] BootReceiver | ReceiverHandler sent message.{ when=-59ms what=1 target=com.samsung.android.service.svcagent.BootReceiver$a }
2025-11-05 15:09:56.922  SVCAgent : [jg-R] Util | SDK Version 33.
2025-11-05 15:09:56.923  SVCAgent : [jg-R] Util | SDK Version 33.
2025-11-05 15:09:56.925  SVCAgent : [jg-R] MainService | onStartCommand - Service is now on
2025-11-05 15:09:56.927  SVCAgent : [jg-R] DailyBgJobService | Job started
2025-11-05 15:09:56.930  SVCAgent : [jg-R] DailyBgJobService | Daily Transfer Again check
2025-11-05 15:09:56.932  SVCAgent : [jg-R] Util | readLineFromFile - Input file size : 690 bytes
2025-11-05 15:09:56.936  SVCAgent : [jg-R] Util | readLineFromFile - loaded list size : 1
2025-11-05 15:09:56.937  SVCAgent : [jg-R] EFSController | getTransferAgainFlag - getTransferAgainFlag - Flag: 0
2025-11-05 15:09:56.974  SVCAgent : [jg-R] DailyBgJobService | ct : 1762351796938
2025-11-05 15:09:56.975  SVCAgent : [jg-R] DailyBgJobService | lt : 7600560424
2025-11-05 15:09:56.977  SVCAgent : [jg-R] DailyBgJobService | lst job started
2025-11-05 15:09:56.988  SVCAgent : [jg-R] Util | isMyServiceRunning - Service is running
2025-11-05 15:09:56.991  SVCAgent : [jg-R] Util | launchService
2025-11-05 15:09:57.504  SVCAgent : [jg-R] MainService | onReceive - com.samsung.android.service.svcagent.intent_action_last_command
2025-11-05 15:09:57.505  SVCAgent : [jg-R] EFSController | loadEFS - start to load efs
2025-11-05 15:09:57.510  SVCAgent : [jg-R] Util | readLineFromFile - Input file size : 690 bytes
2025-11-05 15:09:57.511  SVCAgent : [jg-R] Util | readLineFromFile - loaded list size : 1
2025-11-05 15:09:57.511  SVCAgent : [jg-R] EFSController | loadEFS - EFS file loading - 
2025-11-05 15:09:57.514  SVCAgent : [jg-R] EFSController | getVersionType : type 2
2025-11-05 15:09:57.515  SVCAgent : [jg-R] EFSController | loadEFS - success to load efs
2025-11-05 15:09:57.516  SVCAgent : [jg-R] EFSController | loadEFS - efs size :  1
2025-11-05 15:09:57.517  SVCAgent : [jg-R] EFSController | loadEFS - start to load efs
2025-11-05 15:09:57.518  SVCAgent : [jg-R] Util | readLineFromFile - Input file size : 690 bytes
2025-11-05 15:09:57.519  SVCAgent : [jg-R] Util | readLineFromFile - loaded list size : 1
2025-11-05 15:09:57.519  SVCAgent : [jg-R] EFSController | loadEFS - EFS file loading - 
2025-11-05 15:09:57.520  SVCAgent : [jg-R] EFSController | getVersionType : type 2
2025-11-05 15:09:57.521  SVCAgent : [jg-R] EFSController | loadEFS - success to load efs
2025-11-05 15:09:57.521  SVCAgent : [jg-R] EFSController | loadEFS - efs size :  1
2025-11-05 15:09:57.522  SVCAgent : [jg-R] SystemInformation | setType - LST
2025-11-05 15:09:57.523  SVCAgent : [jg-R] MainService | onReceive - LST, DST, CST request complete. Now service will send system information to server.
2025-11-05 15:09:57.702  SVCAgent : [jg-R] Util | isMyServiceRunning - Service is running
2025-11-05 15:09:57.703  SVCAgent : [jg-R] Util | launchService
2025-11-05 15:09:57.708  SVCAgent : [jg-R] Util | isMyServiceRunning - Service is running
2025-11-05 15:09:57.712  SVCAgent : [jg-R] BootReceiver | handleMessage - remove MESSAGE_LAUNCH_SERVICE
2025-11-05 15:09:57.712  SVCAgent : [jg-R] BootReceiver | ReceiverHandler sent message.{ when=-15ms what=1 target=com.samsung.android.service.svcagent.BootReceiver$a }
2025-11-05 15:09:57.713  SVCAgent : [jg-R] MainService | onReceive - com.samsung.android.service.svcagent.intent_action_start_service
2025-11-05 15:09:57.714  SVCAgent : [jg-R] MainService | onReceive - Start service.
2025-11-05 15:09:57.715  SVCAgent : [jg-R] EFSController | loadEFS - start to load efs
2025-11-05 15:09:57.716  SVCAgent : [jg-R] Util | readLineFromFile - Input file size : 690 bytes
2025-11-05 15:09:57.717  SVCAgent : [jg-R] Util | readLineFromFile - loaded list size : 1
2025-11-05 15:09:57.718  SVCAgent : [jg-R] EFSController | loadEFS - EFS file loading - 
2025-11-05 15:09:57.719  SVCAgent : [jg-R] EFSController | getVersionType : type 2
2025-11-05 15:09:57.720  SVCAgent : [jg-R] EFSController | loadEFS - success to load efs
2025-11-05 15:09:57.721  SVCAgent : [jg-R] EFSController | loadEFS - efs size :  1
2025-11-05 15:09:57.722  SVCAgent : [jg-R] SystemInformationBuilder | retrieveSystemInformation - Start ------------------------------------------------------------------------------------
2025-11-05 15:09:58.252  SVCAgent : [jg-R] SystemInformationBuilder | getUniqueNumber - Obtaining Unique Number from UFS
2025-11-05 15:09:58.255  SVCAgent : [jg-R] SystemInformationBuilder | getModelName - Model Name: SM-A426U1
2025-11-05 15:09:58.256  SVCAgent : [jg-R] SystemInformationBuilder | getCustomerCode - Sales Code from property - XAA
2025-11-05 15:09:58.257  SVCAgent : [jg-R] SystemInformationBuilder | A426U1UEU9EXF3/A426U1OYM9EXF3/A426U1UEU9EXF3
2025-11-05 15:09:58.260  SVCAgent : [jg-R] SystemInformationBuilder | 7.0.00.12
2025-11-05 15:09:58.261  SVCAgent : [jg-R] FlashLockVerifier | start check
2025-11-05 15:09:58.262  SVCAgent : [jg-R] FlashLockVerifier | Result : 1
2025-11-05 15:09:58.263  SVCAgent : [jg-R] SVCAgent - SysFsReader | retrieveSYSFS - Start searching HWs--------------------------------------------------------------
2025-11-05 15:09:58.278  SVCAgent : [jg-R] SVCAgent - SysFsReader | getNodeID - Node - SVC_rear_module3 has no ID, so it will be ignored
2025-11-05 15:09:58.280  SVCAgent : [jg-R] SVCAgent - SysFsReader | getNodeID - Node - SVC_rear_module4 has no ID, so it will be ignored
2025-11-05 15:09:58.282  SVCAgent : [jg-R] SVCAgent - SysFsReader | retrieveSYSFS - No HW node exist in directory : /sys/devices/svc/Camera
2025-11-05 15:09:58.293  SVCAgent : [jg-R] SVCAgent - SysFsReader | getNodeID - Node - SVC_OCTA2 has no ID, so it will be ignored
2025-11-05 15:09:58.295  SVCAgent : [jg-R] SVCAgent - SysFsReader | getNodeID - Node - SVC_OCTA2_CHIPID has no ID, so it will be ignored
2025-11-05 15:09:58.296  SVCAgent : [jg-R] SVCAgent - SysFsReader | getNodeID - Node - SVC_OCTA2_DDI_CHIPID has no ID, so it will be ignored
2025-11-05 15:09:58.298  SVCAgent : [jg-R] SVCAgent - SysFsReader | retrieveSYSFS - No HW node exist in directory : /sys/devices/svc/OCTA
2025-11-05 15:09:58.300  SVCAgent : [jg-R] SVCAgent - SysFsReader | retrieveSYSFS - 8 HWs are found
2025-11-05 15:09:58.301  SVCAgent : [jg-R] SVCAgent - SysFsReader | retrieveSYSFS - End -----------------------------------------------------------------------------
2025-11-05 15:09:58.303  SVCAgent : [jg-R] SystemInformationBuilder | retrieveSystemInformation - End --------------------------------------------------------------------------------------
2025-11-05 15:09:58.303  SVCAgent : [jg-R] MainService | null
2025-11-05 15:09:58.305  SVCAgent : [jg-R] MainService | diffComponents - Current HW ID : SVC_AP is not changed
2025-11-05 15:09:58.306  SVCAgent : [jg-R] MainService | diffComponents - Current HW ID : PBA_2D is not changed
2025-11-05 15:09:58.307  SVCAgent : [jg-R] MainService | diffComponents - Current HW ID : SVC_front_module is not changed
2025-11-05 15:09:58.308  SVCAgent : [jg-R] MainService | diffComponents - Current HW ID : SVC_rear_module is not changed
2025-11-05 15:09:58.309  SVCAgent : [jg-R] MainService | diffComponents - Current HW ID : SVC_rear_module2 is not changed
2025-11-05 15:09:58.310  SVCAgent : [jg-R] MainService | diffComponents - Current HW ID : SVC_OCTA is not changed
2025-11-05 15:09:58.311  SVCAgent : [jg-R] MainService | diffComponents - Current HW ID : SVC_OCTA_CHIPID is not changed
2025-11-05 15:09:58.313  SVCAgent : [jg-R] MainService | diffComponents - Current HW ID : SVC_OCTA_DDI_CHIPID is not changed
2025-11-05 15:09:58.315  SVCAgent : [jg-R] MainService | diffComponents - Current HW ID : changeList skip
2025-11-05 15:09:58.316  SVCAgent : [jg-R] MainService | diffComponents - Current HW ID : repairList skip
2025-11-05 15:09:58.317  SVCAgent : [jg-R] MainService | diffComponents - Current HW ID : prefix skip
2025-11-05 15:09:58.318  SVCAgent : [jg-R] MainService | diffDevices - cannot find any HW changes
2025-11-05 15:09:58.320  SVCAgent : [jg-R] MainService | decideServiceType - Current service type : 
2025-11-05 15:09:58.321  SVCAgent : [jg-R] SystemInformation | setType - 
2025-11-05 15:09:58.322  SVCAgent : [jg-R] SystemInformation | setChangeList - 
2025-11-05 15:09:58.323  SVCAgent : [jg-R] SystemInformation | getString - type key has no value!!!
2025-11-05 15:09:58.325  SVCAgent : [jg-R] MainService | postToServer - Current System Information has no service type value. Perhaps there isn't any HW changes.
2025-11-05 15:09:58.326  SVCAgent : [jg-R] MainService | handleMessage - No more transmission exists. Close Service.
2025-11-05 15:09:58.343  SVCAgent : [jg-R] EFSController | cleanEFS - Clean already transmitted data in EFS
2025-11-05 15:09:58.348  SVCAgent : [jg-R] EFSController | loadEFS - start to load efs
2025-11-05 15:09:58.350  SVCAgent : [jg-R] Util | readLineFromFile - Input file size : 690 bytes
2025-11-05 15:09:58.351  SVCAgent : [jg-R] Util | readLineFromFile - loaded list size : 1
2025-11-05 15:09:58.352  SVCAgent : [jg-R] EFSController | loadEFS - EFS file loading - 
2025-11-05 15:09:58.353  SVCAgent : [jg-R] EFSController | getVersionType : type 2
2025-11-05 15:09:58.354  SVCAgent : [jg-R] EFSController | loadEFS - success to load efs
2025-11-05 15:09:58.354  SVCAgent : [jg-R] EFSController | loadEFS - efs size :  1
2025-11-05 15:09:58.355  SVCAgent : [jg-R] EFSController | cleanEFS - (1 -> 1) data are cleared.
2025-11-05 15:09:58.357  SVCAgent : [jg-R] EFSController | EFSController - Delete EFS path
2025-11-05 15:09:58.362  SVCAgent : [jg-R] Util | writing result - 690 bytes at Wed Nov 05 15:09:58 GMT+01:00 2025
2025-11-05 15:09:58.364  SVCAgent : [jg-R] EFSController | makeEFS - Making file is success.
2025-11-05 15:09:58.365  SVCAgent : [jg-R] EFSController | loadEFS - start to load efs
2025-11-05 15:09:58.366  SVCAgent : [jg-R] Util | readLineFromFile - Input file size : 690 bytes
2025-11-05 15:09:58.367  SVCAgent : [jg-R] Util | readLineFromFile - loaded list size : 1
2025-11-05 15:09:58.368  SVCAgent : [jg-R] EFSController | loadEFS - EFS file loading - 
2025-11-05 15:09:58.368  SVCAgent : [jg-R] EFSController | getVersionType : type 2
2025-11-05 15:09:58.369  SVCAgent : [jg-R] EFSController | loadEFS - success to load efs
2025-11-05 15:09:58.370  SVCAgent : [jg-R] EFSController | loadEFS - efs size :  1
2025-11-05 15:09:58.373  SVCAgent : [jg-R] EFSController | EFSController - Delete EFS path
2025-11-05 15:09:58.379  SVCAgent : [jg-R] Util | writing result - 690 bytes at Wed Nov 05 15:09:58 GMT+01:00 2025
2025-11-05 15:09:58.380  SVCAgent : [jg-R] EFSController | makeEFSBackUp - Making backup file is success.
2025-11-05 15:09:58.403  SVCAgent : [jg-R] ConnectionJobService | scheduleJobService - JobService scheduling is success
2025-11-05 15:09:58.404  SVCAgent : [jg-R] MainService | onDestroy - Service is closed
2025-11-05 15:09:58.409  SVCAgent : [jg-R] ConnectionJobService | onStartJob - 
2025-11-05 15:09:58.414  SVCAgent : [jg-R] ConnectionJobService | StartServiceAsyncTask - Run AsyncTask.
2025-11-05 15:09:58.426  SVCAgent : [jg-R] Util | readLineFromFile - Input file size : 690 bytes
2025-11-05 15:09:58.427  SVCAgent : [jg-R] Util | readLineFromFile - loaded list size : 1
2025-11-05 15:09:58.427  SVCAgent : [jg-R] EFSController | getTransferAgainFlag - getTransferAgainFlag - Flag: 0
2025-11-05 15:09:58.430  SVCAgent : [jg-R] ConnectionJobService | StartServiceAsyncTask - Ignore network change. There is no un-delivered data
2025-11-06 15:10:29.487  SVCAgent : [ff-X] DailyBgJobService | Job started
2025-11-06 15:10:29.501  SVCAgent : [ff-X] DailyBgJobService | Daily Transfer Again check
2025-11-06 15:10:29.517  SVCAgent : [ff-X] Util | readLineFromFile - Input file size : 690 bytes
2025-11-06 15:10:29.520  SVCAgent : [ff-X] Util | readLineFromFile - loaded list size : 1
2025-11-06 15:10:29.521  SVCAgent : [ff-X] EFSController | getTransferAgainFlag - getTransferAgainFlag - Flag: 0
2025-11-06 15:10:29.532  SVCAgent : [ff-X] DailyBgJobService | ct : 1762438229522
2025-11-06 15:10:29.533  SVCAgent : [ff-X] DailyBgJobService | lt : 7686993008
2025-11-06 15:10:29.534  SVCAgent : [ff-X] DailyBgJobService | lst job started
2025-11-06 15:10:29.538  SVCAgent : [ff-X] Util | isMyServiceRunning - Service does not exist
2025-11-06 15:10:29.548  SVCAgent : [ff-X] Util | launchService.
2025-11-06 15:10:29.557  SVCAgent : [ff-X] Util | SDK Version 33.
2025-11-06 15:10:29.567  SVCAgent : [ff-X] Util | SDK Version 33.
2025-11-06 15:10:29.575  SVCAgent : [ff-X] MainService | onStartCommand - Service is now on
2025-11-06 15:10:30.086  SVCAgent : [ff-X] MainService | onReceive - com.samsung.android.service.svcagent.intent_action_last_command
2025-11-06 15:10:30.088  SVCAgent : [ff-X] EFSController | loadEFS - start to load efs
2025-11-06 15:10:30.123  SVCAgent : [ff-X] Util | readLineFromFile - Input file size : 690 bytes
2025-11-06 15:10:30.134  SVCAgent : [ff-X] Util | readLineFromFile - loaded list size : 1
2025-11-06 15:10:30.134  SVCAgent : [ff-X] EFSController | loadEFS - EFS file loading - 
2025-11-06 15:10:30.135  SVCAgent : [ff-X] EFSController | getVersionType : type 2
2025-11-06 15:10:30.136  SVCAgent : [ff-X] EFSController | loadEFS - success to load efs
2025-11-06 15:10:30.137  SVCAgent : [ff-X] EFSController | loadEFS - efs size :  1
2025-11-06 15:10:30.145  SVCAgent : [ff-X] EFSController | loadEFS - start to load efs
2025-11-06 15:10:30.147  SVCAgent : [ff-X] Util | readLineFromFile - Input file size : 690 bytes
2025-11-06 15:10:30.148  SVCAgent : [ff-X] Util | readLineFromFile - loaded list size : 1
2025-11-06 15:10:30.149  SVCAgent : [ff-X] EFSController | loadEFS - EFS file loading - 
2025-11-06 15:10:30.150  SVCAgent : [ff-X] EFSController | getVersionType : type 2
2025-11-06 15:10:30.151  SVCAgent : [ff-X] EFSController | loadEFS - success to load efs
2025-11-06 15:10:30.152  SVCAgent : [ff-X] EFSController | loadEFS - efs size :  1
2025-11-06 15:10:30.152  SVCAgent : [ff-X] SystemInformation | setType - LST
2025-11-06 15:10:30.153  SVCAgent : [ff-X] MainService | onReceive - LST, DST, CST request complete. Now service will send system information to server.
2025-11-07 12:15:28.656  SVCAgent : [aj-O] BootReceiver | onReceive - Setup Wizard finish signal is delivered.
2025-11-07 12:15:28.658  SVCAgent : [aj-O] BootReceiver | onReceive - send MESSAGE_LAUNCH_SERVICE
2025-11-07 12:15:28.687  SVCAgent : [aj-O] Util | isMyServiceRunning - Service does not exist
2025-11-07 12:15:28.716  SVCAgent : [aj-O] Util | launchService.
2025-11-07 12:15:28.723  SVCAgent : [aj-O] Util | isMyServiceRunning - Service does not exist
2025-11-07 12:15:28.724  SVCAgent : [aj-O] BootReceiver | handleMessage - send MESSAGE_LAUNCH_SERVICE
2025-11-07 12:15:28.725  SVCAgent : [aj-O] BootReceiver | ReceiverHandler sent message.{ when=-68ms what=1 target=com.samsung.android.service.svcagent.BootReceiver$a }
2025-11-07 12:15:28.739  SVCAgent : [aj-O] Util | SDK Version 33.
2025-11-07 12:15:28.740  SVCAgent : [aj-O] Util | SDK Version 33.
2025-11-07 12:15:28.754  SVCAgent : [aj-O] MainService | onStartCommand - Service is now on
2025-11-07 12:15:29.528  SVCAgent : [aj-O] Util | isMyServiceRunning - Service is running
2025-11-07 12:15:29.530  SVCAgent : [aj-O] Util | launchService
2025-11-07 12:15:29.535  SVCAgent : [aj-O] Util | isMyServiceRunning - Service is running
2025-11-07 12:15:29.543  SVCAgent : [aj-O] BootReceiver | handleMessage - remove MESSAGE_LAUNCH_SERVICE
2025-11-07 12:15:29.544  SVCAgent : [aj-O] BootReceiver | ReceiverHandler sent message.{ when=-19ms what=1 target=com.samsung.android.service.svcagent.BootReceiver$a }
2025-11-07 12:15:29.544  SVCAgent : [aj-O] MainService | onReceive - com.samsung.android.service.svcagent.intent_action_start_service
2025-11-07 12:15:29.545  SVCAgent : [aj-O] MainService | onReceive - Start service.
2025-11-07 12:15:29.546  SVCAgent : [aj-O] EFSController | loadEFS - start to load efs
2025-11-07 12:15:29.550  SVCAgent : [aj-O] Util | readLineFromFile - Input file size : 690 bytes
2025-11-07 12:15:29.553  SVCAgent : [aj-O] Util | readLineFromFile - loaded list size : 1
2025-11-07 12:15:29.553  SVCAgent : [aj-O] EFSController | loadEFS - EFS file loading - 
2025-11-07 12:15:29.554  SVCAgent : [aj-O] EFSController | getVersionType : type 2
2025-11-07 12:15:29.555  SVCAgent : [aj-O] EFSController | loadEFS - success to load efs
2025-11-07 12:15:29.556  SVCAgent : [aj-O] EFSController | loadEFS - efs size :  1
2025-11-07 12:15:29.557  SVCAgent : [aj-O] SystemInformationBuilder | retrieveSystemInformation - Start ------------------------------------------------------------------------------------
2025-11-07 12:15:30.068  SVCAgent : [aj-O] SystemInformationBuilder | getUniqueNumber - Obtaining Unique Number from UFS
2025-11-07 12:15:30.074  SVCAgent : [aj-O] SystemInformationBuilder | getModelName - Model Name: SM-A426U1
2025-11-07 12:15:30.075  SVCAgent : [aj-O] SystemInformationBuilder | getCustomerCode - Sales Code from property - XAA
2025-11-07 12:15:30.076  SVCAgent : [aj-O] SystemInformationBuilder | A426U1UEU9EXF3/A426U1OYM9EXF3/A426U1UEU9EXF3
2025-11-07 12:15:30.077  SVCAgent : [aj-O] SystemInformationBuilder | 7.0.00.12
2025-11-07 12:15:30.078  SVCAgent : [aj-O] FlashLockVerifier | start check
2025-11-07 12:15:30.078  SVCAgent : [aj-O] FlashLockVerifier | Result : 1
2025-11-07 12:15:30.079  SVCAgent : [aj-O] SVCAgent - SysFsReader | retrieveSYSFS - Start searching HWs--------------------------------------------------------------
2025-11-07 12:15:30.097  SVCAgent : [aj-O] SVCAgent - SysFsReader | getNodeID - Node - SVC_rear_module3 has no ID, so it will be ignored
2025-11-07 12:15:30.103  SVCAgent : [aj-O] SVCAgent - SysFsReader | getNodeID - Node - SVC_rear_module4 has no ID, so it will be ignored
2025-11-07 12:15:30.105  SVCAgent : [aj-O] SVCAgent - SysFsReader | retrieveSYSFS - No HW node exist in directory : /sys/devices/svc/Camera
2025-11-07 12:15:30.114  SVCAgent : [aj-O] SVCAgent - SysFsReader | getNodeID - Node - SVC_OCTA2 has no ID, so it will be ignored
2025-11-07 12:15:30.116  SVCAgent : [aj-O] SVCAgent - SysFsReader | getNodeID - Node - SVC_OCTA2_CHIPID has no ID, so it will be ignored
2025-11-07 12:15:30.117  SVCAgent : [aj-O] SVCAgent - SysFsReader | getNodeID - Node - SVC_OCTA2_DDI_CHIPID has no ID, so it will be ignored
2025-11-07 12:15:30.122  SVCAgent : [aj-O] SVCAgent - SysFsReader | retrieveSYSFS - No HW node exist in directory : /sys/devices/svc/OCTA
2025-11-07 12:15:30.123  SVCAgent : [aj-O] SVCAgent - SysFsReader | retrieveSYSFS - 8 HWs are found
2025-11-07 12:15:30.124  SVCAgent : [aj-O] SVCAgent - SysFsReader | retrieveSYSFS - End -----------------------------------------------------------------------------
2025-11-07 12:15:30.126  SVCAgent : [aj-O] SystemInformationBuilder | retrieveSystemInformation - End --------------------------------------------------------------------------------------
2025-11-07 12:15:30.127  SVCAgent : [aj-O] MainService | null
2025-11-07 12:15:30.128  SVCAgent : [aj-O] MainService | diffComponents - Current HW ID : SVC_AP is not changed
2025-11-07 12:15:30.129  SVCAgent : [aj-O] MainService | diffComponents - Current HW ID : PBA_2D is not changed
2025-11-07 12:15:30.131  SVCAgent : [aj-O] MainService | diffComponents - Current HW ID : SVC_front_module is not changed
2025-11-07 12:15:30.132  SVCAgent : [aj-O] MainService | diffComponents - Current HW ID : SVC_rear_module is not changed
2025-11-07 12:15:30.134  SVCAgent : [aj-O] MainService | diffComponents - Current HW ID : SVC_rear_module2 is not changed
2025-11-07 12:15:30.135  SVCAgent : [aj-O] MainService | diffComponents - Current HW ID : SVC_OCTA is not changed
2025-11-07 12:15:30.136  SVCAgent : [aj-O] MainService | diffComponents - Current HW ID : SVC_OCTA_CHIPID is not changed
2025-11-07 12:15:30.137  SVCAgent : [aj-O] MainService | diffComponents - Current HW ID : SVC_OCTA_DDI_CHIPID is not changed
2025-11-07 12:15:30.138  SVCAgent : [aj-O] MainService | diffComponents - Current HW ID : changeList skip
2025-11-07 12:15:30.139  SVCAgent : [aj-O] MainService | diffComponents - Current HW ID : repairList skip
2025-11-07 12:15:30.140  SVCAgent : [aj-O] MainService | diffComponents - Current HW ID : prefix skip
2025-11-07 12:15:30.141  SVCAgent : [aj-O] MainService | diffDevices - cannot find any HW changes
2025-11-07 12:15:30.142  SVCAgent : [aj-O] MainService | decideServiceType - Current service type : 
2025-11-07 12:15:30.143  SVCAgent : [aj-O] SystemInformation | setType - 
2025-11-07 12:15:30.144  SVCAgent : [aj-O] SystemInformation | setChangeList - 
2025-11-07 12:15:30.145  SVCAgent : [aj-O] SystemInformation | getString - type key has no value!!!
2025-11-07 12:15:30.146  SVCAgent : [aj-O] MainService | postToServer - Current System Information has no service type value. Perhaps there isn't any HW changes.
2025-11-07 12:15:30.147  SVCAgent : [aj-O] MainService | handleMessage - No more transmission exists. Close Service.
2025-11-07 12:15:30.153  SVCAgent : [aj-O] EFSController | cleanEFS - Clean already transmitted data in EFS
2025-11-07 12:15:30.155  SVCAgent : [aj-O] EFSController | loadEFS - start to load efs
2025-11-07 12:15:30.157  SVCAgent : [aj-O] Util | readLineFromFile - Input file size : 690 bytes
2025-11-07 12:15:30.158  SVCAgent : [aj-O] Util | readLineFromFile - loaded list size : 1
2025-11-07 12:15:30.159  SVCAgent : [aj-O] EFSController | loadEFS - EFS file loading - 
2025-11-07 12:15:30.160  SVCAgent : [aj-O] EFSController | getVersionType : type 2
2025-11-07 12:15:30.161  SVCAgent : [aj-O] EFSController | loadEFS - success to load efs
2025-11-07 12:15:30.162  SVCAgent : [aj-O] EFSController | loadEFS - efs size :  1
2025-11-07 12:15:30.163  SVCAgent : [aj-O] EFSController | cleanEFS - (1 -> 1) data are cleared.
2025-11-07 12:15:30.165  SVCAgent : [aj-O] EFSController | EFSController - Delete EFS path
2025-11-07 12:15:30.185  SVCAgent : [aj-O] Util | writing result - 690 bytes at Fri Nov 07 12:15:30 GMT+01:00 2025
2025-11-07 12:15:30.186  SVCAgent : [aj-O] EFSController | makeEFS - Making file is success.
2025-11-07 12:15:30.187  SVCAgent : [aj-O] EFSController | loadEFS - start to load efs
2025-11-07 12:15:30.188  SVCAgent : [aj-O] Util | readLineFromFile - Input file size : 690 bytes
2025-11-07 12:15:30.189  SVCAgent : [aj-O] Util | readLineFromFile - loaded list size : 1
2025-11-07 12:15:30.191  SVCAgent : [aj-O] EFSController | loadEFS - EFS file loading - 
2025-11-07 12:15:30.192  SVCAgent : [aj-O] EFSController | getVersionType : type 2
2025-11-07 12:15:30.195  SVCAgent : [aj-O] EFSController | loadEFS - success to load efs
2025-11-07 12:15:30.196  SVCAgent : [aj-O] EFSController | loadEFS - efs size :  1
2025-11-07 12:15:30.198  SVCAgent : [aj-O] EFSController | EFSController - Delete EFS path
2025-11-07 12:15:30.207  SVCAgent : [aj-O] Util | writing result - 690 bytes at Fri Nov 07 12:15:30 GMT+01:00 2025
2025-11-07 12:15:30.208  SVCAgent : [aj-O] EFSController | makeEFSBackUp - Making backup file is success.
2025-11-07 12:15:30.215  SVCAgent : [aj-O] ConnectionJobService | scheduleJobService - JobService scheduling is success
2025-11-07 12:15:30.216  SVCAgent : [aj-O] MainService | onDestroy - Service is closed
2025-11-07 12:44:35.349  SVCAgent : [Nf-N] BootReceiver | onReceive - Setup Wizard finish signal is delivered.
2025-11-07 12:44:35.352  SVCAgent : [Nf-N] BootReceiver | onReceive - send MESSAGE_LAUNCH_SERVICE
2025-11-07 12:44:35.374  SVCAgent : [Nf-N] Util | isMyServiceRunning - Service does not exist
2025-11-07 12:44:35.387  SVCAgent : [Nf-N] Util | launchService.
2025-11-07 12:44:35.390  SVCAgent : [Nf-N] Util | isMyServiceRunning - Service does not exist
2025-11-07 12:44:35.391  SVCAgent : [Nf-N] BootReceiver | handleMessage - send MESSAGE_LAUNCH_SERVICE
2025-11-07 12:44:35.392  SVCAgent : [Nf-N] BootReceiver | ReceiverHandler sent message.{ when=-40ms what=1 target=com.samsung.android.service.svcagent.BootReceiver$a }
2025-11-07 12:44:35.400  SVCAgent : [Nf-N] Util | SDK Version 33.
2025-11-07 12:44:35.402  SVCAgent : [Nf-N] Util | SDK Version 33.
2025-11-07 12:44:35.405  SVCAgent : [Nf-N] MainService | onStartCommand - Service is now on
2025-11-07 12:44:36.193  SVCAgent : [Nf-N] Util | isMyServiceRunning - Service is running
2025-11-07 12:44:36.194  SVCAgent : [Nf-N] Util | launchService
2025-11-07 12:44:36.197  SVCAgent : [Nf-N] Util | isMyServiceRunning - Service is running
2025-11-07 12:44:36.204  SVCAgent : [Nf-N] BootReceiver | handleMessage - remove MESSAGE_LAUNCH_SERVICE
2025-11-07 12:44:36.205  SVCAgent : [Nf-N] BootReceiver | ReceiverHandler sent message.{ when=-14ms what=1 target=com.samsung.android.service.svcagent.BootReceiver$a }
2025-11-07 12:44:36.205  SVCAgent : [Nf-N] MainService | onReceive - com.samsung.android.service.svcagent.intent_action_start_service
2025-11-07 12:44:36.206  SVCAgent : [Nf-N] MainService | onReceive - Start service.
2025-11-07 12:44:36.208  SVCAgent : [Nf-N] EFSController | loadEFS - start to load efs
2025-11-07 12:44:36.212  SVCAgent : [Nf-N] Util | readLineFromFile - Input file size : 690 bytes
2025-11-07 12:44:36.214  SVCAgent : [Nf-N] Util | readLineFromFile - loaded list size : 1
2025-11-07 12:44:36.215  SVCAgent : [Nf-N] EFSController | loadEFS - EFS file loading - 
2025-11-07 12:44:36.216  SVCAgent : [Nf-N] EFSController | getVersionType : type 2
2025-11-07 12:44:36.217  SVCAgent : [Nf-N] EFSController | loadEFS - success to load efs
2025-11-07 12:44:36.218  SVCAgent : [Nf-N] EFSController | loadEFS - efs size :  1
2025-11-07 12:44:36.219  SVCAgent : [Nf-N] SystemInformationBuilder | retrieveSystemInformation - Start ------------------------------------------------------------------------------------
2025-11-07 12:44:36.733  SVCAgent : [Nf-N] SystemInformationBuilder | getUniqueNumber - Obtaining Unique Number from UFS
2025-11-07 12:44:36.740  SVCAgent : [Nf-N] SystemInformationBuilder | getModelName - Model Name: SM-A426U1
2025-11-07 12:44:36.741  SVCAgent : [Nf-N] SystemInformationBuilder | getCustomerCode - Sales Code from property - XAA
2025-11-07 12:44:36.742  SVCAgent : [Nf-N] SystemInformationBuilder | A426U1UEU9EXF3/A426U1OYM9EXF3/A426U1UEU9EXF3
2025-11-07 12:44:36.744  SVCAgent : [Nf-N] SystemInformationBuilder | 7.0.00.12
2025-11-07 12:44:36.748  SVCAgent : [Nf-N] FlashLockVerifier | start check
2025-11-07 12:44:36.752  SVCAgent : [Nf-N] FlashLockVerifier | Result : 1
2025-11-07 12:44:36.754  SVCAgent : [Nf-N] SVCAgent - SysFsReader | retrieveSYSFS - Start searching HWs--------------------------------------------------------------
2025-11-07 12:44:36.767  SVCAgent : [Nf-N] SVCAgent - SysFsReader | getNodeID - Node - SVC_rear_module3 has no ID, so it will be ignored
2025-11-07 12:44:36.768  SVCAgent : [Nf-N] SVCAgent - SysFsReader | getNodeID - Node - SVC_rear_module4 has no ID, so it will be ignored
2025-11-07 12:44:36.769  SVCAgent : [Nf-N] SVCAgent - SysFsReader | retrieveSYSFS - No HW node exist in directory : /sys/devices/svc/Camera
2025-11-07 12:44:36.781  SVCAgent : [Nf-N] SVCAgent - SysFsReader | getNodeID - Node - SVC_OCTA2 has no ID, so it will be ignored
2025-11-07 12:44:36.782  SVCAgent : [Nf-N] SVCAgent - SysFsReader | getNodeID - Node - SVC_OCTA2_CHIPID has no ID, so it will be ignored
2025-11-07 12:44:36.788  SVCAgent : [Nf-N] SVCAgent - SysFsReader | getNodeID - Node - SVC_OCTA2_DDI_CHIPID has no ID, so it will be ignored
2025-11-07 12:44:36.789  SVCAgent : [Nf-N] SVCAgent - SysFsReader | retrieveSYSFS - No HW node exist in directory : /sys/devices/svc/OCTA
2025-11-07 12:44:36.790  SVCAgent : [Nf-N] SVCAgent - SysFsReader | retrieveSYSFS - 8 HWs are found
2025-11-07 12:44:36.791  SVCAgent : [Nf-N] SVCAgent - SysFsReader | retrieveSYSFS - End -----------------------------------------------------------------------------
2025-11-07 12:44:36.792  SVCAgent : [Nf-N] SystemInformationBuilder | retrieveSystemInformation - End --------------------------------------------------------------------------------------
2025-11-07 12:44:36.793  SVCAgent : [Nf-N] MainService | null
2025-11-07 12:44:36.794  SVCAgent : [Nf-N] MainService | diffComponents - Current HW ID : SVC_AP is not changed
2025-11-07 12:44:36.795  SVCAgent : [Nf-N] MainService | diffComponents - Current HW ID : PBA_2D is not changed
2025-11-07 12:44:36.796  SVCAgent : [Nf-N] MainService | diffComponents - Current HW ID : SVC_front_module is not changed
2025-11-07 12:44:36.797  SVCAgent : [Nf-N] MainService | diffComponents - Current HW ID : SVC_rear_module is not changed
2025-11-07 12:44:36.800  SVCAgent : [Nf-N] MainService | diffComponents - Current HW ID : SVC_rear_module2 is not changed
2025-11-07 12:44:36.801  SVCAgent : [Nf-N] MainService | diffComponents - Current HW ID : SVC_OCTA is not changed
2025-11-07 12:44:36.803  SVCAgent : [Nf-N] MainService | diffComponents - Current HW ID : SVC_OCTA_CHIPID is not changed
2025-11-07 12:44:36.805  SVCAgent : [Nf-N] MainService | diffComponents - Current HW ID : SVC_OCTA_DDI_CHIPID is not changed
2025-11-07 12:44:36.806  SVCAgent : [Nf-N] MainService | diffComponents - Current HW ID : changeList skip
2025-11-07 12:44:36.808  SVCAgent : [Nf-N] MainService | diffComponents - Current HW ID : repairList skip
2025-11-07 12:44:36.809  SVCAgent : [Nf-N] MainService | diffComponents - Current HW ID : prefix skip
2025-11-07 12:44:36.810  SVCAgent : [Nf-N] MainService | diffDevices - cannot find any HW changes
2025-11-07 12:44:36.811  SVCAgent : [Nf-N] MainService | decideServiceType - Current service type : 
2025-11-07 12:44:36.812  SVCAgent : [Nf-N] SystemInformation | setType - 
2025-11-07 12:44:36.813  SVCAgent : [Nf-N] SystemInformation | setChangeList - 
2025-11-07 12:44:36.814  SVCAgent : [Nf-N] SystemInformation | getString - type key has no value!!!
2025-11-07 12:44:36.815  SVCAgent : [Nf-N] MainService | postToServer - Current System Information has no service type value. Perhaps there isn't any HW changes.
2025-11-07 12:44:36.816  SVCAgent : [Nf-N] MainService | handleMessage - No more transmission exists. Close Service.
2025-11-07 12:44:36.839  SVCAgent : [Nf-N] EFSController | cleanEFS - Clean already transmitted data in EFS
2025-11-07 12:44:36.841  SVCAgent : [Nf-N] EFSController | loadEFS - start to load efs
2025-11-07 12:44:36.842  SVCAgent : [Nf-N] Util | readLineFromFile - Input file size : 690 bytes
2025-11-07 12:44:36.843  SVCAgent : [Nf-N] Util | readLineFromFile - loaded list size : 1
2025-11-07 12:44:36.843  SVCAgent : [Nf-N] EFSController | loadEFS - EFS file loading - 
2025-11-07 12:44:36.844  SVCAgent : [Nf-N] EFSController | getVersionType : type 2
2025-11-07 12:44:36.845  SVCAgent : [Nf-N] EFSController | loadEFS - success to load efs
2025-11-07 12:44:36.846  SVCAgent : [Nf-N] EFSController | loadEFS - efs size :  1
2025-11-07 12:44:36.847  SVCAgent : [Nf-N] EFSController | cleanEFS - (1 -> 1) data are cleared.
2025-11-07 12:44:36.850  SVCAgent : [Nf-N] EFSController | EFSController - Delete EFS path
2025-11-07 12:44:36.857  SVCAgent : [Nf-N] Util | writing result - 690 bytes at Fri Nov 07 12:44:36 GMT+01:00 2025
2025-11-07 12:44:36.859  SVCAgent : [Nf-N] EFSController | makeEFS - Making file is success.
2025-11-07 12:44:36.860  SVCAgent : [Nf-N] EFSController | loadEFS - start to load efs
2025-11-07 12:44:36.861  SVCAgent : [Nf-N] Util | readLineFromFile - Input file size : 690 bytes
2025-11-07 12:44:36.862  SVCAgent : [Nf-N] Util | readLineFromFile - loaded list size : 1
2025-11-07 12:44:36.864  SVCAgent : [Nf-N] EFSController | loadEFS - EFS file loading - 
2025-11-07 12:44:36.867  SVCAgent : [Nf-N] EFSController | getVersionType : type 2
2025-11-07 12:44:36.868  SVCAgent : [Nf-N] EFSController | loadEFS - success to load efs
2025-11-07 12:44:36.870  SVCAgent : [Nf-N] EFSController | loadEFS - efs size :  1
2025-11-07 12:44:36.876  SVCAgent : [Nf-N] EFSController | EFSController - Delete EFS path
2025-11-07 12:44:36.886  SVCAgent : [Nf-N] Util | writing result - 690 bytes at Fri Nov 07 12:44:36 GMT+01:00 2025
2025-11-07 12:44:36.888  SVCAgent : [Nf-N] EFSController | makeEFSBackUp - Making backup file is success.
2025-11-07 12:44:36.903  SVCAgent : [Nf-N] ConnectionJobService | scheduleJobService - JobService scheduling is success
2025-11-07 12:44:36.904  SVCAgent : [Nf-N] MainService | onDestroy - Service is closed
2025-11-07 12:48:55.809  SVCAgent : [GL-K] BootReceiver | onReceive - Setup Wizard finish signal is delivered.
2025-11-07 12:48:55.819  SVCAgent : [GL-K] BootReceiver | onReceive - send MESSAGE_LAUNCH_SERVICE
2025-11-07 12:48:55.850  SVCAgent : [GL-K] Util | isMyServiceRunning - Service does not exist
2025-11-07 12:48:55.857  SVCAgent : [GL-K] Util | launchService.
2025-11-07 12:48:55.861  SVCAgent : [GL-K] Util | isMyServiceRunning - Service does not exist
2025-11-07 12:48:55.862  SVCAgent : [GL-K] BootReceiver | handleMessage - send MESSAGE_LAUNCH_SERVICE
2025-11-07 12:48:55.863  SVCAgent : [GL-K] BootReceiver | ReceiverHandler sent message.{ when=-44ms what=1 target=com.samsung.android.service.svcagent.BootReceiver$a }
2025-11-07 12:48:55.871  SVCAgent : [GL-K] Util | SDK Version 33.
2025-11-07 12:48:55.872  SVCAgent : [GL-K] Util | SDK Version 33.
2025-11-07 12:48:55.881  SVCAgent : [GL-K] MainService | onStartCommand - Service is now on
2025-11-07 12:48:56.666  SVCAgent : [GL-K] Util | isMyServiceRunning - Service is running
2025-11-07 12:48:56.667  SVCAgent : [GL-K] Util | launchService
2025-11-07 12:48:56.690  SVCAgent : [GL-K] Util | isMyServiceRunning - Service is running
2025-11-07 12:48:56.698  SVCAgent : [GL-K] BootReceiver | handleMessage - remove MESSAGE_LAUNCH_SERVICE
2025-11-07 12:48:56.699  SVCAgent : [GL-K] BootReceiver | ReceiverHandler sent message.{ when=-37ms what=1 target=com.samsung.android.service.svcagent.BootReceiver$a }
2025-11-07 12:48:56.700  SVCAgent : [GL-K] MainService | onReceive - com.samsung.android.service.svcagent.intent_action_start_service
2025-11-07 12:48:56.702  SVCAgent : [GL-K] MainService | onReceive - Start service.
2025-11-07 12:48:56.703  SVCAgent : [GL-K] EFSController | loadEFS - start to load efs
2025-11-07 12:48:56.707  SVCAgent : [GL-K] Util | readLineFromFile - Input file size : 690 bytes
2025-11-07 12:48:56.709  SVCAgent : [GL-K] Util | readLineFromFile - loaded list size : 1
2025-11-07 12:48:56.710  SVCAgent : [GL-K] EFSController | loadEFS - EFS file loading - 
2025-11-07 12:48:56.711  SVCAgent : [GL-K] EFSController | getVersionType : type 2
2025-11-07 12:48:56.713  SVCAgent : [GL-K] EFSController | loadEFS - success to load efs
2025-11-07 12:48:56.713  SVCAgent : [GL-K] EFSController | loadEFS - efs size :  1
2025-11-07 12:48:56.714  SVCAgent : [GL-K] SystemInformationBuilder | retrieveSystemInformation - Start ------------------------------------------------------------------------------------
2025-11-07 12:48:57.234  SVCAgent : [GL-K] SystemInformationBuilder | getUniqueNumber - Obtaining Unique Number from UFS
2025-11-07 12:48:57.252  SVCAgent : [GL-K] SystemInformationBuilder | getModelName - Model Name: SM-A426U1
2025-11-07 12:48:57.253  SVCAgent : [GL-K] SystemInformationBuilder | getCustomerCode - Sales Code from property - XAA
2025-11-07 12:48:57.254  SVCAgent : [GL-K] SystemInformationBuilder | A426U1UEU9EXF3/A426U1OYM9EXF3/A426U1UEU9EXF3
2025-11-07 12:48:57.257  SVCAgent : [GL-K] SystemInformationBuilder | 7.0.00.12
2025-11-07 12:48:57.258  SVCAgent : [GL-K] FlashLockVerifier | start check
2025-11-07 12:48:57.259  SVCAgent : [GL-K] FlashLockVerifier | Result : 1
2025-11-07 12:48:57.261  SVCAgent : [GL-K] SVCAgent - SysFsReader | retrieveSYSFS - Start searching HWs--------------------------------------------------------------
2025-11-07 12:48:57.291  SVCAgent : [GL-K] SVCAgent - SysFsReader | getNodeID - Node - SVC_rear_module3 has no ID, so it will be ignored
2025-11-07 12:48:57.296  SVCAgent : [GL-K] SVCAgent - SysFsReader | getNodeID - Node - SVC_rear_module4 has no ID, so it will be ignored
2025-11-07 12:48:57.298  SVCAgent : [GL-K] SVCAgent - SysFsReader | retrieveSYSFS - No HW node exist in directory : /sys/devices/svc/Camera
2025-11-07 12:48:57.306  SVCAgent : [GL-K] SVCAgent - SysFsReader | getNodeID - Node - SVC_OCTA2 has no ID, so it will be ignored
2025-11-07 12:48:57.308  SVCAgent : [GL-K] SVCAgent - SysFsReader | getNodeID - Node - SVC_OCTA2_CHIPID has no ID, so it will be ignored
2025-11-07 12:48:57.311  SVCAgent : [GL-K] SVCAgent - SysFsReader | getNodeID - Node - SVC_OCTA2_DDI_CHIPID has no ID, so it will be ignored
2025-11-07 12:48:57.313  SVCAgent : [GL-K] SVCAgent - SysFsReader | retrieveSYSFS - No HW node exist in directory : /sys/devices/svc/OCTA
2025-11-07 12:48:57.314  SVCAgent : [GL-K] SVCAgent - SysFsReader | retrieveSYSFS - 8 HWs are found
2025-11-07 12:48:57.315  SVCAgent : [GL-K] SVCAgent - SysFsReader | retrieveSYSFS - End -----------------------------------------------------------------------------
2025-11-07 12:48:57.316  SVCAgent : [GL-K] SystemInformationBuilder | retrieveSystemInformation - End --------------------------------------------------------------------------------------
2025-11-07 12:48:57.317  SVCAgent : [GL-K] MainService | null
2025-11-07 12:48:57.319  SVCAgent : [GL-K] MainService | diffComponents - Current HW ID : SVC_AP is not changed
2025-11-07 12:48:57.320  SVCAgent : [GL-K] MainService | diffComponents - Current HW ID : PBA_2D is not changed
2025-11-07 12:48:57.321  SVCAgent : [GL-K] MainService | diffComponents - Current HW ID : SVC_front_module is not changed
2025-11-07 12:48:57.323  SVCAgent : [GL-K] MainService | diffComponents - Current HW ID : SVC_rear_module is not changed
2025-11-07 12:48:57.324  SVCAgent : [GL-K] MainService | diffComponents - Current HW ID : SVC_rear_module2 is not changed
2025-11-07 12:48:57.326  SVCAgent : [GL-K] MainService | diffComponents - Current HW ID : SVC_OCTA is not changed
2025-11-07 12:48:57.327  SVCAgent : [GL-K] MainService | diffComponents - Current HW ID : SVC_OCTA_CHIPID is not changed
2025-11-07 12:48:57.328  SVCAgent : [GL-K] MainService | diffComponents - Current HW ID : SVC_OCTA_DDI_CHIPID is not changed
2025-11-07 12:48:57.331  SVCAgent : [GL-K] MainService | diffComponents - Current HW ID : changeList skip
2025-11-07 12:48:57.332  SVCAgent : [GL-K] MainService | diffComponents - Current HW ID : repairList skip
2025-11-07 12:48:57.333  SVCAgent : [GL-K] MainService | diffComponents - Current HW ID : prefix skip
2025-11-07 12:48:57.335  SVCAgent : [GL-K] MainService | diffDevices - cannot find any HW changes
2025-11-07 12:48:57.336  SVCAgent : [GL-K] MainService | decideServiceType - Current service type : 
2025-11-07 12:48:57.337  SVCAgent : [GL-K] SystemInformation | setType - 
2025-11-07 12:48:57.338  SVCAgent : [GL-K] SystemInformation | setChangeList - 
2025-11-07 12:48:57.339  SVCAgent : [GL-K] SystemInformation | getString - type key has no value!!!
2025-11-07 12:48:57.340  SVCAgent : [GL-K] MainService | postToServer - Current System Information has no service type value. Perhaps there isn't any HW changes.
2025-11-07 12:48:57.341  SVCAgent : [GL-K] MainService | handleMessage - No more transmission exists. Close Service.
2025-11-07 12:48:57.350  SVCAgent : [GL-K] EFSController | cleanEFS - Clean already transmitted data in EFS
2025-11-07 12:48:57.352  SVCAgent : [GL-K] EFSController | loadEFS - start to load efs
2025-11-07 12:48:57.353  SVCAgent : [GL-K] Util | readLineFromFile - Input file size : 690 bytes
2025-11-07 12:48:57.354  SVCAgent : [GL-K] Util | readLineFromFile - loaded list size : 1
2025-11-07 12:48:57.355  SVCAgent : [GL-K] EFSController | loadEFS - EFS file loading - 
2025-11-07 12:48:57.356  SVCAgent : [GL-K] EFSController | getVersionType : type 2
2025-11-07 12:48:57.358  SVCAgent : [GL-K] EFSController | loadEFS - success to load efs
2025-11-07 12:48:57.360  SVCAgent : [GL-K] EFSController | loadEFS - efs size :  1
2025-11-07 12:48:57.361  SVCAgent : [GL-K] EFSController | cleanEFS - (1 -> 1) data are cleared.
2025-11-07 12:48:57.363  SVCAgent : [GL-K] EFSController | EFSController - Delete EFS path
2025-11-07 12:48:57.368  SVCAgent : [GL-K] Util | writing result - 690 bytes at Fri Nov 07 12:48:57 GMT+01:00 2025
2025-11-07 12:48:57.370  SVCAgent : [GL-K] EFSController | makeEFS - Making file is success.
2025-11-07 12:48:57.371  SVCAgent : [GL-K] EFSController | loadEFS - start to load efs
2025-11-07 12:48:57.372  SVCAgent : [GL-K] Util | readLineFromFile - Input file size : 690 bytes
2025-11-07 12:48:57.384  SVCAgent : [GL-K] Util | readLineFromFile - loaded list size : 1
2025-11-07 12:48:57.387  SVCAgent : [GL-K] EFSController | loadEFS - EFS file loading - 
2025-11-07 12:48:57.388  SVCAgent : [GL-K] EFSController | getVersionType : type 2
2025-11-07 12:48:57.389  SVCAgent : [GL-K] EFSController | loadEFS - success to load efs
2025-11-07 12:48:57.390  SVCAgent : [GL-K] EFSController | loadEFS - efs size :  1
2025-11-07 12:48:57.393  SVCAgent : [GL-K] EFSController | EFSController - Delete EFS path
2025-11-07 12:48:57.404  SVCAgent : [GL-K] Util | writing result - 690 bytes at Fri Nov 07 12:48:57 GMT+01:00 2025
2025-11-07 12:48:57.407  SVCAgent : [GL-K] EFSController | makeEFSBackUp - Making backup file is success.
2025-11-07 12:48:57.415  SVCAgent : [GL-K] ConnectionJobService | scheduleJobService - JobService scheduling is success
2025-11-07 12:48:57.417  SVCAgent : [GL-K] MainService | onDestroy - Service is closed
2025-11-07 13:46:28.045  SVCAgent : [oe-D] BootReceiver | onReceive - Setup Wizard finish signal is delivered.
2025-11-07 13:46:28.047  SVCAgent : [oe-D] BootReceiver | onReceive - send MESSAGE_LAUNCH_SERVICE
2025-11-07 13:46:28.078  SVCAgent : [oe-D] Util | isMyServiceRunning - Service does not exist
2025-11-07 13:46:28.086  SVCAgent : [oe-D] Util | launchService.
2025-11-07 13:46:28.090  SVCAgent : [oe-D] Util | isMyServiceRunning - Service does not exist
2025-11-07 13:46:28.091  SVCAgent : [oe-D] BootReceiver | handleMessage - send MESSAGE_LAUNCH_SERVICE
2025-11-07 13:46:28.093  SVCAgent : [oe-D] BootReceiver | ReceiverHandler sent message.{ when=-46ms what=1 target=com.samsung.android.service.svcagent.BootReceiver$a }
2025-11-07 13:46:28.111  SVCAgent : [oe-D] Util | SDK Version 33.
2025-11-07 13:46:28.114  SVCAgent : [oe-D] Util | SDK Version 33.
2025-11-07 13:46:28.120  SVCAgent : [oe-D] MainService | onStartCommand - Service is now on
2025-11-07 13:46:28.896  SVCAgent : [oe-D] Util | isMyServiceRunning - Service is running
2025-11-07 13:46:28.897  SVCAgent : [oe-D] Util | launchService
2025-11-07 13:46:28.899  SVCAgent : [oe-D] Util | isMyServiceRunning - Service is running
2025-11-07 13:46:28.902  SVCAgent : [oe-D] BootReceiver | handleMessage - remove MESSAGE_LAUNCH_SERVICE
2025-11-07 13:46:28.903  SVCAgent : [oe-D] BootReceiver | ReceiverHandler sent message.{ when=-11ms what=1 target=com.samsung.android.service.svcagent.BootReceiver$a }
2025-11-07 13:46:28.904  SVCAgent : [oe-D] MainService | onReceive - com.samsung.android.service.svcagent.intent_action_start_service
2025-11-07 13:46:28.905  SVCAgent : [oe-D] MainService | onReceive - Start service.
2025-11-07 13:46:28.906  SVCAgent : [oe-D] EFSController | loadEFS - start to load efs
2025-11-07 13:46:28.909  SVCAgent : [oe-D] Util | readLineFromFile - Input file size : 690 bytes
2025-11-07 13:46:28.911  SVCAgent : [oe-D] Util | readLineFromFile - loaded list size : 1
2025-11-07 13:46:28.911  SVCAgent : [oe-D] EFSController | loadEFS - EFS file loading - 
2025-11-07 13:46:28.912  SVCAgent : [oe-D] EFSController | getVersionType : type 2
2025-11-07 13:46:28.914  SVCAgent : [oe-D] EFSController | loadEFS - success to load efs
2025-11-07 13:46:28.914  SVCAgent : [oe-D] EFSController | loadEFS - efs size :  1
2025-11-07 13:46:28.915  SVCAgent : [oe-D] SystemInformationBuilder | retrieveSystemInformation - Start ------------------------------------------------------------------------------------
2025-11-07 13:46:29.424  SVCAgent : [oe-D] SystemInformationBuilder | getUniqueNumber - Obtaining Unique Number from UFS
2025-11-07 13:46:29.428  SVCAgent : [oe-D] SystemInformationBuilder | getModelName - Model Name: SM-A426U1
2025-11-07 13:46:29.430  SVCAgent : [oe-D] SystemInformationBuilder | getCustomerCode - Sales Code from property - XAA
2025-11-07 13:46:29.433  SVCAgent : [oe-D] SystemInformationBuilder | A426U1UEU9EXF3/A426U1OYM9EXF3/A426U1UEU9EXF3
2025-11-07 13:46:29.437  SVCAgent : [oe-D] SystemInformationBuilder | 7.0.00.12
2025-11-07 13:46:29.439  SVCAgent : [oe-D] FlashLockVerifier | start check
2025-11-07 13:46:29.440  SVCAgent : [oe-D] FlashLockVerifier | Result : 1
2025-11-07 13:46:29.442  SVCAgent : [oe-D] SVCAgent - SysFsReader | retrieveSYSFS - Start searching HWs--------------------------------------------------------------
2025-11-07 13:46:29.459  SVCAgent : [oe-D] SVCAgent - SysFsReader | getNodeID - Node - SVC_rear_module3 has no ID, so it will be ignored
2025-11-07 13:46:29.461  SVCAgent : [oe-D] SVCAgent - SysFsReader | getNodeID - Node - SVC_rear_module4 has no ID, so it will be ignored
2025-11-07 13:46:29.464  SVCAgent : [oe-D] SVCAgent - SysFsReader | retrieveSYSFS - No HW node exist in directory : /sys/devices/svc/Camera
2025-11-07 13:46:29.476  SVCAgent : [oe-D] SVCAgent - SysFsReader | getNodeID - Node - SVC_OCTA2 has no ID, so it will be ignored
2025-11-07 13:46:29.478  SVCAgent : [oe-D] SVCAgent - SysFsReader | getNodeID - Node - SVC_OCTA2_CHIPID has no ID, so it will be ignored
2025-11-07 13:46:29.481  SVCAgent : [oe-D] SVCAgent - SysFsReader | getNodeID - Node - SVC_OCTA2_DDI_CHIPID has no ID, so it will be ignored
2025-11-07 13:46:29.483  SVCAgent : [oe-D] SVCAgent - SysFsReader | retrieveSYSFS - No HW node exist in directory : /sys/devices/svc/OCTA
2025-11-07 13:46:29.485  SVCAgent : [oe-D] SVCAgent - SysFsReader | retrieveSYSFS - 8 HWs are found
2025-11-07 13:46:29.487  SVCAgent : [oe-D] SVCAgent - SysFsReader | retrieveSYSFS - End -----------------------------------------------------------------------------
2025-11-07 13:46:29.489  SVCAgent : [oe-D] SystemInformationBuilder | retrieveSystemInformation - End --------------------------------------------------------------------------------------
2025-11-07 13:46:29.490  SVCAgent : [oe-D] MainService | null
2025-11-07 13:46:29.492  SVCAgent : [oe-D] MainService | diffComponents - Current HW ID : SVC_AP is not changed
2025-11-07 13:46:29.495  SVCAgent : [oe-D] MainService | diffComponents - Current HW ID : PBA_2D is not changed
2025-11-07 13:46:29.498  SVCAgent : [oe-D] MainService | diffComponents - Current HW ID : SVC_front_module is not changed
2025-11-07 13:46:29.501  SVCAgent : [oe-D] MainService | diffComponents - Current HW ID : SVC_rear_module is not changed
2025-11-07 13:46:29.502  SVCAgent : [oe-D] MainService | diffComponents - Current HW ID : SVC_rear_module2 is not changed
2025-11-07 13:46:29.504  SVCAgent : [oe-D] MainService | diffComponents - Current HW ID : SVC_OCTA is not changed
2025-11-07 13:46:29.507  SVCAgent : [oe-D] MainService | diffComponents - Current HW ID : SVC_OCTA_CHIPID is not changed
2025-11-07 13:46:29.511  SVCAgent : [oe-D] MainService | diffComponents - Current HW ID : SVC_OCTA_DDI_CHIPID is not changed
2025-11-07 13:46:29.514  SVCAgent : [oe-D] MainService | diffComponents - Current HW ID : changeList skip
2025-11-07 13:46:29.518  SVCAgent : [oe-D] MainService | diffComponents - Current HW ID : repairList skip
2025-11-07 13:46:29.521  SVCAgent : [oe-D] MainService | diffComponents - Current HW ID : prefix skip
2025-11-07 13:46:29.524  SVCAgent : [oe-D] MainService | diffDevices - cannot find any HW changes
2025-11-07 13:46:29.527  SVCAgent : [oe-D] MainService | decideServiceType - Current service type : 
2025-11-07 13:46:29.530  SVCAgent : [oe-D] SystemInformation | setType - 
2025-11-07 13:46:29.531  SVCAgent : [oe-D] SystemInformation | setChangeList - 
2025-11-07 13:46:29.534  SVCAgent : [oe-D] SystemInformation | getString - type key has no value!!!
2025-11-07 13:46:29.537  SVCAgent : [oe-D] MainService | postToServer - Current System Information has no service type value. Perhaps there isn't any HW changes.
2025-11-07 13:46:29.539  SVCAgent : [oe-D] MainService | handleMessage - No more transmission exists. Close Service.
2025-11-07 13:46:29.557  SVCAgent : [oe-D] EFSController | cleanEFS - Clean already transmitted data in EFS
2025-11-07 13:46:29.558  SVCAgent : [oe-D] EFSController | loadEFS - start to load efs
2025-11-07 13:46:29.560  SVCAgent : [oe-D] Util | readLineFromFile - Input file size : 690 bytes
2025-11-07 13:46:29.561  SVCAgent : [oe-D] Util | readLineFromFile - loaded list size : 1
2025-11-07 13:46:29.562  SVCAgent : [oe-D] EFSController | loadEFS - EFS file loading - 
2025-11-07 13:46:29.563  SVCAgent : [oe-D] EFSController | getVersionType : type 2
2025-11-07 13:46:29.565  SVCAgent : [oe-D] EFSController | loadEFS - success to load efs
2025-11-07 13:46:29.566  SVCAgent : [oe-D] EFSController | loadEFS - efs size :  1
2025-11-07 13:46:29.567  SVCAgent : [oe-D] EFSController | cleanEFS - (1 -> 1) data are cleared.
2025-11-07 13:46:29.573  SVCAgent : [oe-D] EFSController | EFSController - Delete EFS path
2025-11-07 13:46:29.578  SVCAgent : [oe-D] Util | writing result - 690 bytes at Fri Nov 07 13:46:29 GMT+01:00 2025
2025-11-07 13:46:29.580  SVCAgent : [oe-D] EFSController | makeEFS - Making file is success.
2025-11-07 13:46:29.583  SVCAgent : [oe-D] EFSController | loadEFS - start to load efs
2025-11-07 13:46:29.584  SVCAgent : [oe-D] Util | readLineFromFile - Input file size : 690 bytes
2025-11-07 13:46:29.585  SVCAgent : [oe-D] Util | readLineFromFile - loaded list size : 1
2025-11-07 13:46:29.586  SVCAgent : [oe-D] EFSController | loadEFS - EFS file loading - 
2025-11-07 13:46:29.587  SVCAgent : [oe-D] EFSController | getVersionType : type 2
2025-11-07 13:46:29.591  SVCAgent : [oe-D] EFSController | loadEFS - success to load efs
2025-11-07 13:46:29.592  SVCAgent : [oe-D] EFSController | loadEFS - efs size :  1
2025-11-07 13:46:29.594  SVCAgent : [oe-D] EFSController | EFSController - Delete EFS path
2025-11-07 13:46:29.598  SVCAgent : [oe-D] Util | writing result - 690 bytes at Fri Nov 07 13:46:29 GMT+01:00 2025
2025-11-07 13:46:29.600  SVCAgent : [oe-D] EFSController | makeEFSBackUp - Making backup file is success.
2025-11-07 13:46:29.608  SVCAgent : [oe-D] ConnectionJobService | scheduleJobService - JobService scheduling is success
2025-11-07 13:46:29.610  SVCAgent : [oe-D] MainService | onDestroy - Service is closed
2025-11-07 14:05:28.097  SVCAgent : [LD-X] DailyBgJobService | Job started
2025-11-07 14:05:28.126  SVCAgent : [LD-X] DailyBgJobService | Daily Transfer Again check
2025-11-07 14:05:28.134  SVCAgent : [LD-X] Util | readLineFromFile - Input file size : 690 bytes
2025-11-07 14:05:28.144  SVCAgent : [LD-X] Util | readLineFromFile - loaded list size : 1
2025-11-07 14:05:28.145  SVCAgent : [LD-X] EFSController | getTransferAgainFlag - getTransferAgainFlag - Flag: 0
2025-11-07 14:05:28.262  SVCAgent : [LD-X] DailyBgJobService | ct : 1762520728146
2025-11-07 14:05:28.262  SVCAgent : [LD-X] DailyBgJobService | lt : 7769491632
2025-11-07 14:05:28.264  SVCAgent : [LD-X] DailyBgJobService | lst job started
2025-11-07 14:05:28.277  SVCAgent : [LD-X] Util | isMyServiceRunning - Service does not exist
2025-11-07 14:05:28.289  SVCAgent : [LD-X] Util | launchService.
2025-11-07 14:05:28.293  SVCAgent : [LD-X] ConnectionJobService | onStartJob - 
2025-11-07 14:05:28.306  SVCAgent : [LD-X] ConnectionJobService | StartServiceAsyncTask - Run AsyncTask.
2025-11-07 14:05:28.309  SVCAgent : [LD-X] Util | readLineFromFile - Input file size : 690 bytes
2025-11-07 14:05:28.310  SVCAgent : [LD-X] Util | readLineFromFile - loaded list size : 1
2025-11-07 14:05:28.310  SVCAgent : [LD-X] EFSController | getTransferAgainFlag - getTransferAgainFlag - Flag: 0
2025-11-07 14:05:28.322  SVCAgent : [LD-X] ConnectionJobService | StartServiceAsyncTask - Ignore network change. There is no un-delivered data
2025-11-07 14:05:28.366  SVCAgent : [LD-X] Util | SDK Version 33.
2025-11-07 14:05:28.368  SVCAgent : [LD-X] Util | SDK Version 33.
2025-11-07 14:05:28.397  SVCAgent : [LD-X] MainService | onStartCommand - Service is now on
2025-11-07 14:05:28.821  SVCAgent : [LD-X] MainService | onReceive - com.samsung.android.service.svcagent.intent_action_last_command
2025-11-07 14:05:28.822  SVCAgent : [LD-X] EFSController | loadEFS - start to load efs
2025-11-07 14:05:28.834  SVCAgent : [LD-X] Util | readLineFromFile - Input file size : 690 bytes
2025-11-07 14:05:28.835  SVCAgent : [LD-X] Util | readLineFromFile - loaded list size : 1
2025-11-07 14:05:28.835  SVCAgent : [LD-X] EFSController | loadEFS - EFS file loading - 
2025-11-07 14:05:28.836  SVCAgent : [LD-X] EFSController | getVersionType : type 2
2025-11-07 14:05:28.838  SVCAgent : [LD-X] EFSController | loadEFS - success to load efs
2025-11-07 14:05:28.838  SVCAgent : [LD-X] EFSController | loadEFS - efs size :  1
2025-11-07 14:05:28.839  SVCAgent : [LD-X] EFSController | loadEFS - start to load efs
2025-11-07 14:05:28.840  SVCAgent : [LD-X] Util | readLineFromFile - Input file size : 690 bytes
2025-11-07 14:05:28.841  SVCAgent : [LD-X] Util | readLineFromFile - loaded list size : 1
2025-11-07 14:05:28.842  SVCAgent : [LD-X] EFSController | loadEFS - EFS file loading - 
2025-11-07 14:05:28.843  SVCAgent : [LD-X] EFSController | getVersionType : type 2
2025-11-07 14:05:28.844  SVCAgent : [LD-X] EFSController | loadEFS - success to load efs
2025-11-07 14:05:28.844  SVCAgent : [LD-X] EFSController | loadEFS - efs size :  1
2025-11-07 14:05:28.845  SVCAgent : [LD-X] SystemInformation | setType - LST
2025-11-07 14:05:28.847  SVCAgent : [LD-X] MainService | onReceive - LST, DST, CST request complete. Now service will send system information to server.
2025-11-09 04:03:38.407  SVCAgent : [Jc-L] DailyBgJobService | Job started
2025-11-09 04:03:38.411  SVCAgent : [Jc-L] DailyBgJobService | Daily Transfer Again check
2025-11-09 04:03:38.415  SVCAgent : [Jc-L] Util | readLineFromFile - Input file size : 690 bytes
2025-11-09 04:03:38.419  SVCAgent : [Jc-L] Util | readLineFromFile - loaded list size : 1
2025-11-09 04:03:38.421  SVCAgent : [Jc-L] EFSController | getTransferAgainFlag - getTransferAgainFlag - Flag: 0
2025-11-09 04:03:38.453  SVCAgent : [Jc-L] DailyBgJobService | ct : 1762657418422
2025-11-09 04:03:38.455  SVCAgent : [Jc-L] DailyBgJobService | lt : 7906181908
2025-11-09 04:03:38.459  SVCAgent : [Jc-L] DailyBgJobService | lst job started
2025-11-09 04:03:38.481  SVCAgent : [Jc-L] Util | isMyServiceRunning - Service does not exist
2025-11-09 04:03:38.510  SVCAgent : [Jc-L] Util | launchService.
2025-11-09 04:03:38.556  SVCAgent : [Jc-L] Util | SDK Version 33.
2025-11-09 04:03:38.558  SVCAgent : [Jc-L] Util | SDK Version 33.
2025-11-09 04:03:38.573  SVCAgent : [Jc-L] MainService | onStartCommand - Service is now on
2025-11-09 04:03:39.038  SVCAgent : [Jc-L] MainService | onReceive - com.samsung.android.service.svcagent.intent_action_last_command
2025-11-09 04:03:39.041  SVCAgent : [Jc-L] EFSController | loadEFS - start to load efs
2025-11-09 04:03:39.071  SVCAgent : [Jc-L] Util | readLineFromFile - Input file size : 690 bytes
2025-11-09 04:03:39.073  SVCAgent : [Jc-L] Util | readLineFromFile - loaded list size : 1
2025-11-09 04:03:39.074  SVCAgent : [Jc-L] EFSController | loadEFS - EFS file loading - 
2025-11-09 04:03:39.075  SVCAgent : [Jc-L] EFSController | getVersionType : type 2
2025-11-09 04:03:39.090  SVCAgent : [Jc-L] EFSController | loadEFS - success to load efs
2025-11-09 04:03:39.092  SVCAgent : [Jc-L] EFSController | loadEFS - efs size :  1
2025-11-09 04:03:39.096  SVCAgent : [Jc-L] EFSController | loadEFS - start to load efs
2025-11-09 04:03:39.098  SVCAgent : [Jc-L] Util | readLineFromFile - Input file size : 690 bytes
2025-11-09 04:03:39.099  SVCAgent : [Jc-L] Util | readLineFromFile - loaded list size : 1
2025-11-09 04:03:39.100  SVCAgent : [Jc-L] EFSController | loadEFS - EFS file loading - 
2025-11-09 04:03:39.102  SVCAgent : [Jc-L] EFSController | getVersionType : type 2
2025-11-09 04:03:39.104  SVCAgent : [Jc-L] EFSController | loadEFS - success to load efs
2025-11-09 04:03:39.106  SVCAgent : [Jc-L] EFSController | loadEFS - efs size :  1
2025-11-09 04:03:39.108  SVCAgent : [Jc-L] SystemInformation | setType - LST
2025-11-09 04:03:39.114  SVCAgent : [Jc-L] MainService | onReceive - LST, DST, CST request complete. Now service will send system information to server.
2025-11-09 13:52:24.236  SVCAgent : [om-K] DailyBgJobService | Job started
2025-11-09 13:52:24.241  SVCAgent : [om-K] DailyBgJobService | Daily Transfer Again check
2025-11-09 13:52:24.247  SVCAgent : [om-K] Util | readLineFromFile - Input file size : 690 bytes
2025-11-09 13:52:24.250  SVCAgent : [om-K] Util | readLineFromFile - loaded list size : 1
2025-11-09 13:52:24.252  SVCAgent : [om-K] EFSController | getTransferAgainFlag - getTransferAgainFlag - Flag: 0
2025-11-09 13:52:24.267  SVCAgent : [om-K] DailyBgJobService | ct : 1762692744253
2025-11-09 13:52:24.269  SVCAgent : [om-K] DailyBgJobService | lt : 7941507739
2025-11-09 13:52:24.270  SVCAgent : [om-K] DailyBgJobService | lst job started
2025-11-09 13:52:24.275  SVCAgent : [om-K] Util | isMyServiceRunning - Service does not exist
2025-11-09 13:52:24.283  SVCAgent : [om-K] Util | launchService.
2025-11-09 13:52:24.291  SVCAgent : [om-K] Util | SDK Version 33.
2025-11-09 13:52:24.293  SVCAgent : [om-K] Util | SDK Version 33.
2025-11-09 13:52:24.301  SVCAgent : [om-K] MainService | onStartCommand - Service is now on
2025-11-09 13:52:24.797  SVCAgent : [om-K] MainService | onReceive - com.samsung.android.service.svcagent.intent_action_last_command
2025-11-09 13:52:24.799  SVCAgent : [om-K] EFSController | loadEFS - start to load efs
2025-11-09 13:52:24.812  SVCAgent : [om-K] Util | readLineFromFile - Input file size : 690 bytes
2025-11-09 13:52:24.814  SVCAgent : [om-K] Util | readLineFromFile - loaded list size : 1
2025-11-09 13:52:24.815  SVCAgent : [om-K] EFSController | loadEFS - EFS file loading - 
2025-11-09 13:52:24.817  SVCAgent : [om-K] EFSController | getVersionType : type 2
2025-11-09 13:52:24.818  SVCAgent : [om-K] EFSController | loadEFS - success to load efs
2025-11-09 13:52:24.819  SVCAgent : [om-K] EFSController | loadEFS - efs size :  1
2025-11-09 13:52:24.819  SVCAgent : [om-K] EFSController | loadEFS - start to load efs
2025-11-09 13:52:24.821  SVCAgent : [om-K] Util | readLineFromFile - Input file size : 690 bytes
2025-11-09 13:52:24.822  SVCAgent : [om-K] Util | readLineFromFile - loaded list size : 1
2025-11-09 13:52:24.822  SVCAgent : [om-K] EFSController | loadEFS - EFS file loading - 
2025-11-09 13:52:24.823  SVCAgent : [om-K] EFSController | getVersionType : type 2
2025-11-09 13:52:24.824  SVCAgent : [om-K] EFSController | loadEFS - success to load efs
2025-11-09 13:52:24.824  SVCAgent : [om-K] EFSController | loadEFS - efs size :  1
2025-11-09 13:52:24.825  SVCAgent : [om-K] SystemInformation | setType - LST
2025-11-09 13:52:24.826  SVCAgent : [om-K] MainService | onReceive - LST, DST, CST request complete. Now service will send system information to server.
2025-11-13 09:40:59.206  SVCAgent : [if-P] DailyBgJobService | Job started
2025-11-13 09:40:59.209  SVCAgent : [if-P] DailyBgJobService | Daily Transfer Again check
2025-11-13 09:40:59.212  SVCAgent : [if-P] Util | readLineFromFile - Input file size : 690 bytes
2025-11-13 09:40:59.214  SVCAgent : [if-P] Util | readLineFromFile - loaded list size : 1
2025-11-13 09:40:59.215  SVCAgent : [if-P] EFSController | getTransferAgainFlag - getTransferAgainFlag - Flag: 0
2025-11-13 09:40:59.223  SVCAgent : [if-P] DailyBgJobService | ct : 1763023259216
2025-11-13 09:40:59.224  SVCAgent : [if-P] DailyBgJobService | lt : 8272022702
2025-11-13 09:40:59.225  SVCAgent : [if-P] DailyBgJobService | lst job started
2025-11-13 09:40:59.233  SVCAgent : [if-P] Util | isMyServiceRunning - Service does not exist
2025-11-13 09:40:59.248  SVCAgent : [if-P] Util | launchService.
2025-11-13 09:40:59.256  SVCAgent : [if-P] Util | SDK Version 33.
2025-11-13 09:40:59.257  SVCAgent : [if-P] Util | SDK Version 33.
2025-11-13 09:40:59.271  SVCAgent : [if-P] MainService | onStartCommand - Service is now on
2025-11-13 09:41:01.249  SVCAgent : [if-P] MainService | onReceive - com.samsung.android.service.svcagent.intent_action_last_command
2025-11-13 09:41:01.250  SVCAgent : [if-P] EFSController | loadEFS - start to load efs
2025-11-13 09:41:01.266  SVCAgent : [if-P] Util | readLineFromFile - Input file size : 690 bytes
2025-11-13 09:41:01.284  SVCAgent : [if-P] Util | readLineFromFile - loaded list size : 1
2025-11-13 09:41:01.285  SVCAgent : [if-P] EFSController | loadEFS - EFS file loading - 
2025-11-13 09:41:01.286  SVCAgent : [if-P] EFSController | getVersionType : type 2
2025-11-13 09:41:01.300  SVCAgent : [if-P] EFSController | loadEFS - success to load efs
2025-11-13 09:41:01.301  SVCAgent : [if-P] EFSController | loadEFS - efs size :  1
2025-11-13 09:41:01.303  SVCAgent : [if-P] EFSController | loadEFS - start to load efs
2025-11-13 09:41:01.307  SVCAgent : [if-P] Util | readLineFromFile - Input file size : 690 bytes
2025-11-13 09:41:01.309  SVCAgent : [if-P] Util | readLineFromFile - loaded list size : 1
2025-11-13 09:41:01.310  SVCAgent : [if-P] EFSController | loadEFS - EFS file loading - 
2025-11-13 09:41:01.311  SVCAgent : [if-P] EFSController | getVersionType : type 2
2025-11-13 09:41:01.313  SVCAgent : [if-P] EFSController | loadEFS - success to load efs
2025-11-13 09:41:01.314  SVCAgent : [if-P] EFSController | loadEFS - efs size :  1
2025-11-13 09:41:01.315  SVCAgent : [if-P] SystemInformation | setType - LST
2025-11-13 09:41:01.317  SVCAgent : [if-P] MainService | onReceive - LST, DST, CST request complete. Now service will send system information to server.
2025-11-13 09:41:18.861  SVCAgent : [if-P] DailyBgJobService | Job started
2025-11-13 09:41:18.897  SVCAgent : [if-P] DailyBgJobService | Daily Transfer Again check
2025-11-13 09:41:18.917  SVCAgent : [if-P] Util | readLineFromFile - Input file size : 690 bytes
2025-11-13 09:41:18.925  SVCAgent : [if-P] Util | readLineFromFile - loaded list size : 1
2025-11-13 09:41:18.926  SVCAgent : [if-P] EFSController | getTransferAgainFlag - getTransferAgainFlag - Flag: 0
2025-11-13 09:41:18.946  SVCAgent : [if-P] DailyBgJobService | ct : 1763023278928
2025-11-13 09:41:18.947  SVCAgent : [if-P] DailyBgJobService | lt : 8272042414
2025-11-13 09:41:18.955  SVCAgent : [if-P] DailyBgJobService | lst job started
2025-11-13 09:41:19.021  SVCAgent : [if-P] Util | isMyServiceRunning - Service is running
2025-11-13 09:41:19.024  SVCAgent : [if-P] Util | launchService
2025-11-13 09:41:19.607  SVCAgent : [if-P] MainService | onReceive - com.samsung.android.service.svcagent.intent_action_last_command
2025-11-13 09:41:19.608  SVCAgent : [if-P] EFSController | loadEFS - start to load efs
2025-11-13 09:41:19.641  SVCAgent : [if-P] Util | readLineFromFile - Input file size : 690 bytes
2025-11-13 09:41:19.642  SVCAgent : [if-P] Util | readLineFromFile - loaded list size : 1
2025-11-13 09:41:19.642  SVCAgent : [if-P] EFSController | loadEFS - EFS file loading - 
2025-11-13 09:41:19.669  SVCAgent : [if-P] EFSController | getVersionType : type 2
2025-11-13 09:41:19.670  SVCAgent : [if-P] EFSController | loadEFS - success to load efs
2025-11-13 09:41:19.696  SVCAgent : [if-P] EFSController | loadEFS - efs size :  1
2025-11-13 09:41:19.697  SVCAgent : [if-P] EFSController | loadEFS - start to load efs
2025-11-13 09:41:19.700  SVCAgent : [if-P] Util | readLineFromFile - Input file size : 690 bytes
2025-11-13 09:41:19.701  SVCAgent : [if-P] Util | readLineFromFile - loaded list size : 1
2025-11-13 09:41:19.702  SVCAgent : [if-P] EFSController | loadEFS - EFS file loading - 
2025-11-13 09:41:19.703  SVCAgent : [if-P] EFSController | getVersionType : type 2
2025-11-13 09:41:19.714  SVCAgent : [if-P] EFSController | loadEFS - success to load efs
2025-11-13 09:41:19.715  SVCAgent : [if-P] EFSController | loadEFS - efs size :  1
2025-11-13 09:41:19.716  SVCAgent : [if-P] SystemInformation | setType - LST
2025-11-13 09:41:19.718  SVCAgent : [if-P] MainService | onReceive - LST, DST, CST request complete. Now service will send system information to server.
2025-11-14 17:28:46.626  SVCAgent : [uo-B] DailyBgJobService | Job started
2025-11-14 17:28:46.647  SVCAgent : [uo-B] DailyBgJobService | Daily Transfer Again check
2025-11-14 17:28:46.756  SVCAgent : [uo-B] Util | readLineFromFile - Input file size : 690 bytes
2025-11-14 17:28:46.777  SVCAgent : [uo-B] Util | readLineFromFile - loaded list size : 1
2025-11-14 17:28:46.778  SVCAgent : [uo-B] EFSController | getTransferAgainFlag - getTransferAgainFlag - Flag: 0
2025-11-14 17:28:46.876  SVCAgent : [uo-B] DailyBgJobService | ct : 1763137726779
2025-11-14 17:28:46.877  SVCAgent : [uo-B] DailyBgJobService | lt : 8386490265
2025-11-14 17:28:46.878  SVCAgent : [uo-B] DailyBgJobService | lst job started
2025-11-14 17:28:46.911  SVCAgent : [uo-B] Util | isMyServiceRunning - Service does not exist
2025-11-14 17:28:46.943  SVCAgent : [uo-B] Util | launchService.
2025-11-14 17:28:46.971  SVCAgent : [uo-B] Util | SDK Version 33.
2025-11-14 17:28:46.973  SVCAgent : [uo-B] Util | SDK Version 33.
2025-11-14 17:28:46.986  SVCAgent : [uo-B] MainService | onStartCommand - Service is now on
2025-11-14 17:28:47.466  SVCAgent : [uo-B] MainService | onReceive - com.samsung.android.service.svcagent.intent_action_last_command
2025-11-14 17:28:47.468  SVCAgent : [uo-B] EFSController | loadEFS - start to load efs
2025-11-14 17:28:47.473  SVCAgent : [uo-B] Util | readLineFromFile - Input file size : 690 bytes
2025-11-14 17:28:47.482  SVCAgent : [uo-B] Util | readLineFromFile - loaded list size : 1
2025-11-14 17:28:47.483  SVCAgent : [uo-B] EFSController | loadEFS - EFS file loading - 
2025-11-14 17:28:47.484  SVCAgent : [uo-B] EFSController | getVersionType : type 2
2025-11-14 17:28:47.487  SVCAgent : [uo-B] EFSController | loadEFS - success to load efs
2025-11-14 17:28:47.488  SVCAgent : [uo-B] EFSController | loadEFS - efs size :  1
2025-11-14 17:28:47.495  SVCAgent : [uo-B] EFSController | loadEFS - start to load efs
2025-11-14 17:28:47.496  SVCAgent : [uo-B] Util | readLineFromFile - Input file size : 690 bytes
2025-11-14 17:28:47.497  SVCAgent : [uo-B] Util | readLineFromFile - loaded list size : 1
2025-11-14 17:28:47.511  SVCAgent : [uo-B] EFSController | loadEFS - EFS file loading - 
2025-11-14 17:28:47.512  SVCAgent : [uo-B] EFSController | getVersionType : type 2
2025-11-14 17:28:47.514  SVCAgent : [uo-B] EFSController | loadEFS - success to load efs
2025-11-14 17:28:47.515  SVCAgent : [uo-B] EFSController | loadEFS - efs size :  1
2025-11-14 17:28:47.516  SVCAgent : [uo-B] SystemInformation | setType - LST
2025-11-14 17:28:47.519  SVCAgent : [uo-B] MainService | onReceive - LST, DST, CST request complete. Now service will send system information to server.
2025-11-14 17:28:54.921  SVCAgent : [uo-B] DailyBgJobService | Job started
2025-11-14 17:28:54.923  SVCAgent : [uo-B] DailyBgJobService | Daily Transfer Again check
2025-11-14 17:28:54.924  SVCAgent : [uo-B] Util | readLineFromFile - Input file size : 690 bytes
2025-11-14 17:28:54.925  SVCAgent : [uo-B] Util | readLineFromFile - loaded list size : 1
2025-11-14 17:28:54.925  SVCAgent : [uo-B] EFSController | getTransferAgainFlag - getTransferAgainFlag - Flag: 0
2025-11-14 17:28:54.949  SVCAgent : [uo-B] DailyBgJobService | ct : 1763137734948
2025-11-14 17:28:54.949  SVCAgent : [uo-B] DailyBgJobService | lt : 8386498434
2025-11-14 17:28:54.950  SVCAgent : [uo-B] DailyBgJobService | lst job started
2025-11-14 17:28:54.976  SVCAgent : [uo-B] Util | isMyServiceRunning - Service is running
2025-11-14 17:28:54.992  SVCAgent : [uo-B] Util | launchService
2025-11-14 17:28:55.522  SVCAgent : [uo-B] MainService | onReceive - com.samsung.android.service.svcagent.intent_action_last_command
2025-11-14 17:28:55.524  SVCAgent : [uo-B] EFSController | loadEFS - start to load efs
2025-11-14 17:28:55.525  SVCAgent : [uo-B] Util | readLineFromFile - Input file size : 690 bytes
2025-11-14 17:28:55.527  SVCAgent : [uo-B] Util | readLineFromFile - loaded list size : 1
2025-11-14 17:28:55.527  SVCAgent : [uo-B] EFSController | loadEFS - EFS file loading - 
2025-11-14 17:28:55.528  SVCAgent : [uo-B] EFSController | getVersionType : type 2
2025-11-14 17:28:55.529  SVCAgent : [uo-B] EFSController | loadEFS - success to load efs
2025-11-14 17:28:55.530  SVCAgent : [uo-B] EFSController | loadEFS - efs size :  1
2025-11-14 17:28:55.531  SVCAgent : [uo-B] EFSController | loadEFS - start to load efs
2025-11-14 17:28:55.532  SVCAgent : [uo-B] Util | readLineFromFile - Input file size : 690 bytes
2025-11-14 17:28:55.533  SVCAgent : [uo-B] Util | readLineFromFile - loaded list size : 1
2025-11-14 17:28:55.534  SVCAgent : [uo-B] EFSController | loadEFS - EFS file loading - 
2025-11-14 17:28:55.583  SVCAgent : [uo-B] EFSController | getVersionType : type 2
2025-11-14 17:28:55.585  SVCAgent : [uo-B] EFSController | loadEFS - success to load efs
2025-11-14 17:28:55.586  SVCAgent : [uo-B] EFSController | loadEFS - efs size :  1
2025-11-14 17:28:55.587  SVCAgent : [uo-B] SystemInformation | setType - LST
2025-11-14 17:28:55.589  SVCAgent : [uo-B] MainService | onReceive - LST, DST, CST request complete. Now service will send system information to server.
2025-11-16 22:20:39.422  SVCAgent : [BF-D] DailyBgJobService | Job started
2025-11-16 22:20:39.435  SVCAgent : [BF-D] DailyBgJobService | Daily Transfer Again check
2025-11-16 22:20:39.450  SVCAgent : [BF-D] Util | readLineFromFile - Input file size : 690 bytes
2025-11-16 22:20:39.462  SVCAgent : [BF-D] Util | readLineFromFile - loaded list size : 1
2025-11-16 22:20:39.464  SVCAgent : [BF-D] EFSController | getTransferAgainFlag - getTransferAgainFlag - Flag: 0
2025-11-16 22:20:39.502  SVCAgent : [BF-D] DailyBgJobService | ct : 1763328039474
2025-11-16 22:20:39.503  SVCAgent : [BF-D] DailyBgJobService | lt : 8576802960
2025-11-16 22:20:39.504  SVCAgent : [BF-D] DailyBgJobService | lst job started
2025-11-16 22:20:39.509  SVCAgent : [BF-D] Util | isMyServiceRunning - Service does not exist
2025-11-16 22:20:39.517  SVCAgent : [BF-D] Util | launchService.
2025-11-16 22:20:39.529  SVCAgent : [BF-D] Util | SDK Version 33.
2025-11-16 22:20:39.531  SVCAgent : [BF-D] Util | SDK Version 33.
2025-11-16 22:20:39.537  SVCAgent : [BF-D] MainService | onStartCommand - Service is now on
2025-11-16 22:20:40.036  SVCAgent : [BF-D] MainService | onReceive - com.samsung.android.service.svcagent.intent_action_last_command
2025-11-16 22:20:40.038  SVCAgent : [BF-D] EFSController | loadEFS - start to load efs
2025-11-16 22:20:40.106  SVCAgent : [BF-D] Util | readLineFromFile - Input file size : 690 bytes
2025-11-16 22:20:40.107  SVCAgent : [BF-D] Util | readLineFromFile - loaded list size : 1
2025-11-16 22:20:40.108  SVCAgent : [BF-D] EFSController | loadEFS - EFS file loading - 
2025-11-16 22:20:40.109  SVCAgent : [BF-D] EFSController | getVersionType : type 2
2025-11-16 22:20:40.111  SVCAgent : [BF-D] EFSController | loadEFS - success to load efs
2025-11-16 22:20:40.112  SVCAgent : [BF-D] EFSController | loadEFS - efs size :  1
2025-11-16 22:20:40.120  SVCAgent : [BF-D] EFSController | loadEFS - start to load efs
2025-11-16 22:20:40.121  SVCAgent : [BF-D] Util | readLineFromFile - Input file size : 690 bytes
2025-11-16 22:20:40.122  SVCAgent : [BF-D] Util | readLineFromFile - loaded list size : 1
2025-11-16 22:20:40.123  SVCAgent : [BF-D] EFSController | loadEFS - EFS file loading - 
2025-11-16 22:20:40.124  SVCAgent : [BF-D] EFSController | getVersionType : type 2
2025-11-16 22:20:40.134  SVCAgent : [BF-D] EFSController | loadEFS - success to load efs
2025-11-16 22:20:40.135  SVCAgent : [BF-D] EFSController | loadEFS - efs size :  1
2025-11-16 22:20:40.136  SVCAgent : [BF-D] SystemInformation | setType - LST
2025-11-16 22:20:40.139  SVCAgent : [BF-D] MainService | onReceive - LST, DST, CST request complete. Now service will send system information to server.
2025-11-16 22:20:53.128  SVCAgent : [BF-D] DailyBgJobService | Job started
2025-11-16 22:20:53.155  SVCAgent : [BF-D] DailyBgJobService | Daily Transfer Again check
2025-11-16 22:20:53.160  SVCAgent : [BF-D] Util | readLineFromFile - Input file size : 690 bytes
2025-11-16 22:20:53.165  SVCAgent : [BF-D] Util | readLineFromFile - loaded list size : 1
2025-11-16 22:20:53.182  SVCAgent : [BF-D] EFSController | getTransferAgainFlag - getTransferAgainFlag - Flag: 0
2025-11-16 22:20:53.219  SVCAgent : [BF-D] DailyBgJobService | ct : 1763328053183
2025-11-16 22:20:53.220  SVCAgent : [BF-D] DailyBgJobService | lt : 8576816669
2025-11-16 22:20:53.221  SVCAgent : [BF-D] DailyBgJobService | lst job started
2025-11-16 22:20:53.236  SVCAgent : [BF-D] Util | isMyServiceRunning - Service is running
2025-11-16 22:20:53.378  SVCAgent : [BF-D] Util | launchService
2025-11-16 22:20:53.901  SVCAgent : [BF-D] MainService | onReceive - com.samsung.android.service.svcagent.intent_action_last_command
2025-11-16 22:20:53.903  SVCAgent : [BF-D] EFSController | loadEFS - start to load efs
2025-11-16 22:20:53.905  SVCAgent : [BF-D] Util | readLineFromFile - Input file size : 690 bytes
2025-11-16 22:20:53.906  SVCAgent : [BF-D] Util | readLineFromFile - loaded list size : 1
2025-11-16 22:20:53.907  SVCAgent : [BF-D] EFSController | loadEFS - EFS file loading - 
2025-11-16 22:20:53.917  SVCAgent : [BF-D] EFSController | getVersionType : type 2
2025-11-16 22:20:53.919  SVCAgent : [BF-D] EFSController | loadEFS - success to load efs
2025-11-16 22:20:53.919  SVCAgent : [BF-D] EFSController | loadEFS - efs size :  1
2025-11-16 22:20:53.921  SVCAgent : [BF-D] EFSController | loadEFS - start to load efs
2025-11-16 22:20:53.935  SVCAgent : [BF-D] Util | readLineFromFile - Input file size : 690 bytes
2025-11-16 22:20:53.936  SVCAgent : [BF-D] Util | readLineFromFile - loaded list size : 1
2025-11-16 22:20:53.937  SVCAgent : [BF-D] EFSController | loadEFS - EFS file loading - 
2025-11-16 22:20:53.943  SVCAgent : [BF-D] EFSController | getVersionType : type 2
2025-11-16 22:20:53.945  SVCAgent : [BF-D] EFSController | loadEFS - success to load efs
2025-11-16 22:20:53.946  SVCAgent : [BF-D] EFSController | loadEFS - efs size :  1
2025-11-16 22:20:53.956  SVCAgent : [BF-D] SystemInformation | setType - LST
2025-11-16 22:20:53.958  SVCAgent : [BF-D] MainService | onReceive - LST, DST, CST request complete. Now service will send system information to server.
2025-11-18 12:30:06.215  SVCAgent : [pA-H] DailyBgJobService | Job started
2025-11-18 12:30:06.241  SVCAgent : [pA-H] DailyBgJobService | Daily Transfer Again check
2025-11-18 12:30:06.317  SVCAgent : [pA-H] Util | readLineFromFile - Input file size : 690 bytes
2025-11-18 12:30:06.325  SVCAgent : [pA-H] Util | readLineFromFile - loaded list size : 1
2025-11-18 12:30:06.326  SVCAgent : [pA-H] EFSController | getTransferAgainFlag - getTransferAgainFlag - Flag: 0
2025-11-18 12:30:06.385  SVCAgent : [pA-H] DailyBgJobService | ct : 1763465406327
2025-11-18 12:30:06.393  SVCAgent : [pA-H] DailyBgJobService | lt : 8714169813
2025-11-18 12:30:06.395  SVCAgent : [pA-H] DailyBgJobService | lst job started
2025-11-18 12:30:06.409  SVCAgent : [pA-H] Util | isMyServiceRunning - Service does not exist
2025-11-18 12:30:06.438  SVCAgent : [pA-H] Util | launchService.
2025-11-18 12:30:06.462  SVCAgent : [pA-H] Util | SDK Version 33.
2025-11-18 12:30:06.465  SVCAgent : [pA-H] Util | SDK Version 33.
2025-11-18 12:30:06.612  SVCAgent : [pA-H] MainService | onStartCommand - Service is now on
2025-11-18 12:30:07.017  SVCAgent : [pA-H] MainService | onReceive - com.samsung.android.service.svcagent.intent_action_last_command
2025-11-18 12:30:07.019  SVCAgent : [pA-H] EFSController | loadEFS - start to load efs
2025-11-18 12:30:07.162  SVCAgent : [pA-H] Util | readLineFromFile - Input file size : 690 bytes
2025-11-18 12:30:07.164  SVCAgent : [pA-H] Util | readLineFromFile - loaded list size : 1
2025-11-18 12:30:07.165  SVCAgent : [pA-H] EFSController | loadEFS - EFS file loading - 
2025-11-18 12:30:07.166  SVCAgent : [pA-H] EFSController | getVersionType : type 2
2025-11-18 12:30:07.168  SVCAgent : [pA-H] EFSController | loadEFS - success to load efs
2025-11-18 12:30:07.209  SVCAgent : [pA-H] EFSController | loadEFS - efs size :  1
2025-11-18 12:30:07.214  SVCAgent : [pA-H] EFSController | loadEFS - start to load efs
2025-11-18 12:30:07.216  SVCAgent : [pA-H] Util | readLineFromFile - Input file size : 690 bytes
2025-11-18 12:30:07.217  SVCAgent : [pA-H] Util | readLineFromFile - loaded list size : 1
2025-11-18 12:30:07.218  SVCAgent : [pA-H] EFSController | loadEFS - EFS file loading - 
2025-11-18 12:30:07.220  SVCAgent : [pA-H] EFSController | getVersionType : type 2
2025-11-18 12:30:07.225  SVCAgent : [pA-H] EFSController | loadEFS - success to load efs
2025-11-18 12:30:07.226  SVCAgent : [pA-H] EFSController | loadEFS - efs size :  1
2025-11-18 12:30:07.228  SVCAgent : [pA-H] SystemInformation | setType - LST
2025-11-18 12:30:07.235  SVCAgent : [pA-H] MainService | onReceive - LST, DST, CST request complete. Now service will send system information to server.
2025-11-18 15:35:23.729  SVCAgent : [pA-H] DailyBgJobService | Job started
2025-11-18 15:35:23.737  SVCAgent : [pA-H] DailyBgJobService | Daily Transfer Again check
2025-11-18 15:35:23.746  SVCAgent : [pA-H] Util | readLineFromFile - Input file size : 690 bytes
2025-11-18 15:35:23.756  SVCAgent : [pA-H] Util | readLineFromFile - loaded list size : 1
2025-11-18 15:35:23.757  SVCAgent : [pA-H] EFSController | getTransferAgainFlag - getTransferAgainFlag - Flag: 0
2025-11-18 15:35:23.759  SVCAgent : [pA-H] DailyBgJobService | ct : 1763476523758
2025-11-18 15:35:23.760  SVCAgent : [pA-H] DailyBgJobService | lt : 8725287244
2025-11-18 15:35:23.762  SVCAgent : [pA-H] DailyBgJobService | lst job started
2025-11-18 15:35:23.767  SVCAgent : [pA-H] Util | isMyServiceRunning - Service is running
2025-11-18 15:35:23.769  SVCAgent : [pA-H] Util | launchService
2025-11-18 15:35:24.310  SVCAgent : [pA-H] MainService | onReceive - com.samsung.android.service.svcagent.intent_action_last_command
2025-11-18 15:35:24.311  SVCAgent : [pA-H] EFSController | loadEFS - start to load efs
2025-11-18 15:35:24.327  SVCAgent : [pA-H] Util | readLineFromFile - Input file size : 690 bytes
2025-11-18 15:35:24.328  SVCAgent : [pA-H] Util | readLineFromFile - loaded list size : 1
2025-11-18 15:35:24.328  SVCAgent : [pA-H] EFSController | loadEFS - EFS file loading - 
2025-11-18 15:35:24.337  SVCAgent : [pA-H] EFSController | getVersionType : type 2
2025-11-18 15:35:24.339  SVCAgent : [pA-H] EFSController | loadEFS - success to load efs
2025-11-18 15:35:24.340  SVCAgent : [pA-H] EFSController | loadEFS - efs size :  1
2025-11-18 15:35:24.341  SVCAgent : [pA-H] EFSController | loadEFS - start to load efs
2025-11-18 15:35:24.344  SVCAgent : [pA-H] Util | readLineFromFile - Input file size : 690 bytes
2025-11-18 15:35:24.345  SVCAgent : [pA-H] Util | readLineFromFile - loaded list size : 1
2025-11-18 15:35:24.346  SVCAgent : [pA-H] EFSController | loadEFS - EFS file loading - 
2025-11-18 15:35:24.347  SVCAgent : [pA-H] EFSController | getVersionType : type 2
2025-11-18 15:35:24.349  SVCAgent : [pA-H] EFSController | loadEFS - success to load efs
2025-11-18 15:35:24.350  SVCAgent : [pA-H] EFSController | loadEFS - efs size :  1
2025-11-18 15:35:24.351  SVCAgent : [pA-H] SystemInformation | setType - LST
2025-11-18 15:35:24.353  SVCAgent : [pA-H] MainService | onReceive - LST, DST, CST request complete. Now service will send system information to server.
2025-11-20 09:19:32.097  SVCAgent : [SF-I] DailyBgJobService | Job started
2025-11-20 09:19:32.102  SVCAgent : [SF-I] DailyBgJobService | Daily Transfer Again check
2025-11-20 09:19:32.113  SVCAgent : [SF-I] Util | readLineFromFile - Input file size : 690 bytes
2025-11-20 09:19:32.126  SVCAgent : [SF-I] Util | readLineFromFile - loaded list size : 1
2025-11-20 09:19:32.129  SVCAgent : [SF-I] EFSController | getTransferAgainFlag - getTransferAgainFlag - Flag: 0
2025-11-20 09:19:32.177  SVCAgent : [SF-I] DailyBgJobService | ct : 1763626772136
2025-11-20 09:19:32.178  SVCAgent : [SF-I] DailyBgJobService | lt : 8875535622
2025-11-20 09:19:32.179  SVCAgent : [SF-I] DailyBgJobService | lst job started
2025-11-20 09:19:32.183  SVCAgent : [SF-I] Util | isMyServiceRunning - Service does not exist
2025-11-20 09:19:32.194  SVCAgent : [SF-I] Util | launchService.
2025-11-20 09:19:32.216  SVCAgent : [SF-I] Util | SDK Version 33.
2025-11-20 09:19:32.218  SVCAgent : [SF-I] Util | SDK Version 33.
2025-11-20 09:19:32.236  SVCAgent : [SF-I] MainService | onStartCommand - Service is now on
2025-11-20 09:19:32.747  SVCAgent : [SF-I] MainService | onReceive - com.samsung.android.service.svcagent.intent_action_last_command
2025-11-20 09:19:32.749  SVCAgent : [SF-I] EFSController | loadEFS - start to load efs
2025-11-20 09:19:32.825  SVCAgent : [SF-I] Util | readLineFromFile - Input file size : 690 bytes
2025-11-20 09:19:32.841  SVCAgent : [SF-I] Util | readLineFromFile - loaded list size : 1
2025-11-20 09:19:32.844  SVCAgent : [SF-I] EFSController | loadEFS - EFS file loading - 
2025-11-20 09:19:32.847  SVCAgent : [SF-I] EFSController | getVersionType : type 2
2025-11-20 09:19:32.851  SVCAgent : [SF-I] EFSController | loadEFS - success to load efs
2025-11-20 09:19:32.852  SVCAgent : [SF-I] EFSController | loadEFS - efs size :  1
2025-11-20 09:19:32.854  SVCAgent : [SF-I] EFSController | loadEFS - start to load efs
2025-11-20 09:19:32.856  SVCAgent : [SF-I] Util | readLineFromFile - Input file size : 690 bytes
2025-11-20 09:19:32.858  SVCAgent : [SF-I] Util | readLineFromFile - loaded list size : 1
2025-11-20 09:19:32.858  SVCAgent : [SF-I] EFSController | loadEFS - EFS file loading - 
2025-11-20 09:19:32.859  SVCAgent : [SF-I] EFSController | getVersionType : type 2
2025-11-20 09:19:32.862  SVCAgent : [SF-I] EFSController | loadEFS - success to load efs
2025-11-20 09:19:32.865  SVCAgent : [SF-I] EFSController | loadEFS - efs size :  1
2025-11-20 09:19:32.867  SVCAgent : [SF-I] SystemInformation | setType - LST
2025-11-20 09:19:32.871  SVCAgent : [SF-I] MainService | onReceive - LST, DST, CST request complete. Now service will send system information to server.
2025-11-20 14:31:02.728  SVCAgent : [SF-I] DailyBgJobService | Job started
2025-11-20 14:31:02.732  SVCAgent : [SF-I] DailyBgJobService | Daily Transfer Again check
2025-11-20 14:31:02.737  SVCAgent : [SF-I] Util | readLineFromFile - Input file size : 690 bytes
2025-11-20 14:31:02.739  SVCAgent : [SF-I] Util | readLineFromFile - loaded list size : 1
2025-11-20 14:31:02.739  SVCAgent : [SF-I] EFSController | getTransferAgainFlag - getTransferAgainFlag - Flag: 0
2025-11-20 14:31:02.742  SVCAgent : [SF-I] DailyBgJobService | ct : 1763645462740
2025-11-20 14:31:02.743  SVCAgent : [SF-I] DailyBgJobService | lt : 8894226226
2025-11-20 14:31:02.744  SVCAgent : [SF-I] DailyBgJobService | lst job started
2025-11-20 14:31:02.749  SVCAgent : [SF-I] Util | isMyServiceRunning - Service is running
2025-11-20 14:31:02.753  SVCAgent : [SF-I] Util | launchService
2025-11-20 14:31:03.277  SVCAgent : [SF-I] MainService | onReceive - com.samsung.android.service.svcagent.intent_action_last_command
2025-11-20 14:31:03.279  SVCAgent : [SF-I] EFSController | loadEFS - start to load efs
2025-11-20 14:31:03.281  SVCAgent : [SF-I] Util | readLineFromFile - Input file size : 690 bytes
2025-11-20 14:31:03.282  SVCAgent : [SF-I] Util | readLineFromFile - loaded list size : 1
2025-11-20 14:31:03.283  SVCAgent : [SF-I] EFSController | loadEFS - EFS file loading - 
2025-11-20 14:31:03.295  SVCAgent : [SF-I] EFSController | getVersionType : type 2
2025-11-20 14:31:03.297  SVCAgent : [SF-I] EFSController | loadEFS - success to load efs
2025-11-20 14:31:03.298  SVCAgent : [SF-I] EFSController | loadEFS - efs size :  1
2025-11-20 14:31:03.299  SVCAgent : [SF-I] EFSController | loadEFS - start to load efs
2025-11-20 14:31:03.305  SVCAgent : [SF-I] Util | readLineFromFile - Input file size : 690 bytes
2025-11-20 14:31:03.314  SVCAgent : [SF-I] Util | readLineFromFile - loaded list size : 1
2025-11-20 14:31:03.316  SVCAgent : [SF-I] EFSController | loadEFS - EFS file loading - 
2025-11-20 14:31:03.339  SVCAgent : [SF-I] EFSController | getVersionType : type 2
2025-11-20 14:31:03.341  SVCAgent : [SF-I] EFSController | loadEFS - success to load efs
2025-11-20 14:31:03.345  SVCAgent : [SF-I] EFSController | loadEFS - efs size :  1
2025-11-20 14:31:03.346  SVCAgent : [SF-I] SystemInformation | setType - LST
2025-11-20 14:31:03.347  SVCAgent : [SF-I] MainService | onReceive - LST, DST, CST request complete. Now service will send system information to server.
2025-11-21 13:54:08.490  SVCAgent : [ZB-D] DailyBgJobService | Job started
2025-11-21 13:54:08.493  SVCAgent : [ZB-D] DailyBgJobService | Daily Transfer Again check
2025-11-21 13:54:08.496  SVCAgent : [ZB-D] Util | readLineFromFile - Input file size : 690 bytes
2025-11-21 13:54:08.499  SVCAgent : [ZB-D] Util | readLineFromFile - loaded list size : 1
2025-11-21 13:54:08.500  SVCAgent : [ZB-D] EFSController | getTransferAgainFlag - getTransferAgainFlag - Flag: 0
2025-11-21 13:54:08.506  SVCAgent : [ZB-D] DailyBgJobService | ct : 1763729648501
2025-11-21 13:54:08.507  SVCAgent : [ZB-D] DailyBgJobService | lt : 8978411987
2025-11-21 13:54:08.508  SVCAgent : [ZB-D] DailyBgJobService | lst job started
2025-11-21 13:54:08.511  SVCAgent : [ZB-D] Util | isMyServiceRunning - Service does not exist
2025-11-21 13:54:08.518  SVCAgent : [ZB-D] Util | launchService.
2025-11-21 13:54:08.527  SVCAgent : [ZB-D] Util | SDK Version 33.
2025-11-21 13:54:08.530  SVCAgent : [ZB-D] Util | SDK Version 33.
2025-11-21 13:54:08.541  SVCAgent : [ZB-D] MainService | onStartCommand - Service is now on
2025-11-21 13:54:09.059  SVCAgent : [ZB-D] MainService | onReceive - com.samsung.android.service.svcagent.intent_action_last_command
2025-11-21 13:54:09.061  SVCAgent : [ZB-D] EFSController | loadEFS - start to load efs
2025-11-21 13:54:09.074  SVCAgent : [ZB-D] Util | readLineFromFile - Input file size : 690 bytes
2025-11-21 13:54:09.076  SVCAgent : [ZB-D] Util | readLineFromFile - loaded list size : 1
2025-11-21 13:54:09.077  SVCAgent : [ZB-D] EFSController | loadEFS - EFS file loading - 
2025-11-21 13:54:09.078  SVCAgent : [ZB-D] EFSController | getVersionType : type 2
2025-11-21 13:54:09.080  SVCAgent : [ZB-D] EFSController | loadEFS - success to load efs
2025-11-21 13:54:09.081  SVCAgent : [ZB-D] EFSController | loadEFS - efs size :  1
2025-11-21 13:54:09.082  SVCAgent : [ZB-D] EFSController | loadEFS - start to load efs
2025-11-21 13:54:09.083  SVCAgent : [ZB-D] Util | readLineFromFile - Input file size : 690 bytes
2025-11-21 13:54:09.084  SVCAgent : [ZB-D] Util | readLineFromFile - loaded list size : 1
2025-11-21 13:54:09.085  SVCAgent : [ZB-D] EFSController | loadEFS - EFS file loading - 
2025-11-21 13:54:09.085  SVCAgent : [ZB-D] EFSController | getVersionType : type 2
2025-11-21 13:54:09.086  SVCAgent : [ZB-D] EFSController | loadEFS - success to load efs
2025-11-21 13:54:09.087  SVCAgent : [ZB-D] EFSController | loadEFS - efs size :  1
2025-11-21 13:54:09.088  SVCAgent : [ZB-D] SystemInformation | setType - LST
2025-11-21 13:54:09.090  SVCAgent : [ZB-D] MainService | onReceive - LST, DST, CST request complete. Now service will send system information to server.
2025-11-23 20:44:43.646  SVCAgent : [sn-M] DailyBgJobService | Job started
2025-11-23 20:44:43.648  SVCAgent : [sn-M] DailyBgJobService | Daily Transfer Again check
2025-11-23 20:44:43.651  SVCAgent : [sn-M] Util | readLineFromFile - Input file size : 690 bytes
2025-11-23 20:44:43.654  SVCAgent : [sn-M] Util | readLineFromFile - loaded list size : 1
2025-11-23 20:44:43.656  SVCAgent : [sn-M] EFSController | getTransferAgainFlag - getTransferAgainFlag - Flag: 0
2025-11-23 20:44:43.663  SVCAgent : [sn-M] DailyBgJobService | ct : 1763927083657
2025-11-23 20:44:43.664  SVCAgent : [sn-M] DailyBgJobService | lt : 9175847143
2025-11-23 20:44:43.665  SVCAgent : [sn-M] DailyBgJobService | lst job started
2025-11-23 20:44:43.670  SVCAgent : [sn-M] Util | isMyServiceRunning - Service does not exist
2025-11-23 20:44:43.680  SVCAgent : [sn-M] Util | launchService.
2025-11-23 20:44:43.690  SVCAgent : [sn-M] Util | SDK Version 33.
2025-11-23 20:44:43.692  SVCAgent : [sn-M] Util | SDK Version 33.
2025-11-23 20:44:43.702  SVCAgent : [sn-M] MainService | onStartCommand - Service is now on
2025-11-23 20:44:44.225  SVCAgent : [sn-M] MainService | onReceive - com.samsung.android.service.svcagent.intent_action_last_command
2025-11-23 20:44:44.228  SVCAgent : [sn-M] EFSController | loadEFS - start to load efs
2025-11-23 20:44:44.234  SVCAgent : [sn-M] Util | readLineFromFile - Input file size : 690 bytes
2025-11-23 20:44:44.236  SVCAgent : [sn-M] Util | readLineFromFile - loaded list size : 1
2025-11-23 20:44:44.238  SVCAgent : [sn-M] EFSController | loadEFS - EFS file loading - 
2025-11-23 20:44:44.239  SVCAgent : [sn-M] EFSController | getVersionType : type 2
2025-11-23 20:44:44.241  SVCAgent : [sn-M] EFSController | loadEFS - success to load efs
2025-11-23 20:44:44.242  SVCAgent : [sn-M] EFSController | loadEFS - efs size :  1
2025-11-23 20:44:44.243  SVCAgent : [sn-M] EFSController | loadEFS - start to load efs
2025-11-23 20:44:44.244  SVCAgent : [sn-M] Util | readLineFromFile - Input file size : 690 bytes
2025-11-23 20:44:44.245  SVCAgent : [sn-M] Util | readLineFromFile - loaded list size : 1
2025-11-23 20:44:44.246  SVCAgent : [sn-M] EFSController | loadEFS - EFS file loading - 
2025-11-23 20:44:44.246  SVCAgent : [sn-M] EFSController | getVersionType : type 2
2025-11-23 20:44:44.247  SVCAgent : [sn-M] EFSController | loadEFS - success to load efs
2025-11-23 20:44:44.248  SVCAgent : [sn-M] EFSController | loadEFS - efs size :  1
2025-11-23 20:44:44.248  SVCAgent : [sn-M] SystemInformation | setType - LST
2025-11-23 20:44:44.249  SVCAgent : [sn-M] MainService | onReceive - LST, DST, CST request complete. Now service will send system information to server.
2025-11-23 20:44:46.705  SVCAgent : [sn-M] DailyBgJobService | Job started
2025-11-23 20:44:46.707  SVCAgent : [sn-M] DailyBgJobService | Daily Transfer Again check
2025-11-23 20:44:46.709  SVCAgent : [sn-M] Util | readLineFromFile - Input file size : 690 bytes
2025-11-23 20:44:46.710  SVCAgent : [sn-M] Util | readLineFromFile - loaded list size : 1
2025-11-23 20:44:46.711  SVCAgent : [sn-M] EFSController | getTransferAgainFlag - getTransferAgainFlag - Flag: 0
2025-11-23 20:44:46.711  SVCAgent : [sn-M] DailyBgJobService | ct : 1763927086711
2025-11-23 20:44:46.712  SVCAgent : [sn-M] DailyBgJobService | lt : 9175850197
2025-11-23 20:44:46.714  SVCAgent : [sn-M] DailyBgJobService | lst job started
2025-11-23 20:44:46.719  SVCAgent : [sn-M] Util | isMyServiceRunning - Service is running
2025-11-23 20:44:46.721  SVCAgent : [sn-M] Util | launchService
2025-11-23 20:44:47.232  SVCAgent : [sn-M] MainService | onReceive - com.samsung.android.service.svcagent.intent_action_last_command
2025-11-23 20:44:47.233  SVCAgent : [sn-M] EFSController | loadEFS - start to load efs
2025-11-23 20:44:47.235  SVCAgent : [sn-M] Util | readLineFromFile - Input file size : 690 bytes
2025-11-23 20:44:47.236  SVCAgent : [sn-M] Util | readLineFromFile - loaded list size : 1
2025-11-23 20:44:47.236  SVCAgent : [sn-M] EFSController | loadEFS - EFS file loading - 
2025-11-23 20:44:47.237  SVCAgent : [sn-M] EFSController | getVersionType : type 2
2025-11-23 20:44:47.238  SVCAgent : [sn-M] EFSController | loadEFS - success to load efs
2025-11-23 20:44:47.239  SVCAgent : [sn-M] EFSController | loadEFS - efs size :  1
2025-11-23 20:44:47.239  SVCAgent : [sn-M] EFSController | loadEFS - start to load efs
2025-11-23 20:44:47.240  SVCAgent : [sn-M] Util | readLineFromFile - Input file size : 690 bytes
2025-11-23 20:44:47.242  SVCAgent : [sn-M] Util | readLineFromFile - loaded list size : 1
2025-11-23 20:44:47.242  SVCAgent : [sn-M] EFSController | loadEFS - EFS file loading - 
2025-11-23 20:44:47.243  SVCAgent : [sn-M] EFSController | getVersionType : type 2
2025-11-23 20:44:47.244  SVCAgent : [sn-M] EFSController | loadEFS - success to load efs
2025-11-23 20:44:47.244  SVCAgent : [sn-M] EFSController | loadEFS - efs size :  1
2025-11-23 20:44:47.244  SVCAgent : [sn-M] SystemInformation | setType - LST
2025-11-23 20:44:47.245  SVCAgent : [sn-M] MainService | onReceive - LST, DST, CST request complete. Now service will send system information to server.
2025-11-24 14:35:04.675  SVCAgent : [AX-J] DailyBgJobService | Job started
2025-11-24 14:35:04.696  SVCAgent : [AX-J] DailyBgJobService | Daily Transfer Again check
2025-11-24 14:35:04.705  SVCAgent : [AX-J] Util | readLineFromFile - Input file size : 690 bytes
2025-11-24 14:35:04.714  SVCAgent : [AX-J] Util | readLineFromFile - loaded list size : 1
2025-11-24 14:35:04.717  SVCAgent : [AX-J] EFSController | getTransferAgainFlag - getTransferAgainFlag - Flag: 0
2025-11-24 14:35:04.729  SVCAgent : [AX-J] DailyBgJobService | ct : 1763991304719
2025-11-24 14:35:04.731  SVCAgent : [AX-J] DailyBgJobService | lt : 9240068205
2025-11-24 14:35:04.732  SVCAgent : [AX-J] DailyBgJobService | lst job started
2025-11-24 14:35:04.740  SVCAgent : [AX-J] Util | isMyServiceRunning - Service does not exist
2025-11-24 14:35:04.753  SVCAgent : [AX-J] Util | launchService.
2025-11-24 14:35:04.763  SVCAgent : [AX-J] Util | SDK Version 33.
2025-11-24 14:35:04.766  SVCAgent : [AX-J] Util | SDK Version 33.
2025-11-24 14:35:04.780  SVCAgent : [AX-J] MainService | onStartCommand - Service is now on
2025-11-24 14:35:05.272  SVCAgent : [AX-J] MainService | onReceive - com.samsung.android.service.svcagent.intent_action_last_command
2025-11-24 14:35:05.274  SVCAgent : [AX-J] EFSController | loadEFS - start to load efs
2025-11-24 14:35:05.279  SVCAgent : [AX-J] Util | readLineFromFile - Input file size : 690 bytes
2025-11-24 14:35:05.281  SVCAgent : [AX-J] Util | readLineFromFile - loaded list size : 1
2025-11-24 14:35:05.285  SVCAgent : [AX-J] EFSController | loadEFS - EFS file loading - 
2025-11-24 14:35:05.286  SVCAgent : [AX-J] EFSController | getVersionType : type 2
2025-11-24 14:35:05.288  SVCAgent : [AX-J] EFSController | loadEFS - success to load efs
2025-11-24 14:35:05.291  SVCAgent : [AX-J] EFSController | loadEFS - efs size :  1
2025-11-24 14:35:05.294  SVCAgent : [AX-J] EFSController | loadEFS - start to load efs
2025-11-24 14:35:05.295  SVCAgent : [AX-J] Util | readLineFromFile - Input file size : 690 bytes
2025-11-24 14:35:05.301  SVCAgent : [AX-J] Util | readLineFromFile - loaded list size : 1
2025-11-24 14:35:05.302  SVCAgent : [AX-J] EFSController | loadEFS - EFS file loading - 
2025-11-24 14:35:05.303  SVCAgent : [AX-J] EFSController | getVersionType : type 2
2025-11-24 14:35:05.307  SVCAgent : [AX-J] EFSController | loadEFS - success to load efs
2025-11-24 14:35:05.308  SVCAgent : [AX-J] EFSController | loadEFS - efs size :  1
2025-11-24 14:35:05.309  SVCAgent : [AX-J] SystemInformation | setType - LST
2025-11-24 14:35:05.311  SVCAgent : [AX-J] MainService | onReceive - LST, DST, CST request complete. Now service will send system information to server.
2025-11-25 14:14:52.592  SVCAgent : [Gu-U] DailyBgJobService | Job started
2025-11-25 14:14:52.595  SVCAgent : [Gu-U] DailyBgJobService | Daily Transfer Again check
2025-11-25 14:14:52.599  SVCAgent : [Gu-U] Util | readLineFromFile - Input file size : 690 bytes
2025-11-25 14:14:52.604  SVCAgent : [Gu-U] Util | readLineFromFile - loaded list size : 1
2025-11-25 14:14:52.605  SVCAgent : [Gu-U] EFSController | getTransferAgainFlag - getTransferAgainFlag - Flag: 0
2025-11-25 14:14:52.639  SVCAgent : [Gu-U] DailyBgJobService | ct : 1764076492606
2025-11-25 14:14:52.640  SVCAgent : [Gu-U] DailyBgJobService | lt : 9325256092
2025-11-25 14:14:52.641  SVCAgent : [Gu-U] DailyBgJobService | lst job started
2025-11-25 14:14:52.646  SVCAgent : [Gu-U] Util | isMyServiceRunning - Service does not exist
2025-11-25 14:14:52.654  SVCAgent : [Gu-U] Util | launchService.
2025-11-25 14:14:52.667  SVCAgent : [Gu-U] Util | SDK Version 33.
2025-11-25 14:14:52.674  SVCAgent : [Gu-U] Util | SDK Version 33.
2025-11-25 14:14:52.691  SVCAgent : [Gu-U] MainService | onStartCommand - Service is now on
2025-11-25 14:14:53.165  SVCAgent : [Gu-U] MainService | onReceive - com.samsung.android.service.svcagent.intent_action_last_command
2025-11-25 14:14:53.166  SVCAgent : [Gu-U] EFSController | loadEFS - start to load efs
2025-11-25 14:14:53.171  SVCAgent : [Gu-U] Util | readLineFromFile - Input file size : 690 bytes
2025-11-25 14:14:53.174  SVCAgent : [Gu-U] Util | readLineFromFile - loaded list size : 1
2025-11-25 14:14:53.175  SVCAgent : [Gu-U] EFSController | loadEFS - EFS file loading - 
2025-11-25 14:14:53.176  SVCAgent : [Gu-U] EFSController | getVersionType : type 2
2025-11-25 14:14:53.177  SVCAgent : [Gu-U] EFSController | loadEFS - success to load efs
2025-11-25 14:14:53.177  SVCAgent : [Gu-U] EFSController | loadEFS - efs size :  1
2025-11-25 14:14:53.178  SVCAgent : [Gu-U] EFSController | loadEFS - start to load efs
2025-11-25 14:14:53.179  SVCAgent : [Gu-U] Util | readLineFromFile - Input file size : 690 bytes
2025-11-25 14:14:53.180  SVCAgent : [Gu-U] Util | readLineFromFile - loaded list size : 1
2025-11-25 14:14:53.180  SVCAgent : [Gu-U] EFSController | loadEFS - EFS file loading - 
2025-11-25 14:14:53.191  SVCAgent : [Gu-U] EFSController | getVersionType : type 2
2025-11-25 14:14:53.192  SVCAgent : [Gu-U] EFSController | loadEFS - success to load efs
2025-11-25 14:14:53.193  SVCAgent : [Gu-U] EFSController | loadEFS - efs size :  1
2025-11-25 14:14:53.199  SVCAgent : [Gu-U] SystemInformation | setType - LST
2025-11-25 14:14:53.201  SVCAgent : [Gu-U] MainService | onReceive - LST, DST, CST request complete. Now service will send system information to server.
2025-11-26 13:47:11.334  SVCAgent : [Hu-H] DailyBgJobService | Job started
2025-11-26 13:47:11.338  SVCAgent : [Hu-H] DailyBgJobService | Daily Transfer Again check
2025-11-26 13:47:11.341  SVCAgent : [Hu-H] Util | readLineFromFile - Input file size : 690 bytes
2025-11-26 13:47:11.343  SVCAgent : [Hu-H] Util | readLineFromFile - loaded list size : 1
2025-11-26 13:47:11.345  SVCAgent : [Hu-H] EFSController | getTransferAgainFlag - getTransferAgainFlag - Flag: 0
2025-11-26 13:47:11.352  SVCAgent : [Hu-H] DailyBgJobService | ct : 1764161231346
2025-11-26 13:47:11.353  SVCAgent : [Hu-H] DailyBgJobService | lt : 9409994832
2025-11-26 13:47:11.355  SVCAgent : [Hu-H] DailyBgJobService | lst job started
2025-11-26 13:47:11.359  SVCAgent : [Hu-H] Util | isMyServiceRunning - Service does not exist
2025-11-26 13:47:11.369  SVCAgent : [Hu-H] Util | launchService.
2025-11-26 13:47:11.378  SVCAgent : [Hu-H] Util | SDK Version 33.
2025-11-26 13:47:11.380  SVCAgent : [Hu-H] Util | SDK Version 33.
2025-11-26 13:47:11.389  SVCAgent : [Hu-H] MainService | onStartCommand - Service is now on
2025-11-26 13:47:11.890  SVCAgent : [Hu-H] MainService | onReceive - com.samsung.android.service.svcagent.intent_action_last_command
2025-11-26 13:47:11.893  SVCAgent : [Hu-H] EFSController | loadEFS - start to load efs
2025-11-26 13:47:11.898  SVCAgent : [Hu-H] Util | readLineFromFile - Input file size : 690 bytes
2025-11-26 13:47:11.899  SVCAgent : [Hu-H] Util | readLineFromFile - loaded list size : 1
2025-11-26 13:47:11.900  SVCAgent : [Hu-H] EFSController | loadEFS - EFS file loading - 
2025-11-26 13:47:11.901  SVCAgent : [Hu-H] EFSController | getVersionType : type 2
2025-11-26 13:47:11.903  SVCAgent : [Hu-H] EFSController | loadEFS - success to load efs
2025-11-26 13:47:11.904  SVCAgent : [Hu-H] EFSController | loadEFS - efs size :  1
2025-11-26 13:47:11.905  SVCAgent : [Hu-H] EFSController | loadEFS - start to load efs
2025-11-26 13:47:11.907  SVCAgent : [Hu-H] Util | readLineFromFile - Input file size : 690 bytes
2025-11-26 13:47:11.908  SVCAgent : [Hu-H] Util | readLineFromFile - loaded list size : 1
2025-11-26 13:47:11.908  SVCAgent : [Hu-H] EFSController | loadEFS - EFS file loading - 
2025-11-26 13:47:11.909  SVCAgent : [Hu-H] EFSController | getVersionType : type 2
2025-11-26 13:47:11.910  SVCAgent : [Hu-H] EFSController | loadEFS - success to load efs
2025-11-26 13:47:11.911  SVCAgent : [Hu-H] EFSController | loadEFS - efs size :  1
2025-11-26 13:47:11.912  SVCAgent : [Hu-H] SystemInformation | setType - LST
2025-11-26 13:47:11.913  SVCAgent : [Hu-H] MainService | onReceive - LST, DST, CST request complete. Now service will send system information to server.
2025-11-27 14:40:03.844  SVCAgent : [gc-H] BootReceiver | onReceive - Setup Wizard finish signal is delivered.
2025-11-27 14:40:03.848  SVCAgent : [gc-H] BootReceiver | onReceive - send MESSAGE_LAUNCH_SERVICE
2025-11-27 14:40:03.893  SVCAgent : [gc-H] Util | isMyServiceRunning - Service does not exist
2025-11-27 14:40:03.906  SVCAgent : [gc-H] Util | launchService.
2025-11-27 14:40:03.911  SVCAgent : [gc-H] Util | isMyServiceRunning - Service does not exist
2025-11-27 14:40:03.912  SVCAgent : [gc-H] BootReceiver | handleMessage - send MESSAGE_LAUNCH_SERVICE
2025-11-27 14:40:03.914  SVCAgent : [gc-H] BootReceiver | ReceiverHandler sent message.{ when=-66ms what=1 target=com.samsung.android.service.svcagent.BootReceiver$a }
2025-11-27 14:40:03.929  SVCAgent : [gc-H] Util | SDK Version 33.
2025-11-27 14:40:03.932  SVCAgent : [gc-H] Util | SDK Version 33.
2025-11-27 14:40:03.944  SVCAgent : [gc-H] MainService | onStartCommand - Service is now on
2025-11-27 14:40:04.737  SVCAgent : [gc-H] Util | isMyServiceRunning - Service is running
2025-11-27 14:40:04.739  SVCAgent : [gc-H] Util | launchService
2025-11-27 14:40:04.746  SVCAgent : [gc-H] Util | isMyServiceRunning - Service is running
2025-11-27 14:40:04.755  SVCAgent : [gc-H] BootReceiver | handleMessage - remove MESSAGE_LAUNCH_SERVICE
2025-11-27 14:40:04.756  SVCAgent : [gc-H] BootReceiver | ReceiverHandler sent message.{ when=-44ms what=1 target=com.samsung.android.service.svcagent.BootReceiver$a }
2025-11-27 14:40:04.758  SVCAgent : [gc-H] MainService | onReceive - com.samsung.android.service.svcagent.intent_action_start_service
2025-11-27 14:40:04.760  SVCAgent : [gc-H] MainService | onReceive - Start service.
2025-11-27 14:40:04.762  SVCAgent : [gc-H] EFSController | loadEFS - start to load efs
2025-11-27 14:40:04.771  SVCAgent : [gc-H] Util | readLineFromFile - Input file size : 690 bytes
2025-11-27 14:40:04.773  SVCAgent : [gc-H] Util | readLineFromFile - loaded list size : 1
2025-11-27 14:40:04.774  SVCAgent : [gc-H] EFSController | loadEFS - EFS file loading - 
2025-11-27 14:40:04.776  SVCAgent : [gc-H] EFSController | getVersionType : type 2
2025-11-27 14:40:04.780  SVCAgent : [gc-H] EFSController | loadEFS - success to load efs
2025-11-27 14:40:04.782  SVCAgent : [gc-H] EFSController | loadEFS - efs size :  1
2025-11-27 14:40:04.800  SVCAgent : [gc-H] SystemInformationBuilder | retrieveSystemInformation - Start ------------------------------------------------------------------------------------
2025-11-27 14:40:05.313  SVCAgent : [gc-H] SystemInformationBuilder | getUniqueNumber - Obtaining Unique Number from UFS
2025-11-27 14:40:05.326  SVCAgent : [gc-H] SystemInformationBuilder | getModelName - Model Name: SM-A426U1
2025-11-27 14:40:05.327  SVCAgent : [gc-H] SystemInformationBuilder | getCustomerCode - Sales Code from property - XAA
2025-11-27 14:40:05.329  SVCAgent : [gc-H] SystemInformationBuilder | A426U1UEU9EXF3/A426U1OYM9EXF3/A426U1UEU9EXF3
2025-11-27 14:40:05.331  SVCAgent : [gc-H] SystemInformationBuilder | 7.0.00.12
2025-11-27 14:40:05.332  SVCAgent : [gc-H] FlashLockVerifier | start check
2025-11-27 14:40:05.333  SVCAgent : [gc-H] FlashLockVerifier | Result : 1
2025-11-27 14:40:05.334  SVCAgent : [gc-H] SVCAgent - SysFsReader | retrieveSYSFS - Start searching HWs--------------------------------------------------------------
2025-11-27 14:40:05.360  SVCAgent : [gc-H] SVCAgent - SysFsReader | getNodeID - Node - SVC_rear_module3 has no ID, so it will be ignored
2025-11-27 14:40:05.362  SVCAgent : [gc-H] SVCAgent - SysFsReader | getNodeID - Node - SVC_rear_module4 has no ID, so it will be ignored
2025-11-27 14:40:05.367  SVCAgent : [gc-H] SVCAgent - SysFsReader | retrieveSYSFS - No HW node exist in directory : /sys/devices/svc/Camera
2025-11-27 14:40:05.378  SVCAgent : [gc-H] SVCAgent - SysFsReader | getNodeID - Node - SVC_OCTA2 has no ID, so it will be ignored
2025-11-27 14:40:05.380  SVCAgent : [gc-H] SVCAgent - SysFsReader | getNodeID - Node - SVC_OCTA2_CHIPID has no ID, so it will be ignored
2025-11-27 14:40:05.382  SVCAgent : [gc-H] SVCAgent - SysFsReader | getNodeID - Node - SVC_OCTA2_DDI_CHIPID has no ID, so it will be ignored
2025-11-27 14:40:05.383  SVCAgent : [gc-H] SVCAgent - SysFsReader | retrieveSYSFS - No HW node exist in directory : /sys/devices/svc/OCTA
2025-11-27 14:40:05.383  SVCAgent : [gc-H] SVCAgent - SysFsReader | retrieveSYSFS - 8 HWs are found
2025-11-27 14:40:05.384  SVCAgent : [gc-H] SVCAgent - SysFsReader | retrieveSYSFS - End -----------------------------------------------------------------------------
2025-11-27 14:40:05.386  SVCAgent : [gc-H] SystemInformationBuilder | retrieveSystemInformation - End --------------------------------------------------------------------------------------
2025-11-27 14:40:05.388  SVCAgent : [gc-H] MainService | null
2025-11-27 14:40:05.390  SVCAgent : [gc-H] MainService | diffComponents - Current HW ID : SVC_AP is not changed
2025-11-27 14:40:05.392  SVCAgent : [gc-H] MainService | diffComponents - Current HW ID : PBA_2D is not changed
2025-11-27 14:40:05.394  SVCAgent : [gc-H] MainService | diffComponents - Current HW ID : SVC_front_module is not changed
2025-11-27 14:40:05.396  SVCAgent : [gc-H] MainService | diffComponents - Current HW ID : SVC_rear_module is not changed
2025-11-27 14:40:05.397  SVCAgent : [gc-H] MainService | diffComponents - Current HW ID : SVC_rear_module2 is not changed
2025-11-27 14:40:05.399  SVCAgent : [gc-H] MainService | diffComponents - Current HW ID : SVC_OCTA is not changed
2025-11-27 14:40:05.401  SVCAgent : [gc-H] MainService | diffComponents - Current HW ID : SVC_OCTA_CHIPID is not changed
2025-11-27 14:40:05.402  SVCAgent : [gc-H] MainService | diffComponents - Current HW ID : SVC_OCTA_DDI_CHIPID is not changed
2025-11-27 14:40:05.404  SVCAgent : [gc-H] MainService | diffComponents - Current HW ID : changeList skip
2025-11-27 14:40:05.406  SVCAgent : [gc-H] MainService | diffComponents - Current HW ID : repairList skip
2025-11-27 14:40:05.407  SVCAgent : [gc-H] MainService | diffComponents - Current HW ID : prefix skip
2025-11-27 14:40:05.409  SVCAgent : [gc-H] MainService | diffDevices - cannot find any HW changes
2025-11-27 14:40:05.411  SVCAgent : [gc-H] MainService | decideServiceType - Current service type : 
2025-11-27 14:40:05.412  SVCAgent : [gc-H] SystemInformation | setType - 
2025-11-27 14:40:05.413  SVCAgent : [gc-H] SystemInformation | setChangeList - 
2025-11-27 14:40:05.415  SVCAgent : [gc-H] SystemInformation | getString - type key has no value!!!
2025-11-27 14:40:05.416  SVCAgent : [gc-H] MainService | postToServer - Current System Information has no service type value. Perhaps there isn't any HW changes.
2025-11-27 14:40:05.417  SVCAgent : [gc-H] MainService | handleMessage - No more transmission exists. Close Service.
2025-11-27 14:40:05.424  SVCAgent : [gc-H] EFSController | cleanEFS - Clean already transmitted data in EFS
2025-11-27 14:40:05.425  SVCAgent : [gc-H] EFSController | loadEFS - start to load efs
2025-11-27 14:40:05.426  SVCAgent : [gc-H] Util | readLineFromFile - Input file size : 690 bytes
2025-11-27 14:40:05.427  SVCAgent : [gc-H] Util | readLineFromFile - loaded list size : 1
2025-11-27 14:40:05.427  SVCAgent : [gc-H] EFSController | loadEFS - EFS file loading - 
2025-11-27 14:40:05.428  SVCAgent : [gc-H] EFSController | getVersionType : type 2
2025-11-27 14:40:05.428  SVCAgent : [gc-H] EFSController | loadEFS - success to load efs
2025-11-27 14:40:05.429  SVCAgent : [gc-H] EFSController | loadEFS - efs size :  1
2025-11-27 14:40:05.429  SVCAgent : [gc-H] EFSController | cleanEFS - (1 -> 1) data are cleared.
2025-11-27 14:40:05.433  SVCAgent : [gc-H] EFSController | EFSController - Delete EFS path
2025-11-27 14:40:05.471  SVCAgent : [gc-H] Util | writing result - 690 bytes at Thu Nov 27 14:40:05 GMT+01:00 2025
2025-11-27 14:40:05.473  SVCAgent : [gc-H] EFSController | makeEFS - Making file is success.
2025-11-27 14:40:05.475  SVCAgent : [gc-H] EFSController | loadEFS - start to load efs
2025-11-27 14:40:05.476  SVCAgent : [gc-H] Util | readLineFromFile - Input file size : 690 bytes
2025-11-27 14:40:05.477  SVCAgent : [gc-H] Util | readLineFromFile - loaded list size : 1
2025-11-27 14:40:05.477  SVCAgent : [gc-H] EFSController | loadEFS - EFS file loading - 
2025-11-27 14:40:05.478  SVCAgent : [gc-H] EFSController | getVersionType : type 2
2025-11-27 14:40:05.479  SVCAgent : [gc-H] EFSController | loadEFS - success to load efs
2025-11-27 14:40:05.480  SVCAgent : [gc-H] EFSController | loadEFS - efs size :  1
2025-11-27 14:40:05.482  SVCAgent : [gc-H] EFSController | EFSController - Delete EFS path
2025-11-27 14:40:05.492  SVCAgent : [gc-H] Util | writing result - 690 bytes at Thu Nov 27 14:40:05 GMT+01:00 2025
2025-11-27 14:40:05.495  SVCAgent : [gc-H] EFSController | makeEFSBackUp - Making backup file is success.
2025-11-27 14:40:05.512  SVCAgent : [gc-H] ConnectionJobService | scheduleJobService - JobService scheduling is success
2025-11-27 14:40:05.515  SVCAgent : [gc-H] MainService | onDestroy - Service is closed
2025-11-27 16:58:27.503  SVCAgent : [ck-F] BootReceiver | onReceive - Setup Wizard finish signal is delivered.
2025-11-27 16:58:27.505  SVCAgent : [ck-F] BootReceiver | onReceive - send MESSAGE_LAUNCH_SERVICE
2025-11-27 16:58:27.544  SVCAgent : [ck-F] Util | isMyServiceRunning - Service does not exist
2025-11-27 16:58:27.555  SVCAgent : [ck-F] Util | launchService.
2025-11-27 16:58:27.575  SVCAgent : [ck-F] Util | isMyServiceRunning - Service does not exist
2025-11-27 16:58:27.576  SVCAgent : [ck-F] BootReceiver | handleMessage - send MESSAGE_LAUNCH_SERVICE
2025-11-27 16:58:27.577  SVCAgent : [ck-F] BootReceiver | ReceiverHandler sent message.{ when=-72ms what=1 target=com.samsung.android.service.svcagent.BootReceiver$a }
2025-11-27 16:58:27.589  SVCAgent : [ck-F] Util | SDK Version 33.
2025-11-27 16:58:27.592  SVCAgent : [ck-F] Util | SDK Version 33.
2025-11-27 16:58:27.603  SVCAgent : [ck-F] MainService | onStartCommand - Service is now on
2025-11-27 16:58:28.398  SVCAgent : [ck-F] Util | isMyServiceRunning - Service is running
2025-11-27 16:58:28.399  SVCAgent : [ck-F] Util | launchService
2025-11-27 16:58:28.402  SVCAgent : [ck-F] Util | isMyServiceRunning - Service is running
2025-11-27 16:58:28.408  SVCAgent : [ck-F] BootReceiver | handleMessage - remove MESSAGE_LAUNCH_SERVICE
2025-11-27 16:58:28.409  SVCAgent : [ck-F] BootReceiver | ReceiverHandler sent message.{ when=-33ms what=1 target=com.samsung.android.service.svcagent.BootReceiver$a }
2025-11-27 16:58:28.411  SVCAgent : [ck-F] MainService | onReceive - com.samsung.android.service.svcagent.intent_action_start_service
2025-11-27 16:58:28.412  SVCAgent : [ck-F] MainService | onReceive - Start service.
2025-11-27 16:58:28.414  SVCAgent : [ck-F] EFSController | loadEFS - start to load efs
2025-11-27 16:58:28.418  SVCAgent : [ck-F] Util | readLineFromFile - Input file size : 690 bytes
2025-11-27 16:58:28.425  SVCAgent : [ck-F] Util | readLineFromFile - loaded list size : 1
2025-11-27 16:58:28.429  SVCAgent : [ck-F] EFSController | loadEFS - EFS file loading - 
2025-11-27 16:58:28.432  SVCAgent : [ck-F] EFSController | getVersionType : type 2
2025-11-27 16:58:28.435  SVCAgent : [ck-F] EFSController | loadEFS - success to load efs
2025-11-27 16:58:28.437  SVCAgent : [ck-F] EFSController | loadEFS - efs size :  1
2025-11-27 16:58:28.447  SVCAgent : [ck-F] SystemInformationBuilder | retrieveSystemInformation - Start ------------------------------------------------------------------------------------
2025-11-27 16:58:28.959  SVCAgent : [ck-F] SystemInformationBuilder | getUniqueNumber - Obtaining Unique Number from UFS
2025-11-27 16:58:28.962  SVCAgent : [ck-F] SystemInformationBuilder | getModelName - Model Name: SM-A426U1
2025-11-27 16:58:28.963  SVCAgent : [ck-F] SystemInformationBuilder | getCustomerCode - Sales Code from property - XAA
2025-11-27 16:58:28.970  SVCAgent : [ck-F] SystemInformationBuilder | A426U1UEU9EXF3/A426U1OYM9EXF3/A426U1UEU9EXF3
2025-11-27 16:58:28.981  SVCAgent : [ck-F] SystemInformationBuilder | 7.0.00.12
2025-11-27 16:58:28.982  SVCAgent : [ck-F] FlashLockVerifier | start check
2025-11-27 16:58:28.983  SVCAgent : [ck-F] FlashLockVerifier | Result : 1
2025-11-27 16:58:28.984  SVCAgent : [ck-F] SVCAgent - SysFsReader | retrieveSYSFS - Start searching HWs--------------------------------------------------------------
2025-11-27 16:58:29.017  SVCAgent : [ck-F] SVCAgent - SysFsReader | getNodeID - Node - SVC_rear_module3 has no ID, so it will be ignored
2025-11-27 16:58:29.031  SVCAgent : [ck-F] SVCAgent - SysFsReader | getNodeID - Node - SVC_rear_module4 has no ID, so it will be ignored
2025-11-27 16:58:29.036  SVCAgent : [ck-F] SVCAgent - SysFsReader | retrieveSYSFS - No HW node exist in directory : /sys/devices/svc/Camera
2025-11-27 16:58:29.048  SVCAgent : [ck-F] SVCAgent - SysFsReader | getNodeID - Node - SVC_OCTA2 has no ID, so it will be ignored
2025-11-27 16:58:29.049  SVCAgent : [ck-F] SVCAgent - SysFsReader | getNodeID - Node - SVC_OCTA2_CHIPID has no ID, so it will be ignored
2025-11-27 16:58:29.051  SVCAgent : [ck-F] SVCAgent - SysFsReader | getNodeID - Node - SVC_OCTA2_DDI_CHIPID has no ID, so it will be ignored
2025-11-27 16:58:29.053  SVCAgent : [ck-F] SVCAgent - SysFsReader | retrieveSYSFS - No HW node exist in directory : /sys/devices/svc/OCTA
2025-11-27 16:58:29.054  SVCAgent : [ck-F] SVCAgent - SysFsReader | retrieveSYSFS - 8 HWs are found
2025-11-27 16:58:29.055  SVCAgent : [ck-F] SVCAgent - SysFsReader | retrieveSYSFS - End -----------------------------------------------------------------------------
2025-11-27 16:58:29.056  SVCAgent : [ck-F] SystemInformationBuilder | retrieveSystemInformation - End --------------------------------------------------------------------------------------
2025-11-27 16:58:29.057  SVCAgent : [ck-F] MainService | null
2025-11-27 16:58:29.060  SVCAgent : [ck-F] MainService | diffComponents - Current HW ID : SVC_AP is not changed
2025-11-27 16:58:29.061  SVCAgent : [ck-F] MainService | diffComponents - Current HW ID : PBA_2D is not changed
2025-11-27 16:58:29.063  SVCAgent : [ck-F] MainService | diffComponents - Current HW ID : SVC_front_module is not changed
2025-11-27 16:58:29.064  SVCAgent : [ck-F] MainService | diffComponents - Current HW ID : SVC_rear_module is not changed
2025-11-27 16:58:29.065  SVCAgent : [ck-F] MainService | diffComponents - Current HW ID : SVC_rear_module2 is not changed
2025-11-27 16:58:29.067  SVCAgent : [ck-F] MainService | diffComponents - Current HW ID : SVC_OCTA is not changed
2025-11-27 16:58:29.068  SVCAgent : [ck-F] MainService | diffComponents - Current HW ID : SVC_OCTA_CHIPID is not changed
2025-11-27 16:58:29.070  SVCAgent : [ck-F] MainService | diffComponents - Current HW ID : SVC_OCTA_DDI_CHIPID is not changed
2025-11-27 16:58:29.072  SVCAgent : [ck-F] MainService | diffComponents - Current HW ID : changeList skip
2025-11-27 16:58:29.073  SVCAgent : [ck-F] MainService | diffComponents - Current HW ID : repairList skip
2025-11-27 16:58:29.074  SVCAgent : [ck-F] MainService | diffComponents - Current HW ID : prefix skip
2025-11-27 16:58:29.076  SVCAgent : [ck-F] MainService | diffDevices - cannot find any HW changes
2025-11-27 16:58:29.077  SVCAgent : [ck-F] MainService | decideServiceType - Current service type : 
2025-11-27 16:58:29.078  SVCAgent : [ck-F] SystemInformation | setType - 
2025-11-27 16:58:29.079  SVCAgent : [ck-F] SystemInformation | setChangeList - 
2025-11-27 16:58:29.081  SVCAgent : [ck-F] SystemInformation | getString - type key has no value!!!
2025-11-27 16:58:29.083  SVCAgent : [ck-F] MainService | postToServer - Current System Information has no service type value. Perhaps there isn't any HW changes.
2025-11-27 16:58:29.084  SVCAgent : [ck-F] MainService | handleMessage - No more transmission exists. Close Service.
2025-11-27 16:58:29.091  SVCAgent : [ck-F] EFSController | cleanEFS - Clean already transmitted data in EFS
2025-11-27 16:58:29.092  SVCAgent : [ck-F] EFSController | loadEFS - start to load efs
2025-11-27 16:58:29.094  SVCAgent : [ck-F] Util | readLineFromFile - Input file size : 690 bytes
2025-11-27 16:58:29.095  SVCAgent : [ck-F] Util | readLineFromFile - loaded list size : 1
2025-11-27 16:58:29.096  SVCAgent : [ck-F] EFSController | loadEFS - EFS file loading - 
2025-11-27 16:58:29.096  SVCAgent : [ck-F] EFSController | getVersionType : type 2
2025-11-27 16:58:29.098  SVCAgent : [ck-F] EFSController | loadEFS - success to load efs
2025-11-27 16:58:29.099  SVCAgent : [ck-F] EFSController | loadEFS - efs size :  1
2025-11-27 16:58:29.100  SVCAgent : [ck-F] EFSController | cleanEFS - (1 -> 1) data are cleared.
2025-11-27 16:58:29.104  SVCAgent : [ck-F] EFSController | EFSController - Delete EFS path
2025-11-27 16:58:29.110  SVCAgent : [ck-F] Util | writing result - 690 bytes at Thu Nov 27 16:58:29 GMT+01:00 2025
2025-11-27 16:58:29.112  SVCAgent : [ck-F] EFSController | makeEFS - Making file is success.
2025-11-27 16:58:29.113  SVCAgent : [ck-F] EFSController | loadEFS - start to load efs
2025-11-27 16:58:29.114  SVCAgent : [ck-F] Util | readLineFromFile - Input file size : 690 bytes
2025-11-27 16:58:29.115  SVCAgent : [ck-F] Util | readLineFromFile - loaded list size : 1
2025-11-27 16:58:29.116  SVCAgent : [ck-F] EFSController | loadEFS - EFS file loading - 
2025-11-27 16:58:29.117  SVCAgent : [ck-F] EFSController | getVersionType : type 2
2025-11-27 16:58:29.128  SVCAgent : [ck-F] EFSController | loadEFS - success to load efs
2025-11-27 16:58:29.129  SVCAgent : [ck-F] EFSController | loadEFS - efs size :  1
2025-11-27 16:58:29.134  SVCAgent : [ck-F] EFSController | EFSController - Delete EFS path
2025-11-27 16:58:29.175  SVCAgent : [ck-F] Util | writing result - 690 bytes at Thu Nov 27 16:58:29 GMT+01:00 2025
2025-11-27 16:58:29.177  SVCAgent : [ck-F] EFSController | makeEFSBackUp - Making backup file is success.
2025-11-27 16:58:29.187  SVCAgent : [ck-F] ConnectionJobService | scheduleJobService - JobService scheduling is success
2025-11-27 16:58:29.188  SVCAgent : [ck-F] MainService | onDestroy - Service is closed
2025-12-03 11:41:15.650  SVCAgent : [fw-B] BootReceiver | onReceive - Setup Wizard finish signal is delivered.
2025-12-03 11:41:15.652  SVCAgent : [fw-B] BootReceiver | onReceive - send MESSAGE_LAUNCH_SERVICE
2025-12-03 11:41:15.684  SVCAgent : [fw-B] Util | isMyServiceRunning - Service does not exist
2025-12-03 11:41:15.692  SVCAgent : [fw-B] Util | launchService.
2025-12-03 11:41:15.696  SVCAgent : [fw-B] Util | isMyServiceRunning - Service does not exist
2025-12-03 11:41:15.697  SVCAgent : [fw-B] BootReceiver | handleMessage - send MESSAGE_LAUNCH_SERVICE
2025-12-03 11:41:15.698  SVCAgent : [fw-B] BootReceiver | ReceiverHandler sent message.{ when=-46ms what=1 target=com.samsung.android.service.svcagent.BootReceiver$a }
2025-12-03 11:41:15.705  SVCAgent : [fw-B] Util | SDK Version 33.
2025-12-03 11:41:15.706  SVCAgent : [fw-B] Util | SDK Version 33.
2025-12-03 11:41:15.710  SVCAgent : [fw-B] MainService | onStartCommand - Service is now on
2025-12-03 11:41:16.500  SVCAgent : [fw-B] Util | isMyServiceRunning - Service is running
2025-12-03 11:41:16.502  SVCAgent : [fw-B] Util | launchService
2025-12-03 11:41:16.509  SVCAgent : [fw-B] Util | isMyServiceRunning - Service is running
2025-12-03 11:41:16.517  SVCAgent : [fw-B] BootReceiver | handleMessage - remove MESSAGE_LAUNCH_SERVICE
2025-12-03 11:41:16.518  SVCAgent : [fw-B] BootReceiver | ReceiverHandler sent message.{ when=-21ms what=1 target=com.samsung.android.service.svcagent.BootReceiver$a }
2025-12-03 11:41:16.520  SVCAgent : [fw-B] MainService | onReceive - com.samsung.android.service.svcagent.intent_action_start_service
2025-12-03 11:41:16.522  SVCAgent : [fw-B] MainService | onReceive - Start service.
2025-12-03 11:41:16.526  SVCAgent : [fw-B] EFSController | loadEFS - start to load efs
2025-12-03 11:41:16.534  SVCAgent : [fw-B] Util | readLineFromFile - Input file size : 690 bytes
2025-12-03 11:41:16.536  SVCAgent : [fw-B] Util | readLineFromFile - loaded list size : 1
2025-12-03 11:41:16.537  SVCAgent : [fw-B] EFSController | loadEFS - EFS file loading - 
2025-12-03 11:41:16.538  SVCAgent : [fw-B] EFSController | getVersionType : type 2
2025-12-03 11:41:16.539  SVCAgent : [fw-B] EFSController | loadEFS - success to load efs
2025-12-03 11:41:16.540  SVCAgent : [fw-B] EFSController | loadEFS - efs size :  1
2025-12-03 11:41:16.540  SVCAgent : [fw-B] SystemInformationBuilder | retrieveSystemInformation - Start ------------------------------------------------------------------------------------
2025-12-03 11:41:17.052  SVCAgent : [fw-B] SystemInformationBuilder | getUniqueNumber - Obtaining Unique Number from UFS
2025-12-03 11:41:17.055  SVCAgent : [fw-B] SystemInformationBuilder | getModelName - Model Name: SM-A426U1
2025-12-03 11:41:17.056  SVCAgent : [fw-B] SystemInformationBuilder | getCustomerCode - Sales Code from property - XAA
2025-12-03 11:41:17.057  SVCAgent : [fw-B] SystemInformationBuilder | A426U1UEU9EXF3/A426U1OYM9EXF3/A426U1UEU9EXF3
2025-12-03 11:41:17.062  SVCAgent : [fw-B] SystemInformationBuilder | 7.0.00.12
2025-12-03 11:41:17.063  SVCAgent : [fw-B] FlashLockVerifier | start check
2025-12-03 11:41:17.064  SVCAgent : [fw-B] FlashLockVerifier | Result : 1
2025-12-03 11:41:17.065  SVCAgent : [fw-B] SVCAgent - SysFsReader | retrieveSYSFS - Start searching HWs--------------------------------------------------------------
2025-12-03 11:41:17.086  SVCAgent : [fw-B] SVCAgent - SysFsReader | getNodeID - Node - SVC_rear_module3 has no ID, so it will be ignored
2025-12-03 11:41:17.088  SVCAgent : [fw-B] SVCAgent - SysFsReader | getNodeID - Node - SVC_rear_module4 has no ID, so it will be ignored
2025-12-03 11:41:17.091  SVCAgent : [fw-B] SVCAgent - SysFsReader | retrieveSYSFS - No HW node exist in directory : /sys/devices/svc/Camera
2025-12-03 11:41:17.099  SVCAgent : [fw-B] SVCAgent - SysFsReader | getNodeID - Node - SVC_OCTA2 has no ID, so it will be ignored
2025-12-03 11:41:17.101  SVCAgent : [fw-B] SVCAgent - SysFsReader | getNodeID - Node - SVC_OCTA2_CHIPID has no ID, so it will be ignored
2025-12-03 11:41:17.104  SVCAgent : [fw-B] SVCAgent - SysFsReader | getNodeID - Node - SVC_OCTA2_DDI_CHIPID has no ID, so it will be ignored
2025-12-03 11:41:17.105  SVCAgent : [fw-B] SVCAgent - SysFsReader | retrieveSYSFS - No HW node exist in directory : /sys/devices/svc/OCTA
2025-12-03 11:41:17.107  SVCAgent : [fw-B] SVCAgent - SysFsReader | retrieveSYSFS - 8 HWs are found
2025-12-03 11:41:17.108  SVCAgent : [fw-B] SVCAgent - SysFsReader | retrieveSYSFS - End -----------------------------------------------------------------------------
2025-12-03 11:41:17.110  SVCAgent : [fw-B] SystemInformationBuilder | retrieveSystemInformation - End --------------------------------------------------------------------------------------
2025-12-03 11:41:17.110  SVCAgent : [fw-B] MainService | null
2025-12-03 11:41:17.112  SVCAgent : [fw-B] MainService | diffComponents - Current HW ID : SVC_AP is not changed
2025-12-03 11:41:17.114  SVCAgent : [fw-B] MainService | diffComponents - Current HW ID : PBA_2D is not changed
2025-12-03 11:41:17.116  SVCAgent : [fw-B] MainService | diffComponents - Current HW ID : SVC_front_module is not changed
2025-12-03 11:41:17.117  SVCAgent : [fw-B] MainService | diffComponents - Current HW ID : SVC_rear_module is not changed
2025-12-03 11:41:17.119  SVCAgent : [fw-B] MainService | diffComponents - Current HW ID : SVC_rear_module2 is not changed
2025-12-03 11:41:17.120  SVCAgent : [fw-B] MainService | diffComponents - Current HW ID : SVC_OCTA is not changed
2025-12-03 11:41:17.122  SVCAgent : [fw-B] MainService | diffComponents - Current HW ID : SVC_OCTA_CHIPID is not changed
2025-12-03 11:41:17.123  SVCAgent : [fw-B] MainService | diffComponents - Current HW ID : SVC_OCTA_DDI_CHIPID is not changed
2025-12-03 11:41:17.125  SVCAgent : [fw-B] MainService | diffComponents - Current HW ID : changeList skip
2025-12-03 11:41:17.127  SVCAgent : [fw-B] MainService | diffComponents - Current HW ID : repairList skip
2025-12-03 11:41:17.129  SVCAgent : [fw-B] MainService | diffComponents - Current HW ID : prefix skip
2025-12-03 11:41:17.131  SVCAgent : [fw-B] MainService | diffDevices - cannot find any HW changes
2025-12-03 11:41:17.133  SVCAgent : [fw-B] MainService | decideServiceType - Current service type : 
2025-12-03 11:41:17.134  SVCAgent : [fw-B] SystemInformation | setType - 
2025-12-03 11:41:17.135  SVCAgent : [fw-B] SystemInformation | setChangeList - 
2025-12-03 11:41:17.137  SVCAgent : [fw-B] SystemInformation | getString - type key has no value!!!
2025-12-03 11:41:17.139  SVCAgent : [fw-B] MainService | postToServer - Current System Information has no service type value. Perhaps there isn't any HW changes.
2025-12-03 11:41:17.141  SVCAgent : [fw-B] MainService | handleMessage - No more transmission exists. Close Service.
2025-12-03 11:41:17.149  SVCAgent : [fw-B] EFSController | cleanEFS - Clean already transmitted data in EFS
2025-12-03 11:41:17.150  SVCAgent : [fw-B] EFSController | loadEFS - start to load efs
2025-12-03 11:41:17.151  SVCAgent : [fw-B] Util | readLineFromFile - Input file size : 690 bytes
2025-12-03 11:41:17.152  SVCAgent : [fw-B] Util | readLineFromFile - loaded list size : 1
2025-12-03 11:41:17.153  SVCAgent : [fw-B] EFSController | loadEFS - EFS file loading - 
2025-12-03 11:41:17.154  SVCAgent : [fw-B] EFSController | getVersionType : type 2
2025-12-03 11:41:17.157  SVCAgent : [fw-B] EFSController | loadEFS - success to load efs
2025-12-03 11:41:17.158  SVCAgent : [fw-B] EFSController | loadEFS - efs size :  1
2025-12-03 11:41:17.159  SVCAgent : [fw-B] EFSController | cleanEFS - (1 -> 1) data are cleared.
2025-12-03 11:41:17.162  SVCAgent : [fw-B] EFSController | EFSController - Delete EFS path
2025-12-03 11:41:17.171  SVCAgent : [fw-B] Util | writing result - 690 bytes at Wed Dec 03 11:41:17 GMT+01:00 2025
2025-12-03 11:41:17.173  SVCAgent : [fw-B] EFSController | makeEFS - Making file is success.
2025-12-03 11:41:17.178  SVCAgent : [fw-B] EFSController | loadEFS - start to load efs
2025-12-03 11:41:17.189  SVCAgent : [fw-B] Util | readLineFromFile - Input file size : 690 bytes
2025-12-03 11:41:17.190  SVCAgent : [fw-B] Util | readLineFromFile - loaded list size : 1
2025-12-03 11:41:17.191  SVCAgent : [fw-B] EFSController | loadEFS - EFS file loading - 
2025-12-03 11:41:17.192  SVCAgent : [fw-B] EFSController | getVersionType : type 2
2025-12-03 11:41:17.194  SVCAgent : [fw-B] EFSController | loadEFS - success to load efs
2025-12-03 11:41:17.203  SVCAgent : [fw-B] EFSController | loadEFS - efs size :  1
2025-12-03 11:41:17.206  SVCAgent : [fw-B] EFSController | EFSController - Delete EFS path
2025-12-03 11:41:17.246  SVCAgent : [fw-B] Util | writing result - 690 bytes at Wed Dec 03 11:41:17 GMT+01:00 2025
2025-12-03 11:41:17.248  SVCAgent : [fw-B] EFSController | makeEFSBackUp - Making backup file is success.
2025-12-03 11:41:17.267  SVCAgent : [fw-B] ConnectionJobService | scheduleJobService - JobService scheduling is success
2025-12-03 11:41:17.269  SVCAgent : [fw-B] MainService | onDestroy - Service is closed
2025-12-03 16:14:23.969  SVCAgent : [pM-K] DailyBgJobService | Job started
2025-12-03 16:14:24.002  SVCAgent : [pM-K] DailyBgJobService | Daily Transfer Again check
2025-12-03 16:14:24.025  SVCAgent : [pM-K] Util | readLineFromFile - Input file size : 690 bytes
2025-12-03 16:14:24.028  SVCAgent : [pM-K] Util | readLineFromFile - loaded list size : 1
2025-12-03 16:14:24.030  SVCAgent : [pM-K] EFSController | getTransferAgainFlag - getTransferAgainFlag - Flag: 0
2025-12-03 16:14:24.054  SVCAgent : [pM-K] DailyBgJobService | ct : 1764774864036
2025-12-03 16:14:24.055  SVCAgent : [pM-K] DailyBgJobService | lt : 10023627522
2025-12-03 16:14:24.057  SVCAgent : [pM-K] DailyBgJobService | lst job started
2025-12-03 16:14:24.067  SVCAgent : [pM-K] Util | isMyServiceRunning - Service does not exist
2025-12-03 16:14:24.112  SVCAgent : [pM-K] Util | launchService.
2025-12-03 16:14:24.140  SVCAgent : [pM-K] ConnectionJobService | onStartJob - 
2025-12-03 16:14:24.154  SVCAgent : [pM-K] Util | SDK Version 33.
2025-12-03 16:14:24.161  SVCAgent : [pM-K] Util | SDK Version 33.
2025-12-03 16:14:24.167  SVCAgent : [pM-K] ConnectionJobService | StartServiceAsyncTask - Run AsyncTask.
2025-12-03 16:14:24.169  SVCAgent : [pM-K] Util | readLineFromFile - Input file size : 690 bytes
2025-12-03 16:14:24.172  SVCAgent : [pM-K] MainService | onStartCommand - Service is now on
2025-12-03 16:14:24.170  SVCAgent : [pM-K] Util | readLineFromFile - loaded list size : 1
2025-12-03 16:14:24.184  SVCAgent : [pM-K] EFSController | getTransferAgainFlag - getTransferAgainFlag - Flag: 0
2025-12-03 16:14:24.187  SVCAgent : [pM-K] ConnectionJobService | StartServiceAsyncTask - Ignore network change. There is no un-delivered data
2025-12-03 16:14:24.770  SVCAgent : [pM-K] MainService | onReceive - com.samsung.android.service.svcagent.intent_action_last_command
2025-12-03 16:14:24.772  SVCAgent : [pM-K] EFSController | loadEFS - start to load efs
2025-12-03 16:14:24.794  SVCAgent : [pM-K] Util | readLineFromFile - Input file size : 690 bytes
2025-12-03 16:14:24.796  SVCAgent : [pM-K] Util | readLineFromFile - loaded list size : 1
2025-12-03 16:14:24.797  SVCAgent : [pM-K] EFSController | loadEFS - EFS file loading - 
2025-12-03 16:14:24.798  SVCAgent : [pM-K] EFSController | getVersionType : type 2
2025-12-03 16:14:24.800  SVCAgent : [pM-K] EFSController | loadEFS - success to load efs
2025-12-03 16:14:24.802  SVCAgent : [pM-K] EFSController | loadEFS - efs size :  1
2025-12-03 16:14:24.803  SVCAgent : [pM-K] EFSController | loadEFS - start to load efs
2025-12-03 16:14:24.805  SVCAgent : [pM-K] Util | readLineFromFile - Input file size : 690 bytes
2025-12-03 16:14:24.806  SVCAgent : [pM-K] Util | readLineFromFile - loaded list size : 1
2025-12-03 16:14:24.807  SVCAgent : [pM-K] EFSController | loadEFS - EFS file loading - 
2025-12-03 16:14:24.808  SVCAgent : [pM-K] EFSController | getVersionType : type 2
2025-12-03 16:14:24.815  SVCAgent : [pM-K] EFSController | loadEFS - success to load efs
2025-12-03 16:14:24.817  SVCAgent : [pM-K] EFSController | loadEFS - efs size :  1
2025-12-03 16:14:24.819  SVCAgent : [pM-K] SystemInformation | setType - LST
2025-12-03 16:14:24.821  SVCAgent : [pM-K] MainService | onReceive - LST, DST, CST request complete. Now service will send system information to server.
2025-12-05 09:11:18.395  SVCAgent : [BS-X] BootReceiver | onReceive - Setup Wizard finish signal is delivered.
2025-12-05 09:11:18.397  SVCAgent : [BS-X] BootReceiver | onReceive - send MESSAGE_LAUNCH_SERVICE
2025-12-05 09:11:18.426  SVCAgent : [BS-X] Util | isMyServiceRunning - Service does not exist
2025-12-05 09:11:18.435  SVCAgent : [BS-X] Util | launchService.
2025-12-05 09:11:18.437  SVCAgent : [BS-X] Util | isMyServiceRunning - Service does not exist
2025-12-05 09:11:18.438  SVCAgent : [BS-X] BootReceiver | handleMessage - send MESSAGE_LAUNCH_SERVICE
2025-12-05 09:11:18.439  SVCAgent : [BS-X] BootReceiver | ReceiverHandler sent message.{ when=-41ms what=1 target=com.samsung.android.service.svcagent.BootReceiver$a }
2025-12-05 09:11:18.446  SVCAgent : [BS-X] Util | SDK Version 33.
2025-12-05 09:11:18.447  SVCAgent : [BS-X] Util | SDK Version 33.
2025-12-05 09:11:18.455  SVCAgent : [BS-X] MainService | onStartCommand - Service is now on
2025-12-05 09:11:19.256  SVCAgent : [BS-X] Util | isMyServiceRunning - Service is running
2025-12-05 09:11:19.257  SVCAgent : [BS-X] Util | launchService
2025-12-05 09:11:19.261  SVCAgent : [BS-X] Util | isMyServiceRunning - Service is running
2025-12-05 09:11:19.267  SVCAgent : [BS-X] BootReceiver | handleMessage - remove MESSAGE_LAUNCH_SERVICE
2025-12-05 09:11:19.268  SVCAgent : [BS-X] BootReceiver | ReceiverHandler sent message.{ when=-30ms what=1 target=com.samsung.android.service.svcagent.BootReceiver$a }
2025-12-05 09:11:19.269  SVCAgent : [BS-X] MainService | onReceive - com.samsung.android.service.svcagent.intent_action_start_service
2025-12-05 09:11:19.270  SVCAgent : [BS-X] MainService | onReceive - Start service.
2025-12-05 09:11:19.272  SVCAgent : [BS-X] EFSController | loadEFS - start to load efs
2025-12-05 09:11:19.276  SVCAgent : [BS-X] Util | readLineFromFile - Input file size : 690 bytes
2025-12-05 09:11:19.278  SVCAgent : [BS-X] Util | readLineFromFile - loaded list size : 1
2025-12-05 09:11:19.278  SVCAgent : [BS-X] EFSController | loadEFS - EFS file loading - 
2025-12-05 09:11:19.282  SVCAgent : [BS-X] EFSController | getVersionType : type 2
2025-12-05 09:11:19.284  SVCAgent : [BS-X] EFSController | loadEFS - success to load efs
2025-12-05 09:11:19.285  SVCAgent : [BS-X] EFSController | loadEFS - efs size :  1
2025-12-05 09:11:19.286  SVCAgent : [BS-X] SystemInformationBuilder | retrieveSystemInformation - Start ------------------------------------------------------------------------------------
2025-12-05 09:11:19.801  SVCAgent : [BS-X] SystemInformationBuilder | getUniqueNumber - Obtaining Unique Number from UFS
2025-12-05 09:11:19.809  SVCAgent : [BS-X] SystemInformationBuilder | getModelName - Model Name: SM-A426U1
2025-12-05 09:11:19.810  SVCAgent : [BS-X] SystemInformationBuilder | getCustomerCode - Sales Code from property - XAA
2025-12-05 09:11:19.812  SVCAgent : [BS-X] SystemInformationBuilder | A426U1UEU9EXF3/A426U1OYM9EXF3/A426U1UEU9EXF3
2025-12-05 09:11:19.815  SVCAgent : [BS-X] SystemInformationBuilder | 7.0.00.12
2025-12-05 09:11:19.817  SVCAgent : [BS-X] FlashLockVerifier | start check
2025-12-05 09:11:19.818  SVCAgent : [BS-X] FlashLockVerifier | Result : 1
2025-12-05 09:11:19.819  SVCAgent : [BS-X] SVCAgent - SysFsReader | retrieveSYSFS - Start searching HWs--------------------------------------------------------------
2025-12-05 09:11:19.837  SVCAgent : [BS-X] SVCAgent - SysFsReader | getNodeID - Node - SVC_rear_module3 has no ID, so it will be ignored
2025-12-05 09:11:19.839  SVCAgent : [BS-X] SVCAgent - SysFsReader | getNodeID - Node - SVC_rear_module4 has no ID, so it will be ignored
2025-12-05 09:11:19.840  SVCAgent : [BS-X] SVCAgent - SysFsReader | retrieveSYSFS - No HW node exist in directory : /sys/devices/svc/Camera
2025-12-05 09:11:19.853  SVCAgent : [BS-X] SVCAgent - SysFsReader | getNodeID - Node - SVC_OCTA2 has no ID, so it will be ignored
2025-12-05 09:11:19.854  SVCAgent : [BS-X] SVCAgent - SysFsReader | getNodeID - Node - SVC_OCTA2_CHIPID has no ID, so it will be ignored
2025-12-05 09:11:19.856  SVCAgent : [BS-X] SVCAgent - SysFsReader | getNodeID - Node - SVC_OCTA2_DDI_CHIPID has no ID, so it will be ignored
2025-12-05 09:11:19.857  SVCAgent : [BS-X] SVCAgent - SysFsReader | retrieveSYSFS - No HW node exist in directory : /sys/devices/svc/OCTA
2025-12-05 09:11:19.858  SVCAgent : [BS-X] SVCAgent - SysFsReader | retrieveSYSFS - 8 HWs are found
2025-12-05 09:11:19.858  SVCAgent : [BS-X] SVCAgent - SysFsReader | retrieveSYSFS - End -----------------------------------------------------------------------------
2025-12-05 09:11:19.860  SVCAgent : [BS-X] SystemInformationBuilder | retrieveSystemInformation - End --------------------------------------------------------------------------------------
2025-12-05 09:11:19.860  SVCAgent : [BS-X] MainService | null
2025-12-05 09:11:19.862  SVCAgent : [BS-X] MainService | diffComponents - Current HW ID : SVC_AP is not changed
2025-12-05 09:11:19.862  SVCAgent : [BS-X] MainService | diffComponents - Current HW ID : PBA_2D is not changed
2025-12-05 09:11:19.863  SVCAgent : [BS-X] MainService | diffComponents - Current HW ID : SVC_front_module is not changed
2025-12-05 09:11:19.865  SVCAgent : [BS-X] MainService | diffComponents - Current HW ID : SVC_rear_module is not changed
2025-12-05 09:11:19.866  SVCAgent : [BS-X] MainService | diffComponents - Current HW ID : SVC_rear_module2 is not changed
2025-12-05 09:11:19.866  SVCAgent : [BS-X] MainService | diffComponents - Current HW ID : SVC_OCTA is not changed
2025-12-05 09:11:19.867  SVCAgent : [BS-X] MainService | diffComponents - Current HW ID : SVC_OCTA_CHIPID is not changed
2025-12-05 09:11:19.868  SVCAgent : [BS-X] MainService | diffComponents - Current HW ID : SVC_OCTA_DDI_CHIPID is not changed
2025-12-05 09:11:19.869  SVCAgent : [BS-X] MainService | diffComponents - Current HW ID : changeList skip
2025-12-05 09:11:19.870  SVCAgent : [BS-X] MainService | diffComponents - Current HW ID : repairList skip
2025-12-05 09:11:19.871  SVCAgent : [BS-X] MainService | diffComponents - Current HW ID : prefix skip
2025-12-05 09:11:19.872  SVCAgent : [BS-X] MainService | diffDevices - cannot find any HW changes
2025-12-05 09:11:19.873  SVCAgent : [BS-X] MainService | decideServiceType - Current service type : 
2025-12-05 09:11:19.873  SVCAgent : [BS-X] SystemInformation | setType - 
2025-12-05 09:11:19.874  SVCAgent : [BS-X] SystemInformation | setChangeList - 
2025-12-05 09:11:19.875  SVCAgent : [BS-X] SystemInformation | getString - type key has no value!!!
2025-12-05 09:11:19.876  SVCAgent : [BS-X] MainService | postToServer - Current System Information has no service type value. Perhaps there isn't any HW changes.
2025-12-05 09:11:19.880  SVCAgent : [BS-X] MainService | handleMessage - No more transmission exists. Close Service.
2025-12-05 09:11:19.886  SVCAgent : [BS-X] EFSController | cleanEFS - Clean already transmitted data in EFS
2025-12-05 09:11:19.887  SVCAgent : [BS-X] EFSController | loadEFS - start to load efs
2025-12-05 09:11:19.888  SVCAgent : [BS-X] Util | readLineFromFile - Input file size : 690 bytes
2025-12-05 09:11:19.889  SVCAgent : [BS-X] Util | readLineFromFile - loaded list size : 1
2025-12-05 09:11:19.890  SVCAgent : [BS-X] EFSController | loadEFS - EFS file loading - 
2025-12-05 09:11:19.890  SVCAgent : [BS-X] EFSController | getVersionType : type 2
2025-12-05 09:11:19.891  SVCAgent : [BS-X] EFSController | loadEFS - success to load efs
2025-12-05 09:11:19.891  SVCAgent : [BS-X] EFSController | loadEFS - efs size :  1
2025-12-05 09:11:19.892  SVCAgent : [BS-X] EFSController | cleanEFS - (1 -> 1) data are cleared.
2025-12-05 09:11:19.895  SVCAgent : [BS-X] EFSController | EFSController - Delete EFS path
2025-12-05 09:11:19.921  SVCAgent : [BS-X] Util | writing result - 690 bytes at Fri Dec 05 09:11:19 GMT+01:00 2025
2025-12-05 09:11:19.922  SVCAgent : [BS-X] EFSController | makeEFS - Making file is success.
2025-12-05 09:11:19.923  SVCAgent : [BS-X] EFSController | loadEFS - start to load efs
2025-12-05 09:11:19.925  SVCAgent : [BS-X] Util | readLineFromFile - Input file size : 690 bytes
2025-12-05 09:11:19.927  SVCAgent : [BS-X] Util | readLineFromFile - loaded list size : 1
2025-12-05 09:11:19.929  SVCAgent : [BS-X] EFSController | loadEFS - EFS file loading - 
2025-12-05 09:11:19.929  SVCAgent : [BS-X] EFSController | getVersionType : type 2
2025-12-05 09:11:19.930  SVCAgent : [BS-X] EFSController | loadEFS - success to load efs
2025-12-05 09:11:19.937  SVCAgent : [BS-X] EFSController | loadEFS - efs size :  1
2025-12-05 09:11:19.958  SVCAgent : [BS-X] EFSController | EFSController - Delete EFS path
2025-12-05 09:11:19.962  SVCAgent : [BS-X] Util | writing result - 690 bytes at Fri Dec 05 09:11:19 GMT+01:00 2025
2025-12-05 09:11:19.964  SVCAgent : [BS-X] EFSController | makeEFSBackUp - Making backup file is success.
2025-12-05 09:11:19.981  SVCAgent : [BS-X] ConnectionJobService | scheduleJobService - JobService scheduling is success
2025-12-05 09:11:19.983  SVCAgent : [BS-X] MainService | onDestroy - Service is closed
2025-12-08 14:21:21.288  SVCAgent : [QF-N] DailyBgJobService | Job started
2025-12-08 14:21:21.307  SVCAgent : [QF-N] DailyBgJobService | Daily Transfer Again check
2025-12-08 14:21:21.327  SVCAgent : [QF-N] Util | readLineFromFile - Input file size : 690 bytes
2025-12-08 14:21:21.333  SVCAgent : [QF-N] Util | readLineFromFile - loaded list size : 1
2025-12-08 14:21:21.337  SVCAgent : [QF-N] EFSController | getTransferAgainFlag - getTransferAgainFlag - Flag: 0
2025-12-08 14:21:21.347  SVCAgent : [QF-N] DailyBgJobService | ct : 1765200081338
2025-12-08 14:21:21.348  SVCAgent : [QF-N] DailyBgJobService | lt : 10448844824
2025-12-08 14:21:21.350  SVCAgent : [QF-N] DailyBgJobService | lst job started
2025-12-08 14:21:21.363  SVCAgent : [QF-N] Util | isMyServiceRunning - Service does not exist
2025-12-08 14:21:21.377  SVCAgent : [QF-N] Util | launchService.
2025-12-08 14:21:21.389  SVCAgent : [QF-N] ConnectionJobService | onStartJob - 
2025-12-08 14:21:21.403  SVCAgent : [QF-N] ConnectionJobService | StartServiceAsyncTask - Run AsyncTask.
2025-12-08 14:21:21.410  SVCAgent : [QF-N] Util | SDK Version 33.
2025-12-08 14:21:21.412  SVCAgent : [QF-N] Util | SDK Version 33.
2025-12-08 14:21:21.418  SVCAgent : [QF-N] Util | readLineFromFile - Input file size : 690 bytes
2025-12-08 14:21:21.429  SVCAgent : [QF-N] MainService | onStartCommand - Service is now on
2025-12-08 14:21:21.426  SVCAgent : [QF-N] Util | readLineFromFile - loaded list size : 1
2025-12-08 14:21:21.433  SVCAgent : [QF-N] EFSController | getTransferAgainFlag - getTransferAgainFlag - Flag: 0
2025-12-08 14:21:21.437  SVCAgent : [QF-N] ConnectionJobService | StartServiceAsyncTask - Ignore network change. There is no un-delivered data
2025-12-08 14:21:21.925  SVCAgent : [QF-N] MainService | onReceive - com.samsung.android.service.svcagent.intent_action_last_command
2025-12-08 14:21:21.927  SVCAgent : [QF-N] EFSController | loadEFS - start to load efs
2025-12-08 14:21:21.991  SVCAgent : [QF-N] Util | readLineFromFile - Input file size : 690 bytes
2025-12-08 14:21:21.992  SVCAgent : [QF-N] Util | readLineFromFile - loaded list size : 1
2025-12-08 14:21:21.993  SVCAgent : [QF-N] EFSController | loadEFS - EFS file loading - 
2025-12-08 14:21:21.994  SVCAgent : [QF-N] EFSController | getVersionType : type 2
2025-12-08 14:21:21.996  SVCAgent : [QF-N] EFSController | loadEFS - success to load efs
2025-12-08 14:21:21.997  SVCAgent : [QF-N] EFSController | loadEFS - efs size :  1
2025-12-08 14:21:22.026  SVCAgent : [QF-N] EFSController | loadEFS - start to load efs
2025-12-08 14:21:22.032  SVCAgent : [QF-N] Util | readLineFromFile - Input file size : 690 bytes
2025-12-08 14:21:22.034  SVCAgent : [QF-N] Util | readLineFromFile - loaded list size : 1
2025-12-08 14:21:22.035  SVCAgent : [QF-N] EFSController | loadEFS - EFS file loading - 
2025-12-08 14:21:22.037  SVCAgent : [QF-N] EFSController | getVersionType : type 2
2025-12-08 14:21:22.039  SVCAgent : [QF-N] EFSController | loadEFS - success to load efs
2025-12-08 14:21:22.041  SVCAgent : [QF-N] EFSController | loadEFS - efs size :  1
2025-12-08 14:21:22.042  SVCAgent : [QF-N] SystemInformation | setType - LST
2025-12-08 14:21:22.048  SVCAgent : [QF-N] MainService | onReceive - LST, DST, CST request complete. Now service will send system information to server.
2025-12-08 14:21:24.621  SVCAgent : [QF-N] DailyBgJobService | Job started
2025-12-08 14:21:24.622  SVCAgent : [QF-N] DailyBgJobService | Daily Transfer Again check
2025-12-08 14:21:24.623  SVCAgent : [QF-N] Util | readLineFromFile - Input file size : 690 bytes
2025-12-08 14:21:24.625  SVCAgent : [QF-N] Util | readLineFromFile - loaded list size : 1
2025-12-08 14:21:24.626  SVCAgent : [QF-N] EFSController | getTransferAgainFlag - getTransferAgainFlag - Flag: 0
2025-12-08 14:21:24.627  SVCAgent : [QF-N] DailyBgJobService | ct : 1765200084627
2025-12-08 14:21:24.628  SVCAgent : [QF-N] DailyBgJobService | lt : 10448848113
2025-12-08 14:21:24.631  SVCAgent : [QF-N] DailyBgJobService | lst job started
2025-12-08 14:21:24.640  SVCAgent : [QF-N] Util | isMyServiceRunning - Service is running
2025-12-08 14:21:24.641  SVCAgent : [QF-N] Util | launchService
2025-12-08 14:21:25.164  SVCAgent : [QF-N] MainService | onReceive - com.samsung.android.service.svcagent.intent_action_last_command
2025-12-08 14:21:25.165  SVCAgent : [QF-N] EFSController | loadEFS - start to load efs
2025-12-08 14:21:25.167  SVCAgent : [QF-N] Util | readLineFromFile - Input file size : 690 bytes
2025-12-08 14:21:25.168  SVCAgent : [QF-N] Util | readLineFromFile - loaded list size : 1
2025-12-08 14:21:25.169  SVCAgent : [QF-N] EFSController | loadEFS - EFS file loading - 
2025-12-08 14:21:25.170  SVCAgent : [QF-N] EFSController | getVersionType : type 2
2025-12-08 14:21:25.171  SVCAgent : [QF-N] EFSController | loadEFS - success to load efs
2025-12-08 14:21:25.172  SVCAgent : [QF-N] EFSController | loadEFS - efs size :  1
2025-12-08 14:21:25.173  SVCAgent : [QF-N] EFSController | loadEFS - start to load efs
2025-12-08 14:21:25.175  SVCAgent : [QF-N] Util | readLineFromFile - Input file size : 690 bytes
2025-12-08 14:21:25.178  SVCAgent : [QF-N] Util | readLineFromFile - loaded list size : 1
2025-12-08 14:21:25.179  SVCAgent : [QF-N] EFSController | loadEFS - EFS file loading - 
2025-12-08 14:21:25.180  SVCAgent : [QF-N] EFSController | getVersionType : type 2
2025-12-08 14:21:25.181  SVCAgent : [QF-N] EFSController | loadEFS - success to load efs
2025-12-08 14:21:25.182  SVCAgent : [QF-N] EFSController | loadEFS - efs size :  1
2025-12-08 14:21:25.183  SVCAgent : [QF-N] SystemInformation | setType - LST
2025-12-08 14:21:25.185  SVCAgent : [QF-N] MainService | onReceive - LST, DST, CST request complete. Now service will send system information to server.
2025-12-09 12:18:35.615  SVCAgent : [hA-X] DailyBgJobService | Job started
2025-12-09 12:18:35.620  SVCAgent : [hA-X] DailyBgJobService | Daily Transfer Again check
2025-12-09 12:18:35.687  SVCAgent : [hA-X] Util | readLineFromFile - Input file size : 690 bytes
2025-12-09 12:18:35.689  SVCAgent : [hA-X] Util | readLineFromFile - loaded list size : 1
2025-12-09 12:18:35.702  SVCAgent : [hA-X] EFSController | getTransferAgainFlag - getTransferAgainFlag - Flag: 0
2025-12-09 12:18:35.796  SVCAgent : [hA-X] DailyBgJobService | ct : 1765279115703
2025-12-09 12:18:35.798  SVCAgent : [hA-X] DailyBgJobService | lt : 10527879189
2025-12-09 12:18:35.800  SVCAgent : [hA-X] DailyBgJobService | lst job started
2025-12-09 12:18:35.814  SVCAgent : [hA-X] Util | isMyServiceRunning - Service does not exist
2025-12-09 12:18:35.825  SVCAgent : [hA-X] Util | launchService.
2025-12-09 12:18:35.854  SVCAgent : [hA-X] Util | SDK Version 33.
2025-12-09 12:18:35.856  SVCAgent : [hA-X] Util | SDK Version 33.
2025-12-09 12:18:35.909  SVCAgent : [hA-X] MainService | onStartCommand - Service is now on
2025-12-09 12:18:36.394  SVCAgent : [hA-X] MainService | onReceive - com.samsung.android.service.svcagent.intent_action_last_command
2025-12-09 12:18:36.396  SVCAgent : [hA-X] EFSController | loadEFS - start to load efs
2025-12-09 12:18:36.412  SVCAgent : [hA-X] Util | readLineFromFile - Input file size : 690 bytes
2025-12-09 12:18:36.413  SVCAgent : [hA-X] Util | readLineFromFile - loaded list size : 1
2025-12-09 12:18:36.414  SVCAgent : [hA-X] EFSController | loadEFS - EFS file loading - 
2025-12-09 12:18:36.417  SVCAgent : [hA-X] EFSController | getVersionType : type 2
2025-12-09 12:18:36.423  SVCAgent : [hA-X] EFSController | loadEFS - success to load efs
2025-12-09 12:18:36.424  SVCAgent : [hA-X] EFSController | loadEFS - efs size :  1
2025-12-09 12:18:36.427  SVCAgent : [hA-X] EFSController | loadEFS - start to load efs
2025-12-09 12:18:36.429  SVCAgent : [hA-X] Util | readLineFromFile - Input file size : 690 bytes
2025-12-09 12:18:36.430  SVCAgent : [hA-X] Util | readLineFromFile - loaded list size : 1
2025-12-09 12:18:36.434  SVCAgent : [hA-X] EFSController | loadEFS - EFS file loading - 
2025-12-09 12:18:36.439  SVCAgent : [hA-X] EFSController | getVersionType : type 2
2025-12-09 12:18:36.466  SVCAgent : [hA-X] EFSController | loadEFS - success to load efs
2025-12-09 12:18:36.481  SVCAgent : [hA-X] EFSController | loadEFS - efs size :  1
2025-12-09 12:18:36.483  SVCAgent : [hA-X] SystemInformation | setType - LST
2025-12-09 12:18:36.485  SVCAgent : [hA-X] MainService | onReceive - LST, DST, CST request complete. Now service will send system information to server.
2025-12-10 10:13:48.684  SVCAgent : [dF-P] DailyBgJobService | Job started
2025-12-10 10:13:48.687  SVCAgent : [dF-P] DailyBgJobService | Daily Transfer Again check
2025-12-10 10:13:48.689  SVCAgent : [dF-P] Util | readLineFromFile - Input file size : 690 bytes
2025-12-10 10:13:48.692  SVCAgent : [dF-P] Util | readLineFromFile - loaded list size : 1
2025-12-10 10:13:48.693  SVCAgent : [dF-P] EFSController | getTransferAgainFlag - getTransferAgainFlag - Flag: 0
2025-12-10 10:13:48.698  SVCAgent : [dF-P] DailyBgJobService | ct : 1765358028694
2025-12-10 10:13:48.699  SVCAgent : [dF-P] DailyBgJobService | lt : 10606792180
2025-12-10 10:13:48.701  SVCAgent : [dF-P] DailyBgJobService | lst job started
2025-12-10 10:13:48.707  SVCAgent : [dF-P] Util | isMyServiceRunning - Service does not exist
2025-12-10 10:13:48.714  SVCAgent : [dF-P] Util | launchService.
2025-12-10 10:13:48.721  SVCAgent : [dF-P] Util | SDK Version 33.
2025-12-10 10:13:48.723  SVCAgent : [dF-P] Util | SDK Version 33.
2025-12-10 10:13:48.735  SVCAgent : [dF-P] MainService | onStartCommand - Service is now on
2025-12-10 10:13:49.247  SVCAgent : [dF-P] MainService | onReceive - com.samsung.android.service.svcagent.intent_action_last_command
2025-12-10 10:13:49.249  SVCAgent : [dF-P] EFSController | loadEFS - start to load efs
2025-12-10 10:13:49.263  SVCAgent : [dF-P] Util | readLineFromFile - Input file size : 690 bytes
2025-12-10 10:13:49.264  SVCAgent : [dF-P] Util | readLineFromFile - loaded list size : 1
2025-12-10 10:13:49.265  SVCAgent : [dF-P] EFSController | loadEFS - EFS file loading - 
2025-12-10 10:13:49.266  SVCAgent : [dF-P] EFSController | getVersionType : type 2
2025-12-10 10:13:49.268  SVCAgent : [dF-P] EFSController | loadEFS - success to load efs
2025-12-10 10:13:49.269  SVCAgent : [dF-P] EFSController | loadEFS - efs size :  1
2025-12-10 10:13:49.271  SVCAgent : [dF-P] EFSController | loadEFS - start to load efs
2025-12-10 10:13:49.273  SVCAgent : [dF-P] Util | readLineFromFile - Input file size : 690 bytes
2025-12-10 10:13:49.275  SVCAgent : [dF-P] Util | readLineFromFile - loaded list size : 1
2025-12-10 10:13:49.276  SVCAgent : [dF-P] EFSController | loadEFS - EFS file loading - 
2025-12-10 10:13:49.277  SVCAgent : [dF-P] EFSController | getVersionType : type 2
2025-12-10 10:13:49.279  SVCAgent : [dF-P] EFSController | loadEFS - success to load efs
2025-12-10 10:13:49.280  SVCAgent : [dF-P] EFSController | loadEFS - efs size :  1
2025-12-10 10:13:49.281  SVCAgent : [dF-P] SystemInformation | setType - LST
2025-12-10 10:13:49.283  SVCAgent : [dF-P] MainService | onReceive - LST, DST, CST request complete. Now service will send system information to server.
2025-12-11 09:41:03.532  SVCAgent : [hg-X] DailyBgJobService | Job started
2025-12-11 09:41:03.560  SVCAgent : [hg-X] DailyBgJobService | Daily Transfer Again check
2025-12-11 09:41:03.589  SVCAgent : [hg-X] Util | readLineFromFile - Input file size : 690 bytes
2025-12-11 09:41:03.609  SVCAgent : [hg-X] Util | readLineFromFile - loaded list size : 1
2025-12-11 09:41:03.611  SVCAgent : [hg-X] EFSController | getTransferAgainFlag - getTransferAgainFlag - Flag: 0
2025-12-11 09:41:03.653  SVCAgent : [hg-X] DailyBgJobService | ct : 1765442463612
2025-12-11 09:41:03.654  SVCAgent : [hg-X] DailyBgJobService | lt : 10691227098
2025-12-11 09:41:03.656  SVCAgent : [hg-X] DailyBgJobService | lst job started
2025-12-11 09:41:03.668  SVCAgent : [hg-X] Util | isMyServiceRunning - Service does not exist
2025-12-11 09:41:03.712  SVCAgent : [hg-X] Util | launchService.
2025-12-11 09:41:03.734  SVCAgent : [hg-X] Util | SDK Version 33.
2025-12-11 09:41:03.738  SVCAgent : [hg-X] Util | SDK Version 33.
2025-12-11 09:41:03.764  SVCAgent : [hg-X] MainService | onStartCommand - Service is now on
2025-12-11 09:41:04.238  SVCAgent : [hg-X] MainService | onReceive - com.samsung.android.service.svcagent.intent_action_last_command
2025-12-11 09:41:04.239  SVCAgent : [hg-X] EFSController | loadEFS - start to load efs
2025-12-11 09:41:04.244  SVCAgent : [hg-X] Util | readLineFromFile - Input file size : 690 bytes
2025-12-11 09:41:04.245  SVCAgent : [hg-X] Util | readLineFromFile - loaded list size : 1
2025-12-11 09:41:04.246  SVCAgent : [hg-X] EFSController | loadEFS - EFS file loading - 
2025-12-11 09:41:04.247  SVCAgent : [hg-X] EFSController | getVersionType : type 2
2025-12-11 09:41:04.248  SVCAgent : [hg-X] EFSController | loadEFS - success to load efs
2025-12-11 09:41:04.250  SVCAgent : [hg-X] EFSController | loadEFS - efs size :  1
2025-12-11 09:41:04.252  SVCAgent : [hg-X] EFSController | loadEFS - start to load efs
2025-12-11 09:41:04.253  SVCAgent : [hg-X] Util | readLineFromFile - Input file size : 690 bytes
2025-12-11 09:41:04.254  SVCAgent : [hg-X] Util | readLineFromFile - loaded list size : 1
2025-12-11 09:41:04.255  SVCAgent : [hg-X] EFSController | loadEFS - EFS file loading - 
2025-12-11 09:41:04.255  SVCAgent : [hg-X] EFSController | getVersionType : type 2
2025-12-11 09:41:04.257  SVCAgent : [hg-X] EFSController | loadEFS - success to load efs
2025-12-11 09:41:04.263  SVCAgent : [hg-X] EFSController | loadEFS - efs size :  1
2025-12-11 09:41:04.265  SVCAgent : [hg-X] SystemInformation | setType - LST
2025-12-11 09:41:04.267  SVCAgent : [hg-X] MainService | onReceive - LST, DST, CST request complete. Now service will send system information to server.
2025-12-12 21:14:15.381  SVCAgent : [CK-U] DailyBgJobService | Job started
2025-12-12 21:14:15.387  SVCAgent : [CK-U] DailyBgJobService | Daily Transfer Again check
2025-12-12 21:14:15.418  SVCAgent : [CK-U] Util | readLineFromFile - Input file size : 690 bytes
2025-12-12 21:14:15.424  SVCAgent : [CK-U] Util | readLineFromFile - loaded list size : 1
2025-12-12 21:14:15.425  SVCAgent : [CK-U] EFSController | getTransferAgainFlag - getTransferAgainFlag - Flag: 0
2025-12-12 21:14:15.432  SVCAgent : [CK-U] DailyBgJobService | ct : 1765570455426
2025-12-12 21:14:15.433  SVCAgent : [CK-U] DailyBgJobService | lt : 10819218912
2025-12-12 21:14:15.435  SVCAgent : [CK-U] DailyBgJobService | lst job started
2025-12-12 21:14:15.439  SVCAgent : [CK-U] Util | isMyServiceRunning - Service does not exist
2025-12-12 21:14:15.446  SVCAgent : [CK-U] Util | launchService.
2025-12-12 21:14:15.455  SVCAgent : [CK-U] Util | SDK Version 33.
2025-12-12 21:14:15.456  SVCAgent : [CK-U] Util | SDK Version 33.
2025-12-12 21:14:15.466  SVCAgent : [CK-U] MainService | onStartCommand - Service is now on
2025-12-12 21:14:15.975  SVCAgent : [CK-U] MainService | onReceive - com.samsung.android.service.svcagent.intent_action_last_command
2025-12-12 21:14:15.977  SVCAgent : [CK-U] EFSController | loadEFS - start to load efs
2025-12-12 21:14:15.993  SVCAgent : [CK-U] Util | readLineFromFile - Input file size : 690 bytes
2025-12-12 21:14:15.994  SVCAgent : [CK-U] Util | readLineFromFile - loaded list size : 1
2025-12-12 21:14:15.998  SVCAgent : [CK-U] EFSController | loadEFS - EFS file loading - 
2025-12-12 21:14:16.000  SVCAgent : [CK-U] EFSController | getVersionType : type 2
2025-12-12 21:14:16.001  SVCAgent : [CK-U] EFSController | loadEFS - success to load efs
2025-12-12 21:14:16.002  SVCAgent : [CK-U] EFSController | loadEFS - efs size :  1
2025-12-12 21:14:16.025  SVCAgent : [CK-U] EFSController | loadEFS - start to load efs
2025-12-12 21:14:16.028  SVCAgent : [CK-U] Util | readLineFromFile - Input file size : 690 bytes
2025-12-12 21:14:16.029  SVCAgent : [CK-U] Util | readLineFromFile - loaded list size : 1
2025-12-12 21:14:16.030  SVCAgent : [CK-U] EFSController | loadEFS - EFS file loading - 
2025-12-12 21:14:16.031  SVCAgent : [CK-U] EFSController | getVersionType : type 2
2025-12-12 21:14:16.033  SVCAgent : [CK-U] EFSController | loadEFS - success to load efs
2025-12-12 21:14:16.034  SVCAgent : [CK-U] EFSController | loadEFS - efs size :  1
2025-12-12 21:14:16.036  SVCAgent : [CK-U] SystemInformation | setType - LST
2025-12-12 21:14:16.041  SVCAgent : [CK-U] MainService | onReceive - LST, DST, CST request complete. Now service will send system information to server.
2025-12-12 21:27:25.785  SVCAgent : [tu-Y] BootReceiver | onReceive - Setup Wizard finish signal is delivered.
2025-12-12 21:27:25.787  SVCAgent : [tu-Y] BootReceiver | onReceive - send MESSAGE_LAUNCH_SERVICE
2025-12-12 21:27:25.824  SVCAgent : [tu-Y] Util | isMyServiceRunning - Service does not exist
2025-12-12 21:27:25.829  SVCAgent : [tu-Y] Util | launchService.
2025-12-12 21:27:25.832  SVCAgent : [tu-Y] Util | isMyServiceRunning - Service does not exist
2025-12-12 21:27:25.832  SVCAgent : [tu-Y] BootReceiver | handleMessage - send MESSAGE_LAUNCH_SERVICE
2025-12-12 21:27:25.833  SVCAgent : [tu-Y] BootReceiver | ReceiverHandler sent message.{ when=-46ms what=1 target=com.samsung.android.service.svcagent.BootReceiver$a }
2025-12-12 21:27:25.839  SVCAgent : [tu-Y] Util | SDK Version 33.
2025-12-12 21:27:25.842  SVCAgent : [tu-Y] Util | SDK Version 33.
2025-12-12 21:27:25.845  SVCAgent : [tu-Y] MainService | onStartCommand - Service is now on
2025-12-12 21:27:25.846  SVCAgent : [tu-Y] DailyBgJobService | Job started
2025-12-12 21:27:25.847  SVCAgent : [tu-Y] DailyBgJobService | Daily Transfer Again check
2025-12-12 21:27:25.848  SVCAgent : [tu-Y] Util | readLineFromFile - Input file size : 690 bytes
2025-12-12 21:27:25.850  SVCAgent : [tu-Y] Util | readLineFromFile - loaded list size : 1
2025-12-12 21:27:25.850  SVCAgent : [tu-Y] EFSController | getTransferAgainFlag - getTransferAgainFlag - Flag: 0
2025-12-12 21:27:25.875  SVCAgent : [tu-Y] DailyBgJobService | ct : 1765571245851
2025-12-12 21:27:25.876  SVCAgent : [tu-Y] DailyBgJobService | lt : 10820009337
2025-12-12 21:27:25.877  SVCAgent : [tu-Y] DailyBgJobService | lst job started
2025-12-12 21:27:25.883  SVCAgent : [tu-Y] Util | isMyServiceRunning - Service is running
2025-12-12 21:27:25.885  SVCAgent : [tu-Y] Util | launchService
2025-12-12 21:27:26.395  SVCAgent : [tu-Y] MainService | onReceive - com.samsung.android.service.svcagent.intent_action_last_command
2025-12-12 21:27:26.397  SVCAgent : [tu-Y] EFSController | loadEFS - start to load efs
2025-12-12 21:27:26.400  SVCAgent : [tu-Y] Util | readLineFromFile - Input file size : 690 bytes
2025-12-12 21:27:26.401  SVCAgent : [tu-Y] Util | readLineFromFile - loaded list size : 1
2025-12-12 21:27:26.410  SVCAgent : [tu-Y] EFSController | loadEFS - EFS file loading - 
2025-12-12 21:27:26.411  SVCAgent : [tu-Y] EFSController | getVersionType : type 2
2025-12-12 21:27:26.412  SVCAgent : [tu-Y] EFSController | loadEFS - success to load efs
2025-12-12 21:27:26.413  SVCAgent : [tu-Y] EFSController | loadEFS - efs size :  1
2025-12-12 21:27:26.414  SVCAgent : [tu-Y] EFSController | loadEFS - start to load efs
2025-12-12 21:27:26.415  SVCAgent : [tu-Y] Util | readLineFromFile - Input file size : 690 bytes
2025-12-12 21:27:26.416  SVCAgent : [tu-Y] Util | readLineFromFile - loaded list size : 1
2025-12-12 21:27:26.417  SVCAgent : [tu-Y] EFSController | loadEFS - EFS file loading - 
2025-12-12 21:27:26.417  SVCAgent : [tu-Y] EFSController | getVersionType : type 2
2025-12-12 21:27:26.419  SVCAgent : [tu-Y] EFSController | loadEFS - success to load efs
2025-12-12 21:27:26.420  SVCAgent : [tu-Y] EFSController | loadEFS - efs size :  1
2025-12-12 21:27:26.421  SVCAgent : [tu-Y] SystemInformation | setType - LST
2025-12-12 21:27:26.422  SVCAgent : [tu-Y] MainService | onReceive - LST, DST, CST request complete. Now service will send system information to server.
2025-12-12 21:27:26.635  SVCAgent : [tu-Y] Util | isMyServiceRunning - Service is running
2025-12-12 21:27:26.636  SVCAgent : [tu-Y] Util | launchService
2025-12-12 21:27:26.639  SVCAgent : [tu-Y] Util | isMyServiceRunning - Service is running
2025-12-12 21:27:26.648  SVCAgent : [tu-Y] BootReceiver | handleMessage - remove MESSAGE_LAUNCH_SERVICE
2025-12-12 21:27:26.649  SVCAgent : [tu-Y] BootReceiver | ReceiverHandler sent message.{ when=-17ms what=1 target=com.samsung.android.service.svcagent.BootReceiver$a }
2025-12-12 21:27:26.651  SVCAgent : [tu-Y] MainService | onReceive - com.samsung.android.service.svcagent.intent_action_start_service
2025-12-12 21:27:26.657  SVCAgent : [tu-Y] MainService | onReceive - Start service.
2025-12-12 21:27:26.662  SVCAgent : [tu-Y] EFSController | loadEFS - start to load efs
2025-12-12 21:27:26.664  SVCAgent : [tu-Y] Util | readLineFromFile - Input file size : 690 bytes
2025-12-12 21:27:26.665  SVCAgent : [tu-Y] Util | readLineFromFile - loaded list size : 1
2025-12-12 21:27:26.666  SVCAgent : [tu-Y] EFSController | loadEFS - EFS file loading - 
2025-12-12 21:27:26.668  SVCAgent : [tu-Y] EFSController | getVersionType : type 2
2025-12-12 21:27:26.670  SVCAgent : [tu-Y] EFSController | loadEFS - success to load efs
2025-12-12 21:27:26.671  SVCAgent : [tu-Y] EFSController | loadEFS - efs size :  1
2025-12-12 21:27:26.672  SVCAgent : [tu-Y] SystemInformationBuilder | retrieveSystemInformation - Start ------------------------------------------------------------------------------------
2025-12-12 21:27:27.181  SVCAgent : [tu-Y] SystemInformationBuilder | getUniqueNumber - Obtaining Unique Number from UFS
2025-12-12 21:27:27.185  SVCAgent : [tu-Y] SystemInformationBuilder | getModelName - Model Name: SM-A426U1
2025-12-12 21:27:27.187  SVCAgent : [tu-Y] SystemInformationBuilder | getCustomerCode - Sales Code from property - XAA
2025-12-12 21:27:27.187  SVCAgent : [tu-Y] SystemInformationBuilder | A426U1UEU9EXF3/A426U1OYM9EXF3/A426U1UEU9EXF3
2025-12-12 21:27:27.189  SVCAgent : [tu-Y] SystemInformationBuilder | 7.0.00.12
2025-12-12 21:27:27.190  SVCAgent : [tu-Y] FlashLockVerifier | start check
2025-12-12 21:27:27.191  SVCAgent : [tu-Y] FlashLockVerifier | Result : 1
2025-12-12 21:27:27.192  SVCAgent : [tu-Y] SVCAgent - SysFsReader | retrieveSYSFS - Start searching HWs--------------------------------------------------------------
2025-12-12 21:27:27.207  SVCAgent : [tu-Y] SVCAgent - SysFsReader | getNodeID - Node - SVC_rear_module3 has no ID, so it will be ignored
2025-12-12 21:27:27.208  SVCAgent : [tu-Y] SVCAgent - SysFsReader | getNodeID - Node - SVC_rear_module4 has no ID, so it will be ignored
2025-12-12 21:27:27.209  SVCAgent : [tu-Y] SVCAgent - SysFsReader | retrieveSYSFS - No HW node exist in directory : /sys/devices/svc/Camera
2025-12-12 21:27:27.217  SVCAgent : [tu-Y] SVCAgent - SysFsReader | getNodeID - Node - SVC_OCTA2 has no ID, so it will be ignored
2025-12-12 21:27:27.219  SVCAgent : [tu-Y] SVCAgent - SysFsReader | getNodeID - Node - SVC_OCTA2_CHIPID has no ID, so it will be ignored
2025-12-12 21:27:27.220  SVCAgent : [tu-Y] SVCAgent - SysFsReader | getNodeID - Node - SVC_OCTA2_DDI_CHIPID has no ID, so it will be ignored
2025-12-12 21:27:27.221  SVCAgent : [tu-Y] SVCAgent - SysFsReader | retrieveSYSFS - No HW node exist in directory : /sys/devices/svc/OCTA
2025-12-12 21:27:27.222  SVCAgent : [tu-Y] SVCAgent - SysFsReader | retrieveSYSFS - 8 HWs are found
2025-12-12 21:27:27.223  SVCAgent : [tu-Y] SVCAgent - SysFsReader | retrieveSYSFS - End -----------------------------------------------------------------------------
2025-12-12 21:27:27.224  SVCAgent : [tu-Y] SystemInformationBuilder | retrieveSystemInformation - End --------------------------------------------------------------------------------------
2025-12-12 21:27:27.225  SVCAgent : [tu-Y] MainService | null
2025-12-12 21:27:27.227  SVCAgent : [tu-Y] MainService | diffComponents - Current HW ID : SVC_AP is not changed
2025-12-12 21:27:27.228  SVCAgent : [tu-Y] MainService | diffComponents - Current HW ID : PBA_2D is not changed
2025-12-12 21:27:27.229  SVCAgent : [tu-Y] MainService | diffComponents - Current HW ID : SVC_front_module is not changed
2025-12-12 21:27:27.230  SVCAgent : [tu-Y] MainService | diffComponents - Current HW ID : SVC_rear_module is not changed
2025-12-12 21:27:27.231  SVCAgent : [tu-Y] MainService | diffComponents - Current HW ID : SVC_rear_module2 is not changed
2025-12-12 21:27:27.232  SVCAgent : [tu-Y] MainService | diffComponents - Current HW ID : SVC_OCTA is not changed
2025-12-12 21:27:27.233  SVCAgent : [tu-Y] MainService | diffComponents - Current HW ID : SVC_OCTA_CHIPID is not changed
2025-12-12 21:27:27.235  SVCAgent : [tu-Y] MainService | diffComponents - Current HW ID : SVC_OCTA_DDI_CHIPID is not changed
2025-12-12 21:27:27.236  SVCAgent : [tu-Y] MainService | diffComponents - Current HW ID : changeList skip
2025-12-12 21:27:27.237  SVCAgent : [tu-Y] MainService | diffComponents - Current HW ID : repairList skip
2025-12-12 21:27:27.238  SVCAgent : [tu-Y] MainService | diffComponents - Current HW ID : prefix skip
2025-12-12 21:27:27.239  SVCAgent : [tu-Y] MainService | diffDevices - cannot find any HW changes
2025-12-12 21:27:27.240  SVCAgent : [tu-Y] MainService | decideServiceType - Current service type : 
2025-12-12 21:27:27.240  SVCAgent : [tu-Y] SystemInformation | setType - 
2025-12-12 21:27:27.241  SVCAgent : [tu-Y] SystemInformation | setChangeList - 
2025-12-12 21:27:27.242  SVCAgent : [tu-Y] SystemInformation | getString - type key has no value!!!
2025-12-12 21:27:27.243  SVCAgent : [tu-Y] MainService | postToServer - Current System Information has no service type value. Perhaps there isn't any HW changes.
2025-12-12 21:27:27.244  SVCAgent : [tu-Y] MainService | handleMessage - No more transmission exists. Close Service.
2025-12-12 21:27:27.260  SVCAgent : [tu-Y] EFSController | cleanEFS - Clean already transmitted data in EFS
2025-12-12 21:27:27.261  SVCAgent : [tu-Y] EFSController | loadEFS - start to load efs
2025-12-12 21:27:27.262  SVCAgent : [tu-Y] Util | readLineFromFile - Input file size : 690 bytes
2025-12-12 21:27:27.263  SVCAgent : [tu-Y] Util | readLineFromFile - loaded list size : 1
2025-12-12 21:27:27.264  SVCAgent : [tu-Y] EFSController | loadEFS - EFS file loading - 
2025-12-12 21:27:27.264  SVCAgent : [tu-Y] EFSController | getVersionType : type 2
2025-12-12 21:27:27.265  SVCAgent : [tu-Y] EFSController | loadEFS - success to load efs
2025-12-12 21:27:27.265  SVCAgent : [tu-Y] EFSController | loadEFS - efs size :  1
2025-12-12 21:27:27.266  SVCAgent : [tu-Y] EFSController | cleanEFS - (1 -> 1) data are cleared.
2025-12-12 21:27:27.269  SVCAgent : [tu-Y] EFSController | EFSController - Delete EFS path
2025-12-12 21:27:27.277  SVCAgent : [tu-Y] Util | writing result - 690 bytes at Fri Dec 12 21:27:27 GMT+01:00 2025
2025-12-12 21:27:27.279  SVCAgent : [tu-Y] EFSController | makeEFS - Making file is success.
2025-12-12 21:27:27.280  SVCAgent : [tu-Y] EFSController | loadEFS - start to load efs
2025-12-12 21:27:27.281  SVCAgent : [tu-Y] Util | readLineFromFile - Input file size : 690 bytes
2025-12-12 21:27:27.282  SVCAgent : [tu-Y] Util | readLineFromFile - loaded list size : 1
2025-12-12 21:27:27.283  SVCAgent : [tu-Y] EFSController | loadEFS - EFS file loading - 
2025-12-12 21:27:27.283  SVCAgent : [tu-Y] EFSController | getVersionType : type 2
2025-12-12 21:27:27.284  SVCAgent : [tu-Y] EFSController | loadEFS - success to load efs
2025-12-12 21:27:27.285  SVCAgent : [tu-Y] EFSController | loadEFS - efs size :  1
2025-12-12 21:27:27.287  SVCAgent : [tu-Y] EFSController | EFSController - Delete EFS path
2025-12-12 21:27:27.331  SVCAgent : [tu-Y] Util | writing result - 690 bytes at Fri Dec 12 21:27:27 GMT+01:00 2025
2025-12-12 21:27:27.332  SVCAgent : [tu-Y] EFSController | makeEFSBackUp - Making backup file is success.
2025-12-12 21:27:27.350  SVCAgent : [tu-Y] ConnectionJobService | scheduleJobService - JobService scheduling is success
2025-12-12 21:27:27.352  SVCAgent : [tu-Y] MainService | onDestroy - Service is closed
2025-12-12 21:27:28.491  SVCAgent : [tu-Y] ConnectionJobService | onStartJob - 
2025-12-12 21:27:28.535  SVCAgent : [tu-Y] ConnectionJobService | StartServiceAsyncTask - Run AsyncTask.
2025-12-12 21:27:28.571  SVCAgent : [tu-Y] Util | readLineFromFile - Input file size : 690 bytes
2025-12-12 21:27:28.572  SVCAgent : [tu-Y] Util | readLineFromFile - loaded list size : 1
2025-12-12 21:27:28.573  SVCAgent : [tu-Y] EFSController | getTransferAgainFlag - getTransferAgainFlag - Flag: 0
2025-12-12 21:27:28.624  SVCAgent : [tu-Y] ConnectionJobService | StartServiceAsyncTask - Ignore network change. There is no un-delivered data
2025-12-17 17:29:38.719  SVCAgent : [GO-E] BootReceiver | onReceive - Setup Wizard finish signal is delivered.
2025-12-17 17:29:38.726  SVCAgent : [GO-E] BootReceiver | onReceive - send MESSAGE_LAUNCH_SERVICE
2025-12-17 17:29:38.764  SVCAgent : [GO-E] Util | isMyServiceRunning - Service does not exist
2025-12-17 17:29:38.772  SVCAgent : [GO-E] Util | launchService.
2025-12-17 17:29:38.775  SVCAgent : [GO-E] Util | isMyServiceRunning - Service does not exist
2025-12-17 17:29:38.776  SVCAgent : [GO-E] BootReceiver | handleMessage - send MESSAGE_LAUNCH_SERVICE
2025-12-17 17:29:38.776  SVCAgent : [GO-E] BootReceiver | ReceiverHandler sent message.{ when=-50ms what=1 target=com.samsung.android.service.svcagent.BootReceiver$a }
2025-12-17 17:29:38.784  SVCAgent : [GO-E] Util | SDK Version 33.
2025-12-17 17:29:38.786  SVCAgent : [GO-E] Util | SDK Version 33.
2025-12-17 17:29:38.791  SVCAgent : [GO-E] MainService | onStartCommand - Service is now on
2025-12-17 17:29:39.579  SVCAgent : [GO-E] Util | isMyServiceRunning - Service is running
2025-12-17 17:29:39.580  SVCAgent : [GO-E] Util | launchService
2025-12-17 17:29:39.597  SVCAgent : [GO-E] Util | isMyServiceRunning - Service is running
2025-12-17 17:29:39.608  SVCAgent : [GO-E] BootReceiver | handleMessage - remove MESSAGE_LAUNCH_SERVICE
2025-12-17 17:29:39.609  SVCAgent : [GO-E] BootReceiver | ReceiverHandler sent message.{ when=-33ms what=1 target=com.samsung.android.service.svcagent.BootReceiver$a }
2025-12-17 17:29:39.611  SVCAgent : [GO-E] MainService | onReceive - com.samsung.android.service.svcagent.intent_action_start_service
2025-12-17 17:29:39.612  SVCAgent : [GO-E] MainService | onReceive - Start service.
2025-12-17 17:29:39.613  SVCAgent : [GO-E] EFSController | loadEFS - start to load efs
2025-12-17 17:29:39.622  SVCAgent : [GO-E] Util | readLineFromFile - Input file size : 690 bytes
2025-12-17 17:29:39.637  SVCAgent : [GO-E] Util | readLineFromFile - loaded list size : 1
2025-12-17 17:29:39.639  SVCAgent : [GO-E] EFSController | loadEFS - EFS file loading - 
2025-12-17 17:29:39.643  SVCAgent : [GO-E] EFSController | getVersionType : type 2
2025-12-17 17:29:39.645  SVCAgent : [GO-E] EFSController | loadEFS - success to load efs
2025-12-17 17:29:39.646  SVCAgent : [GO-E] EFSController | loadEFS - efs size :  1
2025-12-17 17:29:39.648  SVCAgent : [GO-E] SystemInformationBuilder | retrieveSystemInformation - Start ------------------------------------------------------------------------------------
2025-12-17 17:29:40.159  SVCAgent : [GO-E] SystemInformationBuilder | getUniqueNumber - Obtaining Unique Number from UFS
2025-12-17 17:29:40.171  SVCAgent : [GO-E] SystemInformationBuilder | getModelName - Model Name: SM-A426U1
2025-12-17 17:29:40.173  SVCAgent : [GO-E] SystemInformationBuilder | getCustomerCode - Sales Code from property - XAA
2025-12-17 17:29:40.174  SVCAgent : [GO-E] SystemInformationBuilder | A426U1UEU9EXF3/A426U1OYM9EXF3/A426U1UEU9EXF3
2025-12-17 17:29:40.176  SVCAgent : [GO-E] SystemInformationBuilder | 7.0.00.12
2025-12-17 17:29:40.177  SVCAgent : [GO-E] FlashLockVerifier | start check
2025-12-17 17:29:40.178  SVCAgent : [GO-E] FlashLockVerifier | Result : 1
2025-12-17 17:29:40.181  SVCAgent : [GO-E] SVCAgent - SysFsReader | retrieveSYSFS - Start searching HWs--------------------------------------------------------------
2025-12-17 17:29:40.199  SVCAgent : [GO-E] SVCAgent - SysFsReader | getNodeID - Node - SVC_rear_module3 has no ID, so it will be ignored
2025-12-17 17:29:40.202  SVCAgent : [GO-E] SVCAgent - SysFsReader | getNodeID - Node - SVC_rear_module4 has no ID, so it will be ignored
2025-12-17 17:29:40.207  SVCAgent : [GO-E] SVCAgent - SysFsReader | retrieveSYSFS - No HW node exist in directory : /sys/devices/svc/Camera
2025-12-17 17:29:40.225  SVCAgent : [GO-E] SVCAgent - SysFsReader | getNodeID - Node - SVC_OCTA2 has no ID, so it will be ignored
2025-12-17 17:29:40.228  SVCAgent : [GO-E] SVCAgent - SysFsReader | getNodeID - Node - SVC_OCTA2_CHIPID has no ID, so it will be ignored
2025-12-17 17:29:40.230  SVCAgent : [GO-E] SVCAgent - SysFsReader | getNodeID - Node - SVC_OCTA2_DDI_CHIPID has no ID, so it will be ignored
2025-12-17 17:29:40.232  SVCAgent : [GO-E] SVCAgent - SysFsReader | retrieveSYSFS - No HW node exist in directory : /sys/devices/svc/OCTA
2025-12-17 17:29:40.235  SVCAgent : [GO-E] SVCAgent - SysFsReader | retrieveSYSFS - 8 HWs are found
2025-12-17 17:29:40.238  SVCAgent : [GO-E] SVCAgent - SysFsReader | retrieveSYSFS - End -----------------------------------------------------------------------------
2025-12-17 17:29:40.243  SVCAgent : [GO-E] SystemInformationBuilder | retrieveSystemInformation - End --------------------------------------------------------------------------------------
2025-12-17 17:29:40.245  SVCAgent : [GO-E] MainService | null
2025-12-17 17:29:40.247  SVCAgent : [GO-E] MainService | diffComponents - Current HW ID : SVC_AP is not changed
2025-12-17 17:29:40.251  SVCAgent : [GO-E] MainService | diffComponents - Current HW ID : PBA_2D is not changed
2025-12-17 17:29:40.255  SVCAgent : [GO-E] MainService | diffComponents - Current HW ID : SVC_front_module is not changed
2025-12-17 17:29:40.259  SVCAgent : [GO-E] MainService | diffComponents - Current HW ID : SVC_rear_module is not changed
2025-12-17 17:29:40.262  SVCAgent : [GO-E] MainService | diffComponents - Current HW ID : SVC_rear_module2 is not changed
2025-12-17 17:29:40.266  SVCAgent : [GO-E] MainService | diffComponents - Current HW ID : SVC_OCTA is not changed
2025-12-17 17:29:40.270  SVCAgent : [GO-E] MainService | diffComponents - Current HW ID : SVC_OCTA_CHIPID is not changed
2025-12-17 17:29:40.275  SVCAgent : [GO-E] MainService | diffComponents - Current HW ID : SVC_OCTA_DDI_CHIPID is not changed
2025-12-17 17:29:40.280  SVCAgent : [GO-E] MainService | diffComponents - Current HW ID : changeList skip
2025-12-17 17:29:40.285  SVCAgent : [GO-E] MainService | diffComponents - Current HW ID : repairList skip
2025-12-17 17:29:40.288  SVCAgent : [GO-E] MainService | diffComponents - Current HW ID : prefix skip
2025-12-17 17:29:40.292  SVCAgent : [GO-E] MainService | diffDevices - cannot find any HW changes
2025-12-17 17:29:40.296  SVCAgent : [GO-E] MainService | decideServiceType - Current service type : 
2025-12-17 17:29:40.297  SVCAgent : [GO-E] SystemInformation | setType - 
2025-12-17 17:29:40.298  SVCAgent : [GO-E] SystemInformation | setChangeList - 
2025-12-17 17:29:40.299  SVCAgent : [GO-E] SystemInformation | getString - type key has no value!!!
2025-12-17 17:29:40.300  SVCAgent : [GO-E] MainService | postToServer - Current System Information has no service type value. Perhaps there isn't any HW changes.
2025-12-17 17:29:40.302  SVCAgent : [GO-E] MainService | handleMessage - No more transmission exists. Close Service.
2025-12-17 17:29:40.308  SVCAgent : [GO-E] EFSController | cleanEFS - Clean already transmitted data in EFS
2025-12-17 17:29:40.310  SVCAgent : [GO-E] EFSController | loadEFS - start to load efs
2025-12-17 17:29:40.311  SVCAgent : [GO-E] Util | readLineFromFile - Input file size : 690 bytes
2025-12-17 17:29:40.312  SVCAgent : [GO-E] Util | readLineFromFile - loaded list size : 1
2025-12-17 17:29:40.312  SVCAgent : [GO-E] EFSController | loadEFS - EFS file loading - 
2025-12-17 17:29:40.313  SVCAgent : [GO-E] EFSController | getVersionType : type 2
2025-12-17 17:29:40.315  SVCAgent : [GO-E] EFSController | loadEFS - success to load efs
2025-12-17 17:29:40.315  SVCAgent : [GO-E] EFSController | loadEFS - efs size :  1
2025-12-17 17:29:40.316  SVCAgent : [GO-E] EFSController | cleanEFS - (1 -> 1) data are cleared.
2025-12-17 17:29:40.323  SVCAgent : [GO-E] EFSController | EFSController - Delete EFS path
2025-12-17 17:29:40.338  SVCAgent : [GO-E] Util | writing result - 690 bytes at Wed Dec 17 17:29:40 GMT+01:00 2025
2025-12-17 17:29:40.340  SVCAgent : [GO-E] EFSController | makeEFS - Making file is success.
2025-12-17 17:29:40.356  SVCAgent : [GO-E] EFSController | loadEFS - start to load efs
2025-12-17 17:29:40.358  SVCAgent : [GO-E] Util | readLineFromFile - Input file size : 690 bytes
2025-12-17 17:29:40.363  SVCAgent : [GO-E] Util | readLineFromFile - loaded list size : 1
2025-12-17 17:29:40.370  SVCAgent : [GO-E] EFSController | loadEFS - EFS file loading - 
2025-12-17 17:29:40.373  SVCAgent : [GO-E] EFSController | getVersionType : type 2
2025-12-17 17:29:40.375  SVCAgent : [GO-E] EFSController | loadEFS - success to load efs
2025-12-17 17:29:40.378  SVCAgent : [GO-E] EFSController | loadEFS - efs size :  1
2025-12-17 17:29:40.382  SVCAgent : [GO-E] EFSController | EFSController - Delete EFS path
2025-12-17 17:29:40.402  SVCAgent : [GO-E] Util | writing result - 690 bytes at Wed Dec 17 17:29:40 GMT+01:00 2025
2025-12-17 17:29:40.403  SVCAgent : [GO-E] EFSController | makeEFSBackUp - Making backup file is success.
2025-12-17 17:29:40.414  SVCAgent : [GO-E] ConnectionJobService | scheduleJobService - JobService scheduling is success
2025-12-17 17:29:40.416  SVCAgent : [GO-E] MainService | onDestroy - Service is closed
2025-12-17 17:39:18.245  SVCAgent : [ci-Q] DailyBgJobService | Job started
2025-12-17 17:39:18.247  SVCAgent : [ci-Q] DailyBgJobService | Daily Transfer Again check
2025-12-17 17:39:18.250  SVCAgent : [ci-Q] Util | readLineFromFile - Input file size : 690 bytes
2025-12-17 17:39:18.252  SVCAgent : [ci-Q] Util | readLineFromFile - loaded list size : 1
2025-12-17 17:39:18.253  SVCAgent : [ci-Q] EFSController | getTransferAgainFlag - getTransferAgainFlag - Flag: 0
2025-12-17 17:39:18.259  SVCAgent : [ci-Q] DailyBgJobService | ct : 1765989558254
2025-12-17 17:39:18.260  SVCAgent : [ci-Q] DailyBgJobService | lt : 11238321740
2025-12-17 17:39:18.261  SVCAgent : [ci-Q] DailyBgJobService | lst job started
2025-12-17 17:39:18.267  SVCAgent : [ci-Q] Util | isMyServiceRunning - Service does not exist
2025-12-17 17:39:18.273  SVCAgent : [ci-Q] Util | launchService.
2025-12-17 17:39:18.284  SVCAgent : [ci-Q] Util | SDK Version 33.
2025-12-17 17:39:18.286  SVCAgent : [ci-Q] Util | SDK Version 33.
2025-12-17 17:39:18.294  SVCAgent : [ci-Q] MainService | onStartCommand - Service is now on
2025-12-17 17:39:18.800  SVCAgent : [ci-Q] MainService | onReceive - com.samsung.android.service.svcagent.intent_action_last_command
2025-12-17 17:39:18.801  SVCAgent : [ci-Q] EFSController | loadEFS - start to load efs
2025-12-17 17:39:18.805  SVCAgent : [ci-Q] Util | readLineFromFile - Input file size : 690 bytes
2025-12-17 17:39:18.807  SVCAgent : [ci-Q] Util | readLineFromFile - loaded list size : 1
2025-12-17 17:39:18.808  SVCAgent : [ci-Q] EFSController | loadEFS - EFS file loading - 
2025-12-17 17:39:18.809  SVCAgent : [ci-Q] EFSController | getVersionType : type 2
2025-12-17 17:39:18.811  SVCAgent : [ci-Q] EFSController | loadEFS - success to load efs
2025-12-17 17:39:18.811  SVCAgent : [ci-Q] EFSController | loadEFS - efs size :  1
2025-12-17 17:39:18.813  SVCAgent : [ci-Q] EFSController | loadEFS - start to load efs
2025-12-17 17:39:18.814  SVCAgent : [ci-Q] Util | readLineFromFile - Input file size : 690 bytes
2025-12-17 17:39:18.815  SVCAgent : [ci-Q] Util | readLineFromFile - loaded list size : 1
2025-12-17 17:39:18.816  SVCAgent : [ci-Q] EFSController | loadEFS - EFS file loading - 
2025-12-17 17:39:18.816  SVCAgent : [ci-Q] EFSController | getVersionType : type 2
2025-12-17 17:39:18.817  SVCAgent : [ci-Q] EFSController | loadEFS - success to load efs
2025-12-17 17:39:18.817  SVCAgent : [ci-Q] EFSController | loadEFS - efs size :  1
2025-12-17 17:39:18.818  SVCAgent : [ci-Q] SystemInformation | setType - LST
2025-12-17 17:39:18.820  SVCAgent : [ci-Q] MainService | onReceive - LST, DST, CST request complete. Now service will send system information to server.
2025-12-17 17:39:35.051  SVCAgent : [ci-Q] ConnectionJobService | onStartJob - 
2025-12-17 17:39:35.123  SVCAgent : [ci-Q] ConnectionJobService | StartServiceAsyncTask - Run AsyncTask.
2025-12-17 17:39:35.216  SVCAgent : [ci-Q] Util | readLineFromFile - Input file size : 690 bytes
2025-12-17 17:39:35.295  SVCAgent : [ci-Q] Util | readLineFromFile - loaded list size : 1
2025-12-17 17:39:35.296  SVCAgent : [ci-Q] EFSController | getTransferAgainFlag - getTransferAgainFlag - Flag: 0
2025-12-17 17:39:35.426  SVCAgent : [ci-Q] ConnectionJobService | StartServiceAsyncTask - Ignore network change. There is no un-delivered data
2025-12-18 17:33:20.876  SVCAgent : [Mm-I] DailyBgJobService | Job started
2025-12-18 17:33:20.879  SVCAgent : [Mm-I] DailyBgJobService | Daily Transfer Again check
2025-12-18 17:33:20.882  SVCAgent : [Mm-I] Util | readLineFromFile - Input file size : 690 bytes
2025-12-18 17:33:20.884  SVCAgent : [Mm-I] Util | readLineFromFile - loaded list size : 1
2025-12-18 17:33:20.886  SVCAgent : [Mm-I] EFSController | getTransferAgainFlag - getTransferAgainFlag - Flag: 0
2025-12-18 17:33:20.892  SVCAgent : [Mm-I] DailyBgJobService | ct : 1766075600887
2025-12-18 17:33:20.893  SVCAgent : [Mm-I] DailyBgJobService | lt : 11324364373
2025-12-18 17:33:20.895  SVCAgent : [Mm-I] DailyBgJobService | lst job started
2025-12-18 17:33:20.900  SVCAgent : [Mm-I] Util | isMyServiceRunning - Service does not exist
2025-12-18 17:33:20.908  SVCAgent : [Mm-I] Util | launchService.
2025-12-18 17:33:20.916  SVCAgent : [Mm-I] Util | SDK Version 33.
2025-12-18 17:33:20.918  SVCAgent : [Mm-I] Util | SDK Version 33.
2025-12-18 17:33:20.928  SVCAgent : [Mm-I] MainService | onStartCommand - Service is now on
2025-12-18 17:33:21.435  SVCAgent : [Mm-I] MainService | onReceive - com.samsung.android.service.svcagent.intent_action_last_command
2025-12-18 17:33:21.436  SVCAgent : [Mm-I] EFSController | loadEFS - start to load efs
2025-12-18 17:33:21.442  SVCAgent : [Mm-I] Util | readLineFromFile - Input file size : 690 bytes
2025-12-18 17:33:21.443  SVCAgent : [Mm-I] Util | readLineFromFile - loaded list size : 1
2025-12-18 17:33:21.444  SVCAgent : [Mm-I] EFSController | loadEFS - EFS file loading - 
2025-12-18 17:33:21.445  SVCAgent : [Mm-I] EFSController | getVersionType : type 2
2025-12-18 17:33:21.448  SVCAgent : [Mm-I] EFSController | loadEFS - success to load efs
2025-12-18 17:33:21.449  SVCAgent : [Mm-I] EFSController | loadEFS - efs size :  1
2025-12-18 17:33:21.452  SVCAgent : [Mm-I] EFSController | loadEFS - start to load efs
2025-12-18 17:33:21.457  SVCAgent : [Mm-I] Util | readLineFromFile - Input file size : 690 bytes
2025-12-18 17:33:21.459  SVCAgent : [Mm-I] Util | readLineFromFile - loaded list size : 1
2025-12-18 17:33:21.460  SVCAgent : [Mm-I] EFSController | loadEFS - EFS file loading - 
2025-12-18 17:33:21.461  SVCAgent : [Mm-I] EFSController | getVersionType : type 2
2025-12-18 17:33:21.463  SVCAgent : [Mm-I] EFSController | loadEFS - success to load efs
2025-12-18 17:33:21.464  SVCAgent : [Mm-I] EFSController | loadEFS - efs size :  1
2025-12-18 17:33:21.466  SVCAgent : [Mm-I] SystemInformation | setType - LST
2025-12-18 17:33:21.468  SVCAgent : [Mm-I] MainService | onReceive - LST, DST, CST request complete. Now service will send system information to server.
