Start : 3419168910, 104344.754353sec

Sleep Statics
===== Client : 0 - MPSS =====
Time Sleep : 133212019856
Time Awake : 4331218812
Sleep : 96.851013% Awake : 3.148987%
Log available 97181 ~ 104344sec
Client : 0, Discarded : 0
Client : 0, Discarded Time : 0

Time sclk	Time sec	Status	Duration
===== Client : 0 - MPSS =====
01865876057000	97181.044635	S	1.257283
01865900196840	97182.301919	W	0.019699
01865900575060	97182.321618	S	1.260291
01865924772648	97183.581909	W	0.019577
01865925148520	97183.601485	S	1.250430
01865949156768	97184.851915	W	0.037988
01865949886136	97184.889903	S	1.252001
01865973924556	97186.141904	W	0.056857
01865975016212	97186.198761	S	1.213131
01865998308336	97187.411892	W	0.038963
01865999056420	97187.450855	S	1.251044
01866023076468	97188.701899	W	0.019698
01866023454672	97188.721597	S	1.260290
01866047652244	97189.981888	W	0.019603
01866048028628	97190.001491	S	1.260388
01866072228072	97191.261879	W	0.019658
01866072605512	97191.281537	S	1.260341
01866096804068	97192.541879	W	0.019607
01866097180516	97192.561485	S	1.260391
01866121380032	97193.821877	W	0.019701
01866121758284	97193.841577	S	1.260298
01866145956008	97195.101875	W	0.019573
01866146331812	97195.121449	S	0.744721
01866160630464	97195.866170	W	0.253333
01866165494460	97196.119503	S	0.252407
01866170340680	97196.371910	W	0.038864
01866171086864	97196.410774	S	0.726295
01866185031724	97197.137069	W	0.015740
01866185333924	97197.152809	S	0.016099
01866185643032	97197.168908	W	0.006868
01866185774900	97197.175776	S	0.486084
01866195107720	97197.661860	W	0.019708
01866195486108	97197.681568	S	1.260249
01866219682888	97198.941817	W	0.054939
01866220737716	97198.996756	S	1.215069
01866244067048	97200.211825	W	0.049025
01866245008320	97200.260850	S	1.240969
01866268834932	97201.501819	W	0.019801
01866269215120	97201.521621	S	1.260201
01866293410972	97202.781821	W	0.019639
01866293788040	97202.801460	S	1.260349
01866317986736	97204.061809	W	0.019713
01866318365232	97204.081522	S	1.260319
01866342563360	97205.341842	W	0.019691
01866342941436	97205.361533	S	1.260289
01866367138980	97206.621822	W	0.019740
01866367517996	97206.641562	S	1.260255
01866391714892	97207.901817	W	0.019701
01866392093160	97207.921519	S	1.260295
01866416290828	97209.181814	W	0.019717
01866416669388	97209.201531	S	1.260284
01866440866836	97210.461814	W	0.019619
01866441243516	97210.481433	S	1.260382
01866465442860	97211.741816	W	0.019740
01866465821876	97211.761556	S	1.260250
01866490018684	97213.021806	W	0.019643
01866490395824	97213.041449	S	1.260354
01866514594612	97214.301803	W	0.019615
01866514971224	97214.321418	S	1.260379
01866539170496	97215.581797	W	0.022609
01866539604588	97215.604406	S	1.257392
01866563746508	97216.861797	W	0.047863
01866564665484	97216.909661	S	1.222117
01866588130136	97218.131778	W	0.038930
01866588877588	97218.170708	S	1.251083
01866612898372	97219.421790	W	0.019640
01866613275464	97219.441430	S	1.260344
01866637474064	97220.701774	W	0.019551
01866637849440	97220.721325	S	1.250450
01866661858084	97221.971775	W	0.048062
01866662780872	97222.019837	S	1.241932
01866686625960	97223.261769	W	0.019714
01866687004472	97223.281483	S	1.260284
01866711201916	97224.541766	W	0.019624
01866711578700	97224.561391	S	1.260372
01866735777844	97225.821763	W	0.019648
01866736155080	97225.841410	S	1.260351
01866760353812	97227.101761	W	0.019755
01866760733116	97227.121516	S	1.260229
01866784929516	97228.381746	W	0.019664
01866785307068	97228.401410	S	1.260333
01866809505464	97229.661743	W	0.019685
01866809883412	97229.681428	S	1.260313
01866834081424	97230.941741	W	0.019629
01866834458296	97230.961370	S	1.260372
01866858657448	97232.221742	W	0.055880
01866859730344	97232.277622	S	1.214091
01866883040896	97233.491713	W	0.048970
01866883981116	97233.540683	S	1.241051
01866907809296	97234.781734	W	0.020537
01866908203612	97234.802271	S	1.259450
01866932385048	97236.061721	W	0.020657
01866932781656	97236.082378	S	1.259346
01866956961104	97237.341724	W	0.048895
01866957899880	97237.390619	S	1.221088
01866981344772	97238.611707	W	0.047947
01866982265360	97238.659654	S	1.232053
01867005920776	97239.891707	W	0.049085
01867006863200	97239.940792	S	1.240910
01867030688668	97241.181701	W	0.020522
01867031082688	97241.202223	S	1.249480
01867055072712	97242.451704	W	0.047975
01867055993832	97242.499679	S	1.232017
01867079648560	97243.731696	W	0.048997
01867080589304	97243.780693	S	1.241004
01867104416572	97245.021696	W	0.048785
01867105353240	97245.070481	S	1.221209
01867128800460	97246.291691	W	0.047930
01867129720708	97246.339620	S	1.232057
01867153376196	97247.571677	W	0.049024
01867154317464	97247.620701	S	1.240976
01867178144208	97248.861677	W	0.020536
01867178538496	97248.882213	S	1.259460
01867202720120	97250.141673	W	0.020518
01867203114060	97250.162191	S	1.249487
01867227104208	97251.411678	W	0.047917
01867228024216	97251.459595	S	1.232063
01867251679824	97252.691658	W	0.040032
01867252448440	97252.731690	S	1.249960
01867276447680	97253.981650	W	0.047847
01867277366336	97254.029497	S	1.222152
01867300831652	97255.251649	W	0.047942
01867301752148	97255.299591	S	1.232051
01867325407528	97256.531642	W	0.037983
01867326136804	97256.569625	S	1.252021
01867350175608	97257.821646	W	0.019690
01867350553656	97257.841336	S	1.250304
01867374559500	97259.091641	W	0.039003
01867375308356	97259.130644	S	1.250991
01867399327376	97260.381634	W	0.019710
01867399705808	97260.401344	S	1.260286
01867423903300	97261.661630	W	0.019613
01867424279872	97261.681243	S	1.260384
01867448479248	97262.941627	W	0.019670
01867448856920	97262.961298	S	1.260326
01867473055172	97264.221624	W	0.019656
01867473432560	97264.241279	S	1.260345
01867497631192	97265.501625	W	0.019655
01867498008564	97265.521279	S	1.260329
01867522206884	97266.781609	W	0.019589
01867522582992	97266.801197	S	1.260394
01867546782564	97268.061592	W	0.019666
01867547160160	97268.081258	S	1.260348
01867571358848	97269.341607	W	0.019672
01867571736552	97269.361279	S	1.260319
01867595934684	97270.621598	W	0.019671
01867596312372	97270.641269	S	1.260328
01867620510672	97271.901597	W	0.019664
01867620888224	97271.921262	S	1.260329
01867645086532	97273.181590	W	0.019708
01867645464928	97273.201298	S	1.260292
01867669662536	97274.461590	W	0.022598
01867670096424	97274.484189	S	1.257388
01867694238272	97275.741577	W	0.019593
01867694614452	97275.761169	S	1.260405
01867718814224	97277.021574	W	0.019638
01867719191280	97277.041213	S	1.260355
01867743390104	97278.301568	W	0.019702
01867743768380	97278.321270	S	1.260302
01867767966172	97279.581571	W	0.019661
01867768343668	97279.601233	S	1.260328
01867792541968	97280.861561	W	0.019717
01867792920544	97280.881278	S	1.260272
01867817117772	97282.141551	W	0.019662
01867817495288	97282.161213	S	1.260325
01867841693524	97283.421538	W	0.055898
01867842766772	97283.477436	S	1.214117
01867866077828	97284.691554	W	0.038952
01867866825708	97284.730506	S	1.251048
01867890845836	97285.981554	W	0.019619
01867891222520	97286.001173	S	1.250374
01867915229692	97287.251546	W	0.038012
01867915959520	97287.289558	S	1.251967
01867939997296	97288.541526	W	0.019717
01867940375864	97288.561243	S	1.260281
01867964573264	97289.821524	W	0.019646
01867964950476	97289.841171	S	1.260355
01867989149296	97291.101526	W	0.019711
01867989527744	97291.121237	S	1.250281
01868013533140	97292.371518	W	0.037968
01868014262116	97292.409485	S	1.252029
01868038301080	97293.661515	W	0.019780
01868038680848	97293.681294	S	1.260217
01868062877012	97294.941511	W	0.019724
01868063255712	97294.961235	S	1.260272
01868087452944	97296.221507	W	0.019649
01868087830204	97296.241156	S	1.260345
01868112028836	97297.501502	W	0.019602
01868112405188	97297.521104	S	1.250402
01868136412912	97298.771506	W	0.038983
01868137161392	97298.810489	S	1.251003
01868161180644	97300.061492	W	0.022609
01868161614732	97300.084101	S	1.257391
01868185756632	97301.341491	W	0.019715
01868186135168	97301.361207	S	1.260277
01868210332480	97302.621483	W	0.056851
01868211424016	97302.678334	S	1.213139
01868234716276	97303.891473	W	0.048031
01868235638468	97303.939504	S	1.231966
01868259292220	97305.171470	W	0.047942
01868260212708	97305.219412	S	1.232062
01868283868292	97306.451474	W	0.047979
01868284789480	97306.499452	S	1.232017
01868308444208	97307.731469	W	0.038887
01868309190832	97307.770356	S	1.241101
01868333019968	97309.011457	W	0.892920
01868350164040	97309.904377	S	0.387077
01868357595924	97310.291454	W	0.048059
01868358518664	97310.339514	S	1.241934
01868382363796	97311.581448	W	0.047873
01868383282956	97311.629321	S	1.222118
01868406747620	97312.851439	W	0.038991
01868407496240	97312.890429	S	1.251018
01868431515784	97314.141447	W	0.019664
01868431893324	97314.161111	S	1.260336
01868456091784	97315.421447	W	0.019596
01868456468020	97315.441043	S	1.250385
01868480475404	97316.691427	W	0.047996
01868481396932	97316.739424	S	1.242001
01868505243356	97317.981425	W	0.019600
01868505619676	97318.001025	S	1.260399
01868529819344	97319.261424	W	0.047858
01868530738216	97319.309282	S	1.222132
01868554203148	97320.531414	W	0.038920
01868554950420	97320.570334	S	1.241081
01868578779176	97321.811415	W	0.048001
01868579700796	97321.859416	S	1.231994
01868603355084	97323.091411	W	0.038971
01868604103332	97323.130382	S	1.251025
01868628123012	97324.381407	W	0.019711
01868628501472	97324.401118	S	1.260289
01868652699012	97325.661407	W	0.019632
01868653075940	97325.681039	S	1.260357
01868677274796	97326.941396	W	0.019679
01868677652640	97326.961075	S	1.260318
01868701850748	97328.221393	W	0.055795
01868702922004	97328.277188	S	1.214198
01868726234600	97329.491385	W	0.039014
01868726983672	97329.530400	S	1.240991
01868750810708	97330.771391	W	0.037882
01868751538040	97330.809273	S	1.252099
01868775578336	97332.061372	W	0.020637
01868775974568	97332.082009	S	1.249354
01868799962156	97333.331362	W	0.038974
01868800710460	97333.370336	S	1.251035
01868824730332	97334.621371	W	0.046857
01868825629992	97334.668229	S	1.223135
01868849114188	97335.891364	W	0.048000
01868850035784	97335.939364	S	1.241991
01868873882008	97337.181355	W	0.019574
01868874257820	97337.200928	S	1.250425
01868898265984	97338.451353	W	0.046947
01868899167372	97338.498301	S	1.233046
01868922841848	97339.731346	W	0.039023
01868923591092	97339.770369	S	1.250978
01868947609876	97341.021348	W	0.055811
01868948681444	97341.077159	S	1.214192
01868971993928	97342.291350	W	0.039004
01868972742796	97342.330354	S	1.240990
01868996569796	97343.571344	W	0.038916
01868997316980	97343.610259	S	1.241070
01869021145524	97344.851329	W	0.039025
01869021894808	97344.890355	S	1.250967
01869045913380	97346.141322	W	0.019686
01869046291360	97346.161008	S	1.260310
01869070489316	97347.421319	W	0.019651
01869070866620	97347.440970	S	1.260346
01869095065272	97348.701316	W	0.019634
01869095442248	97348.720950	S	1.260370
01869119641348	97349.981320	W	0.019595
01869120017572	97350.000915	S	1.250392
01869144025096	97351.251307	W	0.037963
01869144753984	97351.289270	S	1.252037
01869168793104	97352.541307	W	0.019684
01869169171044	97352.560992	S	1.260310
01869193368996	97353.821302	W	0.019636
01869193746004	97353.840938	S	1.260353
01869217944784	97355.101291	W	0.019648
01869218322028	97355.120939	S	1.260351
01869242520760	97356.381290	W	0.019614
01869242897352	97356.400904	S	1.260378
01869267096604	97357.661281	W	0.019606
01869267473040	97357.680887	S	1.250393
01869291480588	97358.931281	W	0.037858
01869292207452	97358.969138	S	1.242136
01869316056468	97360.211274	W	0.039000
01869316805272	97360.250275	S	1.240997
01869340632416	97361.491272	W	0.038983
01869341380888	97361.530255	S	1.251013
01869365400340	97362.781268	W	0.019621
01869365777068	97362.800889	S	1.260373
01869389976224	97364.061262	W	0.019634
01869390353196	97364.080896	S	1.260373
01869414552364	97365.341269	W	0.054837
01869415605236	97365.396106	S	1.215145
01869438936028	97366.611251	W	0.048001
01869439857652	97366.659253	S	1.241988
01869463703828	97367.901241	W	0.019692
01869464081916	97367.920933	S	1.260304
01869488279744	97369.181237	W	0.019654
01869488657108	97369.200891	S	1.260353
01869512855888	97370.461244	W	0.047835
01869513774312	97370.509079	S	1.222151
01869537239620	97371.731230	W	0.048019
01869538161584	97371.779249	S	1.241982
01869562007640	97373.021231	W	0.019713
01869562386136	97373.040945	S	1.260274
01869586583392	97374.301218	W	0.019649
01869586960656	97374.320868	S	1.250349
01869610967348	97375.571216	W	0.037993
01869611696816	97375.609209	S	1.242005
01869635543320	97376.851215	W	0.046931
01869636444404	97376.898146	S	1.233062
01869660119200	97378.131208	W	0.048000
01869661040804	97378.179209	S	1.241996
01869684887120	97379.421204	W	0.019613
01869685263680	97379.440817	S	1.250389
01869709271144	97380.691205	W	0.038006
01869710000868	97380.729212	S	1.251989
01869734039060	97381.981201	W	0.055786
01869735110160	97382.036988	S	1.214214
01869758423068	97383.251201	W	0.038933
01869759170584	97383.290135	S	1.241052
01869782998784	97384.531187	W	0.038911
01869783745872	97384.570098	S	1.241092
01869807574836	97385.811189	W	0.046973
01869808476712	97385.858162	S	1.233011
01869832150528	97387.091173	W	0.038958
01869832898524	97387.130131	S	1.251039
01869856918476	97388.381171	W	0.019595
01869857294696	97388.400765	S	1.260403
01869881494432	97389.661168	W	0.055789
01869882565576	97389.716957	S	1.214216
01869905878520	97390.931173	W	0.038985
01869906627040	97390.970158	S	1.251010
01869930646440	97392.221169	W	0.019666
01869931024024	97392.240835	S	1.260328
01869955222328	97393.501163	W	0.019717
01869955600888	97393.520880	S	1.260266
01869979797996	97394.781146	W	0.019544
01869980173248	97394.800690	S	1.250447
01870004181824	97396.051137	W	0.038034
01870004912068	97396.089170	S	1.251963
01870028949760	97397.341133	W	0.019580
01870029325696	97397.360713	S	1.250417
01870053333704	97398.611130	W	0.037985
01870054063016	97398.649115	S	1.252018
01870078101764	97399.901134	W	0.079019
01870079618920	97399.980152	S	0.024533
01870080089960	97400.004685	W	0.001182
01870080112656	97400.005868	S	0.012279
01870080348416	97400.018147	W	0.180263
01870083809460	97400.198409	S	0.013338
01870084065544	97400.211747	W	0.015716
01870084367296	97400.227463	S	0.953708
01870102678488	97401.181171	W	0.019565
01870103054132	97401.200736	S	1.250340
01870127060656	97402.451076	W	0.047005
01870127963148	97402.498081	S	1.232995
01870151636644	97403.731075	W	0.048036
01870152558940	97403.779111	S	1.231959
01870176212548	97405.011070	W	0.038016
01870176942448	97405.049086	S	1.252016
01870200981148	97406.301101	W	0.019755
01870201360436	97406.320856	S	1.260242
01870225557088	97407.581098	W	0.019585
01870225933128	97407.600684	S	1.260411
01870250133016	97408.861095	W	0.019613
01870250509592	97408.880708	S	1.260379
01870274708860	97410.141086	W	0.019676
01870275086644	97410.160763	S	1.260334
01870299285064	97411.421097	W	0.019711
01870299663524	97411.440809	S	1.260277
01870323860836	97412.701085	W	0.019675
01870324238588	97412.720760	S	1.260319
01870348436704	97413.981078	W	0.019721
01870348815348	97414.000799	S	1.260280
01870373012732	97415.261080	W	0.055786
01870374083828	97415.316866	S	1.214205
01870397396556	97416.531071	W	0.038992
01870398145196	97416.570062	S	1.250999
01870422164376	97417.821061	W	0.019671
01870422542060	97417.840732	S	1.260332
01870446740428	97419.101064	W	0.019569
01870447116144	97419.120632	S	1.250429
01870471124388	97420.371062	W	0.047931
01870472044656	97420.418992	S	1.232061
01870495700224	97421.651053	W	0.038997
01870496448976	97421.690051	S	1.251007
01870520468316	97422.941058	W	0.019627
01870520845160	97422.960685	S	1.260357
01870545044016	97424.221042	W	0.046822
01870545943000	97424.267865	S	1.223172
01870569427896	97425.491036	W	0.038945
01870570175640	97425.529981	S	1.241046
01870594003724	97426.771027	W	0.048061
01870594926496	97426.819088	S	1.241945
01870618771844	97428.061034	W	0.019662
01870619149360	97428.080696	S	1.260330
01870643347704	97429.341026	W	0.019589
01870643723804	97429.360615	S	1.260411
01870667923688	97430.621025	W	0.019585
01870668299724	97430.640611	S	1.260402
01870692499444	97431.901013	W	0.019672
01870692877144	97431.920685	S	1.250328
01870716883440	97433.171012	W	0.037874
01870717610620	97433.208886	S	1.242125
01870741459420	97434.451011	W	0.037985
01870742188732	97434.488996	S	1.241999
01870766035108	97435.730995	W	0.037938
01870766763524	97435.768934	S	1.252064
01870790803156	97437.020998	W	0.019669
01870791180796	97437.040666	S	1.260325
01870815379036	97438.300991	W	0.019625
01870815755844	97438.320617	S	1.260369
01870839954936	97439.580986	W	0.055802
01870841026336	97439.636788	S	1.214204
01870864339056	97440.850992	W	0.038937
01870865086652	97440.889930	S	1.241044
01870888914704	97442.130974	W	0.038960
01870889662732	97442.169934	S	1.251035
01870913682596	97443.420969	W	0.019601
01870914058928	97443.440569	S	1.250390
01870938066424	97444.690960	W	0.038026
01870938796524	97444.728986	S	1.251974
01870962834432	97445.980960	W	0.019564
01870963210052	97446.000524	S	1.250446
01870987218612	97447.250969	W	0.047014
01870988121272	97447.297983	S	1.232970
01871011794292	97448.530953	W	0.047985
01871012715600	97448.578938	S	1.232021
01871036370396	97449.810958	W	0.047936
01871037290768	97449.858894	S	1.232058
01871060946276	97451.090952	W	0.037946
01871061674840	97451.128898	S	1.242031
01871085521844	97452.370929	W	0.038039
01871086252196	97452.408969	S	1.251963
01871110289892	97453.660932	W	0.047792
01871111207500	97453.708724	S	1.222205
01871134673832	97454.930929	W	0.048022
01871135595848	97454.978950	S	1.241989
01871159442044	97456.220940	W	0.019640
01871159819128	97456.240580	S	1.250341
01871183825672	97457.490920	W	0.037993
01871184555144	97457.528914	S	1.242008
01871208401692	97458.770921	W	0.037951
01871209130344	97458.808872	S	1.252037
01871233169452	97460.060909	W	0.019623
01871233546212	97460.080532	S	1.260372
01871257745364	97461.340904	W	0.019672
01871258123060	97461.360576	S	1.260331
01871282321408	97462.620907	W	0.019686
01871282699380	97462.640593	S	1.260308
01871306897296	97463.900901	W	0.019672
01871307275000	97463.920573	S	1.260324
01871331473216	97465.180897	W	0.019700
01871331851456	97465.200597	S	1.260296
01871356049144	97466.460893	W	0.019635
01871356426128	97466.480527	S	1.260361
01871380625068	97467.740889	W	0.019733
01871381003940	97467.760622	S	1.260260
01871405200936	97469.020882	W	0.019626
01871405577756	97469.040508	S	1.250375
01871429584964	97470.290884	W	0.048040
01871430507332	97470.338924	S	1.241943
01871454352640	97471.580867	W	0.020636
01871454748848	97471.601502	S	1.259372
01871478928792	97472.860875	W	0.020692
01871479326080	97472.881567	S	1.259293
01871503504508	97474.140860	W	0.020634
01871503900672	97474.161493	S	1.259363
01871528080444	97475.420856	W	0.048822
01871529017828	97475.469679	S	1.221181
01871552464500	97476.690859	W	0.038941
01871553212176	97476.729801	S	1.241049
01871577040308	97477.970849	W	0.038976
01871577788640	97478.009825	S	1.241024
01871601616292	97479.250849	W	0.047902
01871602536008	97479.298750	S	1.232088
01871626192092	97480.530838	W	0.048015
01871627113976	97480.578853	S	1.241977
01871650959932	97481.820830	W	0.048763
01871651896176	97481.869593	S	1.221215
01871675343500	97483.090807	W	0.048022
01871676265528	97483.138830	S	1.242003
01871700111988	97484.380833	W	0.019544
01871700487236	97484.400377	S	1.250447
01871724495828	97485.650824	W	0.038952
01871725243708	97485.689776	S	1.241047
01871749071808	97486.930823	W	0.047881
01871749991132	97486.978705	S	1.232110
01871773647652	97488.210815	W	0.047969
01871774568648	97488.258784	S	1.232027
01871798223568	97489.490811	W	0.037889
01871798951032	97489.528700	S	1.242104
01871822799436	97490.770804	W	0.037887
01871823526876	97490.808691	S	0.914747
01871841090020	97491.723439	W	0.001537
01871841119536	97491.724976	S	0.335856
01871847567968	97492.060832	W	0.019607
01871847944432	97492.080439	S	1.260324
01871872142660	97493.340764	W	0.019757
01871872521996	97493.360521	S	1.260254
01871896718876	97494.620775	W	0.019691
01871897096948	97494.640466	S	1.260304
01871921294776	97495.900770	W	0.019683
01871921672684	97495.920452	S	1.260314
01871945870716	97497.180766	W	0.019663
01871946248240	97497.200429	S	1.260322
01871970446428	97498.460751	W	0.019721
01871970825068	97498.480472	S	1.250300
01871994830828	97499.730772	W	0.037954
01871995559536	97499.768726	S	1.252038
01872019598660	97501.020764	W	0.019702
01872019976932	97501.040465	S	1.260293
01872044174564	97502.300759	W	0.055802
01872045245968	97502.356561	S	1.214198
01872068558568	97503.570759	W	0.038995
01872069307272	97503.609754	S	1.241009
01872093134636	97504.850762	W	0.037931
01872093862916	97504.888694	S	1.252059
01872117902448	97506.140752	W	0.019657
01872118279856	97506.160409	S	1.260336
01872142478316	97507.420746	W	0.019687
01872142856300	97507.440432	S	1.260298
01872167054028	97508.700731	W	0.019684
01872167431968	97508.720415	S	1.260312
01872191629968	97509.980728	W	0.019606
01872192006408	97510.000334	S	1.250393
01872216013952	97511.250727	W	0.037959
01872216742764	97511.288686	S	1.242041
01872240589948	97512.530726	W	0.046947
01872241491336	97512.577674	S	1.233054
01872265165964	97513.810727	W	0.038991
01872265914600	97513.849719	S	1.240997
01872289741752	97515.090716	W	0.038987
01872290490308	97515.129704	S	1.251013
01872314509752	97516.380716	W	0.046868
01872315409612	97516.427584	S	1.223118
01872338893476	97517.650702	W	0.047917
01872339813480	97517.698619	S	1.232075
01872363469320	97518.930694	W	0.048084
01872364392532	97518.978778	S	1.241921
01872388237408	97520.220698	W	0.020662
01872388634112	97520.241360	S	1.259342
01872412813484	97521.500702	W	0.020542
01872413207896	97521.521245	S	1.259436
01872437389060	97522.780680	W	0.020642
01872437785384	97522.801322	S	1.259357
01872461965040	97524.060679	W	0.020678
01872462362052	97524.081357	S	1.249318
01872486348956	97525.330675	W	0.037948
01872487077560	97525.368623	S	1.242047
01872510924872	97526.610670	W	0.038026
01872511654980	97526.648697	S	1.241971
01872535500816	97527.890668	W	0.055955
01872536575148	97527.946622	S	1.224049
01872560076884	97529.170671	W	0.038979
01872560825272	97529.209650	S	1.241014
01872584652740	97530.450664	W	0.046892
01872585553060	97530.497555	S	1.233097
01872609228516	97531.730652	W	0.047927
01872610148712	97531.778579	S	1.232051
01872633804092	97533.010630	W	0.039011
01872634553104	97533.049641	S	1.251009
01872658572476	97534.300650	W	0.020653
01872658969008	97534.321303	S	1.259350
01872683148520	97535.580652	W	0.020519
01872683542476	97535.601171	S	1.259463
01872707724172	97536.860634	W	0.048849
01872708662080	97536.909483	S	1.221153
01872732108216	97538.130636	W	0.047962
01872733029088	97538.178598	S	1.232033
01872756684120	97539.410631	W	0.038956
01872757432084	97539.449588	S	1.241034
01872781259940	97540.690622	W	0.055953
01872782334228	97540.746574	S	1.224049
01872805835960	97541.970623	W	0.047942
01872806756440	97542.018565	S	1.232051
01872830411828	97543.250616	W	0.037967
01872831140796	97543.288583	S	1.252021
01872855179592	97544.540604	W	0.048892
01872856118328	97544.589496	S	1.221111
01872879563652	97545.810607	W	0.047956
01872880484400	97545.858562	S	1.232031
01872904139396	97547.090594	W	0.048023
01872905061436	97547.138616	S	1.231975
01872928715356	97548.370591	W	0.037961
01872929444204	97548.408552	S	1.252040
01872953483376	97549.660593	W	0.020655
01872953879952	97549.681248	S	1.259340
01872978059284	97550.940588	W	0.056810
01872979150040	97550.997398	S	1.213187
01873002443232	97552.210585	W	0.038948
01873003191036	97552.249533	S	1.241048
01873027019156	97553.490581	W	0.038992
01873027767808	97553.529573	S	1.251005
01873051787100	97554.780578	W	0.047871
01873052706224	97554.828449	S	1.222118
01873076170884	97556.050567	W	0.047913
01873077090808	97556.098480	S	1.232082
01873100746780	97557.330561	W	0.047997
01873101668332	97557.378559	S	1.231999
01873125322716	97558.610558	W	0.047924
01873126242860	97558.658482	S	1.232076
01873149898728	97559.890559	W	0.048029
01873150820888	97559.938588	S	1.231957
01873174474468	97561.170545	W	0.038881
01873175220984	97561.209426	S	1.241120
01873199050480	97562.450546	W	0.055924
01873200124228	97562.506470	S	1.224069
01873223626344	97563.730539	W	0.038950
01873224374188	97563.769489	S	1.241050
01873248202356	97565.010539	W	0.039045
01873248952020	97565.049584	S	1.240947
01873272778196	97566.290531	W	0.047966
01873273699136	97566.338497	S	1.232034
01873297354180	97567.570530	W	0.048027
01873298276300	97567.618557	S	1.231970
01873321930132	97568.850528	W	0.038930
01873322677580	97568.889457	S	1.241059
01873346505908	97570.130516	W	0.038968
01873347254092	97570.169484	S	1.241025
01873371081772	97571.410509	W	0.047987
01873372003120	97571.458496	S	1.242010
01873395849712	97572.700506	W	0.047837
01873396768184	97572.748343	S	1.222158
01873420233624	97573.970501	W	0.038927
01873420981024	97574.009428	S	1.241072
01873444809604	97575.250500	W	0.047027
01873445712528	97575.297528	S	1.232974
01873469385636	97576.530502	W	0.047949
01873470306260	97576.578451	S	1.232035
01873493961336	97577.810486	W	0.047998
01873494882904	97577.858485	S	1.232001
01873518537332	97579.090486	W	0.038949
01873519285148	97579.129435	S	1.251044
01873543305184	97580.380478	W	0.047896
01873544224792	97580.428375	S	1.222099
01873567689084	97581.650473	W	0.047954
01873568609800	97581.698427	S	1.232039
01873592264940	97582.930466	W	0.047919
01873593184976	97582.978384	S	1.232092
01873616841140	97584.210476	W	0.038957
01873617589120	97584.249433	S	1.241027
01873641416844	97585.490461	W	0.038945
01873642164596	97585.529406	S	1.241042
01873665992604	97586.770448	W	0.038929
01873666740048	97586.809378	S	1.241072
01873690568624	97588.050449	W	0.048012
01873691490452	97588.098461	S	1.231975
01873715144376	97589.330436	W	0.038928
01873715891796	97589.369364	S	1.241071
01873739720364	97590.610436	W	0.039025
01873740469648	97590.649461	S	1.240980
01873764296456	97591.890440	W	0.038960
01873765044480	97591.929400	S	1.241038
01873788872400	97593.170437	W	0.047955
01873789793132	97593.218392	S	1.232039
01873813448276	97594.450431	W	0.047963
01873814369172	97594.498394	S	1.242027
01873838216088	97595.740421	W	0.019654
01873838593444	97595.760075	S	1.250348
01873862600124	97597.010423	W	0.055945
01873863674264	97597.066368	S	1.224045
01873887175928	97598.290413	W	0.047992
01873888097376	97598.338405	S	1.242006
01873911943892	97599.580411	W	0.048819
01873912881212	97599.629230	S	1.221185
01873936327960	97600.850415	W	0.038947
01873937075736	97600.889361	S	1.241038
01873960903668	97602.130399	W	0.047915
01873961823636	97602.178314	S	1.232088
01873985479728	97603.410402	W	0.047947
01873986400320	97603.458350	S	1.232042
01874010055520	97604.690392	W	0.047959
01874010976340	97604.738351	S	1.232028
01874034631284	97605.970379	W	0.039009
01874035380252	97606.009388	S	1.240986
01874059207192	97607.250375	W	0.038943
01874059954900	97607.289318	S	1.241059
01874083783236	97608.530377	W	0.048012
01874084705060	97608.578389	S	1.231990
01874108359276	97609.810379	W	0.038911
01874109106368	97609.849290	S	1.241077
01874132935052	97611.090367	W	0.039021
01874133684256	97611.129388	S	1.240971
01874157510896	97612.370359	W	0.047975
01874158432024	97612.418335	S	1.232023
01874182086868	97613.650358	W	0.046952
01874182988348	97613.697310	S	1.233049
01874206662888	97614.930359	W	0.047941
01874207583356	97614.978300	S	1.232046
01874231238644	97616.210346	W	0.038998
01874231987412	97616.249344	S	1.241009
01874255814776	97617.490353	W	0.055963
01874256889272	97617.546316	S	1.224023
01874280390504	97618.770339	W	0.048047
01874281313008	97618.818386	S	1.241951
01874305158464	97620.060337	W	0.048780
01874306095032	97620.109116	S	1.221213
01874329542328	97621.330330	W	0.048074
01874330465344	97621.378403	S	1.241927
01874354310340	97622.620330	W	0.019614
01874354686936	97622.639945	S	1.250382
01874378694268	97623.890326	W	0.047987
01874379615624	97623.938314	S	1.242001
01874403462048	97625.180315	W	0.020546
01874403856524	97625.200861	S	1.259452
01874428038000	97626.460312	W	0.048848
01874428975876	97626.509160	S	1.221152
01874452421992	97627.730312	W	0.038959
01874453170000	97627.769271	S	1.241035
01874476997868	97629.010306	W	0.037989
01874477727256	97629.048295	S	1.252010
01874501765848	97630.300305	W	0.019632
01874502142780	97630.319936	S	1.260354
01874526341572	97631.580290	W	0.019737
01874526720524	97631.600027	S	1.260266
01874550917636	97632.860294	W	0.046785
01874551815916	97632.907079	S	1.223204
01874575301440	97634.130283	W	0.047965
01874576222364	97634.178248	S	1.232025
01874599877240	97635.410273	W	0.038946
01874600625000	97635.449219	S	1.241050
01874624453152	97636.690268	W	0.039009
01874625202124	97636.729277	S	1.241004
01874649029392	97637.970281	W	0.038900
01874649776264	97638.009180	S	1.241086
01874673605124	97639.250267	W	0.048052
01874674527728	97639.298319	S	1.241944
01874698373052	97640.540263	W	0.055801
01874699444432	97640.596064	S	1.214192
01874722756916	97641.810256	W	0.039002
01874723505752	97641.849258	S	1.240995
01874747332864	97643.090253	W	0.046933
01874748233984	97643.137187	S	1.233063
01874771908788	97644.370249	W	0.048009
01874772830564	97644.418259	S	1.241984
01874796676652	97645.660242	W	0.020535
01874797070920	97645.680777	S	1.259465
01874821252648	97646.940242	W	0.020683
01874821649760	97646.960925	S	1.249312
01874845636552	97648.210237	W	0.047972
01874846557616	97648.258209	S	1.232023
01874870212456	97649.490232	W	0.047976
01874871133596	97649.538208	S	1.232014
01874894788260	97650.770222	W	0.038953
01874895536160	97650.809175	S	1.241031
01874919363960	97652.050206	W	0.038065
01874920094804	97652.088271	S	1.251950
01874944132240	97653.340221	W	0.019638
01874944509284	97653.359859	S	1.250356
01874968516112	97654.610214	W	0.037974
01874969245204	97654.648188	S	1.252016
01874993283912	97655.900204	W	0.055814
01874994355544	97655.956018	S	1.214188
01875017667948	97657.170206	W	0.039023
01875018417180	97657.209228	S	1.250979
01875042435980	97658.460207	W	0.019637
01875042813020	97658.479845	S	1.250351
01875066819768	97659.730196	W	0.048011
01875067741572	97659.778207	S	1.231971
01875091395420	97661.010178	W	0.038003
01875092125080	97661.048181	S	1.251999
01875116163456	97662.300180	W	0.019729
01875116542252	97662.319909	S	1.260266
01875140739352	97663.580175	W	0.047823
01875141657552	97663.627998	S	1.222179
01875165123380	97664.850176	W	0.047959
01875166044192	97664.898135	S	1.232042
01875189699408	97666.130178	W	0.038954
01875190447320	97666.169131	S	1.251030
01875214467100	97667.420161	W	0.019677
01875214844896	97667.439838	S	1.250324
01875238851124	97668.690163	W	0.037989
01875239580504	97668.728151	S	1.251999
01875263618892	97669.980151	W	0.046867
01875264518732	97670.027017	S	1.223134
01875288002904	97671.250151	W	0.038973
01875288751192	97671.289125	S	1.251022
01875312770820	97672.540147	W	0.019636
01875313147824	97672.559783	S	1.250360
01875337154740	97673.810143	W	0.047966
01875338075680	97673.858108	S	1.232038
01875361730812	97675.090146	W	0.047908
01875362650648	97675.138055	S	1.232073
01875386306444	97676.370127	W	0.038900
01875387053332	97676.409028	S	1.241100
01875410882456	97677.650128	W	0.038994
01875411631144	97677.689122	S	1.240995
01875435458240	97678.930117	W	0.038915
01875436205416	97678.969032	S	1.241093
01875460034396	97680.210125	W	0.048015
01875460956280	97680.258140	S	1.231973
01875484610168	97681.490113	W	0.038902
01875485357092	97681.529015	S	1.241095
01875509186116	97682.770110	W	0.048039
01875510108456	97682.818149	S	1.241955
01875533953992	97684.060104	W	0.046783
01875534852228	97684.106887	S	1.223212
01875558337904	97685.330099	W	0.047923
01875559258020	97685.378022	S	1.232077
01875582913896	97686.610099	W	0.038975
01875583662220	97686.649074	S	1.241016
01875607489732	97687.890090	W	0.039022
01875608238952	97687.929112	S	1.240970
01875632065572	97689.170082	W	0.038953
01875632813476	97689.209035	S	1.241045
01875656641540	97690.450080	W	0.048035
01875657563804	97690.498115	S	1.231960
01875681217436	97691.730075	W	0.047971
01875682138480	97691.778046	S	1.232027
01875705793396	97693.010073	W	0.038988
01875706541972	97693.049061	S	1.241010
01875730369356	97694.290071	W	0.038901
01875731116260	97694.328972	S	1.241096
01875754945300	97695.570068	W	0.047961
01875755866152	97695.618029	S	1.232034
01875779521204	97696.850063	W	0.038959
01875780269224	97696.889022	S	1.241037
01875804097136	97698.130059	W	0.038993
01875804845808	97698.169053	S	1.240994
01875828672896	97699.410047	W	0.055959
01875829747308	97699.466006	S	1.224045
01875853248972	97700.690051	W	0.048026
01875854171080	97700.738077	S	1.241956
01875878016644	97701.980034	W	0.046840
01875878915980	97702.026874	S	1.223155
01875902400548	97703.250029	W	0.048006
01875903322256	97703.298034	S	0.568527
01875914237972	97703.866561	W	2.101625
01875954589172	97705.968186	S	1.075773
01875975244020	97707.043959	W	0.015167
01875975535220	97707.059126	S	0.007926
01875975687400	97707.067052	W	0.061938
01875976876612	97707.128990	S	1.251028
01876000896352	97708.380018	W	0.019625
01876001273144	97708.399643	S	1.260370
01876025472252	97709.660013	W	0.055800
01876026543612	97709.715813	S	1.214205
01876049856356	97710.930019	W	0.038997
01876050605104	97710.969016	S	1.240984
01876074431992	97712.210000	W	0.038906
01876075178984	97712.248905	S	1.241116
01876099008420	97713.490022	W	0.038954
01876099756328	97713.528975	S	1.241021
01876123583924	97714.769996	W	0.047989
01876124505308	97714.817985	S	1.242004
01876148351792	97716.059989	W	0.019585
01876148727824	97716.079574	S	1.250416
01876172735812	97717.329990	W	0.037986
01876173465136	97717.367976	S	1.252006
01876197503656	97718.619982	W	0.019709
01876197882060	97718.639691	S	1.260286
01876222079560	97719.899977	W	0.019527
01876222454484	97719.919504	S	1.250460
01876246463324	97721.169965	W	0.047026
01876247366216	97721.216990	S	1.232968
01876271039200	97722.449958	W	0.038966
01876271787344	97722.488924	S	1.241037
01876295615260	97723.729961	W	0.038948
01876296363064	97723.768910	S	1.241045
01876320191124	97725.009954	W	0.038963
01876320939212	97725.048917	S	1.241039
01876344767160	97726.289956	W	0.038944
01876345514876	97726.328900	S	1.241044
01876369342916	97727.569944	W	0.038934
01876370090444	97727.608877	S	1.241064
01876393918876	97728.849941	W	0.039011
01876394667892	97728.888953	S	1.240986
01876418494824	97730.129939	W	0.038897
01876419241644	97730.168836	S	1.241094
01876443070656	97731.409930	W	0.048017
01876443992576	97731.457947	S	1.231981
01876467646616	97732.689928	W	0.038988
01876468395192	97732.728916	S	1.241011
01876492222600	97733.969927	W	0.038974
01876492970892	97734.008901	S	1.241016
01876516798392	97735.249916	W	0.047902
01876517718108	97735.297818	S	1.232096
01876541374352	97736.529914	W	0.047948
01876542294948	97736.577862	S	1.232050
01876565950304	97737.809912	W	0.038954
01876566698224	97737.848866	S	1.241043
01876590526244	97739.089909	W	0.038973
01876591274516	97739.128881	S	1.241014
01876615101988	97740.369895	W	0.038939
01876615849616	97740.408834	S	1.241066
01876639678080	97741.649900	W	0.048020
01876640600060	97741.697920	S	1.231976
01876664254000	97742.929896	W	0.038896
01876665000804	97742.968792	S	1.241095
01876688829832	97744.209887	W	0.038973
01876689578108	97744.248860	S	1.241021
01876713405708	97745.489881	W	0.055970
01876714480332	97745.545851	S	1.224030
01876737981708	97746.769881	W	0.047911
01876738901604	97746.817792	S	1.232078
01876762557496	97748.049870	W	0.038892
01876763304224	97748.088762	S	1.241114
01876787133620	97749.329876	W	0.038982
01876787882072	97749.368858	S	1.241006
01876811709380	97750.609864	W	0.038923
01876812456708	97750.648787	S	1.251073
01876836477308	97751.899860	W	0.046920
01876837378168	97751.946780	S	1.223077
01876860861252	97753.169857	W	0.038965
01876861609384	97753.208822	S	1.251025
01876885629060	97754.459847	W	0.019707
01876886007444	97754.479554	S	1.260286
01876910204932	97755.739840	W	0.019578
01876910580828	97755.759418	S	1.260410
01876934780704	97757.019828	W	0.019607
01876935157164	97757.039436	S	1.250401
01876959164872	97758.289837	W	0.037937
01876959893256	97758.327774	S	1.252054
01876983932696	97759.579828	W	0.019599
01876984309004	97759.599427	S	1.250400
01877008316684	97760.849827	W	0.037991
01877009046108	97760.887818	S	1.252002
01877033084548	97762.139820	W	0.019630
01877033461436	97762.159450	S	1.260373
01877057660600	97763.419823	W	0.019591
01877058036752	97763.439414	S	1.260402
01877082236472	97764.699816	W	0.055854
01877083308876	97764.755671	S	1.214133
01877106620228	97765.969804	W	0.047956
01877107540976	97766.017759	S	1.232043
01877131196200	97767.249802	W	0.038898
01877131943048	97767.288700	S	1.241097
01877155772120	97768.529798	W	0.038929
01877156519560	97768.568727	S	1.251073
01877180540152	97769.819800	W	0.020705
01877180937692	97769.840505	S	1.259280
01877205115868	97771.099785	W	0.020523
01877205509916	97771.120308	S	1.249478
01877229499892	97772.369786	W	0.047996
01877230421416	97772.417782	S	1.231991
01877254075648	97773.649773	W	0.038918
01877254822876	97773.688691	S	1.241081
01877278651636	97774.929773	W	0.038987
01877279400188	97774.968760	S	1.241016
01877303227700	97776.209776	W	0.038908
01877303974728	97776.248684	S	1.241076
01877327803384	97777.489760	W	0.055956
01877328877744	97777.545716	S	1.224043
01877352379372	97778.769759	W	0.038865
01877353125584	97778.808624	S	1.241133
01877376955344	97780.049758	W	0.038998
01877377704104	97780.088755	S	1.240998
01877401531272	97781.329754	W	0.047968
01877402452256	97781.377722	S	1.242027
01877426299168	97782.619748	W	0.019638
01877426676220	97782.639386	S	1.250366
01877450683252	97783.889753	W	0.055935
01877451757212	97783.945688	S	1.224045
01877475258880	97785.169733	W	0.038963
01877476006964	97785.208696	S	1.241033
01877499834792	97786.449729	W	0.047956
01877500755552	97786.497685	S	1.232042
01877524410764	97787.729727	W	0.054938
01877525465580	97787.784666	S	1.225051
01877548986560	97789.009717	W	0.038905
01877549733536	97789.048622	S	1.241104
01877573562736	97790.289726	W	0.039024
01877574311988	97790.328749	S	1.240966
01877598138540	97791.569716	W	0.039000
01877598887340	97791.608716	S	1.250984
01877622906228	97792.859699	W	0.019663
01877623283752	97792.879362	S	1.250338
01877647290244	97794.129700	W	0.037950
01877648018884	97794.167650	S	1.242047
01877671866196	97795.409698	W	0.047024
01877672769048	97795.456721	S	1.232970
01877696442064	97796.689691	W	0.047967
01877697363024	97796.737657	S	1.232037
01877721018144	97797.969695	W	0.038968
01877721766336	97798.008663	S	1.251027
01877745786064	97799.259691	W	0.019610
01877746162572	97799.279301	S	1.250385
01877770169972	97800.529686	W	0.047001
01877771072400	97800.576687	S	1.232989
01877794745780	97801.809676	W	0.048010
01877795667572	97801.857686	S	1.231985
01877819321692	97803.089671	W	0.048026
01877820243788	97803.137697	S	1.231966
01877843897532	97804.369663	W	0.037914
01877844625484	97804.407577	S	1.242093
01877868473664	97805.649670	W	0.046955
01877869375204	97805.696625	S	1.233035
01877893049476	97806.929660	W	0.047950
01877893970112	97806.977610	S	1.232048
01877917625432	97808.209658	W	0.047998
01877918546996	97808.257656	S	1.241975
01877942392924	97809.499631	W	0.046825
01877943291964	97809.546456	S	1.223188
01877966777164	97810.769644	W	0.048021
01877967699164	97810.817665	S	1.231972
01877991353024	97812.049637	W	0.047962
01877992273900	97812.097599	S	1.232047
01878015929204	97813.329646	W	0.047991
01878016850628	97813.377637	S	1.241982
01878040696692	97814.619619	W	0.020531
01878041090892	97814.640151	S	1.249468
01878065080676	97815.889619	W	0.047029
01878065983640	97815.936648	S	1.232972
01878089656704	97817.169620	W	0.047951
01878090577364	97817.217571	S	1.242048
01878114424684	97818.459619	W	0.047791
01878115342280	97818.507410	S	1.222207
01878138808656	97819.729617	W	0.048002
01878139730304	97819.777620	S	1.241986
01878163576432	97821.019606	W	0.019706
01878163954780	97821.039311	S	1.250294
01878187960428	97822.289606	W	0.038926
01878188707812	97822.328532	S	1.241069
01878212536340	97823.569601	W	0.037985
01878213265644	97823.607586	S	1.242009
01878237112224	97824.849595	W	0.037941
01878237840700	97824.887536	S	1.242061
01878261688264	97826.129597	W	0.047012
01878262590904	97826.176610	S	1.232968
01878286263888	97827.409578	W	0.047984
01878287185188	97827.457562	S	1.242023
01878311032020	97828.699584	W	0.046804
01878311930648	97828.746388	S	1.223187
01878335415832	97829.969575	W	0.038907
01878336162852	97830.008482	S	1.241085
01878359991680	97831.249567	W	0.047014
01878360894340	97831.296580	S	1.232980
01878384567548	97832.529560	W	0.038969
01878385315744	97832.568528	S	1.241037
01878409143660	97833.809566	W	0.048004
01878410065340	97833.857570	S	1.231976
01878433719288	97835.089546	W	0.047953
01878434639988	97835.137499	S	1.232050
01878458295348	97836.369549	W	0.038974
01878459043644	97836.408523	S	1.241032
01878482871460	97837.649555	W	0.047942
01878483791940	97837.697497	S	1.242040
01878507639116	97838.939537	W	0.046806
01878508537800	97838.986344	S	1.223190
01878532023052	97840.209534	W	0.038941
01878532770716	97840.248475	S	1.241067
01878556599204	97841.489542	W	0.037995
01878557328712	97841.527537	S	1.241986
01878581174852	97842.769524	W	0.037919
01878581902904	97842.807443	S	1.252085
01878605942944	97844.059528	W	0.019730
01878606321752	97844.079258	S	1.260265
01878630518844	97845.339523	W	0.019593
01878630895032	97845.359116	S	1.250402
01878654902748	97846.609518	W	0.037952
01878655631420	97846.647470	S	1.242041
01878679478616	97847.889511	W	0.037991
01878680208040	97847.927502	S	1.252004
01878704246508	97849.179506	W	0.019520
01878704621296	97849.199026	S	1.260481
01878728822524	97850.459506	W	0.046806
01878729721208	97850.506313	S	1.223179
01878753206236	97851.729491	W	0.039007
01878753955164	97851.768498	S	1.240997
01878777782308	97853.009495	W	0.047912
01878778702228	97853.057408	S	1.232083
01878802358224	97854.289491	W	0.048022
01878803280248	97854.337513	S	1.231969
01878826934044	97855.569481	W	0.038901
01878827680952	97855.608383	S	1.241100
01878851510068	97856.849483	W	0.048001
01878852431684	97856.897484	S	1.241986
01878876277816	97858.139470	W	0.019604
01878876654212	97858.159074	S	1.250396
01878900661816	97859.409470	W	0.037934
01878901390156	97859.447404	S	1.242054
01878925237600	97860.689458	W	0.055916
01878926311184	97860.745374	S	1.224092
01878949813744	97861.969466	W	0.038974
01878950562036	97862.008439	S	1.241014
01878974389504	97863.249453	W	0.038964
01878975137608	97863.288417	S	1.241037
01878998965524	97864.529454	W	0.047968
01878999886512	97864.577423	S	0.275171
01879005169788	97864.852593	W	0.066396
01879006444592	97864.918989	S	0.890510
01879023542384	97865.809499	W	0.038636
01879024284196	97865.848135	S	1.241251
01879048116224	97867.089387	W	0.047751
01879049033052	97867.137138	S	0.945151
01879067179956	97868.082289	W	3.701106
01879138241184	97871.783395	S	0.425995
01879146420292	97872.209390	W	0.039081
01879147170644	97872.248471	S	1.250885
01879171187632	97873.499356	W	0.019727
01879171566400	97873.519083	S	1.260311
01879195764380	97874.779395	W	0.019723
01879196143056	97874.799118	S	1.260271
01879220340256	97876.059388	W	0.046603
01879221235040	97876.105992	S	1.223394
01879244724204	97877.329386	W	0.047992
01879245645648	97877.377378	S	1.231998
01879269300000	97878.609375	W	0.047969
01879270220996	97878.657344	S	1.241981
01879294067036	97879.899325	W	0.020494
01879294460512	97879.919818	S	1.249498
01879318450872	97881.169316	W	0.038686
01879319193640	97881.208002	S	1.241336
01879343027292	97882.449338	W	0.473131
01879352111400	97882.922469	S	0.807044
01879367606648	97883.729513	W	0.038776
01879368351148	97883.768289	S	1.240984
01879392178048	97885.009273	W	0.048066
01879393100920	97885.057340	S	1.232008
01879416755472	97886.289348	W	0.047953
01879417676172	97886.337301	S	1.232039
01879441331324	97887.569340	W	0.047792
01879442248936	97887.617132	S	1.232135
01879465905936	97888.849268	W	0.048038
01879466828272	97888.897306	S	1.232029
01879490483228	97890.129335	W	0.037908
01879491211068	97890.167243	S	1.242125
01879515059864	97891.409368	W	0.037927
01879515788068	97891.447295	S	1.242056
01879539635552	97892.689352	W	0.037953
01879540364244	97892.727304	S	1.241957
01879564209824	97893.969262	W	0.037851
01879564936560	97894.007112	S	1.180856
01879587608988	97895.187968	W	0.017321
01879587941552	97895.205289	S	0.002321
01879587986112	97895.207610	W	0.015154
01879588277068	97895.222764	S	0.026963
01879588794764	97895.249727	W	0.055252
01879589855596	97895.304979	S	1.224345
01879613363012	97896.529324	W	0.038940
01879614110660	97896.568264	S	1.241101
01879637939804	97897.809365	W	0.047927
01879638860012	97897.857292	S	1.232033
01879662515044	97899.089325	W	0.047957
01879663435816	97899.137282	S	1.242034
01879687282872	97900.379316	W	0.055881
01879688355788	97900.435197	S	1.214114
01879711666780	97901.649311	W	0.049012
01879712607808	97901.698323	S	1.240987
01879736434768	97902.939311	W	0.020684
01879736831908	97902.959995	S	1.249313
01879760818712	97904.209308	W	0.038975
01879761567040	97904.248283	S	1.251002
01879785586272	97905.499285	W	0.046903
01879786486808	97905.546188	S	1.223098
01879809970284	97906.769286	W	0.047977
01879810891452	97906.817263	S	1.232020
01879834546240	97908.049283	W	0.039016
01879835295344	97908.088299	S	1.240989
01879859122336	97909.329288	W	0.047982
01879860043600	97909.377271	S	1.232009
01879883698164	97910.609279	W	0.055962
01879884772628	97910.665241	S	1.224026
01879908273932	97911.889267	W	0.038958
01879909021924	97911.928225	S	1.251038
01879933041848	97913.179263	W	0.019676
01879933419632	97913.198939	S	1.260328
01879957617936	97914.459268	W	0.019660
01879957995400	97914.478927	S	1.250329
01879982001720	97915.729256	W	0.037961
01879982730572	97915.767217	S	1.242040
01880006577732	97917.009257	W	0.047923
01880007497852	97917.057180	S	1.232074
01880031153668	97918.289254	W	0.039021
01880031902876	97918.328275	S	1.240953
01880055729176	97919.569228	W	0.049004
01880056670060	97919.618232	S	1.241004
01880080497340	97920.859236	W	0.019704
01880080875652	97920.878940	S	1.260300
01880105073416	97922.139240	W	0.019594
01880105449612	97922.158834	S	1.250395
01880129457188	97923.409229	W	0.038012
01880130187016	97923.447240	S	1.241988
01880154033176	97924.689228	W	0.037962
01880154762048	97924.727190	S	1.242019
01880178608812	97925.969209	W	0.056986
01880179702952	97926.026195	S	1.223032
01880203185164	97927.249227	W	0.038949
01880203932992	97927.288177	S	1.241032
01880227760808	97928.529209	W	0.037988
01880228490168	97928.567196	S	1.242007
01880252336712	97929.809204	W	0.047915
01880253256684	97929.857119	S	1.232085
01880276912708	97931.089204	W	0.047972
01880277833772	97931.137176	S	0.727148
01880291795020	97931.864324	W	0.323052
01880297997620	97932.187376	S	0.006371
01880298119940	97932.193747	W	0.015293
01880298413560	97932.209040	S	0.160204
01880301489472	97932.369243	W	0.037880
01880302216768	97932.407123	S	1.242028
01880326063704	97933.649151	W	0.048093
01880326987096	97933.697245	S	1.231913
01880350639820	97934.929157	W	0.047949
01880351560436	97934.977106	S	1.232049
01880375215784	97936.209155	W	0.049082
01880376158156	97936.258237	S	1.240912
01880399983664	97937.499149	W	0.019664
01880400361212	97937.518813	S	1.250336
01880424367672	97938.769150	W	0.038001
01880425097296	97938.807151	S	1.252023
01880449136136	97940.059174	W	0.019631
01880449513044	97940.078804	S	1.250363
01880473520020	97941.329168	W	0.047970
01880474441040	97941.377138	S	1.232015
01880498095728	97942.609152	W	0.047934
01880499016064	97942.657087	S	1.232064
01880522671696	97943.889151	W	0.048034
01880523593948	97943.937185	S	1.231965
01880547247672	97945.169150	W	0.038975
01880547995992	97945.208125	S	1.251016
01880572015508	97946.459141	W	0.047839
01880572934024	97946.506980	S	1.222163
01880596399560	97947.729144	W	0.038944
01880597147288	97947.768088	S	1.251052
01880621167484	97949.019140	W	0.019648
01880621544720	97949.038788	S	1.260347
01880645743380	97950.299134	W	0.019660
01880646120852	97950.318794	S	1.250336
01880670127304	97951.569130	W	0.055946
01880671201464	97951.625076	S	1.224049
01880694703196	97952.849125	W	0.047955
01880695623932	97952.897080	S	1.232041
01880719279128	97954.129121	W	0.038999
01880720027904	97954.168120	S	1.250991
01880744046928	97955.419111	W	0.055839
01880745119040	97955.474950	S	1.214162
01880768430956	97956.689112	W	0.048014
01880769352816	97956.737126	S	1.231984
01880793006908	97957.969110	W	0.047952
01880793927584	97958.017062	S	1.232028
01880817582528	97959.249090	W	0.039056
01880818332404	97959.288146	S	1.240939
01880842158424	97960.529085	W	0.047003
01880843060888	97960.576088	S	1.232997
01880866734432	97961.809085	W	0.047969
01880867655440	97961.857054	S	1.232011
01880891310060	97963.089066	W	0.047993
01880892231532	97963.137059	S	1.232035
01880915886608	97964.369094	W	0.038971
01880916634856	97964.408065	S	1.251006
01880940654176	97965.659072	W	0.047805
01880941572036	97965.706877	S	1.222189
01880965038060	97966.929066	W	0.048038
01880965960396	97966.977104	S	1.231961
01880989614056	97968.209065	W	0.039012
01880990363092	97968.248078	S	1.250969
01881014381688	97969.499046	W	0.019714
01881014760188	97969.518760	S	1.250312
01881038766188	97970.769072	W	0.047939
01881039686612	97970.817011	S	1.232039
01881063341764	97972.049050	W	0.056967
01881064435532	97972.106017	S	1.223021
01881087917536	97973.329038	W	0.038962
01881088665600	97973.368000	S	1.251041
01881112685588	97974.619041	W	0.047904
01881113605348	97974.666945	S	1.222084
01881137069364	97975.889029	W	0.039011
01881137818380	97975.928041	S	1.251002
01881161837616	97977.179043	W	0.019698
01881162215812	97977.198740	S	1.250283
01881186221240	97978.449023	W	0.038000
01881186950840	97978.487023	S	1.252001
01881210989260	97979.739024	W	0.019707
01881211367640	97979.758731	S	1.260286
01881235565140	97981.019018	W	0.019564
01881235940776	97981.038582	S	1.250433
01881259949088	97982.289015	W	0.037933
01881260677408	97982.326948	S	1.252071
01881284717168	97983.579019	W	0.019727
01881285095928	97983.598746	S	1.260254
01881309292808	97984.859000	W	0.019690
01881309670852	97984.878690	S	1.250299
01881333676584	97986.128989	W	0.037928
01881334404804	97986.166917	S	1.242076
01881358252664	97987.408993	W	0.037963
01881358981552	97987.446956	S	1.242033
01881382828576	97988.688988	W	0.046970
01881383730408	97988.735959	S	1.233029
01881407404564	97989.968988	W	0.038967
01881408152736	97990.007955	S	1.241034
01881431980588	97991.248989	W	0.047947
01881432901164	97991.296936	S	1.242041
01881456748360	97992.538977	W	0.019615
01881457124964	97992.558592	S	1.250375
01881481132164	97993.808967	W	0.037953
01881481860860	97993.846920	S	1.252051
01881505900244	97995.098971	W	0.019673
01881506277972	97995.118644	S	1.260318
01881530476076	97996.378962	W	0.019584
01881530852080	97996.398546	S	1.250416
01881554860076	97997.648962	W	0.055987
01881555935024	97997.704949	S	1.224015
01881579436108	97998.928964	W	0.038890
01881580182800	97998.967854	S	1.241089
01881604011716	98000.208944	W	0.039049
01881604761448	98000.247992	S	1.240942
01881628587528	98001.488934	W	0.047935
01881629507888	98001.536869	S	1.232072
01881653163680	98002.768942	W	0.038986
01881653912212	98002.807928	S	1.251005
01881677931500	98004.058932	W	0.020530
01881678325668	98004.079462	S	1.259477
01881702507620	98005.338939	W	0.020664
01881702904376	98005.359603	S	1.259320
01881727083320	98006.618923	W	0.020662
01881727480028	98006.639585	S	1.259330
01881751659172	98007.898915	W	0.020653
01881752055712	98007.919568	S	1.249344
01881776043120	98009.168912	W	0.037895
01881776770700	98009.206807	S	1.252108
01881800811168	98010.458915	W	0.020666
01881801207952	98010.479581	S	1.259326
01881825387016	98011.738907	W	0.020673
01881825783940	98011.759580	S	1.259333
01881849963136	98013.018913	W	0.048820
01881850900476	98013.067733	S	1.221163
01881874346812	98014.288896	W	0.047967
01881875267776	98014.336863	S	1.232031
01881898922776	98015.568895	W	0.038994
01881899671464	98015.607889	S	1.251004
01881923690732	98016.858892	W	0.019669
01881924068368	98016.878561	S	1.260317
01881948266452	98018.138878	W	0.019696
01881948644624	98018.158574	S	1.250296
01881972650312	98019.408870	W	0.047935
01881973570672	98019.456806	S	1.232074
01881997226488	98020.688880	W	0.038985
01881997975004	98020.727865	S	1.251004
01882021994280	98021.978869	W	0.047843
01882022912860	98022.026711	S	1.222149
01882046378128	98023.248861	W	0.047998
01882047299692	98023.296859	S	1.242007
01882071146228	98024.538866	W	0.019651
01882071523520	98024.558517	S	1.250337
01882095529996	98025.808854	W	0.038087
01882096261260	98025.846941	S	1.251915
01882120298024	98027.098855	W	0.019705
01882120676360	98027.118560	S	1.260283
01882144873800	98028.378844	W	0.047904
01882145793556	98028.426748	S	1.222094
01882169257752	98029.648841	W	0.047990
01882170179160	98029.696831	S	1.232011
01882193833764	98030.928842	W	0.048039
01882194756104	98030.976880	S	1.241960
01882218601732	98032.218840	W	0.020534
01882218995976	98032.239374	S	1.249452
01882242985456	98033.488826	W	0.055956
01882244059812	98033.544782	S	1.224044
01882267561448	98034.768825	W	0.038883
01882268307992	98034.807708	S	1.241113
01882292137356	98036.048821	W	0.038045
01882292867812	98036.086865	S	1.251948
01882316905216	98037.338813	W	0.019652
01882317282544	98037.358466	S	1.260342
01882341481116	98038.618808	W	0.046894
01882342381480	98038.665702	S	1.223099
01882365864972	98039.888801	W	0.038956
01882366612936	98039.927757	S	1.251049
01882390633080	98041.178806	W	0.019673
01882391010800	98041.198479	S	1.250312
01882415016800	98042.448792	W	0.055960
01882416091240	98042.504752	S	1.224030
01882439592624	98043.728782	W	0.047945
01882440513168	98043.776727	S	1.232063
01882464168772	98045.008790	W	0.038010
01882464898568	98045.046800	S	1.251980
01882488936592	98046.298781	W	0.047895
01882489856180	98046.346676	S	1.222097
01882513320440	98047.568773	W	0.038975
01882514068768	98047.607748	S	1.251028
01882538088500	98048.858776	W	0.019672
01882538466196	98048.878448	S	1.250319
01882562472312	98050.128766	W	0.037931
01882563200580	98050.166697	S	1.252069
01882587240300	98051.418766	W	0.019639
01882587617360	98051.438404	S	1.260349
01882611816056	98052.698753	W	0.019619
01882612192748	98052.718372	S	1.260392
01882636392280	98053.978765	W	0.019571
01882636768040	98053.998335	S	1.250407
01882660775848	98055.248742	W	0.055977
01882661850600	98055.304719	S	1.224024
01882685351852	98056.528742	W	0.039039
01882686101404	98056.567781	S	1.250960
01882710119836	98057.818741	W	0.019642
01882710496956	98057.838383	S	1.250359
01882734503844	98059.088742	W	0.038025
01882735233928	98059.126767	S	1.251967
01882759271696	98060.378734	W	0.019564
01882759647324	98060.398298	S	1.250422
01882783655424	98061.648720	W	0.038050
01882784385984	98061.686770	S	1.251948
01882808423388	98062.938718	W	0.047828
01882809341692	98062.986546	S	1.222164
01882832807232	98064.208710	W	0.047974
01882833728340	98064.256684	S	1.242033
01882857575364	98065.498717	W	0.019689
01882857953384	98065.518405	S	1.260298
01882882151112	98066.778704	W	0.019707
01882882529484	98066.798411	S	1.250296
01882906535160	98068.048706	W	0.037966
01882907264100	98068.086672	S	1.252029
01882931303048	98069.338700	W	0.047896
01882932222652	98069.386596	S	1.222107
01882955687116	98070.608704	W	0.038978
01882956435488	98070.647682	S	1.251004
01882980454764	98071.898686	W	0.019670
01882980832424	98071.918355	S	1.250321
01883004838588	98073.168676	W	0.047925
01883005758752	98073.216602	S	1.232073
01883029414556	98074.448675	W	0.047965
01883030335488	98074.496640	S	1.232040
01883053990660	98075.728680	W	0.038946
01883054738432	98075.767627	S	1.251045
01883078758500	98077.018672	W	0.055860
01883079831012	98077.074532	S	1.214134
01883103142392	98078.288666	W	0.038951
01883103890256	98078.327618	S	1.241043
01883127718284	98079.568661	W	0.047982
01883128639532	98079.616642	S	1.232015
01883152294216	98080.848657	W	0.038941
01883153041888	98080.887598	S	1.241051
01883176870068	98082.128649	W	0.039057
01883177619964	98082.167706	S	1.250938
01883201637976	98083.418645	W	0.019670
01883202015648	98083.438315	S	1.260325
01883226213892	98084.698640	W	0.019549
01883226589236	98084.718189	S	1.250447
01883250597824	98085.968637	W	0.037913
01883251325744	98086.006549	S	1.252094
01883275365940	98087.258643	W	0.055867
01883276438584	98087.314510	S	1.214117
01883299749624	98088.528626	W	0.038968
01883300497800	98088.567594	S	1.241032
01883324325624	98089.808626	W	0.047980
01883325246844	98089.856606	S	1.232010
01883348901432	98091.088616	W	0.047978
01883349822616	98091.136595	S	1.242020
01883373669392	98092.378614	W	0.048877
01883374607832	98092.427491	S	1.221113
01883398053200	98093.648604	W	0.038897
01883398800020	98093.687501	S	1.241107
01883422629272	98094.928608	W	0.047967
01883423550240	98094.976575	S	1.232028
01883447205172	98096.208603	W	0.038991
01883447953800	98096.247594	S	1.251005
01883471973096	98097.498599	W	0.047887
01883472892536	98097.546486	S	1.222110
01883496357048	98098.768596	W	0.038912
01883497104164	98098.807509	S	1.241080
01883520932900	98100.048589	W	0.048037
01883521855216	98100.096626	S	1.231960
01883545508848	98101.328586	W	0.047956
01883546429596	98101.376541	S	1.232030
01883570084580	98102.608572	W	0.038997
01883570833316	98102.647569	S	1.241003
01883594660580	98103.888572	W	0.047964
01883595581484	98103.936536	S	1.232036
01883619236576	98105.168572	W	0.056958
01883620330176	98105.225530	S	1.223035
01883643812440	98106.448565	W	0.038926
01883644559820	98106.487491	S	1.241067
01883668388316	98107.728558	W	0.039008
01883669137268	98107.767566	S	1.240983
01883692964148	98109.008549	W	0.038915
01883693711324	98109.047465	S	1.241089
01883717540228	98110.288554	W	0.047948
01883718460836	98110.336502	S	1.232044
01883742116088	98111.568546	W	0.047969
01883743037092	98111.616515	S	1.232023
01883766691936	98112.848538	W	0.047982
01883767613188	98112.896520	S	1.232016
01883791267888	98114.128536	W	0.038922
01883792015188	98114.167458	S	1.241079
01883815843912	98115.408537	W	0.038974
01883816592216	98115.447511	S	1.251010
01883840611604	98116.698521	W	0.055849
01883841683900	98116.754370	S	1.214148
01883864995536	98117.968518	W	0.047985
01883865916840	98118.016502	S	1.232015
01883889571520	98119.248517	W	0.038987
01883890320076	98119.287504	S	1.241009
01883914147440	98120.528512	W	0.047981
01883915068684	98120.576494	S	1.232012
01883938723320	98121.808506	W	0.038957
01883939471296	98121.847463	S	1.241042
01883963299308	98123.088506	W	0.039026
01883964048600	98123.127531	S	1.240973
01883987875276	98124.368504	W	0.047999
01883988796848	98124.416502	S	1.241973
01884012642728	98125.658475	W	0.054814
01884013695160	98125.713290	S	1.215203
01884037027052	98126.928492	W	0.048014
01884037948920	98126.976506	S	1.241979
01884061794908	98128.218485	W	0.020693
01884062192216	98128.239178	S	1.249299
01884086178752	98129.488477	W	0.038915
01884086925912	98129.527391	S	1.241081
01884110754668	98130.768472	W	0.038977
01884111503036	98130.807450	S	1.241031
01884135330824	98132.048480	W	0.038966
01884136078972	98132.087446	S	1.251023
01884160098620	98133.338470	W	0.047892
01884161018156	98133.386362	S	1.222096
01884184482392	98134.608458	W	0.048919
01884185421628	98134.657376	S	1.231077
01884209058304	98135.888453	W	0.038971
01884209806548	98135.927424	S	1.241028
01884233634288	98137.168453	W	0.038965
01884234382408	98137.207417	S	1.251031
01884258402196	98138.458448	W	0.019635
01884258779188	98138.478083	S	1.250355
01884282786000	98139.728438	W	0.047914
01884283705940	98139.776351	S	1.232093
01884307362124	98141.008444	W	0.048713
01884308297408	98141.057157	S	1.231277
01884331937924	98142.288434	W	0.047975
01884332859040	98142.336408	S	1.242015
01884356705728	98143.578423	W	0.048910
01884357644800	98143.627333	S	1.221087
01884381089676	98144.848421	W	0.047908
01884382009508	98144.896329	S	1.232090
01884405665640	98146.128419	W	0.047954
01884406586364	98146.176373	S	1.232041
01884430241544	98147.408414	W	0.039012
01884430990580	98147.447426	S	1.240985
01884454817492	98148.688411	W	0.039026
01884455566784	98148.727437	S	1.240968
01884479393360	98149.968404	W	0.038891
01884480140076	98150.007296	S	1.241109
01884503969372	98151.248405	W	0.038015
01884504699268	98151.286420	S	1.241985
01884528545384	98152.528405	W	0.037971
01884529274428	98152.566376	S	1.252011
01884553313036	98153.818387	W	0.019721
01884553691680	98153.838108	S	1.260275
01884577888952	98155.098383	W	0.019652
01884578266276	98155.118035	S	1.260347
01884602464940	98156.378382	W	0.038828
01884603210428	98156.417210	S	1.231163
01884626848752	98157.648372	W	0.046967
01884627750516	98157.695339	S	1.233029
01884651424680	98158.928369	W	0.039072
01884652174868	98158.967441	S	1.250931
01884676192736	98160.218372	W	0.019652
01884676570064	98160.238024	S	1.260335
01884700768496	98161.498359	W	0.019723
01884701147172	98161.518082	S	1.260280
01884725344544	98162.778362	W	0.047841
01884726263096	98162.826203	S	1.222151
01884749728404	98164.048354	W	0.039023
01884750477636	98164.087377	S	1.240968
01884774304228	98165.328345	W	0.047979
01884775225432	98165.376325	S	1.232022
01884798880256	98166.608347	W	0.037942
01884799608740	98166.646289	S	1.252049
01884823648084	98167.898338	W	0.019610
01884824024600	98167.917948	S	1.260391
01884848224116	98169.178339	W	0.047879
01884849143400	98169.226219	S	1.222110
01884872607920	98170.448329	W	0.038942
01884873355612	98170.487271	S	1.251059
01884897375936	98171.738330	W	0.019679
01884897753764	98171.758009	S	1.250301
01884921759552	98173.008310	W	0.047993
01884922681016	98173.056303	S	1.242021
01884946527824	98174.298324	W	0.019693
01884946905928	98174.318017	S	1.260279
01884971103288	98175.578296	W	0.019644
01884971480456	98175.597940	S	1.260367
01884995679496	98176.858307	W	0.019619
01884996056180	98176.877926	S	1.260378
01885020255432	98178.138304	W	0.055814
01885021327056	98178.194117	S	1.214190
01885044639512	98179.408308	W	0.039023
01885045388752	98179.447331	S	1.250959
01885069407160	98180.698290	W	0.019560
01885069782712	98180.717850	S	1.250447
01885093791288	98181.968296	W	0.048001
01885094712908	98182.016297	S	1.241986
01885118559040	98183.258283	W	0.019640
01885118936124	98183.277923	S	1.260355
01885143134940	98184.538278	W	0.019760
01885143514340	98184.558039	S	1.260238
01885167710904	98185.818276	W	0.019630
01885168087800	98185.837906	S	1.260356
01885192286644	98187.098263	W	0.055829
01885193358552	98187.154091	S	1.214178
01885216670776	98188.368270	W	0.038918
01885217418008	98188.407188	S	1.241081
01885241246768	98189.648269	W	0.038994
01885241995444	98189.687263	S	1.250995
01885266014548	98190.938258	W	0.019607
01885266391000	98190.957865	S	1.260376
01885290590228	98192.218241	W	0.047893
01885291509772	98192.266134	S	1.222103
01885314974156	98193.488237	W	0.038966
01885315722300	98193.527203	S	1.241031
01885339550100	98194.768234	W	0.046986
01885340452224	98194.815220	S	1.233016
01885364126140	98196.048236	W	0.047961
01885365046992	98196.096197	S	1.232024
01885388701860	98197.328222	W	0.047964
01885389622776	98197.376186	S	1.232043
01885413277996	98198.608229	W	0.047938
01885414198396	98198.656166	S	1.232066
01885437854064	98199.888233	W	0.039011
01885438603080	98199.927244	S	1.250973
01885462621768	98201.178217	W	0.019602
01885462998128	98201.197819	S	1.260397
01885487197744	98202.458216	W	0.019671
01885487575428	98202.477887	S	1.260326
01885511773696	98203.738213	W	0.047839
01885512692212	98203.786053	S	1.222152
01885536157524	98205.008204	W	0.047994
01885537079016	98205.056199	S	1.242001
01885560925444	98206.298200	W	0.019579
01885561301352	98206.317779	S	1.260420
01885585501416	98207.578199	W	0.019610
01885585877924	98207.597809	S	1.250390
01885609885412	98208.848199	W	0.047933
01885610805732	98208.896132	S	1.232053
01885634461156	98210.128185	W	0.039011
01885635210176	98210.167197	S	1.250981
01885659229016	98211.418178	W	0.019568
01885659604728	98211.437746	S	1.250433
01885683613048	98212.688180	W	0.056010
01885684688444	98212.744190	S	1.223982
01885708188900	98213.968172	W	0.038903
01885708935836	98214.007075	S	1.241088
01885732764728	98215.248163	W	0.039018
01885733513872	98215.287181	S	1.240990
01885757340876	98216.528171	W	0.047960
01885758261704	98216.576130	S	1.232009
01885781916280	98217.808140	W	0.047979
01885782837468	98217.856118	S	1.232033
01885806492508	98219.088151	W	0.037984
01885807221804	98219.126136	S	1.252015
01885831260484	98220.378150	W	0.020705
01885831658024	98220.398855	S	1.259280
01885855836200	98221.658135	W	0.020520
01885856230180	98221.678655	S	1.249497
01885880220524	98222.928152	W	0.047949
01885881141140	98222.976101	S	1.232028
01885904796072	98224.208129	W	0.048005
01885905717768	98224.256134	S	1.241982
01885929563832	98225.498116	W	0.019659
01885929941284	98225.517775	S	1.250345
01885953947904	98226.768120	W	0.047929
01885954868148	98226.816049	S	1.232068
01885978523844	98228.048117	W	0.047852
01885979442604	98228.095969	S	1.232158
01886003100032	98229.328127	W	0.038906
01886003847028	98229.367033	S	1.241070
01886027675572	98230.608103	W	0.039021
01886028424784	98230.647124	S	1.240976
01886052251516	98231.888100	W	0.038958
01886052999504	98231.927057	S	1.241039
01886076827452	98233.168096	W	0.047987
01886077748808	98233.216084	S	1.232007
01886101403336	98234.448090	W	0.038894
01886102150096	98234.486984	S	1.241112
01886125979452	98235.728096	W	0.039028
01886126728796	98235.767125	S	1.240970
01886150555412	98237.008094	W	0.037974
01886151284508	98237.046068	S	1.252017
01886175323240	98238.298085	W	0.019658
01886175700668	98238.317743	S	1.260338
01886199899164	98239.578081	W	0.019606
01886200275604	98239.597688	S	1.250392
01886224283136	98240.848080	W	0.055940
01886225357188	98240.904020	S	1.224051
01886248858968	98242.128071	W	0.047908
01886249778800	98242.175979	S	1.232083
01886273434796	98243.408062	W	0.037985
01886274164108	98243.446047	S	1.252009
01886298202676	98244.698056	W	0.055837
01886299274748	98244.753893	S	1.214161
01886322586648	98245.968055	W	0.039006
01886323335564	98246.007061	S	1.250986
01886347354504	98247.258047	W	0.019612
01886347731056	98247.277659	S	1.260383
01886371930416	98248.538043	W	0.019633
01886372307376	98248.557676	S	1.250368
01886396314448	98249.808044	W	0.047932
01886397234744	98249.855976	S	1.232069
01886420890468	98251.088045	W	0.047976
01886421811600	98251.136021	S	1.232009
01886445466180	98252.368030	W	0.038968
01886446214368	98252.406998	S	1.251030
01886470234140	98253.658028	W	0.019707
01886470612520	98253.677735	S	1.260290
01886494810096	98254.938026	W	0.047831
01886495728456	98254.985857	S	1.222151
01886519193748	98256.208008	W	0.039024
01886519943004	98256.247031	S	1.240981
01886543769840	98257.488013	W	0.049012
01886544710872	98257.537025	S	1.240994
01886568537964	98258.778019	W	0.020646
01886568934360	98258.798665	S	1.259344
01886593113756	98260.058008	W	0.020544
01886593508200	98260.078552	S	1.249445
01886617497552	98261.327998	W	0.037964
01886618226464	98261.365962	S	1.242030
01886642073440	98262.607992	W	0.047965
01886642994364	98262.655956	S	1.232029
01886666649320	98263.887985	W	0.047968
01886667570312	98263.935954	S	1.232029
01886691225276	98265.167983	W	0.056979
01886692319276	98265.224962	S	1.223020
01886715801256	98266.447982	W	0.047998
01886716722816	98266.495980	S	1.232007
01886740377356	98267.727987	W	0.047913
01886741297280	98267.775900	S	1.232065
01886764952928	98269.007965	W	0.047997
01886765874468	98269.055962	S	1.232003
01886789528920	98270.287965	W	0.047976
01886790450056	98270.335940	S	1.232020
01886814104844	98271.567961	W	0.039003
01886814853700	98271.606964	S	1.240992
01886838680744	98272.847955	W	0.038939
01886839428372	98272.886894	S	1.241061
01886863256752	98274.127956	W	0.056962
01886864350432	98274.184918	S	1.223032
01886887832652	98275.407951	W	0.039003
01886888581508	98275.446954	S	1.250993
01886912600568	98276.697946	W	0.020700
01886912998012	98276.718646	S	1.259300
01886937176580	98277.977947	W	0.048843
01886938114368	98278.026790	S	1.221142
01886961560296	98279.247932	W	0.048015
01886962482176	98279.295947	S	1.241982
01886986328232	98280.537929	W	0.019695
01886986706372	98280.557624	S	1.260296
01887010904060	98281.817920	W	0.019706
01887011282416	98281.837626	S	1.250292
01887035288020	98283.087918	W	0.047983
01887036209300	98283.135901	S	1.232010
01887059863896	98284.367911	W	0.047977
01887060785052	98284.415888	S	1.232026
01887084439948	98285.647914	W	0.038005
01887085169648	98285.685919	S	1.251982
01887109207708	98286.937901	W	0.048908
01887110146748	98286.986810	S	1.221089
01887133591652	98288.207899	W	0.038910
01887134338732	98288.246809	S	1.241095
01887158167752	98289.487904	W	0.037935
01887158896100	98289.525839	S	1.252047
01887182935412	98290.777886	W	0.019562
01887183311008	98290.797448	S	1.250438
01887207319420	98292.047886	W	0.039026
01887208068728	98292.086913	S	1.240977
01887231895484	98293.327890	W	0.038904
01887232642440	98293.366794	S	1.241084
01887256471260	98294.607878	W	0.048021
01887257393264	98294.655899	S	1.231972
01887281047128	98295.887871	W	0.047983
01887281968400	98295.935854	S	1.232021
01887305623212	98297.167876	W	0.038930
01887306370676	98297.206806	S	1.241057
01887330198972	98298.447863	W	0.047929
01887331119216	98298.495793	S	1.232067
01887354774896	98299.727859	W	0.038922
01887355522208	98299.766782	S	1.241079
01887379350924	98301.007861	W	0.047967
01887380271892	98301.055828	S	1.232025
01887403926764	98302.287852	W	0.038968
01887404674952	98302.326820	S	1.241022
01887428502584	98303.567843	W	0.037986
01887429231916	98303.605829	S	1.252014
01887453270592	98304.857843	W	0.019609
01887453647088	98304.877453	S	0.975646
01887472379500	98305.853099	W	2.122808
01887513137408	98307.975907	S	0.721972
01887526999268	98308.697879	W	0.047794
01887527916904	98308.745672	S	0.291476
01887533513240	98309.037148	W	0.015749
01887533815620	98309.052897	S	0.013952
01887534083496	98309.066849	W	0.015334
01887534377916	98309.082183	S	0.885641
01887551382220	98309.967824	W	0.038897
01887552129036	98310.006721	S	1.241039
01887575956992	98311.247760	W	0.048060
01887576879748	98311.295820	S	1.241932
01887600724840	98312.537752	W	0.019697
01887601103016	98312.557449	S	1.250308
01887625108928	98313.807757	W	0.037983
01887625838208	98313.845740	S	1.252009
01887649876780	98315.097749	W	0.019724
01887650255476	98315.117473	S	1.250338
01887674261960	98316.367810	W	0.037963
01887674990840	98316.405773	S	1.252016
01887699029540	98317.657789	W	0.055887
01887700102576	98317.713676	S	1.214105
01887723413400	98318.927781	W	0.038923
01887724160728	98318.966705	S	1.241080
01887747989460	98320.207784	W	0.038999
01887748738244	98320.246784	S	1.250993
01887772757308	98321.497776	W	0.019563
01887773132924	98321.517340	S	1.250443
01887797141432	98322.767783	W	0.038914
01887797888584	98322.806697	S	1.241072
01887821717164	98324.047769	W	0.038941
01887822464828	98324.086710	S	1.241062
01887846293220	98325.327772	W	0.047950
01887847213860	98325.375722	S	1.232040
01887870869028	98326.607762	W	0.037902
01887871596740	98326.645664	S	1.242092
01887895444904	98327.887755	W	0.046979
01887896346908	98327.934735	S	1.233011
01887920020716	98329.167746	W	0.038869
01887920767008	98329.206615	S	1.241136
01887944596828	98330.447751	W	0.047960
01887945517656	98330.495711	S	1.242040
01887969364832	98331.737752	W	0.019575
01887969740668	98331.757326	S	1.250408
01887993748504	98333.007735	W	0.037986
01887994477832	98333.045720	S	1.242010
01888018324432	98334.287731	W	0.037929
01888019052668	98334.325660	S	1.252061
01888043092232	98335.577720	W	0.019739
01888043471228	98335.597460	S	1.260265
01888067668312	98336.857725	W	0.047816
01888068586380	98336.905541	S	1.222179
01888092052212	98338.127719	W	0.038971
01888092800452	98338.166690	S	1.241025
01888116628124	98339.407715	W	0.047976
01888117549256	98339.455690	S	1.232006
01888141203780	98340.687697	W	0.037968
01888141932764	98340.725665	S	1.242038
01888165779892	98341.967703	W	0.037969
01888166508904	98342.005672	S	1.252036
01888190547988	98343.257708	W	0.047881
01888191467304	98343.305589	S	1.222115
01888214931916	98344.527704	W	0.038950
01888215679760	98344.566654	S	1.251042
01888239699768	98345.817696	W	0.019671
01888240077460	98345.837368	S	1.250318
01888264083572	98347.087686	W	0.048017
01888265005504	98347.135703	S	1.241975
01888288851428	98348.377679	W	0.019633
01888289228372	98348.397311	S	1.250370
01888313235480	98349.647681	W	0.037985
01888313964788	98349.685666	S	1.252004
01888338003264	98350.937670	W	0.019579
01888338379188	98350.957249	S	1.250420
01888362387252	98352.207669	W	0.037952
01888363115936	98352.245622	S	1.252047
01888387155232	98353.497668	W	0.019659
01888387532684	98353.517327	S	1.260326
01888411730952	98354.777654	W	0.019578
01888412106848	98354.797232	S	1.250404
01888436114596	98356.047635	W	0.037977
01888436843752	98356.085612	S	1.242032
01888460690772	98357.327644	W	0.037946
01888461419332	98357.365590	S	1.252054
01888485458768	98358.617644	W	0.019678
01888485836584	98358.637322	S	1.260325
01888510034816	98359.897647	W	0.019638
01888510411860	98359.917284	S	1.260360
01888534610764	98361.177644	W	0.019590
01888534986884	98361.197234	S	1.260392
01888559186416	98362.457626	W	0.022686
01888559621996	98362.480312	S	1.257310
01888583762348	98363.737622	W	0.019741
01888584141372	98363.757363	S	1.260259
01888608338348	98365.017622	W	0.019592
01888608714508	98365.037214	S	1.250403
01888632722252	98366.287617	W	0.037995
01888633451760	98366.325613	S	1.252001
01888657490184	98367.577614	W	0.019669
01888657867836	98367.597283	S	1.260306
01888682065708	98368.857589	W	0.019744
01888682444796	98368.877333	S	1.260268
01888706641940	98370.137601	W	0.019629
01888707018816	98370.157230	S	1.250370
01888731025916	98371.407600	W	0.037900
01888731753588	98371.445499	S	1.242101
01888755601932	98372.687601	W	0.047914
01888756521872	98372.735514	S	1.232085
01888780177900	98373.967599	W	0.039047
01888780927608	98374.006646	S	1.250934
01888804945536	98375.257580	W	0.019642
01888805322660	98375.277222	S	1.260357
01888829521516	98376.537579	W	0.019723
01888829900188	98376.557301	S	1.260273
01888854097432	98377.817575	W	0.019642
01888854474560	98377.837217	S	1.260347
01888878673224	98379.097564	W	0.019615
01888879049840	98379.117179	S	1.250394
01888903057412	98380.367574	W	0.037937
01888903785800	98380.405510	S	1.242044
01888927633052	98381.647555	W	0.055896
01888928706260	98381.703451	S	1.224115
01888952209260	98382.927566	W	0.048968
01888953149444	98382.976534	S	1.241014
01888976976920	98384.217548	W	0.019747
01888977356060	98384.237295	S	1.260249
01889001552832	98385.497543	W	0.019683
01889001930748	98385.517226	S	1.260317
01889026128828	98386.777543	W	0.019759
01889026508192	98386.797302	S	1.260239
01889050704784	98388.057541	W	0.019742
01889051083824	98388.077283	S	1.260247
01889075280576	98389.337530	W	0.019756
01889075659892	98389.357286	S	1.260244
01889099856584	98390.617530	W	0.047822
01889100774772	98390.665353	S	1.222175
01889124240524	98391.887527	W	0.047983
01889125161800	98391.935510	S	1.242007
01889149008336	98393.177517	W	0.019755
01889149387624	98393.197272	S	1.260238
01889173584200	98394.457510	W	0.019780
01889173963976	98394.477290	S	1.260226
01889198160308	98395.737516	W	0.019646
01889198537520	98395.757162	S	1.250340
01889222544052	98397.007503	W	0.038063
01889223274860	98397.045566	S	1.251928
01889247311876	98398.297494	W	0.019639
01889247688952	98398.317133	S	1.250354
01889271695756	98399.567487	W	0.038010
01889272425544	98399.605497	S	1.251990
01889296463752	98400.857487	W	0.019643
01889296840888	98400.877130	S	1.260364
01889321039868	98402.137493	W	0.019717
01889321418436	98402.157210	S	1.260270
01889345615624	98403.417480	W	0.019696
01889345993784	98403.437176	S	1.260301
01889370191560	98404.697477	W	0.019732
01889370570408	98404.717209	S	1.260269
01889394767568	98405.977477	W	0.019686
01889395145536	98405.997163	S	1.260304
01889419343368	98407.257467	W	0.022714
01889419779484	98407.280181	S	1.257287
01889443919404	98408.537469	W	0.020661
01889444316088	98408.558130	S	1.259332
01889468495260	98409.817461	W	0.020665
01889468892036	98409.838127	S	1.249335
01889492879268	98411.087462	W	0.055894
01889493952424	98411.143355	S	1.224093
01889517455008	98412.367448	W	0.049010
01889518395992	98412.416458	S	1.240976
01889542222740	98413.657434	W	0.020536
01889542617032	98413.677970	S	1.259465
01889566798752	98414.937435	W	0.020705
01889567196288	98414.958140	S	1.259296
01889591374780	98416.217436	W	0.020546
01889591769264	98416.237982	S	1.249452
01889615758736	98417.487434	W	0.038985
01889616507252	98417.526419	S	1.251001
01889640526480	98418.777421	W	0.020525
01889640920552	98418.797945	S	1.249481
01889664910580	98420.047426	W	0.038000
01889665640184	98420.085426	S	1.251988
01889689678352	98421.337414	W	0.048828
01889690615856	98421.386242	S	1.221167
01889714062268	98422.607410	W	0.038916
01889714809464	98422.646326	S	1.241075
01889738638108	98423.887401	W	0.038951
01889739385960	98423.926352	S	1.251054
01889763406204	98425.177406	W	0.019639
01889763783276	98425.197046	S	1.250359
01889787790168	98426.447405	W	0.056915
01889788882940	98426.504320	S	1.223078
01889812366036	98427.727398	W	0.047972
01889813287092	98427.775369	S	1.232028
01889836942020	98429.007397	W	0.038892
01889837688752	98429.046289	S	1.241094
01889861517748	98430.287383	W	0.038063
01889862248552	98430.325445	S	1.251925
01889886285504	98431.577370	W	0.046819
01889887184432	98431.624189	S	1.223182
01889910669532	98432.847371	W	0.047936
01889911589904	98432.895308	S	1.232056
01889935245388	98434.127364	W	0.047985
01889936166704	98434.175349	S	1.232022
01889959821528	98435.407371	W	0.039008
01889960570488	98435.446380	S	1.240984
01889984397384	98436.687364	W	0.038957
01889985145368	98436.726321	S	1.241032
01890008973180	98437.967353	W	0.048037
01890009895492	98438.015390	S	1.231958
01890033549092	98439.247349	W	0.047940
01890034469548	98439.295289	S	1.232056
01890058125032	98440.527345	W	0.038999
01890058873820	98440.566345	S	1.241002
01890082701052	98441.807346	W	0.038951
01890083448904	98441.846297	S	1.241035
01890107276780	98443.087332	W	0.038966
01890108024924	98443.126298	S	1.241029
01890131852680	98444.367327	W	0.048018
01890132774624	98444.415345	S	1.241988
01890156620796	98445.657333	W	0.047880
01890157540096	98445.705213	S	1.222110
01890181004612	98446.927324	W	0.038984
01890181753108	98446.966308	S	1.251015
01890205772600	98448.217323	W	0.019636
01890206149616	98448.236959	S	1.250350
01890230156344	98449.487310	W	0.038947
01890230904124	98449.526256	S	1.241050
01890254732280	98450.767306	W	0.039004
01890255481148	98450.806310	S	1.250999
01890279500336	98452.057309	W	0.019609
01890279876828	98452.076918	S	1.260387
01890304076252	98453.337305	W	0.047809
01890304994192	98453.385114	S	1.222188
01890328460204	98454.607302	W	0.038969
01890329208404	98454.646271	S	1.251012
01890353227840	98455.897283	W	0.019602
01890353604196	98455.916885	S	1.250400
01890377611884	98457.167286	W	0.038907
01890378358892	98457.206192	S	1.241091
01890402187844	98458.447284	W	0.048032
01890403110056	98458.495315	S	1.231960
01890426763696	98459.727276	W	0.055955
01890427838024	98459.783230	S	1.224045
01890451339688	98461.007275	W	0.039061
01890452089652	98461.046336	S	1.250915
01890476107228	98462.297251	W	0.047856
01890477026072	98462.345108	S	1.222153
01890500491404	98463.567261	W	0.038942
01890501239096	98463.606203	S	1.241057
01890525067388	98464.847260	W	0.037958
01890525796188	98464.885218	S	1.242042
01890549643392	98466.127260	W	0.047999
01890550564964	98466.175259	S	1.231991
01890574219188	98467.407249	W	0.048002
01890575140820	98467.455251	S	1.231999
01890598795208	98468.687250	W	0.048037
01890599717520	98468.735288	S	1.231957
01890623371100	98469.967245	W	0.048949
01890624310924	98470.016194	S	1.241036
01890648138808	98471.257230	W	0.048911
01890649077900	98471.306141	S	1.221087
01890672522776	98472.527228	W	0.038999
01890673271556	98472.566227	S	1.250996
01890697290676	98473.817223	W	0.019654
01890697668036	98473.836877	S	1.250344
01890721674644	98475.087221	W	0.038986
01890722423180	98475.126207	S	1.251017
01890746442716	98476.377225	W	0.019685
01890746820676	98476.396910	S	1.250287
01890770826184	98477.647197	W	0.038004
01890771555868	98477.685201	S	1.252010
01890795594468	98478.937212	W	0.047885
01890796513852	98478.985096	S	1.222101
01890819978200	98480.207198	W	0.038957
01890820726180	98480.246155	S	1.241042
01890844554180	98481.487197	W	0.047987
01890845475528	98481.535184	S	1.232014
01890869130192	98482.767197	W	0.048969
01890870070396	98482.816166	S	1.241007
01890893897724	98484.057173	W	0.020688
01890894294936	98484.077861	S	1.259327
01890918474020	98485.337189	W	0.020694
01890918871348	98485.357883	S	1.259292
01890943049748	98486.617174	W	0.020748
01890943448104	98486.637922	S	1.259251
01890967625716	98487.897173	W	0.020666
01890968022504	98487.917839	S	1.259332
01890992201676	98489.177171	W	0.020681
01890992598744	98489.197851	S	1.259327
01891016777816	98490.457178	W	0.020530
01891017172000	98490.477708	S	1.249444
01891041161324	98491.727152	W	0.039021
01891041910528	98491.766173	S	1.250980
01891065929340	98493.017153	W	0.048867
01891066867588	98493.066020	S	1.221126
01891090313200	98494.287146	W	0.048965
01891091253320	98494.336110	S	1.241030
01891115081100	98495.577141	W	0.020534
01891115475356	98495.597675	S	1.249470
01891139465188	98496.847145	W	0.039064
01891140215224	98496.886210	S	1.250927
01891164233024	98498.137137	W	0.020531
01891164627228	98498.157668	S	1.259471
01891188809076	98499.417139	W	0.048883
01891189747632	98499.466022	S	1.221109
01891213192928	98500.687132	W	0.038930
01891213940392	98500.726062	S	1.251057
01891237960680	98501.977119	W	0.019685
01891238338640	98501.996804	S	1.250307
01891262344532	98503.247111	W	0.037980
01891263073740	98503.285091	S	1.252024
01891287112592	98504.537114	W	0.019610
01891287489104	98504.556724	S	1.250391
01891311496604	98505.807115	W	0.037943
01891312225112	98505.845058	S	1.242053
01891336072528	98507.087111	W	0.056007
01891337147856	98507.143118	S	1.223980
01891360648276	98508.367098	W	0.048009
01891361570040	98508.415106	S	1.241987
01891385416184	98509.657093	W	0.019727
01891385794948	98509.676820	S	1.250268
01891409800096	98510.927088	W	0.037951
01891410528760	98510.965040	S	1.242045
01891434376020	98512.207084	W	0.048033
01891435298252	98512.255117	S	1.231967
01891458952020	98513.487084	W	0.047968
01891459873012	98513.535053	S	1.232026
01891483527904	98514.767078	W	0.038955
01891484275836	98514.806033	S	1.241039
01891508103776	98516.047072	W	0.038914
01891508850916	98516.085985	S	1.241078
01891532679620	98517.327064	W	0.048069
01891533602552	98517.375133	S	1.241930
01891557447612	98518.617063	W	0.019670
01891557825272	98518.636733	S	1.260330
01891582023616	98519.897063	W	0.019679
01891582401444	98519.916742	S	1.250309
01891606407384	98521.167051	W	0.037994
01891607136864	98521.205045	S	1.252001
01891631175288	98522.457046	W	0.019739
01891631554276	98522.476785	S	1.260258
01891655751224	98523.737043	W	0.047824
01891656669452	98523.784867	S	1.222173
01891680135164	98525.007040	W	0.049031
01891681076564	98525.056071	S	1.240965
01891704903100	98526.297036	W	0.019640
01891705280192	98526.316677	S	1.260352
01891729478948	98527.577029	W	0.019720
01891729857572	98527.596749	S	1.250289
01891753863116	98528.847037	W	0.038947
01891754610896	98528.885984	S	1.241044
01891778438940	98530.127028	W	0.048028
01891779361068	98530.175056	S	1.231939
01891803014300	98531.406995	W	0.048003
01891803935952	98531.454997	S	1.232010
01891827590540	98532.687007	W	0.048031
01891828512744	98532.735039	S	1.231962
01891852166420	98533.967001	W	0.055961
01891853240880	98534.022963	S	1.224036
01891876742380	98535.246999	W	0.048916
01891877681568	98535.295915	S	1.231084
01891901318380	98536.526999	W	0.047973
01891902239452	98536.574971	S	1.232025
01891925894328	98537.806996	W	0.048028
01891926816468	98537.855024	S	1.231966
01891950470224	98539.086991	W	0.038913
01891951217360	98539.125904	S	1.241084
01891975046176	98540.366988	W	0.038045
01891975776636	98540.405033	S	1.251944
01891999813964	98541.656977	W	0.047819
01892000732084	98541.704796	S	1.222181
01892024197960	98542.926977	W	0.039011
01892024946968	98542.965988	S	1.240987
01892048773924	98544.206975	W	0.047909
01892049693768	98544.254884	S	1.232081
01892073349724	98545.486965	W	0.047981
01892074270960	98545.534946	S	1.232012
01892097925596	98546.766958	W	0.047921
01892098845688	98546.814880	S	1.232079
01892122501596	98548.046958	W	0.039008
01892123250548	98548.085966	S	1.250978
01892147269332	98549.336944	W	0.019654
01892147646684	98549.356598	S	1.260355
01892171845500	98550.616953	W	0.019571
01892172221260	98550.636524	S	1.250422
01892196229364	98551.886946	W	0.037989
01892196958748	98551.924935	S	1.252001
01892220997168	98553.176936	W	0.019732
01892221376024	98553.196668	S	1.260274
01892245573292	98554.456942	W	0.019598
01892245949568	98554.476540	S	1.260387
01892270148996	98555.736927	W	0.019636
01892270526008	98555.756563	S	1.260352
01892294724772	98557.016915	W	0.019610
01892295101288	98557.036525	S	1.250392
01892319108820	98558.286918	W	0.037995
01892319838320	98558.324913	S	1.251996
01892343876652	98559.576909	W	0.019598
01892344252936	98559.596507	S	1.250403
01892368260664	98560.846910	W	0.038033
01892368990896	98560.884942	S	1.251961
01892393028556	98562.136904	W	0.046829
01892393927672	98562.183733	S	1.223171
01892417412552	98563.406904	W	0.047977
01892418333716	98563.454881	S	1.232014
01892441988376	98564.686895	W	0.037973
01892442717460	98564.724868	S	1.242026
01892466564368	98565.966894	W	0.037939
01892467292796	98566.004833	S	1.242052
01892491140196	98567.246885	W	0.037982
01892491869456	98567.284867	S	1.252016
01892515908168	98568.536884	W	0.019667
01892516285772	98568.556551	S	1.260323
01892540483964	98569.816873	W	0.019613
01892540860524	98569.836486	S	1.260381
01892565059848	98571.096867	W	0.019739
01892565438836	98571.116606	S	1.260266
01892589635944	98572.376872	W	0.047840
01892590554464	98572.424712	S	1.222154
01892614019820	98573.646866	W	0.039039
01892614769376	98573.685905	S	1.250963
01892638787868	98574.936868	W	0.019644
01892639165040	98574.956512	S	1.260338
01892663363528	98576.216850	W	0.019613
01892663740104	98576.236464	S	1.250376
01892687747316	98577.486839	W	0.047993
01892688668772	98577.534832	S	1.232009
01892712323352	98578.766841	W	0.038961
01892713071412	98578.805803	S	1.241032
01892736899236	98580.046835	W	0.048011
01892737821048	98580.094846	S	1.241996
01892761667380	98581.336843	W	0.019725
01892762046108	98581.356568	S	1.260260
01892786243100	98582.616828	W	0.019658
01892786620528	98582.636486	S	1.260333
01892810818920	98583.896819	W	0.055889
01892811891980	98583.952707	S	1.214110
01892835202884	98585.166817	W	0.047970
01892836123900	98585.214786	S	1.232035
01892859778976	98586.446822	W	0.047962
01892860699840	98586.494783	S	1.232030
01892884354816	98587.726813	W	0.047958
01892885275612	98587.774771	S	1.232035
01892908930684	98589.006806	W	0.039031
01892909680084	98589.045838	S	1.240959
01892933506500	98590.286797	W	0.038923
01892934253824	98590.325720	S	1.241079
01892958082540	98591.566799	W	0.057027
01892959177464	98591.623826	S	1.222972
01892982658528	98592.846798	W	0.038962
01892983406592	98592.885760	S	1.241029
01893007234352	98594.126789	W	0.048062
01893008157136	98594.174851	S	1.241938
01893032002348	98595.416789	W	0.019658
01893032379784	98595.436447	S	1.260330
01893056578128	98596.696777	W	0.019665
01893056955704	98596.716443	S	1.260333
01893081154088	98597.976775	W	0.019621
01893081530808	98597.996396	S	1.250368
01893105537876	98599.246764	W	0.056013
01893106613332	98599.302778	S	1.223990
01893130113936	98600.526768	W	0.038966
01893130862076	98600.565733	S	1.241029
01893154689840	98601.806762	W	0.049052
01893155631644	98601.855815	S	1.240947
01893179457832	98603.096762	W	0.020583
01893179853020	98603.117345	S	1.259401
01893204033528	98604.376746	W	0.020736
01893204431660	98604.397482	S	1.259262
01893228609492	98605.656744	W	0.020658
01893229006124	98605.677402	S	1.259344
01893253185536	98606.936747	W	0.056824
01893254276548	98606.993570	S	1.213161
01893277569240	98608.206731	W	0.038981
01893278317676	98608.245712	S	1.241026
01893302145384	98609.486739	W	0.048018
01893303067328	98609.534757	S	1.231970
01893326721152	98610.766727	W	0.038975
01893327469472	98610.805702	S	1.241024
01893351297128	98612.046725	W	0.049056
01893352239004	98612.095781	S	1.240936
01893376064968	98613.336717	W	0.019704
01893376443288	98613.356421	S	1.260292
01893400640892	98614.616713	W	0.019733
01893401019768	98614.636446	S	1.260265
01893425216856	98615.896711	W	0.047816
01893426134916	98615.944527	S	1.222177
01893449600716	98617.166704	W	0.048000
01893450522320	98617.214704	S	1.242004
01893474368804	98618.456709	W	0.019622
01893474745540	98618.476330	S	1.260359
01893498944432	98619.736689	W	0.019673
01893499322160	98619.756363	S	1.260316
01893523520228	98621.016679	W	0.019690
01893523898276	98621.036369	S	1.260315
01893548096328	98622.296684	W	0.019724
01893548475028	98622.316408	S	1.260274
01893572672288	98623.576682	W	0.019623
01893573049040	98623.596304	S	1.260374
01893597248228	98624.856679	W	0.055889
01893598321300	98624.912568	S	1.214106
01893621632128	98626.126673	W	0.047962
01893622553004	98626.174636	S	1.232033
01893646208028	98627.406668	W	0.038975
01893646956352	98627.445643	S	1.251025
01893670976024	98628.696668	W	0.020523
01893671370060	98628.717191	S	1.249465
01893695359796	98629.966656	W	0.040019
01893696128152	98630.006675	S	1.249983
01893720127820	98631.256657	W	0.056818
01893721218728	98631.313475	S	1.213173
01893744511648	98632.526648	W	0.048087
01893745434924	98632.574736	S	1.241911
01893769279620	98633.816647	W	0.020532
01893769673840	98633.837179	S	1.249460
01893793663472	98635.086639	W	0.048031
01893794585676	98635.134671	S	1.231967
01893818239444	98636.366638	W	0.047936
01893819159816	98636.414574	S	1.242053
01893843007240	98637.656627	W	0.047852
01893843926008	98637.704480	S	1.222147
01893867391236	98638.926627	W	0.038953
01893868139140	98638.965580	S	1.241043
01893891967164	98640.206623	W	0.038964
01893892715276	98640.245587	S	1.241036
01893916543176	98641.486624	W	0.038964
01893917291276	98641.525587	S	1.241020
01893941118860	98642.766607	W	0.038059
01893941849600	98642.804667	S	1.251942
01893965886896	98644.056609	W	0.019596
01893966263148	98644.076206	S	1.260398
01893990462780	98645.336603	W	0.055875
01893991535572	98645.392478	S	1.214125
01894014846772	98646.606603	W	0.039029
01894015596124	98646.645631	S	1.240959
01894039422540	98647.886591	W	0.047980
01894040343760	98647.934571	S	1.232024
01894063998620	98649.166595	W	0.048012
01894064920460	98649.214607	S	1.241974
01894088766364	98650.456581	W	0.020727
01894089164316	98650.477308	S	1.259271
01894113342324	98651.736579	W	0.048908
01894114281356	98651.785487	S	1.221086
01894137726208	98653.006573	W	0.047980
01894138647428	98653.054554	S	1.232023
01894162302260	98654.286576	W	0.047904
01894163222024	98654.334480	S	1.232090
01894186878148	98655.566570	W	0.039040
01894187627712	98655.605610	S	1.250948
01894211645920	98656.856558	W	0.047834
01894212564332	98656.904392	S	1.222159
01894236029776	98658.126551	W	0.038992
01894236778420	98658.165543	S	1.241004
01894260605704	98659.406547	W	0.038929
01894261353144	98659.445476	S	1.241066
01894285181616	98660.686542	W	0.039009
01894285930584	98660.725551	S	1.240989
01894309757572	98661.966540	W	0.037950
01894310486212	98662.004490	S	1.252044
01894334525448	98663.256534	W	0.019622
01894334902184	98663.276155	S	1.250386
01894358909588	98664.526541	W	0.037894
01894359637148	98664.564435	S	1.242097
01894383485408	98665.806532	W	0.047014
01894384388084	98665.853546	S	1.232971
01894408061128	98667.086517	W	0.047950
01894408981768	98667.134467	S	1.232048
01894432637096	98668.366515	W	0.055923
01894433710824	98668.422439	S	1.224077
01894457213096	98669.646515	W	0.038973
01894457961368	98669.685488	S	1.251019
01894481980928	98670.936507	W	0.047880
01894482900228	98670.984387	S	1.222121
01894506364948	98672.206508	W	0.038941
01894507112616	98672.245449	S	1.251057
01894531132920	98673.496506	W	0.019650
01894531510208	98673.516157	S	1.260339
01894555708724	98674.776496	W	0.019633
01894556085676	98674.796129	S	1.260365
01894580284676	98676.056494	W	0.019623
01894580661428	98676.076116	S	1.250365
01894604668444	98677.326481	W	0.037999
01894605398032	98677.364481	S	1.252005
01894629436524	98678.616486	W	0.019603
01894629812900	98678.636089	S	1.250390
01894653820396	98679.886479	W	0.055965
01894654894924	98679.942444	S	1.224028
01894678396260	98681.166472	W	0.038985
01894679144768	98681.205457	S	1.241019
01894702972340	98682.446476	W	0.038965
01894703720464	98682.485441	S	1.241012
01894727547888	98683.726453	W	0.048044
01894728470324	98683.774496	S	1.231959
01894752123944	98685.006455	W	0.037935
01894752852304	98685.044391	S	1.252064
01894776891936	98686.296455	W	0.047920
01894777811992	98686.344375	S	1.222075
01894801275836	98687.566450	W	0.048956
01894802215788	98687.615406	S	1.231033
01894825851616	98688.846438	W	0.047932
01894826771916	98688.894371	S	1.232065
01894850427556	98690.126435	W	0.038980
01894851175964	98690.165415	S	1.241030
01894875003748	98691.406445	W	0.039026
01894875753056	98691.445472	S	1.240952
01894899579336	98692.686424	W	0.037982
01894900308584	98692.724405	S	1.252024
01894924347436	98693.976429	W	0.047901
01894925267144	98694.024330	S	1.222090
01894948731268	98695.246420	W	0.038921
01894949478556	98695.285341	S	1.241079
01894973307276	98696.526421	W	0.047039
01894974210432	98696.573460	S	1.232946
01894997882988	98697.806406	W	0.047939
01894998803420	98697.854345	S	1.232056
01895022458900	98699.086401	W	0.038958
01895023206900	98699.125359	S	1.241045
01895047034968	98700.366405	W	0.047973
01895047956052	98700.414378	S	1.232025
01895071610936	98701.646403	W	0.039015
01895072360032	98701.685418	S	1.240974
01895096186736	98702.926392	W	0.037963
01895096915620	98702.964355	S	1.252036
01895120954712	98704.216391	W	0.019772
01895121334332	98704.236163	S	1.260216
01895145530480	98705.496379	W	0.019605
01895145906900	98705.515984	S	1.250403
01895169914632	98706.766387	W	0.037948
01895170643240	98706.804335	S	1.242044
01895194490480	98708.046379	W	0.037987
01895195219828	98708.084366	S	1.252006
01895219258352	98709.336372	W	0.019602
01895219634712	98709.355975	S	1.260395
01895243834292	98710.616369	W	0.019618
01895244210960	98710.635988	S	1.250359
01895268217844	98711.886346	W	0.037976
01895268946992	98711.924322	S	1.242031
01895292793980	98713.166353	W	0.037940
01895293522436	98713.204294	S	1.242049
01895317369784	98714.446343	W	0.056016
01895318445300	98714.502359	S	1.223999
01895341946080	98715.726358	W	0.038952
01895342693956	98715.765310	S	1.241035
01895366521820	98717.006345	W	0.047987
01895367443176	98717.054332	S	1.232003
01895391097632	98718.286335	W	0.047989
01895392019020	98718.334324	S	1.232008
01895415673580	98719.566332	W	0.038882
01895416420108	98719.605214	S	1.241118
01895440249572	98720.846332	W	0.047960
01895441170400	98720.894292	S	1.232031
01895464825392	98722.126323	W	0.039094
01895465575996	98722.165416	S	1.250898
01895489593232	98723.416314	W	0.019625
01895489970028	98723.435939	S	1.250376
01895513977244	98724.686315	W	0.056021
01895515052852	98724.742336	S	1.223974
01895538553160	98725.966310	W	0.038904
01895539300120	98726.005215	S	1.241090
01895563129048	98727.246305	W	0.048035
01895564051324	98727.294340	S	1.231959
01895587704932	98728.526299	W	0.047921
01895588625024	98728.574220	S	1.232077
01895612280896	98729.806297	W	0.047973
01895613201968	98729.854269	S	1.242027
01895637048892	98731.096296	W	0.047852
01895637967648	98731.144148	S	1.222134
01895661432628	98732.366283	W	0.047987
01895662353980	98732.414270	S	1.232014
01895686008648	98733.646284	W	0.038947
01895686756424	98733.685230	S	1.251051
01895710776596	98734.936281	W	0.019697
01895711154788	98734.955979	S	1.260287
01895735352296	98736.216265	W	0.019609
01895735728788	98736.235874	S	1.260395
01895759928368	98737.496269	W	0.019601
01895760304712	98737.515870	S	1.250393
01895784312248	98738.766263	W	0.037967
01895785041216	98738.804230	S	1.252034
01895809080272	98740.056264	W	0.055800
01895810151624	98740.112064	S	1.214190
01895833464080	98741.326254	W	0.048000
01895834385672	98741.374254	S	1.242005
01895858232172	98742.616259	W	0.019745
01895858611284	98742.636004	S	1.260241
01895882807916	98743.896246	W	0.019652
01895883185228	98743.915897	S	1.250341
01895907191776	98745.166238	W	0.049030
01895908133152	98745.215268	S	1.240961
01895931959604	98746.456229	W	0.020647
01895932356024	98746.476876	S	1.259345
01895956535444	98747.736221	W	0.048882
01895957473984	98747.785103	S	1.221121
01895980919500	98749.006224	W	0.047988
01895981840864	98749.054212	S	1.242011
01896005687480	98750.296223	W	0.019646
01896006064692	98750.315869	S	1.250349
01896030071384	98751.566218	W	0.038987
01896030819936	98751.605205	S	1.251011
01896054839356	98752.856216	W	0.047872
01896055758496	98752.904088	S	1.222117
01896079223144	98754.126205	W	0.038967
01896079971304	98754.165172	S	1.241015
01896103798800	98755.406188	W	0.048083
01896104721984	98755.454270	S	1.241934
01896128567108	98756.696204	W	0.019631
01896128944020	98756.715834	S	1.260361
01896153142960	98757.976196	W	0.038876
01896153889384	98758.015072	S	1.231119
01896177526864	98759.246191	W	0.047960
01896178447688	98759.294150	S	1.232038
01896202102820	98760.526189	W	0.047923
01896203022948	98760.574112	S	1.232077
01896226678820	98761.806189	W	0.047965
01896227599756	98761.854154	S	1.232015
01896251254452	98763.086169	W	0.039038
01896252003988	98763.125208	S	1.240962
01896275830452	98764.366169	W	0.037992
01896276559908	98764.404162	S	1.252007
01896300598444	98765.656169	W	0.019743
01896300977516	98765.675912	S	1.260239
01896325174104	98766.936151	W	0.019636
01896325551108	98766.955787	S	1.260369
01896349750184	98768.216155	W	0.019664
01896350127732	98768.235819	S	1.250332
01896374134104	98769.486151	W	0.046953
01896375035600	98769.533104	S	1.233045
01896398710068	98770.766149	W	0.047988
01896399631428	98770.814137	S	1.232005
01896423285924	98772.046142	W	0.048023
01896424207964	98772.094165	S	1.241969
01896448053764	98773.336134	W	0.047905
01896448973536	98773.384038	S	1.222095
01896472437768	98774.606134	W	0.038966
01896473185916	98774.645100	S	1.241038
01896497013836	98775.886137	W	0.048007
01896497935568	98775.934144	S	1.231971
01896521589412	98777.166115	W	0.038004
01896522319080	98777.204119	S	1.251995
01896546357376	98778.456113	W	0.047892
01896547276900	98778.504005	S	1.222109
01896570741396	98779.726114	W	0.048014
01896571663260	98779.774128	S	1.241984
01896595509356	98781.016112	W	0.019564
01896595884992	98781.035677	S	1.250429
01896619893220	98782.286105	W	0.047975
01896620814348	98782.334081	S	1.232021
01896644469156	98783.566102	W	0.039044
01896645218800	98783.605146	S	1.250943
01896669236912	98784.856089	W	0.019668
01896669614544	98784.875758	S	1.260337
01896693813016	98786.136095	W	0.019728
01896694191788	98786.155822	S	1.260271
01896718388984	98787.416093	W	0.019667
01896718766584	98787.435760	S	1.260317
01896742964676	98788.696077	W	0.047896
01896743884284	98788.743973	S	1.222109
01896767348768	98789.966082	W	0.047972
01896768269828	98790.014054	S	1.232018
01896791924576	98791.246072	W	0.038968
01896792672752	98791.285039	S	1.241026
01896816500460	98792.526066	W	0.047974
01896817421556	98792.574039	S	1.232025
01896841076440	98793.806065	W	0.039044
01896841826084	98793.845109	S	1.250960
01896865844520	98795.096069	W	0.047803
01896866762332	98795.143871	S	1.222168
01896890227956	98796.366039	W	0.048066
01896891150832	98796.414106	S	1.241944
01896914996156	98797.656050	W	0.020650
01896915392640	98797.676700	S	1.259346
01896939572088	98798.936046	W	0.020664
01896939968844	98798.956711	S	1.249327
01896963955924	98800.206038	W	0.038972
01896964704180	98800.245009	S	1.241022
01896988531812	98801.486032	W	0.037953
01896989260500	98801.523984	S	1.242054
01897013107928	98802.766038	W	0.037963
01897013836820	98802.804001	S	1.252024
01897037875672	98804.056025	W	0.048891
01897038814372	98804.104915	S	1.221099
01897062259464	98805.326014	W	0.038925
01897063006820	98805.364939	S	1.251073
01897087027424	98806.616012	W	0.019661
01897087404916	98806.635673	S	1.260338
01897111603408	98807.896011	W	0.019600
01897111979728	98807.915611	S	1.250408
01897135987556	98809.166019	W	0.047974
01897136908660	98809.213993	S	1.232010
01897160563256	98810.446003	W	0.047972
01897161484316	98810.493975	S	1.242026
01897185331208	98811.736000	W	0.048838
01897186268896	98811.784838	S	1.221152
01897209715008	98813.005990	W	0.047959
01897210635824	98813.053949	S	1.242035
01897234482904	98814.295985	W	0.019627
01897234859736	98814.315611	S	1.250375
01897258866928	98815.565986	W	0.037982
01897259596176	98815.603968	S	1.252012
01897283634804	98816.855979	W	0.047877
01897284554040	98816.903856	S	1.222120
01897308018748	98818.125976	W	0.038921
01897308766040	98818.164898	S	1.241079
01897332594764	98819.405977	W	0.039005
01897333343668	98819.444983	S	1.240985
01897357170576	98820.685968	W	0.038956
01897357918524	98820.724923	S	1.241032
01897381746336	98821.965955	W	0.038963
01897382494424	98822.004918	S	1.251038
01897406514352	98823.255956	W	0.019654
01897406891716	98823.275610	S	1.260344
01897431090316	98824.535954	W	0.047874
01897432009496	98824.583828	S	1.222115
01897455474104	98825.805943	W	0.038948
01897456221912	98825.844891	S	1.251047
01897480242012	98827.095938	W	0.019606
01897480618448	98827.115544	S	1.250399
01897504626112	98828.365943	W	0.038930
01897505373572	98828.404874	S	1.241067
01897529202064	98829.645941	W	0.038041
01897529932452	98829.683982	S	1.251940
01897553969692	98830.935921	W	0.047848
01897554888364	98830.983769	S	1.222154
01897578353720	98832.205923	W	0.047978
01897579274896	98832.253901	S	1.232020
01897602929684	98833.485921	W	0.038961
01897603677732	98833.524882	S	1.241028
01897627505476	98834.765910	W	0.038960
01897628253508	98834.804870	S	1.241044
01897652081544	98836.045914	W	0.038981
01897652829984	98836.084895	S	1.251012
01897676849408	98837.335907	W	0.019715
01897677227936	98837.355622	S	1.260282
01897701425356	98838.615904	W	0.046815
01897702324208	98838.662719	S	1.223173
01897725809132	98839.885892	W	0.039050
01897726558896	98839.924943	S	1.240951
01897750385148	98841.165893	W	0.048989
01897751325736	98841.214882	S	1.241014
01897775153208	98842.455896	W	0.020527
01897775547328	98842.476423	S	1.249460
01897799536952	98843.725883	W	0.047975
01897800458064	98843.773857	S	1.232019
01897824112820	98845.005876	W	0.039032
01897824862232	98845.044908	S	1.240962
01897848688696	98846.285870	W	0.055926
01897849762472	98846.341795	S	1.224066
01897873264544	98847.565862	W	0.048050
01897874187112	98847.613912	S	1.231933
01897897840224	98848.845845	W	0.055957
01897898914604	98848.901802	S	1.224055
01897922416456	98850.125857	W	0.038989
01897923165052	98850.164846	S	1.241006
01897946992372	98851.405853	W	0.047959
01897947913184	98851.453812	S	1.232042
01897971568388	98852.685854	W	0.047923
01897972488512	98852.733777	S	1.232061
01897996144084	98853.965838	W	0.038917
01897996891288	98854.004755	S	1.241101
01898020720420	98855.245855	W	0.039001
01898021469244	98855.284856	S	1.240979
01898045296036	98856.525835	W	0.047964
01898046216944	98856.573799	S	1.232028
01898069871880	98857.805827	W	0.048984
01898070812380	98857.854811	S	1.241008
01898094639724	98859.095819	W	0.048827
01898095577204	98859.144646	S	1.221175
01898119023760	98860.365821	W	0.039048
01898119773476	98860.404869	S	1.250957
01898143791852	98861.655826	W	0.019638
01898144168908	98861.675464	S	1.260342
01898168367484	98862.935806	W	0.019638
01898168744532	98862.955444	S	1.250362
01898192751484	98864.205806	W	0.047921
01898193671564	98864.253727	S	1.232075
01898217327404	98865.485802	W	0.038994
01898218076088	98865.524796	S	1.250999
01898242095268	98866.775795	W	0.019628
01898242472128	98866.795423	S	1.250371
01898266479248	98868.045794	W	0.038003
01898267208912	98868.083798	S	1.251995
01898291247224	98869.335793	W	0.055815
01898292318876	98869.391608	S	1.214179
01898315631108	98870.605787	W	0.039026
01898316380408	98870.644813	S	1.240973
01898340207096	98871.885786	W	0.047958
01898341127896	98871.933745	S	1.232023
01898364782728	98873.165767	W	0.038948
01898365530520	98873.204715	S	1.251048
01898389550648	98874.455763	W	0.019689
01898389928672	98874.475452	S	1.260306
01898414126544	98875.735758	W	0.019734
01898414505440	98875.755492	S	1.260279
01898438702800	98877.015771	W	0.019685
01898439080752	98877.035456	S	1.260297
01898463278460	98878.295753	W	0.019696
01898463656620	98878.315449	S	1.250303
01898487662428	98879.565751	W	0.037939
01898488390860	98879.603691	S	1.242059
01898512238388	98880.845749	W	0.047989
01898513159768	98880.893738	S	1.232001
01898536814192	98882.125739	W	0.038953
01898537562088	98882.164692	S	1.251038
01898561582024	98883.415730	W	0.047834
01898562500440	98883.463565	S	1.222178
01898585966264	98884.685743	W	0.038905
01898586713244	98884.724648	S	1.241079
01898610541968	98885.965728	W	0.038939
01898611289596	98886.004666	S	1.241054
01898635117836	98887.245721	W	0.038964
01898635865952	98887.284685	S	1.241031
01898659693752	98888.525716	W	0.048026
01898660615844	98888.573742	S	1.231965
01898684269568	98889.805707	W	0.038971
01898685017812	98889.844678	S	1.241034
01898708845668	98891.085712	W	0.039021
01898709594872	98891.124733	S	1.240972
01898733421540	98892.365705	W	0.047964
01898734342448	98892.413669	S	1.232032
01898757997468	98893.645701	W	0.047928
01898758917684	98893.693629	S	1.232069
01898782573400	98894.925698	W	0.047921
01898783493480	98894.973619	S	1.232074
01898807149292	98896.205692	W	0.039062
01898807899288	98896.244755	S	1.250919
01898831916940	98897.495674	W	0.047834
01898832835352	98897.543508	S	1.222179
01898856301188	98898.765687	W	0.048050
01898857223752	98898.813737	S	1.241942
01898881069032	98900.055679	W	0.020683
01898881466148	98900.076362	S	1.259315
01898905644996	98901.335677	W	0.020648
01898906041436	98901.356325	S	1.259347
01898930220892	98902.615671	W	0.020530
01898930615060	98902.636201	S	1.249467
01898954604820	98903.885668	W	0.038928
01898955352240	98903.924596	S	1.251062
01898979372624	98905.175658	W	0.020528
01898979766752	98905.196185	S	1.259478
01899003948728	98906.455663	W	0.048868
01899004886988	98906.504531	S	1.221120
01899028332488	98907.725650	W	0.038961
01899029080548	98907.764612	S	0.081626
01899030647776	98907.846238	W	2.116417
01899071282992	98909.962656	S	0.332993
01899077676460	98910.295649	W	0.019617
01899078053104	98910.315266	S	0.699474
01899091483000	98911.014740	W	0.015880
01899091787900	98911.030620	S	0.011942
01899092017188	98911.042562	W	0.015643
01899092317532	98911.058205	S	0.507469
01899102060932	98911.565674	W	0.039033
01899102810364	98911.604706	S	1.250875
01899126827156	98912.855581	W	0.054849
01899127880256	98912.910430	S	1.215147
01899151211080	98914.125577	W	0.038984
01899151959580	98914.164561	S	1.241014
01899175787048	98915.405575	W	0.038951
01899176534912	98915.444527	S	1.241082
01899200363680	98916.685608	W	0.048021
01899201285684	98916.733629	S	1.231976
01899224939620	98917.965605	W	0.038982
01899225688076	98918.004587	S	1.241017
01899249515600	98919.245604	W	0.048070
01899250438548	98919.293674	S	1.241925
01899274283504	98920.535599	W	0.047843
01899275202084	98920.583442	S	1.222156
01899298667476	98921.805598	W	0.039030
01899299416848	98921.844628	S	1.240966
01899323243404	98923.085594	W	0.047922
01899324163504	98923.133516	S	1.232069
01899347819236	98924.365585	W	0.037945
01899348547784	98924.403530	S	1.242059
01899372395320	98925.645590	W	0.047947
01899373315896	98925.693536	S	1.232034
01899396970956	98926.925571	W	0.038977
01899397719308	98926.964547	S	1.241028
01899421547040	98928.205575	W	0.055916
01899422620636	98928.261491	S	1.224078
01899446122936	98929.485570	W	0.048019
01899447044896	98929.533588	S	1.231981
01899470698924	98930.765569	W	0.047932
01899471619220	98930.813501	S	1.242061
01899495466792	98932.055562	W	0.019699
01899495845004	98932.075261	S	1.260300
01899520042772	98933.335561	W	0.019649
01899520420032	98933.355210	S	1.250340
01899544426552	98934.605550	W	0.047978
01899545347736	98934.653528	S	1.232015
01899569002432	98935.885543	W	0.038962
01899569750496	98935.924505	S	1.251040
01899593770472	98937.175545	W	0.019717
01899594149036	98937.195262	S	1.260272
01899618346268	98938.455535	W	0.019647
01899618723492	98938.475182	S	1.250351
01899642730228	98939.725533	W	0.037977
01899643459392	98939.763510	S	1.242015
01899667306088	98941.005525	W	0.047993
01899668227560	98941.053519	S	1.232012
01899691882192	98942.285531	W	0.039054
01899692632036	98942.324585	S	1.250934
01899716649960	98943.575519	W	0.019630
01899717026848	98943.595148	S	1.250361
01899741033776	98944.845509	W	0.046926
01899741934748	98944.892435	S	1.233068
01899765609652	98946.125503	W	0.047989
01899766531044	98946.173492	S	1.242007
01899790377588	98947.415499	W	0.019664
01899790755140	98947.435164	S	1.260346
01899814953776	98948.695509	W	0.019658
01899815331216	98948.715168	S	1.260324
01899839529436	98949.975491	W	0.019617
01899839906088	98949.995109	S	1.250374
01899863913264	98951.245483	W	0.037934
01899864641600	98951.283417	S	1.252066
01899888681268	98952.535483	W	0.019683
01899889059180	98952.555166	S	1.250312
01899913065172	98953.805478	W	0.047923
01899913985288	98953.853400	S	1.232085
01899937641312	98955.085485	W	0.047960
01899938562152	98955.133445	S	1.242026
01899962409048	98956.375471	W	0.055823
01899963480844	98956.431294	S	1.214170
01899986792904	98957.645464	W	0.048079
01899987716020	98957.693543	S	1.231924
01900011368956	98958.925466	W	0.047963
01900012289844	98958.973429	S	1.232028
01900035944772	98960.205457	W	0.048074
01900036867788	98960.253531	S	1.241919
01900060712628	98961.495449	W	0.019703
01900061090916	98961.515152	S	1.260304
01900085288756	98962.775456	W	0.047898
01900086208400	98962.823354	S	1.222088
01900109672492	98964.045442	W	0.048003
01900110594156	98964.093446	S	1.241996
01900134440480	98965.335442	W	0.020531
01900134834676	98965.355973	S	1.259466
01900159016432	98966.615439	W	0.020529
01900159410580	98966.635968	S	1.259456
01900183592136	98967.895424	W	0.048871
01900184530456	98967.944295	S	1.221135
01900207976252	98969.165430	W	0.038950
01900208724088	98969.204380	S	1.241045
01900232552148	98970.445424	W	0.048051
01900233474720	98970.493475	S	1.241934
01900257319848	98971.735409	W	0.019764
01900257699324	98971.755173	S	1.260239
01900281895916	98973.015412	W	0.047893
01900282815456	98973.063305	S	1.222109
01900306279948	98974.285414	W	0.048014
01900307201808	98974.333427	S	1.241973
01900331047688	98975.575400	W	0.019606
01900331424128	98975.595007	S	1.250386
01900355431540	98976.845393	W	0.037926
01900356159720	98976.883319	S	1.242074
01900380007532	98978.125392	W	0.048015
01900380929424	98978.173407	S	1.231985
01900404583536	98979.405393	W	0.038942
01900405331228	98979.444335	S	1.251048
01900429351356	98980.695383	W	0.019690
01900429729404	98980.715073	S	1.250302
01900453735208	98981.965375	W	0.037975
01900454464320	98982.003350	S	1.252016
01900478503036	98983.255366	W	0.019665
01900478880612	98983.275032	S	1.260324
01900503078836	98984.535356	W	0.047843
01900503997416	98984.583199	S	1.222180
01900527463272	98985.805379	W	0.047968
01900528384248	98985.853346	S	1.232015
01900552038940	98987.085361	W	0.047990
01900552960352	98987.133352	S	1.242006
01900576806868	98988.375358	W	0.020545
01900577201324	98988.395902	S	1.249447
01900601190700	98989.645349	W	0.039005
01900601939588	98989.684354	S	1.250992
01900625958640	98990.935346	W	0.047897
01900626878256	98990.983243	S	1.222098
01900650342528	98992.205340	W	0.038918
01900651089752	98992.244258	S	1.241078
01900674918452	98993.485336	W	0.038000
01900675648048	98993.523336	S	1.241993
01900699494312	98994.765329	W	0.037904
01900700222064	98994.803232	S	1.242100
01900724070376	98996.045332	W	0.037956
01900724799124	98996.083288	S	1.252036
01900748838224	98997.335324	W	0.019619
01900749214916	98997.354944	S	1.260381
01900773414228	98998.615324	W	0.019680
01900773792088	98998.635005	S	1.260306
01900797989964	98999.895311	W	0.055851
01900799062312	98999.951162	S	1.214148
01900822373956	99001.165310	W	0.047964
01900823294856	99001.213274	S	1.232030
01900846949832	99002.445304	W	0.047939
01900847870264	99002.493243	S	1.232052
01900871525656	99003.725295	W	0.039053
01900872275476	99003.764348	S	1.250956
01900896293832	99005.015304	W	0.019575
01900896669680	99005.034879	S	1.260408
01900920869512	99006.295287	W	0.019594
01900921245724	99006.314881	S	1.260400
01900945445396	99007.575281	W	0.019672
01900945823108	99007.594954	S	1.260328
01900970021400	99008.855281	W	0.046844
01900970920804	99008.902125	S	1.223149
01900994405268	99010.125274	W	0.038926
01900995152644	99010.164200	S	1.241076
01901018981312	99011.405277	W	0.048038
01901019903648	99011.453315	S	1.241955
01901043749188	99012.695270	W	0.019632
01901044126128	99012.714902	S	1.260365
01901068325132	99013.975267	W	0.019672
01901068702828	99013.994939	S	1.260321
01901092900984	99015.255260	W	0.055828
01901093972884	99015.311088	S	1.214161
01901117284784	99016.525249	W	0.038915
01901118031960	99016.564165	S	1.241076
01901141860628	99017.805241	W	0.038962
01901142608704	99017.844203	S	1.241039
01901166436644	99019.085242	W	0.038985
01901167185148	99019.124226	S	1.241001
01901191012364	99020.365227	W	0.047973
01901191933444	99020.413200	S	1.232039
01901215588596	99021.645239	W	0.048046
01901216511076	99021.693285	S	1.231948
01901240164480	99022.925233	W	0.048963
01901241104568	99022.974196	S	1.241030
01901264932352	99024.215227	W	0.048892
01901265871080	99024.264119	S	1.221105
01901289316292	99025.485224	W	0.047969
01901290237296	99025.533193	S	1.232020
01901313892084	99026.765213	W	0.047978
01901314813264	99026.813191	S	1.232023
01901338468112	99028.045214	W	0.047965
01901339389048	99028.093180	S	1.232031
01901363044052	99029.325211	W	0.039028
01901363793392	99029.364239	S	1.240968
01901387619984	99030.605208	W	0.048006
01901388541708	99030.653214	S	1.241986
01901412387832	99031.895200	W	0.047872
01901413306976	99031.943072	S	1.222121
01901436771700	99033.165193	W	0.047921
01901437691784	99033.213114	S	1.232071
01901461347548	99034.445185	W	0.047961
01901462268396	99034.493146	S	1.232047
01901485923696	99035.725193	W	0.038946
01901486671460	99035.764139	S	1.251030
01901510691244	99037.015169	W	0.019690
01901511069288	99037.034859	S	1.260311
01901535267260	99038.295170	W	0.019664
01901535644808	99038.314834	S	1.260331
01901559843168	99039.575165	W	0.019655
01901560220536	99039.594820	S	1.260338
01901584419020	99040.855157	W	0.019674
01901584796756	99040.874831	S	1.260334
01901608995164	99042.135165	W	0.019719
01901609373768	99042.154884	S	1.260276
01901633571072	99043.415160	W	0.055825
01901634642908	99043.470985	S	1.214172
01901657955016	99044.685157	W	0.038973
01901658703304	99044.724130	S	1.241018
01901682530852	99045.965149	W	0.047962
01901683451720	99046.013110	S	1.232030
01901707106688	99047.245140	W	0.047957
01901708027460	99047.293097	S	1.242044
01901731874708	99048.535141	W	0.020532
01901732268924	99048.555673	S	1.249452
01901756258400	99049.805125	W	0.048028
01901757180532	99049.853153	S	1.231971
01901780834384	99051.085124	W	0.047983
01901781755652	99051.133107	S	1.232017
01901805410380	99052.365124	W	0.046981
01901806312424	99052.412105	S	1.233016
01901829986328	99053.645121	W	0.047952
01901830907004	99053.693073	S	1.232040
01901854562172	99054.925113	W	0.039014
01901855311244	99054.964127	S	1.250984
01901879330128	99056.215111	W	0.019542
01901879705328	99056.234653	S	1.250458
01901903714116	99057.485110	W	0.037957
01901904442900	99057.523068	S	1.252028
01901928481832	99058.775095	W	0.055827
01901929553716	99058.830923	S	1.214173
01901952865828	99060.045095	W	0.039074
01901953616044	99060.084169	S	1.240913
01901977441564	99061.325081	W	0.047946
01901978362120	99061.373027	S	1.232061
01902002017688	99062.605088	W	0.047996
01902002939208	99062.653084	S	1.232002
01902026593640	99063.885085	W	0.038957
01902027341620	99063.924043	S	1.241034
01902051169480	99065.165077	W	0.039039
01902051919024	99065.204116	S	1.250954
01902075937344	99066.455070	W	0.019650
01902076314624	99066.474720	S	1.260355
01902100513444	99067.735075	W	0.047835
01902101431884	99067.782911	S	1.222155
01902124897268	99069.005066	W	0.047961
01902125818120	99069.053027	S	1.242036
01902149665204	99070.295063	W	0.019717
01902150043768	99070.314780	S	1.250279
01902174049132	99071.565059	W	0.038990
01902174797744	99071.604049	S	1.250999
01902198816920	99072.855048	W	0.019657
01902199194336	99072.874705	S	1.250338
01902223200828	99074.125043	W	0.037977
01902223929984	99074.163020	S	1.252015
01902247968664	99075.415035	W	0.019701
01902248346920	99075.434735	S	1.250296
01902272352604	99076.685031	W	0.037955
01902273081336	99076.722986	S	1.252050
01902297120688	99077.975036	W	0.047837
01902298039152	99078.022873	S	1.222159
01902321504596	99079.245031	W	0.047913
01902322424524	99079.292944	S	1.232076
01902346080376	99080.525020	W	0.039041
01902346829968	99080.564061	S	1.240955
01902370656296	99081.805015	W	0.056992
01902371750548	99081.862008	S	1.223004
01902395232216	99083.085011	W	0.048979
01902396172604	99083.133990	S	1.231020
01902419808184	99084.365010	W	0.047922
01902420728284	99084.412931	S	1.232071
01902444384056	99085.645003	W	0.048013
01902445305908	99085.693016	S	1.241987
01902469152060	99086.935003	W	0.019654
01902469529408	99086.954657	S	1.260337
01902493727880	99088.214994	W	0.055825
01902494799720	99088.270819	S	1.214166
01902518111704	99089.484985	W	0.038961
01902518859760	99089.523946	S	1.241045
01902542687816	99090.764990	W	0.048023
01902543609848	99090.813013	S	1.231961
01902567263492	99092.044974	W	0.038969
01902568011704	99092.083943	S	1.241035
01902591839580	99093.324978	W	0.048026
01902592761688	99093.373005	S	1.231964
01902616415400	99094.604969	W	0.038911
01902617162492	99094.643880	S	1.241082
01902640991268	99095.884962	W	0.039034
01902641740720	99095.923996	S	1.240962
01902665567196	99097.164958	W	0.037995
01902666296708	99097.202954	S	1.252000
01902690335116	99098.454954	W	0.047815
01902691253164	99098.502769	S	1.222184
01902714719096	99099.724953	W	0.038983
01902715467564	99099.763936	S	1.251022
01902739487196	99101.014958	W	0.019612
01902739863740	99101.034570	S	1.250372
01902763870876	99102.284941	W	0.038974
01902764619176	99102.323915	S	1.241019
01902788446748	99103.564935	W	0.057002
01902789541196	99103.621937	S	1.222993
01902813022668	99104.844931	W	0.038920
01902813769928	99104.883850	S	1.241076
01902837598584	99106.124926	W	0.039014
01902838347644	99106.163940	S	1.240985
01902862174556	99107.404925	W	0.047948
01902863095152	99107.452872	S	1.232045
01902886750408	99108.684917	W	0.039009
01902887499380	99108.723926	S	1.250991
01902911518416	99109.974918	W	0.048832
01902912455984	99110.023749	S	1.221165
01902935902356	99111.244914	W	0.039004
01902936651228	99111.283918	S	1.240986
01902960478156	99112.524904	W	0.038961
01902961226204	99112.563865	S	1.241031
01902985054000	99113.804896	W	0.048007
01902985975736	99113.852903	S	1.231993
01903009629992	99115.084895	W	0.047964
01903010550896	99115.132859	S	1.232027
01903034205812	99116.364886	W	0.039064
01903034955844	99116.403950	S	1.250933
01903058973756	99117.654883	W	0.019646
01903059350960	99117.674529	S	1.260358
01903083549824	99118.934887	W	0.047826
01903084468092	99118.982713	S	1.222171
01903107933780	99120.204884	W	0.038929
01903108681220	99120.243814	S	1.241063
01903132509632	99121.484877	W	0.039046
01903133259308	99121.523922	S	1.250937
01903157277304	99122.774860	W	0.019665
01903157654872	99122.794525	S	1.260334
01903181853284	99124.054859	W	0.019656
01903182230684	99124.074515	S	1.260344
01903206429292	99125.334859	W	0.019635
01903206806284	99125.354494	S	1.260351
01903231005032	99126.614845	W	0.019665
01903231382608	99126.634511	S	1.250338
01903255389088	99127.884848	W	0.037898
01903256116724	99127.922746	S	1.242105
01903279965136	99129.164851	W	0.037887
01903280692572	99129.202738	S	1.242108
01903304541052	99130.444846	W	0.037973
01903305270140	99130.482820	S	1.252018
01903329308884	99131.734838	W	0.019608
01903329685356	99131.754446	S	1.250386
01903353692764	99133.004831	W	0.055962
01903354767236	99133.060794	S	1.224028
01903378268564	99134.284821	W	0.047995
01903379190060	99134.332816	S	1.242011
01903403036680	99135.574827	W	0.019647
01903403413896	99135.594474	S	1.250343
01903427420476	99136.844816	W	0.038022
01903428150504	99136.882839	S	1.241973
01903451996388	99138.124812	W	0.037908
01903452724228	99138.162720	S	1.242082
01903476572200	99139.404802	W	0.047967
01903477493164	99139.452769	S	1.232032
01903501148172	99140.684801	W	0.047955
01903502068916	99140.732756	S	1.232043
01903525724144	99141.964799	W	0.039049
01903526473884	99142.003848	S	1.250943
01903550491984	99143.254791	W	0.055809
01903551563512	99143.310600	S	1.214189
01903574875940	99144.524789	W	0.047974
01903575797040	99144.572762	S	1.232027
01903599451964	99145.804790	W	0.055919
01903600525600	99145.860708	S	1.224066
01903624027672	99147.084775	W	0.039054
01903624777508	99147.123829	S	1.240950
01903648603748	99148.364779	W	0.047919
01903649523784	99148.412697	S	1.232075
01903673179628	99149.644772	W	0.048017
01903674101552	99149.692789	S	1.241977
01903697947520	99150.934767	W	0.019671
01903698325200	99150.954437	S	1.260333
01903722523584	99152.214770	W	0.019713
01903722902072	99152.234483	S	1.260276
01903747099372	99153.494759	W	0.019577
01903747475248	99153.514336	S	1.250411
01903771483144	99154.764747	W	0.038003
01903772212800	99154.802750	S	1.241996
01903796059124	99156.044746	W	0.047938
01903796979532	99156.092684	S	1.232054
01903820634976	99157.324738	W	0.038957
01903821382956	99157.363696	S	1.241039
01903845210912	99158.604735	W	0.046935
01903846112064	99158.651670	S	1.233062
01903869786852	99159.884732	W	0.047903
01903870706592	99159.932635	S	1.232098
01903894362880	99161.164733	W	0.038915
01903895110056	99161.203649	S	1.251076
01903919130720	99162.454725	W	0.019688
01903919508724	99162.474413	S	1.250311
01903943514696	99163.724724	W	0.037972
01903944243768	99163.762696	S	1.242018
01903968090516	99165.004714	W	0.048014
01903969012384	99165.052728	S	1.231985
01903992666496	99166.284713	W	0.038971
01903993414740	99166.323684	S	1.241020
01904017242320	99167.564704	W	0.038997
01904017991060	99167.603701	S	1.240996
01904041818184	99168.844697	W	0.037986
01904042547524	99168.882684	S	1.252009
01904066586088	99170.134692	W	0.047825
01904067504324	99170.182517	S	1.222175
01904090970092	99171.404692	W	0.047918
01904091890112	99171.452610	S	1.232083
01904115546100	99172.684693	W	0.038953
01904116294000	99172.723646	S	1.241040
01904140121976	99173.964686	W	0.047972
01904141043040	99174.012658	S	1.232012
01904164697672	99175.244670	W	0.048033
01904165619904	99175.292703	S	1.231975
01904189273832	99176.524679	W	0.047911
01904190193724	99176.572590	S	1.232074
01904213849536	99177.804663	W	0.048068
01904214772436	99177.852731	S	1.231932
01904238425524	99179.084663	W	0.046964
01904239327236	99179.131627	S	1.233036
01904263001524	99180.364663	W	0.047961
01904263922376	99180.412624	S	1.232029
01904287577328	99181.644653	W	0.047924
01904288497468	99181.692576	S	1.232072
01904312153252	99182.924649	W	0.039095
01904312903868	99182.963743	S	1.250901
01904336921172	99184.214644	W	0.019627
01904337298016	99184.234272	S	1.250368
01904361305084	99185.484640	W	0.056022
01904362380704	99185.540662	S	1.223979
01904385881108	99186.764641	W	0.038910
01904386628184	99186.803551	S	1.241080
01904410456912	99188.044631	W	0.038949
01904411204728	99188.083580	S	1.241031
01904435032516	99189.324610	W	0.047924
01904435952652	99189.372534	S	1.232092
01904459608812	99190.604626	W	0.038951
01904460356672	99190.643577	S	1.241040
01904484184636	99191.884616	W	0.047945
01904485105184	99191.932562	S	1.232040
01904508760344	99193.164601	W	0.039023
01904509509576	99193.203624	S	1.240995
01904533336684	99194.444619	W	0.037970
01904534065712	99194.482589	S	1.242009
01904557912292	99195.724599	W	0.037991
01904558641720	99195.762590	S	1.242011
01904582488324	99197.004600	W	0.047933
01904583408628	99197.052533	S	1.232054
01904607064072	99198.284587	W	0.039026
01904607813380	99198.323614	S	1.240976
01904631640128	99199.564590	W	0.047983
01904632561400	99199.612573	S	1.232015
01904656216080	99200.844588	W	0.055920
01904657289736	99200.900507	S	1.224074
01904680791960	99202.124581	W	0.038948
01904681539760	99202.163529	S	1.241047
01904705367856	99203.404576	W	0.056001
01904706443076	99203.460577	S	1.223996
01904729943808	99204.684573	W	0.047919
01904730863852	99204.732492	S	1.232075
01904754519688	99205.964567	W	0.049023
01904755460928	99206.013590	S	1.230974
01904779095624	99207.244564	W	0.038953
01904779843528	99207.283517	S	1.241048
01904803671656	99208.524565	W	0.037949
01904804400272	99208.562514	S	1.242041
01904828247468	99209.804556	W	0.047916
01904829167448	99209.852471	S	1.232069
01904852823164	99211.084540	W	0.047961
01904853744020	99211.132501	S	1.232033
01904877399056	99212.364534	W	0.047922
01904878319160	99212.412456	S	1.232081
01904901975124	99213.644538	W	0.038957
01904902723096	99213.683495	S	1.241039
01904926551044	99214.924534	W	0.055904
01904927624400	99214.980437	S	1.224097
01904951127064	99216.204535	W	0.048021
01904952049064	99216.252555	S	1.231971
01904975702916	99217.484527	W	0.056918
01904976795732	99217.541444	S	1.223074
01905000278748	99218.764518	W	0.047963
01905001199636	99218.812481	S	1.232032
01905024854648	99220.044513	W	0.047923
01905025774764	99220.092436	S	1.232070
01905049430500	99221.324505	W	0.038994
01905050179192	99221.363500	S	1.251003
01905074198452	99222.614503	W	0.019636
01905074575468	99222.634139	S	1.250359
01905098582360	99223.884498	W	0.047994
01905099503840	99223.932492	S	1.232000
01905123158236	99225.164491	W	0.047972
01905124079296	99225.212463	S	1.232035
01905147734376	99226.444499	W	0.048009
01905148656152	99226.492508	S	1.231978
01905172310132	99227.724486	W	0.038963
01905173058216	99227.763449	S	1.241035
01905196886096	99229.004484	W	0.047958
01905197806888	99229.052442	S	1.232042
01905221462088	99230.284484	W	0.047968
01905222383064	99230.332451	S	1.232024
01905246037932	99231.564476	W	0.038941
01905246785604	99231.603417	S	1.241051
01905270613788	99232.844468	W	0.048009
01905271535560	99232.892477	S	1.241990
01905295381776	99234.134468	W	0.019695
01905295759928	99234.154163	S	1.250291
01905319765508	99235.404454	W	0.037942
01905320493988	99235.442395	S	1.242043
01905344341220	99236.684439	W	0.056025
01905345416896	99236.740463	S	1.223993
01905368917564	99237.964456	W	0.038921
01905369664848	99238.003378	S	1.241057
01905393493152	99239.244435	W	0.047989
01905394414548	99239.292424	S	1.232011
01905418069160	99240.524435	W	0.038924
01905418816496	99240.563359	S	1.241076
01905442645148	99241.804435	W	0.037930
01905443373404	99241.842365	S	1.252071
01905467413164	99243.094436	W	0.019564
01905467788784	99243.113999	S	1.250426
01905491796960	99244.364425	W	0.038020
01905492526940	99244.402445	S	1.251982
01905516564988	99245.654426	W	0.055806
01905517636456	99245.710232	S	1.214196
01905540949012	99246.924428	W	0.047933
01905541869324	99246.972361	S	1.232054
01905565524752	99248.204414	W	0.037892
01905566252280	99248.242306	S	1.242103
01905590100652	99249.484409	W	0.048060
01905591023400	99249.532469	S	1.231938
01905614676604	99250.764406	W	0.047969
01905615597612	99250.812376	S	1.232021
01905639252424	99252.044397	W	0.047926
01905640172596	99252.092323	S	1.232076
01905663828464	99253.324399	W	0.048954
01905664768384	99253.373353	S	1.231040
01905688404344	99254.604393	W	0.039021
01905689153548	99254.643414	S	1.240976
01905712980288	99255.884390	W	0.038946
01905713728060	99255.923336	S	1.251043
01905737748092	99257.174380	W	0.019679
01905738125932	99257.194059	S	1.250318
01905762132044	99258.444377	W	0.037995
01905762861548	99258.482372	S	1.252002
01905786899984	99259.734374	W	0.019645
01905787277160	99259.754019	S	1.260345
01905811475788	99261.014364	W	0.019599
01905811852092	99261.033963	S	1.250400
01905835859772	99262.284363	W	0.055904
01905836933132	99262.340267	S	1.224091
01905860435688	99263.564359	W	0.047957
01905861356464	99263.612316	S	1.232041
01905885011652	99264.844357	W	0.039035
01905885761128	99264.883392	S	1.250950
01905909779364	99266.134342	W	0.019613
01905910155940	99266.153955	S	1.250386
01905934163352	99267.404341	W	0.038003
01905934893000	99267.442344	S	1.251995
01905958931312	99268.694339	W	0.055810
01905960002864	99268.750149	S	1.214188
01905983315272	99269.964337	W	0.039032
01905984064692	99270.003369	S	1.250956
01906008083056	99271.254326	W	0.019580
01906008458988	99271.273906	S	1.250418
01906032467012	99272.524324	W	0.055945
01906033541152	99272.580268	S	1.224053
01906057042968	99273.804321	W	0.047946
01906057963524	99273.852267	S	1.232052
01906081618924	99275.084319	W	0.037970
01906082347952	99275.122289	S	1.242017
01906106194680	99276.364306	W	0.056949
01906107288100	99276.421255	S	1.223045
01906130770556	99277.644300	W	0.049128
01906131713808	99277.693427	S	1.240877
01906155538648	99278.934305	W	0.020535
01906155932916	99278.954839	S	1.259458
01906180114508	99280.214297	W	0.020720
01906180512340	99280.235018	S	1.259274
01906204690408	99281.494292	W	0.056820
01906205781352	99281.551112	S	1.213178
01906229074364	99282.764290	W	0.039926
01906229840936	99282.804215	S	1.250074
01906253842348	99284.054289	W	0.019569
01906254218072	99284.073858	S	1.250421
01906278226156	99285.324279	W	0.038987
01906278974700	99285.363266	S	1.241006
01906302802020	99286.604272	W	0.038974
01906303550324	99286.643246	S	1.241021
01906327377936	99287.884268	W	0.048039
01906328300276	99287.932306	S	1.231959
01906351953888	99289.164265	W	0.037886
01906352681300	99289.202151	S	1.242111
01906376529840	99290.444262	W	0.048017
01906377451764	99290.492279	S	1.231974
01906401105656	99291.724253	W	0.048033
01906402027892	99291.772286	S	1.231970
01906425681716	99293.004256	W	0.037920
01906426409776	99293.042176	S	1.242067
01906450257464	99294.284243	W	0.037949
01906450986088	99294.322192	S	1.242048
01906474833412	99295.564240	W	0.048030
01906475755584	99295.612270	S	1.231966
01906499409332	99296.844236	W	0.038965
01906500157460	99296.883201	S	1.251027
01906524177176	99298.134228	W	0.019664
01906524554732	99298.153892	S	1.260337
01906548753196	99299.414229	W	0.019643
01906549130336	99299.433872	S	1.260357
01906573329188	99300.694229	W	0.055865
01906574401796	99300.750094	S	1.214125
01906597712992	99301.964218	W	0.047906
01906598632788	99302.012124	S	1.232094
01906622288992	99303.244218	W	0.047994
01906623210472	99303.292212	S	1.241996
01906647056800	99304.534208	W	0.019620
01906647433504	99304.553828	S	1.250377
01906671440744	99305.804205	W	0.048015
01906672362632	99305.852220	S	1.231977
01906696016588	99307.084197	W	0.047996
01906696938116	99307.132194	S	1.242008
01906720784672	99308.374202	W	0.019718
01906721163264	99308.393920	S	1.260267
01906745360396	99309.654187	W	0.055790
01906746431572	99309.709978	S	1.214200
01906769744208	99310.924177	W	0.038987
01906770492764	99310.963165	S	1.241023
01906794320412	99312.204188	W	0.048949
01906795260240	99312.253137	S	1.231035
01906818896112	99313.484173	W	0.047926
01906819816296	99313.532099	S	1.232075
01906843472136	99314.764174	W	0.038982
01906844220588	99314.803156	S	1.241013
01906868048028	99316.044168	W	0.039063
01906868798040	99316.083231	S	1.250933
01906892815948	99317.334164	W	0.055839
01906893888060	99317.390003	S	1.214151
01906917199764	99318.604154	W	0.048044
01906918122204	99318.652198	S	1.231950
01906941775648	99319.884148	W	0.047959
01906942696456	99319.932107	S	1.232044
01906966351700	99321.164151	W	0.039005
01906967100596	99321.203156	S	1.240988
01906990927564	99322.444144	W	0.055957
01906992001944	99322.500101	S	1.224027
01907015503260	99323.724128	W	0.048949
01907016443072	99323.773077	S	1.231056
01907040079356	99325.004133	W	0.047976
01907041000496	99325.052109	S	1.232026
01907064655400	99326.284135	W	0.038986
01907065403928	99326.323121	S	1.241011
01907089231340	99327.564132	W	0.038921
01907089978628	99327.603054	S	1.241060
01907113806984	99328.844114	W	0.048030
01907114729156	99328.892144	S	1.231969
01907138382968	99330.124113	W	0.048950
01907139322816	99330.173063	S	1.241043
01907163150832	99331.414106	W	0.048879
01907164089304	99331.462985	S	1.221122
01907187534844	99332.684106	W	0.047964
01907188455744	99332.732070	S	1.232034
01907212110792	99333.964104	W	0.037971
01907212839828	99334.002074	S	1.252030
01907236878796	99335.254104	W	0.020519
01907237272752	99335.274623	S	1.249472
01907261262612	99336.524094	W	0.048005
01907262184316	99336.572100	S	1.231992
01907285838556	99337.804091	W	0.038892
01907286585276	99337.842983	S	1.241100
01907310414400	99339.084083	W	0.048020
01907311336384	99339.132103	S	1.231976
01907334990320	99340.364079	W	0.055900
01907336063604	99340.419979	S	1.224095
01907359566236	99341.644075	W	0.047964
01907360487136	99341.692038	S	1.232024
01907384141996	99342.924062	W	0.038948
01907384889796	99342.963010	S	1.241055
01907408718060	99344.204066	W	0.047968
01907409639052	99344.252034	S	1.232020
01907433293840	99345.484054	W	0.047993
01907434215300	99345.532047	S	1.242013
01907458061948	99346.774060	W	0.020682
01907458459044	99346.794742	S	1.249308
01907482445764	99348.044050	W	0.038989
01907483194352	99348.083039	S	1.251008
01907507213696	99349.334047	W	0.020646
01907507610100	99349.354693	S	1.249352
01907531597664	99350.604045	W	0.047980
01907532518872	99350.652025	S	1.232009
01907556173448	99351.884034	W	0.039032
01907556922872	99351.923066	S	1.240967
01907580749432	99353.164033	W	0.038923
01907581496756	99353.202956	S	1.241073
01907605325348	99354.444029	W	0.038007
01907606055084	99354.482036	S	1.251987
01907630093240	99355.734023	W	0.055823
01907631165036	99355.789846	S	1.214182
01907654477336	99357.004028	W	0.039035
01907655226804	99357.043063	S	1.240950
01907679053040	99358.284012	W	0.047951
01907679973692	99358.331963	S	1.232052
01907703629088	99359.564015	W	0.048021
01907704551100	99359.612036	S	1.231972
01907728204956	99360.844008	W	0.047907
01907729124772	99360.891915	S	1.232081
01907752780728	99362.123996	W	0.039076
01907753530992	99362.163072	S	1.250926
01907777548768	99363.413998	W	0.047843
01907778467360	99363.461842	S	1.222150
01907801932648	99364.683992	W	0.047961
01907802853500	99364.731953	S	1.232038
01907826508632	99365.963991	W	0.047978
01907827429812	99366.011969	S	1.232010
01907851084412	99367.243980	W	0.047995
01907852005920	99367.291975	S	1.232007
01907875660456	99368.523982	W	0.038948
01907876408256	99368.562930	S	1.241031
01907900236048	99369.803961	W	0.056032
01907901311868	99369.859993	S	1.223968
01907924812060	99371.083961	W	0.038972
01907925560324	99371.122934	S	1.241025
01907949388012	99372.363959	W	0.048018
01907950309956	99372.411977	S	1.231980
01907973963972	99373.643957	W	0.048993
01907974904632	99373.692950	S	1.241005
01907998731936	99374.933955	W	0.020540
01907999126312	99374.954495	S	1.259458
01908023307908	99376.213954	W	0.020512
01908023701732	99376.234465	S	1.259474
01908047883636	99377.493939	W	0.048893
01908048822388	99377.542833	S	1.221110
01908072267708	99378.763943	W	0.038982
01908073016160	99378.802925	S	1.251014
01908097035636	99380.053939	W	0.019651
01908097412940	99380.073591	S	1.260344
01908121611540	99381.333934	W	0.019561
01908121987116	99381.353496	S	1.250428
01908145995340	99382.603924	W	0.046997
01908146897684	99382.650921	S	1.233000
01908170571292	99383.883921	W	0.047947
01908171491880	99383.931869	S	1.242047
01908195339188	99385.173916	W	0.019661
01908195716688	99385.193578	S	1.260331
01908219915036	99386.453908	W	0.019629
01908220291916	99386.473537	S	1.250376
01908244299140	99387.723914	W	0.056029
01908245374896	99387.779942	S	1.223955
01908268874828	99389.003897	W	0.038964
01908269622944	99389.042862	S	1.241037
01908293450848	99390.283898	W	0.047979
01908294372044	99390.331877	S	1.232003
01908318026496	99391.563880	W	0.055966
01908319101052	99391.619846	S	1.224037
01908342602572	99392.843884	W	0.039033
01908343352012	99392.882917	S	1.240971
01908367178664	99394.123889	W	0.037965
01908367907596	99394.161854	S	1.242030
01908391754564	99395.403884	W	0.037937
01908392482952	99395.441820	S	1.242056
01908416330436	99396.683877	W	0.047977
01908417251600	99396.731854	S	1.232012
01908440906240	99397.963867	W	0.039024
01908441655492	99398.002890	S	1.250976
01908465674232	99399.253866	W	0.019583
01908466050224	99399.273449	S	1.250414
01908490058168	99400.523863	W	0.038005
01908490787860	99400.561868	S	1.241995
01908514634164	99401.803863	W	0.037926
01908515362348	99401.841789	S	1.252065
01908539401992	99403.093854	W	0.055879
01908540474864	99403.149732	S	1.214118
01908563785932	99404.363851	W	0.047966
01908564706880	99404.411817	S	1.232025
01908588361756	99405.643841	W	0.038008
01908589091516	99405.681850	S	1.251984
01908613129612	99406.933834	W	0.020525
01908613523688	99406.954359	S	1.249470
01908637513516	99408.203829	W	0.038961
01908638261572	99408.242790	S	1.241039
01908662089520	99409.483829	W	0.038918
01908662836752	99409.522747	S	1.241079
01908686665468	99410.763826	W	0.037988
01908687394844	99410.801815	S	1.252010
01908711433440	99412.053825	W	0.019649
01908711810692	99412.073474	S	1.260347
01908736009352	99413.333820	W	0.019647
01908736386572	99413.353467	S	1.250342
01908760393144	99414.603810	W	0.046918
01908761293968	99414.650728	S	1.233079
01908784969076	99415.883806	W	0.047939
01908785889504	99415.931745	S	1.232058
01908809545008	99417.163802	W	0.038945
01908810292748	99417.202747	S	1.241051
01908834120924	99418.443798	W	0.038018
01908834850864	99418.481816	S	1.241971
01908858696704	99419.723787	W	0.037980
01908859425912	99419.761766	S	1.252017
01908883464636	99421.013783	W	0.019756
01908883843948	99421.033539	S	1.260244
01908908040624	99422.293782	W	0.019652
01908908417944	99422.313435	S	1.250347
01908932424600	99423.563781	W	0.048030
01908933346772	99423.611811	S	1.231958
01908957000372	99424.843769	W	0.038970
01908957748588	99424.882739	S	1.241029
01908981576352	99426.123768	W	0.047961
01908982497208	99426.171730	S	1.232031
01909006152200	99427.403760	W	0.037944
01909006880716	99427.441704	S	1.242050
01909030728084	99428.683754	W	0.048049
01909031650616	99428.731803	S	1.231951
01909055304076	99429.963754	W	0.047970
01909056225092	99430.011724	S	1.232032
01909079880100	99431.243755	W	0.048028
01909080802232	99431.291783	S	1.231964
01909104455940	99432.523747	W	0.055967
01909105530512	99432.579714	S	1.224023
01909129031744	99433.803737	W	0.039027
01909129781072	99433.842764	S	1.250965
01909153799608	99435.093730	W	0.019701
01909154177864	99435.113430	S	1.260298
01909178375576	99436.373728	W	0.019638
01909178752620	99436.393366	S	1.250368
01909202759688	99437.643734	W	0.047960
01909203680516	99437.691694	S	1.232024
01909227335380	99438.923718	W	0.039034
01909228084824	99438.962751	S	1.240963
01909251911312	99440.203714	W	0.048000
01909252832920	99440.251715	S	1.241995
01909276679224	99441.493710	W	0.019739
01909277058220	99441.513449	S	1.260265
01909301255300	99442.773714	W	0.019626
01909301632120	99442.793340	S	1.250365
01909325639120	99444.043704	W	0.046983
01909326541188	99444.090687	S	1.232997
01909350214740	99445.323684	W	0.048025
01909351136816	99445.371709	S	1.241987
01909374982964	99446.613696	W	0.019575
01909375358808	99446.633271	S	1.250406
01909399366608	99447.883677	W	0.038033
01909400096848	99447.921711	S	1.241971
01909423942684	99449.163681	W	0.038016
01909424672600	99449.201698	S	1.251988
01909448710764	99450.453686	W	0.019613
01909449087332	99450.473299	S	1.260378
01909473286592	99451.733677	W	0.047902
01909474206308	99451.781579	S	1.222097
01909497670568	99453.003675	W	0.038890
01909498417256	99453.042565	S	1.241105
01909522246472	99454.283670	W	0.037964
01909522975388	99454.321635	S	1.242020
01909546822176	99455.563655	W	0.037990
01909547551592	99455.601645	S	1.252007
01909571590120	99456.853652	W	0.019581
01909571966084	99456.873234	S	1.250415
01909595974044	99458.123648	W	0.047965
01909596894968	99458.171613	S	1.232038
01909620550100	99459.403651	W	0.039040
01909621299672	99459.442691	S	1.250945
01909645317808	99460.693636	W	0.055825
01909646389640	99460.749460	S	1.214189
01909669702064	99461.963649	W	0.048026
01909670624168	99462.011675	S	1.231967
01909694277932	99463.243642	W	0.055945
01909695352080	99463.299588	S	1.224033
01909718853508	99464.523620	W	0.039041
01909719603100	99464.562661	S	1.240951
01909743429364	99465.803613	W	0.047983
01909744350640	99465.851596	S	1.232016
01909768005352	99467.083612	W	0.047979
01909768926544	99467.131591	S	1.232027
01909792581464	99468.363618	W	0.037969
01909793310472	99468.401587	S	1.252021
01909817349272	99469.653608	W	0.020690
01909817746524	99469.674298	S	1.249316
01909841733400	99470.923615	W	0.037968
01909842462384	99470.961582	S	1.252013
01909866501036	99472.213596	W	0.048903
01909867439964	99472.262498	S	1.221095
01909890884992	99473.483593	W	0.047914
01909891804940	99473.531507	S	1.232085
01909915460968	99474.763592	W	0.038988
01909916209544	99474.802580	S	1.250992
01909940228584	99476.053572	W	0.019635
01909940605576	99476.073207	S	1.250378
01909964612840	99477.323585	W	0.047935
01909965533184	99477.371520	S	1.232064
01909989188804	99478.603584	W	0.047924
01909990108940	99478.651507	S	1.232067
01910013764624	99479.883574	W	0.038045
01910014495088	99479.921619	S	1.251951
01910038532556	99481.173571	W	0.047821
01910039450716	99481.221391	S	1.222175
01910062916472	99482.443566	W	0.047973
01910063837548	99482.491539	S	1.232024
01910087492400	99483.723563	W	0.039001
01910088241220	99483.762564	S	1.250992
01910112260268	99485.013556	W	0.019702
01910112638544	99485.033258	S	1.250293
01910136644172	99486.283551	W	0.037954
01910137372896	99486.321505	S	1.252046
01910161412180	99487.573551	W	0.019594
01910161788376	99487.593145	S	1.260394
01910185987932	99488.853538	W	0.056809
01910187078664	99488.910347	S	1.213181
01910210371732	99490.123528	W	0.039069
01910211121860	99490.162597	S	1.250917
01910235139464	99491.413514	W	0.020528
01910235533604	99491.434042	S	1.259490
01910259715808	99492.693532	W	0.020509
01910260109584	99492.714041	S	1.249479
01910284099576	99493.963520	W	0.048001
01910285021200	99494.011521	S	1.241998
01910308867560	99495.253519	W	0.019655
01910309244936	99495.273174	S	1.250345
01910333251552	99496.523518	W	0.037930
01910333979812	99496.561449	S	1.252047
01910358019124	99497.813496	W	0.047845
01910358937752	99497.861341	S	1.222155
01910382403132	99499.083496	W	0.038942
01910383150824	99499.122439	S	1.251066
01910407171292	99500.373505	W	0.019651
01910407548584	99500.393155	S	1.260338
01910431747068	99501.653493	W	0.019619
01910432123744	99501.673112	S	1.250375
01910456130940	99502.923486	W	0.038021
01910456860936	99502.961507	S	1.251978
01910480898908	99504.213485	W	0.055805
01910481970364	99504.269290	S	1.214197
01910505282944	99505.483487	W	0.039010
01910506031928	99505.522496	S	1.240979
01910529858728	99506.763475	W	0.047973
01910530779800	99506.811448	S	1.232029
01910554434764	99508.043477	W	0.047975
01910555355884	99508.091452	S	1.242014
01910579202544	99509.333466	W	0.019695
01910579580692	99509.353161	S	0.486449
01910588920504	99509.839610	W	2.110218
01910629436688	99511.949827	S	1.076798
01910650111216	99513.026626	W	0.033549
01910650755352	99513.060175	S	0.103261
01910652737964	99513.163436	W	0.038980
01910653486380	99513.202416	S	1.251033
01910677506220	99514.453449	W	0.019646
01910677883420	99514.473095	S	1.260339
01910702081936	99515.733434	W	0.019704
01910702460248	99515.753138	S	1.250306
01910726466132	99517.003444	W	0.055919
01910727539784	99517.059364	S	1.224068
01910751041884	99518.283431	W	0.047919
01910751961920	99518.331350	S	1.232076
01910775617776	99519.563426	W	0.038940
01910776365416	99519.602365	S	1.251056
01910800385700	99520.853422	W	0.020535
01910800779964	99520.873956	S	1.249463
01910824769660	99522.123420	W	0.037970
01910825498680	99522.161390	S	1.242035
01910849345748	99523.403424	W	0.038027
01910850075864	99523.441451	S	1.251960
01910874113492	99524.693411	W	0.048815
01910875050740	99524.742226	S	1.221176
01910898497312	99525.963402	W	0.039050
01910899247064	99526.002451	S	1.250950
01910923265304	99527.253401	W	0.019658
01910923642732	99527.273059	S	1.260332
01910947841100	99528.533391	W	0.019583
01910948217092	99528.552974	S	1.260418
01910972417124	99529.813392	W	0.055785
01910973488204	99529.869177	S	1.214212
01910996801076	99531.083389	W	0.039007
01910997550008	99531.122396	S	1.240974
01911021376712	99532.363370	W	0.055997
01911022451860	99532.419368	S	1.224011
01911045952868	99533.643379	W	0.049063
01911046894868	99533.692441	S	1.240938
01911070720876	99534.933379	W	0.020537
01911071115184	99534.953916	S	1.259458
01911095296772	99536.213374	W	0.020642
01911095693096	99536.234015	S	1.259349
01911119872588	99537.493364	W	0.057830
01911120982924	99537.551194	S	1.212166
01911144256512	99538.763360	W	0.038899
01911145003372	99538.802259	S	1.241096
01911168832412	99540.043355	W	0.038905
01911169579384	99540.082260	S	1.241091
01911193408340	99541.323351	W	0.039020
01911194157516	99541.362371	S	1.240983
01911217984388	99542.603354	W	0.037982
01911218713644	99542.641336	S	1.252002
01911242752084	99543.893338	W	0.019710
01911243130512	99543.913047	S	1.260288
01911267328048	99545.173336	W	0.047819
01911268246176	99545.221155	S	1.222169
01911291711820	99546.443324	W	0.039002
01911292460652	99546.482326	S	1.251000
01911316479856	99547.733326	W	0.019648
01911316857104	99547.752974	S	1.260350
01911341055832	99549.013325	W	0.019592
01911341431996	99549.032916	S	1.250398
01911365439628	99550.283314	W	0.047961
01911366360484	99550.331275	S	1.242041
01911390207680	99551.573317	W	0.019657
01911390585096	99551.592974	S	1.260334
01911414783516	99552.853308	W	0.055808
01911415855024	99552.909116	S	1.214190
01911439167480	99554.123306	W	0.047984
01911440088764	99554.171290	S	1.232002
01911463743204	99555.403292	W	0.047919
01911464663256	99555.451211	S	1.232077
01911488319132	99556.683288	W	0.049009
01911489260112	99556.732297	S	1.240994
01911513087196	99557.973291	W	0.019677
01911513464996	99557.992969	S	1.260315
01911537663044	99559.253284	W	0.019657
01911538040460	99559.272941	S	1.260341
01911562239004	99560.533281	W	0.055829
01911563310916	99560.589110	S	1.214176
01911586623100	99561.803286	W	0.039000
01911587371908	99561.842287	S	1.240986
01911611198844	99563.083273	W	0.038995
01911611947552	99563.122268	S	1.251000
01911635966748	99564.373268	W	0.019627
01911636343580	99564.392895	S	1.250367
01911660350624	99565.643262	W	0.038929
01911661098056	99565.682190	S	1.241072
01911684926636	99566.923262	W	0.039021
01911685675848	99566.962284	S	1.240969
01911709502448	99568.203252	W	0.049001
01911710443276	99568.252254	S	1.240996
01911734270392	99569.493250	W	0.057839
01911735380896	99569.551088	S	1.212154
01911758654244	99570.763242	W	0.047942
01911759574724	99570.811184	S	1.232062
01911783230308	99572.043245	W	0.039008
01911783979268	99572.082254	S	1.240972
01911807805936	99573.323226	W	0.055967
01911808880500	99573.379193	S	1.224029
01911832381852	99574.603221	W	0.048049
01911833304392	99574.651270	S	1.231946
01911856957760	99575.883217	W	0.048971
01911857898012	99575.932188	S	1.241028
01911881725748	99577.173216	W	0.048903
01911882664688	99577.222119	S	1.221100
01911906109816	99578.443220	W	0.048991
01911907050440	99578.492210	S	1.241006
01911930877748	99579.733216	W	0.020533
01911931271980	99579.753749	S	1.249460
01911955261616	99581.003209	W	0.047967
01911956182576	99581.051176	S	1.232023
01911979837412	99582.283199	W	0.039041
01911980586996	99582.322239	S	1.250958
01912004605396	99583.573198	W	0.019574
01912004981212	99583.592771	S	1.250429
01912028989444	99584.843200	W	0.048019
01912029911404	99584.891219	S	1.241959
01912053757012	99586.133178	W	0.056806
01912054847692	99586.189984	S	1.213195
01912078141028	99587.403179	W	0.039043
01912078890644	99587.442221	S	1.250959
01912102909052	99588.693180	W	0.019566
01912103284724	99588.712746	S	1.250424
01912127292872	99589.963170	W	0.047956
01912128213628	99590.011126	S	1.232046
01912151868912	99591.243173	W	0.038905
01912152615892	99591.282078	S	1.241082
01912176444660	99592.523159	W	0.038989
01912177193248	99592.562148	S	1.241016
01912201020756	99593.803164	W	0.038953
01912201768660	99593.842118	S	1.241036
01912225596560	99595.083154	W	0.048017
01912226518480	99595.131171	S	1.231984
01912250172572	99596.363155	W	0.037965
01912250901504	99596.401120	S	1.252011
01912274940116	99597.653131	W	0.019752
01912275319352	99597.672883	S	1.260256
01912299516268	99598.933139	W	0.047829
01912300434592	99598.980968	S	1.222167
01912323900192	99600.203135	W	0.047959
01912324821000	99600.251094	S	1.232041
01912348476192	99601.483135	W	0.038982
01912349224640	99601.522117	S	1.251023
01912373244276	99602.773139	W	0.020644
01912373640648	99602.793784	S	1.249331
01912397627808	99604.043115	W	0.047958
01912398548608	99604.091073	S	1.232040
01912422203776	99605.323113	W	0.049065
01912423145820	99605.372178	S	1.240935
01912446971768	99606.613113	W	0.048892
01912447910488	99606.662005	S	1.221101
01912471355636	99607.883106	W	0.038994
01912472104312	99607.922100	S	1.241003
01912495931568	99609.163102	W	0.047976
01912496852716	99609.211079	S	1.232017
01912520507440	99610.443096	W	0.047948
01912521428040	99610.491044	S	1.242061
01912545275604	99611.733104	W	0.019684
01912545653532	99611.752788	S	1.260294
01912569851172	99613.013082	W	0.047880
01912570770468	99613.060962	S	1.222121
01912594235184	99614.283082	W	0.038941
01912594982860	99614.322024	S	1.251059
01912619003196	99615.573083	W	0.019689
01912619381228	99615.592772	S	1.260310
01912643579176	99616.853082	W	0.019610
01912643955692	99616.872692	S	1.260379
01912668154972	99618.133071	W	0.019722
01912668533636	99618.152794	S	1.260272
01912692730864	99619.413066	W	0.019605
01912693107284	99619.432671	S	1.260396
01912717306880	99620.693067	W	0.019608
01912717683356	99620.712675	S	1.250375
01912741690556	99621.963050	W	0.047980
01912742611764	99622.011029	S	1.232021
01912766266572	99623.243051	W	0.039028
01912767015916	99623.282079	S	1.240966
01912790842456	99624.523045	W	0.038968
01912791590636	99624.562012	S	1.241018
01912815418172	99625.803030	W	0.038052
01912816148768	99625.841082	S	1.251960
01912840186404	99627.093042	W	0.019591
01912840562544	99627.112632	S	1.260397
01912864762172	99628.373030	W	0.055869
01912865834848	99628.428898	S	1.214144
01912889146404	99629.643042	W	0.047984
01912890067704	99629.691026	S	1.231989
01912913721892	99630.923015	W	0.047993
01912914643352	99630.971008	S	1.242009
01912938489924	99632.213017	W	0.019635
01912938866924	99632.232652	S	1.260357
01912963065784	99633.493010	W	0.047906
01912963985584	99633.540916	S	1.222094
01912987449780	99634.763009	W	0.038950
01912988197620	99634.801959	S	1.241056
01913012025904	99636.043016	W	0.037944
01913012754428	99636.080960	S	1.242035
01913036601500	99637.322995	W	0.037948
01913037330100	99637.360943	S	1.252057
01913061369596	99638.613000	W	0.019724
01913061748292	99638.632724	S	1.260265
01913085945388	99639.892989	W	0.019666
01913086322976	99639.912655	S	1.260326
01913110521232	99641.172981	W	0.047844
01913111439836	99641.220825	S	1.222161
01913134905336	99642.442986	W	0.047944
01913135825856	99642.490930	S	1.242051
01913159673236	99643.732981	W	0.019745
01913160052344	99643.752726	S	1.260256
01913184249252	99645.012982	W	0.019622
01913184625996	99645.032604	S	1.250369
01913208633076	99646.282973	W	0.048058
01913209555780	99646.331030	S	1.241926
01913233400760	99647.572956	W	0.020539
01913233795100	99647.593495	S	1.259457
01913257976676	99648.852952	W	0.020723
01913258374556	99648.873675	S	1.259278
01913282552692	99650.132953	W	0.020512
01913282946532	99650.153465	S	1.249494
01913306936812	99651.402959	W	0.047961
01913307857668	99651.450920	S	1.232024
01913331512528	99652.682944	W	0.048984
01913332453020	99652.731928	S	1.240998
01913356280184	99653.972926	W	0.019678
01913356658004	99653.992604	S	1.250335
01913380664428	99655.242939	W	0.037930
01913381392692	99655.280869	S	1.252058
01913405432204	99656.532927	W	0.019692
01913405810284	99656.552619	S	1.260309
01913430008208	99657.812927	W	0.047864
01913430927204	99657.860792	S	1.222130
01913454392096	99659.082922	W	0.039076
01913455142360	99659.121998	S	1.250923
01913479160080	99660.372921	W	0.038957
01913479908056	99660.411878	S	1.241039
01913503735996	99661.652916	W	0.019541
01913504111180	99661.672457	S	1.250461
01913528120040	99662.922919	W	0.047936
01913529040416	99662.970855	S	1.232045
01913552695688	99664.202900	W	0.037993
01913553425148	99664.240893	S	1.251997
01913577463496	99665.492890	W	0.019578
01913577839388	99665.512468	S	1.250426
01913601847564	99666.762894	W	0.037969
01913602576576	99666.800863	S	1.242026
01913626423468	99668.042889	W	0.037978
01913627152652	99668.080867	S	1.252023
01913651191496	99669.332890	W	0.019671
01913651569180	99669.352561	S	1.250315
01913675575232	99670.602877	W	0.037930
01913676303484	99670.640806	S	1.252063
01913700343096	99671.892870	W	0.047824
01913701261316	99671.940694	S	1.222186
01913724727288	99673.162880	W	0.038981
01913725475716	99673.201860	S	1.251005
01913749495008	99674.452865	W	0.019680
01913749872856	99674.472545	S	1.250309
01913773878788	99675.722854	W	0.055976
01913774953528	99675.778830	S	1.224029
01913798454876	99677.002858	W	0.048046
01913799377368	99677.050905	S	1.231948
01913823030772	99678.282853	W	0.047945
01913823951312	99678.330798	S	1.232063
01913847606912	99679.562860	W	0.047979
01913848528100	99679.610839	S	1.232002
01913872182532	99680.842840	W	0.038022
01913872912560	99680.880862	S	1.251978
01913896950544	99682.132841	W	0.020531
01913897344732	99682.153371	S	1.259459
01913921526352	99683.412831	W	0.020518
01913921920292	99683.433349	S	1.259480
01913946102304	99684.692828	W	0.020675
01913946499260	99684.713503	S	1.249325
01913970486308	99685.962829	W	0.037952
01913971214992	99686.000781	S	1.252044
01913995254240	99687.252825	W	0.048861
01913996192364	99687.301686	S	1.221128
01914019638028	99688.522814	W	0.038941
01914020385700	99688.561755	S	1.241060
01914044214044	99689.802815	W	0.048013
01914045135896	99689.850828	S	1.231987
01914068790052	99691.082815	W	0.048018
01914069711996	99691.130833	S	1.241967
01914093557756	99692.372800	W	0.019625
01914093934564	99692.392425	S	1.260369
01914118133640	99693.652794	W	0.019677
01914118511444	99693.672471	S	1.260318
01914142709544	99694.932789	W	0.047881
01914143628860	99694.980670	S	1.222122
01914167093596	99696.202791	W	0.038914
01914167840752	99696.241706	S	1.241087
01914191669616	99697.482792	W	0.047997
01914192591164	99697.530790	S	1.241992
01914216437412	99698.772782	W	0.019590
01914216813536	99698.792372	S	1.250396
01914240821132	99700.042767	W	0.038067
01914241552024	99700.080835	S	1.251931
01914265589096	99701.332765	W	0.019611
01914265965624	99701.352376	S	1.260381
01914290164948	99702.612758	W	0.019656
01914290542352	99702.632414	S	1.250351
01914314549092	99703.882765	W	0.037889
01914315276556	99703.920654	S	1.242101
01914339124888	99705.162755	W	0.055970
01914340199508	99705.218724	S	1.224022
01914363700732	99706.442746	W	0.038959
01914364448744	99706.481705	S	1.251044
01914388468796	99707.732750	W	0.019668
01914388846428	99707.752418	S	1.260328
01914413044720	99709.012746	W	0.019630
01914413421612	99709.032376	S	1.250365
01914437428620	99710.282741	W	0.038027
01914438158732	99710.320767	S	1.251964
01914462196432	99711.572731	W	0.047816
01914463114500	99711.620547	S	1.222177
01914486580308	99712.842724	W	0.047951
01914487500972	99712.890676	S	1.242053
01914511348396	99714.132729	W	0.019608
01914511724864	99714.152337	S	1.250381
01914535732180	99715.402718	W	0.039019
01914536481340	99715.441736	S	1.240980
01914560308164	99716.682717	W	0.048986
01914561248688	99716.731702	S	1.241003
01914585075948	99717.972706	W	0.047897
01914585995576	99718.020603	S	1.222102
01914609459940	99719.242705	W	0.048090
01914610383272	99719.290795	S	1.241905
01914634227840	99720.532700	W	0.019654
01914634605196	99720.552354	S	1.250344
01914658611800	99721.802698	W	0.038916
01914659358992	99721.841614	S	1.241081
01914683187756	99723.082696	W	0.038961
01914683935800	99723.121656	S	1.241035
01914707763672	99724.362691	W	0.038970
01914708511892	99724.401661	S	1.251026
01914732531600	99725.652687	W	0.019615
01914732908200	99725.672302	S	1.250371
01914756915316	99726.922673	W	0.037983
01914757644584	99726.960655	S	1.252018
01914781683324	99728.212673	W	0.019631
01914782060240	99728.232304	S	1.250363
01914806067216	99729.482667	W	0.037936
01914806795584	99729.520603	S	1.252064
01914830835204	99730.772667	W	0.019665
01914831212780	99730.792332	S	1.250329
01914855219096	99732.042661	W	0.037958
01914855947884	99732.080619	S	1.242041
01914879795076	99733.322660	W	0.037933
01914880523380	99733.360593	S	1.252057
01914904562872	99734.612650	W	0.019609
01914904939360	99734.632258	S	1.260390
01914929138848	99735.892648	W	0.047872
01914930057984	99735.940520	S	1.222123
01914953522752	99737.162643	W	0.038954
01914954270660	99737.201597	S	1.241038
01914978098584	99738.442635	W	0.038003
01914978828232	99738.480637	S	1.252003
01915002866688	99739.732640	W	0.019660
01915003244160	99739.752300	S	1.260307
01915027442052	99741.012607	W	0.019684
01915027819976	99741.032290	S	1.260338
01915052018464	99742.292628	W	0.019642
01915052395584	99742.312270	S	1.260342
01915076594160	99743.572612	W	0.019636
01915076971172	99743.592249	S	1.250366
01915100978196	99744.842614	W	0.037988
01915101707560	99744.880602	S	1.252013
01915125746204	99746.132615	W	0.019630
01915126123108	99746.152245	S	1.250361
01915150130036	99747.402606	W	0.037899
01915150857688	99747.440505	S	1.252098
01915174897960	99748.692602	W	0.019707
01915175276332	99748.712309	S	1.260291
01915199473920	99749.972600	W	0.019591
01915199850076	99749.992191	S	1.260393
01915224049612	99751.252584	W	0.055868
01915225122276	99751.308452	S	1.214132
01915248433604	99752.522584	W	0.048905
01915249372580	99752.571489	S	1.231086
01915273009436	99753.802575	W	0.039970
01915273776860	99753.842545	S	1.250032
01915297777468	99755.092576	W	0.020534
01915298171712	99755.113110	S	1.259461
01915322353364	99756.372571	W	0.020715
01915322751088	99756.393286	S	1.259291
01915346929468	99757.652576	W	0.020664
01915347326220	99757.673241	S	1.259322
01915371505196	99758.932562	W	0.020661
01915371901880	99758.953223	S	1.259334
01915396081096	99760.212557	W	0.020512
01915396474920	99760.233069	S	1.249481
01915420464952	99761.482550	W	0.039044
01915421214592	99761.521593	S	1.250954
01915445232904	99762.772547	W	0.020683
01915445630012	99762.793230	S	1.259309
01915469808736	99764.052538	W	0.048810
01915470745884	99764.101348	S	1.221192
01915494192768	99765.322540	W	0.048979
01915495133164	99765.371519	S	1.241020
01915518960740	99766.612539	W	0.019632
01915519337672	99766.632170	S	1.250360
01915543344576	99767.882530	W	0.038950
01915544092412	99767.921480	S	1.251045
01915568112476	99769.172525	W	0.019703
01915568490772	99769.192228	S	1.250292
01915592496384	99770.442520	W	0.037990
01915593225800	99770.480510	S	1.252005
01915617264292	99771.732515	W	0.047862
01915618183240	99771.780377	S	1.222138
01915641648288	99773.002515	W	0.038996
01915642397012	99773.041511	S	1.250997
01915666416148	99774.292508	W	0.019630
01915666793040	99774.312138	S	1.260362
01915690991992	99775.572500	W	0.019639
01915691369056	99775.592138	S	1.250364
01915715376036	99776.842502	W	0.039019
01915716125196	99776.881521	S	1.240974
01915739951900	99778.122495	W	0.055900
01915741025188	99778.178395	S	1.224099
01915764527888	99779.402494	W	0.047964
01915765448800	99779.450458	S	1.232034
01915789103860	99780.682493	W	0.038956
01915789851812	99780.721449	S	1.241027
01915813679528	99781.962475	W	0.047996
01915814601056	99782.010472	S	1.242002
01915838447496	99783.252474	W	0.019686
01915838825464	99783.272160	S	1.260314
01915863023492	99784.532474	W	0.019687
01915863401488	99784.552161	S	1.260302
01915887599284	99785.812463	W	0.019622
01915887976024	99785.832085	S	1.260371
01915912175152	99787.092456	W	0.047888
01915913094600	99787.140344	S	1.222114
01915936559188	99788.362458	W	0.038953
01915937307084	99788.401411	S	1.241043
01915961135116	99789.642454	W	0.038042
01915961865532	99789.680496	S	1.251941
01915985902804	99790.932438	W	0.019636
01915986279824	99790.952074	S	1.260368
01916010478896	99792.212442	W	0.055874
01916011551672	99792.268316	S	1.214127
01916034862912	99793.482443	W	0.048910
01916035801976	99793.531353	S	1.231078
01916059438680	99794.762431	W	0.047929
01916060358912	99794.810360	S	1.232067
01916084014604	99796.042427	W	0.047909
01916084934452	99796.090336	S	1.232087
01916108590520	99797.322423	W	0.039018
01916109339668	99797.361441	S	1.240981
01916133166504	99798.602422	W	0.038907
01916133913528	99798.641330	S	1.241084
01916157742332	99799.882413	W	0.037990
01916158471748	99799.920404	S	1.252005
01916182510236	99801.172408	W	0.019599
01916182886532	99801.192007	S	1.260396
01916207086140	99802.452403	W	0.019607
01916207462600	99802.472010	S	1.250387
01916231470040	99803.722398	W	0.046897
01916232370456	99803.769295	S	1.233104
01916256046060	99805.002399	W	0.047961
01916256966920	99805.050360	S	1.232030
01916280621892	99806.282390	W	0.047957
01916281542672	99806.330347	S	1.232043
01916305197904	99807.562391	W	0.039011
01916305946916	99807.601402	S	1.250983
01916329965780	99808.852384	W	0.055799
01916331037120	99808.908183	S	1.214196
01916354349692	99810.122380	W	0.048041
01916355272072	99810.170420	S	1.231944
01916378925400	99811.402365	W	0.038994
01916379674080	99811.441358	S	1.251013
01916403693532	99812.692371	W	0.020664
01916404090284	99812.713036	S	1.249323
01916428077288	99813.962359	W	0.048032
01916428999504	99814.010391	S	1.231968
01916452653284	99815.242359	W	0.038963
01916453401372	99815.281321	S	1.251026
01916477421080	99816.532348	W	0.048835
01916478358704	99816.581182	S	1.221165
01916501805072	99817.802347	W	0.048025
01916502727160	99817.850373	S	1.241973
01916526573036	99819.092346	W	0.019586
01916526949080	99819.111931	S	1.260418
01916551149112	99820.372350	W	0.019623
01916551525872	99820.391973	S	1.250362
01916575532824	99821.642335	W	0.055899
01916576606088	99821.698234	S	1.224090
01916600108624	99822.922324	W	0.039107
01916600859484	99822.961431	S	1.250901
01916624876780	99824.212332	W	0.019649
01916625254048	99824.231982	S	1.250339
01916649260548	99825.482320	W	0.047949
01916650181176	99825.530270	S	1.232041
01916673836356	99826.762310	W	0.047922
01916674756460	99826.810232	S	1.232076
01916698412316	99828.042308	W	0.038968
01916699160496	99828.081276	S	1.241033
01916722988328	99829.322309	W	0.038979
01916723736720	99829.361287	S	1.251021
01916747756324	99830.612309	W	0.019700
01916748134564	99830.632009	S	1.260296
01916772332256	99831.892305	W	0.055846
01916773404492	99831.948151	S	1.214141
01916796715996	99833.162291	W	0.039002
01916797464836	99833.201294	S	1.240987
01916821291792	99834.442281	W	0.047970
01916822212808	99834.490250	S	1.232014
01916845867472	99835.722264	W	0.047947
01916846788056	99835.770211	S	1.242068
01916870635752	99837.012279	W	0.019633
01916871012696	99837.031911	S	1.260367
01916895211744	99838.292278	W	0.019622
01916895588480	99838.311900	S	1.250375
01916919595680	99839.562275	W	0.047892
01916920515200	99839.610167	S	1.232110
01916944171712	99840.842277	W	0.049011
01916945112724	99840.891288	S	1.240974
01916968939416	99842.132261	W	0.020531
01916969333620	99842.152793	S	1.259462
01916993515296	99843.412255	W	0.048886
01916994453900	99843.461141	S	1.221114
01917017899292	99844.682255	W	0.047958
01917018820084	99844.730213	S	1.232028
01917042475028	99845.962241	W	0.038907
01917043222052	99846.001149	S	1.241085
01917067050884	99847.242234	W	0.047965
01917067971804	99847.290198	S	1.232040
01917091626976	99848.522238	W	0.039028
01917092376320	99848.561267	S	1.240969
01917116202928	99849.802236	W	0.038959
01917116950948	99849.841195	S	1.251038
01917140970876	99851.092233	W	0.019655
01917141348256	99851.111888	S	1.250335
01917165354696	99852.362224	W	0.037948
01917166083296	99852.400172	S	1.242044
01917189930536	99853.642215	W	0.037993
01917190659996	99853.680208	S	1.242004
01917214506480	99854.922212	W	0.037996
01917215236004	99854.960209	S	1.252001
01917239274424	99856.212210	W	0.019666
01917239652016	99856.231876	S	1.260339
01917263850516	99857.492214	W	0.019629
01917264227388	99857.511843	S	1.260353
01917288426172	99858.772196	W	0.019610
01917288802680	99858.791806	S	1.250388
01917312810132	99860.042194	W	0.055904
01917313883492	99860.098099	S	1.224094
01917337386100	99861.322193	W	0.047966
01917338307044	99861.370159	S	1.232032
01917361962060	99862.602191	W	0.038921
01917362709340	99862.641111	S	1.241070
01917386537884	99863.882181	W	0.048025
01917387459956	99863.930206	S	1.241980
01917411305964	99865.172186	W	0.019647
01917411683192	99865.191833	S	1.260339
01917435881696	99866.452172	W	0.019622
01917436258436	99866.471794	S	1.250367
01917460265480	99867.722160	W	0.055914
01917461339028	99867.778074	S	1.224095
01917484841660	99869.002170	W	0.038973
01917485589944	99869.041143	S	1.241021
01917509417548	99870.282164	W	0.038965
01917510165680	99870.321129	S	1.241022
01917533993308	99871.562151	W	0.047968
01917534914288	99871.610119	S	1.232028
01917558569220	99872.842147	W	0.047960
01917559490052	99872.890107	S	1.242036
01917583337136	99874.132143	W	0.048888
01917584275784	99874.181030	S	1.221101
01917607720932	99875.402132	W	0.038944
01917608468648	99875.441075	S	1.241065
01917632297092	99876.682140	W	0.047935
01917633217448	99876.730075	S	1.232057
01917656872948	99877.962133	W	0.038945
01917657620692	99878.001078	S	1.241063
01917681449096	99879.242140	W	0.038991
01917682197724	99879.281131	S	1.240979
01917706024520	99880.522110	W	0.038909
01917706771572	99880.561019	S	1.241093
01917730600556	99881.802112	W	0.047973
01917731521644	99881.850086	S	1.232027
01917755176564	99883.082113	W	0.037950
01917755905212	99883.120063	S	1.242045
01917779752468	99884.362108	W	0.047972
01917780673528	99884.410080	S	1.232027
01917804328452	99885.642107	W	0.047907
01917805248264	99885.690014	S	1.232085
01917828904296	99886.922099	W	0.037977
01917829633452	99886.960076	S	1.242018
01917853480196	99888.202094	W	0.047963
01917854401092	99888.250057	S	1.232034
01917878056136	99889.482090	W	0.038970
01917878804360	99889.521060	S	1.241032
01917902632180	99890.762093	W	0.038876
01917903378596	99890.800969	S	1.241113
01917927207956	99892.042081	W	0.048074
01917928130980	99892.090155	S	1.241918
01917951975804	99893.332073	W	0.019676
01917952353580	99893.351749	S	1.260320
01917976551728	99894.612069	W	0.047906
01917977471524	99894.659975	S	1.222089
01918000935636	99895.882064	W	0.047971
01918001856688	99895.930036	S	1.232021
01918025511500	99897.162057	W	0.049005
01918026452396	99897.211062	S	1.240991
01918050279428	99898.452054	W	0.020532
01918050673640	99898.472585	S	1.249465
01918074663372	99899.722051	W	0.046986
01918075565500	99899.769036	S	1.233009
01918099239268	99901.002045	W	0.047969
01918100160280	99901.050015	S	1.232041
01918123815476	99902.282056	W	0.047969
01918124736488	99902.330025	S	1.232008
01918148391048	99903.562034	W	0.047977
01918149312216	99903.610011	S	1.232025
01918172967088	99904.842036	W	0.038967
01918173715252	99904.881003	S	1.241021
01918197542860	99906.122024	W	0.037946
01918198271424	99906.159970	S	1.252053
01918222310840	99907.412023	W	0.047841
01918223229380	99907.459864	S	1.222163
01918246694908	99908.682026	W	0.038916
01918247442092	99908.720942	S	1.241073
01918271270696	99909.962015	W	0.047973
01918272191772	99910.009988	S	1.232017
01918295846496	99911.242005	W	0.047952
01918296767176	99911.289957	S	1.232047
01918320422472	99912.522004	W	0.056020
01918321498064	99912.578024	S	1.223984
01918344998556	99913.802008	W	0.039000
01918345747360	99913.841008	S	1.250987
01918369766312	99915.091995	W	0.047900
01918370686000	99915.139896	S	1.222094
01918394150212	99916.361990	W	0.048994
01918395090904	99916.410985	S	1.240999
01918418918088	99917.651984	W	0.020530
01918419312256	99917.672513	S	1.259474
01918443494164	99918.931988	W	0.020517
01918443888092	99918.952505	S	1.249463
01918467877788	99920.201968	W	0.039038
01918468627312	99920.241006	S	1.240966
01918492453852	99921.481971	W	0.047912
01918493373756	99921.529883	S	1.232098
01918517030036	99922.761981	W	0.047975
01918517951156	99922.809956	S	1.242008
01918541797716	99924.051964	W	0.020533
01918542191948	99924.072497	S	1.249462
01918566181616	99925.321959	W	0.048045
01918567104084	99925.370004	S	1.231944
01918590757412	99926.601949	W	0.047969
01918591678416	99926.649918	S	1.232037
01918615333524	99927.881954	W	0.047956
01918616254272	99927.929910	S	1.232033
01918639909300	99929.161943	W	0.047960
01918640830132	99929.209903	S	1.232039
01918664485284	99930.441942	W	0.039016
01918665234388	99930.480958	S	1.250982
01918689253236	99931.731939	W	0.055843
01918690325420	99931.787782	S	1.214152
01918713637144	99933.001935	W	0.047978
01918714558320	99933.049913	S	1.232023
01918738213168	99934.281936	W	0.038907
01918738960184	99934.320843	S	1.241070
01918762788720	99935.561912	W	0.048020
01918763710704	99935.609932	S	1.231984
01918787364792	99936.841916	W	0.048037
01918788287108	99936.889954	S	1.231963
01918811940800	99938.121917	W	0.038910
01918812687868	99938.160826	S	1.241085
01918836516696	99939.401911	W	0.047934
01918837437032	99939.449845	S	1.232064
01918861092664	99940.681910	W	0.039033
01918861842100	99940.720943	S	1.240957
01918885668472	99941.961900	W	0.038939
01918886416096	99942.000838	S	1.251058
01918910436412	99943.251896	W	0.019595
01918910812636	99943.271491	S	1.250394
01918934820196	99944.521885	W	0.038005
01918935549892	99944.559890	S	1.252002
01918959588336	99945.811893	W	0.019709
01918959966744	99945.831601	S	1.260278
01918984164080	99947.091879	W	0.047819
01918985082204	99947.139698	S	1.222171
01919008547884	99948.361869	W	0.047920
01919009467940	99948.409789	S	1.232082
01919033123916	99949.641871	W	0.038924
01919033871264	99949.680795	S	1.241073
01919057699864	99950.921868	W	0.039027
01919058449188	99950.960895	S	1.240965
01919082275720	99952.201860	W	0.047983
01919083197000	99952.249844	S	1.232021
01919106851800	99953.481865	W	0.049057
01919107793704	99953.530922	S	1.240929
01919131619544	99954.771851	W	0.020533
01919132013780	99954.792384	S	1.249465
01919156003512	99956.041850	W	0.039046
01919156753200	99956.080896	S	1.250951
01919180771468	99957.331847	W	0.020649
01919181167924	99957.352496	S	1.259342
01919205347296	99958.611838	W	0.057787
01919206456800	99958.669625	S	1.212213
01919229731284	99959.881838	W	0.038924
01919230478616	99959.920761	S	1.241066
01919254307080	99961.161827	W	0.038995
01919255055780	99961.200822	S	1.241000
01919278882980	99962.441822	W	0.038958
01919279630968	99962.480780	S	1.251038
01919303650900	99963.731818	W	0.047899
01919304570552	99963.779716	S	1.222109
01919328035036	99965.001825	W	0.038998
01919328783796	99965.040823	S	1.250984
01919352802688	99966.291807	W	0.019617
01919353179344	99966.311424	S	1.250381
01919377186660	99967.561805	W	0.047919
01919378106696	99967.609724	S	1.232059
01919401762232	99968.841783	W	0.038983
01919402510712	99968.880766	S	1.241029
01919426338468	99970.121795	W	0.038908
01919427085508	99970.160704	S	1.241097
01919450914576	99971.401801	W	0.039023
01919451663820	99971.440824	S	1.240963
01919475490304	99972.681787	W	0.038904
01919476237264	99972.720691	S	1.241102
01919500066424	99973.961793	W	0.048004
01919500988092	99974.009796	S	1.231986
01919524642228	99975.241783	W	0.038892
01919525388960	99975.280675	S	1.241098
01919549218036	99976.521773	W	0.038977
01919549966400	99976.560750	S	1.241015
01919573793896	99977.801765	W	0.047914
01919574713844	99977.849679	S	1.232085
01919598369876	99979.081764	W	0.047961
01919599290736	99979.129726	S	1.232040
01919622945900	99980.361766	W	0.038909
01919623692956	99980.400675	S	1.241076
01919647521620	99981.641751	W	0.039016
01919648270736	99981.680768	S	1.240982
01919672097596	99982.921750	W	0.038974
01919672845904	99982.960724	S	1.241021
01919696673508	99984.201745	W	0.048009
01919697595284	99984.249754	S	1.241994
01919721441568	99985.491748	W	0.046847
01919722341028	99985.538595	S	1.223147
01919745825444	99986.761742	W	0.039034
01919746574904	99986.800776	S	1.250962
01919770593372	99988.051738	W	0.019587
01919770969440	99988.071325	S	1.250410
01919794977308	99989.321735	W	0.046931
01919795878376	99989.368665	S	1.233042
01919819552776	99990.601707	W	0.048018
01919820474716	99990.649725	S	1.241988
01919844320880	99991.891713	W	0.019644
01919844698048	99991.911357	S	1.260351
01919868896792	99993.171708	W	0.055894
01919869969948	99993.227601	S	1.214108
01919893280828	99994.441710	W	0.048025
01919894202912	99994.489735	S	1.231975
01919917856836	99995.721710	W	0.038972
01919918605100	99995.760682	S	1.241021
01919942432704	99997.001703	W	0.048039
01919943355044	99997.049742	S	1.231959
01919967008656	99998.281701	W	0.048983
01919967949132	99998.330684	S	1.231011
01919991584536	99999.561695	W	0.039987
01919992352288	99999.601682	S	1.250006
01920016352412	100000.851688	W	0.020527
01920016746536	100000.872215	S	1.259466
01920040928292	100002.131682	W	0.020741
01920041326512	100002.152423	S	1.259263
01920065504360	100003.411685	W	0.020521
01920065898356	100003.432206	S	1.259466
01920090080104	100004.691672	W	0.020644
01920090476472	100004.712316	S	1.259354
01920114656060	100005.971670	W	0.020692
01920115053344	100005.992362	S	1.259299
01920139231892	100007.251661	W	0.048850
01920140169816	100007.300511	S	1.221150
01920163615896	100008.521661	W	0.047895
01920164535472	100008.569556	S	1.232086
01920188191524	100009.801642	W	0.039022
01920188940748	100009.840664	S	1.250992
01920212959792	100011.091656	W	0.019597
01920213336056	100011.111253	S	1.260385
01920237535444	100012.371638	W	0.019718
01920237914036	100012.391356	S	1.260290
01920262111596	100013.651646	W	0.019583
01920262487596	100013.671229	S	1.260411
01920286687480	100014.931640	W	0.019613
01920287064040	100014.951252	S	1.260376
01920311263256	100016.211628	W	0.019602
01920311639608	100016.231230	S	1.260394
01920335839168	100017.491623	W	0.055904
01920336912532	100017.547528	S	1.214097
01920360223192	100018.761625	W	0.047969
01920361144188	100018.809593	S	1.242025
01920384991068	100020.051618	W	0.019658
01920385368492	100020.071276	S	1.260346
01920409567144	100021.331622	W	0.019600
01920409943456	100021.351222	S	1.260385
01920434142852	100022.611607	W	0.019660
01920434520316	100022.631266	S	1.250336
01920458526760	100023.881602	W	0.038007
01920459256488	100023.919609	S	1.251990
01920483294696	100025.171599	W	0.019741
01920483673732	100025.191340	S	1.260254
01920507870600	100026.451594	W	0.019630
01920508247496	100026.471224	S	1.250366
01920532254520	100027.721590	W	0.038048
01920532985036	100027.759637	S	1.251954
01920557022560	100029.011592	W	0.019619
01920557399244	100029.031211	S	1.260372
01920581598380	100030.291582	W	0.019633
01920581975336	100030.311215	S	1.260360
01920606174240	100031.571575	W	0.047852
01920607092996	100031.619427	S	1.222145
01920630558176	100032.841572	W	0.048013
01920631480032	100032.889585	S	1.241982
01920655326080	100034.131567	W	0.019636
01920655703100	100034.151203	S	1.260357
01920679901956	100035.411560	W	0.019765
01920680281452	100035.431326	S	1.260237
01920704478012	100036.691563	W	0.056825
01920705569060	100036.748389	S	1.213158
01920728861692	100037.961546	W	0.038998
01920729610456	100038.000545	S	1.251010
01920753629852	100039.251555	W	0.019543
01920754005080	100039.271098	S	1.250441
01920778013544	100040.521539	W	0.038962
01920778761620	100040.560501	S	1.241039
01920802589560	100041.801540	W	0.037940
01920803318004	100041.839479	S	1.242051
01920827165376	100043.081530	W	0.048052
01920828087976	100043.129582	S	1.231945
01920851741312	100044.361527	W	0.048952
01920852681188	100044.410479	S	1.241056
01920876509456	100045.651534	W	0.019711
01920876887908	100045.671245	S	1.250275
01920900893184	100046.921520	W	0.055961
01920901967640	100046.977481	S	1.224039
01920925469192	100048.201520	W	0.038978
01920926217576	100048.240499	S	1.241010
01920950044960	100049.481508	W	0.037952
01920950773640	100049.519460	S	1.242040
01920974620808	100050.761500	W	0.047930
01920975541056	100050.809430	S	1.232065
01920999196700	100052.041495	W	0.038957
01920999944676	100052.080452	S	1.241046
01921023772768	100053.321498	W	0.037956
01921024501516	100053.359454	S	1.242040
01921048348680	100054.601494	W	0.037957
01921049077456	100054.639451	S	1.242044
01921072924696	100055.881495	W	0.037983
01921073653976	100055.919478	S	1.252005
01921097692476	100057.171483	W	0.019665
01921098070048	100057.191148	S	1.260328
01921122268348	100058.451476	W	0.047867
01921123187392	100058.499343	S	1.222137
01921146652416	100059.721480	W	0.047983
01921147573684	100059.769463	S	1.232011
01921171228292	100061.001474	W	0.047961
01921172149144	100061.049435	S	1.232034
01921195804196	100062.281469	W	0.047963
01921196725080	100062.329431	S	1.232021
01921220379876	100063.561452	W	0.048075
01921221302912	100063.609527	S	1.231923
01921244955828	100064.841449	W	0.049006
01921245896744	100064.890455	S	1.240993
01921269723816	100066.131449	W	0.020691
01921270121092	100066.152140	S	1.259305
01921294299756	100067.411446	W	0.020640
01921294696036	100067.432085	S	1.259360
01921318875756	100068.691446	W	0.048864
01921319813952	100068.740310	S	1.221132
01921343259688	100069.961442	W	0.038898
01921344006524	100070.000340	S	1.241086
01921367835376	100071.241426	W	0.047982
01921368756628	100071.289408	S	1.232024
01921392411492	100072.521432	W	0.047919
01921393331536	100072.569351	S	1.232071
01921416987300	100073.801422	W	0.039019
01921417736468	100073.840441	S	1.240980
01921441563280	100075.081421	W	0.049002
01921442504116	100075.130423	S	1.240995
01921466331224	100076.371418	W	0.019746
01921466710356	100076.391164	S	1.260249
01921490907128	100077.651413	W	0.047820
01921491825280	100077.699233	S	1.222171
01921515290968	100078.921405	W	0.038979
01921516039368	100078.960384	S	1.241015
01921539866864	100080.201399	W	0.056959
01921540960472	100080.258358	S	1.223041
01921564442856	100081.481399	W	0.038918
01921565190080	100081.520317	S	1.241086
01921589018928	100082.761402	W	0.037882
01921589746264	100082.799285	S	1.242087
01921613594328	100084.041371	W	0.048039
01921614516668	100084.089410	S	1.231965
01921638170392	100085.321375	W	0.048944
01921639110116	100085.370319	S	1.231059
01921662746448	100086.601378	W	0.038042
01921663476864	100086.639420	S	1.251956
01921687514424	100087.891376	W	0.056816
01921688605296	100087.948193	S	1.213183
01921711898408	100089.161375	W	0.038972
01921712646672	100089.200347	S	1.241012
01921736474104	100090.441360	W	0.038953
01921737222004	100090.480313	S	1.251051
01921761242184	100091.731364	W	0.020665
01921761638956	100091.752029	S	1.259325
01921785818000	100093.011354	W	0.020563
01921786212800	100093.031917	S	1.259435
01921810393944	100094.291351	W	0.020530
01921810788112	100094.311881	S	1.249464
01921834777828	100095.561345	W	0.037906
01921835505632	100095.599252	S	1.242091
01921859353776	100096.841343	W	0.038059
01921860084516	100096.879402	S	1.251937
01921884121708	100098.131339	W	0.020531
01921884515896	100098.151870	S	1.249462
01921908505564	100099.401331	W	0.038005
01921909235252	100099.439336	S	1.241995
01921933081556	100100.681331	W	0.056969
01921934175360	100100.738300	S	1.223027
01921957657472	100101.961327	W	0.038874
01921958403860	100102.000201	S	1.241120
01921982233368	100103.241321	W	0.038944
01921982981092	100103.280265	S	1.251046
01922007001180	100104.531311	W	0.020714
01922007398896	100104.552026	S	1.259283
01922031577128	100105.811309	W	0.020512
01922031970952	100105.831820	S	1.249481
01922055960996	100107.081302	W	0.037995
01922056690504	100107.119297	S	1.252004
01922080728976	100108.371301	W	0.020537
01922081123288	100108.391838	S	1.259453
01922105304788	100109.651291	W	0.020662
01922105701492	100109.671953	S	1.259334
01922129880704	100110.931287	W	0.020516
01922130274612	100110.951803	S	0.884347
01922147254068	100111.836149	W	0.082805
01922148843932	100111.918955	S	0.021283
01922149252560	100111.940238	W	2.027566
01922188181832	100113.967804	S	0.803562
01922203610224	100114.771366	W	0.020518
01922204004164	100114.791884	S	0.247861
01922208763100	100115.039745	W	0.015769
01922209065868	100115.055514	S	0.013949
01922209333696	100115.069463	W	0.006748
01922209463264	100115.076212	S	0.965013
01922227991508	100116.041224	W	0.039015
01922228740592	100116.080239	S	1.250960
01922252759024	100117.331199	W	0.023707
01922253214208	100117.354907	S	1.246288
01922277142936	100118.601195	W	0.048109
01922278066632	100118.649304	S	1.241886
01922301910836	100119.891189	W	0.019775
01922302290520	100119.910965	S	1.260214
01922326486620	100121.171178	W	0.019738
01922326865580	100121.190916	S	1.260329
01922351063888	100122.451244	W	0.019675
01922351441648	100122.470919	S	1.260320
01922375639788	100123.731239	W	0.047821
01922376557956	100123.779060	S	1.222180
01922400023820	100125.001241	W	0.039016
01922400772924	100125.040256	S	1.240971
01922424599560	100126.281227	W	0.048951
01922425539424	100126.330178	S	1.241051
01922449367604	100127.571229	W	0.020659
01922449764248	100127.591888	S	1.259340
01922473943576	100128.851228	W	0.020522
01922474337596	100128.871750	S	1.259471
01922498519444	100130.131221	W	0.020668
01922498916264	100130.151889	S	1.249326
01922522903324	100131.401215	W	0.038991
01922523651948	100131.440206	S	1.251003
01922547671200	100132.691208	W	0.020692
01922548068496	100132.711901	S	1.259302
01922572247100	100133.971203	W	0.020648
01922572643544	100133.991851	S	1.259358
01922596823224	100135.251210	W	0.020614
01922597219012	100135.271824	S	1.249362
01922621206768	100136.521186	W	0.056958
01922622300360	100136.578144	S	1.223041
01922645782752	100137.801185	W	0.039011
01922646531756	100137.840196	S	1.250989
01922670550752	100139.091185	W	0.019604
01922670927144	100139.110789	S	1.250396
01922694934744	100140.361185	W	0.055967
01922696009308	100140.417151	S	1.224026
01922719510616	100141.641178	W	0.039010
01922720259616	100141.680188	S	1.250984
01922744278500	100142.931172	W	0.019555
01922744653952	100142.950727	S	1.250444
01922768662468	100144.201170	W	0.037966
01922769391408	100144.239136	S	1.252032
01922793430420	100145.491168	W	0.019645
01922793807600	100145.510812	S	1.260352
01922818006364	100146.771165	W	0.047825
01922818924596	100146.818989	S	1.222163
01922842390132	100148.041153	W	0.038974
01922843138432	100148.080127	S	1.241028
01922866966168	100149.321155	W	0.048913
01922867905304	100149.370068	S	1.241077
01922891733988	100150.611145	W	0.019700
01922892112224	100150.630845	S	1.260298
01922916309940	100151.891143	W	0.019629
01922916686808	100151.910771	S	1.260359
01922940885696	100153.171130	W	0.019700
01922941263928	100153.190830	S	1.260304
01922965461760	100154.451133	W	0.019621
01922965838488	100154.470755	S	1.260374
01922990037672	100155.731129	W	0.019755
01922990416972	100155.750884	S	1.260245
01923014613676	100157.011129	W	0.047845
01923015532300	100157.058974	S	1.222137
01923038997332	100158.281111	W	0.048036
01923039919628	100158.329147	S	1.231963
01923063573312	100159.561110	W	0.037916
01923064301308	100159.599026	S	1.252079
01923088341220	100160.851105	W	0.019648
01923088718464	100160.870753	S	1.250359
01923112725356	100162.121112	W	0.037981
01923113454592	100162.159093	S	1.252006
01923137493104	100163.411099	W	0.019603
01923137869476	100163.430702	S	1.260390
01923162068960	100164.691092	W	0.047831
01923162987308	100164.738922	S	1.222166
01923186452888	100165.961088	W	0.038969
01923187201092	100166.000057	S	1.241026
01923211028792	100167.241083	W	0.037925
01923211756956	100167.279008	S	1.252072
01923235796732	100168.531080	W	0.019643
01923236173872	100168.550723	S	1.260350
01923260372600	100169.811073	W	0.019612
01923260749144	100169.830685	S	1.260392
01923284948668	100171.091076	W	0.055880
01923286021564	100171.146956	S	1.214112
01923309332508	100172.361068	W	0.047995
01923310254008	100172.409063	S	1.242002
01923334100440	100173.651065	W	0.019609
01923334476940	100173.670674	S	1.260387
01923358676376	100174.931061	W	0.019575
01923359052216	100174.950636	S	1.260410
01923383252080	100176.211046	W	0.019731
01923383630916	100176.230777	S	1.260270
01923407828100	100177.491047	W	0.019596
01923408204336	100177.510642	S	1.260403
01923432404072	100178.771045	W	0.019677
01923432781868	100178.790722	S	1.260319
01923456980000	100180.051042	W	0.055772
01923458050824	100180.106814	S	1.214231
01923481364056	100181.321045	W	0.049004
01923482304940	100181.370049	S	1.240977
01923506131704	100182.611026	W	0.020532
01923506525920	100182.631558	S	1.259454
01923530707436	100183.891012	W	0.020645
01923531103816	100183.911657	S	1.259363
01923555283592	100185.171020	W	0.020647
01923555680012	100185.191667	S	1.259348
01923579859496	100186.451015	W	0.020547
01923580254004	100186.471563	S	1.249443
01923604243300	100187.721005	W	0.037988
01923604972660	100187.758993	S	1.252024
01923629011524	100189.011017	W	0.048881
01923629950040	100189.059898	S	1.221094
01923653395036	100190.280991	W	0.038960
01923654143064	100190.319951	S	1.251038
01923678162984	100191.570989	W	0.019713
01923678541472	100191.590702	S	1.260284
01923702738920	100192.850985	W	0.019603
01923703115304	100192.870589	S	1.260398
01923727314952	100194.130987	W	0.019652
01923727692268	100194.150639	S	1.260351
01923751891016	100195.410990	W	0.019582
01923752266984	100195.430572	S	1.260407
01923776466792	100196.690979	W	0.019687
01923776844788	100196.710666	S	1.260305
01923801042652	100197.970971	W	0.019611
01923801419180	100197.990582	S	1.260390
01923825618660	100199.250972	W	0.019710
01923825997088	100199.270682	S	1.260276
01923850194384	100200.530957	W	0.019602
01923850570736	100200.550559	S	1.260399
01923874770400	100201.810958	W	0.019689
01923875148432	100201.830647	S	1.260314
01923899346452	100203.090961	W	0.019665
01923899724024	100203.110626	S	1.260330
01923923922368	100204.370957	W	0.019583
01923924298360	100204.390540	S	1.260408
01923948498196	100205.650948	W	0.022623
01923948932552	100205.673570	S	1.257370
01923973074048	100206.930940	W	0.019697
01923973452232	100206.950637	S	1.260296
01923997649916	100208.210933	W	0.019667
01923998027520	100208.230600	S	1.260335
01924022225944	100209.490935	W	0.019650
01924022603228	100209.510585	S	1.260346
01924046801864	100210.770930	W	0.019683
01924047179784	100210.790614	S	1.260310
01924071377744	100212.050924	W	0.019697
01924071755932	100212.070621	S	1.260300
01924095953684	100213.330921	W	0.019589
01924096329796	100213.350510	S	1.260405
01924120529564	100214.610915	W	0.019605
01924120905976	100214.630520	S	1.260388
01924145105420	100215.890907	W	0.019640
01924145482508	100215.910547	S	1.260356
01924169681348	100217.170904	W	0.019681
01924170059220	100217.190584	S	1.260305
01924194257072	100218.450889	W	0.019652
01924194634396	100218.470541	S	1.260352
01924218833152	100219.730893	W	0.019734
01924219212036	100219.750627	S	1.260265
01924243409132	100221.010892	W	0.022649
01924243843996	100221.033541	S	1.257352
01924267985152	100222.290893	W	0.019743
01924268364216	100222.310636	S	1.260245
01924292560928	100223.570882	W	0.019626
01924292937752	100223.590508	S	1.260377
01924317137000	100224.850885	W	0.019577
01924317512884	100224.870463	S	1.260412
01924341712796	100226.130875	W	0.019695
01924342090944	100226.150570	S	1.260296
01924366288636	100227.410866	W	0.019687
01924366666632	100227.430554	S	1.260307
01924390864536	100228.690861	W	0.019614
01924391241128	100228.710475	S	1.260381
01924415440444	100229.970856	W	0.019748
01924415819612	100229.990605	S	1.260245
01924440016312	100231.250850	W	0.019658
01924440393752	100231.270508	S	1.260340
01924464592288	100232.530848	W	0.019728
01924464971072	100232.550577	S	1.260252
01924489167912	100233.810829	W	0.019698
01924489546116	100233.830527	S	1.260319
01924513744244	100235.090846	W	0.019671
01924514121920	100235.110517	S	1.260316
01924538319980	100236.370832	W	0.022590
01924538753704	100236.393422	S	1.247415
01924562704064	100237.640837	W	0.039080
01924563454408	100237.679917	S	1.250912
01924587471916	100238.930829	W	0.019606
01924587848356	100238.950435	S	1.260388
01924612047808	100240.210823	W	0.019744
01924612426892	100240.230567	S	1.260259
01924636623856	100241.490826	W	0.019667
01924637001464	100241.510493	S	1.260316
01924661199524	100242.770809	W	0.019753
01924661578780	100242.790561	S	1.260242
01924685775420	100244.050803	W	0.019668
01924686153052	100244.070471	S	1.260328
01924710351352	100245.330800	W	0.019698
01924710729552	100245.350497	S	1.260305
01924734927416	100246.610803	W	0.019681
01924735305292	100246.630484	S	1.260305
01924759503140	100247.890789	W	0.019684
01924759881076	100247.910473	S	1.260314
01924784079112	100249.170787	W	0.019678
01924784456932	100249.190465	S	1.260317
01924808655020	100250.450782	W	0.019730
01924809033836	100250.470512	S	1.260268
01924833230980	100251.730780	W	0.019702
01924833609252	100251.750482	S	1.260304
01924857807096	100253.010786	W	0.022707
01924858243080	100253.033494	S	1.257269
01924882382648	100254.290763	W	0.019627
01924882759488	100254.310390	S	1.260372
01924906958624	100255.570762	W	0.055834
01924908030628	100255.626595	S	1.214164
01924931342568	100256.840759	W	0.047960
01924932263404	100256.888719	S	1.242040
01924956110564	100258.130759	W	0.019720
01924956489192	100258.150479	S	1.260275
01924980686468	100259.410754	W	0.019647
01924981063692	100259.430401	S	1.260350
01925005262412	100260.690751	W	0.019625
01925005639204	100260.710375	S	1.260370
01925029838308	100261.970745	W	0.038881
01925030584816	100262.009626	S	1.241111
01925054414140	100263.250736	W	0.019730
01925054792960	100263.270467	S	1.260269
01925078990128	100264.530736	W	0.019616
01925079366748	100264.550351	S	1.260376
01925103565972	100265.810728	W	0.019624
01925103942752	100265.830352	S	1.260372
01925128141892	100267.090724	W	0.019668
01925128519512	100267.110391	S	1.260329
01925152717824	100268.370720	W	0.019644
01925153094984	100268.390364	S	1.260354
01925177293784	100269.650718	W	0.019641
01925177670896	100269.670359	S	1.260358
01925201869768	100270.930717	W	0.019680
01925202247632	100270.950397	S	1.260312
01925226445620	100272.210709	W	0.022656
01925226880624	100272.233366	S	1.257337
01925251021492	100273.490703	W	0.019672
01925251399200	100273.510375	S	1.260318
01925275597304	100274.770693	W	0.019669
01925275974952	100274.790362	S	1.260325
01925300173200	100276.050687	W	0.019667
01925300550812	100276.070355	S	1.260328
01925324749112	100277.330683	W	0.019675
01925325126864	100277.350358	S	1.260320
01925349325016	100278.610678	W	0.019724
01925349703724	100278.630402	S	1.260279
01925373901080	100279.890681	W	0.019635
01925374278068	100279.910316	S	1.260360
01925398476972	100281.170676	W	0.019656
01925398854368	100281.190332	S	1.260334
01925423052776	100282.450665	W	0.019578
01925423428668	100282.470243	S	1.260419
01925447628708	100283.730662	W	0.019672
01925448006404	100283.750334	S	1.260327
01925472204676	100285.010660	W	0.019673
01925472582404	100285.030334	S	1.260326
01925496780656	100286.290659	W	0.019603
01925497157028	100286.310262	S	1.260386
01925521356440	100287.570648	W	0.022600
01925521790352	100287.593248	S	1.257397
01925545932384	100288.850645	W	0.019632
01925546309320	100288.870277	S	1.260371
01925570508444	100290.130648	W	0.019581
01925570884396	100290.150229	S	1.260407
01925595084212	100291.410636	W	0.019725
01925595462928	100291.430361	S	1.260269
01925619660096	100292.690630	W	0.019599
01925620036388	100292.710229	S	1.260399
01925644236052	100293.970628	W	0.019670
01925644613720	100293.990298	S	1.260322
01925668811896	100295.250620	W	0.019653
01925669189228	100295.270272	S	1.260346
01925693387876	100296.530619	W	0.019624
01925693764660	100296.550243	S	1.260371
01925717963780	100297.810614	W	0.019586
01925718339840	100297.830200	S	1.260415
01925742539808	100299.090615	W	0.019688
01925742917820	100299.110303	S	1.260310
01925767115776	100300.370613	W	0.019691
01925767493848	100300.390305	S	1.260288
01925791691376	100301.650592	W	0.019658
01925792068812	100301.670251	S	1.260344
01925816267416	100302.930595	W	0.022656
01925816702416	100302.953251	S	1.257339
01925840843328	100304.210590	W	0.019772
01925841222960	100304.230363	S	1.260220
01925865419192	100305.490583	W	0.019688
01925865797192	100305.510270	S	1.260308
01925889995108	100306.770579	W	0.019640
01925890372192	100306.790218	S	1.260362
01925914571148	100308.050581	W	0.019651
01925914948456	100308.070232	S	1.260331
01925939146808	100309.330563	W	0.019690
01925939524860	100309.350253	S	1.260318
01925963722968	100310.610571	W	0.019687
01925964100960	100310.630258	S	1.260300
01925988298724	100311.890559	W	0.019712
01925988677188	100311.910270	S	1.260285
01926012874664	100313.170555	W	0.019630
01926013251556	100313.190185	S	1.260377
01926037450796	100314.450562	W	0.019665
01926037828368	100314.470228	S	1.260312
01926062026364	100315.730540	W	0.019659
01926062403816	100315.750199	S	1.260345
01926086602440	100317.010544	W	0.047834
01926087520860	100317.058378	S	1.222161
01926110986344	100318.280539	W	0.047936
01926111906716	100318.328475	S	1.242060
01926135754260	100319.570534	W	0.019715
01926136132788	100319.590249	S	1.260287
01926160330292	100320.850536	W	0.019570
01926160706028	100320.870106	S	1.260415
01926184905988	100322.130520	W	0.019674
01926185283732	100322.150194	S	1.260320
01926209481884	100323.410515	W	0.019636
01926209858888	100323.430150	S	1.260364
01926234057868	100324.690514	W	0.019662
01926234435376	100324.710176	S	1.260334
01926258633780	100325.970509	W	0.019627
01926259010616	100325.990136	S	1.260380
01926283209908	100327.250516	W	0.019582
01926283585892	100327.270099	S	1.260405
01926307785668	100328.530504	W	0.019654
01926308163032	100328.550158	S	1.260345
01926332361652	100329.810503	W	0.019669
01926332739288	100329.830171	S	1.260318
01926356937388	100331.090489	W	0.019660
01926357314860	100331.110149	S	1.260335
01926381513288	100332.370484	W	0.019733
01926381892168	100332.390217	S	1.260267
01926406089288	100333.650484	W	0.022598
01926406523164	100333.673081	S	1.257403
01926430665308	100334.930485	W	0.019652
01926431042624	100334.950137	S	1.260339
01926455241136	100336.210476	W	0.019660
01926455618600	100336.230135	S	1.260338
01926479817084	100337.490473	W	0.019576
01926480192952	100337.510050	S	1.260413
01926504392888	100338.770463	W	0.019672
01926504770588	100338.790135	S	1.260323
01926528968780	100340.050457	W	0.019700
01926529347016	100340.070157	S	1.260304
01926553544860	100341.330461	W	0.019655
01926553922232	100341.350116	S	1.260328
01926578120532	100342.610444	W	0.019722
01926578499196	100342.630166	S	1.260288
01926602696728	100343.890455	W	0.019645
01926603073912	100343.910100	S	1.260339
01926627272416	100345.170438	W	0.019715
01926627650952	100345.190154	S	1.260275
01926651848232	100346.450429	W	0.019639
01926652225296	100346.470068	S	1.260361
01926676424224	100347.730428	W	0.019669
01926676801864	100347.750097	S	1.260333
01926701000260	100349.010430	W	0.022651
01926701435160	100349.033081	S	1.257348
01926725576232	100350.290429	W	0.019700
01926725954464	100350.310128	S	1.260291
01926750152052	100351.570419	W	0.019673
01926750529772	100351.590092	S	1.260324
01926774727988	100352.850416	W	0.019711
01926775106432	100352.870127	S	1.260284
01926799303888	100354.130411	W	0.019683
01926799681804	100354.150094	S	1.260318
01926823879916	100355.410412	W	0.019720
01926824258532	100355.430132	S	1.260267
01926848455660	100356.690399	W	0.019597
01926848831916	100356.709996	S	1.260404
01926873031664	100357.970399	W	0.019652
01926873408988	100357.990051	S	1.260341
01926897607528	100359.250392	W	0.019639
01926897984592	100359.270031	S	1.260361
01926922183520	100360.530392	W	0.019702
01926922561804	100360.550094	S	1.260293
01926946759420	100361.810386	W	0.019664
01926947136964	100361.830050	S	1.260322
01926971335144	100363.090372	W	0.019669
01926971712780	100363.110041	S	1.260328
01926995911076	100364.370369	W	0.022612
01926996345232	100364.392981	S	1.257391
01927020487132	100365.650371	W	0.020701
01927020884596	100365.671073	S	1.259294
01927045063032	100366.930366	W	0.020623
01927045458988	100366.950989	S	1.259373
01927069638940	100368.210361	W	0.020654
01927070035492	100368.231015	S	1.259342
01927094214852	100369.490357	W	0.020503
01927094608516	100369.510860	S	1.259488
01927118790684	100370.770348	W	0.020664
01927119187428	100370.791012	S	1.259335
01927143366664	100372.050347	W	0.020515
01927143760560	100372.070862	S	1.259487
01927167942708	100373.330349	W	0.020705
01927168340248	100373.351055	S	1.259273
01927192518292	100374.610328	W	0.020654
01927192914852	100374.630982	S	1.259355
01927217094460	100375.890336	W	0.020706
01927217492024	100375.911043	S	1.259282
01927241670232	100377.170325	W	0.020660
01927242066904	100377.190985	S	1.259337
01927266246176	100378.450322	W	0.020511
01927266639988	100378.470833	S	1.259482
01927290822036	100379.730314	W	0.023650
01927291276112	100379.753964	S	1.256356
01927315398156	100381.010321	W	0.020668
01927315794976	100381.030988	S	1.259323
01927339973984	100382.290312	W	0.020511
01927340367792	100382.310823	S	1.259477
01927364549756	100383.570300	W	0.020635
01927364945952	100383.590935	S	1.259364
01927389125736	100384.850299	W	0.020518
01927389519688	100384.870817	S	1.259481
01927413701728	100386.130298	W	0.020665
01927414098488	100386.150963	S	1.259327
01927438277568	100387.410290	W	0.020643
01927438673912	100387.430933	S	1.259352
01927462853468	100388.690285	W	0.020621
01927463249384	100388.710905	S	1.259372
01927487429328	100389.970278	W	0.020678
01927487826340	100389.990955	S	1.259320
01927512005276	100391.250275	W	0.020720
01927512403104	100391.270995	S	1.259275
01927536581184	100392.530270	W	0.020667
01927536977996	100392.550937	S	1.259338
01927561157284	100393.810275	W	0.020699
01927561554712	100393.830975	S	1.259289
01927585733064	100395.090264	W	0.023624
01927586186640	100395.113888	S	1.256373
01927610308996	100396.370260	W	0.019741
01927610688032	100396.390002	S	1.260250
01927634884832	100397.650252	W	0.019615
01927635261432	100397.669866	S	1.260390
01927659460924	100398.930256	W	0.019696
01927659839096	100398.949953	S	1.260291
01927684036676	100400.210244	W	0.019696
01927684414836	100400.229939	S	1.260292
01927708612448	100401.490232	W	0.019717
01927708991016	100401.509949	S	1.260283
01927733188452	100402.770232	W	0.019678
01927733566272	100402.789910	S	1.260313
01927757764276	100404.050223	W	0.019715
01927758142808	100404.069938	S	1.260290
01927782340380	100405.330228	W	0.019692
01927782718468	100405.349920	S	1.260305
01927806916324	100406.610225	W	0.019733
01927807295196	100406.629958	S	1.260265
01927831492292	100407.890224	W	0.019607
01927831868756	100407.909831	S	1.260387
01927856068188	100409.170218	W	0.019689
01927856446224	100409.189907	S	1.260302
01927880644028	100410.450210	W	0.022603
01927881078004	100410.472813	S	1.257385
01927905219800	100411.730198	W	0.019676
01927905597572	100411.749874	S	1.260314
01927929795608	100413.010188	W	0.019684
01927930173540	100413.029872	S	1.260319
01927954371656	100414.290190	W	0.019673
01927954749380	100414.309864	S	1.260327
01927978947664	100415.570191	W	0.019596
01927979323900	100415.589786	S	1.260396
01928003523504	100416.850182	W	0.019652
01928003900824	100416.869835	S	1.260344
01928028099420	100418.130178	W	0.019616
01928028476044	100418.149794	S	1.260388
01928052675488	100419.410182	W	0.019626
01928053052300	100419.429807	S	1.260355
01928077251116	100420.690162	W	0.019636
01928077628128	100420.709798	S	1.260372
01928101827268	100421.970170	W	0.019709
01928102205688	100421.989880	S	1.260291
01928126403268	100423.250170	W	0.019624
01928126780040	100423.269794	S	1.260365
01928150979044	100424.530159	W	0.019719
01928151357640	100424.549877	S	1.260272
01928175554860	100425.810149	W	0.022662
01928175989968	100425.832811	S	1.257333
01928200130760	100427.090144	W	0.019627
01928200507604	100427.109771	S	1.260379
01928224706884	100428.370150	W	0.019572
01928225082660	100428.389722	S	1.260414
01928249282600	100429.650135	W	0.019620
01928249659296	100429.669755	S	1.260383
01928273858656	100430.930138	W	0.019678
01928274236468	100430.949816	S	1.260312
01928298434460	100432.210128	W	0.019657
01928298811872	100432.229785	S	1.260339
01928323010372	100433.490124	W	0.019569
01928323386096	100433.509692	S	1.260428
01928347586312	100434.770120	W	0.019721
01928347964956	100434.789841	S	1.260278
01928372162296	100436.050120	W	0.019651
01928372539592	100436.069770	S	1.260338
01928396738088	100437.330109	W	0.019725
01928397116804	100437.349834	S	1.260278
01928421314144	100438.610112	W	0.019669
01928421691788	100438.629781	S	1.260319
01928445889908	100439.890099	W	0.019651
01928446267200	100439.909750	S	1.260341
01928470465748	100441.170091	W	0.022624
01928470900120	100441.192715	S	1.257379
01928495041788	100442.450093	W	0.019623
01928495418548	100442.469716	S	1.260375
01928519617740	100443.730091	W	0.019664
01928519995288	100443.749755	S	1.260329
01928544193608	100445.010084	W	0.019652
01928544570936	100445.029736	S	1.260345
01928568769564	100446.290081	W	0.019580
01928569145504	100446.309662	S	1.260414
01928593345444	100447.570075	W	0.019733
01928593724320	100447.589808	S	1.260264
01928617921392	100448.850073	W	0.019667
01928618298992	100448.869739	S	1.260325
01928642497232	100450.130064	W	0.019662
01928642874740	100450.149726	S	1.260336
01928667073184	100451.410062	W	0.019671
01928667450872	100451.429733	S	1.260321
01928691649040	100452.690054	W	0.019635
01928692026036	100452.709689	S	1.260369
01928716225120	100453.970058	W	0.019646
01928716602332	100453.989705	S	1.260339
01928740800832	100455.250043	W	0.019695
01928741178976	100455.269738	S	1.260303
01928765376784	100456.530041	W	0.022608
01928765810860	100456.552649	S	1.257394
01928789952824	100457.810043	W	0.019691
01928790330900	100457.829734	S	1.260301
01928814528672	100459.090035	W	0.019625
01928814905464	100459.109660	S	1.260366
01928839104500	100460.370026	W	0.019637
01928839481532	100460.389663	S	1.260364
01928863680520	100461.650027	W	0.019623
01928864057272	100461.669650	S	1.260370
01928888256384	100462.930020	W	0.019731
01928888635224	100462.949751	S	1.260263
01928912832272	100464.210014	W	0.019669
01928913209908	100464.229683	S	1.260329
01928937408224	100465.490012	W	0.019696
01928937786380	100465.509707	S	1.260300
01928961984144	100466.770008	W	0.019700
01928962362392	100466.789708	S	1.260286
01928986559884	100468.049994	W	0.019649
01928986937144	100468.069643	S	1.260358
01929011136008	100469.330000	W	0.019656
01929011513396	100469.349656	S	1.260337
01929035711860	100470.609993	W	0.019644
01929036089024	100470.629637	S	1.260356
01929060287864	100471.889993	W	0.022574
01929060721276	100471.912566	S	1.257407
01929084863492	100473.169974	W	0.019731
01929085242324	100473.189704	S	1.260277
01929109439652	100474.449982	W	0.019610
01929109816172	100474.469592	S	1.260380
01929134015472	100475.729973	W	0.055887
01929135088512	100475.785860	S	1.214101
01929158399260	100476.999961	W	0.048004
01929159320932	100477.047965	S	1.242000
01929183167336	100478.289965	W	0.019727
01929183546092	100478.309692	S	1.260266
01929207743200	100479.569958	W	0.019697
01929208121376	100479.589655	S	1.260300
01929232319144	100480.849955	W	0.019616
01929232695776	100480.869572	S	1.260382
01929256895108	100482.129954	W	0.019630
01929257272008	100482.149584	S	1.260361
01929281470944	100483.409945	W	0.019674
01929281848684	100483.429619	S	1.260330
01929306047012	100484.689949	W	0.019667
01929306424624	100484.709616	S	1.260316
01929330622692	100485.969932	W	0.019754
01929331001964	100485.989686	S	1.260243
01929355198632	100487.249929	W	0.019625
01929355575432	100487.269554	S	1.260374
01929379774620	100488.529928	W	0.019743
01929380153680	100488.549671	S	1.260247
01929404350424	100489.809918	W	0.019684
01929404728364	100489.829602	S	1.260315
01929428926408	100491.089917	W	0.019673
01929429304124	100491.109590	S	1.260320
01929453502276	100492.369910	W	0.022661
01929453937376	100492.392572	S	1.257349
01929478078476	100493.649921	W	0.055888
01929479151532	100493.705809	S	1.214094
01929502462132	100494.919903	W	0.038911
01929503209228	100494.958814	S	1.241086
01929527038076	100496.199900	W	0.048050
01929527960636	100496.247950	S	1.241949
01929551806048	100497.489898	W	0.019674
01929552183792	100497.509572	S	1.260319
01929576381908	100498.769891	W	0.019741
01929576760928	100498.789632	S	1.260255
01929600957816	100500.049886	W	0.019606
01929601334256	100500.069492	S	1.260391
01929625533764	100501.329884	W	0.019687
01929625911760	100501.349571	S	1.260310
01929650109716	100502.609881	W	0.019662
01929650487224	100502.629543	S	1.260324
01929674685448	100503.889867	W	0.019721
01929675064092	100503.909588	S	1.260273
01929699261336	100505.169861	W	0.019626
01929699638148	100505.189487	S	1.260365
01929723837160	100506.449852	W	0.019751
01929724216384	100506.469603	S	1.260265
01929748413480	100507.729869	W	0.019699
01929748791696	100507.749567	S	1.260281
01929772989100	100509.009849	W	0.019771
01929773368696	100509.029620	S	1.260224
01929797564996	100510.289844	W	0.019670
01929797942656	100510.309513	S	1.260333
01929822141044	100511.569846	W	0.022657
01929822576060	100511.592503	S	1.257332
01929846716844	100512.849836	W	0.019630
01929847093736	100512.869465	S	1.260377
01929871292972	100514.129842	W	0.019647
01929871670200	100514.149490	S	1.260340
01929895868736	100515.409830	W	0.019726
01929896247472	100515.429556	S	1.260271
01929920444684	100516.689827	W	0.019705
01929920823020	100516.709532	S	1.260291
01929945020612	100517.969824	W	0.019621
01929945397340	100517.989445	S	1.260371
01929969596456	100519.249815	W	0.019714
01929969974968	100519.269530	S	1.260284
01929994172428	100520.529814	W	0.019651
01929994549736	100520.549465	S	1.260342
01930018748312	100521.809808	W	0.019672
01930019126024	100521.829480	S	1.260323
01930043324224	100523.089803	W	0.019628
01930043701088	100523.109432	S	1.260357
01930067899948	100524.369789	W	0.019713
01930068278436	100524.389502	S	1.260295
01930092476092	100525.649796	W	0.019626
01930092852916	100525.669423	S	1.260371
01930117052032	100526.929793	W	0.022699
01930117487860	100526.952493	S	1.257299
01930141627996	100528.209791	W	0.019657
01930142005404	100528.229448	S	1.260326
01930166203668	100529.489774	W	0.019701
01930166581936	100529.509476	S	1.260310
01930190779892	100530.769786	W	0.019571
01930191155660	100530.789357	S	1.260411
01930215355560	100532.049769	W	0.019638
01930215732608	100532.069407	S	1.260355
01930239931420	100533.329761	W	0.019646
01930240308624	100533.349408	S	1.260349
01930264507328	100534.609757	W	0.019725
01930264886044	100534.629481	S	1.260274
01930289083300	100535.889755	W	0.019568
01930289459008	100535.909323	S	1.260437
01930313659392	100537.169760	W	0.019690
01930314037440	100537.189450	S	1.260299
01930338235176	100538.449749	W	0.019580
01930338611104	100538.469328	S	1.260422
01930362811200	100539.729750	W	0.019672
01930363188896	100539.749422	S	1.260311
01930387386876	100541.009733	W	0.019645
01930387764064	100541.029378	S	1.260355
01930411962872	100542.289733	W	0.022641
01930412397588	100542.312374	S	1.257349
01930436538692	100543.569724	W	0.019638
01930436915748	100543.589362	S	1.260362
01930461114704	100544.849724	W	0.019716
01930461493244	100544.869440	S	1.260286
01930485690732	100546.129726	W	0.019635
01930486067716	100546.149360	S	1.260361
01930510266640	100547.409721	W	0.019637
01930510643672	100547.429358	S	1.260354
01930534842476	100548.689712	W	0.019575
01930535218324	100548.709288	S	1.172682
01930557733816	100549.881970	W	1.405614
01930584721604	100551.287584	S	1.242104
01930608569996	100552.529687	W	0.019683
01930608947912	100552.549370	S	1.260345
01930633146540	100553.809716	W	0.019645
01930633523728	100553.829361	S	1.260338
01930657722220	100555.089699	W	0.047860
01930658641140	100555.137559	S	1.222121
01930682105864	100556.359680	W	0.047943
01930683026364	100556.407623	S	1.242058
01930706873884	100557.649681	W	0.019676
01930707251660	100557.669357	S	1.260324
01930731449872	100558.929681	W	0.019560
01930731825424	100558.949241	S	1.260421
01930756025512	100560.209662	W	0.019665
01930756403072	100560.229327	S	1.260342
01930780601640	100561.489669	W	0.019583
01930780977636	100561.509252	S	1.260404
01930805177392	100562.769656	W	0.038889
01930805924068	100562.808545	S	1.241109
01930829753364	100564.049654	W	0.019614
01930830129952	100564.069268	S	1.260390
01930854329432	100565.329658	W	0.019728
01930854708216	100565.349386	S	1.260254
01930878905084	100566.609640	W	0.019696
01930879283256	100566.629336	S	1.260305
01930903481116	100567.889641	W	0.019670
01930903858788	100567.909312	S	1.260329
01930928057100	100569.169641	W	0.019605
01930928433524	100569.189246	S	1.260389
01930952632988	100570.449635	W	0.019672
01930953010700	100570.469307	S	1.260325
01930977208944	100571.729633	W	0.022681
01930977644428	100571.752314	S	1.257311
01931001784804	100573.009625	W	0.019598
01931002161080	100573.029223	S	1.260395
01931026360668	100574.289618	W	0.019579
01931026736588	100574.309197	S	1.260410
01931050936460	100575.569607	W	0.019678
01931051314276	100575.589285	S	1.260325
01931075512524	100576.849611	W	0.055878
01931076585376	100576.905488	S	1.214121
01931099896492	100578.119609	W	0.039018
01931100645644	100578.158627	S	1.250966
01931124664192	100579.409593	W	0.019620
01931125040896	100579.429213	S	1.260388
01931149240344	100580.689601	W	0.019670
01931149618008	100580.709271	S	1.260322
01931173816184	100581.969593	W	0.019639
01931174193244	100581.989231	S	1.260354
01931198392032	100583.249585	W	0.019690
01931198770080	100583.269275	S	1.260309
01931222968008	100584.529584	W	0.047810
01931223885952	100584.577393	S	1.222192
01931247352040	100585.799585	W	0.048016
01931248273956	100585.847602	S	1.231970
01931271927784	100587.079572	W	0.047912
01931272847696	100587.127484	S	1.232080
01931296503628	100588.359564	W	0.048031
01931297425828	100588.407595	S	1.241968
01931321271616	100589.649563	W	0.020548
01931321666140	100589.670111	S	1.249445
01931345655476	100590.919556	W	0.038000
01931346385080	100590.957556	S	1.251997
01931370423428	100592.209554	W	0.048812
01931371360620	100592.258366	S	1.221189
01931394807448	100593.479555	W	0.047963
01931395728332	100593.527517	S	1.232028
01931419383260	100594.759545	W	0.047882
01931420302592	100594.807427	S	1.232118
01931443959252	100596.039544	W	0.047993
01931444880720	100596.087538	S	1.232000
01931468535112	100597.319537	W	0.047973
01931469456200	100597.367510	S	1.242020
01931493302984	100598.609530	W	0.019721
01931493681632	100598.629252	S	1.260280
01931517879000	100599.889531	W	0.019679
01931518256832	100599.909210	S	1.260317
01931542454920	100601.169527	W	0.055858
01931543527392	100601.225385	S	1.214140
01931566838888	100602.439525	W	0.047915
01931567758860	100602.487441	S	1.242079
01931591606780	100603.729520	W	0.019616
01931591983400	100603.749135	S	1.260372
01931616182540	100605.009507	W	0.019633
01931616559500	100605.029141	S	1.250351
01931640566232	100606.279491	W	0.039068
01931641316344	100606.318560	S	1.250936
01931665334324	100607.569496	W	0.054808
01931666386644	100607.624304	S	1.215184
01931689718176	100608.839488	W	0.039032
01931690467584	100608.878520	S	1.250970
01931714486212	100610.129490	W	0.019562
01931714861800	100610.149052	S	1.250437
01931738870192	100611.399489	W	0.047965
01931739791120	100611.447454	S	1.232029
01931763446068	100612.679483	W	0.047989
01931764367464	100612.727472	S	1.242005
01931788213960	100613.969477	W	0.020680
01931788611024	100613.990157	S	1.259310
01931812789768	100615.249467	W	0.020546
01931813184260	100615.270014	S	1.259447
01931837365640	100616.529460	W	0.020744
01931837763932	100616.550205	S	1.259264
01931861941792	100617.809468	W	0.048808
01931862878900	100617.858276	S	1.221186
01931886325664	100619.079462	W	0.038990
01931887074268	100619.118451	S	1.250999
01931911093452	100620.369451	W	0.019649
01931911470712	100620.389100	S	1.250354
01931935477508	100621.639454	W	0.048001
01931936399128	100621.687455	S	1.241990
01931960245328	100622.929444	W	0.019616
01931960621956	100622.949060	S	1.260380
01931984821252	100624.209440	W	0.019668
01931985198876	100624.229108	S	1.260329
01932009397188	100625.489437	W	0.019572
01932009772976	100625.509009	S	1.260428
01932033973196	100626.769437	W	0.019657
01932034350608	100626.789094	S	1.260338
01932058549096	100628.049432	W	0.019621
01932058925824	100628.069053	S	1.260367
01932083124872	100629.329420	W	0.019675
01932083502640	100629.349096	S	1.260314
01932107700660	100630.609409	W	0.019679
01932108078496	100630.629088	S	1.260315
01932132276544	100631.889403	W	0.019653
01932132653880	100631.909056	S	1.260347
01932156852536	100633.169403	W	0.019682
01932157230440	100633.189085	S	1.260316
01932181428508	100634.449401	W	0.055808
01932182500024	100634.505210	S	1.214194
01932205812544	100635.719403	W	0.047931
01932206732824	100635.767335	S	1.242066
01932230580500	100637.009401	W	0.019654
01932230957864	100637.029055	S	1.260335
01932255156296	100638.289390	W	0.019604
01932255532692	100638.308994	S	1.260392
01932279732212	100639.569386	W	0.019704
01932280110532	100639.589090	S	1.260292
01932304308140	100640.849382	W	0.019629
01932304685012	100640.869011	S	1.260364
01932328883992	100642.129375	W	0.019677
01932329261788	100642.149051	S	1.260322
01932353459968	100643.409373	W	0.019635
01932353836952	100643.429008	S	1.260351
01932378035696	100644.689359	W	0.019582
01932378411668	100644.708941	S	1.260410
01932402611544	100645.969351	W	0.046833
01932403510732	100646.016184	S	1.223176
01932426995720	100647.239360	W	0.048029
01932427917868	100647.287389	S	1.241969
01932451763668	100648.529358	W	0.019600
01932452139988	100648.548958	S	1.260401
01932476339684	100649.809359	W	0.019659
01932476717128	100649.829017	S	1.260323
01932500915324	100651.089340	W	0.019585
01932501291364	100651.108925	S	1.260403
01932525491100	100652.369328	W	0.046900
01932526391576	100652.416228	S	1.223101
01932549875112	100653.639329	W	0.047961
01932550795956	100653.687289	S	1.232042
01932574451156	100654.919331	W	0.047923
01932575371276	100654.967254	S	1.242075
01932599219108	100656.209329	W	0.019597
01932599595372	100656.228926	S	1.260394
01932623794944	100657.489320	W	0.019698
01932624173148	100657.509018	S	1.260299
01932648370896	100658.769318	W	0.019623
01932648747652	100658.788940	S	1.260375
01932672946844	100660.049315	W	0.047867
01932673865892	100660.097182	S	1.222128
01932697330752	100661.319310	W	0.038975
01932698079076	100661.358285	S	1.251024
01932722098732	100662.609309	W	0.019608
01932722475200	100662.628917	S	1.250378
01932746482460	100663.879295	W	0.047915
01932747402424	100663.927210	S	1.232085
01932771058464	100665.159295	W	0.038968
01932771806644	100665.198263	S	1.251025
01932795826328	100666.449288	W	0.055804
01932796897760	100666.505092	S	1.214197
01932820210336	100667.719288	W	0.047956
01932821131092	100667.767244	S	1.232032
01932844786100	100668.999276	W	0.047954
01932845706808	100669.047230	S	1.232045
01932869362072	100670.279275	W	0.048020
01932870284048	100670.327294	S	1.241984
01932894130140	100671.569278	W	0.019593
01932894506328	100671.588871	S	1.260390
01932918705820	100672.849261	W	0.019741
01932919084856	100672.869003	S	1.260252
01932943281704	100674.129255	W	0.046814
01932944180540	100674.176070	S	1.223182
01932967665636	100675.399252	W	0.047941
01932968586096	100675.447192	S	1.242059
01932992433632	100676.689252	W	0.019586
01932992809680	100676.708838	S	1.250413
01933016817616	100677.959251	W	0.039034
01933017567064	100677.998285	S	1.250966
01933041585604	100679.249250	W	0.019607
01933041962068	100679.268858	S	1.260378
01933066161328	100680.529236	W	0.055870
01933067234032	100680.585106	S	1.214122
01933090545180	100681.799228	W	0.047901
01933091464872	100681.847129	S	1.232097
01933115121128	100683.079225	W	0.038996
01933115869848	100683.118221	S	1.250988
01933139888812	100684.369209	W	0.019620
01933140265512	100684.388829	S	1.250402
01933164273228	100685.639231	W	0.038967
01933165021388	100685.678197	S	1.251019
01933189040948	100686.929216	W	0.019609
01933189417436	100686.948825	S	1.260380
01933213616740	100688.209205	W	0.019734
01933213995632	100688.228939	S	1.260269
01933238192800	100689.489208	W	0.054794
01933239244836	100689.544002	S	1.215201
01933262576696	100690.759203	W	0.039009
01933263325664	100690.798212	S	1.250990
01933287344672	100692.049202	W	0.019685
01933287722616	100692.068886	S	1.260309
01933311920556	100693.329196	W	0.019747
01933312299692	100693.348942	S	1.260252
01933336496536	100694.609195	W	0.019581
01933336872492	100694.628776	S	1.260406
01933361072280	100695.889181	W	0.047845
01933361990912	100695.937027	S	1.222152
01933385456232	100697.159179	W	0.038989
01933386204824	100697.198168	S	1.251002
01933410224068	100698.449170	W	0.019680
01933410601920	100698.468850	S	1.260323
01933434800116	100699.729173	W	0.019589
01933435176216	100699.748761	S	1.260410
01933459376088	100701.009171	W	0.019701
01933459754340	100701.028872	S	1.260282
01933483951764	100702.289154	W	0.055818
01933485023464	100702.344972	S	1.214177
01933508335656	100703.559149	W	0.039022
01933509084880	100703.598171	S	1.250979
01933533103668	100704.849149	W	0.019609
01933533480152	100704.868758	S	1.250389
01933557487624	100706.119147	W	0.047980
01933558408844	100706.167127	S	1.242018
01933582255592	100707.409145	W	0.019668
01933582633212	100707.428813	S	1.260328
01933606831516	100708.689141	W	0.019657
01933607208936	100708.708799	S	1.260341
01933631407480	100709.969140	W	0.019653
01933631784824	100709.988793	S	1.260334
01933655983240	100711.249127	W	0.019701
01933656361492	100711.268828	S	1.260290
01933680559060	100712.529118	W	0.019663
01933680936592	100712.548781	S	1.260289
01933705134132	100713.809069	W	2.109275
01933745632204	100715.918344	S	0.431758
01933753921956	100716.350102	W	0.000744
01933753936248	100716.350846	S	0.001487
01933753964792	100716.352333	W	0.000060
01933753965948	100716.352393	S	0.017048
01933754293276	100716.369441	W	0.019423
01933754666204	100716.388865	S	0.598128
01933766150260	100716.986993	W	0.015843
01933766454448	100717.002836	S	0.010046
01933766647336	100717.012882	W	0.006895
01933766779720	100717.019777	S	0.629413
01933778864452	100717.649190	W	0.019585
01933779240488	100717.668775	S	1.260280
01933803437872	100718.929056	W	0.019821
01933803818432	100718.948877	S	1.260169
01933828013672	100720.209045	W	0.019725
01933828392388	100720.228770	S	1.260272
01933852589620	100721.489043	W	0.019703
01933852967908	100721.508745	S	1.260335
01933877166336	100722.769080	W	0.019690
01933877544376	100722.788770	S	1.260306
01933901742248	100724.049075	W	0.047880
01933902661552	100724.096956	S	1.222119
01933926126240	100725.319075	W	0.047989
01933927047632	100725.367064	S	1.242012
01933950894260	100726.609076	W	0.020646
01933951290660	100726.629722	S	1.259346
01933975470112	100727.889068	W	0.020626
01933975866128	100727.909694	S	1.259374
01934000046108	100729.169068	W	0.020683
01934000443224	100729.189751	S	1.259316
01934024622100	100730.449068	W	0.020533
01934025016328	100730.469600	S	1.259449
01934049197740	100731.729049	W	0.048898
01934050136584	100731.777947	S	1.221102
01934073581740	100732.999049	W	0.039007
01934074330668	100733.038056	S	1.250981
01934098349500	100734.289036	W	0.019673
01934098727216	100734.308709	S	1.260325
01934122925448	100735.569034	W	0.019654
01934123302804	100735.588688	S	1.260357
01934147501656	100736.849045	W	0.019649
01934147878912	100736.868693	S	1.260343
01934172077492	100738.129036	W	0.019572
01934172453284	100738.148609	S	1.260418
01934196653316	100739.409027	W	0.019711
01934197031776	100739.428738	S	1.260281
01934221229176	100740.689020	W	0.019561
01934221604756	100740.708581	S	1.260433
01934245805072	100741.969014	W	0.019686
01934246183052	100741.988701	S	1.260311
01934270381028	100743.249012	W	0.019648
01934270758268	100743.268660	S	1.260350
01934294956996	100744.529010	W	0.019701
01934295335252	100744.548711	S	1.260299
01934319533000	100745.809010	W	0.019624
01934319909772	100745.828634	S	1.260361
01934344108696	100747.088995	W	0.019621
01934344485420	100747.108616	S	1.260382
01934368684764	100748.368998	W	0.022677
01934369120160	100748.391675	S	1.257314
01934393260596	100749.648989	W	0.019737
01934393639540	100749.668726	S	1.260256
01934417836448	100750.928982	W	0.019789
01934418216396	100750.948771	S	1.260216
01934442412536	100752.208986	W	0.019761
01934442791952	100752.228748	S	1.260228
01934466988324	100753.488975	W	0.019676
01934467366112	100753.508652	S	1.260325
01934491564352	100754.768977	W	0.019680
01934491942216	100754.788657	S	1.260310
01934516140160	100756.048967	W	0.019690
01934516518200	100756.068656	S	1.260307
01934540716104	100757.328964	W	0.019668
01934541093736	100757.348632	S	1.260323
01934565291940	100758.608955	W	0.019621
01934565668656	100758.628576	S	1.260381
01934589867964	100759.888956	W	0.047863
01934590786940	100759.936820	S	1.222138
01934614251992	100761.158958	W	0.047958
01934615172780	100761.206916	S	1.242026
01934639019672	100762.448941	W	0.019663
01934639397208	100762.468605	S	1.260331
01934663595568	100763.728936	W	0.019661
01934663973060	100763.748597	S	1.260333
01934688171452	100765.008930	W	0.019746
01934688550568	100765.028675	S	1.260259
01934712747540	100766.288934	W	0.019667
01934713125144	100766.308601	S	1.260329
01934737323460	100767.568930	W	0.019671
01934737701148	100767.588601	S	1.260321
01934761899316	100768.848923	W	0.019668
01934762276948	100768.868591	S	1.260331
01934786475304	100770.128922	W	0.019719
01934786853912	100770.148641	S	1.260274
01934811051176	100771.408915	W	0.019637
01934811428216	100771.428553	S	1.260360
01934835627120	100772.688913	W	0.019700
01934836005368	100772.708613	S	1.260285
01934860202840	100773.968898	W	0.019622
01934860579584	100773.988520	S	1.260377
01934884778824	100775.248897	W	0.019730
01934885157648	100775.268628	S	1.260264
01934909354716	100776.528891	W	0.022670
01934909789976	100776.551561	S	1.257335
01934933930808	100777.808896	W	0.019664
01934934308360	100777.828560	S	1.260328
01934958506660	100779.088889	W	0.019673
01934958884376	100779.108561	S	1.260323
01934983082584	100780.368885	W	0.019724
01934983461280	100780.388608	S	1.260271
01935007658484	100781.648879	W	0.019673
01935008036200	100781.668552	S	1.260317
01935032234292	100782.928869	W	0.019741
01935032613316	100782.948610	S	1.260259
01935056810296	100784.208870	W	0.019650
01935057187580	100784.228520	S	1.260335
01935081386016	100785.488855	W	0.019674
01935081763752	100785.508529	S	1.260335
01935105962188	100786.768864	W	0.019632
01935106339120	100786.788496	S	1.260360
01935130538024	100788.048855	W	0.019685
01935130915972	100788.068540	S	1.260306
01935155113844	100789.328846	W	0.019669
01935155491480	100789.348515	S	1.260328
01935179689772	100790.608842	W	0.019733
01935180068640	100790.628575	S	1.260270
01935204265820	100791.888845	W	0.022639
01935204700492	100791.911484	S	1.257350
01935228841616	100793.168834	W	0.019684
01935229219544	100793.188518	S	1.260299
01935253417288	100794.448817	W	0.046825
01935254316320	100794.495642	S	1.223183
01935277801432	100795.718825	W	0.039050
01935278551188	100795.757874	S	1.250949
01935302569404	100797.008823	W	0.019647
01935302946636	100797.028471	S	1.260350
01935327145352	100798.288820	W	0.019661
01935327522840	100798.308481	S	1.260337
01935351721316	100799.568819	W	0.019668
01935352098936	100799.588486	S	1.260316
01935376297004	100800.848802	W	0.019719
01935376675608	100800.868521	S	1.260287
01935400873112	100802.128808	W	0.019681
01935401250996	100802.148489	S	1.260318
01935425449096	100803.408807	W	0.019726
01935425827832	100803.428533	S	1.260255
01935450024720	100804.688787	W	0.019619
01935450401400	100804.708406	S	1.260379
01935474600676	100805.968785	W	0.019757
01935474980012	100805.988542	S	1.260237
01935499176568	100807.248780	W	0.019698
01935499554776	100807.268478	S	1.260302
01935523752572	100808.528780	W	0.019658
01935524130004	100808.548438	S	1.260342
01935548328568	100809.808780	W	0.019693
01935548706676	100809.828473	S	1.260306
01935572904544	100811.088778	W	0.022699
01935573340360	100811.111477	S	1.257291
01935597480348	100812.368768	W	0.019605
01935597856756	100812.388373	S	1.260391
01935622056264	100813.648764	W	0.019679
01935622434108	100813.668443	S	1.260309
01935646632048	100814.928752	W	0.019586
01935647008092	100814.948338	S	1.260419
01935671208144	100816.208758	W	0.019657
01935671585560	100816.228415	S	1.260335
01935695783996	100817.488750	W	0.019654
01935696161356	100817.508404	S	1.260338
01935720359836	100818.768741	W	0.019606
01935720736268	100818.788347	S	1.260396
01935744935880	100820.048744	W	0.019592
01935745312052	100820.068336	S	1.260403
01935769511792	100821.328739	W	0.019706
01935769890152	100821.348445	S	1.260279
01935794087512	100822.608725	W	0.019658
01935794464952	100822.628383	S	1.260344
01935818663560	100823.888727	W	0.019691
01935819041620	100823.908418	S	1.260307
01935843239512	100825.168725	W	0.019640
01935843616604	100825.188365	S	1.260348
01935867815288	100826.448713	W	0.022687
01935868250880	100826.471400	S	1.257315
01935892391320	100827.728715	W	0.019679
01935892769148	100827.748393	S	1.260321
01935916967320	100829.008715	W	0.019617
01935917343960	100829.028331	S	1.260370
01935941543064	100830.288701	W	0.019641
01935941920168	100830.308342	S	1.260356
01935966119004	100831.568698	W	0.019732
01935966497864	100831.588430	S	1.260263
01935990694904	100832.848693	W	0.019644
01935991072064	100832.868337	S	1.260350
01936015270776	100834.128686	W	0.019755
01936015650068	100834.148441	S	1.260250
01936039846872	100835.408691	W	0.019669
01936040224524	100835.428361	S	1.260319
01936064422656	100836.688680	W	0.019672
01936064800356	100836.708352	S	1.260329
01936088998664	100837.968680	W	0.019621
01936089375384	100837.988301	S	1.260369
01936113574464	100839.248670	W	0.019667
01936113952076	100839.268337	S	1.260326
01936138150336	100840.528663	W	0.019607
01936138526788	100840.548270	S	1.260384
01936162726160	100841.808654	W	0.022734
01936163162652	100841.831388	S	1.257269
01936187302224	100843.088658	W	0.019617
01936187678864	100843.108274	S	1.260377
01936211878112	100844.368652	W	0.019672
01936212255808	100844.388323	S	1.260328
01936236454108	100845.648651	W	0.055824
01936237525932	100845.704476	S	1.214175
01936260838092	100846.918651	W	0.047981
01936261759332	100846.966632	S	1.242009
01936285605904	100848.208641	W	0.019677
01936285983708	100848.228318	S	1.260317
01936310181796	100849.488635	W	0.019686
01936310559764	100849.508321	S	1.260316
01936334757828	100850.768637	W	0.019623
01936335134580	100850.788259	S	1.260363
01936359333556	100852.048623	W	0.019699
01936359711776	100852.068322	S	1.260294
01936383909416	100853.328615	W	0.019668
01936384287032	100853.348283	S	1.260330
01936408485364	100854.608613	W	0.019743
01936408864432	100854.628356	S	1.260258
01936433061376	100855.888613	W	0.047816
01936433979440	100855.936429	S	1.222186
01936457445412	100857.158615	W	0.047965
01936458366344	100857.206580	S	1.242024
01936482213196	100858.448604	W	0.019626
01936482590012	100858.468230	S	1.260369
01936506789096	100859.728599	W	0.019616
01936507165716	100859.748214	S	1.260374
01936531364892	100861.008588	W	0.019700
01936531743132	100861.028288	S	1.260299
01936555940876	100862.288587	W	0.019742
01936556319916	100862.308329	S	1.260259
01936580516896	100863.568588	W	0.038913
01936581264016	100863.607501	S	1.241083
01936605092804	100864.848584	W	0.019657
01936605470216	100864.868240	S	1.260330
01936629668560	100866.128571	W	0.019634
01936630045540	100866.148205	S	1.250365
01936654052548	100867.398570	W	0.039042
01936654802156	100867.437612	S	1.250952
01936678820428	100868.688564	W	0.019593
01936679196616	100868.708157	S	1.260406
01936703396416	100869.968563	W	0.019651
01936703773720	100869.988215	S	1.260348
01936727972404	100871.248563	W	0.019643
01936728349552	100871.268206	S	1.260345
01936752548176	100872.528551	W	0.019668
01936752925808	100872.548219	S	1.260336
01936777124256	100873.808555	W	0.019587
01936777500324	100873.828142	S	1.260393
01936801699872	100875.088535	W	0.019648
01936802077112	100875.108183	S	1.260352
01936826275864	100876.368535	W	0.019678
01936826653672	100876.388212	S	1.260329
01936850851980	100877.648541	W	0.019707
01936851230364	100877.668248	S	1.260270
01936875427552	100878.928518	W	0.019619
01936875804236	100878.948137	S	1.260375
01936900003444	100880.208513	W	0.019596
01936900379688	100880.228109	S	1.260411
01936924579588	100881.488520	W	0.019638
01936924956636	100881.508158	S	1.260354
01936949155428	100882.768512	W	0.022711
01936949591488	100882.791223	S	1.257291
01936973731480	100884.048515	W	0.019596
01936974107732	100884.068111	S	1.260398
01936998307368	100885.328509	W	0.019726
01936998686108	100885.348235	S	1.260273
01937022883344	100886.608508	W	0.019678
01937023261168	100886.628186	S	1.260315
01937047459208	100887.888500	W	0.019760
01937047838592	100887.908260	S	1.260235
01937072035100	100889.168495	W	0.019675
01937072412852	100889.188169	S	1.260320
01937096610992	100890.448489	W	0.019671
01937096988668	100890.468160	S	1.260325
01937121186904	100891.728485	W	0.019668
01937121564524	100891.748152	S	1.260328
01937145762824	100893.008480	W	0.019729
01937146141616	100893.028209	S	1.260266
01937170338732	100894.288476	W	0.019618
01937170715404	100894.308094	S	1.260376
01937194914632	100895.568470	W	0.019727
01937195293396	100895.588198	S	1.260273
01937219490640	100896.848471	W	0.020530
01937219884824	100896.869001	S	1.259469
01937244066620	100898.128470	W	0.022703
01937244502524	100898.151173	S	1.257278
01937268642256	100899.408451	W	0.019617
01937269018896	100899.428068	S	1.260383
01937293218248	100900.688450	W	0.019660
01937293595724	100900.708111	S	1.260336
01937317794176	100901.968447	W	0.019655
01937318171544	100901.988101	S	1.260341
01937342370088	100903.248442	W	0.019668
01937342747712	100903.268110	S	1.260336
01937366946156	100904.528446	W	0.055813
01937368017764	100904.584259	S	1.214176
01937391329944	100905.798435	W	0.047992
01937392251388	100905.846426	S	1.242005
01937416097876	100907.088431	W	0.020541
01937416492268	100907.108972	S	1.259450
01937440673716	100908.368423	W	0.020696
01937441071080	100908.389119	S	1.259297
01937465249576	100909.648415	W	0.020517
01937465643508	100909.668933	S	1.259481
01937489825540	100910.928414	W	0.048807
01937490762640	100910.977221	S	1.221192
01937514209520	100912.198413	W	0.038963
01937514957604	100912.237375	S	1.251032
01937538977424	100913.488408	W	0.019662
01937539354928	100913.508069	S	1.260328
01937563553216	100914.768397	W	0.019646
01937563930416	100914.788043	S	1.260364
01937588129396	100916.048406	W	0.019692
01937588507484	100916.068098	S	1.260295
01937612705148	100917.328393	W	0.019610
01937613081664	100917.348003	S	1.260382
01937637281000	100918.608385	W	0.055857
01937638353460	100918.664243	S	1.214144
01937661665024	100919.878387	W	0.038899
01937662411888	100919.917286	S	1.241095
01937686240920	100921.158381	W	0.037966
01937686969868	100921.196347	S	1.252023
01937711008712	100922.448370	W	0.019659
01937711386156	100922.468029	S	1.260343
01937735584736	100923.728372	W	0.019674
01937735962476	100923.748046	S	1.260324
01937760160704	100925.008370	W	0.019639
01937760537772	100925.028009	S	1.260353
01937784736548	100926.288362	W	0.019768
01937785116100	100926.308130	S	1.260226
01937809312432	100927.568356	W	0.019631
01937809689344	100927.587987	S	1.260375
01937833888552	100928.848362	W	0.047876
01937834807780	100928.896239	S	1.222108
01937858272248	100930.118346	W	0.039002
01937859021080	100930.157348	S	1.250993
01937883040144	100931.408341	W	0.019668
01937883417760	100931.428008	S	1.260328
01937907616060	100932.688336	W	0.019623
01937907992828	100932.707960	S	1.260368
01937932191900	100933.968328	W	0.019681
01937932569768	100933.988009	S	1.260322
01937956767952	100935.248331	W	0.019666
01937957145536	100935.267997	S	1.260330
01937981343868	100936.528326	W	0.019676
01937981721656	100936.548003	S	1.260322
01938005919832	100937.808325	W	0.019637
01938006296860	100937.827961	S	1.260361
01938030495792	100939.088322	W	0.019722
01938030874448	100939.108044	S	1.260267
01938055071572	100940.368311	W	0.019666
01938055449152	100940.387977	S	1.260327
01938079647432	100941.648304	W	0.019545
01938080022688	100941.667848	S	1.260434
01938104223020	100942.928282	W	0.019685
01938104600976	100942.947968	S	1.260329
01938128799300	100944.208297	W	0.019689
01938129177324	100944.227986	S	1.260304
01938153375168	100945.488290	W	0.022622
01938153809512	100945.510912	S	1.257363
01938177950888	100946.768275	W	0.019746
01938178330012	100946.788021	S	1.260276
01938202527304	100948.048297	W	0.019584
01938202903320	100948.067881	S	1.260404
01938227103084	100949.328286	W	0.055861
01938228175612	100949.384146	S	1.214123
01938251486776	100950.598270	W	0.038988
01938252235336	100950.637257	S	1.251010
01938276254724	100951.888267	W	0.019663
01938276632252	100951.907930	S	1.260337
01938300830720	100953.168267	W	0.019635
01938301207712	100953.187902	S	1.260355
01938325406524	100954.448256	W	0.019729
01938325785320	100954.467985	S	1.260272
01938349982544	100955.728257	W	0.019688
01938350360556	100955.747946	S	1.260310
01938374558512	100957.008256	W	0.019676
01938374936292	100957.027932	S	1.260314
01938399134316	100958.288246	W	0.019670
01938399511976	100958.307915	S	1.260326
01938423710232	100959.568241	W	0.019703
01938424088532	100959.587944	S	1.260296
01938448286212	100960.848240	W	0.019610
01938448662720	100960.867850	S	1.260391
01938472862232	100962.128241	W	0.019612
01938473238788	100962.147854	S	1.260375
01938497437996	100963.408229	W	0.019622
01938497814736	100963.427851	S	1.260379
01938522014008	100964.688230	W	0.019675
01938522391768	100964.707905	S	1.260307
01938546589668	100965.968212	W	0.022596
01938547023512	100965.990808	S	1.257406
01938571165704	100967.248214	W	0.020622
01938571561640	100967.268835	S	1.259372
01938595741576	100968.528207	W	0.048832
01938596679156	100968.577039	S	1.221175
01938620125716	100969.798214	W	0.048000
01938621047320	100969.846215	S	1.241988
01938644893484	100971.088202	W	0.020546
01938645287960	100971.108748	S	1.259450
01938669469392	100972.368198	W	0.020512
01938669863228	100972.388710	S	1.259482
01938694045280	100973.648192	W	0.020670
01938694442152	100973.668862	S	1.259329
01938718621268	100974.928191	W	0.020688
01938719018468	100974.948879	S	1.259304
01938743197096	100976.208182	W	0.020511
01938743590912	100976.228693	S	1.259490
01938767773112	100977.488183	W	0.020525
01938768167196	100977.508708	S	1.259466
01938792348944	100978.768174	W	0.020656
01938792745544	100978.788830	S	1.259340
01938816924872	100980.048170	W	0.020676
01938817321848	100980.068846	S	1.259321
01938841500820	100981.328168	W	0.020513
01938841894672	100981.348681	S	1.259477
01938866076628	100982.608158	W	0.020522
01938866470644	100982.628679	S	1.259475
01938890652560	100983.888154	W	0.020650
01938891049036	100983.908804	S	1.259348
01938915228524	100985.168152	W	0.023683
01938915683236	100985.191835	S	1.256316
01938939804496	100986.448151	W	0.019598
01938940180772	100986.467749	S	1.260393
01938964380320	100987.728142	W	0.019738
01938964759284	100987.747879	S	1.260259
01938988956248	100989.008138	W	0.019673
01938989333968	100989.027811	S	1.260323
01939013532164	100990.288134	W	0.019709
01939013910568	100990.307842	S	1.260284
01939038108020	100991.568126	W	0.019607
01939038484468	100991.587733	S	1.260392
01939062683992	100992.848125	W	0.019665
01939063061556	100992.867789	S	1.260336
01939087260000	100994.128125	W	0.019661
01939087637496	100994.147786	S	1.260335
01939111835936	100995.408122	W	0.019662
01939112213456	100995.427784	S	1.260325
01939136411688	100996.688109	W	0.019600
01939136788016	100996.707709	S	1.260396
01939160987612	100997.968105	W	0.019758
01939161366968	100997.987863	S	1.260237
01939185563512	100999.248100	W	0.019633
01939185940472	100999.267733	S	1.260370
01939210139576	101000.528103	W	0.022701
01939210575428	101000.550804	S	1.257290
01939234715400	101001.808094	W	0.019625
01939235092196	101001.827719	S	1.260366
01939259291220	101003.088084	W	0.019615
01939259667824	101003.107699	S	1.260377
01939283867064	101004.368076	W	0.019675
01939284244816	101004.387751	S	1.260327
01939308443096	101005.648078	W	0.019752
01939308822332	101005.667830	S	1.260249
01939333019116	101006.928079	W	0.019632
01939333396048	101006.947711	S	1.260357
01939357594908	101008.208068	W	0.019795
01939357974968	101008.227863	S	1.260199
01939382170784	101009.488062	W	0.019506
01939382545300	101009.507568	S	1.260496
01939406746816	101010.768063	W	0.019662
01939407124324	101010.787725	S	1.260326
01939431322588	101012.048051	W	0.019703
01939431700888	101012.067755	S	1.260303
01939455898712	101013.328058	W	0.019648
01939456275956	101013.347706	S	1.260345
01939480474576	101014.608051	W	0.019624
01939480851352	101014.627675	S	1.260373
01939505050520	101015.888048	W	0.022707
01939505486504	101015.910755	S	1.257284
01939529626356	101017.168039	W	0.019602
01939530002712	101017.187641	S	1.260390
01939554202200	101018.448031	W	0.019658
01939554579628	101018.467689	S	1.260335
01939578778052	101019.728024	W	0.019693
01939579156164	101019.747717	S	1.260299
01939603353896	101021.008015	W	0.019669
01939603731540	101021.027684	S	1.260346
01939627930180	101022.288030	W	0.019541
01939628305368	101022.307571	S	1.260440
01939652505816	101023.568011	W	0.019684
01939652883740	101023.587695	S	1.260310
01939677081688	101024.848005	W	0.019691
01939677459756	101024.867696	S	1.260304
01939701657592	101026.128000	W	0.019688
01939702035608	101026.147688	S	1.260308
01939726233528	101027.407996	W	0.019702
01939726611808	101027.427698	S	1.260301
01939750809580	101028.687999	W	0.019725
01939751188304	101028.707724	S	1.260279
01939775385652	101029.968003	W	0.019618
01939775762324	101029.987621	S	1.260370
01939799961424	101031.247991	W	0.022651
01939800396332	101031.270642	S	1.257344
01939824537332	101032.527986	W	0.019615
01939824913944	101032.547601	S	1.260382
01939849113272	101033.807983	W	0.019638
01939849490324	101033.827621	S	1.260351
01939873689056	101035.087972	W	0.019573
01939874064860	101035.107545	S	1.260423
01939898264980	101036.367968	W	0.019674
01939898642728	101036.387642	S	1.260319
01939922840856	101037.647961	W	0.019634
01939923217828	101037.667595	S	1.260366
01939947416848	101038.927961	W	0.019697
01939947795032	101038.947658	S	1.260290
01939971992600	101040.207948	W	0.019618
01939972369272	101040.227566	S	1.260388
01939996568720	101041.487954	W	0.019617
01939996945368	101041.507571	S	1.260371
01940021144496	101042.767942	W	0.019667
01940021522104	101042.787610	S	1.260339
01940045720604	101044.047948	W	0.019629
01940046097476	101044.067577	S	1.260363
01940070296436	101045.327939	W	0.019676
01940070674212	101045.347615	S	1.260324
01940094872424	101046.607939	W	0.022681
01940095307908	101046.630620	S	1.257307
01940119448204	101047.887927	W	0.019641
01940119825312	101047.907568	S	1.260353
01940144024088	101049.167921	W	0.019715
01940144402616	101049.187636	S	1.260286
01940168600100	101050.447922	W	0.019641
01940168977212	101050.467563	S	1.260351
01940193175956	101051.727914	W	0.019749
01940193555128	101051.747663	S	1.260248
01940217751892	101053.007911	W	0.019652
01940218129216	101053.027563	S	1.260340
01940242327744	101054.287903	W	0.019629
01940242704616	101054.307532	S	1.260364
01940266903604	101055.567896	W	0.019657
01940267281012	101055.587553	S	1.260349
01940291479720	101056.847902	W	0.019663
01940291857256	101056.867565	S	1.260332
01940316055628	101058.127897	W	0.019633
01940316432584	101058.147530	S	1.260359
01940340631484	101059.407890	W	0.019722
01940341010144	101059.427612	S	1.260276
01940365207440	101060.687887	W	0.019586
01940365583484	101060.707473	S	1.260404
01940389783240	101061.967877	W	0.022771
01940390220444	101061.990648	S	1.257228
01940414359220	101063.247876	W	0.019637
01940414736248	101063.267513	S	1.260356
01940438935080	101064.527869	W	0.019640
01940439312164	101064.547509	S	1.260357
01940463511020	101065.807866	W	0.019630
01940463887908	101065.827495	S	1.260367
01940488086956	101067.087862	W	0.019660
01940488464432	101067.107522	S	1.260336
01940512662884	101068.367859	W	0.019620
01940513039592	101068.387479	S	1.260374
01940537238776	101069.647853	W	0.019714
01940537617288	101069.667567	S	1.260282
01940561814700	101070.927849	W	0.019662
01940562192204	101070.947511	S	1.260329
01940586390516	101072.207839	W	0.019706
01940586768880	101072.227546	S	1.260298
01940610966600	101073.487844	W	0.019629
01940611343484	101073.507473	S	1.260361
01940635542408	101074.767834	W	0.019625
01940635919200	101074.787458	S	1.260366
01940660118232	101076.047825	W	0.019660
01940660495696	101076.067484	S	1.260346
01940684694336	101077.327830	W	0.022674
01940685129680	101077.350504	S	1.257319
01940709270200	101078.607823	W	0.019636
01940709647204	101078.627459	S	1.260360
01940733846108	101079.887818	W	0.019619
01940734222788	101079.907437	S	1.260376
01940758422000	101081.167813	W	0.019650
01940758799276	101081.187462	S	1.260341
01940782997824	101082.447803	W	0.019699
01940783376052	101082.467503	S	1.260297
01940807573760	101083.727800	W	0.019604
01940807950164	101083.747404	S	1.260394
01940832149732	101085.007799	W	0.019576
01940832525592	101085.027375	S	1.260418
01940856725620	101086.287793	W	0.019629
01940857102492	101086.307421	S	1.260373
01940881301648	101087.567794	W	0.019626
01940881678476	101087.587421	S	1.260364
01940905877468	101088.847785	W	0.019579
01940906253392	101088.867364	S	1.260413
01940930453328	101090.127778	W	0.019711
01940930831788	101090.147489	S	1.260279
01940955029140	101091.407768	W	0.019593
01940955405320	101091.427360	S	0.296658
01940961101152	101091.724018	W	0.001421
01940961128428	101091.725439	S	0.962331
01940979605180	101092.687770	W	0.022652
01940980040108	101092.710422	S	1.257355
01941004181328	101093.967778	W	0.019661
01941004558812	101093.987438	S	1.260325
01941028757056	101095.247763	W	0.019666
01941029134652	101095.267430	S	1.260325
01941053332884	101096.527754	W	0.019586
01941053708928	101096.547340	S	1.260407
01941077908752	101097.807748	W	0.019717
01941078287324	101097.827465	S	1.260283
01941102484756	101099.087748	W	0.019620
01941102861460	101099.107368	S	1.260379
01941127060728	101100.367746	W	0.019715
01941127439248	101100.387461	S	1.260277
01941151636568	101101.647738	W	0.019659
01941152014020	101101.667397	S	1.260341
01941176212560	101102.927737	W	0.019633
01941176589512	101102.947370	S	1.260356
01941200788352	101104.207727	W	0.055811
01941201859920	101104.263537	S	1.214177
01941225172112	101105.477714	W	0.039024
01941225921380	101105.516739	S	1.250985
01941249940292	101106.767724	W	0.019658
01941250317724	101106.787381	S	1.260334
01941274516140	101108.047716	W	0.019675
01941274893896	101108.067390	S	1.260328
01941299092192	101109.327718	W	0.019611
01941299468716	101109.347329	S	1.260381
01941323668032	101110.607710	W	0.019703
01941324046320	101110.627413	S	1.260289
01941348243860	101111.887701	W	0.019587
01941348619932	101111.907288	S	1.260410
01941372819808	101113.167698	W	0.019703
01941373198104	101113.187401	S	1.260296
01941397395796	101114.447698	W	0.019601
01941397772132	101114.467299	S	1.260385
01941421971524	101115.727684	W	0.019655
01941422348908	101115.747339	S	1.260345
01941446547532	101117.007684	W	0.019663
01941446925068	101117.027347	S	1.260329
01941471123380	101118.287676	W	0.019693
01941471501484	101118.307369	S	1.260299
01941495699216	101119.567667	W	0.019665
01941496076776	101119.587332	S	1.260339
01941520275276	101120.847671	W	0.022693
01941520710984	101120.870364	S	1.257305
01941544851248	101122.127669	W	0.020658
01941545247888	101122.148328	S	1.259331
01941569427044	101123.407659	W	0.020712
01941569824712	101123.428370	S	1.259286
01941594003004	101124.687656	W	0.020644
01941594399372	101124.708301	S	1.259354
01941618578972	101125.967655	W	0.020518
01941618972920	101125.988173	S	1.259475
01941643154836	101127.247648	W	0.020641
01941643551148	101127.268289	S	1.259360
01941667730856	101128.527649	W	0.020706
01941668128408	101128.548355	S	1.259283
01941692306648	101129.807638	W	0.020657
01941692703268	101129.828295	S	1.259337
01941716882536	101131.087632	W	0.020681
01941717279604	101131.108313	S	1.259316
01941741458480	101132.367629	W	0.020664
01941741855224	101132.388293	S	1.259331
01941766034372	101133.647624	W	0.020692
01941766431652	101133.668315	S	1.259311
01941790610420	101134.927626	W	0.020694
01941791007736	101134.948320	S	1.259289
01941815186088	101136.207609	W	0.023594
01941815639088	101136.231202	S	1.256415
01941839762260	101137.487618	W	0.020644
01941840158632	101137.508262	S	1.259337
01941864337900	101138.767599	W	0.020638
01941864734144	101138.788237	S	0.512629
01941874576628	101139.300866	W	0.418810
01941882617784	101139.719676	S	0.327956
01941888914540	101140.047632	W	0.048533
01941889846380	101140.096166	S	0.471355
01941898896388	101140.567520	W	0.015459
01941899193200	101140.582979	S	0.018194
01941899542516	101140.601173	W	0.006850
01941899674044	101140.608023	S	0.709587
01941913298112	101141.317610	W	0.039017
01941914047244	101141.356627	S	1.250902
01941938064560	101142.607529	W	0.408681
01941945911240	101143.016210	S	0.584331
01941957130404	101143.600542	W	0.059956
01941958281556	101143.660498	S	0.227038
01941962640684	101143.887536	W	0.018293
01941962991908	101143.905829	S	1.261750
01941987217516	101145.167579	W	0.020678
01941987614532	101145.188257	S	0.670146
01942000481336	101145.858403	W	0.210074
01942004514748	101146.068476	S	0.010221
01942004710992	101146.078697	W	0.015321
01942005005152	101146.094018	S	0.353602
01942011794312	101146.447620	W	0.020633
01942012190456	101146.468253	S	1.259278
01942036368600	101147.727531	W	0.020688
01942036765804	101147.748219	S	1.259301
01942060944392	101149.007520	W	0.020723
01942061342280	101149.028244	S	1.259279
01942085520436	101150.287523	W	0.020694
01942085917756	101150.308216	S	1.259335
01942110096992	101151.567552	W	0.048891
01942111035696	101151.616443	S	1.221098
01942134480776	101152.837540	W	0.047945
01942135401328	101152.885486	S	1.242057
01942159248828	101154.127543	W	0.019712
01942159627296	101154.147255	S	1.260281
01942183824688	101155.407536	W	0.019606
01942184201124	101155.427142	S	1.250407
01942208208948	101156.677549	W	0.038915
01942208956120	101156.716465	S	1.241065
01942232784576	101157.957530	W	0.038946
01942233532336	101157.996476	S	1.251052
01942257552540	101159.247528	W	0.019650
01942257929812	101159.267178	S	1.260347
01942282128476	101160.527525	W	0.019605
01942282504884	101160.547129	S	1.260386
01942306704300	101161.807516	W	0.019733
01942307083164	101161.827248	S	1.260275
01942331280448	101163.087523	W	0.019620
01942331657156	101163.107144	S	1.260370
01942355856260	101164.367514	W	0.038960
01942356604288	101164.406473	S	1.241041
01942380432284	101165.647515	W	0.019615
01942380808888	101165.667130	S	1.250383
01942404816248	101166.917513	W	0.038884
01942405562816	101166.956397	S	1.017486
01942425098544	101167.973882	W	1.549351
01942454846092	101169.523234	S	0.473929
01942463945536	101169.997163	W	0.006630
01942464072828	101170.003793	S	0.753626
01942478542456	101170.757420	W	0.037771
01942479267668	101170.795191	S	1.252199
01942503309884	101172.047390	W	0.018597
01942503666952	101172.065987	S	1.261383
01942527885512	101173.327370	W	0.044746
01942528744644	101173.372117	S	1.225323
01942552270836	101174.597439	W	0.046759
01942553168616	101174.644199	S	1.233213
01942576846304	101175.877412	W	0.046759
01942577744084	101175.924171	S	1.233257
01942601422616	101177.157428	W	0.046748
01942602320172	101177.204176	S	1.233225
01942625998088	101178.437400	W	0.037749
01942626722860	101178.475149	S	1.242303
01942650575080	101179.717452	W	0.046800
01942651473648	101179.764252	S	1.233195
01942675150996	101180.997448	W	0.046723
01942676048080	101181.044171	S	1.233263
01942699726736	101182.277434	W	0.054738
01942700777712	101182.332172	S	1.225253
01942724302572	101183.557426	W	0.046785
01942725200844	101183.604211	S	0.702774
01942738694108	101184.306985	W	2.016114
01942777403488	101186.323098	S	1.074377
01942798031524	101187.397475	W	0.046711
01942798928368	101187.444186	S	1.233174
01942822605300	101188.677359	W	0.037786
01942823330788	101188.715145	S	1.252204
01942847373104	101189.967349	W	0.045733
01942848251184	101190.013082	S	1.224264
01942871757056	101191.237347	W	0.037788
01942872482584	101191.275135	S	1.242206
01942896332948	101192.517341	W	0.036785
01942897039216	101192.554126	S	1.243283
01942920910240	101193.797408	W	0.036675
01942921614404	101193.834084	S	1.243296
01942945485692	101195.077380	W	0.036890
01942946193984	101195.114270	S	1.243096
01942970061428	101196.357366	W	0.045942
01942970943524	101196.403309	S	1.234045
01942994637192	101197.637354	W	0.046820
01942995536140	101197.684174	S	1.233181
01943019213212	101198.917355	W	0.037756
01943019938136	101198.955111	S	1.242258
01943043789484	101200.197369	W	0.036842
01943044496844	101200.234211	S	1.253130
01943068556932	101201.487340	W	0.018685
01943068915692	101201.506026	S	1.251315
01943092940944	101202.757341	W	0.036993
01943093651212	101202.794334	S	1.243007
01943117516940	101204.037341	W	0.046233
01943118404612	101204.083574	S	1.233762
01943142092844	101205.317336	W	0.037794
01943142818492	101205.355130	S	1.242194
01943166668616	101206.597324	W	0.037250
01943167383812	101206.634574	S	1.242739
01943191244400	101207.877313	W	0.037102
01943191956764	101207.914415	S	1.252900
01943216012452	101209.167315	W	0.018635
01943216370240	101209.185950	S	1.261349
01943240588140	101210.447299	W	0.018792
01943240948948	101210.466091	S	1.261210
01943265164180	101211.727301	W	0.018653
01943265522316	101211.745954	S	1.251339
01943289548020	101212.997293	W	0.045970
01943290430644	101213.043263	S	1.234036
01943314124136	101214.277299	W	0.047136
01943315029148	101214.324435	S	1.242837
01943338891612	101215.567271	W	0.018878
01943339254072	101215.586150	S	1.261122
01943363467612	101216.847271	W	0.018748
01943363827580	101216.866020	S	1.261247
01943388043520	101218.127267	W	0.018560
01943388399880	101218.145827	S	1.261439
01943412619504	101219.407266	W	0.018465
01943412974036	101219.425731	S	1.261534
01943437195480	101220.687265	W	0.019013
01943437560520	101220.706277	S	1.250969
01943461579128	101221.957246	W	0.037300
01943462295296	101221.994547	S	1.242685
01943486154840	101223.237231	W	0.055082
01943487212424	101223.292314	S	1.224931
01943510731104	101224.517245	W	0.038350
01943511467424	101224.555595	S	0.184686
01943515013392	101224.740281	W	0.014587
01943515293464	101224.754868	S	1.042434
01943535308188	101225.797301	W	0.038267
01943536042908	101225.835568	S	1.251596
01943560073556	101227.087164	W	0.019202
01943560442228	101227.106366	S	1.260776
01943584649132	101228.367142	W	0.018795
01943585010004	101228.385938	S	1.261189
01943609224828	101229.647126	W	0.053984
01943610261320	101229.701110	S	1.216035
01943633609192	101230.917145	W	0.038465
01943634347716	101230.955610	S	1.251598
01943658378396	101232.207208	W	0.018778
01943658738928	101232.225986	S	1.251218
01943682762304	101233.477203	W	0.047282
01943683670120	101233.524485	S	0.082745
01943685258832	101233.607231	W	0.001071
01943685279400	101233.608302	S	1.148918
01943707338616	101234.757220	W	0.047254
01943708245896	101234.804474	S	1.232671
01943731913180	101236.037145	W	0.038253
01943732647632	101236.075397	S	1.241755
01943756489324	101237.317152	W	0.055321
01943757551484	101237.372473	S	1.224656
01943781064872	101238.597129	W	0.047271
01943781972472	101238.644400	S	1.232738
01943805641044	101239.877138	W	0.047319
01943806549560	101239.924456	S	1.242704
01943830409480	101241.167160	W	0.019981
01943830793112	101241.187141	S	1.260004
01943854985196	101242.447146	W	0.046173
01943855871724	101242.493319	S	1.223842
01943879369500	101243.717161	W	0.047424
01943880280044	101243.764586	S	1.242535
01943904136724	101245.007121	W	0.018988
01943904501300	101245.026109	S	1.261005
01943928712596	101246.287114	W	0.018923
01943929075912	101246.306037	S	1.261080
01943953288648	101247.567117	W	0.045306
01943954158524	101247.612423	S	1.224710
01943977672964	101248.837134	W	0.038197
01943978406348	101248.875331	S	1.241944
01944002251664	101250.117274	W	0.047239
01944003158652	101250.164513	S	1.232730
01944026827064	101251.397243	W	0.038316
01944027562724	101251.435559	S	1.241663
01944051402652	101252.677221	W	0.047035
01944052305720	101252.724256	S	1.232975
01944075978836	101253.957231	W	0.046862
01944076878592	101254.004093	S	1.233128
01944100554656	101255.237222	W	0.037204
01944101268976	101255.274426	S	1.242819
01944125131092	101256.517244	W	0.036865
01944125838900	101256.554109	S	1.253120
01944149898800	101257.807229	W	0.019926
01944150281372	101257.827155	S	1.260076
01944174474840	101259.087231	W	0.019850
01944174855964	101259.107081	S	1.260120
01944199050264	101260.367201	W	0.055825
01944200122096	101260.423026	S	1.214179
01944223434332	101261.637205	W	0.037916
01944224162328	101261.675121	S	1.242078
01944248010224	101262.917199	W	0.037087
01944248722296	101262.954286	S	1.242921
01944272586372	101264.197207	W	0.037132
01944273299312	101264.234339	S	1.242846
01944297161964	101265.477186	W	0.036831
01944297869112	101265.514016	S	1.243187
01944321738312	101266.757204	W	0.036948
01944322447716	101266.794152	S	1.243009
01944346313484	101268.037161	W	0.054992
01944347369332	101268.092153	S	1.224998
01944370889300	101269.317151	W	0.046989
01944371791488	101269.364140	S	1.233014
01944395465352	101270.597154	W	0.046855
01944396364976	101270.644009	S	1.233157
01944420041588	101271.877166	W	0.038184
01944420774716	101271.915350	S	1.241809
01944444617448	101273.157159	W	0.046742
01944445514892	101273.203901	S	1.233259
01944469193460	101274.437159	W	0.036811
01944469900228	101274.473970	S	1.243186
01944493769400	101275.717156	W	0.054986
01944494825128	101275.772142	S	1.224996
01944518345060	101276.997139	W	0.038101
01944519076604	101277.035240	S	1.251889
01944543112880	101278.287129	W	0.018598
01944543469968	101278.305728	S	1.261401
01944567688868	101279.567129	W	0.018828
01944568050356	101279.585956	S	1.261169
01944592264796	101280.847125	W	0.018631
01944592622516	101280.865756	S	1.261359
01944616840616	101282.127115	W	0.018753
01944617200672	101282.145868	S	1.251255
01944641224776	101283.397124	W	0.037082
01944641936752	101283.434206	S	1.252903
01944665992496	101284.687109	W	0.019064
01944666358532	101284.706174	S	1.260903
01944690567876	101285.967077	W	0.018420
01944690921540	101285.985497	S	0.194435
01944694654688	101286.179932	W	0.014947
01944694941664	101286.194878	S	1.052237
01944715144616	101287.247115	W	0.018585
01944715501444	101287.265700	S	1.261373
01944739719804	101288.527073	W	0.019069
01944740085932	101288.546142	S	1.260920
01944764295592	101289.807062	W	0.019074
01944764661820	101289.826136	S	1.260918
01944788871440	101291.087054	W	0.019033
01944789236864	101291.106087	S	1.260952
01944813447148	101292.367039	W	0.021910
01944813867820	101292.388949	S	1.258089
01944838023128	101293.647038	W	0.018766
01944838383436	101293.665804	S	1.261248
01944862599396	101294.927052	W	0.018870
01944862961704	101294.945922	S	1.261127
01944887175344	101296.207049	W	0.018836
01944887536988	101296.225885	S	1.261187
01944911751780	101297.487072	W	0.019050
01944912117544	101297.506122	S	1.260920
01944936327216	101298.767042	W	0.018678
01944936685828	101298.785720	S	1.261318
01944960903124	101300.047038	W	0.018983
01944961267600	101300.066021	S	1.260985
01944985478516	101301.327006	W	0.018790
01944985839280	101301.345796	S	1.261192
01945010054160	101302.606987	W	0.019061
01945010420128	101302.626048	S	1.260965
01945034630652	101303.887013	W	0.018787
01945034991368	101303.905800	S	1.261224
01945059206860	101305.167024	W	0.019024
01945059572124	101305.186048	S	1.260960
01945083782556	101306.447008	W	0.019005
01945084147456	101306.466013	S	1.260972
01945108358116	101307.726985	W	0.022046
01945108781396	101307.749031	S	1.257932
01945132933688	101309.006963	W	0.018802
01945133294688	101309.025765	S	1.261218
01945157510072	101310.286983	W	0.019039
01945157875612	101310.306021	S	1.260969
01945182086220	101311.566991	W	0.018977
01945182450580	101311.585968	S	1.261001
01945206661808	101312.846969	W	0.019026
01945207027100	101312.865995	S	1.250974
01945231045800	101314.116969	W	0.037294
01945231761836	101314.154262	S	1.242690
01945255621480	101315.396952	W	0.037418
01945256339912	101315.434370	S	1.252589
01945280389612	101316.686959	W	0.018709
01945280748828	101316.705668	S	1.261281
01945304965428	101317.966949	W	0.019051
01945305331208	101317.986000	S	1.260953
01945329541504	101319.246953	W	0.019024
01945329906764	101319.265977	S	1.260926
01945354116540	101320.526903	W	0.019050
01945354482300	101320.545953	S	1.260970
01945378692928	101321.806923	W	0.018713
01945379052224	101321.825637	S	1.261284
01945403268868	101323.086920	W	0.022037
01945403691972	101323.108957	S	1.247955
01945427652700	101324.356911	W	0.038320
01945428388440	101324.395231	S	1.251695
01945452420976	101325.646926	W	0.018823
01945452782372	101325.665749	S	1.261161
01945476996656	101326.926909	W	0.019056
01945477362532	101326.945965	S	1.260932
01945501572432	101328.206898	W	0.019088
01945501938928	101328.225986	S	1.260913
01945526148464	101329.486899	W	0.018771
01945526508872	101329.505670	S	1.261219
01945550724272	101330.766889	W	0.018997
01945551089020	101330.785886	S	1.260983
01945575299888	101332.046869	W	0.018880
01945575662376	101332.065749	S	1.261138
01945599876216	101333.326886	W	0.054255
01945600917904	101333.381141	S	1.215745
01945624260200	101334.596885	W	0.047135
01945625165188	101334.644020	S	1.242832
01945649027556	101335.886852	W	0.020050
01945649412520	101335.906902	S	1.259959
01945673603732	101337.166861	W	0.019705
01945673982076	101337.186566	S	1.260283
01945698179504	101338.446849	W	0.020090
01945698565228	101338.466939	S	1.259924
01945722755772	101339.726863	W	0.020005
01945723139860	101339.746868	S	1.259944
01945747330780	101341.006811	W	0.019786
01945747710664	101341.026597	S	1.260242
01945771907312	101342.286839	W	0.019966
01945772290656	101342.306805	S	1.260027
01945796483168	101343.566832	W	0.020074
01945796868592	101343.586906	S	1.259899
01945821058652	101344.846805	W	0.020044
01945821443496	101344.866849	S	1.259997
01945845635444	101346.126846	W	0.019906
01945846017648	101346.146753	S	1.260047
01945870210552	101347.406800	W	0.020039
01945870595308	101347.426839	S	0.195063
01945874340520	101347.621902	W	0.014788
01945874624452	101347.636690	S	1.050141
01945894787168	101348.686832	W	0.020055
01945895172224	101348.706887	S	1.259898
01945919362264	101349.966785	W	0.022754
01945919799136	101349.989538	S	1.257245
01945943938248	101351.246784	W	0.019026
01945944303552	101351.265810	S	1.260934
01945968513480	101352.526744	W	0.018834
01945968875084	101352.545577	S	1.261185
01945993089832	101353.806762	W	0.019114
01945993456828	101353.825876	S	1.260875
01946017665632	101355.086752	W	0.018807
01946018026720	101355.105558	S	1.261218
01946042242108	101356.366776	W	0.019013
01946042607160	101356.385790	S	1.260985
01946066818072	101357.646775	W	0.019046
01946067183752	101357.665820	S	1.260936
01946091393716	101358.926756	W	0.019104
01946091760508	101358.945860	S	1.260889
01946115969568	101360.206748	W	0.018768
01946116329920	101360.225517	S	1.261256
01946140546028	101361.486772	W	0.019045
01946140911700	101361.505818	S	1.260936
01946165121676	101362.766754	W	0.019002
01946165486512	101362.785756	S	1.260993
01946189697572	101364.046749	W	0.018836
01946190059228	101364.065585	S	1.261157
01946214273444	101365.326742	W	0.021944
01946214694768	101365.348686	S	1.258028
01946238848908	101366.606714	W	0.019055
01946239214760	101366.625769	S	1.260926
01946263424536	101367.886695	W	0.019018
01946263789680	101367.905712	S	1.261012
01946288001104	101369.166724	W	0.018866
01946288363324	101369.185590	S	1.261123
01946312576892	101370.446713	W	0.019005
01946312941796	101370.465719	S	1.261009
01946337153172	101371.726728	W	0.018990
01946337517784	101371.745718	S	1.260945
01946361727924	101373.006663	W	0.054269
01946362769880	101373.060931	S	1.215764
01946386112552	101374.276695	W	0.038379
01946386849428	101374.315074	S	1.251616
01946410880464	101375.566691	W	0.019007
01946411245404	101375.585698	S	1.260984
01946435456300	101376.846682	W	0.019048
01946435822028	101376.865731	S	1.260939
01946460032060	101378.126670	W	0.054191
01946461072528	101378.180861	S	1.215827
01946484416404	101379.396688	W	0.038343
01946485152580	101379.435030	S	1.251636
01946509183988	101380.686666	W	0.019030
01946509549356	101380.705696	S	1.260965
01946533759880	101381.966660	W	0.019024
01946534125136	101381.985684	S	1.260971
01946558335780	101383.246655	W	0.018988
01946558700344	101383.265643	S	1.260990
01946582911352	101384.526633	W	0.019052
01946583277144	101384.545685	S	1.260934
01946607487072	101385.806618	W	0.019094
01946607853680	101385.825712	S	1.260936
01946632063644	101387.086648	W	0.019005
01946632428548	101387.105654	S	1.260950
01946656638784	101388.366603	W	0.018975
01946657003108	101388.385579	S	1.261027
01946681214832	101389.646606	W	0.019051
01946681580608	101389.665657	S	1.260981
01946705791448	101390.926638	W	0.019005
01946706156336	101390.945642	S	1.260979
01946730367128	101392.206621	W	0.018981
01946730731560	101392.225602	S	1.261021
01946754943172	101393.486624	W	0.018964
01946755307280	101393.505587	S	1.261021
01946779518880	101394.766608	W	0.022061
01946779942460	101394.788670	S	1.257926
01946804094636	101396.046596	W	0.018985
01946804459140	101396.065580	S	1.261010
01946828670524	101397.326590	W	0.018856
01946829032568	101397.345446	S	1.261117
01946853246020	101398.606564	W	0.019110
01946853612928	101398.625673	S	1.260905
01946877822304	101399.886578	W	0.019135
01946878189688	101399.905713	S	1.260862
01946902398244	101401.166575	W	0.019008
01946902763196	101401.185583	S	1.260966
01946926973752	101402.446550	W	0.019064
01946927339772	101402.465613	S	1.260960
01946951550196	101403.726573	W	0.019056
01946951916068	101403.745629	S	1.260914
01946976125624	101405.006543	W	0.019049
01946976491372	101405.025592	S	1.260964
01947000701876	101406.286556	W	0.018923
01947001065192	101406.305479	S	1.261089
01947025278104	101407.566568	W	0.018952
01947025641988	101407.585520	S	1.261026
01947049853692	101408.846546	W	0.019047
01947050219392	101408.865593	S	0.196200
01947053986424	101409.061793	W	0.014927
01947054273028	101409.076720	S	1.049848
01947074430104	101410.126568	W	0.021832
01947074849284	101410.148400	S	1.258070
01947099004224	101411.406470	W	0.019069
01947099370340	101411.425539	S	1.260952
01947123580612	101412.686490	W	0.019077
01947123946884	101412.705567	S	1.260921
01947148156564	101413.966488	W	0.019136
01947148523968	101413.985623	S	1.260838
01947172732056	101415.246461	W	0.019118
01947173099116	101415.265579	S	1.260928
01947197308928	101416.526507	W	0.018939
01947197672548	101416.545445	S	1.261042
01947221884556	101417.806487	W	0.019105
01947222251380	101417.825593	S	1.260910
01947246460856	101419.086503	W	0.019056
01947246826740	101419.105559	S	1.260906
01947271036140	101420.366466	W	0.019119
01947271403232	101420.385585	S	1.260907
01947295612644	101421.646492	W	0.054186
01947296653012	101421.700678	S	1.215801
01947319996396	101422.916479	W	0.038394
01947320733568	101422.954873	S	1.251601
01947344764304	101424.206474	W	0.019111
01947345131240	101424.225585	S	1.260903
01947369340580	101425.486489	W	0.019101
01947369707328	101425.505590	S	1.260871
01947393916056	101426.766461	W	0.019046
01947394281736	101426.785507	S	1.260919
01947418491388	101428.046426	W	0.019129
01947418858656	101428.065555	S	1.260894
01947443067828	101429.326449	W	0.018894
01947443430592	101429.345343	S	1.261097
01947467643656	101430.606440	W	0.019054
01947468009500	101430.625495	S	1.260959
01947492219916	101431.886454	W	0.018975
01947492584228	101431.905429	S	1.260985
01947516795136	101433.166413	W	0.045220
01947517663352	101433.211633	S	1.224784
01947541179212	101434.436417	W	0.038379
01947541916080	101434.474796	S	1.251615
01947565947092	101435.726411	W	0.019045
01947566312748	101435.745456	S	1.260944
01947590522864	101437.006399	W	0.019057
01947590888760	101437.025456	S	1.260962
01947615099232	101438.286418	W	0.019090
01947615465768	101438.305509	S	1.260907
01947639675176	101439.566415	W	0.018984
01947640039672	101439.585400	S	1.261002
01947664250916	101440.846402	W	0.018752
01947664610952	101440.865154	S	1.261231
01947688826588	101442.126385	W	0.019081
01947689192948	101442.145466	S	1.260891
01947713402064	101443.406358	W	0.019018
01947713767208	101443.425375	S	1.261020
01947737978788	101444.686395	W	0.018986
01947738343312	101444.705381	S	1.261003
01947762554564	101445.966384	W	0.019098
01947762921252	101445.985482	S	1.260869
01947787129936	101447.246351	W	0.018778
01947787490480	101447.265129	S	1.261204
01947811705600	101448.526333	W	0.018846
01947812067452	101448.545180	S	1.261155
01947836281636	101449.806335	W	0.022068
01947836705344	101449.828403	S	1.257945
01947860857884	101451.086348	W	0.019057
01947861223776	101451.105405	S	1.260961
01947885434236	101452.366366	W	0.018959
01947885798240	101452.385325	S	1.261017
01947910009776	101453.646342	W	0.045200
01947910877608	101453.691542	S	1.224800
01947934393772	101454.916342	W	0.038265
01947935128460	101454.954607	S	1.241723
01947958969540	101456.196330	W	0.037451
01947959688596	101456.233781	S	1.252515
01947983736876	101457.486296	W	0.019090
01947984103412	101457.505386	S	1.260939
01948008313440	101458.766325	W	0.018888
01948008676096	101458.785213	S	1.261091
01948032889040	101460.046304	W	0.018942
01948033252720	101460.065246	S	1.261068
01948057465224	101461.326314	W	0.018930
01948057828684	101461.345244	S	1.261032
01948082040496	101462.606276	W	0.019040
01948082406064	101462.625316	S	1.260984
01948106616952	101463.886300	W	0.018996
01948106981680	101463.905296	S	1.260995
01948131192780	101465.166291	W	0.037155
01948131906148	101465.203445	S	1.242844
01948155768748	101466.446289	W	0.019036
01948156134232	101466.465325	S	1.260960
01948180344664	101467.726285	W	0.018985
01948180709176	101467.745270	S	1.260966
01948204919732	101469.006236	W	0.019053
01948205285552	101469.025289	S	1.260972
01948229496208	101470.286261	W	0.021996
01948229918540	101470.308257	S	0.193526
01948233634232	101470.501783	W	0.024864
01948234111620	101470.526647	S	1.039688
01948254073620	101471.566334	W	0.018703
01948254432720	101471.585038	S	1.261163
01948278647048	101472.846200	W	0.019051
01948279012820	101472.865251	S	1.260925
01948303222572	101474.126176	W	0.019098
01948303589256	101474.145274	S	1.260884
01948327798236	101475.406158	W	0.019119
01948328165324	101475.425277	S	0.630273
01948340266556	101476.055550	W	0.001391
01948340293260	101476.056941	S	0.629279
01948352375424	101476.686220	W	0.019050
01948352741180	101476.705270	S	1.260965
01948376951700	101477.966234	W	0.018728
01948377311284	101477.984963	S	1.261269
01948401527656	101479.246232	W	0.018727
01948401887208	101479.264959	S	1.261226
01948426102740	101480.526184	W	0.018811
01948426463904	101480.544995	S	1.261194
01948450678828	101481.806189	W	0.019097
01948451045500	101481.825286	S	1.260916
01948475255092	101483.086203	W	0.018874
01948475617472	101483.105077	S	1.261111
01948499830804	101484.366188	W	0.019015
01948500195896	101484.385203	S	1.261010
01948524407280	101485.646212	W	0.021980
01948524829288	101485.668192	S	1.258004
01948548982972	101486.926196	W	0.018995
01948549347684	101486.945192	S	1.260968
01948573558268	101488.206160	W	0.019051
01948573924044	101488.225211	S	1.260975
01948598134756	101489.486185	W	0.018975
01948598499072	101489.505160	S	1.261017
01948622710592	101490.766177	W	0.019055
01948623076440	101490.785231	S	1.260924
01948647286176	101492.046155	W	0.054236
01948648327512	101492.100391	S	1.215790
01948671670672	101493.316181	W	0.038358
01948672407144	101493.354539	S	1.251591
01948696437700	101494.606130	W	0.018903
01948696800632	101494.625033	S	1.261117
01948721014072	101495.886150	W	0.018956
01948721378028	101495.905106	S	1.261034
01948745589876	101497.166139	W	0.019023
01948745955120	101497.185162	S	1.260948
01948770165324	101498.446111	W	0.018767
01948770525644	101498.464877	S	1.261285
01948794742308	101499.726162	W	0.019126
01948795109520	101499.745288	S	1.260835
01948819317544	101501.006122	W	0.019006
01948819682460	101501.025128	S	1.260991
01948843893484	101502.286119	W	0.018804
01948844254524	101502.304923	S	1.261190
01948868469368	101503.566113	W	0.019063
01948868835376	101503.585176	S	1.260935
01948893045320	101504.846110	W	0.019257
01948893415056	101504.865367	S	1.260741
01948917621292	101506.126109	W	0.019053
01948917987116	101506.145162	S	1.260940
01948942197160	101507.406102	W	0.019021
01948942562356	101507.425123	S	1.260976
01948966773100	101508.686099	W	0.022053
01948967196520	101508.708152	S	1.257938
01948991348924	101509.966090	W	0.019075
01948991715172	101509.985165	S	1.260917
01949015924772	101511.246082	W	0.018984
01949016289260	101511.265066	S	1.261002
01949040500504	101512.526068	W	0.019094
01949040867116	101512.545162	S	1.260903
01949065076460	101513.806066	W	0.018744
01949065436344	101513.824810	S	1.261256
01949089652468	101515.086066	W	0.018805
01949090013520	101515.104871	S	1.261192
01949114228404	101516.366063	W	0.019018
01949114593548	101516.385081	S	1.260978
01949138804316	101517.646058	W	0.019031
01949139169704	101517.665089	S	1.260960
01949163380132	101518.926049	W	0.019039
01949163745672	101518.945087	S	1.260961
01949187956124	101520.206048	W	0.019084
01949188322532	101520.225132	S	1.260903
01949212531868	101521.486035	W	0.018941
01949212895536	101521.504976	S	1.261054
01949237107776	101522.766030	W	0.019060
01949237473728	101522.785090	S	1.260919
01949261683380	101524.046009	W	0.021997
01949262105732	101524.068007	S	1.258008
01949286259488	101525.326015	W	0.018884
01949286622060	101525.344899	S	1.261118
01949310835520	101526.606017	W	0.019054
01949311201352	101526.625070	S	1.260926
01949335411136	101527.885997	W	0.019054
01949335776980	101527.905051	S	1.260952
01949359987256	101529.166003	W	0.018984
01949360351744	101529.184987	S	1.261019
01949384563300	101530.446005	W	0.019068
01949384929408	101530.465073	S	1.260916
01949409138992	101531.725989	W	0.019059
01949409504920	101531.745048	S	0.196560
01949413278864	101531.941608	W	0.014818
01949413563376	101531.956426	S	1.049627
01949433716212	101533.006053	W	0.018706
01949434075360	101533.024758	S	1.261156
01949458289552	101534.285914	W	0.019096
01949458656204	101534.305011	S	1.260896
01949482865416	101535.565907	W	0.019057
01949483231308	101535.584964	S	1.260926
01949507441080	101536.845890	W	0.019085
01949507807504	101536.864974	S	1.260983
01949532018380	101538.125957	W	0.018985
01949532382892	101538.144942	S	1.261006
01949556594204	101539.405948	W	0.022053
01949557017620	101539.428001	S	1.257933
01949581169928	101540.685934	W	0.019111
01949581536868	101540.705045	S	1.260890
01949605745964	101541.965936	W	0.019013
01949606111012	101541.984949	S	1.260991
01949630322032	101543.245939	W	0.018884
01949630684596	101543.264823	S	1.261097
01949654897664	101544.525920	W	0.019048
01949655263388	101544.544968	S	1.260927
01949679473184	101545.805895	W	0.019017
01949679838320	101545.824913	S	1.261012
01949704049744	101547.085924	W	0.018994
01949704414428	101547.104918	S	1.260989
01949728625416	101548.365907	W	0.019015
01949728990500	101548.384922	S	1.260996
01949753201624	101549.645918	W	0.018992
01949753566264	101549.664910	S	1.260967
01949777776832	101550.925877	W	0.019027
01949778142160	101550.944904	S	1.261002
01949802353404	101552.205906	W	0.018941
01949802717076	101552.224848	S	1.261044
01949826929128	101553.485892	W	0.019090
01949827295660	101553.504982	S	1.260907
01949851505072	101554.765889	W	0.022027
01949851927984	101554.787916	S	1.257964
01949876080892	101556.045880	W	0.019022
01949876446116	101556.064902	S	1.260977
01949900656876	101557.325879	W	0.018906
01949901019880	101557.344785	S	1.261082
01949925232652	101558.605867	W	0.019034
01949925598100	101558.624901	S	1.260969
01949949808696	101559.885870	W	0.018713
01949950167988	101559.904583	S	1.261279
01949974384540	101561.165861	W	0.019046
01949974750232	101561.184908	S	1.260956
01949998960596	101562.445864	W	0.018981
01949999325040	101562.464846	S	1.261002
01950023536272	101563.725847	W	0.018732
01950023895920	101563.744579	S	1.261243
01950048111788	101565.005822	W	0.019096
01950048478440	101565.024919	S	1.260917
01950072688052	101566.285836	W	0.018946
01950073051820	101566.304782	S	1.251046
01950097071904	101567.555828	W	0.037325
01950097788548	101567.593154	S	1.252671
01950121839836	101568.845825	W	0.019058
01950122205752	101568.864883	S	1.260936
01950146415724	101570.125819	W	0.021975
01950146837644	101570.147794	S	1.248020
01950170799628	101571.395814	W	0.037344
01950171516624	101571.433157	S	1.252652
01950195567548	101572.685810	W	0.018995
01950195932260	101572.704805	S	1.250986
01950219951192	101573.955791	W	0.037388
01950220669040	101573.993179	S	1.252591
01950244718788	101575.245770	W	0.045224
01950245587092	101575.290994	S	1.224809
01950269103428	101576.515804	W	0.047317
01950270011920	101576.563121	S	1.242668
01950293871136	101577.805788	W	0.019961
01950294254384	101577.825749	S	1.250027
01950318254904	101579.075776	W	0.055328
01950319317196	101579.131104	S	1.224664
01950342830752	101580.355768	W	0.047288
01950343738680	101580.403056	S	1.232708
01950367406676	101581.635764	W	0.047351
01950368315808	101581.683115	S	1.232643
01950391982556	101582.915758	W	0.038289
01950392717700	101582.954047	S	1.241705
01950416558428	101584.195751	W	0.038330
01950417294360	101584.234081	S	1.241675
01950441134512	101585.475756	W	0.047144
01950442039676	101585.522900	S	1.232841
01950465710216	101586.755740	W	0.047074
01950466614040	101586.802815	S	1.232919
01950490286080	101588.035733	W	0.038292
01950491021288	101588.074025	S	1.241707
01950514862064	101589.315733	W	0.038378
01950515598916	101589.354110	S	1.241615
01950539437924	101590.595725	W	0.047293
01950540345952	101590.643018	S	1.232710
01950564013980	101591.875728	W	0.047347
01950564923044	101591.923075	S	1.232632
01950588589576	101593.155707	W	0.038036
01950589319860	101593.193743	S	0.187743
01950592924516	101593.381485	W	0.014943
01950593211420	101593.396428	S	1.039331
01950613166568	101594.435759	W	0.038344
01950613902764	101594.474102	S	1.241541
01950637740356	101595.715644	W	0.047415
01950638650720	101595.763058	S	1.232581
01950662316284	101596.995640	W	0.047406
01950663226480	101597.043046	S	1.232617
01950686892728	101598.275663	W	0.038378
01950687629588	101598.314041	S	1.241610
01950711468496	101599.555651	W	0.038390
01950712205592	101599.594041	S	1.241621
01950736044712	101600.835662	W	0.038108
01950736776384	101600.873770	S	1.241856
01950760620016	101602.115626	W	0.047456
01950761531164	101602.163081	S	1.232595
01950785196988	101603.395676	W	0.047361
01950786106312	101603.443037	S	1.232631
01950809772820	101604.675668	W	0.047406
01950810683008	101604.723073	S	1.232592
01950834348768	101605.955665	W	0.047352
01950835257924	101606.003017	S	1.232622
01950858924260	101607.235639	W	0.047346
01950859833308	101607.282985	S	1.232651
01950883500200	101608.515635	W	0.047323
01950884408796	101608.562958	S	1.232675
01950908076148	101609.795633	W	0.047422
01950908986644	101609.843054	S	1.232572
01950932652020	101611.075626	W	0.038292
01950933387220	101611.113918	S	1.241712
01950957228088	101612.355630	W	0.047372
01950958137628	101612.403001	S	1.232615
01950981803840	101613.635617	W	0.038281
01950982538844	101613.673898	S	1.241721
01951006379896	101614.915620	W	0.047345
01951007288920	101614.962965	S	1.232653
01951030955864	101616.195618	W	0.047293
01951031863896	101616.242911	S	1.232660
01951055530964	101617.475571	W	0.047385
01951056440752	101617.522956	S	1.232645
01951080107528	101618.755600	W	0.038303
01951080842944	101618.793903	S	1.241684
01951104683268	101620.035587	W	0.047405
01951105593440	101620.082992	S	1.232605
01951129259460	101621.315597	W	0.038302
01951129994864	101621.353899	S	1.241678
01951153835080	101622.595577	W	0.047239
01951154742064	101622.642816	S	1.232767
01951178411192	101623.875583	W	0.047296
01951179319268	101623.922879	S	1.232686
01951202986848	101625.155565	W	0.047379
01951203896524	101625.202944	S	1.232619
01951227562816	101626.435563	W	0.047352
01951228471972	101626.482915	S	1.232647
01951252138804	101627.715563	W	0.038314
01951252874436	101627.753877	S	1.241675
01951276714604	101628.995552	W	0.047292
01951277622604	101629.042844	S	1.232675
01951301289972	101630.275519	W	0.038426
01951302027760	101630.313946	S	1.241577
01951325866044	101631.555523	W	0.047211
01951326772488	101631.602734	S	1.232803
01951350442300	101632.835536	W	0.047389
01951351352168	101632.882925	S	1.232612
01951375018312	101634.115537	W	0.038342
01951375754480	101634.153879	S	1.241641
01951399593980	101635.395520	W	0.047411
01951400504264	101635.442930	S	1.232590
01951424169992	101636.675520	W	0.047354
01951425079180	101636.722874	S	1.232646
01951448745992	101637.955520	W	0.038052
01951449476596	101637.993573	S	1.241937
01951473321788	101639.235510	W	0.047336
01951474230640	101639.282846	S	1.232652
01951497897564	101640.515498	W	0.047160
01951498803036	101640.562658	S	1.232843
01951522473628	101641.795501	W	0.038259
01951523208208	101641.833761	S	1.241729
01951547049408	101643.075490	W	0.047327
01951547958088	101643.122817	S	1.232663
01951571625216	101644.355480	W	0.047149
01951572530484	101644.402629	S	1.232839
01951596200988	101645.635468	W	0.038343
01951596937168	101645.673811	S	1.241665
01951620777140	101646.915476	W	0.038341
01951621513280	101646.953817	S	1.241649
01951645352940	101648.195466	W	0.047304
01951646261176	101648.242770	S	1.232686
01951669928740	101649.475455	W	0.038310
01951670664292	101649.513765	S	1.241691
01951694504760	101650.755456	W	0.038186
01951695237924	101650.793642	S	1.241810
01951719080676	101652.035452	W	0.038215
01951719814408	101652.073667	S	1.243786
01951743695108	101653.317454	W	0.045324
01951744565328	101653.362778	S	1.232652
01951768232244	101654.595429	W	0.038352
01951768968608	101654.633782	S	0.188210
01951772582240	101654.821992	W	0.014874
01951772867828	101654.836866	S	1.038611
01951792809164	101655.875477	W	0.038206
01951793542716	101655.913683	S	1.241687
01951817383112	101657.155370	W	0.038414
01951818120664	101657.193785	S	1.241584
01951841959076	101658.435369	W	0.047311
01951842867456	101658.482680	S	1.232681
01951866534936	101659.715361	W	0.038196
01951867268308	101659.753558	S	1.241819
01951891111224	101660.995376	W	0.038377
01951891848060	101661.033753	S	1.241646
01951915687656	101662.275399	W	0.047100
01951916591968	101662.322498	S	1.232895
01951940263560	101663.555394	W	0.047340
01951941172488	101663.602734	S	1.232650
01951964839376	101664.835384	W	0.038343
01951965575568	101664.873728	S	1.241667
01951989415580	101666.115395	W	0.038369
01951990152264	101666.153764	S	1.241617
01952013991312	101667.395381	W	0.037276
01952014707008	101667.432657	S	1.242711
01952038567064	101668.675368	W	0.046337
01952039456740	101668.721705	S	1.233666
01952063143132	101669.955371	W	0.047295
01952064051188	101670.002666	S	1.232689
01952087718824	101671.235355	W	0.038331
01952088454788	101671.273687	S	1.241647
01952112294408	101672.515334	W	0.047419
01952113204848	101672.562753	S	1.242601
01952137062792	101673.805354	W	0.019069
01952137428908	101673.824422	S	1.260929
01952161638752	101675.085352	W	0.045193
01952162506460	101675.130545	S	1.224798
01952186022584	101676.355343	W	0.047381
01952186932300	101676.402724	S	1.232605
01952210598316	101677.635329	W	0.047354
01952211507512	101677.682683	S	1.232643
01952235174264	101678.915326	W	0.038338
01952235910352	101678.953664	S	1.241650
01952259750036	101680.195314	W	0.047387
01952260659876	101680.242702	S	1.032111
01952280476412	101681.274813	W	0.006638
01952280603864	101681.281451	S	0.005502
01952280709496	101681.286953	W	0.001158
01952280731732	101681.288111	S	0.001917
01952280768548	101681.290029	W	0.001023
01952280788192	101681.291052	S	0.074039
01952282209736	101681.365090	W	0.007607
01952282355788	101681.372697	S	0.050064
01952283317024	101681.422762	W	0.000524
01952283327076	101681.423285	S	0.001401
01952283353976	101681.424686	W	0.000039
01952283354732	101681.424726	S	0.060905
01952284524116	101681.485631	W	0.018952
01952284888000	101681.504583	S	0.521142
01952294893924	101682.025725	W	0.001666
01952294925916	101682.027391	S	0.737953
01952309094608	101682.765344	W	0.019283
01952309464832	101682.784627	S	1.260628
01952333668888	101684.045255	W	0.020006
01952334053004	101684.065261	S	1.259993
01952358244876	101685.325254	W	0.019740
01952358623880	101685.344994	S	1.260252
01952382820724	101686.605246	W	0.019902
01952383202844	101686.625148	S	1.250095
01952407204672	101687.875243	W	0.037201
01952407918936	101687.912445	S	1.242847
01952431781596	101689.155291	W	0.055050
01952432838564	101689.210342	S	1.224923
01952456357084	101690.435265	W	0.038175
01952457090036	101690.473439	S	1.241828
01952480933128	101691.715267	W	0.038138
01952481665372	101691.753405	S	1.241852
01952505508928	101692.995257	W	0.047114
01952506413508	101693.042370	S	1.234883
01952530123264	101694.277253	W	0.053213
01952531144960	101694.330467	S	1.226786
01952554699260	101695.557253	W	0.045129
01952555565740	101695.602382	S	1.242860
01952579428652	101696.845242	W	0.053905
01952580463620	101696.899147	S	1.220093
01952603889408	101698.119240	W	0.034213
01952604546292	101698.153453	S	1.251783
01952628580524	101699.405236	W	0.018921
01952628943808	101699.424157	S	1.261070
01952653156344	101700.685226	W	0.018867
01952653518588	101700.704093	S	1.261144
01952677732544	101701.965237	W	0.053989
01952678769128	101702.019225	S	1.215988
01952702116096	101703.235213	W	0.047210
01952703022520	101703.282423	S	1.242782
01952726883928	101704.525205	W	0.018713
01952727243224	101704.543918	S	1.251282
01952751267832	101705.795200	W	0.038171
01952752000708	101705.833370	S	1.241822
01952775843688	101707.075192	W	0.055253
01952776904552	101707.130445	S	1.224744
01952800419636	101708.355189	W	0.047056
01952801323112	101708.402245	S	1.232936
01952824995484	101709.635181	W	0.038174
01952825728420	101709.673355	S	1.241822
01952849571404	101710.915177	W	0.046178
01952850458024	101710.961355	S	1.233807
01952874147120	101712.195162	W	0.038021
01952874877116	101712.233183	S	1.241992
01952898723356	101713.475175	W	0.037157
01952899436764	101713.512331	S	1.242835
01952923299192	101714.755166	W	0.037219
01952924013800	101714.792385	S	1.252786
01952948067296	101716.045172	W	0.018834
01952948428908	101716.064006	S	0.196644
01952952204468	101716.260649	W	0.014721
01952952487112	101716.275370	S	1.039822
01952972451696	101717.315192	W	0.055250
01952973512500	101717.370443	S	1.224649
01952997025760	101718.595092	W	0.047183
01952997931680	101718.642275	S	1.232806
01953021601552	101719.875081	W	0.038183
01953022334660	101719.913264	S	1.241816
01953046177520	101721.155079	W	0.047048
01953047080836	101721.202127	S	1.232948
01953070753428	101722.435074	W	0.038303
01953071488852	101722.473378	S	1.241744
01953095330332	101723.715121	W	0.038216
01953096064084	101723.753338	S	1.241783
01953119906312	101724.995120	W	0.047131
01953120811236	101725.042252	S	1.232851
01953144481980	101726.275103	W	0.038150
01953145214464	101726.313253	S	1.241849
01953169057964	101727.555102	W	0.038218
01953169791752	101727.593320	S	1.241779
01953193633912	101728.835100	W	0.037225
01953194348636	101728.872325	S	1.252773
01953218401868	101730.125097	W	0.045034
01953219266528	101730.170132	S	1.224942
01953242785420	101731.395074	W	0.038250
01953243519812	101731.433324	S	1.241756
01953267361536	101732.675080	W	0.055210
01953268421576	101732.730290	S	1.224785
01953291937444	101733.955075	W	0.038237
01953292671588	101733.993312	S	1.251753
01953316705240	101735.245065	W	0.019701
01953317083508	101735.264766	S	1.260290
01953341281068	101736.525056	W	0.019786
01953341660960	101736.544842	S	1.260232
01953365857420	101737.805074	W	0.019881
01953366239144	101737.824955	S	1.260081
01953390432696	101739.085036	W	0.019883
01953390814440	101739.104919	S	1.260103
01953415008412	101740.365021	W	0.019804
01953415388652	101740.384826	S	1.250204
01953439392568	101741.635030	W	0.055222
01953440452828	101741.690251	S	1.224773
01953463968468	101742.915024	W	0.038251
01953464702888	101742.953275	S	1.241751
01953488544512	101744.195027	W	0.047105
01953489448928	101744.242132	S	1.232888
01953513120384	101745.475020	W	0.047164
01953514025924	101745.522184	S	1.232841
01953537696476	101746.755025	W	0.038214
01953538430176	101746.793238	S	1.241771
01953562272188	101748.035010	W	0.038074
01953563003200	101748.073083	S	1.241901
01953586847692	101749.314984	W	0.038218
01953587581468	101749.353201	S	1.241796
01953611423956	101750.594998	W	0.038195
01953612157300	101750.633193	S	1.241802
01953635999892	101751.874994	W	0.037194
01953636714008	101751.912188	S	1.242793
01953660575640	101753.154981	W	0.055256
01953661636560	101753.210237	S	1.226741
01953685189996	101754.436979	W	0.036211
01953685885256	101754.473190	S	1.241779
01953709727408	101755.714969	W	0.037249
01953710442596	101755.752219	S	1.242745
01953734303308	101756.994964	W	0.055153
01953735362236	101757.050116	S	1.224852
01953758879404	101758.274969	W	0.038161
01953759612088	101758.313130	S	1.241829
01953783455208	101759.554959	W	0.047078
01953784359100	101759.602036	S	1.232913
01953808031036	101760.834950	W	0.047094
01953808935240	101760.882044	S	1.232902
01953832606956	101762.114946	W	0.037151
01953833320252	101762.152096	S	1.242843
01953857182832	101763.394939	W	0.037229
01953857897632	101763.432168	S	1.252752
01953881950476	101764.684921	W	0.018953
01953882314368	101764.703873	S	1.261070
01953906526920	101765.964944	W	0.054102
01953907565684	101766.019046	S	1.215860
01953930910200	101767.234906	W	0.047152
01953931815512	101767.282058	S	1.232822
01953955485688	101768.514880	W	0.046021
01953956369284	101768.560900	S	1.233998
01953980062044	101769.794898	W	0.038261
01953980796660	101769.833159	S	1.251759
01954004830424	101771.084918	W	0.018826
01954005191880	101771.103744	S	1.253143
01954029252224	101772.356887	W	0.035229
01954029928624	101772.392116	S	1.242765
01954053789712	101773.634881	W	0.037273
01954054505356	101773.672154	S	1.252726
01954078557692	101774.924880	W	0.018890
01954078920384	101774.943770	S	1.261098
01954103133468	101776.204868	W	0.045074
01954103998896	101776.249942	S	1.217371
01954127372424	101777.467314	W	0.045684
01954128249556	101777.512998	S	0.188938
01954131877168	101777.701936	W	0.024847
01954132354224	101777.726783	S	1.028137
01954152094460	101778.754920	W	0.038158
01954152827088	101778.793077	S	1.241739
01954176668476	101780.034816	W	0.054220
01954177709504	101780.089037	S	1.225765
01954201244184	101781.314801	W	0.047191
01954202150252	101781.361992	S	1.232804
01954225820088	101782.594796	W	0.047098
01954226724364	101782.641894	S	1.232948
01954250396960	101783.874842	W	0.037162
01954251110472	101783.912004	S	1.242846
01954274973120	101785.154850	W	0.046159
01954275859372	101785.201009	S	1.233831
01954299548924	101786.434840	W	0.038229
01954300282920	101786.473069	S	1.251760
01954324316708	101787.724829	W	0.018886
01954324679312	101787.743714	S	1.253104
01954348738908	101788.996818	W	0.035168
01954349414132	101789.031986	S	1.242824
01954373276352	101790.274810	W	0.037222
01954373991012	101790.312032	S	1.252783
01954398044448	101791.564815	W	0.054070
01954399082596	101791.618885	S	1.215903
01954422427924	101792.834788	W	0.038061
01954423158700	101792.872849	S	1.251947
01954447196080	101794.124796	W	0.018963
01954447560176	101794.143759	S	1.261032
01954471771992	101795.404791	W	0.018899
01954472134856	101795.423690	S	1.251081
01954496155608	101796.674771	W	0.038254
01954496890092	101796.713026	S	1.251754
01954520923768	101797.964780	W	0.053067
01954521942656	101798.017847	S	1.216926
01954545307636	101799.234773	W	0.038276
01954546042532	101799.273049	S	1.251723
01954570075620	101800.524772	W	0.018766
01954570435928	101800.543538	S	1.251213
01954594459208	101801.794750	W	0.055231
01954595519644	101801.849981	S	1.224765
01954619035128	101803.074746	W	0.047071
01954619938900	101803.121818	S	1.232929
01954643611132	101804.354746	W	0.038235
01954644345252	101804.392982	S	1.251775
01954668379324	101805.644756	W	0.054078
01954669417612	101805.698834	S	1.215891
01954692762724	101806.914725	W	0.038264
01954693497384	101806.952989	S	1.241727
01954717338536	101808.194715	W	0.047128
01954718243384	101808.241843	S	1.232871
01954741914500	101809.474714	W	0.038245
01954742648796	101809.512958	S	1.241754
01954766490472	101810.754712	W	0.047122
01954767395212	101810.801834	S	1.232877
01954791066456	101812.034711	W	0.046071
01954791951020	101812.080782	S	1.233925
01954815642376	101813.314707	W	0.047139
01954816547436	101813.361846	S	1.232851
01954840218184	101814.594697	W	0.038222
01954840952056	101814.632920	S	1.241764
01954864793924	101815.874684	W	0.047114
01954865698520	101815.921798	S	1.232902
01954889370232	101817.154700	W	0.047141
01954890275348	101817.201841	S	1.232835
01954913945776	101818.434676	W	0.038167
01954914678576	101818.472843	S	1.241829
01954938521688	101819.714671	W	0.038198
01954939255088	101819.752869	S	1.243802
01954963136096	101820.996672	W	0.044196
01954963984668	101821.040868	S	1.233794
01954987673516	101822.274662	W	0.047115
01954988578120	101822.321777	S	1.232887
01955012249552	101823.554664	W	0.037130
01955012962452	101823.591794	S	1.242864
01955036825448	101824.834659	W	0.037240
01955037540452	101824.871899	S	1.242739
01955061401036	101826.114637	W	0.055203
01955062460928	101826.169840	S	1.224796
01955085977004	101827.394636	W	0.038253
01955086711464	101827.432889	S	1.241734
01955110552760	101828.674623	W	0.046236
01955111440496	101828.720859	S	1.233765
01955135128784	101829.954624	W	0.047243
01955136035856	101830.001868	S	1.242770
01955159897048	101831.244638	W	0.018860
01955160259156	101831.263498	S	1.253112
01955184318904	101832.516610	W	0.053223
01955185340788	101832.569833	S	1.224770
01955208856364	101833.794602	W	0.047082
01955209760344	101833.841685	S	1.232914
01955233432288	101835.074598	W	0.038279
01955234167240	101835.112877	S	1.251710
01955258200064	101836.364587	W	0.018920
01955258563336	101836.383507	S	1.261084
01955282776140	101837.644591	W	0.018885
01955283138740	101837.663476	S	1.253112
01955307198496	101838.916588	W	0.035164
01955307873652	101838.951753	S	0.190231
01955311526088	101839.141984	W	0.014869
01955311811568	101839.156853	S	1.047774
01955331928824	101840.204626	W	0.018890
01955332291508	101840.223516	S	1.251019
01955356311080	101841.474535	W	0.055182
01955357370576	101841.529718	S	1.224815
01955380887016	101842.754532	W	0.038235
01955381621136	101842.792767	S	1.251760
01955405654928	101844.044527	W	0.054132
01955406694268	101844.098660	S	1.215893
01955430039404	101845.314552	W	0.038252
01955430773844	101845.352804	S	1.241736
01955454615184	101846.594541	W	0.047142
01955455520312	101846.641683	S	1.232856
01955479191148	101847.874539	W	0.037187
01955479905136	101847.911726	S	1.242812
01955503767124	101849.154538	W	0.055204
01955504827040	101849.209742	S	1.224793
01955528343060	101850.434534	W	0.038201
01955529076520	101850.472735	S	1.241790
01955552918880	101851.714525	W	0.047202
01955553825164	101851.761727	S	1.232794
01955577494800	101852.994521	W	0.047174
01955578400532	101853.041694	S	1.232821
01955602070700	101854.274516	W	0.047065
01955602974344	101854.321580	S	1.232933
01955626646656	101855.554513	W	0.038204
01955627380172	101855.592717	S	1.241786
01955651222472	101856.834504	W	0.047142
01955652127600	101856.881646	S	1.232848
01955675798272	101858.114493	W	0.047040
01955676701432	101858.161533	S	1.232960
01955700374272	101859.394493	W	0.055139
01955701432932	101859.449632	S	1.224852
01955724950084	101860.674484	W	0.038211
01955725683732	101860.712694	S	1.243786
01955749564428	101861.956481	W	0.045074
01955750429848	101862.001555	S	1.232928
01955774102068	101863.234483	W	0.038187
01955774835252	101863.272669	S	1.241800
01955798677804	101864.514469	W	0.047156
01955799583196	101864.561625	S	1.232836
01955823253648	101865.794461	W	0.047164
01955824159200	101865.841625	S	1.232820
01955847829340	101867.074445	W	0.038151
01955848561848	101867.112596	S	1.241842
01955872405216	101868.354438	W	0.047193
01955873311316	101868.401631	S	1.232813
01955896981324	101869.634444	W	0.038194
01955897714652	101869.672638	S	1.241808
01955921557364	101870.914446	W	0.037070
01955922269100	101870.951516	S	1.242911
01955946133000	101872.194427	W	0.046216
01955947020344	101872.240643	S	1.235769
01955970747108	101873.476412	W	0.036241
01955971442936	101873.512653	S	1.017023
01955990969776	101874.529676	W	0.007214
01955991108276	101874.536889	S	0.219577
01955995324160	101874.756467	W	0.045159
01955996191212	101874.801626	S	1.232739
01956019859800	101876.034365	W	0.038281
01956020594804	101876.072646	S	1.241733
01956044436076	101877.314379	W	0.047161
01956045341572	101877.361540	S	1.232824
01956069011796	101878.594364	W	0.047201
01956069918060	101878.641566	S	1.232796
01956093587736	101879.874361	W	0.038191
01956094321008	101879.912552	S	1.241810
01956118163764	101881.154363	W	0.038248
01956118898120	101881.192610	S	1.241781
01956142740308	101882.434391	W	0.038179
01956143473352	101882.472570	S	1.241802
01956167315960	101883.714373	W	0.047186
01956168221924	101883.761559	S	1.232814
01956191891952	101884.994373	W	0.047135
01956192796944	101885.041508	S	1.232848
01956216467616	101886.274355	W	0.038195
01956217200964	101886.312550	S	1.241800
01956241043532	101887.554351	W	0.038039
01956241773876	101887.592389	S	1.241970
01956265619692	101888.834359	W	0.047115
01956266524300	101888.881474	S	1.232873
01956290195468	101890.114347	W	0.055122
01956291253816	101890.169470	S	1.224878
01956314771480	101891.394348	W	0.038165
01956315504244	101891.432513	S	1.241825
01956339347288	101892.674338	W	0.047131
01956340252200	101892.721469	S	1.232861
01956363923128	101893.954330	W	0.038207
01956364656700	101893.992536	S	1.241787
01956388499004	101895.234323	W	0.047202
01956389405276	101895.281525	S	1.232792
01956413074884	101896.514317	W	0.037080
01956413786828	101896.551397	S	1.242915
01956437650792	101897.794312	W	0.046111
01956438536132	101897.840424	S	1.233887
01956462226756	101899.074310	W	0.047192
01956463132852	101899.121503	S	1.232794
01956486802496	101900.354297	W	0.038194
01956487535812	101900.392490	S	0.189371
01956491171736	101900.581861	W	0.014761
01956491455148	101900.596622	S	1.037720
01956511379368	101901.634342	W	0.038147
01956512111784	101901.672489	S	1.241753
01956535953440	101902.914242	W	0.047239
01956536860436	101902.961481	S	1.232774
01956560529696	101904.194255	W	0.037095
01956561241912	101904.231350	S	1.242889
01956585105372	101905.474238	W	0.036994
01956585815648	101905.511232	S	1.253025
01956609873720	101906.764256	W	0.019942
01956610256608	101906.784198	S	1.260044
01956634449444	101908.044242	W	0.019836
01956634830292	101908.064078	S	1.250173
01956658833620	101909.314251	W	0.037201
01956659547888	101909.351453	S	1.242794
01956683409536	101910.594247	W	0.037115
01956684122148	101910.631362	S	1.252886
01956708177564	101911.884248	W	0.019751
01956708556784	101911.903999	S	1.260244
01956732753476	101913.164244	W	0.019789
01956733133420	101913.184032	S	1.260210
01956757329456	101914.444243	W	0.019829
01956757710176	101914.464072	S	1.260149
01956781905032	101915.724220	W	0.019868
01956782286496	101915.744088	S	1.260140
01956806481188	101917.004229	W	0.019874
01956806862760	101917.024102	S	1.260112
01956831056920	101918.284215	W	0.022844
01956831495524	101918.307059	S	1.257147
01956855632744	101919.564205	W	0.018897
01956855995572	101919.583103	S	1.261109
01956880208868	101920.844212	W	0.018855
01956880570884	101920.863067	S	1.261105
01956904784108	101922.124172	W	0.018917
01956905147320	101922.143090	S	1.251089
01956929168220	101923.394178	W	0.037195
01956929882360	101923.431373	S	1.252803
01956953936168	101924.684175	W	0.018919
01956954299412	101924.703094	S	1.261086
01956978512264	101925.964180	W	0.018716
01956978871620	101925.982897	S	1.261271
01957003088024	101927.244168	W	0.018905
01957003450992	101927.263073	S	1.251090
01957027471920	101928.514162	W	0.037206
01957028186280	101928.551369	S	1.252803
01957052240096	101929.804172	W	0.018807
01957052601196	101929.822979	S	1.261177
01957076815788	101931.084156	W	0.018849
01957077177684	101931.103004	S	1.251149
01957101199752	101932.354154	W	0.037205
01957101914092	101932.391359	S	1.252797
01957125967788	101933.644156	W	0.021846
01957126387232	101933.666002	S	1.248131
01957150351340	101934.914132	W	0.046175
01957151237904	101934.960308	S	1.233819
01957174927232	101936.194127	W	0.047196
01957175833396	101936.241323	S	1.242806
01957199695280	101937.484129	W	0.018896
01957200058088	101937.503025	S	1.261095
01957224271108	101938.764120	W	0.018938
01957224634712	101938.783058	S	1.261067
01957248847192	101940.044125	W	0.018933
01957249210712	101940.063058	S	1.261052
01957273422908	101941.324110	W	0.018898
01957273785748	101941.343008	S	1.261099
01957297998852	101942.604107	W	0.018915
01957298362028	101942.623022	S	1.251059
01957322382352	101943.874081	W	0.037208
01957323096748	101943.911289	S	1.242785
01957346958224	101945.154074	W	0.036990
01957347668436	101945.191064	S	1.242999
01957371534024	101946.434064	W	0.037238
01957372248992	101946.471302	S	1.242775
01957396110264	101947.714076	W	0.037213
01957396824756	101947.751289	S	1.242776
01957420686060	101948.994066	W	0.046220
01957421573480	101949.040285	S	1.233776
01957445261984	101950.274062	W	0.047236
01957446168920	101950.321298	S	1.232749
01957469837692	101951.554046	W	0.037135
01957470550692	101951.591182	S	1.252899
01957494606344	101952.844080	W	0.018909
01957494969400	101952.862990	S	1.261050
01957519181568	101954.124040	W	0.045068
01957520046876	101954.169108	S	1.224918
01957543565304	101955.394026	W	0.038180
01957544298360	101955.432206	S	1.241818
01957568141272	101956.674025	W	0.055195
01957569201008	101956.729219	S	1.224789
01957592716964	101957.954009	W	0.047280
01957593624740	101958.001289	S	1.242746
01957617485472	101959.244035	W	0.019836
01957617866316	101959.263871	S	1.260150
01957642061192	101960.524020	W	0.046130
01957642946880	101960.570150	S	1.223849
01957666444788	101961.793999	W	0.038246
01957667179116	101961.832246	S	0.188355
01957670795528	101962.020600	W	0.014779
01957671079284	101962.035379	S	1.038671
01957691021760	101963.074050	W	0.037202
01957691736040	101963.111252	S	1.252691
01957715787712	101964.363943	W	0.018970
01957716151940	101964.382914	S	1.261044
01957740363976	101965.643957	W	0.018928
01957740727388	101965.662885	S	1.261083
01957764940176	101966.923967	W	0.018920
01957765303440	101966.942888	S	1.261086
01957789516300	101968.203974	W	0.018748
01957789876256	101968.222722	S	1.251234
01957813899940	101969.473955	W	0.037211
01957814614396	101969.511166	S	1.252784
01957838667852	101970.763951	W	0.018920
01957839031112	101970.782870	S	1.261107
01957863244368	101972.043977	W	0.054020
01957864281552	101972.097997	S	1.215949
01957887627764	101973.313946	W	0.038295
01957888363036	101973.352241	S	1.251701
01957912395696	101974.603943	W	0.018839
01957912757408	101974.622782	S	1.251144
01957936779376	101975.873926	W	0.037188
01957937493384	101975.911114	S	1.252820
01957961547536	101977.163934	W	0.018864
01957961909732	101977.182799	S	1.251133
01957985931492	101978.433932	W	0.037202
01957986645776	101978.471134	S	1.242791
01958010507364	101979.713925	W	0.037171
01958011221044	101979.751096	S	1.242823
01958035083240	101980.993919	W	0.037214
01958035797744	101981.031132	S	1.242785
01958059659216	101982.273918	W	0.037126
01958060372032	101982.311043	S	1.252883
01958084427384	101983.563926	W	0.018848
01958084789264	101983.582774	S	1.251115
01958108810680	101984.833890	W	0.037218
01958109525272	101984.871108	S	1.252788
01958133578800	101986.123896	W	0.054094
01958134617396	101986.177989	S	1.215893
01958157962540	101987.393882	W	0.047190
01958158868588	101987.441072	S	1.232809
01958182538520	101988.673881	W	0.038218
01958183272304	101988.712099	S	1.241782
01958207114520	101989.953881	W	0.047179
01958208020356	101990.001060	S	1.242818
01958231882460	101991.243878	W	0.018927
01958232245852	101991.262805	S	1.251056
01958256266128	101992.513861	W	0.037253
01958256981380	101992.551114	S	1.252745
01958281034084	101993.803859	W	0.018979
01958281398488	101993.822838	S	1.261026
01958305610192	101995.083864	W	0.018866
01958305972416	101995.102730	S	1.261099
01958330185512	101996.363829	W	0.018900
01958330548388	101996.382729	S	1.261119
01958354761872	101997.643848	W	0.054090
01958355800404	101997.697938	S	1.215894
01958379145564	101998.913831	W	0.038216
01958379879304	101998.952047	S	1.241786
01958403721596	102000.193833	W	0.055111
01958404779732	102000.248944	S	1.224869
01958428297208	102001.473813	W	0.038251
01958429031632	102001.512064	S	1.251755
01958453065336	102002.763820	W	0.018890
01958453428028	102002.782710	S	1.261093
01958477641020	102004.043803	W	0.018946
01958478004792	102004.062750	S	1.261079
01958502217504	102005.323828	W	0.018862
01958502579656	102005.342690	S	1.261087
01958526792524	102006.603777	W	0.018906
01958527155528	102006.622684	S	1.261098
01958551368604	102007.883781	W	0.018693
01958551727504	102007.902474	S	1.251293
01958575752328	102009.153767	W	0.055199
01958576812144	102009.208966	S	1.224819
01958600328660	102010.433784	W	0.047007
01958601231188	102010.480791	S	1.232988
01958624904556	102011.713779	W	0.038231
01958625638588	102011.752010	S	1.241759
01958649480356	102012.993769	W	0.037219
01958650194960	102013.030987	S	1.242763
01958674056008	102014.273750	W	0.037322
01958674772584	102014.311072	S	1.252700
01958698824432	102015.563772	W	0.018879
01958699186904	102015.582651	S	1.261091
01958723399856	102016.843743	W	0.018958
01958723763856	102016.862701	S	1.261049
01958747975988	102018.123749	W	0.018933
01958748339496	102018.142682	S	1.261052
01958772551688	102019.403734	W	0.018930
01958772915152	102019.422664	S	1.261077
01958797127836	102020.683741	W	0.018763
01958797488092	102020.702505	S	1.261221
01958821703544	102021.963726	W	0.018963
01958822067640	102021.982690	S	1.251021
01958846087252	102023.233711	W	0.046238
01958846975012	102023.279949	S	0.181992
01958850469256	102023.461940	W	0.014640
01958850750348	102023.476581	S	1.037189
01958870664368	102024.513769	W	0.038170
01958871397232	102024.551939	S	1.241710
01958895238068	102025.793649	W	0.047204
01958896144388	102025.840854	S	1.232796
01958919814068	102027.073649	W	0.037075
01958920525912	102027.110725	S	1.252926
01958944582092	102028.363651	W	0.045137
01958945448720	102028.408787	S	1.224850
01958968965840	102029.633637	W	0.047183
01958969871760	102029.680821	S	1.242881
01958993735072	102030.923702	W	0.018835
01958994096700	102030.942536	S	1.251133
01959018118456	102032.193670	W	0.037150
01959018831728	102032.230819	S	1.252859
01959042886628	102033.483679	W	0.018874
01959043249008	102033.502552	S	1.251102
01959067270160	102034.753654	W	0.055209
01959068330180	102034.808864	S	1.224788
01959091846112	102036.033652	W	0.047065
01959092749752	102036.080716	S	1.232928
01959116421968	102037.313644	W	0.047221
01959117328620	102037.360866	S	1.232780
01959140997988	102038.593645	W	0.038151
01959141730484	102038.631796	S	1.241846
01959165573920	102039.873642	W	0.037214
01959166288420	102039.910855	S	1.242790
01959190149992	102041.153645	W	0.037150
01959190863272	102041.190795	S	1.242835
01959214725704	102042.433630	W	0.037178
01959215439516	102042.470808	S	1.242814
01959239301536	102043.713622	W	0.037181
01959240015412	102043.750803	S	1.242819
01959263877536	102044.993622	W	0.037227
01959264592304	102045.030849	S	1.252779
01959288645652	102046.283628	W	0.018701
01959289004716	102046.302329	S	1.261283
01959313221344	102047.563612	W	0.018883
01959313583900	102047.582495	S	1.261092
01959337796876	102048.843587	W	0.018903
01959338159808	102048.862490	S	1.261085
01959362372632	102050.123575	W	0.018938
01959362736240	102050.142512	S	1.261076
01959386948896	102051.403588	W	0.018892
01959387311624	102051.422480	S	1.261112
01959411524976	102052.683593	W	0.018709
01959411884192	102052.702302	S	1.251267
01959435908512	102053.953568	W	0.038243
01959436642772	102053.991811	S	1.251769
01959460676744	102055.243580	W	0.018710
01959461035968	102055.262290	S	1.251251
01959485059992	102056.513541	W	0.037201
01959485774256	102056.550742	S	1.242808
01959509636164	102057.793550	W	0.055109
01959510694252	102057.848659	S	1.224884
01959534212032	102059.073543	W	0.038182
01959534945128	102059.111725	S	1.241826
01959558788184	102060.353551	W	0.038200
01959559521624	102060.391751	S	1.243786
01959583402320	102061.635537	W	0.036106
01959584095548	102061.671643	S	1.241888
01959607939796	102062.913531	W	0.047258
01959608847156	102062.960789	S	1.242756
01959632708080	102064.203546	W	0.044996
01959633571996	102064.248541	S	1.224975
01959657091516	102065.473516	W	0.038085
01959657822756	102065.511602	S	1.251915
01959681859516	102066.763516	W	0.037183
01959682573436	102066.800700	S	1.242810
01959706435384	102068.043510	W	0.018864
01959706797572	102068.062374	S	1.261139
01959731011448	102069.323513	W	0.018891
01959731374148	102069.342404	S	1.261091
01959755587092	102070.603494	W	0.018874
01959755949472	102070.622368	S	1.251113
01959779970844	102071.873481	W	0.055168
01959781030068	102071.928649	S	1.224821
01959804546624	102073.153470	W	0.038304
01959805282052	102073.191774	S	1.251710
01959829314884	102074.443484	W	0.018916
01959829678080	102074.462400	S	1.261082
01959853890856	102075.723482	W	0.018867
01959854253112	102075.742350	S	1.251109
01959878274396	102076.993458	W	0.037042
01959878985596	102077.030500	S	1.242952
01959902850276	102078.273452	W	0.055133
01959903908832	102078.328585	S	1.224862
01959927426184	102079.553447	W	0.047218
01959928332776	102079.600665	S	1.232759
01959952001744	102080.833424	W	0.046237
01959952889496	102080.879661	S	1.233786
01959976578192	102082.113447	W	0.047232
01959977485040	102082.160679	S	1.232757
01960001153984	102083.393437	W	0.055261
01960002215004	102083.448698	S	1.224741
01960025730040	102084.673440	W	0.047196
01960026636196	102084.720635	S	0.180984
01960030111084	102084.901619	W	0.014660
01960030392560	102084.916279	S	1.037196
01960050306720	102085.953475	W	0.046099
01960051191820	102085.999574	S	1.233797
01960074880728	102087.233371	W	0.047259
01960075788092	102087.280630	S	1.242722
01960099648360	102088.523352	W	0.045232
01960100516816	102088.568584	S	1.224773
01960124032452	102089.793357	W	0.038188
01960124765664	102089.831545	S	1.251856
01960148801300	102091.083401	W	0.018947
01960149165084	102091.102348	S	1.261030
01960173376860	102092.363378	W	0.018841
01960173738600	102092.382219	S	1.251161
01960197760892	102093.633380	W	0.037194
01960198475016	102093.670574	S	1.242791
01960222336608	102094.913365	W	0.037160
01960223050076	102094.950525	S	1.242859
01960246912964	102096.193384	W	0.037199
01960247627192	102096.230583	S	1.242785
01960271488656	102097.473368	W	0.045200
01960272356492	102097.518567	S	1.234794
01960296064536	102098.753361	W	0.038204
01960296798056	102098.791565	S	1.251805
01960320832720	102100.043371	W	0.018855
01960321194728	102100.062225	S	1.261132
01960345408460	102101.323357	W	0.018959
01960345772476	102101.342316	S	1.261027
01960369984188	102102.603343	W	0.018763
01960370344444	102102.622106	S	1.261230
01960394560068	102103.883337	W	0.018752
01960394920116	102103.902089	S	1.251240
01960418943920	102105.153329	W	0.037127
01960419656756	102105.190456	S	1.242864
01960443519736	102106.433320	W	0.037124
01960444232520	102106.470444	S	1.242874
01960468095696	102107.713318	W	0.037181
01960468809580	102107.750499	S	1.252823
01960492863784	102109.003322	W	0.054078
01960493902084	102109.057400	S	1.215898
01960517247332	102110.273299	W	0.038214
01960517981036	102110.311512	S	1.241796
01960541823520	102111.553308	W	0.046262
01960542711752	102111.599570	S	1.233719
01960566399164	102112.833290	W	0.038165
01960567131932	102112.871455	S	1.241830
01960590975064	102114.113285	W	0.047278
01960591882804	102114.160563	S	1.232716
01960615550956	102115.393279	W	0.038216
01960616284712	102115.431495	S	1.241764
01960640126584	102116.673260	W	0.036913
01960640835312	102116.710172	S	1.243106
01960664702952	102117.953279	W	0.046212
01960665590228	102117.999491	S	1.233779
01960689278788	102119.233270	W	0.038152
01960690011312	102119.271422	S	1.241845
01960713854740	102120.513268	W	0.046206
01960714741888	102120.559473	S	1.233784
01960738430540	102121.793257	W	0.047219
01960739337140	102121.840476	S	1.232776
01960763006444	102123.073252	W	0.047051
01960763909828	102123.120304	S	1.232938
01960787582244	102124.353242	W	0.055185
01960788641788	102124.408426	S	1.224809
01960812158112	102125.633235	W	0.038169
01960812890960	102125.671404	S	1.241823
01960836733956	102126.913227	W	0.038208
01960837467544	102126.951435	S	1.241792
01960861309952	102128.193227	W	0.047214
01960862216452	102128.240440	S	1.232780
01960885885828	102129.473220	W	0.037157
01960886599248	102129.510378	S	1.242832
01960910461620	102130.753209	W	0.046174
01960911348168	102130.799384	S	1.233821
01960935037540	102132.033205	W	0.047243
01960935944608	102132.080448	S	1.232751
01960959613428	102133.313199	W	0.038179
01960960346460	102133.351378	S	1.241824
01960984189484	102134.593202	W	0.037210
01960984903908	102134.630412	S	1.242777
01961008765228	102135.873189	W	0.046097
01961009650296	102135.919286	S	1.233897
01961033341112	102137.153183	W	0.038209
01961034074724	102137.191392	S	1.241786
01961057917008	102138.433178	W	0.038123
01961058648976	102138.471301	S	1.241853
01961082492548	102139.713154	W	0.037192
01961083206628	102139.750345	S	1.252820
01961107260764	102141.003165	W	0.018717
01961107620132	102141.021882	S	1.261281
01961131836736	102142.283163	W	0.054108
01961132875600	102142.337271	S	1.215874
01961156220372	102143.553144	W	0.047178
01961157126192	102143.600323	S	1.232812
01961180796176	102144.833134	W	0.038212
01961181529852	102144.871346	S	1.241798
01961205372364	102146.113144	W	0.047193
01961206278472	102146.160337	S	0.181139
01961209756344	102146.341476	W	0.014855
01961210041568	102146.356332	S	1.036857
01961229949232	102147.393189	W	0.038131
01961230681356	102147.431321	S	1.241749
01961254522928	102148.673069	W	0.046232
01961255410584	102148.719301	S	1.233760
01961279098772	102149.953061	W	0.038215
01961279832508	102149.991276	S	1.241783
01961303674736	102151.233059	W	0.047323
01961304583332	102151.280382	S	1.232669
01961328250572	102152.513051	W	0.046242
01961329138412	102152.559292	S	1.233812
01961352827600	102153.793104	W	0.038235
01961353561704	102153.831339	S	1.241760
01961377403500	102155.073099	W	0.047188
01961378309504	102155.120287	S	1.232805
01961401979352	102156.353091	W	0.047146
01961402884560	102156.400237	S	1.232841
01961426555112	102157.633079	W	0.038271
01961427289920	102157.671350	S	1.241725
01961451131040	102158.913075	W	0.047216
01961452037584	102158.960291	S	1.232780
01961475706964	102160.193071	W	0.037961
01961476435816	102160.231032	S	1.242035
01961500282896	102161.473068	W	0.047154
01961501188256	102161.520222	S	1.232845
01961524858880	102162.753067	W	0.038235
01961525592984	102162.791301	S	1.241753
01961549434644	102164.033054	W	0.047148
01961550339884	102164.080202	S	1.232830
01961574010224	102165.313032	W	0.038278
01961574745168	102165.351311	S	1.241721
01961598586212	102166.593032	W	0.047251
01961599493436	102166.640283	S	1.232764
01961623162496	102167.873047	W	0.038249
01961623896868	102167.911295	S	1.241728
01961647738044	102169.153023	W	0.046199
01961648625068	102169.199222	S	1.233798
01961672313984	102170.433020	W	0.038159
01961673046636	102170.471179	S	1.241837
01961696889916	102171.713016	W	0.047188
01961697795924	102171.760204	S	1.232791
01961721465520	102172.992996	W	0.036920
01961722174380	102173.029916	S	1.243090
01961746041712	102174.273006	W	0.046170
01961746928172	102174.319176	S	1.233827
01961770617652	102175.553003	W	0.038242
01961771351908	102175.591245	S	1.241754
01961795193576	102176.832999	W	0.047056
01961796097044	102176.880054	S	1.232930
01961819769292	102178.112984	W	0.038214
01961820502996	102178.151198	S	0.923862
01961838241152	102179.075060	W	0.001886
01961838277360	102179.076946	S	0.316081
01961844346108	102179.393026	W	0.046975
01961845248036	102179.440002	S	1.232923
01961868920156	102180.672925	W	0.038278
01961869655092	102180.711203	S	1.241716
01961893496040	102181.952919	W	0.047245
01961894403148	102182.000164	S	1.232754
01961918072016	102183.232918	W	0.038291
01961918807212	102183.271209	S	1.241736
01961942648544	102184.512945	W	0.038154
01961943381092	102184.551099	S	1.241840
01961967224424	102185.792939	W	0.038228
01961967958400	102185.831167	S	1.241768
01961991800348	102187.072935	W	0.047174
01961992706084	102187.120109	S	1.232814
01962016376112	102188.352922	W	0.046234
01962017263796	102188.399156	S	1.233778
01962040952328	102189.632934	W	0.047177
01962041858128	102189.680111	S	1.232813
01962065528132	102190.912924	W	0.038155
01962066260700	102190.951078	S	1.241838
01962090103984	102192.192916	W	0.047169
01962091009632	102192.240085	S	1.232825
01962114679880	102193.472910	W	0.038269
01962115414652	102193.511180	S	1.251737
01962139447996	102194.762916	W	0.045071
01962140313368	102194.807988	S	1.224895
01962163831356	102196.032883	W	0.038231
01962164565388	102196.071114	S	1.241767
01962188407320	102197.312881	W	0.046169
01962189293772	102197.359051	S	1.233826
01962212983228	102198.592876	W	0.038216
01962213716980	102198.631093	S	1.241775
01962237559068	102199.872868	W	0.047199
01962238465288	102199.920067	S	1.232853
01962262136072	102201.152920	W	0.037110
01962262848580	102201.190030	S	1.242895
01962286712172	102202.432926	W	0.037145
01962287425364	102202.470071	S	1.242839
01962311287864	102203.712910	W	0.055133
01962312346408	102203.768042	S	1.224869
01962335863896	102204.992911	W	0.038095
01962336595328	102205.031007	S	1.241894
01962360439700	102206.272901	W	0.047221
01962361346336	102206.320122	S	1.232770
01962385015520	102207.552892	W	0.047149
01962385920776	102207.600040	S	0.181855
01962389412384	102207.781895	W	0.014708
01962389694768	102207.796603	S	1.036342
01962409592540	102208.832945	W	0.037008
01962410303088	102208.869952	S	1.242867
01962434166140	102210.112820	W	0.055191
01962435225808	102210.168011	S	1.224813
01962458742216	102211.392824	W	0.047182
01962459648104	102211.440005	S	1.232824
01962483318332	102212.672830	W	0.036989
01962484028520	102212.709819	S	1.243007
01962507894248	102213.952825	W	0.055215
01962508954372	102214.008040	S	1.224777
01962532470088	102215.232817	W	0.047218
01962533376664	102215.280035	S	1.232825
01962557046896	102216.512859	W	0.038104
01962557778496	102216.550963	S	1.241869
01962581622384	102217.792832	W	0.047092
01962582526556	102217.839925	S	1.232907
01962606198364	102219.072831	W	0.037219
01962606912968	102219.110050	S	1.252794
01962630966608	102220.362844	W	0.045026
01962631831104	102220.407870	S	1.224945
01962655350040	102221.632815	W	0.047131
01962656254952	102221.679945	S	1.232863
01962679925916	102222.912808	W	0.037157
01962680639336	102222.949965	S	1.252859
01962704694236	102224.202825	W	0.018897
01962705057052	102224.221721	S	1.261069
01962729269580	102225.482791	W	0.054051
01962730307356	102225.536841	S	1.215957
01962753653732	102226.752799	W	0.038176
01962754386716	102226.790975	S	1.241804
01962778229356	102228.032779	W	0.037152
01962778942668	102228.069931	S	1.242837
01962802805136	102229.312767	W	0.046186
01962803691916	102229.358954	S	1.233839
01962827381624	102230.592793	W	0.047164
01962828287172	102230.639957	S	1.232826
01962851957436	102231.872783	W	0.046139
01962852843296	102231.918922	S	1.233846
01962876533148	102233.152768	W	0.047076
01962877437016	102233.199845	S	1.232922
01962901109116	102234.432766	W	0.038085
01962901840348	102234.470851	S	1.241903
01962925684884	102235.712754	W	0.038124
01962926416868	102235.750879	S	1.241872
01962950260812	102236.992751	W	0.038128
01962950992876	102237.030879	S	1.241857
01962974836532	102238.272736	W	0.047091
01962975740676	102238.319827	S	1.232915
01962999412652	102239.552742	W	0.038143
01963000144988	102239.590885	S	1.241846
01963023988424	102240.832730	W	0.037145
01963024701616	102240.869876	S	1.242853
01963048564388	102242.112729	W	0.046130
01963049450092	102242.158859	S	1.233864
01963073140288	102243.392723	W	0.047109
01963074044784	102243.439832	S	1.232885
01963097716184	102244.672718	W	0.038155
01963098448756	102244.710873	S	1.241839
01963122292064	102245.952712	W	0.046149
01963123178116	102245.998860	S	1.233847
01963146867984	102247.232708	W	0.038134
01963147600160	102247.270842	S	1.241858
01963171443824	102248.512699	W	0.037123
01963172156580	102248.549822	S	1.242868
01963196019648	102249.792690	W	0.037163
01963196733184	102249.829853	S	1.242835
01963220595616	102251.072688	W	0.037092
01963221307780	102251.109780	S	1.242895
01963245171356	102252.352675	W	0.046181
01963246058024	102252.398855	S	1.233764
01963269746300	102253.632620	W	0.046998
01963270648656	102253.679618	S	1.233001
01963294322272	102254.912618	W	0.037046
01963295033560	102254.949665	S	1.252959
01963319090380	102256.202624	W	0.018913
01963319453512	102256.221537	S	1.261063
01963343665916	102257.482600	W	0.018909
01963344028964	102257.501509	S	1.251079
01963368049672	102258.752587	W	0.037246
01963368764796	102258.789833	S	1.252758
01963392817744	102260.042591	W	0.045133
01963393684296	102260.087724	S	1.224848
01963417201372	102261.312571	W	0.047227
01963418108136	102261.359799	S	1.242786
01963441969624	102262.602585	W	0.018881
01963442332144	102262.621466	S	1.261108
01963466545420	102263.882574	W	0.018838
01963466907104	102263.901412	S	1.261145
01963491121080	102265.162556	W	0.018997
01963491485820	102265.181553	S	1.261022
01963515697452	102266.442576	W	0.018766
01963516057752	102266.461341	S	1.261187
01963540272536	102267.722528	W	0.018998
01963540637288	102267.741525	S	1.261032
01963564849100	102269.002557	W	0.045059
01963565714232	102269.047616	S	0.174290
01963569060592	102269.221906	W	0.014828
01963569345288	102269.236734	S	1.035842
01963589233464	102270.272576	W	0.038258
01963589968016	102270.310834	S	1.255653
01963614076560	102271.566487	W	0.014129
01963614347832	102271.580616	S	1.251853
01963638383404	102272.832469	W	0.047262
01963639290832	102272.879731	S	1.242782
01963663152248	102274.122513	W	0.018873
01963663514612	102274.141386	S	1.261104
01963687727800	102275.402490	W	0.018881
01963688090308	102275.421370	S	1.261130
01963712303996	102276.682500	W	0.018898
01963712666828	102276.701397	S	1.261085
01963736879664	102277.962483	W	0.054149
01963737919332	102278.016632	S	1.215870
01963761264032	102279.232502	W	0.038265
01963761998716	102279.270766	S	1.251732
01963786031964	102280.522498	W	0.018917
01963786395168	102280.541415	S	1.261055
01963810607416	102281.802470	W	0.018756
01963810967528	102281.821225	S	0.270355
01963816158344	102282.091580	W	0.001099
01963816179452	102282.092680	S	0.002030
01963816218432	102282.094710	W	0.001042
01963816238436	102282.095752	S	0.614474
01963828036332	102282.710226	W	0.001332
01963828061908	102282.711558	S	0.370954
01963835184216	102283.082511	W	0.045037
01963836048924	102283.127548	S	1.224912
01963859567232	102284.352460	W	0.047404
01963860477392	102284.399864	S	1.242588
01963884335080	102285.642452	W	0.019066
01963884701144	102285.661518	S	1.260945
01963908911284	102286.922463	W	0.018956
01963909275244	102286.941419	S	1.251035
01963933295120	102288.192454	W	0.037355
01963934012332	102288.229809	S	1.252639
01963958062992	102289.482448	W	0.018989
01963958427572	102289.501436	S	1.260987
01963982638524	102290.762423	W	0.045260
01963983507520	102290.807683	S	1.224766
01964007023028	102292.032449	W	0.038246
01964007757356	102292.070696	S	1.241703
01964031598048	102293.312398	W	0.038380
01964032334952	102293.350779	S	1.241650
01964056174636	102294.592429	W	0.047340
01964057083560	102294.639769	S	1.232645
01964080750336	102295.872413	W	0.038379
01964081487212	102295.910792	S	1.241620
01964105326320	102297.152412	W	0.046316
01964106215592	102297.198729	S	1.233675
01964129902152	102298.432404	W	0.038340
01964130638288	102298.470744	S	1.241671
01964154478364	102299.712415	W	0.046242
01964155366212	102299.758657	S	1.233735
01964179053928	102300.992392	W	0.038289
01964179789084	102301.030681	S	1.241706
01964203629848	102302.272388	W	0.046299
01964204518784	102302.318687	S	1.233694
01964228205700	102303.552380	W	0.047269
01964229113272	102303.599650	S	1.232713
01964252781364	102304.832363	W	0.047353
01964253690536	102304.879715	S	1.232643
01964277357288	102306.112359	W	0.038408
01964278094716	102306.150766	S	1.241596
01964301933352	102307.392362	W	0.046349
01964302823260	102307.438711	S	1.233648
01964326509304	102308.672360	W	0.038300
01964327244660	102308.710659	S	1.241692
01964351085144	102309.952351	W	0.047352
01964351994304	102309.999703	S	1.232652
01964375661232	102311.232356	W	0.038315
01964376396888	102311.270671	S	1.241663
01964400236812	102312.512334	W	0.047309
01964401145140	102312.559643	S	1.232690
01964424812788	102313.792333	W	0.038297
01964425548092	102313.830630	S	1.241678
01964449388304	102315.072307	W	0.047355
01964450297528	102315.119663	S	1.232644
01964473964300	102316.352307	W	0.038367
01964474700948	102316.390674	S	1.241650
01964498540628	102317.632324	W	0.047291
01964499448624	102317.679616	S	1.232692
01964523116316	102318.912308	W	0.047342
01964524025284	102318.959650	S	1.232649
01964547692148	102320.192299	W	0.047312
01964548600540	102320.239611	S	1.232690
01964572268188	102321.472301	W	0.037320
01964572984736	102321.509622	S	1.242665
01964596843900	102322.752286	W	0.037218
01964597558492	102322.789505	S	1.252777
01964621611812	102324.042282	W	0.019002
01964621976652	102324.061284	S	1.260995
01964646187764	102325.322279	W	0.019048
01964646553480	102325.341327	S	1.260946
01964670763652	102326.602274	W	0.019069
01964671129780	102326.621343	S	1.250933
01964695147692	102327.872276	W	0.037308
01964695864004	102327.909584	S	1.242672
01964719723308	102329.152256	W	0.055332
01964720785676	102329.207587	S	1.224655
01964744299044	102330.432242	W	0.038351
01964745035384	102330.470593	S	0.189865
01964748680788	102330.660458	W	0.014839
01964748965704	102330.675297	S	1.037009
01964768876284	102331.712306	W	0.038330
01964769612228	102331.750637	S	1.241554
01964793450072	102332.992191	W	0.038411
01964794187572	102333.030603	S	1.251564
01964818217608	102334.282167	W	0.055289
01964819279148	102334.337456	S	1.214725
01964842601872	102335.552181	W	0.038299
01964843337216	102335.590480	S	1.241690
01964867177656	102336.832170	W	0.038471
01964867916292	102336.870640	S	1.251581
01964891946652	102338.122221	W	0.019019
01964892311820	102338.141241	S	1.260971
01964916522460	102339.402211	W	0.019097
01964916889124	102339.421309	S	1.260901
01964941098424	102340.682210	W	0.019037
01964941463936	102340.701247	S	1.260949
01964965674160	102341.962196	W	0.019012
01964966039196	102341.981208	S	1.260992
01964990250236	102343.242200	W	0.019060
01964990616196	102343.261260	S	1.260921
01965014825884	102344.522181	W	0.018975
01965015190208	102344.541157	S	1.251016
01965039209724	102345.792173	W	0.037331
01965039926472	102345.829504	S	1.252640
01965063977160	102347.082144	W	0.019120
01965064344256	102347.101263	S	1.260884
01965088553236	102348.362148	W	0.018816
01965088914512	102348.380964	S	1.261199
01965113129540	102349.642164	W	0.019111
01965113496472	102349.661275	S	1.260881
01965137705392	102350.922156	W	0.045192
01965138573088	102350.967348	S	1.224823
01965162089692	102352.192171	W	0.038117
01965162821536	102352.230288	S	1.241865
01965186665336	102353.472153	W	0.047316
01965187573796	102353.519469	S	1.232628
01965211240248	102354.752096	W	0.047340
01965212149172	102354.799436	S	1.232689
01965235816808	102356.032125	W	0.047295
01965236724872	102356.079420	S	1.232702
01965260392752	102357.312123	W	0.046336
01965261282400	102357.358458	S	1.233657
01965284968620	102358.592116	W	0.038302
01965285704012	102358.630417	S	1.241711
01965309544868	102359.872129	W	0.047334
01965310453684	102359.919463	S	1.232650
01965334120568	102361.152113	W	0.047331
01965335029316	102361.199444	S	1.242657
01965358888328	102362.442100	W	0.045255
01965359757224	102362.487355	S	1.224741
01965383272260	102363.712097	W	0.047318
01965384180764	102363.759415	S	1.232673
01965407848080	102364.992087	W	0.047300
01965408756248	102365.039388	S	1.232663
01965432423376	102366.272051	W	0.038323
01965433159180	102366.310374	S	1.241719
01965457000180	102367.552093	W	0.037354
01965457717376	102367.589447	S	1.252623
01965481767744	102368.842070	W	0.019955
01965482150872	102368.862025	S	1.250040
01965506151648	102370.112065	W	0.037331
01965506868408	102370.149396	S	1.242656
01965530727396	102371.392052	W	0.037330
01965531444132	102371.429382	S	1.252671
01965555495424	102372.682053	W	0.047248
01965556402584	102372.729301	S	1.222752
01965579879420	102373.952053	W	0.047251
01965580786648	102373.999305	S	1.232741
01965604455272	102375.232045	W	0.047337
01965605364144	102375.279382	S	1.242653
01965629223080	102376.522035	W	0.019022
01965629588296	102376.541057	S	1.260978
01965653799064	102377.802035	W	0.054218
01965654840040	102377.856252	S	1.215769
01965678182796	102379.072021	W	0.038284
01965678917856	102379.110305	S	1.241700
01965702758492	102380.352005	W	0.047364
01965703667876	102380.399369	S	1.232648
01965727334712	102381.632016	W	0.047367
01965728244152	102381.679383	S	1.232617
01965751910400	102382.912000	W	0.038366
01965752647024	102382.950366	S	1.241641
01965776486528	102384.192007	W	0.038289
01965777221680	102384.230296	S	1.241696
01965801062236	102385.471991	W	0.047124
01965801967024	102385.519116	S	1.232870
01965825638128	102386.751986	W	0.038371
01965826374844	102386.790356	S	1.241624
01965850214020	102388.031980	W	0.038402
01965850951332	102388.070382	S	1.241593
01965874789924	102389.311975	W	0.038109
01965875521612	102389.350084	S	1.241895
01965899365992	102390.591979	W	0.047245
01965900273088	102390.639223	S	1.232744
01965923941764	102391.871967	W	0.047318
01965924850264	102391.919285	S	0.182494
01965928354148	102392.101779	W	0.014867
01965928639592	102392.116645	S	1.035367
01965948518644	102393.152013	W	0.038332
01965949254620	102393.190345	S	1.241548
01965973092344	102394.431893	W	0.047367
01965974001788	102394.479260	S	1.232631
01965997668308	102395.711891	W	0.047325
01965998576956	102395.759216	S	1.232667
01966022244164	102396.991884	W	0.038404
01966022981512	102397.030287	S	1.241589
01966046820028	102398.271876	W	0.038373
01966047556788	102398.310249	S	1.241679
01966071397032	102399.551929	W	0.047327
01966072305716	102399.599256	S	1.232639
01966095972392	102400.831895	W	0.047363
01966096881764	102400.879259	S	1.232659
01966120548824	102402.111918	W	0.038184
01966121281960	102402.150102	S	1.241781
01966145124164	102403.391884	W	0.038361
01966145860692	102403.430244	S	1.241677
01966169700896	102404.671922	W	0.046286
01966170589592	102404.718208	S	1.233691
01966194276464	102405.951899	W	0.047340
01966195185392	102405.999239	S	1.232654
01966218852356	102407.231894	W	0.047299
01966219760496	102407.279193	S	1.232695
01966243428236	102408.511887	W	0.038371
01966244164968	102408.550259	S	1.241625
01966268004160	102409.791883	W	0.047355
01966268913372	102409.839238	S	1.232635
01966292579964	102411.071873	W	0.047346
01966293489000	102411.119219	S	1.232657
01966317156012	102412.351876	W	0.047286
01966318063904	102412.399162	S	1.232692
01966341731596	102413.631854	W	0.038378
01966342468448	102413.670232	S	1.241626
01966366307676	102414.911858	W	0.046271
01966367196080	102414.958129	S	1.233718
01966390883464	102416.191847	W	0.047349
01966391792564	102416.239196	S	1.232647
01966415459388	102417.471843	W	0.047354
01966416368584	102417.519197	S	1.232644
01966440035352	102418.751841	W	0.047383
01966440945104	102418.799224	S	1.232587
01966464610784	102420.031812	W	0.047370
01966465520292	102420.079182	S	1.232632
01966489186824	102421.311814	W	0.047388
01966490096680	102421.359202	S	1.232620
01966513762984	102422.591822	W	0.055340
01966514825516	102422.647162	S	1.224649
01966538338784	102423.871812	W	0.038341
01966539074928	102423.910153	S	1.241669
01966562914964	102425.151821	W	0.047339
01966563823876	102425.199160	S	1.232639
01966587490544	102426.431799	W	0.047322
01966588399128	102426.479121	S	1.232667
01966612066328	102427.711788	W	0.038356
01966612802760	102427.750144	S	1.241643
01966636642300	102428.991786	W	0.038295
01966637377560	102429.030081	S	1.241697
01966661218152	102430.271779	W	0.038272
01966661952968	102430.310050	S	1.241732
01966685794232	102431.551783	W	0.055335
01966686856672	102431.607118	S	1.224658
01966710370112	102432.831777	W	0.047311
01966711278484	102432.879088	S	1.232681
01966734945952	102434.111768	W	0.038237
01966735680100	102434.150005	S	1.241750
01966759521700	102435.391755	W	0.047187
01966760427688	102435.438942	S	1.232816
01966784097764	102436.671759	W	0.038215
01966784831492	102436.709974	S	1.241770
01966808673472	102437.951743	W	0.055293
01966809735100	102438.007036	S	1.224705
01966833249428	102439.231741	W	0.038366
01966833986060	102439.270107	S	1.241631
01966857825368	102440.511738	W	0.047295
01966858733436	102440.559033	S	1.232690
01966882401088	102441.791723	W	0.047241
01966883308116	102441.838964	S	1.232762
01966906977152	102443.071727	W	0.047395
01966907887132	102443.119121	S	1.232597
01966931552988	102444.351718	W	0.038150
01966932285468	102444.389868	S	1.241847
01966956128928	102445.631715	W	0.047298
01966957037056	102445.679013	S	1.232696
01966980704820	102446.911709	W	0.047344
01966981613828	102446.959054	S	1.232651
01967005280724	102448.191704	W	0.047048
01967006184040	102448.238752	S	1.232904
01967029855788	102449.471656	W	0.038304
01967030591232	102449.509960	S	1.241719
01967054432236	102450.751679	W	0.047290
01967055340208	102450.798969	S	1.232736
01967079008744	102452.031705	W	0.047381
01967079918452	102452.079086	S	1.232547
01967103583364	102453.311634	W	0.047377
01967104493008	102453.359011	S	0.182549
01967107997952	102453.541560	W	0.014920
01967108284412	102453.556480	S	1.035235
01967128160916	102454.591714	W	0.038281
01967128895920	102454.629996	S	1.241587
01967152734384	102455.871582	W	0.047425
01967153644940	102455.919007	S	1.232607
01967177311000	102457.151615	W	0.047353
01967178220184	102457.198968	S	1.232638
01967201886832	102458.431606	W	0.047396
01967202796844	102458.479002	S	1.232596
01967226462688	102459.711598	W	0.038430
01967227200536	102459.750028	S	1.241622
01967251039672	102460.991650	W	0.038295
01967251774944	102461.029945	S	1.241692
01967275615432	102462.271637	W	0.055405
01967276679208	102462.327042	S	1.224585
01967300191244	102463.551627	W	0.047340
01967301100164	102463.598967	S	1.232658
01967324767200	102464.831625	W	0.046379
01967325657672	102464.878004	S	1.233609
01967349342968	102466.111613	W	0.047351
01967350252116	102466.158964	S	1.232632
01967373918644	102467.391596	W	0.038343
01967374654828	102467.429939	S	1.241632
01967398494156	102468.671571	W	0.047340
01967399403088	102468.718911	S	1.232700
01967423070928	102469.951611	W	0.038391
01967423808040	102469.990002	S	1.251601
01967447838788	102471.241604	W	0.019053
01967448204604	102471.260656	S	1.260911
01967472414096	102472.521568	W	0.018764
01967472774368	102472.540332	S	1.251232
01967496798028	102473.791564	W	0.037334
01967497514836	102473.828898	S	1.252669
01967521566084	102475.081567	W	0.019029
01967521931432	102475.100595	S	1.260953
01967546141736	102476.361549	W	0.018762
01967546501972	102476.380311	S	1.261243
01967570717836	102477.641554	W	0.018853
01967571079808	102477.660407	S	1.251158
01967595102048	102478.911565	W	0.037212
01967595816516	102478.948777	S	1.252770
01967619869692	102480.201546	W	0.044902
01967620731816	102480.246449	S	0.004456
01967620817376	102480.250905	W	0.001095
01967620838396	102480.252000	S	1.219587
01967644254472	102481.471587	W	0.047137
01967645159500	102481.518724	S	1.232751
01967668828316	102482.751475	W	0.038463
01967669566800	102482.789937	S	1.241555
01967693404664	102484.031493	W	0.047375
01967694314268	102484.078868	S	1.242622
01967718172612	102485.321490	W	0.019075
01967718538844	102485.340565	S	1.250952
01967742557120	102486.591517	W	0.037324
01967743273748	102486.628841	S	1.242665
01967767132908	102487.871506	W	0.037327
01967767849592	102487.908833	S	1.242635
01967791708192	102489.151468	W	0.046387
01967792598828	102489.197856	S	1.233659
01967816285072	102490.431514	W	0.047370
01967817194568	102490.478884	S	1.232625
01967840860960	102491.711508	W	0.038282
01967841595980	102491.749791	S	1.241681
01967865436252	102492.991471	W	0.047409
01967866346496	102493.038880	S	1.232605
01967890012512	102494.271485	W	0.047357
01967890921772	102494.318842	S	1.232631
01967914588284	102495.551473	W	0.038320
01967915324032	102495.589793	S	1.241672
01967939164136	102496.831465	W	0.047140
01967940069232	102496.878606	S	1.232861
01967963740160	102498.111467	W	0.038302
01967964475560	102498.149769	S	1.241694
01967988316084	102499.391463	W	0.037296
01967989032168	102499.428759	S	1.242705
01968012892096	102500.671463	W	0.055339
01968013954596	102500.726802	S	1.224644
01968037467752	102501.951445	W	0.038294
01968038203004	102501.989740	S	1.241706
01968062043752	102503.231445	W	0.037312
01968062760152	102503.268758	S	1.242660
01968086619228	102504.511418	W	0.055188
01968087678832	102504.566606	S	1.224818
01968111195344	102505.791424	W	0.038335
01968111931384	102505.829760	S	1.241658
01968135771208	102507.071417	W	0.047308
01968136679520	102507.118725	S	1.232655
01968160346500	102508.351380	W	0.037646
01968161069308	102508.389026	S	0.030894
01968161662480	102508.419921	W	0.000926
01968161680260	102508.420847	S	0.007479
01968161823852	102508.428326	W	0.001116
01968161845288	102508.429442	S	0.001914
01968161882040	102508.431356	W	0.000917
01968161899644	102508.432273	S	0.061382
01968163078176	102508.493655	W	0.001107
01968163099428	102508.494762	S	0.012237
01968163334376	102508.506999	W	0.001087
01968163355244	102508.508086	S	0.243443
01968168029352	102508.751529	W	0.001146
01968168051348	102508.752674	S	0.888759
01968185115516	102509.641433	W	0.018688
01968185474324	102509.660121	S	1.261260
01968209690516	102510.921381	W	0.054161
01968210730408	102510.975542	S	1.215823
01968234074204	102512.191365	W	0.047262
01968234981640	102512.238627	S	1.242741
01968258842260	102513.481368	W	0.018890
01968259204948	102513.500258	S	1.251124
01968283226520	102514.751381	W	0.037082
01968283938496	102514.788463	S	0.191807
01968287621188	102514.980270	W	0.014794
01968287905224	102514.995064	S	1.046384
01968307995796	102516.041448	W	0.045059
01968308860936	102516.086507	S	1.224794
01968332376976	102517.311301	W	0.047317
01968333285464	102517.358618	S	1.232679
01968356952908	102518.591297	W	0.047259
01968357860284	102518.638556	S	1.232733
01968381528764	102519.871290	W	0.038217
01968382262536	102519.909507	S	1.241842
01968406105912	102521.151350	W	0.038236
01968406840048	102521.189586	S	1.241730
01968430681268	102522.431316	W	0.046619
01968431576348	102522.477935	S	1.233369
01968455257024	102523.711303	W	0.046784
01968456155280	102523.758087	S	1.233241
01968479833508	102524.991329	W	0.047219
01968480740104	102525.038547	S	1.232802
01968504409896	102526.271349	W	0.038216
01968505143648	102526.309565	S	1.241760
01968528985436	102527.551325	W	0.047240
01968529892452	102527.598565	S	1.232760
01968553561448	102528.831325	W	0.038012
01968554291280	102528.869338	S	1.251989
01968578329468	102530.121326	W	0.044996
01968579193392	102530.166322	S	1.224982
01968602713052	102531.391305	W	0.047212
01968603619532	102531.438517	S	1.232775
01968627288808	102532.671292	W	0.038053
01968628019420	102532.709345	S	1.241930
01968651864468	102533.951274	W	0.055267
01968652925604	102534.006542	S	1.224740
01968676440612	102535.231282	W	0.047185
01968677346556	102535.278466	S	1.232821
01968701016720	102536.511288	W	0.038292
01968701751928	102536.549580	S	0.834228
01968717769108	102537.383808	W	0.115221
01968719981344	102537.499028	S	0.292290
01968725593312	102537.791318	W	0.047168
01968726498940	102537.838486	S	1.232743
01968750167612	102539.071230	W	0.038198
01968750901016	102539.109428	S	1.241777
01968774743136	102540.351205	W	0.046282
01968775631748	102540.397487	S	1.233726
01968799319288	102541.631213	W	0.047275
01968800226960	102541.678488	S	1.232753
01968823895812	102542.911240	W	0.038207
01968824629380	102542.949447	S	1.241798
01968848471900	102544.191245	W	0.037217
01968849186472	102544.228462	S	1.252776
01968873239776	102545.481238	W	0.054095
01968874278400	102545.535333	S	1.215891
01968897623516	102546.751225	W	0.047211
01968898529968	102546.798436	S	1.232798
01968922199688	102548.031234	W	0.037157
01968922913096	102548.068390	S	1.242815
01968946775140	102549.311205	W	0.037012
01968947485768	102549.348217	S	1.243001
01968971351388	102550.591218	W	0.037184
01968972065316	102550.628402	S	1.252815
01968996119356	102551.881216	W	0.018901
01968996482260	102551.900118	S	1.261090
01969020695192	102553.161208	W	0.053926
01969021730564	102553.215134	S	1.216046
01969045078656	102554.431180	W	0.047230
01969045985468	102554.478410	S	1.232772
01969069654688	102555.711182	W	0.038223
01969070388568	102555.749405	S	1.241767
01969094230488	102556.991171	W	0.038228
01969094964460	102557.029399	S	1.241781
01969118806652	102558.271180	W	0.047146
01969119711852	102558.318326	S	1.232853
01969143382636	102559.551179	W	0.038159
01969144115284	102559.589338	S	1.241821
01969167958240	102560.831158	W	0.047190
01969168864288	102560.878348	S	1.232806
01969192534168	102562.111155	W	0.037203
01969193248464	102562.148358	S	1.242797
01969217110164	102563.391154	W	0.055186
01969218169736	102563.446340	S	1.224805
01969241686000	102564.671146	W	0.047233
01969242592876	102564.718379	S	1.232765
01969266261960	102565.951144	W	0.055016
01969267318276	102566.006160	S	1.224974
01969290837776	102567.231134	W	0.038220
01969291571600	102567.269354	S	1.241755
01969315413288	102568.511109	W	0.038144
01969316145656	102568.549253	S	1.241865
01969339989464	102569.791118	W	0.046175
01969340876032	102569.837293	S	1.233834
01969364565648	102571.071128	W	0.047206
01969365472000	102571.118333	S	1.232770
01969389141180	102572.351103	W	0.037109
01969389853664	102572.388212	S	1.242892
01969413717188	102573.631104	W	0.046187
01969414603980	102573.677291	S	1.233804
01969438293008	102574.911094	W	0.047190
01969439199048	102574.958284	S	1.232799
01969462868788	102576.191083	W	0.036931
01969463577864	102576.228014	S	0.191926
01969467262844	102576.419940	W	0.014479
01969467540836	102576.434419	S	1.046738
01969487638212	102577.481157	W	0.045039
01969488502964	102577.526196	S	1.224813
01969512019372	102578.751009	W	0.047253
01969512926628	102578.798262	S	1.232740
01969536595240	102580.031002	W	0.047245
01969537502344	102580.078247	S	1.232754
01969561171220	102581.311001	W	0.046301
01969562060192	102581.357302	S	1.233697
01969585747176	102582.590999	W	0.047280
01969586654944	102582.638278	S	1.232778
01969610324272	102583.871056	W	0.038056
01969611054948	102583.909112	S	1.241932
01969634900048	102585.151044	W	0.047215
01969635806576	102585.198259	S	1.232785
01969659476040	102586.431044	W	0.047124
01969660380828	102586.478168	S	1.232874
01969684052016	102587.711042	W	0.037206
01969684766364	102587.748248	S	1.242778
01969708627696	102588.991026	W	0.055209
01969709687716	102589.046235	S	1.224789
01969733203668	102590.271024	W	0.038107
01969733935328	102590.309132	S	1.241891
01969757779628	102591.551022	W	0.047121
01969758684356	102591.598144	S	1.232859
01969782355252	102592.831003	W	0.038240
01969783089452	102592.869242	S	1.241759
01969806931216	102594.111001	W	0.046973
01969807833104	102594.157974	S	1.233028
01969831507240	102595.391002	W	0.038140
01969832239528	102595.429142	S	1.241853
01969856083108	102596.670995	W	0.047044
01969856986356	102596.718039	S	1.232928
01969880658576	102597.950968	W	0.038207
01969881392144	102597.989174	S	1.241800
01969905234700	102599.230974	W	0.047129
01969906139576	102599.278103	S	1.232876
01969929810788	102600.510979	W	0.038232
01969930544836	102600.549210	S	1.241755
01969954386524	102601.790965	W	0.047185
01969955292472	102601.838150	S	1.232814
01969978962496	102603.070963	W	0.038181
01969979695576	102603.109145	S	1.241805
01970003538224	102604.350949	W	0.037966
01970004267176	102604.388915	S	1.242035
01970028114252	102605.630951	W	0.047197
01970029020440	102605.678148	S	1.232800
01970052690204	102606.910948	W	0.046147
01970053576224	102606.957095	S	1.233836
01970077265868	102608.190931	W	0.038254
01970078000340	102608.229184	S	1.241745
01970101841840	102609.470929	W	0.037148
01970102555084	102609.508077	S	1.242849
01970126417788	102610.750926	W	0.046211
01970127305040	102610.797138	S	1.233784
01970150993688	102612.030921	W	0.047168
01970151899316	102612.078089	S	1.242840
01970175761844	102613.320929	W	0.018814
01970176123072	102613.339743	S	1.261162
01970200337388	102614.600906	W	0.045098
01970201203264	102614.646003	S	1.224885
01970224721060	102615.870889	W	0.038226
01970225454992	102615.909114	S	1.241770
01970249296972	102617.150884	W	0.038226
01970250030908	102617.189110	S	1.241771
01970273872916	102618.430881	W	0.046031
01970274756708	102618.476912	S	1.233963
01970298448800	102619.710875	W	0.046987
01970299350956	102619.757862	S	1.233010
01970323024744	102620.990872	W	0.037152
01970323738064	102621.028024	S	1.242842
01970347600628	102622.270866	W	0.046111
01970348485956	102622.316977	S	1.233880
01970372176444	102623.550856	W	0.047229
01970373083232	102623.598085	S	1.232774
01970396752500	102624.830859	W	0.046175
01970397639064	102624.877035	S	1.233813
01970421328276	102626.110848	W	0.047205
01970422234608	102626.158053	S	1.232785
01970445904084	102627.390838	W	0.038195
01970446637436	102627.429033	S	1.241793
01970470479860	102628.670826	W	0.038217
01970471213624	102628.709043	S	1.241801
01970495056212	102629.950844	W	0.047097
01970495960480	102629.997942	S	1.232879
01970519631752	102631.230820	W	0.047191
01970520537828	102631.278012	S	1.232803
01970544207636	102632.510814	W	0.046228
01970545095220	102632.557043	S	1.233769
01970568783584	102633.790812	W	0.038265
01970569518272	102633.829077	S	1.241730
01970593359488	102635.070807	W	0.037192
01970594073576	102635.107999	S	0.319535
01970600208656	102635.427534	W	0.001272
01970600233076	102635.428806	S	0.922034
01970617936128	102636.350840	W	0.037108
01970618648608	102636.387948	S	1.242788
01970642510136	102637.630736	W	0.045809
01970643389668	102637.676545	S	0.183442
01970646911760	102637.859988	W	0.014755
01970647195064	102637.874743	S	1.036059
01970667087392	102638.910802	W	0.038223
01970667821268	102638.949024	S	1.251713
01970691854156	102640.200737	W	0.018730
01970692213780	102640.219468	S	1.261256
01970716429900	102641.480724	W	0.018917
01970716793112	102641.499641	S	1.261095
01970741006140	102642.760736	W	0.018879
01970741368620	102642.779616	S	1.261160
01970765582900	102644.040776	W	0.018906
01970765945888	102644.059682	S	1.261061
01970790158256	102645.320743	W	0.018889
01970790520916	102645.339631	S	1.261119
01970814734408	102646.600750	W	0.045075
01970815599844	102646.645825	S	1.224908
01970839118084	102647.870734	W	0.038152
01970839850596	102647.908885	S	1.241842
01970863693964	102649.150727	W	0.037260
01970864409348	102649.187987	S	1.252766
01970888462448	102650.440752	W	0.018789
01970888823200	102650.459542	S	1.251159
01970912845444	102651.710700	W	0.047263
01970913752888	102651.757963	S	1.232718
01970937421068	102652.990681	W	0.037183
01970938134972	102653.027863	S	1.252814
01970962188996	102654.280677	W	0.044809
01970963049336	102654.325486	S	1.225190
01970986572988	102655.550676	W	0.038192
01970987306268	102655.588868	S	1.241845
01971011149700	102656.830714	W	0.047200
01971012055932	102656.877913	S	1.232787
01971035725448	102658.110700	W	0.038188
01971036458656	102658.148888	S	1.241800
01971060301216	102659.390688	W	0.038216
01971061034956	102659.428904	S	1.241778
01971084877088	102660.670682	W	0.055145
01971085935864	102660.725826	S	1.224850
01971109452988	102661.950676	W	0.047229
01971110359784	102661.997905	S	1.232765
01971134028880	102663.230671	W	0.038081
01971134760032	102663.268752	S	1.241916
01971158604824	102664.510668	W	0.037181
01971159318704	102664.547849	S	1.242811
01971183180668	102665.790660	W	0.055162
01971184239784	102665.845822	S	1.224829
01971207756492	102667.070651	W	0.047163
01971208662016	102667.117813	S	1.232832
01971232332400	102668.350646	W	0.038039
01971233062752	102668.388685	S	1.241956
01971256908316	102669.630641	W	0.038210
01971257641944	102669.668851	S	1.241776
01971281484052	102670.910628	W	0.037195
01971282198200	102670.947823	S	1.242788
01971306059724	102672.190611	W	0.055198
01971307119520	102672.245808	S	1.224813
01971330635928	102673.470621	W	0.047173
01971331541652	102673.517794	S	1.232821
01971355211808	102674.750615	W	0.047194
01971356117932	102674.797809	S	1.232803
01971379787752	102676.030612	W	0.047171
01971380693444	102676.077784	S	1.232814
01971404363476	102677.310598	W	0.047230
01971405270300	102677.357828	S	1.232771
01971428939496	102678.590599	W	0.038169
01971429672348	102678.628768	S	1.241819
01971453515272	102679.870587	W	0.038260
01971454249860	102679.908847	S	1.241741
01971478091292	102681.150588	W	0.037130
01971478804196	102681.187719	S	1.242852
01971502666948	102682.430570	W	0.055100
01971503724876	102682.485671	S	1.224899
01971527242936	102683.710570	W	0.038219
01971527976748	102683.748789	S	1.241778
01971551818884	102684.990567	W	0.038241
01971552553116	102685.028808	S	1.241749
01971576394704	102686.270557	W	0.047218
01971577301296	102686.317776	S	1.232777
01971600970612	102687.550553	W	0.047208
01971601877004	102687.597761	S	1.232777
01971625546324	102688.830538	W	0.038141
01971626278624	102688.868678	S	1.241867
01971650122476	102690.110546	W	0.038212
01971650856144	102690.148758	S	1.241772
01971674698172	102691.390530	W	0.037240
01971675413188	102691.427770	S	1.252766
01971699466304	102692.680537	W	0.018858
01971699828380	102692.699395	S	1.251106
01971723849616	102693.950501	W	0.037180
01971724563468	102693.987681	S	1.242817
01971748425552	102695.230498	W	0.037272
01971749141172	102695.267769	S	1.242723
01971773001452	102696.510492	W	0.055217
01971774061616	102696.565709	S	1.224795
01971797577688	102697.790505	W	0.047186
01971798483660	102697.837691	S	1.232792
01971822153276	102699.070483	W	0.038261
01971822887880	102699.108744	S	0.191570
01971826566016	102699.300313	W	0.014653
01971826847352	102699.314966	S	1.035576
01971846730404	102700.350542	W	0.038023
01971847460452	102700.388565	S	1.251879
01971871496520	102701.640444	W	0.018946
01971871860292	102701.659390	S	1.261033
01971896072124	102702.920423	W	0.018776
01971896432624	102702.939199	S	1.261230
01971920648248	102704.200430	W	0.018907
01971921011264	102704.219337	S	1.251108
01971945032528	102705.470444	W	0.037257
01971945747864	102705.507701	S	1.252738
01971969800424	102706.760439	W	0.018889
01971970163100	102706.779328	S	1.251111
01971994184440	102708.030440	W	0.055165
01971995243612	102708.085605	S	1.224827
01972018760300	102709.310432	W	0.047233
01972019667172	102709.357665	S	1.232772
01972043336400	102710.590437	W	0.046172
01972044222904	102710.636610	S	1.233823
01972067912296	102711.870432	W	0.047218
01972068818880	102711.917650	S	1.232783
01972092488308	102713.150433	W	0.038203
01972093221812	102713.188636	S	1.241777
01972117063932	102714.430413	W	0.038037
01972117794236	102714.468450	S	1.241961
01972141639892	102715.710411	W	0.046212
01972142527168	102715.756623	S	1.233783
01972166215804	102716.990406	W	0.038198
01972166949208	102717.028605	S	1.241799
01972190791740	102718.270403	W	0.047159
01972191697184	102718.317562	S	1.232835
01972215367612	102719.550396	W	0.047179
01972216273456	102719.597576	S	1.232809
01972239943396	102720.830385	W	0.038254
01972240677868	102720.868639	S	1.241751
01972264519488	102722.110390	W	0.037144
01972265232652	102722.147534	S	1.242834
01972289095068	102723.390368	W	0.046187
01972289981856	102723.436555	S	1.233815
01972313671100	102724.670370	W	0.038103
01972314402672	102724.708473	S	1.241893
01972338247020	102725.950366	W	0.046250
01972339135016	102725.996615	S	1.233740
01972362822824	102727.230355	W	0.038176
01972363555800	102727.268531	S	1.241822
01972387398784	102728.510353	W	0.055208
01972388458772	102728.565561	S	1.224790
01972411974736	102729.790351	W	0.038217
01972412708500	102729.828568	S	1.241773
01972436550540	102731.070341	W	0.055159
01972437609584	102731.125499	S	1.224836
01972461126440	102732.350335	W	0.047166
01972462032036	102732.397502	S	1.232817
01972485702128	102733.630319	W	0.038232
01972486436180	102733.668551	S	1.241769
01972510278140	102734.910320	W	0.047167
01972511183744	102734.957487	S	1.232829
01972534854060	102736.190316	W	0.055196
01972535913824	102736.245512	S	1.224796
01972559429912	102737.470308	W	0.038194
01972560163236	102737.508502	S	1.241806
01972584005920	102738.750308	W	0.047260
01972584913316	102738.797569	S	1.232724
01972608581624	102740.030293	W	0.047218
01972609488216	102740.077511	S	1.232774
01972633157480	102741.310285	W	0.037039
01972633868620	102741.347324	S	1.242957
01972657733388	102742.590281	W	0.037193
01972658447496	102742.627474	S	1.252807
01972682501388	102743.880281	W	0.018955
01972682865328	102743.899236	S	1.261046
01972707077412	102745.160282	W	0.053971
01972708113648	102745.214252	S	1.216005
01972731460940	102746.430257	W	0.038288
01972732196072	102746.468545	S	1.251702
01972756228752	102747.720247	W	0.019856
01972756609980	102747.740103	S	1.260150
01972780804868	102749.000254	W	0.019762
01972781184308	102749.020016	S	1.250221
01972805188552	102750.270237	W	0.038133
01972805920700	102750.308370	S	1.251875
01972829956704	102751.560245	W	0.046104
01972830841908	102751.606349	S	1.223869
01972854340184	102752.830218	W	0.047137
01972855245208	102752.877355	S	1.232871
01972878916340	102754.110226	W	0.046212
01972879803604	102754.156438	S	1.233785
01972903492276	102755.390223	W	0.047131
01972904397184	102755.437353	S	1.232851
01972928067924	102756.670204	W	0.047235
01972928974844	102756.717440	S	1.232767
01972952643972	102757.950207	W	0.038211
01972953377632	102757.988418	S	1.241783
01972977219860	102759.230201	W	0.037105
01972977932268	102759.267306	S	1.252910
01973001988144	102760.520216	W	0.018848
01973002350020	102760.539064	S	0.202847
01973006244684	102760.741911	W	0.014711
01973006527140	102760.756622	S	1.033607
01973026372392	102761.790229	W	0.046207
01973027259576	102761.836436	S	1.233704
01973050946688	102763.070140	W	0.047223
01973051853360	102763.117362	S	1.232769
01973075522520	102764.350131	W	0.038173
01973076255440	102764.388304	S	1.241812
01973100098224	102765.630116	W	0.046249
01973100986196	102765.676364	S	1.233736
01973124673932	102766.910101	W	0.047295
01973125582004	102766.957396	S	1.232764
01973149251076	102768.190160	W	0.037151
01973149964380	102768.227311	S	1.242841
01973173826936	102769.470153	W	0.046224
01973174714432	102769.516377	S	1.233774
01973198402896	102770.750151	W	0.038226
01973199136828	102770.788376	S	1.241758
01973222978572	102772.030134	W	0.038275
01973223713460	102772.068409	S	1.241723
01973247554548	102773.310133	W	0.055148
01973248613384	102773.365280	S	1.224839
01973272130300	102774.590120	W	0.047196
01973273036468	102774.637316	S	1.232812
01973296706456	102775.870128	W	0.046218
01973297593836	102775.916346	S	1.233763
01973321282080	102777.150108	W	0.047127
01973322186912	102777.197235	S	1.232871
01973345858044	102778.430106	W	0.047169
01973346763680	102778.477275	S	1.232825
01973370433924	102779.710100	W	0.038204
01973371167436	102779.748304	S	1.241796
01973395009920	102780.990100	W	0.055220
01973396070140	102781.045320	S	1.224771
01973419585748	102782.270091	W	0.047207
01973420492128	102782.317298	S	1.232782
01973444161552	102783.550081	W	0.047131
01973445066460	102783.597211	S	1.232869
01973468737552	102784.830081	W	0.037155
01973469450932	102784.867236	S	1.242843
01973493313508	102786.110079	W	0.046159
01973494199760	102786.156238	S	1.233823
01973517889152	102787.390060	W	0.038272
01973518623968	102787.428332	S	1.241718
01973542464952	102788.670050	W	0.037157
01973543178360	102788.707206	S	1.242840
01973567040880	102789.950046	W	0.037243
01973567755940	102789.987289	S	1.252766
01973591809040	102791.240054	W	0.018868
01973592171300	102791.258922	S	1.261118
01973616384764	102792.520040	W	0.018901
01973616747660	102792.538941	S	1.261105
01973640960876	102793.800046	W	0.054016
01973641997976	102793.854061	S	1.215956
01973665344332	102795.070017	W	0.047190
01973666250380	102795.117207	S	1.232787
01973689919892	102796.349994	W	0.038078
01973690650988	102796.388072	S	1.251942
01973714688268	102797.640014	W	0.018946
01973715052032	102797.658960	S	1.251043
01973739072064	102798.910003	W	0.038228
01973739806044	102798.948231	S	1.241762
01973763647880	102800.189994	W	0.038264
01973764382544	102800.228257	S	1.241734
01973788223828	102801.469991	W	0.038040
01973788954196	102801.508031	S	1.251970
01973812992012	102802.760001	W	0.045009
01973813856180	102802.805009	S	1.224962
01973837375452	102804.029971	W	0.047149
01973838280716	102804.077121	S	1.242866
01973862143744	102805.319987	W	0.019849
01973862524844	102805.339836	S	1.260136
01973886719452	102806.599971	W	0.019913
01973887101784	102806.619885	S	1.260085
01973911295408	102807.879969	W	0.019867
01973911676860	102807.899836	S	1.260114
01973935871044	102809.159950	W	0.019847
01973936252104	102809.179797	S	1.250142
01973960254840	102810.429940	W	0.046236
01973961142576	102810.476176	S	1.233761
01973984830780	102811.709936	W	0.047238
01973985737740	102811.757174	S	1.232770
01974009406916	102812.989944	W	0.038148
01974010139364	102813.028092	S	1.251852
01974034174920	102814.279944	W	0.018838
01974034536600	102814.298781	S	1.251135
01974058558388	102815.549916	W	0.055137
01974059617024	102815.605053	S	1.224857
01974083134288	102816.829911	W	0.047258
01974084041632	102816.877168	S	1.232735
01974107710144	102818.109903	W	0.038225
01974108444056	102818.148128	S	1.241770
01974132286044	102819.389898	W	0.038060
01974133016788	102819.427958	S	1.241952
01974156862264	102820.669910	W	0.037045
01974157573536	102820.706955	S	1.242939
01974181437960	102821.949894	W	0.055190
01974182497600	102822.005083	S	0.175844
01974185873812	102822.180928	W	0.014791
01974186157792	102822.195718	S	1.034220
01974206014808	102823.229938	W	0.038173
01974206747728	102823.268111	S	1.241720
01974230588756	102824.509831	W	0.047217
01974231495324	102824.557048	S	1.232786
01974255164824	102825.789835	W	0.038247
01974255899172	102825.828082	S	1.241738
01974279740544	102827.069820	W	0.046150
01974280626624	102827.115970	S	1.233882
01974304317156	102828.349852	W	0.038077
01974305048228	102828.387929	S	1.241917
01974328893036	102829.629846	W	0.038187
01974329626224	102829.668033	S	1.241811
01974353468996	102830.909844	W	0.047227
01974354375764	102830.957071	S	1.232754
01974378044648	102832.189825	W	0.037186
01974378758620	102832.227011	S	1.242834
01974402621032	102833.469845	W	0.037166
01974403334620	102833.507011	S	1.242825
01974427196868	102834.749837	W	0.055207
01974428256840	102834.805044	S	1.224784
01974451772688	102836.029827	W	0.037965
01974452501616	102836.067793	S	1.242029
01974476348576	102837.309822	W	0.036967
01974477058340	102837.346789	S	1.243035
01974500924616	102838.589824	W	0.055247
01974501985368	102838.645071	S	1.224732
01974525500216	102839.869803	W	0.047205
01974526406556	102839.917008	S	1.242808
01974550268468	102841.159816	W	0.018900
01974550631348	102841.178716	S	1.261079
01974574844056	102842.439795	W	0.018874
01974575206440	102842.458669	S	1.261122
01974599419984	102843.719791	W	0.018923
01974599783312	102843.738714	S	1.261064
01974623995748	102844.999779	W	0.053971
01974625031984	102845.053749	S	1.216011
01974648379388	102846.269760	W	0.038187
01974649112588	102846.307947	S	1.241811
01974672955360	102847.549758	W	0.038151
01974673687860	102847.587909	S	1.241853
01974697531444	102848.829763	W	0.038225
01974698265364	102848.867988	S	1.241763
01974722107216	102850.109751	W	0.055208
01974723167212	102850.164959	S	1.224787
01974746683116	102851.389746	W	0.038218
01974747416904	102851.427964	S	1.241767
01974771258840	102852.669731	W	0.037200
01974771973076	102852.706931	S	1.252807
01974796026964	102853.959738	W	0.045131
01974796893488	102854.004869	S	1.224858
01974820410764	102855.229727	W	0.047269
01974821318320	102855.276996	S	1.242730
01974845178740	102856.519726	W	0.018886
01974845541356	102856.538612	S	1.261113
01974869754724	102857.799725	W	0.018861
01974870116864	102857.818587	S	1.261141
01974894330776	102859.079728	W	0.018891
01974894693476	102859.098619	S	1.261086
01974918906332	102860.359705	W	0.018879
01974919268800	102860.378583	S	1.261129
01974943482468	102861.639712	W	0.018817
01974943843752	102861.658529	S	1.261153
01974968057896	102862.919682	W	0.018888
01974968420536	102862.938570	S	1.251103
01974992441720	102864.189673	W	0.037282
01974993157536	102864.226955	S	1.242715
01975017017660	102865.469670	W	0.046057
01975017901948	102865.515726	S	1.233937
01975041593548	102866.749664	W	0.038167
01975042326360	102866.787831	S	1.241837
01975066169632	102868.029668	W	0.047177
01975067075440	102868.076846	S	1.232821
01975090745596	102869.309666	W	0.037062
01975091457188	102869.346729	S	1.242932
01975115321484	102870.589661	W	0.055155
01975116380464	102870.644816	S	1.224841
01975139897416	102871.869657	W	0.038229
01975140631404	102871.907886	S	1.251776
01975164665504	102873.159662	W	0.018912
01975165028624	102873.178574	S	1.261039
01975189240580	102874.439614	W	0.018961
01975189604636	102874.458575	S	1.261062
01975213817024	102875.719637	W	0.045077
01975214682512	102875.764714	S	1.224896
01975238200512	102876.989610	W	0.038128
01975238932572	102877.027738	S	1.241890
01975262776868	102878.269629	W	0.055163
01975263835988	102878.324791	S	1.224830
01975287352720	102879.549621	W	0.047212
01975288259200	102879.596833	S	1.232775
01975311928484	102880.829609	W	0.047147
01975312833700	102880.876755	S	1.232846
01975336504344	102882.109601	W	0.055290
01975337565908	102882.164891	S	1.224693
01975361080016	102883.389584	W	0.038102
01975361811576	102883.427686	S	0.194235
01975365540888	102883.621921	W	0.014802
01975365825080	102883.636723	S	1.032920
01975385657140	102884.669643	W	0.047206
01975386563488	102884.716848	S	1.232680
01975410230936	102885.949528	W	0.047269
01975411138496	102885.996797	S	1.232739
01975434807080	102887.229535	W	0.047266
01975435714588	102887.276801	S	1.232731
01975459383028	102888.509533	W	0.038201
01975460116488	102888.547734	S	1.241794
01975483958940	102889.789528	W	0.038311
01975484694504	102889.827839	S	1.241683
01975508534824	102891.069522	W	0.047248
01975509441984	102891.116770	S	1.232788
01975533111520	102892.349558	W	0.038109
01975533843212	102892.387667	S	1.251891
01975557879512	102893.639558	W	0.018660
01975558237784	102893.658218	S	1.251312
01975582262972	102894.909530	W	0.037267
01975582978504	102894.946797	S	1.242730
01975606838916	102896.189527	W	0.046196
01975607725880	102896.235723	S	1.233799
01975631414824	102897.469522	W	0.038178
01975632147832	102897.507700	S	1.241811
01975655990596	102898.749510	W	0.038227
01975656724564	102898.787738	S	1.241784
01975680566812	102900.029521	W	0.055254
01975681627688	102900.084775	S	1.224736
01975705142612	102901.309511	W	0.047194
01975706048736	102901.356705	S	1.232792
01975729718340	102902.589497	W	0.037203
01975730432636	102902.626700	S	1.242794
01975754294276	102903.869494	W	0.037176
01975755008064	102903.906670	S	1.242811
01975778870040	102905.149481	W	0.055211
01975779930100	102905.204693	S	1.224790
01975803446072	102906.429483	W	0.047223
01975804352752	102906.476706	S	1.232774
01975828022004	102907.709479	W	0.038158
01975828754636	102907.747637	S	1.241837
01975852597904	102908.989474	W	0.055219
01975853658112	102909.044693	S	1.224780
01975877173888	102910.269473	W	0.047065
01975878077544	102910.316539	S	1.232919
01975901749588	102911.549458	W	0.047217
01975902656160	102911.596675	S	1.232780
01975926325528	102912.829455	W	0.055220
01975927385748	102912.884674	S	1.224764
01975950901212	102914.109438	W	0.038281
01975951636204	102914.147719	S	1.251718
01975975669192	102915.399437	W	0.045134
01975976535772	102915.444571	S	1.224859
01976000053064	102916.669430	W	0.047232
01976000959920	102916.716662	S	1.232767
01976024629044	102917.949429	W	0.047195
01976025535192	102917.996625	S	1.232800
01976049204948	102919.229424	W	0.046135
01976050090732	102919.275559	S	1.233856
01976073780764	102920.509415	W	0.038261
01976074515368	102920.547675	S	1.241737
01976098356728	102921.789413	W	0.047170
01976099262396	102921.836583	S	1.232878
01976122933648	102923.069461	W	0.047174
01976123839388	102923.116635	S	1.232812
01976147509376	102924.349447	W	0.037139
01976148222444	102924.386586	S	1.252817
01976172276532	102925.639403	W	0.046111
01976173161872	102925.685514	S	1.223842
01976196659640	102926.909356	W	0.047165
01976197565212	102926.956521	S	1.232852
01976221235976	102928.189374	W	0.038172
01976221968884	102928.227546	S	1.241822
01976245811868	102929.469368	W	0.047160
01976246717348	102929.516529	S	1.232837
01976270387816	102930.749365	W	0.038199
01976271121228	102930.787564	S	1.241791
01976294963624	102932.029355	W	0.038162
01976295696332	102932.067517	S	1.241840
01976319539664	102933.309357	W	0.047282
01976320447488	102933.356640	S	1.242722
01976344307752	102934.599362	W	0.018907
01976344670772	102934.618269	S	1.261059
01976368883096	102935.879328	W	0.018874
01976369245476	102935.898202	S	1.251111
01976393266816	102937.149313	W	0.055224
01976394327120	102937.204538	S	1.224780
01976417842888	102938.429317	W	0.047214
01976418749396	102938.476531	S	1.232774
01976442418652	102939.709305	W	0.038185
01976443151804	102939.747490	S	1.241822
01976466994788	102940.989312	W	0.038254
01976467729260	102941.027566	S	0.846748
01976483986820	102941.874314	W	0.001309
01976484011944	102941.875622	S	0.393745
01976491571856	102942.269368	W	0.038097
01976492303328	102942.307465	S	1.241786
01976516145620	102943.549251	W	0.047270
01976517053200	102943.596521	S	1.232720
01976540721428	102944.829241	W	0.037257
01976541436764	102944.866498	S	0.194194
01976545165288	102945.060692	W	0.014833
01976545450080	102945.075525	S	1.033761
01976565298300	102946.109286	W	0.046024
01976566181960	102946.155310	S	1.233949
01976589873780	102947.389259	W	0.047203
01976590780084	102947.436463	S	1.232792
01976614449700	102948.669255	W	0.038255
01976615184192	102948.707510	S	1.251749
01976639217776	102949.959259	W	0.018870
01976639580072	102949.978129	S	1.251106
01976663601316	102951.229235	W	0.037222
01976664315984	102951.266457	S	1.242797
01976688177688	102952.509255	W	0.055149
01976689236548	102952.564404	S	1.224840
01976712753472	102953.789243	W	0.038195
01976713486808	102953.827438	S	1.241805
01976737329460	102955.069243	W	0.037143
01976738042600	102955.106385	S	1.242855
01976761905412	102956.349240	W	0.055255
01976762966300	102956.404495	S	1.224741
01976786481324	102957.629236	W	0.038009
01976787211096	102957.667245	S	1.241988
01976811057264	102958.909232	W	0.038203
01976811790752	102958.947435	S	1.251786
01976835825036	102960.199221	W	0.018882
01976836187564	102960.218102	S	1.251118
01976860209036	102961.469221	W	0.054881
01976861262752	102961.524102	S	1.225115
01976884784968	102962.749217	W	0.046584
01976885679376	102962.795801	S	1.243395
01976909552560	102964.039196	W	0.019061
01976909918540	102964.058257	S	1.250934
01976933936476	102965.309191	W	0.055192
01976934996156	102965.364383	S	1.224814
01976958512592	102966.589197	W	0.047241
01976959419612	102966.636438	S	1.232743
01976983088272	102967.869181	W	0.037131
01976983801192	102967.906312	S	1.252850
01977007855904	102969.159162	W	0.036919
01977008564744	102969.196080	S	1.243104
01977032432336	102970.439184	W	0.018750
01977032792340	102970.457934	S	1.261237
01977057008092	102971.719171	W	0.018789
01977057368836	102971.737960	S	1.261185
01977081583592	102972.999145	W	0.018916
01977081946772	102973.018061	S	1.261077
01977106159456	102974.279138	W	0.018923
01977106522784	102974.298062	S	1.261075
01977130735420	102975.559136	W	0.018994
01977131100096	102975.578130	S	1.261003
01977155311352	102976.839133	W	0.018941
01977155675016	102976.858074	S	1.251051
01977179695200	102978.109125	W	0.037246
01977180410316	102978.146371	S	1.252746
01977204463032	102979.399116	W	0.018884
01977204825612	102979.418001	S	1.251119
01977228847104	102980.669120	W	0.036923
01977229556028	102980.706043	S	1.253078
01977253615128	102981.959121	W	0.021976
01977254037064	102981.981097	S	1.258016
01977278190964	102983.239113	W	0.018868
01977278553232	102983.257981	S	1.261114
01977302766620	102984.519095	W	0.018890
01977303129304	102984.537985	S	1.261119
01977327342792	102985.799104	W	0.018849
01977327704684	102985.817952	S	1.261125
01977351918276	102987.079077	W	0.054153
01977352958012	102987.133230	S	1.215855
01977376302420	102988.349084	W	0.047185
01977377208380	102988.396270	S	1.232809
01977400878316	102989.629079	W	0.037198
01977401592508	102989.666276	S	1.242789
01977425454060	102990.909066	W	0.037177
01977426167852	102990.946242	S	1.252803
01977450221660	102992.199045	W	0.018522
01977450577284	102992.217567	S	1.261500
01977474798080	102993.479067	W	0.018852
01977475160040	102993.497919	S	1.261135
01977499373824	102994.759053	W	0.054151
01977500413516	102994.813204	S	1.215825
01977523757364	102996.029029	W	0.038130
01977524489452	102996.067159	S	1.241878
01977548333504	102997.309037	W	0.038086
01977549064756	102997.347123	S	1.251918
01977573101584	102998.599041	W	0.018839
01977573463288	102998.617880	S	1.261138
01977597677128	102999.879017	W	0.045088
01977598542812	102999.924105	S	1.224904
01977622060972	103001.149009	W	0.047215
01977622967504	103001.196224	S	1.242784
01977646828948	103002.439008	W	0.018909
01977647191996	103002.457916	S	1.261087
01977671404868	103003.719004	W	0.018430
01977671758716	103003.737433	S	1.251569
01977695788848	103004.989003	W	0.037216
01977696503400	103005.026219	S	1.252785
01977720556872	103006.279004	W	0.018713
01977720916168	103006.297717	S	0.202386
01977724801988	103006.500104	W	0.014799
01977725086132	103006.514903	S	1.034136
01977744941544	103007.549039	W	0.046209
01977745828756	103007.595248	S	1.233667
01977769515160	103008.828915	W	0.047318
01977770423672	103008.876233	S	1.232684
01977794091212	103010.108917	W	0.038211
01977794824864	103010.147128	S	1.241782
01977818667084	103011.388911	W	0.047235
01977819573988	103011.436145	S	1.232808
01977843243896	103012.668953	W	0.038287
01977843979000	103012.707240	S	1.251707
01977868011780	103013.958947	W	0.018897
01977868374596	103013.977844	S	1.251089
01977892395512	103015.228933	W	0.036813
01977893102324	103015.265746	S	1.243195
01977916971676	103016.508941	W	0.046303
01977917860700	103016.555245	S	1.233695
01977941547640	103017.788940	W	0.038260
01977942282232	103017.827200	S	1.241727
01977966123384	103019.068926	W	0.047056
01977967026864	103019.115983	S	1.242945
01977990891404	103020.358927	W	0.018866
01977991253624	103020.377793	S	1.251130
01978015275316	103021.628923	W	0.037181
01978015989192	103021.666104	S	1.242816
01978039851260	103022.908920	W	0.037198
01978040565452	103022.946117	S	1.242789
01978064427004	103024.188906	W	0.037085
01978065139028	103024.225991	S	1.252915
01978089194988	103025.478906	W	0.018895
01978089557776	103025.497801	S	1.261070
01978113770316	103026.758871	W	0.018664
01978114128664	103026.777535	S	1.261347
01978138346520	103028.038881	W	0.018956
01978138710480	103028.057838	S	1.261054
01978162922724	103029.318892	W	0.018714
01978163282036	103029.337606	S	1.261259
01978187498208	103030.598865	W	0.018941
01978187861880	103030.617806	S	1.261067
01978212074372	103031.878874	W	0.018877
01978212436816	103031.897751	S	1.261080
01978236649548	103033.158831	W	0.018571
01978237006116	103033.177402	S	1.261441
01978261225776	103034.438843	W	0.021920
01978261646640	103034.460763	S	1.248075
01978285609688	103035.708838	W	0.037286
01978286325576	103035.746124	S	1.242721
01978310185816	103036.988845	W	0.037199
01978310900028	103037.026043	S	1.242791
01978334761612	103038.268834	W	0.036801
01978335468192	103038.305635	S	1.243199
01978359337616	103039.548834	W	0.037302
01978360053816	103039.586136	S	1.252706
01978384105764	103040.838842	W	0.018641
01978384463676	103040.857483	S	1.261314
01978408680904	103042.118797	W	0.053910
01978409715980	103042.172707	S	1.216096
01978433065020	103043.388803	W	0.038303
01978433800440	103043.427106	S	1.251688
01978457832844	103044.678794	W	0.018941
01978458196512	103044.697735	S	1.261060
01978482408864	103045.958795	W	0.018863
01978482771032	103045.977658	S	1.251134
01978506792804	103047.228792	W	0.038251
01978507527224	103047.267043	S	1.251721
01978531560260	103048.518764	W	0.018868
01978531922524	103048.537631	S	1.261137
01978556136360	103049.798769	W	0.018504
01978556491628	103049.817272	S	1.251511
01978580520648	103051.068784	W	0.046300
01978581409612	103051.115084	S	1.233679
01978605096256	103052.348763	W	0.038040
01978605826620	103052.386803	S	1.241952
01978629672092	103053.628755	W	0.037246
01978630387212	103053.666001	S	1.252754
01978654440092	103054.918755	W	0.018919
01978654803344	103054.937674	S	1.261075
01978679015980	103056.198749	W	0.045125
01978679882380	103056.243874	S	1.224879
01978703400060	103057.468753	W	0.038178
01978704133080	103057.506931	S	1.251788
01978728167408	103058.758719	W	0.018874
01978728529796	103058.777594	S	1.251127
01978752551440	103060.028721	W	0.047117
01978753456084	103060.075838	S	1.232859
01978777126980	103061.308697	W	0.037832
01978777853352	103061.346529	S	1.242190
01978801703408	103062.588719	W	0.038300
01978802438764	103062.627019	S	1.241698
01978826279364	103063.868717	W	0.037219
01978826993976	103063.905936	S	1.242766
01978850855076	103065.148702	W	0.037203
01978851569368	103065.185905	S	1.242784
01978875430824	103066.428689	W	0.037033
01978876141848	103066.465721	S	1.242944
01978900006368	103067.708665	W	0.036942
01978900715660	103067.745607	S	0.194450
01978904449092	103067.940057	W	0.014704
01978904731416	103067.954761	S	1.043981
01978924775852	103068.998742	W	0.053935
01978925811408	103069.052678	S	1.215939
01978949157428	103070.268616	W	0.038211
01978949891076	103070.306827	S	1.241803
01978973733688	103071.548630	W	0.047249
01978974640872	103071.595879	S	1.242730
01978998501284	103072.838609	W	0.018746
01978998861212	103072.857355	S	1.261264
01979023077488	103074.118619	W	0.019023
01979023442720	103074.137642	S	1.250965
01979047461240	103075.388606	W	0.037241
01979048176264	103075.425847	S	1.252821
01979072230432	103076.678668	W	0.018905
01979072593400	103076.697573	S	1.261034
01979096805244	103077.958606	W	0.044078
01979097651548	103078.002685	S	1.225922
01979121189252	103079.228607	W	0.037944
01979121917784	103079.266551	S	1.242153
01979145767124	103080.508704	W	0.047160
01979146672604	103080.555865	S	1.232671
01979170339884	103081.788536	W	0.037218
01979171054472	103081.825754	S	1.252766
01979195107572	103083.078519	W	0.018970
01979195471796	103083.097489	S	1.261088
01979219684684	103084.358577	W	0.018970
01979220048916	103084.377548	S	1.261026
01979244260608	103085.638573	W	0.019027
01979244625928	103085.657600	S	1.250963
01979268644416	103086.908563	W	0.037263
01979269359860	103086.945826	S	1.242729
01979293220260	103088.188555	W	0.037257
01979293935600	103088.225812	S	1.252768
01979317988736	103089.478580	W	0.018989
01979318353324	103089.497569	S	1.260998
01979342564480	103090.758567	W	0.018442
01979342918564	103090.777009	S	1.251563
01979366948576	103092.028572	W	0.037192
01979367662668	103092.065764	S	1.242794
01979391524312	103093.308558	W	0.037093
01979392236488	103093.345650	S	1.242884
01979416099864	103094.588535	W	0.036774
01979416805916	103094.625308	S	1.253252
01979440868348	103095.878560	W	0.021886
01979441288564	103095.900446	S	1.258100
01979465444088	103097.158546	W	0.019016
01979465809192	103097.177562	S	1.260969
01979490019804	103098.438531	W	0.018738
01979490379572	103098.457269	S	1.261252
01979514595608	103099.718521	W	0.018976
01979514959948	103099.737497	S	1.261038
01979539171876	103100.998535	W	0.018749
01979539531860	103101.017284	S	1.261190
01979563746700	103102.278474	W	0.018512
01979564102132	103102.296986	S	1.251509
01979588131104	103103.548495	W	0.037097
01979588843372	103103.585592	S	1.242919
01979612707424	103104.828512	W	0.037274
01979613423088	103104.865786	S	1.252712
01979637475156	103106.118498	W	0.054058
01979638513064	103106.172555	S	1.215940
01979661859120	103107.388496	W	0.047238
01979662766080	103107.435733	S	1.232753
01979686434940	103108.668486	W	0.037102
01979687147300	103108.705589	S	1.242900
01979711010976	103109.948488	W	0.045847
01979711891248	103109.994336	S	1.234134
01979735586612	103111.228469	W	0.047256
01979736493936	103111.275726	S	1.242727
01979760354288	103112.518452	W	0.055149
01979761413144	103112.573601	S	1.214842
01979784738108	103113.788443	W	0.037836
01979785464560	103113.826279	S	1.242175
01979809314312	103115.068454	W	0.046039
01979810198256	103115.114492	S	1.233945
01979833890000	103116.348437	W	0.047255
01979834797296	103116.395692	S	1.242751
01979858658116	103117.638444	W	0.018898
01979859020948	103117.657341	S	1.261108
01979883234216	103118.918449	W	0.045077
01979884099700	103118.963526	S	1.224904
01979907617856	103120.188430	W	0.047293
01979908525876	103120.235723	S	1.232694
01979932193604	103121.468417	W	0.037173
01979932907324	103121.505590	S	1.242825
01979956769556	103122.748414	W	0.037089
01979957481656	103122.785503	S	1.242871
01979981344780	103124.028374	W	0.054589
01979982392888	103124.082963	S	1.225395
01980005920480	103125.308358	W	0.037903
01980006648212	103125.346261	S	1.252113
01980030688784	103126.598374	W	0.043492
01980031523832	103126.641866	S	1.226519
01980055072992	103127.868385	W	0.047238
01980055979960	103127.915623	S	1.242770
01980079841148	103129.158393	W	0.018877
01980080203588	103129.177270	S	0.204686
01980084133564	103129.381956	W	0.014719
01980084416160	103129.396675	S	1.031761
01980104225980	103130.428436	W	0.037234
01980104940880	103130.465671	S	1.252638
01980128991536	103131.718309	W	0.018972
01980129355804	103131.737281	S	1.261008
01980153567152	103132.998289	W	0.046160
01980154453432	103133.044450	S	0.506991
01980164187652	103133.551440	W	0.114266
01980166381568	103133.665707	S	0.602652
01980177952492	103134.268359	W	0.037520
01980178672868	103134.305879	S	1.242425
01980202527428	103135.548304	W	0.045775
01980203406316	103135.594079	S	1.234219
01980227103324	103136.828298	W	0.046770
01980228001316	103136.875069	S	1.243240
01980251871528	103138.118309	W	0.018987
01980252236084	103138.137296	S	1.261009
01980276447448	103139.398305	W	0.018969
01980276811652	103139.417274	S	1.261050
01980301023820	103140.678324	W	0.018914
01980301386976	103140.697238	S	1.261099
01980325600080	103141.958337	W	0.018841
01980325961836	103141.977179	S	1.251132
01980349983564	103143.228311	W	0.037318
01980350700076	103143.265629	S	1.252663
01980374751212	103144.518292	W	0.018914
01980375114368	103144.537207	S	1.251089
01980399135276	103145.788296	W	0.037267
01980399850796	103145.825562	S	1.252728
01980423903172	103147.078290	W	0.053909
01980424938232	103147.132200	S	1.216061
01980448286612	103148.348261	W	0.046884
01980449186780	103148.395145	S	1.243128
01980473054844	103149.638273	W	0.019931
01980473437528	103149.658205	S	1.250076
01980497438996	103150.908281	W	0.038093
01980498170376	103150.946374	S	1.241890
01980522014660	103152.188264	W	0.037054
01980522726092	103152.225317	S	1.252932
01980546782392	103153.478250	W	0.018891
01980547145096	103153.497140	S	1.261101
01980571358232	103154.758241	W	0.018872
01980571720568	103154.777113	S	1.251118
01980595742040	103156.028231	W	0.055256
01980596802948	103156.083487	S	1.224740
01980620317960	103157.308227	W	0.038052
01980621048560	103157.346279	S	1.241954
01980644894080	103158.588233	W	0.037205
01980645608412	103158.625438	S	1.242774
01980669469668	103159.868212	W	0.036820
01980670176608	103159.905032	S	1.253184
01980694237732	103161.158215	W	0.018964
01980694601848	103161.177180	S	1.261031
01980718813652	103162.438211	W	0.018883
01980719176200	103162.457094	S	1.251114
01980743197588	103163.708208	W	0.037209
01980743912008	103163.745417	S	1.242778
01980767773336	103164.988195	W	0.037154
01980768486684	103165.025348	S	1.242838
01980792349172	103166.268186	W	0.037178
01980793062992	103166.305364	S	1.242818
01980816925104	103167.548183	W	0.037250
01980817640296	103167.585432	S	1.252747
01980841693032	103168.838179	W	0.018890
01980842055728	103168.857069	S	1.251086
01980866076588	103170.108156	W	0.055126
01980867135008	103170.163282	S	1.224861
01980890652344	103171.388143	W	0.037845
01980891378964	103171.425988	S	1.242183
01980915228876	103172.668171	W	0.037247
01980915944016	103172.705417	S	1.242726
01980939804348	103173.948143	W	0.046178
01980940690968	103173.994321	S	1.233819
01980964380288	103175.228140	W	0.038285
01980965115364	103175.266425	S	1.241710
01980988956204	103176.508136	W	0.037069
01980989667928	103176.545205	S	1.242925
01981013532084	103177.788129	W	0.037138
01981014245132	103177.825267	S	1.242857
01981038107992	103179.068125	W	0.037183
01981038821908	103179.105308	S	1.242817
01981062683988	103180.348124	W	0.046209
01981063571208	103180.394334	S	1.233767
01981087259536	103181.628101	W	0.047268
01981088167080	103181.675369	S	1.232726
01981111835416	103182.908095	W	0.045794
01981112714668	103182.953889	S	1.234210
01981136411492	103184.188099	W	0.047130
01981137316384	103184.235228	S	1.242860
01981161179288	103185.478088	W	0.018841
01981161541032	103185.496929	S	1.251163
01981185563364	103186.748092	W	0.037269
01981186278924	103186.785361	S	1.252727
01981210331280	103188.038087	W	0.018886
01981210693884	103188.056973	S	1.251077
01981234714556	103189.308050	W	0.045811
01981235594132	103189.353861	S	1.234208
01981259290920	103190.588069	W	0.038249
01981260025300	103190.626318	S	0.195436
01981263777664	103190.821753	W	0.014854
01981264062868	103190.836608	S	1.041497
01981284059604	103191.878104	W	0.018901
01981284422508	103191.897006	S	1.260994
01981308633588	103193.157999	W	0.045116
01981309499824	103193.203116	S	1.224870
01981333017324	103194.427986	W	0.046960
01981333918952	103194.474945	S	1.233043
01981357593372	103195.707988	W	0.046338
01981358483064	103195.754326	S	1.233702
01981382170140	103196.988028	W	0.038226
01981382904076	103197.026254	S	1.251765
01981406937956	103198.278019	W	0.018893
01981407300696	103198.296911	S	1.251109
01981431321988	103199.548020	W	0.037196
01981432036144	103199.585216	S	1.242778
01981455897476	103200.827994	W	0.045955
01981456779820	103200.873949	S	1.234061
01981480473788	103202.108010	W	0.038209
01981481207400	103202.146219	S	1.241778
01981505049544	103203.387997	W	0.047252
01981505956780	103203.435249	S	1.242753
01981529817640	103204.678002	W	0.018924
01981530180976	103204.696926	S	1.261059
01981554393308	103205.957985	W	0.018924
01981554756648	103205.976909	S	1.261076
01981578969316	103207.237985	W	0.045152
01981579836236	103207.283137	S	1.224834
01981603353040	103208.507971	W	0.047241
01981604260064	103208.555212	S	1.232755
01981627928952	103209.787966	W	0.037258
01981628644308	103209.825224	S	1.242726
01981652504644	103211.067950	W	0.037210
01981653219084	103211.105161	S	1.252781
01981677272480	103212.357942	W	0.044894
01981678134448	103212.402836	S	1.225105
01981701656468	103213.627941	W	0.038189
01981702389704	103213.666130	S	1.251811
01981726424476	103214.917941	W	0.018907
01981726787496	103214.936849	S	1.251095
01981750808516	103216.187944	W	0.036984
01981751518604	103216.224927	S	1.253003
01981775576256	103217.477930	W	0.018909
01981775939308	103217.496839	S	1.251070
01981799959844	103218.747909	W	0.055294
01981801021492	103218.803203	S	1.224717
01981824536064	103220.027920	W	0.047232
01981825442912	103220.075152	S	1.232745
01981849111624	103221.307897	W	0.037103
01981849823996	103221.345000	S	1.252903
01981873879740	103222.597903	W	0.018944
01981874243472	103222.616848	S	1.251039
01981898263416	103223.867886	W	0.036757
01981898969144	103223.904643	S	1.243251
01981922839556	103225.147894	W	0.037317
01981923556040	103225.185210	S	1.252665
01981947607212	103226.437876	W	0.018863
01981947969388	103226.456739	S	1.251149
01981971991440	103227.707888	W	0.037095
01981972703660	103227.744982	S	1.252875
01981996758852	103228.997857	W	0.018821
01981997120220	103229.016678	S	1.251178
01982021142832	103230.267856	W	0.037134
01982021855812	103230.304990	S	1.252865
01982045910828	103231.557856	W	0.018937
01982046274424	103231.576793	S	1.261055
01982070486688	103232.837848	W	0.018797
01982070847592	103232.856645	S	1.251212
01982094870856	103234.107857	W	0.037151
01982095584156	103234.145008	S	1.252807
01982119638056	103235.397815	W	0.021588
01982120052544	103235.419403	S	1.248422
01982144022256	103236.667826	W	0.038184
01982144755392	103236.706010	S	1.241816
01982168598260	103237.947826	W	0.046200
01982169485296	103237.994026	S	1.233795
01982193174160	103239.227821	W	0.047142
01982194079284	103239.274963	S	1.232852
01982217750048	103240.507815	W	0.047253
01982218657296	103240.555067	S	1.232729
01982242325700	103241.787797	W	0.038211
01982243059348	103241.826008	S	1.241787
01982266901652	103243.067794	W	0.037118
01982267614316	103243.104912	S	1.242878
01982291477568	103244.347790	W	0.037140
01982292190660	103244.384930	S	1.242857
01982316053516	103245.627787	W	0.037187
01982316767504	103245.664974	S	1.242791
01982340629096	103246.907765	W	0.036826
01982341336164	103246.944592	S	1.243187
01982365205352	103248.187779	W	0.046203
01982366092440	103248.233981	S	1.233782
01982389781048	103249.467763	W	0.047216
01982390687592	103249.514979	S	1.242782
01982414549012	103250.757761	W	0.018971
01982414913260	103250.776732	S	1.261022
01982439124876	103252.037754	W	0.018758
01982439485024	103252.056512	S	0.204170
01982443405092	103252.260682	W	0.014792
01982443689092	103252.275474	S	1.032332
01982463509864	103253.307805	W	0.046229
01982464397456	103253.354034	S	1.233652
01982488083568	103254.587686	W	0.047302
01982488991772	103254.634988	S	1.242695
01982512851508	103255.877683	W	0.019930
01982513234156	103255.897612	S	1.260057
01982537427256	103257.157670	W	0.046120
01982538312756	103257.203789	S	1.223854
01982561810752	103258.427643	W	0.037948
01982562539352	103258.465591	S	1.252108
01982586579820	103259.717699	W	0.018954
01982586943728	103259.736652	S	1.251054
01982610963956	103260.987706	W	0.038210
01982611697596	103261.025916	S	1.241788
01982635539932	103262.267705	W	0.038200
01982636273376	103262.305905	S	1.241788
01982660115704	103263.547693	W	0.038157
01982660848320	103263.585850	S	1.251842
01982684883680	103264.837692	W	0.045157
01982685750700	103264.882849	S	1.224829
01982709267416	103266.107678	W	0.047202
01982710173688	103266.154880	S	1.232808
01982733843596	103267.387687	W	0.038207
01982734577164	103267.425894	S	1.241756
01982758418888	103268.667650	W	0.038226
01982759152824	103268.705876	S	1.241772
01982782994844	103269.947648	W	0.046776
01982783892952	103269.994425	S	1.233228
01982807570932	103271.227653	W	0.055271
01982808632144	103271.282924	S	1.224725
01982832146860	103272.507649	W	0.047045
01982833050120	103272.554694	S	1.232944
01982856722648	103273.787638	W	0.038202
01982857456120	103273.825840	S	1.241803
01982881298744	103275.067643	W	0.037189
01982882012776	103275.104832	S	1.242791
01982905874364	103276.347623	W	0.055167
01982906933576	103276.402790	S	1.224833
01982930450364	103277.627623	W	0.037987
01982931179720	103277.665610	S	1.242006
01982955026236	103278.907616	W	0.037246
01982955741364	103278.944863	S	1.252742
01982979794008	103280.197605	W	0.054074
01982980832236	103280.251679	S	1.215911
01983004177732	103281.467590	W	0.046782
01983005075940	103281.514372	S	1.233225
01983028753868	103282.747597	W	0.047214
01983029660368	103282.794811	S	1.232772
01983053329584	103284.027582	W	0.038257
01983054064112	103284.065839	S	1.251746
01983078097644	103285.317586	W	0.018730
01983078457264	103285.336316	S	1.261256
01983102673376	103286.597572	W	0.018836
01983103035032	103286.616408	S	1.251174
01983127057572	103287.867582	W	0.055270
01983128118760	103287.922852	S	1.224704
01983151633080	103289.147556	W	0.038280
01983152368052	103289.185836	S	1.241715
01983176208988	103290.427551	W	0.047237
01983177115944	103290.474789	S	1.232766
01983200785052	103291.707555	W	0.037227
01983201499808	103291.744782	S	1.252772
01983225553032	103292.997554	W	0.018569
01983225909560	103293.016123	S	1.251404
01983249936520	103294.267527	W	0.046287
01983250825236	103294.313814	S	1.233710
01983274512472	103295.547525	W	0.046999
01983275414852	103295.594524	S	1.232997
01983299088392	103296.827520	W	0.038207
01983299821972	103296.865728	S	1.241793
01983323664392	103298.107520	W	0.038159
01983324397048	103298.145680	S	1.241827
01983348240124	103299.387506	W	0.037156
01983348953512	103299.424662	S	1.252826
01983373007764	103300.677488	W	0.018866
01983373369984	103300.696353	S	1.251130
01983397391688	103301.947484	W	0.046205
01983398278816	103301.993688	S	1.233800
01983421967772	103303.227488	W	0.038120
01983422699680	103303.265608	S	1.241871
01983446543604	103304.507479	W	0.037803
01983447269412	103304.545282	S	1.242197
01983471119588	103305.787479	W	0.037243
01983471834660	103305.824722	S	1.242756
01983495695580	103307.067478	W	0.055074
01983496753004	103307.122552	S	1.224910
01983520271276	103308.347462	W	0.038251
01983521005688	103308.385713	S	1.241750
01983544847292	103309.627463	W	0.038161
01983545579984	103309.665624	S	1.241802
01983569422584	103310.907426	W	0.037822
01983570148768	103310.945248	S	1.242193
01983593998880	103312.187442	W	0.047190
01983594904932	103312.234632	S	1.232815
01983618574980	103313.467447	W	0.038138
01983619307232	103313.505585	S	0.195069
01983623052564	103313.700654	W	0.014910
01983623338832	103313.715564	S	1.031932
01983643151936	103314.747497	W	0.038181
01983643885020	103314.785678	S	1.241671
01983667725108	103316.027349	W	0.054974
01983668780612	103316.082324	S	1.225028
01983692301148	103317.307351	W	0.047332
01983693209928	103317.354684	S	1.232665
01983716877092	103318.587349	W	0.047236
01983717784028	103318.634585	S	1.232747
01983741452776	103319.867332	W	0.038326
01983742188628	103319.905658	S	1.251760
01983766222416	103321.157417	W	0.018857
01983766584468	103321.176274	S	1.251097
01983790605540	103322.427372	W	0.036825
01983791312580	103322.464197	S	1.243186
01983815181748	103323.707383	W	0.037220
01983815896372	103323.744603	S	1.242765
01983839757456	103324.987367	W	0.046256
01983840645580	103325.033624	S	1.233736
01983864333304	103326.267360	W	0.047249
01983865240492	103326.314609	S	1.242787
01983889102000	103327.557396	W	0.044816
01983889962472	103327.602212	S	1.225126
01983913484892	103328.827338	W	0.038324
01983914220716	103328.865662	S	1.241675
01983938060884	103330.107338	W	0.037231
01983938775712	103330.144568	S	1.242757
01983962636640	103331.387325	W	0.055174
01983963695972	103331.442499	S	1.224830
01983987212704	103332.667328	W	0.038268
01983987947440	103332.705596	S	1.241722
01984011788496	103333.947318	W	0.045958
01984012670888	103333.993275	S	1.234047
01984036364588	103335.227322	W	0.038241
01984037098808	103335.265563	S	1.251755
01984061132504	103336.517318	W	0.018960
01984061496540	103336.536278	S	1.261031
01984085708328	103337.797309	W	0.018891
01984086071028	103337.816199	S	1.251110
01984110092340	103339.067309	W	0.037159
01984110805788	103339.104468	S	1.242836
01984134668248	103340.347305	W	0.037226
01984135382984	103340.384530	S	1.242764
01984159244056	103341.627295	W	0.037161
01984159957552	103341.664456	S	1.242843
01984183820132	103342.907299	W	0.037207
01984184534512	103342.944506	S	1.252768
01984208587656	103344.197274	W	0.018863
01984208949828	103344.216137	S	1.251130
01984232971516	103345.467266	W	0.036887
01984233679740	103345.504153	S	1.253112
01984257739492	103346.757265	W	0.045077
01984258604976	103346.802342	S	1.224918
01984282123400	103348.027260	W	0.047221
01984283030052	103348.074482	S	1.232774
01984306699308	103349.307256	W	0.038091
01984307430664	103349.345347	S	1.241879
01984331274748	103350.587226	W	0.037007
01984331985292	103350.624234	S	1.243003
01984355850948	103351.867237	W	0.046270
01984356739340	103351.913507	S	1.233726
01984380426888	103353.147234	W	0.047243
01984381333960	103353.194477	S	1.242762
01984405194988	103354.437239	W	0.046072
01984406079576	103354.483311	S	1.223914
01984429578720	103355.707225	W	0.038240
01984430312936	103355.745465	S	1.241726
01984454154072	103356.987191	W	0.046958
01984455055672	103357.034150	S	1.233046
01984478730164	103358.267196	W	0.038171
01984479463048	103358.305367	S	1.241835
01984503306276	103359.547202	W	0.046192
01984504193164	103359.593394	S	1.233815
01984527882404	103360.827209	W	0.047194
01984528788536	103360.874403	S	1.232780
01984552457920	103362.107183	W	0.037174
01984553171652	103362.144357	S	1.242821
01984577033820	103363.387178	W	0.037283
01984577749652	103363.424461	S	1.242704
01984601609576	103364.667165	W	0.046186
01984602496340	103364.713351	S	1.233819
01984626185664	103365.947170	W	0.038290
01984626920828	103365.985460	S	1.251716
01984650953776	103367.237176	W	0.018865
01984651315984	103367.256041	S	1.261087
01984675528860	103368.517128	W	0.018516
01984675884360	103368.535644	S	1.261503
01984700105216	103369.797147	W	0.054096
01984701143864	103369.851243	S	1.215896
01984724489064	103371.067139	W	0.038214
01984725222772	103371.105353	S	1.241778
01984749064912	103372.347131	W	0.038031
01984749795100	103372.385161	S	1.241972
01984773640972	103373.627134	W	0.037197
01984774355156	103373.664331	S	1.242796
01984798216844	103374.907127	W	0.055200
01984799276692	103374.962328	S	0.177542
01984802685492	103375.139869	W	0.014874
01984802971068	103375.154743	S	1.032425
01984822793620	103376.187168	W	0.038060
01984823524376	103376.225228	S	1.241824
01984847367404	103377.467052	W	0.037135
01984848080400	103377.504188	S	1.242860
01984871943308	103378.747047	W	0.046212
01984872830576	103378.793259	S	1.233772
01984896518996	103380.027031	W	0.038051
01984897249584	103380.065083	S	1.251954
01984921287108	103381.317037	W	0.018957
01984921651092	103381.335994	S	1.261097
01984945864156	103382.597091	W	0.018879
01984946226624	103382.615970	S	1.251113
01984970247984	103383.867083	W	0.037053
01984970959400	103383.904135	S	1.242932
01984994823700	103385.147068	W	0.046116
01984995709132	103385.193184	S	1.233866
01985019399364	103386.427050	W	0.038163
01985020132084	103386.465213	S	1.241838
01985043975368	103387.707050	W	0.055214
01985045035468	103387.762264	S	1.224790
01985068551440	103388.987054	W	0.047236
01985069458364	103389.034290	S	1.232760
01985093127360	103390.267050	W	0.047114
01985094031952	103390.314164	S	1.232852
01985117702708	103391.547016	W	0.037007
01985118413244	103391.584023	S	1.253016
01985142471160	103392.837040	W	0.019932
01985142853848	103392.856971	S	1.260056
01985167046916	103394.117027	W	0.046080
01985167931656	103394.163107	S	1.223919
01985191430904	103395.387026	W	0.038164
01985192163660	103395.425191	S	1.241805
01985216006320	103396.666996	W	0.038316
01985216741980	103396.705311	S	1.241691
01985240582440	103397.947002	W	0.038220
01985241316260	103397.985222	S	1.251778
01985265350400	103399.237000	W	0.054098
01985266389084	103399.291098	S	1.215895
01985289734276	103400.506994	W	0.038169
01985290467112	103400.545162	S	1.241820
01985314310048	103401.786982	W	0.038304
01985315045492	103401.825286	S	1.241668
01985338885520	103403.066954	W	0.054890
01985339939416	103403.121845	S	1.225130
01985363461912	103404.346975	W	0.047309
01985364370236	103404.394283	S	1.232678
01985388037644	103405.626961	W	0.038136
01985388769860	103405.665097	S	1.241861
01985412613592	103406.906958	W	0.038263
01985413348244	103406.945221	S	1.241741
01985437189680	103408.186962	W	0.047209
01985438096088	103408.234171	S	1.232777
01985461765404	103409.466948	W	0.038105
01985462497020	103409.505053	S	1.241890
01985486341304	103410.746943	W	0.047188
01985487247316	103410.794131	S	1.232806
01985510917200	103412.026938	W	0.038251
01985511651624	103412.065189	S	1.241738
01985535492988	103413.306926	W	0.047021
01985536395788	103413.353947	S	1.232958
01985560068576	103414.586905	W	0.054901
01985561122680	103414.641806	S	1.225099
01985584644588	103415.866906	W	0.047303
01985585552812	103415.914209	S	1.232692
01985609220508	103417.146901	W	0.038191
01985609953776	103417.185093	S	1.241804
01985633796412	103418.426896	W	0.047192
01985634702500	103418.474089	S	1.232806
01985658372372	103419.706894	W	0.038180
01985659105424	103419.745074	S	1.241787
01985682947740	103420.986861	W	0.047151
01985683853044	103421.034013	S	1.232870
01985707524144	103422.266883	W	0.038234
01985708258232	103422.305116	S	1.241774
01985732100300	103423.546891	W	0.047159
01985733005760	103423.594050	S	1.232819
01985756675880	103424.826869	W	0.047228
01985757582652	103424.874096	S	1.232739
01985781251244	103426.106836	W	0.037961
01985781980096	103426.144797	S	1.242053
01985805827508	103427.386849	W	0.038280
01985806562480	103427.425129	S	1.241701
01985830403144	103428.666830	W	0.047185
01985831309092	103428.714015	S	1.232824
01985854979304	103429.946839	W	0.047229
01985855886104	103429.994068	S	1.232777
01985879555420	103431.226845	W	0.047201
01985880461672	103431.274045	S	1.232779
01985904131024	103432.506824	W	0.038107
01985904862672	103432.544931	S	1.241897
01985928707100	103433.786828	W	0.038155
01985929439680	103433.824983	S	1.241828
01985953282772	103435.066811	W	0.047016
01985954185488	103435.113827	S	1.232981
01985977858728	103436.346809	W	0.038061
01985978589496	103436.384870	S	0.197286
01985982377392	103436.582156	W	0.014916
01985982663788	103436.597072	S	1.029775
01986002435460	103437.626847	W	0.037986
01986003164788	103437.664833	S	1.241925
01986027009744	103438.906757	W	0.038285
01986027744824	103438.945043	S	1.241690
01986051585280	103440.186733	W	0.038268
01986052320016	103440.225001	S	1.241759
01986076161780	103441.466759	W	0.047210
01986077068220	103441.513970	S	1.232785
01986100737696	103442.746755	W	0.038043
01986101468124	103442.784798	S	1.241922
01986125313032	103444.026720	W	0.046846
01986126212480	103444.073567	S	1.233180
01986149889532	103445.306746	W	0.055203
01986150949420	103445.361949	S	1.224819
01986174465940	103446.586768	W	0.046984
01986175368032	103446.633752	S	1.232978
01986199041216	103447.866730	W	0.038263
01986199775868	103447.904993	S	1.241747
01986223617408	103449.146740	W	0.047194
01986224523532	103449.193934	S	1.232798
01986248193256	103450.426732	W	0.038263
01986248927912	103450.464995	S	1.241724
01986272769016	103451.706720	W	0.047198
01986273675212	103451.753917	S	1.232817
01986297345300	103452.986734	W	0.038256
01986298079816	103453.024990	S	1.241719
01986321920828	103454.266710	W	0.038174
01986322653772	103454.304884	S	1.241800
01986346496332	103455.546684	W	0.046923
01986347397252	103455.593607	S	1.233094
01986371072660	103456.826701	W	0.038242
01986371806912	103456.864943	S	1.241752
01986395648556	103458.106696	W	0.038217
01986396382324	103458.144913	S	1.241772
01986420224348	103459.386685	W	0.047187
01986421130332	103459.433871	S	1.232817
01986444800420	103460.666689	W	0.038218
01986445534204	103460.704906	S	1.241770
01986469376188	103461.946676	W	0.038195
01986470109532	103461.984871	S	1.251786
01986494143820	103463.236657	W	0.018909
01986494506864	103463.255566	S	1.261086
01986518719716	103464.516652	W	0.054088
01986519758212	103464.570740	S	1.215930
01986543104076	103465.786671	W	0.047230
01986544010900	103465.833901	S	1.242732
01986567871356	103467.076633	W	0.019519
01986568246112	103467.096152	S	1.260492
01986592447552	103468.356643	W	0.019889
01986592829424	103468.376532	S	1.260099
01986617023316	103469.636631	W	0.019854
01986617404520	103469.656485	S	1.260138
01986641599176	103470.916624	W	0.019797
01986641979276	103470.936421	S	1.260212
01986666175340	103472.196632	W	0.019678
01986666553156	103472.216310	S	1.260303
01986690750976	103473.476613	W	0.019849
01986691132080	103473.496462	S	1.260148
01986715326920	103474.756610	W	0.019791
01986715706912	103474.776402	S	1.260206
01986739902864	103476.036608	W	0.019914
01986740285212	103476.056521	S	1.260071
01986764478584	103477.316593	W	0.019947
01986764861568	103477.336540	S	1.260044
01986789054404	103478.596584	W	0.019451
01986789427868	103478.616035	S	1.260546
01986813630344	103479.876580	W	0.020008
01986814014504	103479.896589	S	1.260001
01986838206520	103481.156590	W	0.022828
01986838644820	103481.179418	S	1.257150
01986862782100	103482.436568	W	0.018880
01986863144588	103482.455447	S	1.261108
01986887357860	103483.716555	W	0.018964
01986887721972	103483.735519	S	1.261033
01986911933804	103484.996552	W	0.018899
01986912296656	103485.015451	S	1.261100
01986936509780	103486.276551	W	0.018937
01986936873372	103486.295488	S	1.261064
01986961085796	103487.556552	W	0.018913
01986961448920	103487.575465	S	1.261063
01986985661328	103488.836527	W	0.018969
01986986025540	103488.855497	S	1.261038
01987010237460	103490.116534	W	0.053652
01987011267584	103490.170187	S	1.216334
01987034621188	103491.386520	W	0.038228
01987035355164	103491.424748	S	1.241756
01987059196888	103492.666505	W	0.047246
01987060104016	103492.713751	S	1.242767
01987083965140	103493.956518	W	0.018659
01987084323388	103493.975176	S	1.261328
01987108540888	103495.236505	W	0.018869
01987108903164	103495.255373	S	1.261106
01987133116400	103496.516479	W	0.018578
01987133473092	103496.535057	S	1.261432
01987157692588	103497.796489	W	0.018658
01987158050820	103497.815147	S	0.205557
01987161997516	103498.020704	W	0.014786
01987162281412	103498.035490	S	1.041049
01987182269560	103499.076540	W	0.018891
01987182632268	103499.095431	S	1.260983
01987206843148	103500.356414	W	0.018808
01987207204260	103500.375222	S	1.261205
01987231419396	103501.636427	W	0.018704
01987231778512	103501.655131	S	1.261297
01987255995416	103502.916428	W	0.019020
01987256360608	103502.935448	S	1.260976
01987280571352	103504.196425	W	0.018928
01987280934768	103504.215353	S	1.261058
01987305147084	103505.476411	W	0.018951
01987305510940	103505.495361	S	1.261093
01987329723924	103506.756454	W	0.018943
01987330087636	103506.775398	S	1.261036
01987354299524	103508.036434	W	0.021626
01987354714752	103508.058060	S	1.248370
01987378683464	103509.306430	W	0.047270
01987379591044	103509.353700	S	1.232725
01987403259368	103510.586425	W	0.047206
01987404165716	103510.633631	S	1.242790
01987428027284	103511.876421	W	0.018864
01987428389476	103511.895285	S	1.261120
01987452602976	103513.156405	W	0.018819
01987452964300	103513.175224	S	1.261194
01987477179224	103514.436418	W	0.018999
01987477544000	103514.455417	S	1.260969
01987501754600	103515.716385	W	0.018720
01987502114024	103515.735105	S	1.261281
01987526330628	103516.996387	W	0.018956
01987526694592	103517.015343	S	1.261035
01987550906456	103518.276378	W	0.045134
01987551773036	103518.321512	S	1.224846
01987575290080	103519.546358	W	0.038189
01987576023300	103519.584547	S	1.241833
01987599866496	103520.826380	W	0.047213
01987600772992	103520.873593	S	1.232772
01987624442216	103522.106365	W	0.038248
01987625176584	103522.144614	S	1.251752
01987649210220	103523.396366	W	0.053915
01987650245388	103523.450281	S	1.218077
01987673632472	103524.668358	W	0.036105
01987674325696	103524.704463	S	1.251884
01987698361868	103525.956347	W	0.019049
01987698727616	103525.975397	S	1.260941
01987722937692	103527.236338	W	0.018933
01987723301200	103527.255271	S	1.251062
01987747321600	103528.506333	W	0.046115
01987748207016	103528.552449	S	1.233874
01987771897392	103529.786323	W	0.038217
01987772631164	103529.824540	S	1.241777
01987796473280	103531.066317	W	0.046983
01987797375360	103531.113300	S	1.233013
01987821049204	103532.346313	W	0.038073
01987821780204	103532.384386	S	1.241922
01987845625108	103533.626308	W	0.037212
01987846339580	103533.663520	S	1.252796
01987870393260	103534.916316	W	0.018934
01987870756796	103534.935250	S	1.261028
01987894968540	103536.196278	W	0.018894
01987895331304	103536.215172	S	1.261117
01987919544748	103537.476289	W	0.018899
01987919907600	103537.495187	S	1.261072
01987944120188	103538.756260	W	0.018749
01987944480168	103538.775009	S	1.261269
01987968696540	103540.036278	W	0.018852
01987969058504	103540.055130	S	1.261115
01987993271916	103541.316246	W	0.018927
01987993635320	103541.335173	S	1.261097
01988017848388	103542.596270	W	0.018896
01988018211188	103542.615166	S	1.261067
01988042423672	103543.876233	W	0.018906
01988042786668	103543.895139	S	0.467929
01988051770908	103544.363068	W	0.001314
01988051796140	103544.364382	S	0.791925
01988067001108	103545.156308	W	0.054074
01988068039328	103545.210382	S	1.215806
01988091382800	103546.426187	W	0.038294
01988092118036	103546.464481	S	1.251688
01988116150452	103547.716169	W	0.018855
01988116512460	103547.735024	S	1.261145
01988140726436	103548.996169	W	0.018974
01988141090736	103549.015142	S	1.261060
01988165303088	103550.276202	W	0.018986
01988165667628	103550.295189	S	1.261011
01988189879044	103551.556200	W	0.018946
01988190242816	103551.575147	S	1.261058
01988214455128	103552.836205	W	0.018937
01988214818712	103552.855141	S	1.261060
01988239031060	103554.116201	W	0.054060
01988240069004	103554.170261	S	1.215915
01988263414572	103555.386176	W	0.038292
01988264149776	103555.424467	S	1.251703
01988288182472	103556.676170	W	0.018932
01988288545964	103556.695102	S	1.261085
01988312758792	103557.956187	W	0.018960
01988313122824	103557.975147	S	1.261018
01988337334372	103559.236165	W	0.018950
01988337698212	103559.255115	S	0.206599
01988341664916	103559.461714	W	0.014786
01988341948808	103559.476500	S	1.039730
01988361911616	103560.516230	W	0.018870
01988362273920	103560.535100	S	1.261002
01988386485156	103561.796102	W	0.018851
01988386847092	103561.814953	S	1.261178
01988411061712	103563.076131	W	0.018949
01988411425536	103563.095080	S	1.261045
01988435637604	103564.356125	W	0.018758
01988435997764	103564.374884	S	1.261240
01988460213564	103565.636123	W	0.018940
01988460577212	103565.655063	S	1.261046
01988484789288	103566.916109	W	0.018742
01988485149136	103566.934851	S	1.261285
01988509365804	103568.196136	W	0.018892
01988509728528	103568.215028	S	1.251070
01988533749080	103569.466098	W	0.046184
01988534635816	103569.512282	S	1.233814
01988558325040	103570.746096	W	0.038252
01988559059484	103570.784348	S	1.241743
01988582900944	103572.026091	W	0.047025
01988583803820	103572.073116	S	1.242982
01988607669072	103573.316098	W	0.054012
01988608706100	103573.370109	S	1.215985
01988632053016	103574.586095	W	0.038170
01988632785884	103574.624265	S	1.241826
01988656628952	103575.866091	W	0.055208
01988657688948	103575.921299	S	1.224777
01988681204660	103577.146076	W	0.038173
01988681937588	103577.184249	S	1.241830
01988705780732	103578.426080	W	0.047030
01988706683700	103578.473109	S	1.232956
01988730356448	103579.706065	W	0.038231
01988731090492	103579.744296	S	1.241767
01988754932428	103580.986064	W	0.038260
01988755667012	103581.024324	S	1.241727
01988779508176	103582.266051	W	0.046050
01988780392344	103582.312101	S	1.233952
01988804084228	103583.546054	W	0.047020
01988804987020	103583.593074	S	1.232969
01988828660028	103584.826043	W	0.047063
01988829563640	103584.873106	S	1.232938
01988853236048	103586.106044	W	0.046131
01988854121764	103586.152175	S	1.233854
01988877811752	103587.386029	W	0.038171
01988878544644	103587.424200	S	1.241830
01988902387772	103588.666030	W	0.038225
01988903121692	103588.704255	S	1.251780
01988927155864	103589.956035	W	0.045053
01988928020888	103590.001088	S	1.224900
01988951538968	103591.225988	W	0.038239
01988952273156	103591.264227	S	1.241776
01988976115252	103592.506003	W	0.047088
01988977019348	103592.553091	S	1.232899
01989000691016	103593.785990	W	0.047036
01989001594104	103593.833026	S	1.232957
01989025266888	103595.065984	W	0.047063
01989026170500	103595.113047	S	1.232931
01989049842772	103596.345978	W	0.054212
01989050883648	103596.400190	S	1.225792
01989074418852	103597.625982	W	0.038079
01989075149976	103597.664061	S	1.241913
01989098994712	103598.905975	W	0.055259
01989100055692	103598.961234	S	1.224738
01989123570652	103600.185971	W	0.047016
01989124473368	103600.232988	S	1.232966
01989148146312	103601.465954	W	0.038255
01989148880800	103601.504208	S	1.241741
01989172722232	103602.745950	W	0.047086
01989173626284	103602.793036	S	1.232912
01989197298188	103604.025947	W	0.047017
01989198200916	103604.072964	S	1.232959
01989221873720	103605.305923	W	0.038066
01989222604580	103605.343989	S	1.241948
01989246449988	103606.585937	W	0.038201
01989247183456	103606.624138	S	1.241787
01989271025772	103607.865926	W	0.047059
01989271929308	103607.912985	S	1.232939
01989295601728	103609.145923	W	0.047104
01989296506124	103609.193027	S	1.232887
01989320177560	103610.425915	W	0.038212
01989320911224	103610.464126	S	1.241785
01989344753500	103611.705911	W	0.047130
01989345658404	103611.753042	S	1.242865
01989369521408	103612.995907	W	0.018861
01989369883544	103613.014768	S	1.261112
01989394096888	103614.275880	W	0.054039
01989395134440	103614.329919	S	1.215964
01989418480944	103615.545882	W	0.047064
01989419384572	103615.592946	S	1.232937
01989443056968	103616.825884	W	0.038219
01989443790764	103616.864102	S	1.241774
01989467632828	103618.105876	W	0.047007
01989468535356	103618.152883	S	1.232972
01989492208424	103619.385855	W	0.047109
01989493112924	103619.432965	S	1.234896
01989516822928	103620.667861	W	0.036191
01989517517800	103620.704052	S	0.196505
01989521290688	103620.900557	W	0.014865
01989521576096	103620.915422	S	1.040488
01989541553468	103621.955910	W	0.018899
01989541916324	103621.974809	S	1.260991
01989566127356	103623.235800	W	0.045141
01989566994056	103623.280940	S	1.226866
01989590549884	103624.507806	W	0.045006
01989591414008	103624.552813	S	1.232977
01989615087160	103625.785790	W	0.047101
01989615991504	103625.832891	S	1.232902
01989639663216	103627.065792	W	0.038302
01989640398620	103627.104095	S	1.251676
01989664430804	103628.355771	W	0.054151
01989665470504	103628.409922	S	1.215907
01989688815920	103629.625829	W	0.047083
01989689719916	103629.672912	S	1.232895
01989713391492	103630.905807	W	0.047069
01989714295220	103630.952876	S	1.232925
01989737967384	103632.185801	W	0.037245
01989738682480	103632.223046	S	1.252745
01989762735192	103633.475791	W	0.018898
01989763098028	103633.494689	S	1.261094
01989787311040	103634.755783	W	0.018881
01989787673556	103634.774664	S	1.261127
01989811887200	103636.035792	W	0.018733
01989812246880	103636.054525	S	1.261242
01989836462720	103637.315767	W	0.045161
01989837329812	103637.360928	S	1.224837
01989860846676	103638.585764	W	0.038160
01989861579352	103638.623925	S	1.241832
01989885422524	103639.865756	W	0.037067
01989886134208	103639.902823	S	1.242921
01989909998296	103641.145745	W	0.055172
01989911057608	103641.200917	S	1.224835
01989934574440	103642.425752	W	0.038232
01989935308496	103642.463984	S	1.241764
01989959150372	103643.705749	W	0.047037
01989960053488	103643.752786	S	1.232955
01989983726224	103644.985741	W	0.038183
01989984459328	103645.023923	S	1.241803
01990008301952	103646.265727	W	0.047079
01990009205876	103646.312806	S	1.232907
01990032877684	103647.545713	W	0.046186
01990033764448	103647.591898	S	1.233812
01990057453648	103648.825711	W	0.038071
01990058184616	103648.863782	S	1.241927
01990082029616	103650.105709	W	0.047056
01990082933100	103650.152766	S	1.232930
01990106605352	103651.385695	W	0.038180
01990107338404	103651.423875	S	1.241829
01990131181524	103652.665704	W	0.038240
01990131915736	103652.703945	S	1.241751
01990155757360	103653.945696	W	0.046983
01990156659436	103653.992679	S	1.233010
01990180333236	103655.225689	W	0.038172
01990181066144	103655.263862	S	1.241817
01990204909036	103656.505679	W	0.047056
01990205812512	103656.552735	S	1.232934
01990229484844	103657.785669	W	0.055212
01990230544920	103657.840881	S	1.224775
01990254060608	103659.065657	W	0.038213
01990254794300	103659.103870	S	1.241794
01990278636744	103660.345664	W	0.047117
01990279541384	103660.392780	S	1.232868
01990303212444	103661.625648	W	0.047065
01990304116092	103661.672713	S	1.232931
01990327788376	103662.905645	W	0.038251
01990328522804	103662.943896	S	1.241734
01990352364104	103664.185630	W	0.047103
01990353268476	103664.232733	S	1.232902
01990376940188	103665.465635	W	0.038089
01990377671504	103665.503724	S	1.251929
01990401708548	103666.755654	W	0.018886
01990402071152	103666.774539	S	1.261077
01990426283836	103668.035616	W	0.018725
01990426643356	103668.054341	S	1.251255
01990450667460	103669.305597	W	0.055204
01990451727384	103669.360801	S	1.224788
01990475243316	103670.585589	W	0.038267
01990475978044	103670.623856	S	1.241728
01990499819228	103671.865585	W	0.038041
01990500549608	103671.903625	S	1.241965
01990524395336	103673.145590	W	0.046156
01990525281540	103673.191747	S	1.233845
01990548971356	103674.425591	W	0.046878
01990549871412	103674.472469	S	0.040797
01990550654720	103674.513267	W	0.001086
01990550675568	103674.514353	S	1.191256
01990573547684	103675.705609	W	0.038195
01990574281028	103675.743804	S	1.241742
01990598122468	103676.985545	W	0.037174
01990598836208	103677.022719	S	1.242813
01990622698212	103678.265532	W	0.055243
01990623758880	103678.320775	S	1.224755
01990647274168	103679.545530	W	0.047122
01990648178920	103679.592652	S	1.232901
01990671850616	103680.825553	W	0.055212
01990672910692	103680.880765	S	1.224777
01990696426408	103682.105542	W	0.047031
01990697329404	103682.152573	S	0.188082
01990700940572	103682.340655	W	0.014759
01990701223940	103682.355414	S	1.030169
01990721003192	103683.385583	W	0.038184
01990721736332	103683.423767	S	1.241720
01990745577364	103684.665488	W	0.047173
01990746483092	103684.712661	S	1.232827
01990770153380	103685.945489	W	0.038258
01990770887928	103685.983746	S	1.241750
01990794729524	103687.225496	W	0.047080
01990795633464	103687.272576	S	1.232911
01990819305364	103688.505488	W	0.038277
01990820040276	103688.543764	S	1.241720
01990843881292	103689.785484	W	0.038251
01990844615720	103689.823735	S	1.241734
01990868457008	103691.065469	W	0.038120
01990869188912	103691.103589	S	1.241912
01990893033616	103692.345501	W	0.047068
01990893937328	103692.392569	S	1.232924
01990917609476	103693.625494	W	0.038204
01990918342992	103693.663698	S	1.241791
01990942185376	103694.905488	W	0.047093
01990943089568	103694.952582	S	1.232901
01990966761264	103696.185483	W	0.038200
01990967494704	103696.223682	S	1.241788
01990991337040	103697.465471	W	0.047050
01990992240400	103697.512521	S	1.232945
01991015912948	103698.745466	W	0.038182
01991016646036	103698.783648	S	1.241801
01991040488624	103700.025449	W	0.038190
01991041221864	103700.063639	S	1.241810
01991065064612	103701.305449	W	0.047113
01991065969176	103701.352561	S	1.232887
01991089640604	103702.585448	W	0.047116
01991090545224	103702.632564	S	1.232881
01991114216540	103703.865445	W	0.038046
01991114947024	103703.903491	S	1.241936
01991138792192	103705.145427	W	0.047031
01991139695192	103705.192458	S	1.232968
01991163368184	103706.425426	W	0.047128
01991164273032	103706.472554	S	1.232862
01991187943984	103707.705416	W	0.047132
01991188848920	103707.752548	S	1.232866
01991212519940	103708.985414	W	0.038095
01991213251356	103709.023508	S	1.241900
01991237095836	103710.265408	W	0.038052
01991237826428	103710.303460	S	1.241940
01991261671684	103711.545400	W	0.047147
01991262576904	103711.592547	S	1.232844
01991286247512	103712.825391	W	0.038250
01991286981920	103712.863642	S	1.241732
01991310823172	103714.105374	W	0.038282
01991311558184	103714.143655	S	1.241717
01991335399152	103715.385372	W	0.047126
01991336303980	103715.432499	S	1.232873
01991359975132	103716.665371	W	0.047065
01991360878776	103716.712436	S	1.232927
01991384550980	103717.945364	W	0.047111
01991385455516	103717.992475	S	1.242913
01991409319452	103719.235388	W	0.045104
01991410185452	103719.280492	S	1.224840
01991433702372	103720.505332	W	0.038227
01991434436324	103720.543559	S	1.251774
01991458470380	103721.795332	W	0.018950
01991458834212	103721.814282	S	1.261053
01991483046436	103723.075335	W	0.018871
01991483408768	103723.094207	S	1.251090
01991507429700	103724.345297	W	0.038180
01991508162760	103724.383477	S	1.241842
01991532006120	103725.625319	W	0.047178
01991532911932	103725.672496	S	1.232818
01991556582036	103726.905314	W	0.046138
01991557467880	103726.951452	S	1.233844
01991581157680	103728.185296	W	0.037969
01991581886684	103728.223265	S	0.339077
01991588396960	103728.562342	W	0.001021
01991588416560	103728.563363	S	0.004573
01991588504368	103728.567936	W	0.001030
01991588524140	103728.568966	S	0.511650
01991598347828	103729.080616	W	0.001370
01991598374128	103729.081986	S	0.383352
01991605734492	103729.465338	W	0.047091
01991606638648	103729.512430	S	1.232840
01991630309172	103730.745269	W	0.038130
01991631041260	103730.783399	S	1.251906
01991655077860	103732.035305	W	0.018777
01991655438388	103732.054083	S	1.251216
01991679461736	103733.305299	W	0.037323
01991680178336	103733.342622	S	1.252654
01991704229300	103734.595276	W	0.018724
01991704588808	103734.614000	S	1.251271
01991728613204	103735.865271	W	0.046305
01991729502260	103735.911576	S	1.233684
01991753188996	103737.145260	W	0.047316
01991754097464	103737.192576	S	1.232680
01991777764928	103738.425257	W	0.037995
01991778494428	103738.463251	S	1.242006
01991802340940	103739.705257	W	0.047330
01991803249672	103739.752587	S	1.232662
01991826916780	103740.985249	W	0.047352
01991827825936	103741.032601	S	1.232631
01991851492452	103742.265232	W	0.047093
01991852396640	103742.312325	S	1.232905
01991876068408	103743.545230	W	0.038311
01991876803976	103743.583540	S	0.198226
01991880609912	103743.781766	W	0.014804
01991880894156	103743.796571	S	1.028713
01991900645448	103744.825284	W	0.038350
01991901381764	103744.863634	S	1.241537
01991925219268	103746.105170	W	0.047409
01991926129520	103746.152579	S	1.232581
01991949795072	103747.385160	W	0.038346
01991950531312	103747.423506	S	1.241666
01991974371300	103748.665172	W	0.047394
01991975281268	103748.712566	S	1.232594
01991998947080	103749.945160	W	0.038380
01991999683976	103749.983540	S	1.241620
01992023523076	103751.225160	W	0.047338
01992024431964	103751.272498	S	1.232699
01992048099792	103752.505197	W	0.047309
01992049008120	103752.552506	S	1.232688
01992072675736	103753.785195	W	0.038280
01992073410704	103753.823474	S	1.241707
01992097251476	103755.065181	W	0.038342
01992097987640	103755.103523	S	1.241614
01992121826636	103756.345137	W	0.047384
01992122736412	103756.392521	S	1.232638
01992146403060	103757.625159	W	0.047298
01992147311184	103757.672457	S	1.232690
01992170978824	103758.905147	W	0.047347
01992171887884	103758.952494	S	1.232658
01992195554920	103760.185152	W	0.038386
01992196291940	103760.223539	S	1.241619
01992220131020	103761.465157	W	0.038282
01992220866040	103761.503440	S	1.241708
01992244706836	103762.745148	W	0.047219
01992245613432	103762.792366	S	1.232771
01992269282628	103764.025137	W	0.038170
01992270015496	103764.063307	S	1.241817
01992293858380	103765.305124	W	0.038321
01992294594140	103765.343445	S	1.241671
01992318434228	103766.585116	W	0.047326
01992319342880	103766.632442	S	1.232639
01992343009556	103767.865081	W	0.038071
01992343740512	103767.903152	S	1.241956
01992367586072	103769.145108	W	0.047365
01992368495484	103769.192473	S	1.232643
01992392162228	103770.425116	W	0.038336
01992392898284	103770.463452	S	1.241624
01992416737456	103771.705076	W	0.047350
01992417646572	103771.752426	S	1.232640
01992441313264	103772.985066	W	0.047371
01992442222784	103773.032437	S	1.232648
01992465889624	103774.265085	W	0.038347
01992466625880	103774.303431	S	1.241641
01992490465384	103775.545072	W	0.047218
01992491371972	103775.592290	S	1.232787
01992515041488	103776.825078	W	0.047284
01992515949336	103776.872361	S	1.232702
01992539617220	103778.105064	W	0.038303
01992540352636	103778.143366	S	1.241672
01992564192736	103779.385038	W	0.038226
01992564926668	103779.423264	S	1.241791
01992588769048	103780.665055	W	0.047122
01992589673788	103780.712176	S	1.232864
01992613344784	103781.945041	W	0.038305
01992614080232	103781.983345	S	1.241699
01992637920856	103783.225045	W	0.047333
01992638829656	103783.272378	S	1.232648
01992662496492	103784.505026	W	0.038311
01992663232064	103784.543337	S	1.241688
01992687072472	103785.785025	W	0.046334
01992687962084	103785.831359	S	1.233664
01992711648424	103787.065022	W	0.047287
01992712556328	103787.112309	S	1.232708
01992736224324	103788.345017	W	0.047304
01992737132568	103788.392321	S	1.232678
01992760799984	103789.624999	W	0.038322
01992761535764	103789.663321	S	1.241675
01992785375920	103790.904996	W	0.047358
01992786285188	103790.952354	S	1.232624
01992809951564	103792.184977	W	0.047320
01992810860100	103792.232297	S	1.232695
01992834527840	103793.464992	W	0.047389
01992835437704	103793.512380	S	1.232595
01992859103520	103794.744975	W	0.047368
01992860012980	103794.792343	S	1.232615
01992883679180	103796.024957	W	0.038375
01992884415988	103796.063333	S	1.241635
01992908255376	103797.304967	W	0.047322
01992909163952	103797.352289	S	1.232671
01992932831240	103798.584960	W	0.038251
01992933565652	103798.623211	S	1.241750
01992957407244	103799.864961	W	0.038027
01992958137360	103799.902987	S	1.241964
01992981983072	103801.144952	W	0.047356
01992982892312	103801.192308	S	1.232632
01993006558848	103802.424940	W	0.047354
01993007468044	103802.472294	S	1.232643
01993031134788	103803.704937	W	0.047332
01993032043572	103803.752269	S	1.232651
01993055710480	103804.984921	W	0.038162
01993056443184	103805.023083	S	0.197174
01993060228924	103805.220256	W	0.014945
01993060515864	103805.235201	S	1.029771
01993080287476	103806.264973	W	0.038301
01993081022860	103806.303274	S	1.251593
01993105053440	103807.554867	W	0.019046
01993105419132	103807.573913	S	1.260965
01993129629668	103808.834879	W	0.054234
01993130670952	103808.889112	S	1.215761
01993154013556	103810.104873	W	0.047373
01993154923116	103810.152246	S	1.232599
01993178589008	103811.384844	W	0.038427
01993179326812	103811.423271	S	1.251593
01993203357388	103812.674864	W	0.018720
01993203716816	103812.693584	S	1.261307
01993227933916	103813.954891	W	0.019029
01993228299264	103813.973920	S	1.260966
01993252509812	103815.234886	W	0.018964
01993252873928	103815.253850	S	1.260991
01993277084960	103816.514842	W	0.045301
01993277954740	103816.560143	S	1.224723
01993301469416	103817.784865	W	0.047320
01993302377968	103817.832186	S	1.232673
01993326045288	103819.064859	W	0.047348
01993326954368	103819.112207	S	1.232622
01993350620708	103820.344829	W	0.037313
01993351337112	103820.382141	S	1.242720
01993375197336	103821.624861	W	0.055329
01993376259644	103821.680190	S	1.224627
01993399772484	103822.904817	W	0.038391
01993400509588	103822.943208	S	1.251630
01993424540880	103824.194838	W	0.018834
01993424902484	103824.213671	S	1.251124
01993448924072	103825.464795	W	0.046394
01993449814828	103825.511189	S	1.233637
01993473500652	103826.744826	W	0.038361
01993474237184	103826.783187	S	1.241618
01993498076240	103828.024804	W	0.047327
01993498984916	103828.072131	S	1.232674
01993522652248	103829.304805	W	0.038258
01993523386804	103829.343063	S	1.241751
01993547228420	103830.584814	W	0.038348
01993547964700	103830.623161	S	1.241637
01993571804140	103831.864799	W	0.047349
01993572713236	103831.912148	S	1.232647
01993596380052	103833.144794	W	0.038274
01993597114912	103833.183068	S	1.241717
01993620955884	103834.424786	W	0.047248
01993621863040	103834.472033	S	1.232747
01993645531784	103835.704780	W	0.038282
01993646266792	103835.743062	S	1.241708
01993670107592	103836.984770	W	0.038149
01993670840052	103837.022919	S	1.241816
01993694682928	103838.264736	W	0.047319
01993695591448	103838.312055	S	1.232710
01993719259488	103839.544765	W	0.038293
01993719994704	103839.583057	S	1.241696
01993743835276	103840.824754	W	0.047337
01993744744140	103840.872091	S	1.232645
01993768410932	103842.104736	W	0.038399
01993769148192	103842.143135	S	1.241599
01993792986888	103843.384734	W	0.047313
01993793895296	103843.432047	S	1.232689
01993817562924	103844.664736	W	0.047335
01993818471752	103844.712070	S	1.232653
01993842138684	103845.944723	W	0.038187
01993842871868	103845.982910	S	1.241815
01993866714716	103847.224725	W	0.038320
01993867450456	103847.263045	S	1.241668
01993891290488	103848.504713	W	0.047285
01993892198360	103848.551998	S	1.232712
01993915866428	103849.784710	W	0.038304
01993916601864	103849.823014	S	1.241681
01993940442148	103851.064695	W	0.047308
01993941350452	103851.112003	S	1.232674
01993965017792	103852.344677	W	0.038403
01993965755136	103852.383080	S	1.241611
01993989594068	103853.624691	W	0.047320
01993990502620	103853.672011	S	1.232679
01994014170052	103854.904690	W	0.047333
01994015078852	103854.952024	S	1.232645
01994038745644	103856.184669	W	0.038303
01994039481060	103856.222972	S	1.241693
01994063321564	103857.464665	W	0.038370
01994064058264	103857.503035	S	1.241627
01994087897504	103858.744662	W	0.047356
01994088806744	103858.792018	S	1.232621
01994112473076	103860.024639	W	0.038311
01994113208656	103860.062951	S	1.241673
01994137048780	103861.304624	W	0.047320
01994137957320	103861.351944	S	1.232712
01994161625384	103862.584655	W	0.055318
01994162687496	103862.639974	S	1.224658
01994186200936	103863.864632	W	0.038096
01994186932384	103863.902728	S	1.241881
01994210776508	103865.144610	W	0.047374
01994211686096	103865.191984	S	1.232631
01994235352612	103866.424615	W	0.038293
01994236087836	103866.462908	S	0.199039
01994239909376	103866.661947	W	0.014941
01994240196236	103866.676887	S	1.027796
01994259929924	103867.704684	W	0.038325
01994260665772	103867.743009	S	1.241550
01994284503524	103868.984559	W	0.047412
01994285413836	103869.031971	S	1.232569
01994309079164	103870.264540	W	0.038331
01994309815112	103870.302870	S	1.241673
01994333655240	103871.544544	W	0.038421
01994334392916	103871.582964	S	1.241571
01994358231080	103872.824535	W	0.047405
01994359141260	103872.871941	S	1.232649
01994382808116	103874.104589	W	0.047291
01994383716100	103874.151880	S	1.232712
01994407384164	103875.384592	W	0.047265
01994408291644	103875.431856	S	1.232715
01994431959776	103876.664572	W	0.047297
01994432867884	103876.711869	S	1.232695
01994456535636	103877.944564	W	0.038252
01994457270072	103877.982816	S	1.241731
01994481111300	103879.224547	W	0.046301
01994482000280	103879.270848	S	1.233699
01994505687304	103880.504547	W	0.047178
01994506593116	103880.551725	S	1.232823
01994530263324	103881.784548	W	0.047342
01994531172288	103881.831890	S	1.232659
01994554839336	103883.064549	W	0.038316
01994555575008	103883.102865	S	1.241640
01994579414488	103884.344505	W	0.038382
01994580151424	103884.382887	S	1.241645
01994603991004	103885.624531	W	0.047218
01994604897596	103885.671750	S	1.232760
01994628566588	103886.904510	W	0.038249
01994629300964	103886.942759	S	1.241749
01994653142552	103888.184508	W	0.038390
01994653879648	103888.222898	S	1.241624
01994677718828	103889.464522	W	0.047036
01994678621928	103889.511559	S	1.232949
01994702294556	103890.744508	W	0.038280
01994703029528	103890.782788	S	1.241716
01994726870476	103892.024504	W	0.038333
01994727606468	103892.062837	S	1.241650
01994751446156	103893.304487	W	0.047342
01994752355124	103893.351829	S	1.232646
01994776021936	103894.584476	W	0.038301
01994776757312	103894.622777	S	1.241697
01994800597888	103895.864473	W	0.047385
01994801507676	103895.911858	S	1.232603
01994825173652	103897.144461	W	0.038322
01994825909436	103897.182783	S	1.241691
01994849749896	103898.424474	W	0.038156
01994850482500	103898.462630	S	1.241828
01994874325604	103899.704459	W	0.047348
01994875234680	103899.751806	S	1.232644
01994898901444	103900.984450	W	0.047240
01994899808448	103901.031690	S	1.232752
01994923477284	103902.264442	W	0.038279
01994924212232	103902.302720	S	1.241688
01994948052644	103903.544409	W	0.047441
01994948963504	103903.591849	S	1.232600
01994972629428	103904.824449	W	0.047288
01994973537360	103904.871737	S	1.232687
01994997204952	103906.104425	W	0.047337
01994998113832	103906.151762	S	1.232662
01995021780948	103907.384424	W	0.038325
01995022516796	103907.422750	S	1.251663
01995046548720	103908.674412	W	0.045248
01995047417472	103908.719660	S	1.224728
01995070932252	103909.944388	W	0.047326
01995071840912	103909.991714	S	1.232691
01995095508576	103911.224405	W	0.038388
01995096245620	103911.262793	S	1.241619
01995120084704	103912.504412	W	0.047303
01995120992916	103912.551714	S	1.232673
01995144660240	103913.784387	W	0.038340
01995145396364	103913.822727	S	1.241663
01995169236296	103915.064390	W	0.047186
01995170142264	103915.111576	S	1.232762
01995193811304	103916.344339	W	0.047269
01995194718876	103916.391608	S	1.232748
01995218387644	103917.624356	W	0.038361
01995219124172	103917.662717	S	1.241638
01995242963620	103918.904355	W	0.038347
01995243699876	103918.942702	S	1.241668
01995267539896	103920.184370	W	0.047355
01995268449116	103920.231725	S	1.232632
01995292115656	103921.464357	W	0.038337
01995292851720	103921.502694	S	1.241642
01995316691252	103922.744336	W	0.047315
01995317599696	103922.791651	S	1.232684
01995341267228	103924.024335	W	0.038346
01995342003472	103924.062681	S	1.241657
01995365843280	103925.304337	W	0.038293
01995366578508	103925.342631	S	1.241696
01995390419076	103926.584327	W	0.047402
01995391329188	103926.631729	S	1.232594
01995414995000	103927.864323	W	0.047309
01995415903324	103927.911631	S	0.190418
01995419559348	103928.102049	W	0.014909
01995419845604	103928.116959	S	1.027413
01995439571940	103929.144372	W	0.038216
01995440305684	103929.182588	S	1.241667
01995464145700	103930.424255	W	0.047384
01995465055468	103930.471639	S	1.232604
01995488721468	103931.704243	W	0.038304
01995489456904	103931.742547	S	1.241686
01995513297280	103932.984233	W	0.038176
01995514030264	103933.022410	S	1.241828
01995537873368	103934.264238	W	0.047432
01995538784060	103934.311670	S	1.232626
01995562450484	103935.544296	W	0.047305
01995563358744	103935.591601	S	1.232676
01995587026124	103936.824277	W	0.047349
01995587935228	103936.871626	S	1.232648
01995611602076	103938.104275	W	0.038356
01995612338504	103938.142630	S	1.241634
01995636177876	103939.384264	W	0.047360
01995637087192	103939.431625	S	1.232616
01995660753412	103940.664240	W	0.047279
01995661661160	103940.711519	S	1.232738
01995685329720	103941.944256	W	0.038298
01995686065044	103941.982554	S	1.241664
01995709904992	103943.224218	W	0.038361
01995710641528	103943.262580	S	1.241675
01995734481688	103944.504255	W	0.047308
01995735389992	103944.551562	S	1.232647
01995759056824	103945.784210	W	0.047187
01995759962820	103945.831397	S	1.232833
01995783633216	103947.064230	W	0.038371
01995784369944	103947.102601	S	1.241592
01995808208504	103948.344193	W	0.038146
01995808940912	103948.382339	S	1.241873
01995832784880	103949.624212	W	0.046349
01995833674780	103949.670561	S	1.233650
01995857360864	103950.904212	W	0.047291
01995858268848	103950.951503	S	1.232695
01995881936600	103952.184198	W	0.047321
01995882845160	103952.231519	S	1.232694
01995906512876	103953.464212	W	0.038325
01995907248720	103953.502537	S	1.241653
01995931088448	103954.744190	W	0.038352
01995931824800	103954.782542	S	1.241648
01995955664432	103956.024189	W	0.047352
01995956573584	103956.071541	S	1.232639
01995980240260	103957.304180	W	0.047264
01995981147732	103957.351444	S	1.232725
01996004816052	103958.584169	W	0.038298
01996005551376	103958.622467	S	1.241680
01996029391636	103959.864148	W	0.038206
01996030125196	103959.902354	S	1.241815
01996053968052	103961.144169	W	0.047067
01996054871736	103961.191236	S	1.232910
01996078543616	103962.424147	W	0.047372
01996079453164	103962.471519	S	1.232613
01996103119328	103963.704132	W	0.038370
01996103856032	103963.742502	S	1.241628
01996127695296	103964.984130	W	0.047411
01996128605588	103965.031541	S	1.232581
01996152271140	103966.264122	W	0.038092
01996153002504	103966.302214	S	1.241923
01996176847432	103967.544137	W	0.047346
01996177756476	103967.591483	S	1.232637
01996201423112	103968.824120	W	0.047299
01996202331252	103968.871419	S	1.232695
01996225998996	103970.104114	W	0.038392
01996226736128	103970.142507	S	1.241605
01996250574948	103971.384112	W	0.047175
01996251480700	103971.431286	S	1.232813
01996275150700	103972.664099	W	0.047073
01996276054508	103972.711172	S	1.232915
01996299726468	103973.944087	W	0.038285
01996300461532	103973.982371	S	1.241717
01996324302496	103975.224088	W	0.047405
01996325212664	103975.271493	S	0.713093
01996338904048	103975.984586	W	0.001713
01996338936944	103975.986299	S	0.517844
01996348879548	103976.504143	W	0.038236
01996349613680	103976.542379	S	1.241645
01996373453256	103977.784024	W	0.038319
01996374188988	103977.822343	S	1.241667
01996398028996	103979.064010	W	0.038349
01996398765300	103979.102359	S	1.241615
01996422604304	103980.343974	W	0.047390
01996423514200	103980.391365	S	1.232695
01996447181948	103981.624060	W	0.047296
01996448090036	103981.671356	S	1.232686
01996471757600	103982.904042	W	0.038145
01996472489988	103982.942187	S	1.241857
01996496333640	103984.184044	W	0.038158
01996497066280	103984.222202	S	1.241832
01996520909448	103985.464034	W	0.047348
01996521818520	103985.511381	S	1.232652
01996545485444	103986.744034	W	0.038281
01996546220440	103986.782315	S	1.241709
01996570061256	103988.024024	W	0.047394
01996570971228	103988.071418	S	1.232578
01996594636724	103989.303996	W	0.038350
01996595373044	103989.342346	S	0.199460
01996599202684	103989.541806	W	0.014868
01996599488152	103989.556675	S	1.027360
01996619213472	103990.584035	W	0.038192
01996619946768	103990.622228	S	1.241764
01996643788632	103991.863991	W	0.047346
01996644697680	103991.911338	S	1.232664
01996668364836	103993.144002	W	0.046361
01996669254960	103993.190362	S	1.233634
01996692940728	103994.423996	W	0.038333
01996693676724	103994.462329	S	1.241660
01996717516592	103995.703989	W	0.047354
01996718425784	103995.751343	S	1.232607
01996742091836	103996.983950	W	0.047373
01996743001400	103997.031323	S	1.232640
01996766668084	103998.263963	W	0.047382
01996767577824	103998.311345	S	1.232627
01996791244260	103999.543972	W	0.038351
01996791980608	103999.582323	S	1.241647
01996815820236	104000.823971	W	0.038376
01996816557056	104000.862347	S	1.241618
01996840396128	104002.103965	W	0.047291
01996841304124	104002.151256	S	1.232678
01996864971536	104003.383934	W	0.038315
01996865707180	104003.422249	S	1.241695
01996889547724	104004.663944	W	0.038290
01996890282884	104004.702234	S	1.241716
01996914123832	104005.943950	W	0.047356
01996915033064	104005.991305	S	1.232631
01996938699576	104007.223936	W	0.046991
01996939601804	104007.270927	S	1.233000
01996963275396	104008.503927	W	0.047351
01996964184528	104008.551277	S	1.232649
01996987851392	104009.783927	W	0.038335
01996988587428	104009.822262	S	1.241641
01997012426936	104011.063903	W	0.038396
01997013164144	104011.102299	S	1.241596
01997037002796	104012.343896	W	0.047201
01997037909064	104012.391097	S	1.232793
01997061578688	104013.623890	W	0.038354
01997062315080	104013.662244	S	1.241658
01997086154916	104014.903902	W	0.038282
01997086889936	104014.942184	S	1.241704
01997110730652	104016.183888	W	0.047068
01997111634364	104016.230956	S	1.232927
01997135306568	104017.463884	W	0.038285
01997136041640	104017.502169	S	1.241696
01997159882212	104018.743865	W	0.047364
01997160791600	104018.791229	S	1.232646
01997184458400	104020.023875	W	0.038301
01997185193776	104020.062176	S	1.241699
01997209034396	104021.303875	W	0.038369
01997209771080	104021.342244	S	1.241618
01997233610140	104022.583861	W	0.047358
01997234519416	104022.631220	S	1.232626
01997258185840	104023.863846	W	0.047297
01997259093944	104023.911143	S	1.232698
01997282761744	104025.143841	W	0.038307
01997283497232	104025.182148	S	1.241686
01997307337612	104026.423834	W	0.047347
01997308246680	104026.471181	S	1.232661
01997331913780	104027.703843	W	0.038184
01997332646904	104027.742026	S	1.241804
01997356489548	104028.983831	W	0.047337
01997357398428	104029.031168	S	1.232651
01997381065320	104030.263819	W	0.038293
01997381800536	104030.302111	S	1.241702
01997405641216	104031.543813	W	0.038330
01997406377160	104031.582144	S	1.241661
01997430217052	104032.823805	W	0.038369
01997430953732	104032.862174	S	1.241600
01997454792452	104034.103774	W	0.038210
01997455526088	104034.141984	S	1.241811
01997479368868	104035.383795	W	0.038344
01997480105064	104035.422139	S	1.241659
01997503944908	104036.663797	W	0.047360
01997504854216	104036.711157	S	1.232604
01997528520220	104037.943761	W	0.038378
01997529257076	104037.982139	S	1.241643
01997553096616	104039.223782	W	0.047357
01997554005872	104039.271139	S	1.232633
01997577672428	104040.503772	W	0.038303
01997578407840	104040.542075	S	1.241684
01997602248176	104041.783759	W	0.038363
01997602984740	104041.822122	S	1.241644
01997626824308	104043.063766	W	0.047230
01997627731128	104043.110996	S	1.232726
01997651399472	104044.343722	W	0.047350
01997652308584	104044.391072	S	1.232675
01997675975944	104045.623747	W	0.038268
01997676710684	104045.662015	S	1.241732
01997700551932	104046.903746	W	0.047231
01997701458772	104046.950978	S	1.232753
01997725127628	104048.183731	W	0.038349
01997725863920	104048.222079	S	1.241644
01997749703476	104049.463723	W	0.047346
01997750612516	104049.511069	S	1.232665
01997774279692	104050.743734	W	0.038277
01997775014620	104050.782011	S	0.199962
01997778853896	104050.981974	W	0.015031
01997779142492	104050.997005	S	1.026752
01997798856128	104052.023757	W	0.038292
01997799591328	104052.062048	S	1.241595
01997823429960	104053.303644	W	0.047427
01997824340556	104053.351071	S	1.232591
01997848006296	104054.583661	W	0.047360
01997848915600	104054.631021	S	1.232639
01997872582268	104055.863660	W	0.046369
01997873472548	104055.910029	S	1.233602
01997897157716	104057.143631	W	0.047401
01997898067820	104057.191032	S	1.232667
01997921735020	104058.423699	W	0.047297
01997922643116	104058.470996	S	1.232678
01997946310540	104059.703674	W	0.038393
01997947047692	104059.742067	S	1.241597
01997970886364	104060.983665	W	0.038055
01997971617012	104061.021719	S	1.241933
01997995462132	104062.263653	W	0.038328
01997996198024	104062.301980	S	1.241672
01998020038124	104063.543652	W	0.047311
01998020946504	104063.590964	S	1.232694
01998044614236	104064.823658	W	0.038310
01998045349784	104064.861968	S	1.241678
01998069190008	104066.103646	W	0.038362
01998069926560	104066.142008	S	1.241633
01998093765912	104067.383641	W	0.047332
01998094674680	104067.430973	S	1.232654
01998118341644	104068.663627	W	0.038344
01998119077844	104068.701971	S	1.241649
01998142917496	104069.943620	W	0.047405
01998143827668	104069.991024	S	1.232612
01998167493820	104071.223636	W	0.038338
01998168229904	104071.261974	S	1.241636
01998192069324	104072.503611	W	0.038359
01998192805808	104072.541969	S	1.241637
01998216645240	104073.783606	W	0.047321
01998217553812	104073.830928	S	1.232672
01998241221112	104075.063600	W	0.038291
01998241956300	104075.101891	S	1.241671
01998265796392	104076.343562	W	0.046155
01998266682564	104076.389717	S	1.233886
01998290373172	104077.623603	W	0.047395
01998291283164	104077.670998	S	1.232573
01998314948568	104078.903571	W	0.037302
01998315664768	104078.940873	S	1.242710
01998339524800	104080.183583	W	0.046381
01998340415316	104080.229964	S	1.233609
01998364100608	104081.463573	W	0.038288
01998364835736	104081.501861	S	1.241707
01998388676508	104082.743568	W	0.046391
01998389567216	104082.789959	S	1.233586
01998413252064	104084.023545	W	0.047344
01998414161068	104084.070889	S	1.242657
01998438020084	104085.313546	W	0.045161
01998438887172	104085.358707	S	1.224851
01998462404304	104086.583557	W	0.038289
01998463139444	104086.621846	S	1.241669
01998486979488	104087.863515	W	0.038192
01998487712768	104087.901707	S	1.241825
01998511555812	104089.143532	W	0.038314
01998512291444	104089.181846	S	1.241679
01998536131676	104090.423525	W	0.047352
01998537040828	104090.470876	S	1.232658
01998560707868	104091.703535	W	0.046291
01998561596660	104091.749826	S	1.233686
01998585283440	104092.983512	W	0.038231
01998586017472	104093.021743	S	1.241762
01998609859304	104094.263505	W	0.047367
01998610768752	104094.310873	S	1.232627
01998634435196	104095.543500	W	0.038296
01998635170484	104095.581796	S	1.241698
01998659011092	104096.823494	W	0.038296
01998659746376	104096.861790	S	1.241668
01998683586408	104098.103459	W	0.038379
01998684323280	104098.141838	S	1.241656
01998708163076	104099.383494	W	0.047327
01998709071756	104099.430821	S	1.232657
01998732738764	104100.663477	W	0.047371
01998733648288	104100.710848	S	1.232615
01998757314488	104101.943463	W	0.038297
01998758049800	104101.981760	S	1.241700
01998781890432	104103.223460	W	0.038336
01998782626488	104103.261796	S	1.241674
01998806466620	104104.503470	W	0.047295
01998807374680	104104.550765	S	1.232690
01998831042324	104105.783454	W	0.046304
01998831931368	104105.829759	S	1.233697
01998855618356	104107.063456	W	0.047328
01998856527044	104107.110784	S	1.232629
01998880193524	104108.343413	W	0.055371
01998881256640	104108.398783	S	1.224645
01998904769824	104109.623428	W	0.047404
01998905679980	104109.670832	S	1.232585
01998929345612	104110.903417	W	0.055388
01998930409060	104110.958805	S	1.224630
01998953921952	104112.183435	W	0.038293
01998954657180	104112.221728	S	0.200276
01998958502484	104112.422004	W	0.014864
01998958787872	104112.436868	S	1.026588
01998978498368	104113.463457	W	0.038293
01998979233588	104113.501749	S	1.241618
01999003072644	104114.743367	W	0.047379
01999003982320	104114.790746	S	1.232611
01999027648456	104116.023357	W	0.038384
01999028385424	104116.061741	S	1.241614
01999052224408	104117.303355	W	0.038399
01999052961672	104117.341754	S	1.241598
01999076800348	104118.583351	W	0.038413
01999077537884	104118.621765	S	1.241620
01999101376980	104119.863384	W	0.038121
01999102108912	104119.901506	S	1.241855
01999125952536	104121.143361	W	0.047352
01999126861688	104121.190713	S	1.232667
01999150528888	104122.423380	W	0.046199
01999151415916	104122.469579	S	1.233788
01999175104636	104123.703366	W	0.038352
01999175840992	104123.741718	S	1.241648
01999199680632	104124.983366	W	0.047341
01999200589576	104125.030707	S	1.232642
01999224256308	104126.263349	W	0.038295
01999224991580	104126.301645	S	1.241697
01999248832164	104127.543342	W	0.038311
01999249567744	104127.581653	S	1.241693
01999273408252	104128.823346	W	0.038335
01999274144276	104128.861681	S	1.241657
01999297984092	104130.103338	W	0.047136
01999298889112	104130.150475	S	1.232856
01999322559944	104131.383330	W	0.047404
01999323470092	104131.430734	S	1.232568
01999347135396	104132.663302	W	0.038301
01999347870772	104132.701603	S	1.241724
01999371711876	104133.943327	W	0.038300
01999372447240	104133.981627	S	1.241686
01999396287604	104135.223313	W	0.047340
01999397196532	104135.270653	S	1.232659
01999420863588	104136.503312	W	0.047296
01999421771668	104136.550608	S	1.232692
01999445439364	104137.783300	W	0.038281
01999446174352	104137.821581	S	1.241686
01999470014724	104139.063267	W	0.046413
01999470905844	104139.109679	S	1.233597
01999494590904	104140.343276	W	0.038309
01999495326440	104140.381585	S	1.241690
01999519166896	104141.623276	W	0.047395
01999520076884	104141.670671	S	1.232583
01999543742476	104142.903254	W	0.038308
01999544477992	104142.941562	S	1.241719
01999568318992	104144.183281	W	0.038369
01999569055684	104144.221650	S	1.241613
01999592894660	104145.463264	W	0.038266
01999593629368	104145.501530	S	1.241727
01999617470524	104146.743256	W	0.047297
01999618378632	104146.790554	S	1.232691
01999642046304	104148.023245	W	0.038300
01999642781660	104148.061545	S	1.241687
01999666622056	104149.303232	W	0.038387
01999667359096	104149.341620	S	1.241627
01999691198336	104150.583247	W	0.047259
01999692105712	104150.630506	S	1.232724
01999715774012	104151.863230	W	0.055342
01999716836580	104151.918572	S	1.224656
01999740349976	104153.143228	W	0.038347
01999741086232	104153.181575	S	1.241637
01999764925672	104154.423212	W	0.038342
01999765661836	104154.461554	S	1.241657
01999789501652	104155.703211	W	0.047332
01999790410432	104155.750543	S	1.232659
01999814077492	104156.983203	W	0.047353
01999814986672	104157.030556	S	1.232646
01999838653468	104158.263201	W	0.047294
01999839561516	104158.310496	S	1.232701
01999863229376	104159.543197	W	0.046090
01999864114312	104159.589287	S	1.233905
01999887805280	104160.823192	W	0.047339
01999888714196	104160.870531	S	1.242646
01999912572992	104162.113177	W	0.018998
01999912937760	104162.132175	S	1.250996
01999936956884	104163.383171	W	0.055303
01999938018700	104163.438474	S	1.224694
01999961532824	104164.663168	W	0.038351
01999962269160	104164.701519	S	1.251645
01999986300748	104165.953164	W	0.018996
01999986665468	104165.972160	S	1.251003
02000010684724	104167.223163	W	0.037314
02000011401160	104167.260477	S	1.252666
02000035452356	104168.513144	W	0.054202
02000036493036	104168.567346	S	1.215797
02000059836336	104169.783143	W	0.038392
02000060573468	104169.821535	S	1.241597
02000084412132	104171.063132	W	0.047324
02000085320744	104171.110455	S	1.242662
02000109179848	104172.353117	W	0.037375
02000109897444	104172.390492	S	1.242632
02000133755976	104173.633124	W	0.018957
02000134119952	104173.652081	S	0.209667
02000138145552	104173.861748	W	0.014859
02000138430844	104173.876606	S	1.026566
02000158140920	104174.903173	W	0.038169
02000158873768	104174.941342	S	1.241723
02000182714852	104176.183065	W	0.047407
02000183625060	104176.230472	S	1.232581
02000207290624	104177.463053	W	0.046338
02000208180320	104177.509392	S	1.233674
02000231866868	104178.743066	W	0.047361
02000232776204	104178.790427	S	1.232645
02000256442984	104180.023072	W	0.037304
02000257159220	104180.060376	S	1.242693
02000281018928	104181.303069	W	0.037309
02000281735252	104181.340378	S	1.242681
02000305594728	104182.583059	W	0.037384
02000306312496	104182.620443	S	1.252642
02000330363220	104183.873084	W	0.019002
02000330728064	104183.892087	S	1.260982
02000354938912	104185.153068	W	0.045082
02000355804492	104185.198151	S	1.224912
02000379322804	104186.423063	W	0.047293
02000380230828	104186.470356	S	1.232696
02000403898592	104187.703052	W	0.047324
02000404807216	104187.750376	S	1.232671
02000428474496	104188.983047	W	0.038272
02000429209320	104189.021319	S	1.241723
02000453050396	104190.263041	W	0.038418
02000453788012	104190.301459	S	1.251581
02000477818372	104191.553040	W	0.044874
02000478679952	104191.597914	S	1.225116
02000502202188	104192.823031	W	0.047281
02000503109992	104192.870312	S	1.232718
02000526778184	104194.103030	W	0.037299
02000527494316	104194.140329	S	1.242681
02000551353788	104195.383010	W	0.046416
02000552244984	104195.429426	S	1.233596
02000575930020	104196.663022	W	0.047294
02000576838068	104196.710316	S	1.232693
02000600505772	104197.943009	W	0.046387
02000601396396	104197.989396	S	1.233582
02000625081168	104199.222978	W	0.047346
02000625990204	104199.270323	S	1.232680
02000649657660	104200.503003	W	0.038386
02000650394672	104200.541389	S	1.241602
02000674233436	104201.782991	W	0.047292
02000675141444	104201.830284	S	1.232695
02000698809192	104203.062979	W	0.047225
02000699715908	104203.110204	S	1.232741
02000723384540	104204.342945	W	0.038329
02000724120460	104204.381274	S	1.241698
02000747961068	104205.622972	W	0.037332
02000748677836	104205.660304	S	1.242664
02000772536976	104206.902968	W	0.055296
02000773598668	104206.958264	S	1.224670
02000797112328	104208.182934	W	0.047152
02000798017648	104208.230086	S	1.232876
02000821688868	104209.462962	W	0.046017
02000822572388	104209.508979	S	1.233967
02000846264560	104210.742946	W	0.038344
02000847000768	104210.781290	S	1.241628
02000870840032	104212.022918	W	0.055289
02000871901588	104212.078208	S	1.224734
02000895416480	104213.302942	W	0.047399
02000896326548	104213.350341	S	1.232592
02000919992316	104214.582933	W	0.038293
02000920727544	104214.621226	S	1.241692
02000944568028	104215.862918	W	0.038251
02000945302448	104215.901169	S	1.241755
02000969144140	104217.142924	W	0.047295
02000970052200	104217.190219	S	1.232667
02000993719408	104218.422886	W	0.037311
02000994435788	104218.460197	S	1.242707
02001018295756	104219.702904	W	0.046339
02001019185456	104219.749242	S	1.233623
02001042871024	104220.982866	W	0.047365
02001043780424	104221.030230	S	1.232660
02001067447500	104222.262891	W	0.047283
02001068355336	104222.310174	S	1.232710
02001092023372	104223.542884	W	0.055379
02001093086644	104223.598263	S	1.224633
02001116599604	104224.822896	W	0.038270
02001117334388	104224.861166	S	1.241718
02001141175376	104226.102884	W	0.047363
02001142084748	104226.150247	S	1.242616
02001165942976	104227.392863	W	0.045198
02001166810784	104227.438062	S	1.224767
02001190326308	104228.662829	W	0.047336
02001191235164	104228.710165	S	1.232659
02001214902224	104229.942824	W	0.037355
02001215619432	104229.980179	S	1.252650
02001239670312	104231.232829	W	0.019065
02001240036368	104231.251894	S	1.250963
02001264054864	104232.502858	W	0.046330
02001264944400	104232.549188	S	1.233647
02001288630424	104233.782835	W	0.038367
02001289367068	104233.821201	S	1.251625
02001313398272	104235.072827	W	0.019005
02001313763160	104235.091831	S	0.210165
02001317798320	104235.301996	W	0.014953
02001318085412	104235.316949	S	1.035929
02001337975252	104236.352878	W	0.019015
02001338340348	104236.371893	S	1.260870
02001362549048	104237.632763	W	0.019016
02001362914164	104237.651779	S	1.250964
02001386932680	104238.902744	W	0.037391
02001387650580	104238.940134	S	1.252644
02001411701348	104240.192779	W	0.019031
02001412066752	104240.211810	S	1.260965
02001436277288	104241.472775	W	0.019012
02001436642320	104241.491787	S	1.260982
02001460853168	104242.752769	W	0.045083
02001461718760	104242.797852	S	1.224889
02001485236624	104244.022741	W	0.038460
02001485975052	104244.061201	S	1.251583
02001510005448	104245.312784	W	0.018740
02001510365260	104245.331524	S	1.261249
02001534581248	104246.592773	W	0.018733
02001534940928	104246.611507	S	1.251265
02001558965216	104247.862772	W	0.038209
02001559698828	104247.900981	S	1.251779
02001583732976	104249.152759	W	0.018809
02001584094116	104249.171569	S	1.261189
02001608308940	104250.432757	W	0.018785
02001608669612	104250.451542	S	1.261208
02001632884812	104251.712751	W	0.045240
02001633753424	104251.757991	S	1.224751
02001657268644	104252.982742	W	0.047364
02001658178036	104253.030106	S	1.242627
02001682036476	104254.272733	W	0.019027
02001682401804	104254.291761	S	0.788429
02001697539640	104255.080190	W	0.001496
02001697568364	104255.081686	S	0.005065
02001697665616	104255.086751	W	0.001130
02001697687316	104255.087881	S	0.002939
02001697743748	104255.090820	W	0.001034
02001697763592	104255.091854	S	0.082063
02001699339196	104255.173916	W	0.001111
02001699360528	104255.175027	S	0.014197
02001699633112	104255.189225	W	0.001100
02001699654232	104255.190325	S	0.361142
02001706588168	104255.551467	W	0.019522
02001706962984	104255.570989	S	1.261728
02001731188160	104256.832717	W	0.018797
02001731549068	104256.851514	S	1.261186
02001755763844	104258.112700	W	0.018782
02001756124464	104258.131483	S	1.251202
02001780147548	104259.382685	W	0.037211
02001780862004	104259.419896	S	1.252819
02001804916132	104260.672715	W	0.018851
02001805278068	104260.691566	S	1.261126
02001829491680	104261.952692	W	0.018357
02001829844128	104261.971048	S	1.261625
02001854067320	104263.232673	W	0.018291
02001854418508	104263.250964	S	1.261730
02001878643732	104264.512694	W	0.044969
02001879507132	104264.557663	S	1.225022
02001903027556	104265.782685	W	0.047227
02001903934320	104265.829913	S	0.769339
02001918705636	104266.599252	W	0.114137
02001920897068	104266.713389	S	0.359381
02001927797184	104267.072770	W	0.019710
02001928175620	104267.092480	S	1.250122
02001952177960	104268.342602	W	0.038131
02001952910068	104268.380733	S	1.251824
02001976945096	104269.632557	W	0.019833
02001977325888	104269.652390	S	1.260213
02002001521972	104270.912603	W	0.019797
02002001902080	104270.932400	S	1.250163
02002025905204	104272.182563	W	0.045649
02002026781668	104272.228212	S	1.234384
02002050481832	104273.462595	W	0.047219
02002051388444	104273.509815	S	1.242765
02002075249524	104274.752579	W	0.019042
02002075615128	104274.771621	S	1.261016
02002099826632	104276.032637	W	0.018666
02002100185020	104276.051303	S	1.211337
02002123442696	104277.262640	W	0.006029
02002123558444	104277.268669	S	0.034306
02002124217124	104277.302975	W	0.045770
02002125095900	104277.348745	S	1.233800
02002148784868	104278.582545	W	0.038239
02002149519052	104278.620784	S	1.241761
02002173360856	104279.862545	W	0.047258
02002174268212	104279.909803	S	1.232750
02002197937012	104281.142553	W	0.047076
02002198840880	104281.189629	S	1.232977
02002222514032	104282.422606	W	0.047036
02002223417128	104282.469642	S	1.232946
02002247089696	104283.702588	W	0.037922
02002247817796	104283.740510	S	1.242081
02002271665744	104284.982591	W	0.038240
02002272399948	104285.020831	S	1.241736
02002296241276	104286.262566	W	0.038167
02002296974084	104286.300734	S	1.241837
02002320817352	104287.542570	W	0.037246
02002321532480	104287.579817	S	1.078135
02002342232672	104288.657952	W	0.007268
02002342372220	104288.665220	S	0.157371
02002345393736	104288.822590	W	0.036514
02002346094808	104288.859105	S	1.243420
02002369968468	104290.102524	W	0.036944
02002370677800	104290.139469	S	1.243061
02002394544564	104291.382529	W	0.036986
02002395254704	104291.419516	S	1.252985
02002419312012	104292.672501	W	0.018392
02002419665136	104292.690893	S	1.261625
02002443888332	104293.952517	W	0.044881
02002444750056	104293.997399	S	1.225091
02002468271808	104295.222490	W	0.037661
02002468994908	104295.260151	S	1.252388
02002493040756	104296.512539	W	0.018670
02002493399212	104296.531209	S	0.209079
02002497413520	104296.740287	W	0.014727
02002497696272	104296.755014	S	1.037571
02002517617640	104297.792585	W	0.018534
02002517973492	104297.811119	S	1.261310
02002542190652	104299.072430	W	0.019078
02002542556940	104299.091507	S	1.260918
02002566766572	104300.352426	W	0.043538
02002567602500	104300.395964	S	1.226449
02002591150316	104301.622412	W	0.037723
02002591874592	104301.660135	S	1.252278
02002615918336	104302.912413	W	0.018908
02002616281372	104302.931321	S	1.251181
02002640304052	104304.182503	W	0.045979
02002641186856	104304.228482	S	1.233997
02002664879600	104305.462479	W	0.038095
02002665611020	104305.500574	S	1.241890
02002689455304	104306.742464	W	0.037760
02002690180304	104306.780224	S	1.252251
02002714223516	104308.032475	W	0.018586
02002714580364	104308.051061	S	0.242504
02002719236448	104308.293565	W	0.001104
02002719257652	104308.294669	S	0.000666
02002719270432	104308.295335	W	0.000085
02002719272072	104308.295420	S	0.000558
02002719282788	104308.295979	W	0.000197
02002719286572	104308.296176	S	0.000277
02002719291892	104308.296453	W	0.000050
02002719292848	104308.296503	S	0.000728
02002719306828	104308.297231	W	0.000068
02002719308128	104308.297298	S	0.096782
02002721166348	104308.394081	W	0.000266
02002721171448	104308.394346	S	0.099831
02002723088200	104308.494177	W	0.000465
02002723097120	104308.494642	S	0.817846
02002738799764	104309.312488	W	0.018524
02002739155420	104309.331011	S	0.958094
02002757550832	104310.289106	W	0.001209
02002757574052	104310.290315	S	0.001029
02002757593800	104310.291344	W	0.008752
02002757761844	104310.300096	S	0.000301
02002757767624	104310.300397	W	0.000065
02002757768864	104310.300462	S	0.001083
02002757789652	104310.301544	W	0.002359
02002757834944	104310.303903	S	0.000293
02002757840564	104310.304196	W	0.000442
02002757849056	104310.304638	S	0.028472
02002758395712	104310.333110	W	0.005954
02002758510032	104310.339064	S	0.000903
02002758527376	104310.339967	W	0.001911
02002758564068	104310.341879	S	0.000302
02002758569868	104310.342181	W	0.000066
02002758571136	104310.342247	S	0.000271
02002758576344	104310.342518	W	0.000066
02002758577616	104310.342584	S	0.005420
02002758681676	104310.348004	W	0.000314
02002758687712	104310.348318	S	0.000273
02002758692956	104310.348591	W	0.002204
02002758735276	104310.350796	S	0.000298
02002758740992	104310.351093	W	0.000069
02002758742320	104310.351162	S	0.000270
02002758747500	104310.351432	W	0.000063
02002758748716	104310.351496	S	0.000987
02002758767668	104310.352483	W	0.000325
02002758773912	104310.352808	S	0.000336
02002758780364	104310.353144	W	0.002138
02002758821416	104310.355282	S	0.000292
02002758827028	104310.355574	W	0.000084
02002758828636	104310.355658	S	0.000272
02002758833856	104310.355930	W	0.000048
02002758834784	104310.355978	S	0.001496
02002758863516	104310.357475	W	0.000337
02002758869988	104310.357812	S	0.000277
02002758875300	104310.358089	W	0.002191
02002758917376	104310.360280	S	0.000299
02002758923124	104310.360579	W	0.000073
02002758924532	104310.360653	S	0.000271
02002758929736	104310.360924	W	0.000056
02002758930820	104310.360980	S	0.001521
02002758960028	104310.362501	W	0.000309
02002758965960	104310.362810	S	0.000273
02002758971208	104310.363084	W	0.002139
02002759012280	104310.365223	S	0.000295
02002759017936	104310.365518	W	0.000091
02002759019688	104310.365609	S	0.000270
02002759024872	104310.365879	W	0.000057
02002759025960	104310.365935	S	0.001516
02002759055068	104310.367451	W	0.000332
02002759061436	104310.367783	S	0.000363
02002759068412	104310.368146	W	0.000409
02002759076256	104310.368555	S	0.000331
02002759082608	104310.368886	W	0.001760
02002759116392	104310.370645	S	0.000295
02002759122064	104310.370941	W	0.000089
02002759123768	104310.371030	S	0.001924
02002759160716	104310.372954	W	0.000351
02002759167452	104310.373305	S	0.000273
02002759172692	104310.373578	W	0.002183
02002759214604	104310.375761	S	0.000292
02002759220216	104310.376053	W	0.000069
02002759221536	104310.376122	S	0.000269
02002759226708	104310.376391	W	0.000065
02002759227956	104310.376456	S	0.001020
02002759247536	104310.377476	W	0.000324
02002759253752	104310.377800	S	0.000274
02002759259004	104310.378073	W	0.002295
02002759303064	104310.380368	S	0.000904
02002759320416	104310.381272	W	0.000316
02002759326476	104310.381587	S	0.000250
02002759331280	104310.381837	W	0.007968
02002759484272	104310.389806	S	0.000983
02002759503140	104310.390789	W	0.000342
02002759509700	104310.391130	S	0.000274
02002759514952	104310.391404	W	0.000393
02002759522492	104310.391796	S	0.003477
02002759589252	104310.395274	W	0.001826
02002759624316	104310.397100	S	0.000298
02002759630028	104310.397397	W	0.000097
02002759631884	104310.397494	S	0.000270
02002759637064	104310.397764	W	0.000057
02002759638152	104310.397820	S	0.001298
02002759663072	104310.399118	W	0.000338
02002759669560	104310.399456	S	0.000273
02002759674800	104310.399729	W	0.002120
02002759715500	104310.401849	S	0.000294
02002759721148	104310.402143	W	0.000092
02002759722908	104310.402235	S	0.000270
02002759728084	104310.402504	W	0.000059
02002759729208	104310.402563	S	0.001542
02002759758812	104310.404105	W	0.000321
02002759764976	104310.404426	S	0.000271
02002759770188	104310.404697	W	0.002170
02002759811848	104310.406867	S	0.000293
02002759817476	104310.407160	W	0.000090
02002759819208	104310.407250	S	0.000271
02002759824420	104310.407522	W	0.000057
02002759825508	104310.407579	S	0.000911
02002759843004	104310.408490	W	0.000306
02002759848872	104310.408795	S	0.000271
02002759854080	104310.409067	W	0.000389
02002759861552	104310.409456	S	0.000274
02002759866808	104310.409730	W	0.001840
02002759902136	104310.411570	S	0.000293
02002759907764	104310.411863	W	0.000063
02002759908976	104310.411926	S	0.000270
02002759914156	104310.412196	W	0.000056
02002759915236	104310.412252	S	0.002661
02002759966336	104310.414913	W	0.000320
02002759972488	104310.415234	S	0.000272
02002759977712	104310.415506	W	0.002094
02002760017912	104310.417600	S	0.000295
02002760023568	104310.417894	W	0.000099
02002760025464	104310.417993	S	0.000270
02002760030640	104310.418262	W	0.000047
02002760031548	104310.418310	S	0.000997
02002760050700	104310.419307	W	0.000324
02002760056928	104310.419632	S	0.000273
02002760062176	104310.419905	W	0.002158
02002760103600	104310.422063	S	0.000294
02002760109244	104310.422356	W	0.000061
02002760110420	104310.422418	S	0.001390
02002760137112	104310.423808	W	0.000340
02002760143632	104310.424148	S	0.000274
02002760148888	104310.424421	W	0.002153
02002760190232	104310.426575	S	0.000290
02002760195800	104310.426865	W	0.000061
02002760196976	104310.426926	S	0.000269
02002760202136	104310.427195	W	0.000079
02002760203648	104310.427273	S	0.001179
02002760226276	104310.428452	W	0.000303
02002760232100	104310.428755	S	0.000272
02002760237316	104310.429027	W	0.002194
02002760279448	104310.431221	S	0.000297
02002760285156	104310.431519	W	0.000062
02002760286352	104310.431581	S	0.001272
02002760310768	104310.432853	W	0.000326
02002760317020	104310.433178	S	0.000274
02002760322288	104310.433453	W	0.002142
02002760363420	104310.435595	S	0.000292
02002760369032	104310.435887	W	0.000085
02002760370656	104310.435972	S	0.001349
02002760396560	104310.437321	W	0.000324
02002760402780	104310.437645	S	0.000275
02002760408060	104310.437920	W	0.004242
02002760489504	104310.442162	S	0.000327
02002760495784	104310.442489	W	0.002000
02002760534176	104310.444488	S	0.045174
02002761401516	104310.489662	W	0.000459
02002761410332	104310.490121	S	0.051314
02002762395556	104310.541435	W	0.001249
02002762419532	104310.542684	S	0.050091
02002763381288	104310.592775	W	0.018289
02002763732444	104310.611065	S	0.033495
02002764375556	104310.644560	W	0.001960
02002764413196	104310.646521	S	1.225907
02002787950604	104311.872427	W	0.018364
02002788303196	104311.890791	S	1.261641
02002812526700	104313.152432	W	0.018329
02002812878608	104313.170761	S	1.261663
02002837102540	104314.432424	W	0.018403
02002837455880	104314.450827	S	1.261586
02002861678332	104315.712413	W	0.018335
02002862030356	104315.730748	S	1.251672
02002886062468	104316.982420	W	0.036999
02002886772840	104317.019419	S	1.252975
02002910829960	104318.272394	W	0.052704
02002911841884	104318.325098	S	1.217304
02002935214112	104319.542402	W	0.046616
02002936109140	104319.589018	S	0.863441
02002952687200	104320.452458	W	0.001959
02002952724808	104320.454417	S	0.002285
02002952768672	104320.456702	W	0.003452
02002952834952	104320.460154	S	0.002138
02002952876008	104320.462292	W	0.001035
02002952895884	104320.463327	S	0.001936
02002952933056	104320.465263	W	0.002950
02002952989704	104320.468214	S	0.002276
02002953033404	104320.470490	W	0.003371
02002953098132	104320.473861	S	0.002181
02002953140016	104320.476042	W	0.000907
02002953157424	104320.476949	S	0.001942
02002953194716	104320.478891	W	0.002953
02002953251416	104320.481845	S	0.002250
02002953294608	104320.484094	W	0.002863
02002953349584	104320.486958	S	0.002101
02002953389924	104320.489059	W	0.003178
02002953450932	104320.492236	S	0.002106
02002953491372	104320.494342	W	0.002749
02002953544156	104320.497091	S	0.073223
02002954950032	104320.570314	W	0.006929
02002955083064	104320.577243	S	0.002292
02002955127076	104320.579535	W	0.003381
02002955191992	104320.582916	S	0.002180
02002955233844	104320.585096	W	0.002584
02002955283452	104320.587680	S	0.002080
02002955323380	104320.589759	W	0.003115
02002955383180	104320.592874	S	0.002080
02002955423112	104320.594954	W	0.005009
02002955519284	104320.599963	S	0.002131
02002955560204	104320.602094	W	0.003223
02002955622092	104320.605317	S	0.002100
02002955662408	104320.607417	W	0.003027
02002955720528	104320.610444	S	0.002132
02002955761464	104320.612576	W	0.001133
02002955783208	104320.613709	S	0.001911
02002955819892	104320.615619	W	0.003491
02002955886916	104320.619110	S	0.003031
02002955945112	104320.622141	W	0.003085
02002956004336	104320.625226	S	0.002085
02002956044368	104320.627311	W	0.002889
02002956099840	104320.630200	S	0.002089
02002956139952	104320.632289	W	0.002811
02002956193928	104320.635100	S	0.002058
02002956233440	104320.637158	W	0.003010
02002956291240	104320.640169	S	0.002070
02002956330992	104320.642239	W	0.001115
02002956352400	104320.643354	S	0.001892
02002956388728	104320.645246	W	0.002034
02002956427784	104320.647280	S	0.002038
02002956466916	104320.649319	W	0.002780
02002956520292	104320.652099	S	0.002091
02002956560440	104320.654190	W	0.001036
02002956580328	104320.655225	S	0.001876
02002956616340	104320.657101	W	0.003210
02002956677968	104320.660311	S	0.002136
02002956718976	104320.662447	W	0.002943
02002956775480	104320.665390	S	0.002152
02002956816808	104320.667542	W	0.002976
02002956873956	104320.670519	S	0.002062
02002956913552	104320.672581	W	0.002877
02002956968800	104320.675458	S	0.002077
02002957008672	104320.677535	W	0.002830
02002957063004	104320.680365	S	0.002048
02002957102320	104320.682412	W	0.002886
02002957157728	104320.685298	S	0.002061
02002957197300	104320.687359	W	0.002866
02002957252332	104320.690226	S	0.002044
02002957291572	104320.692269	W	0.002814
02002957345600	104320.695083	S	0.002062
02002957385196	104320.697146	W	0.003158
02002957445820	104320.700303	S	0.002071
02002957485592	104320.702375	W	0.001238
02002957509352	104320.703612	S	0.002206
02002957551712	104320.705818	W	0.001774
02002957585776	104320.707592	S	0.002042
02002957624988	104320.709635	W	0.002888
02002957680436	104320.712523	S	0.002058
02002957719944	104320.714580	W	0.002896
02002957775552	104320.717477	S	0.002096
02002957815792	104320.719573	W	0.002764
02002957868864	104320.722337	S	0.002050
02002957908220	104320.724386	W	0.000692
02002957921508	104320.725079	S	0.001398
02002957948340	104320.726476	W	0.000292
02002957953940	104320.726768	S	0.001462
02002957982016	104320.728230	W	0.001082
02002958002792	104320.729312	S	0.001450
02002958030624	104320.730762	W	0.000287
02002958036144	104320.731049	S	0.002399
02002958082200	104320.733448	W	0.000176
02002958085588	104320.733624	S	0.001347
02002958111444	104320.734971	W	0.000324
02002958117668	104320.735295	S	0.001344
02002958143476	104320.736639	W	0.001244
02002958167360	104320.737883	S	0.001399
02002958194212	104320.739282	W	0.000049
02002958195144	104320.739330	S	0.001415
02002958222320	104320.740746	W	0.000185
02002958225864	104320.740930	S	0.001422
02002958253176	104320.742353	W	0.000344
02002958259772	104320.742696	S	0.001416
02002958286956	104320.744112	W	0.000951
02002958305208	104320.745063	S	0.001490
02002958333808	104320.746553	W	0.000304
02002958339640	104320.746856	S	0.001405
02002958366620	104320.748261	W	0.000184
02002958370148	104320.748445	S	0.001340
02002958395884	104320.749786	W	0.000347
02002958402552	104320.750133	S	0.001352
02002958428508	104320.751485	W	0.000945
02002958446660	104320.752430	S	0.001391
02002958473376	104320.753822	W	0.000281
02002958478780	104320.754103	S	0.002426
02002958525352	104320.756529	W	0.000190
02002958529004	104320.756719	S	0.001426
02002958556388	104320.758145	W	0.000321
02002958562556	104320.758466	S	0.001417
02002958589760	104320.759883	W	0.000871
02002958606492	104320.760755	S	0.001009
02002958625864	104320.761764	W	0.000277
02002958631188	104320.762041	S	0.002065
02002958670832	104320.764106	W	0.000168
02002958674056	104320.764274	S	0.000995
02002958693152	104320.765268	W	0.000312
02002958699136	104320.765580	S	0.001025
02002958718816	104320.766605	W	0.001091
02002958739772	104320.767696	S	0.001013
02002958759228	104320.768710	W	0.000042
02002958760036	104320.768752	S	0.001024
02002958779692	104320.769776	W	0.000164
02002958782848	104320.769940	S	0.000998
02002958802016	104320.770938	W	0.000276
02002958807324	104320.771215	S	0.000999
02002958826504	104320.772214	W	0.000884
02002958843468	104320.773097	S	0.001006
02002958862776	104320.774103	W	0.000278
02002958868120	104320.774381	S	0.001840
02002958903448	104320.776221	W	0.000180
02002958906896	104320.776401	S	0.001002
02002958926128	104320.777402	W	0.000298
02002958931856	104320.777701	S	0.001000
02002958951052	104320.778701	W	0.000879
02002958967924	104320.779579	S	0.001440
02002958995572	104320.781019	W	0.000281
02002959000976	104320.781301	S	0.001978
02002959038960	104320.783279	W	0.000164
02002959042100	104320.783443	S	0.001423
02002959069428	104320.784866	W	0.000282
02002959074852	104320.785149	S	0.001425
02002959102220	104320.786574	W	0.001097
02002959123280	104320.787671	S	0.001445
02002959151020	104320.789116	W	0.000174
02002959154364	104320.789290	S	0.001423
02002959181692	104320.790713	W	0.000275
02002959186972	104320.790988	S	0.001434
02002959214512	104320.792423	W	0.000856
02002959230948	104320.793279	S	0.001444
02002959258676	104320.794723	W	0.000272
02002959263900	104320.794995	S	0.002049
02002959303240	104320.797044	W	0.000162
02002959306344	104320.797205	S	0.001352
02002959332300	104320.798557	W	0.000282
02002959337712	104320.798839	S	0.001364
02002959363904	104320.800203	W	0.000874
02002959380680	104320.801077	S	0.001366
02002959406912	104320.802443	W	0.000272
02002959412136	104320.802715	S	0.001887
02002959448360	104320.804602	W	0.000163
02002959451488	104320.804765	S	0.001348
02002959477372	104320.806113	W	0.000286
02002959482864	104320.806399	S	0.001372
02002959509204	104320.807771	W	0.000914
02002959526752	104320.808685	S	0.001390
02002959553436	104320.810075	W	0.000405
02002959561212	104320.810480	S	0.001348
02002959587100	104320.811828	W	0.000329
02002959593412	104320.812157	S	0.001420
02002959620680	104320.813577	W	0.045918
02002960502300	104320.859495	S	0.001654
02002960534048	104320.861148	W	0.002624
02002960584428	104320.863772	S	0.002074
02002960624248	104320.865846	W	0.002702
02002960676124	104320.868548	S	0.002060
02002960715680	104320.870608	W	0.002852
02002960770436	104320.873460	S	0.002057
02002960809940	104320.875518	W	0.002872
02002960865080	104320.878390	S	0.002076
02002960904940	104320.880466	W	0.002882
02002960960276	104320.883348	S	0.002128
02002961001128	104320.885475	W	0.002859
02002961056020	104320.888334	S	0.002140
02002961097100	104320.890474	W	0.002833
02002961151492	104320.893307	S	0.002150
02002961192772	104320.895457	W	0.002936
02002961249136	104320.898393	S	0.002071
02002961288904	104320.900464	W	0.002808
02002961342808	104320.903271	S	0.002106
02002961383240	104320.905377	W	0.002910
02002961439104	104320.908287	S	0.002110
02002961479612	104320.910396	W	0.001041
02002961499608	104320.911438	S	0.001907
02002961536224	104320.913345	W	0.002956
02002961592980	104320.916301	S	0.002094
02002961633180	104320.918395	W	0.003145
02002961693564	104320.921540	S	0.002129
02002961734448	104320.923669	W	0.002859
02002961789340	104320.926528	S	0.002176
02002961831128	104320.928705	W	0.002839
02002961885636	104320.931544	S	0.002085
02002961925660	104320.933628	W	0.002856
02002961980500	104320.936484	S	0.002050
02002962019852	104320.938534	W	0.001170
02002962042324	104320.939704	S	0.001918
02002962079144	104320.941622	W	0.003256
02002962141660	104320.944878	S	0.002078
02002962181552	104320.946956	W	0.002857
02002962236400	104320.949812	S	0.002087
02002962276480	104320.951900	W	0.003034
02002962334740	104320.954934	S	0.002149
02002962376000	104320.957083	W	0.003062
02002962434788	104320.960145	S	0.002054
02002962474228	104320.962199	W	0.002892
02002962529756	104320.965091	S	0.002065
02002962569400	104320.967156	W	0.002712
02002962621472	104320.969868	S	0.002047
02002962660768	104320.971915	W	0.002768
02002962713916	104320.974683	S	0.002047
02002962753212	104320.976730	W	0.003027
02002962811332	104320.979757	S	0.002200
02002962853576	104320.981957	W	0.002928
02002962909800	104320.984885	S	0.002154
02002962951156	104320.987039	W	0.002931
02002963007424	104320.989970	S	0.002239
02002963050404	104320.992209	W	0.002991
02002963107832	104320.995200	S	0.002152
02002963149160	104320.997352	W	0.003061
02002963207928	104321.000413	S	0.002192
02002963250016	104321.002605	W	0.003041
02002963308404	104321.005646	S	0.002189
02002963350424	104321.007835	W	0.002889
02002963405884	104321.010723	S	0.002188
02002963447896	104321.012911	W	0.001049
02002963468040	104321.013960	S	0.001965
02002963505768	104321.015925	W	0.002891
02002963561284	104321.018817	S	0.002171
02002963602976	104321.020988	W	0.000987
02002963621932	104321.021976	S	0.003331
02002963685888	104321.025307	W	0.001399
02002963712744	104321.026705	S	0.002110
02002963753256	104321.028815	W	0.003291
02002963816448	104321.032107	S	0.002170
02002963858120	104321.034277	W	0.002922
02002963914216	104321.037199	S	0.002141
02002963955324	104321.039340	W	0.002749
02002964008096	104321.042088	S	0.002166
02002964049692	104321.044255	W	0.003055
02002964108352	104321.047310	S	0.002077
02002964148232	104321.049387	W	0.001070
02002964168776	104321.050457	S	0.002016
02002964207476	104321.052473	W	0.002155
02002964248848	104321.054627	S	0.002055
02002964288304	104321.056682	W	0.002802
02002964342100	104321.059484	S	0.002054
02002964381544	104321.061539	W	0.002773
02002964434788	104321.064312	S	0.002072
02002964474564	104321.066384	W	0.003016
02002964532468	104321.069399	S	0.002120
02002964573176	104321.071520	W	0.002998
02002964630740	104321.074518	S	0.002124
02002964671520	104321.076642	W	0.002869
02002964726612	104321.079511	S	0.002145
02002964767792	104321.081656	W	0.002994
02002964825272	104321.084650	S	0.002140
02002964866368	104321.086790	W	0.002839
02002964920876	104321.089629	S	0.002133
02002964961824	104321.091762	W	0.002785
02002965015292	104321.094546	S	0.002055
02002965054756	104321.096602	W	0.002794
02002965108408	104321.099396	S	0.002050
02002965147776	104321.101447	W	0.002812
02002965201772	104321.104259	S	0.002046
02002965241052	104321.106305	W	0.001030
02002965260824	104321.107335	S	0.001886
02002965297040	104321.109221	W	0.001015
02002965316532	104321.110236	S	0.001884
02002965352704	104321.112120	W	0.002083
02002965392692	104321.114203	S	0.002070
02002965432428	104321.116272	W	0.002900
02002965488108	104321.119172	S	0.002058
02002965527628	104321.121231	W	0.001090
02002965548556	104321.122321	S	0.001911
02002965585252	104321.124232	W	0.002080
02002965625184	104321.126312	S	0.002043
02002965664408	104321.128355	W	0.002889
02002965719880	104321.131244	S	0.002042
02002965759080	104321.133285	W	0.000963
02002965777576	104321.134249	S	0.001902
02002965814088	104321.136150	W	0.002051
02002965853464	104321.138201	S	0.002039
02002965892612	104321.140240	W	0.003048
02002965951132	104321.143288	S	0.002057
02002965990628	104321.145345	W	0.002741
02002966043256	104321.148086	S	0.002052
02002966082656	104321.150138	W	0.002841
02002966137212	104321.152980	S	0.002039
02002966176368	104321.155019	W	0.003054
02002966235004	104321.158073	S	0.002065
02002966274644	104321.160138	W	0.002781
02002966328032	104321.162918	S	0.002045
02002966367300	104321.164964	W	0.002769
02002966420464	104321.167733	S	0.002062
02002966460048	104321.169794	W	0.002979
02002966517244	104321.172773	S	0.002043
02002966556476	104321.174816	W	0.002796
02002966610168	104321.177613	S	0.002057
02002966649656	104321.179670	W	0.002771
02002966702860	104321.182441	S	0.002047
02002966742172	104321.184488	W	0.002785
02002966795648	104321.187273	S	0.002057
02002966835144	104321.189330	W	0.001028
02002966854876	104321.190358	S	0.001879
02002966890944	104321.192237	W	0.002845
02002966945572	104321.195082	S	0.002034
02002966984616	104321.197115	W	0.002814
02002967038652	104321.199930	S	0.002060
02002967078212	104321.201990	W	0.001075
02002967098848	104321.203065	S	0.001902
02002967135364	104321.204967	W	0.001692
02002967167844	104321.206659	S	0.002051
02002967207216	104321.208709	W	0.000906
02002967224612	104321.209615	S	0.001886
02002967260816	104321.211501	W	0.002770
02002967314004	104321.214271	S	0.002046
02002967353280	104321.216317	W	0.002890
02002967408764	104321.219206	S	0.002157
02002967450180	104321.221364	W	0.002947
02002967506764	104321.224311	S	0.002051
02002967546144	104321.226362	W	0.002888
02002967601600	104321.229250	S	0.002052
02002967641004	104321.231302	W	0.002827
02002967695284	104321.234129	S	0.002050
02002967734652	104321.236180	W	0.000968
02002967753232	104321.237147	S	0.001888
02002967789488	104321.239036	W	0.000898
02002967806728	104321.239934	S	0.002820
02002967860872	104321.242754	W	0.001366
02002967887108	104321.244120	S	0.002018
02002967925852	104321.246138	W	0.002754
02002967978728	104321.248892	S	0.002050
02002968018092	104321.250942	W	0.000906
02002968035484	104321.251848	S	0.003131
02002968095592	104321.254979	W	0.002785
02002968149060	104321.257764	S	0.002042
02002968188264	104321.259805	W	0.001007
02002968207600	104321.260812	S	0.001874
02002968243580	104321.262686	W	0.002723
02002968295860	104321.265409	S	0.002045
02002968335132	104321.267455	W	0.001012
02002968354568	104321.268467	S	0.001879
02002968390648	104321.270346	W	0.003181
02002968451716	104321.273527	S	0.002121
02002968492444	104321.275648	W	0.001227
02002968516008	104321.276875	S	0.001876
02002968552020	104321.278751	W	0.001386
02002968578628	104321.280137	S	0.001912
02002968615348	104321.282049	W	0.001203
02002968638440	104321.283252	S	0.002013
02002968677096	104321.285265	W	0.001066
02002968697572	104321.286332	S	0.001898
02002968734008	104321.288230	W	0.003201
02002968795468	104321.291431	S	0.002054
02002968834908	104321.293485	W	0.001403
02002968861840	104321.294888	S	0.001944
02002968899164	104321.296831	W	0.001276
02002968923656	104321.298107	S	0.002004
02002968962128	104321.300111	W	0.000891
02002968979228	104321.301001	S	0.001882
02002969015364	104321.302884	W	0.001042
02002969035372	104321.303926	S	0.001916
02002969072168	104321.305842	W	0.001334
02002969097780	104321.307176	S	0.002012
02002969136416	104321.309188	W	0.000989
02002969155400	104321.310177	S	0.001940
02002969192640	104321.312117	W	0.002017
02002969231364	104321.314134	S	0.002056
02002969270848	104321.316190	W	0.003376
02002969335672	104321.319566	S	0.002055
02002969375124	104321.321621	W	0.001007
02002969394468	104321.322629	S	0.001878
02002969430528	104321.324507	W	0.002774
02002969483784	104321.327280	S	0.002056
02002969523264	104321.329337	W	0.002739
02002969575856	104321.332076	S	0.002043
02002969615072	104321.334118	W	0.001034
02002969634916	104321.335152	S	0.001882
02002969671044	104321.337034	W	0.001422
02002969698344	104321.338455	S	0.001929
02002969735380	104321.340384	W	0.001453
02002969763272	104321.341837	S	0.002027
02002969802200	104321.343865	W	0.002795
02002969855868	104321.346660	S	0.002053
02002969895292	104321.348713	W	0.002945
02002969951840	104321.351658	S	0.002040
02002969991008	104321.353698	W	0.002986
02002970048332	104321.356684	S	0.002063
02002970087936	104321.358747	W	0.002994
02002970145412	104321.361740	S	0.002050
02002970184776	104321.363790	W	0.003058
02002970243492	104321.366849	S	0.002068
02002970283200	104321.368917	W	0.001027
02002970302916	104321.369944	S	0.006248
02002970422884	104321.376192	W	0.002694
02002970474612	104321.378886	S	0.002041
02002970513804	104321.380927	W	0.002861
02002970568736	104321.383788	S	0.002039
02002970607888	104321.385827	W	0.001067
02002970628376	104321.386895	S	0.002170
02002970670048	104321.389065	W	0.002613
02002970720212	104321.391678	S	0.002053
02002970759620	104321.393730	W	0.003023
02002970817660	104321.396753	S	0.002046
02002970856948	104321.398799	W	0.000986
02002970875880	104321.399785	S	0.001917
02002970912688	104321.401703	W	0.001712
02002970945552	104321.403414	S	0.002032
02002970984560	104321.405446	W	0.002722
02002971036828	104321.408168	S	0.002049
02002971076160	104321.410217	W	0.002659
02002971127212	104321.412876	S	0.002044
02002971166460	104321.414920	W	0.001257
02002971190604	104321.416177	S	0.001910
02002971227268	104321.418087	W	0.001710
02002971260104	104321.419797	S	0.002027
02002971299028	104321.421824	W	0.003158
02002971359660	104321.424982	S	0.002053
02002971399068	104321.427035	W	0.002745
02002971451780	104321.429780	S	0.002031
02002971490780	104321.431811	W	0.002774
02002971544044	104321.434586	S	0.002049
02002971583376	104321.436634	W	0.002784
02002971636832	104321.439418	S	0.002053
02002971676244	104321.441471	W	0.001021
02002971695852	104321.442492	S	0.001874
02002971731824	104321.444366	W	0.002774
02002971785080	104321.447140	S	0.002057
02002971824576	104321.449197	W	0.002477
02002971872132	104321.451674	S	0.002092
02002971912292	104321.453765	W	0.000989
02002971931284	104321.454754	S	0.001992
02002971969540	104321.456747	W	0.001789
02002972003892	104321.458536	S	0.002033
02002972042924	104321.460569	W	0.001098
02002972064000	104321.461667	S	0.001905
02002972100576	104321.463572	W	0.002011
02002972139184	104321.465582	S	0.002063
02002972178796	104321.467646	W	0.003018
02002972236744	104321.470664	S	0.002046
02002972276020	104321.472709	W	0.002741
02002972328656	104321.475451	S	0.002070
02002972368400	104321.477521	W	0.001206
02002972391560	104321.478727	S	0.001927
02002972428564	104321.480654	W	0.001737
02002972461908	104321.482391	S	0.002031
02002972500904	104321.484422	W	0.001232
02002972524556	104321.485654	S	0.001925
02002972561516	104321.487579	W	0.002086
02002972601572	104321.489665	S	0.002071
02002972641344	104321.491737	W	0.002940
02002972697788	104321.494676	S	0.002036
02002972736888	104321.496713	W	0.002712
02002972788960	104321.499425	S	0.002058
02002972828480	104321.501483	W	0.002749
02002972881252	104321.504232	S	0.002040
02002972920416	104321.506272	W	0.000937
02002972938412	104321.507209	S	0.001898
02002972974856	104321.509107	W	0.002081
02002973014816	104321.511188	S	0.002044
02002973054052	104321.513232	W	0.003147
02002973114480	104321.516379	S	0.002038
02002973153608	104321.518417	W	0.002713
02002973205696	104321.521130	S	0.002037
02002973244812	104321.523167	W	0.001026
02002973264516	104321.524194	S	0.001874
02002973300500	104321.526068	W	0.003063
02002973359316	104321.529131	S	0.002068
02002973399020	104321.531199	W	0.002754
02002973451896	104321.533953	S	0.002030
02002973490876	104321.535983	W	0.001056
02002973511144	104321.537039	S	0.006164
02002973629484	104321.543202	W	0.002267
02002973673016	104321.545470	S	0.002126
02002973713832	104321.547595	W	0.001075
02002973734468	104321.548670	S	0.001894
02002973770840	104321.550565	W	0.002036
02002973809940	104321.552601	S	0.002035
02002973849020	104321.554636	W	0.002678
02002973900444	104321.557315	S	0.002050
02002973939808	104321.559365	W	0.003041
02002973998204	104321.562406	S	0.002042
02002974037416	104321.564449	W	0.002819
02002974091544	104321.567268	S	0.002064
02002974131168	104321.569332	W	0.007978
02002974284348	104321.577310	S	0.002261
02002974327760	104321.579571	W	0.002764
02002974380820	104321.582334	S	0.002049
02002974420152	104321.584383	W	0.001033
02002974439980	104321.585416	S	0.001881
02002974476096	104321.587297	W	0.002896
02002974531700	104321.590193	S	0.002053
02002974571112	104321.592245	W	0.002970
02002974628140	104321.595216	S	0.002074
02002974667968	104321.597290	W	0.002777
02002974721280	104321.600067	S	0.002059
02002974760816	104321.602126	W	0.002703
02002974812720	104321.604829	S	0.002041
02002974851908	104321.606870	W	0.002744
02002974904588	104321.609614	S	0.002064
02002974944212	104321.611678	W	0.002825
02002974998452	104321.614503	S	0.002042
02002975037656	104321.616545	W	0.001016
02002975057160	104321.617560	S	0.003151
02002975117656	104321.620711	W	0.002705
02002975169600	104321.623417	S	0.002049
02002975208940	104321.625466	W	0.002401
02002975255048	104321.627867	S	0.002040
02002975294224	104321.629907	W	0.003326
02002975358088	104321.633234	S	0.002059
02002975397616	104321.635292	W	0.002794
02002975451256	104321.638086	S	0.002052
02002975490648	104321.640138	W	0.002759
02002975543624	104321.642897	S	0.002060
02002975583180	104321.644957	W	0.002751
02002975636008	104321.647709	S	0.002075
02002975675856	104321.649784	W	0.002871
02002975730980	104321.652655	S	0.002049
02002975770316	104321.654704	W	0.002668
02002975821536	104321.657372	S	0.002057
02002975861040	104321.659429	W	0.001101
02002975882172	104321.660530	S	0.001914
02002975918912	104321.662443	W	0.002180
02002975960760	104321.664623	S	0.002042
02002975999964	104321.666665	W	0.002719
02002976052172	104321.669384	S	0.002059
02002976091712	104321.671443	W	0.002932
02002976148004	104321.674375	S	0.002048
02002976187320	104321.676423	W	0.002828
02002976241616	104321.679251	S	0.002052
02002976281012	104321.681303	W	0.002497
02002976328948	104321.683799	S	0.002057
02002976368436	104321.685856	W	0.003119
02002976428324	104321.688975	S	0.002149
02002976469580	104321.691124	W	0.002968
02002976526564	104321.694092	S	0.002055
02002976566020	104321.696147	W	0.002818
02002976620120	104321.698965	S	0.002071
02002976659888	104321.701036	W	0.002754
02002976712772	104321.703790	S	0.002057
02002976752260	104321.705847	W	0.002933
02002976808572	104321.708780	S	0.002066
02002976848248	104321.710846	W	0.002791
02002976901836	104321.713637	S	0.002044
02002976941076	104321.715681	W	0.002755
02002976993976	104321.718436	S	0.002044
02002977033224	104321.720480	W	0.002787
02002977086728	104321.723267	S	0.002051
02002977126104	104321.725318	W	0.002771
02002977179308	104321.728089	S	0.002055
02002977218760	104321.730144	W	0.002751
02002977271572	104321.732894	S	0.002047
02002977310868	104321.734941	W	0.001069
02002977331400	104321.736010	S	0.001960
02002977369040	104321.737971	W	0.001748
02002977402600	104321.739719	S	0.002056
02002977442076	104321.741775	W	0.002765
02002977495168	104321.744540	S	0.002077
02002977535052	104321.746617	W	0.002799
02002977588796	104321.749416	S	0.002071
02002977628568	104321.751488	W	0.001319
02002977653888	104321.752807	S	0.001933
02002977690996	104321.754739	W	0.001163
02002977713332	104321.755903	S	0.001990
02002977751536	104321.757892	W	0.003180
02002977812596	104321.761073	S	0.002067
02002977852288	104321.763140	W	0.001095
02002977873312	104321.764235	S	0.001903
02002977909852	104321.766138	W	0.001337
02002977935532	104321.767476	S	0.002008
02002977974088	104321.769484	W	0.001264
02002977998360	104321.770748	S	0.001933
02002978035468	104321.772681	W	0.001273
02002978059908	104321.773954	S	0.002016
02002978098620	104321.775970	W	0.003225
02002978160540	104321.779195	S	0.002061
02002978200104	104321.781255	W	0.003173
02002978261024	104321.784428	S	0.002177
02002978302820	104321.786605	W	0.001101
02002978323956	104321.787706	S	0.001915
02002978360716	104321.789621	W	0.001340
02002978386452	104321.790961	S	0.002013
02002978425096	104321.792974	W	0.003165
02002978485860	104321.796139	S	0.002074
02002978525676	104321.798212	W	0.003008
02002978583428	104321.801220	S	0.002072
02002978623208	104321.803292	W	0.002751
02002978676028	104321.806043	S	0.002066
02002978715696	104321.808109	W	0.001018
02002978735248	104321.809128	S	0.001869
02002978771140	104321.810997	W	0.002805
02002978825000	104321.813802	S	0.002043
02002978864232	104321.815845	W	0.000896
02002978881436	104321.816741	S	0.001878
02002978917484	104321.818619	W	0.002925
02002978973648	104321.821544	S	0.002049
02002979012984	104321.823593	W	0.003101
02002979072520	104321.826694	S	0.002064
02002979112156	104321.828758	W	0.002853
02002979166924	104321.831611	S	0.002034
02002979205976	104321.833645	W	0.001009
02002979225356	104321.834654	S	0.002206
02002979267712	104321.836860	W	0.002809
02002979321644	104321.839669	S	0.002041
02002979360832	104321.841710	W	0.001084
02002979381648	104321.842794	S	0.001913
02002979418384	104321.844708	W	0.001635
02002979449784	104321.846343	S	0.002041
02002979488972	104321.848384	W	0.002813
02002979542984	104321.851197	S	0.002067
02002979582668	104321.853264	W	0.002756
02002979635588	104321.856020	S	0.002047
02002979674900	104321.858068	W	0.002784
02002979728356	104321.860852	S	0.002074
02002979768172	104321.862926	W	0.002765
02002979821256	104321.865690	S	0.002054
02002979860700	104321.867745	W	0.000961
02002979879148	104321.868706	S	0.002394
02002979925108	104321.871099	W	0.001773
02002979959156	104321.872873	S	0.002046
02002979998440	104321.874919	W	0.002920
02002980054500	104321.877839	S	0.002056
02002980093976	104321.879895	W	0.001017
02002980113504	104321.880912	S	0.001876
02002980149528	104321.882788	W	0.002732
02002980201976	104321.885520	S	0.002056
02002980241444	104321.887575	W	0.000932
02002980259340	104321.888507	S	0.002758
02002980312296	104321.891265	W	0.001039
02002980332240	104321.892304	S	0.001933
02002980369360	104321.894238	W	0.001754
02002980403032	104321.895991	S	0.002042
02002980442240	104321.898033	W	0.001089
02002980463148	104321.899122	S	0.001936
02002980500316	104321.901058	W	0.001814
02002980535144	104321.902872	S	0.002156
02002980576544	104321.905028	W	0.002613
02002980626720	104321.907642	S	0.002058
02002980666228	104321.909699	W	0.001024
02002980685892	104321.910724	S	0.001878
02002980721940	104321.912601	W	0.002772
02002980775160	104321.915373	S	0.002058
02002980814668	104321.917431	W	0.002899
02002980870332	104321.920330	S	0.002049
02002980909668	104321.922379	W	0.002835
02002980964096	104321.925213	S	0.002055
02002981003548	104321.927268	W	0.002919
02002981059592	104321.930187	S	0.002040
02002981098760	104321.932227	W	0.002805
02002981152620	104321.935032	S	0.002049
02002981191952	104321.937081	W	0.002338
02002981236848	104321.939419	S	0.002051
02002981276236	104321.941471	W	0.003087
02002981335516	104321.944558	S	0.002072
02002981375292	104321.946630	W	0.002959
02002981432096	104321.949588	S	0.002107
02002981472552	104321.951695	W	0.003052
02002981531144	104321.954747	S	0.002063
02002981570752	104321.956810	W	0.002762
02002981623776	104321.959572	S	0.002058
02002981663284	104321.961629	W	0.001171
02002981685772	104321.962801	S	0.001909
02002981722424	104321.964710	W	0.002169
02002981764076	104321.966879	S	0.002044
02002981803316	104321.968923	W	0.002709
02002981855332	104321.971632	S	0.002045
02002981894588	104321.973676	W	0.001027
02002981914312	104321.974704	S	0.003134
02002981974492	104321.977838	W	0.002973
02002982031568	104321.980811	S	0.002060
02002982071116	104321.982871	W	0.002772
02002982124344	104321.985643	S	0.002032
02002982163356	104321.987675	W	0.002800
02002982217108	104321.990474	S	0.002065
02002982256748	104321.992539	W	0.002796
02002982310424	104321.995335	S	0.002040
02002982349584	104321.997374	W	0.002793
02002982403208	104322.000167	S	0.002083
02002982443204	104322.002250	W	0.001088
02002982464096	104322.003338	S	0.001901
02002982500600	104322.005240	W	0.002051
02002982539988	104322.007291	S	0.002037
02002982579092	104322.009328	W	0.000897
02002982596320	104322.010225	S	0.001881
02002982632436	104322.012106	W	0.002843
02002982687016	104322.014949	S	0.002054
02002982726452	104322.017003	W	0.000421
02002982734528	104322.017423	S	0.001366
02002982760760	104322.018790	W	0.000280
02002982766128	104322.019069	S	0.001345
02002982791960	104322.020415	W	0.001201
02002982815012	104322.021615	S	0.001373
02002982841368	104322.022988	W	0.000044
02002982842204	104322.023031	S	0.002737
02002982894748	104322.025768	W	0.000165
02002982897920	104322.025933	S	0.001369
02002982924204	104322.027302	W	0.000277
02002982929520	104322.027579	S	0.001380
02002982956024	104322.028960	W	0.000851
02002982972368	104322.029811	S	0.001378
02002982998832	104322.031189	W	0.000292
02002983004432	104322.031481	S	0.002318
02002983048936	104322.033799	W	0.000166
02002983052124	104322.033965	S	0.001378
02002983078580	104322.035343	W	0.000285
02002983084048	104322.035627	S	0.001343
02002983109828	104322.036970	W	0.000869
02002983126508	104322.037839	S	0.001359
02002983152604	104322.039198	W	0.000289
02002983158160	104322.039488	S	0.001960
02002983195796	104322.041448	W	0.000168
02002983199028	104322.041616	S	0.001345
02002983224860	104322.042961	W	0.000279
02002983230208	104322.043240	S	0.001366
02002983256432	104322.044606	W	0.000867
02002983273084	104322.045473	S	0.001393
02002983299836	104322.046866	W	0.000280
02002983305220	104322.047147	S	0.002368
02002983350688	104322.049515	W	0.000177
02002983354080	104322.049692	S	0.001334
02002983379696	104322.051026	W	0.000275
02002983384968	104322.051300	S	0.001364
02002983411148	104322.052664	W	0.000875
02002983427956	104322.053539	S	0.001396
02002983454752	104322.054935	W	0.000272
02002983459980	104322.055207	S	0.002076
02002983499840	104322.057283	W	0.000164
02002983502988	104322.057447	S	0.001347
02002983528856	104322.058795	W	0.000281
02002983534248	104322.059075	S	0.001355
02002983560268	104322.060431	W	0.000883
02002983577220	104322.061314	S	0.001395
02002983604012	104322.062709	W	0.000286
02002983609512	104322.062995	S	0.002198
02002983651712	104322.065193	W	0.000163
02002983654840	104322.065356	S	0.001371
02002983681172	104322.066728	W	0.000275
02002983686456	104322.067003	S	0.001372
02002983712804	104322.068375	W	0.000869
02002983729484	104322.069244	S	0.001361
02002983755612	104322.070605	W	0.000275
02002983760892	104322.070880	S	0.003600
02002983830012	104322.074480	W	0.000167
02002983833220	104322.074647	S	0.001375
02002983859628	104322.076022	W	0.000290
02002983865192	104322.076312	S	0.001346
02002983891044	104322.077659	W	0.000883
02002983907996	104322.078541	S	0.001397
02002983934824	104322.079939	W	0.000051
02002983935812	104322.079990	S	0.001365
02002983962012	104322.081355	W	0.000269
02002983967180	104322.081624	S	0.001656
02002983998972	104322.083280	W	0.000168
02002984002192	104322.083448	S	0.001342
02002984027964	104322.084790	W	0.000282
02002984033380	104322.085072	S	0.001345
02002984059208	104322.086417	W	0.000864
02002984075792	104322.087281	S	0.001355
02002984101800	104322.088635	W	0.000048
02002984102724	104322.088684	S	0.001348
02002984128600	104322.090031	W	0.000256
02002984133516	104322.090287	S	0.002490
02002984181332	104322.092778	W	0.000183
02002984184852	104322.092961	S	0.001370
02002984211160	104322.094331	W	0.000282
02002984216572	104322.094613	S	0.001849
02002984252068	104322.096462	W	0.000858
02002984268548	104322.097320	S	0.001391
02002984295248	104322.098711	W	0.000280
02002984300628	104322.098991	S	0.004046
02002984378312	104322.103037	W	0.000180
02002984381768	104322.103217	S	0.001387
02002984408396	104322.104604	W	0.026556
02002984918280	104322.131160	S	0.001650
02002984949968	104322.132811	W	0.000972
02002984968636	104322.133783	S	0.001945
02002985005972	104322.135728	W	0.001969
02002985043772	104322.137696	S	0.002057
02002985083264	104322.139753	W	0.003076
02002985142316	104322.142829	S	0.002061
02002985181888	104322.144890	W	0.002726
02002985234236	104322.147616	S	0.002074
02002985274064	104322.149691	W	0.002765
02002985327144	104322.152455	S	0.002050
02002985366496	104322.154505	W	0.002944
02002985423020	104322.157449	S	0.002070
02002985462756	104322.159519	W	0.003024
02002985520820	104322.162543	S	0.002038
02002985559956	104322.164581	W	0.002745
02002985612660	104322.167326	S	0.002064
02002985652296	104322.169390	W	0.001021
02002985671896	104322.170411	S	0.001882
02002985708032	104322.172293	W	0.003070
02002985766976	104322.175363	S	0.002054
02002985806420	104322.177418	W	0.002733
02002985858892	104322.180151	S	0.002056
02002985898360	104322.182206	W	0.001062
02002985918756	104322.183269	S	0.001882
02002985954892	104322.185151	W	0.000981
02002985973736	104322.186132	S	0.001882
02002986009876	104322.188014	W	0.001347
02002986035744	104322.189362	S	0.002033
02002986074776	104322.191395	W	0.003197
02002986136164	104322.194592	S	0.002054
02002986175604	104322.196646	W	0.003162
02002986236324	104322.199809	S	0.002075
02002986276160	104322.201883	W	0.001144
02002986298128	104322.203027	S	0.001908
02002986334756	104322.204935	W	0.001330
02002986360296	104322.206265	S	0.002029
02002986399252	104322.208294	W	0.001279
02002986423816	104322.209574	S	0.001941
02002986461080	104322.211515	W	0.001683
02002986493400	104322.213198	S	0.002030
02002986532372	104322.215228	W	0.002839
02002986586872	104322.218066	S	0.002049
02002986626208	104322.220115	W	0.002772
02002986679428	104322.222887	S	0.002056
02002986718908	104322.224943	W	0.002993
02002986776368	104322.227936	S	0.002038
02002986815500	104322.229974	W	0.001017
02002986835036	104322.230991	S	0.001869
02002986870920	104322.232860	W	0.001003
02002986890176	104322.233863	S	0.001891
02002986926476	104322.235754	W	0.002222
02002986969144	104322.237976	S	0.002222
02002987011804	104322.240198	W	0.002812
02002987065804	104322.243011	S	0.002060
02002987105348	104322.245070	W	0.002732
02002987157796	104322.247802	S	0.002040
02002987196964	104322.249842	W	0.002853
02002987251732	104322.252694	S	0.002049
02002987291080	104322.254744	W	0.002948
02002987347672	104322.257691	S	0.002078
02002987387564	104322.259769	W	0.002827
02002987441840	104322.262596	S	0.002058
02002987481360	104322.264654	W	0.002738
02002987533928	104322.267392	S	0.002047
02002987573228	104322.269439	W	0.000908
02002987590668	104322.270347	S	0.001881
02002987626784	104322.272228	W	0.003214
02002987688500	104322.275443	S	0.002050
02002987727860	104322.277493	W	0.002468
02002987775244	104322.279961	S	0.002038
02002987814368	104322.281998	W	0.001329
02002987839884	104322.283327	S	0.001948
02002987877276	104322.285275	W	0.001268
02002987901620	104322.286543	S	0.002006
02002987940136	104322.288549	W	0.003327
02002988004020	104322.291876	S	0.002059
02002988043556	104322.293935	W	0.002884
02002988098924	104322.296819	S	0.002055
02002988138380	104322.298874	W	0.001511
02002988167400	104322.300385	S	0.001928
02002988204424	104322.302314	W	0.001580
02002988234768	104322.303894	S	0.001997
02002988273112	104322.305891	W	0.003005
02002988330812	104322.308896	S	0.002093
02002988371000	104322.310990	W	0.003108
02002988430672	104322.314097	S	0.002047
02002988469968	104322.316144	W	0.003081
02002988529124	104322.319225	S	0.002166
02002988570712	104322.321391	W	0.001035
02002988590580	104322.322426	S	0.001881
02002988626700	104322.324307	W	0.002988
02002988684076	104322.327296	S	0.002142
02002988725200	104322.329437	W	0.001293
02002988750032	104322.330731	S	0.001927
02002988787024	104322.332657	W	0.001811
02002988821796	104322.334469	S	0.002264
02002988865268	104322.336733	W	0.002654
02002988916228	104322.339387	S	0.002050
02002988955584	104322.341437	W	0.001098
02002988976664	104322.342535	S	0.001914
02002989013408	104322.344448	W	0.002223
02002989056084	104322.346671	S	0.002052
02002989095480	104322.348723	W	0.003211
02002989157132	104322.351934	S	0.002061
02002989196700	104322.353995	W	0.002658
02002989247724	104322.356652	S	0.002065
02002989287368	104322.358717	W	0.001064
02002989307788	104322.359781	S	0.001949
02002989345208	104322.361730	W	0.001815
02002989380060	104322.363545	S	0.002033
02002989419088	104322.365577	W	0.001117
02002989440528	104322.366694	S	0.001924
02002989477476	104322.368619	W	0.002295
02002989521540	104322.370914	S	0.002071
02002989561304	104322.372985	W	0.003377
02002989626140	104322.376361	S	0.002063
02002989665752	104322.378425	W	0.001054
02002989685996	104322.379479	S	0.001882
02002989722124	104322.381361	W	0.002799
02002989775856	104322.384159	S	0.002036
02002989814944	104322.386195	W	0.001009
02002989834320	104322.387204	S	0.001873
02002989870284	104322.389077	W	0.002790
02002989923860	104322.391868	S	0.002066
02002989963524	104322.393934	W	0.002820
02002990017676	104322.396754	S	0.002044
02002990056912	104322.398798	W	0.002632
02002990107448	104322.401430	S	0.002051
02002990146832	104322.403481	W	0.003095
02002990206260	104322.406576	S	0.002067
02002990245940	104322.408643	W	0.002841
02002990300484	104322.411484	S	0.002075
02002990340324	104322.413559	W	0.002752
02002990393156	104322.416310	S	0.002040
02002990432328	104322.418350	W	0.002808
02002990486248	104322.421159	S	0.002051
02002990525624	104322.423210	W	0.002837
02002990580096	104322.426047	S	0.002061
02002990619660	104322.428107	W	0.002674
02002990671008	104322.430782	S	0.002046
02002990710300	104322.432828	W	0.003137
02002990770528	104322.435965	S	0.002040
02002990809700	104322.438005	W	0.002768
02002990862840	104322.440773	S	0.002046
02002990902116	104322.442819	W	0.002805
02002990955980	104322.445624	S	0.002041
02002990995160	104322.447665	W	0.002765
02002991048244	104322.450429	S	0.002043
02002991087468	104322.452472	W	0.002766
02002991140576	104322.455238	S	0.002046
02002991179856	104322.457284	W	0.002808
02002991233772	104322.460092	S	0.002067
02002991273460	104322.462159	W	0.001350
02002991299380	104322.463509	S	0.001913
02002991336108	104322.465422	W	0.001726
02002991369240	104322.467148	S	0.002021
02002991408044	104322.469169	W	0.000893
02002991425184	104322.470062	S	0.001869
02002991461060	104322.471930	W	0.002833
02002991515448	104322.474763	S	0.002059
02002991554976	104322.476822	W	0.002756
02002991607896	104322.479578	S	0.002050
02002991647260	104322.481628	W	0.001018
02002991666800	104322.482646	S	0.001892
02002991703128	104322.484538	W	0.000890
02002991720220	104322.485428	S	0.001886
02002991756440	104322.487315	W	0.000990
02002991775440	104322.488304	S	0.001887
02002991811668	104322.490191	W	0.001840
02002991847004	104322.492031	S	0.002202
02002991889276	104322.494233	W	0.002864
02002991944272	104322.497098	S	0.002041
02002991983468	104322.499139	W	0.002490
02002992031280	104322.501629	S	0.002040
02002992070440	104322.503669	W	0.003169
02002992131284	104322.506838	S	0.002067
02002992170972	104322.508905	W	0.002858
02002992225844	104322.511763	S	0.002088
02002992265932	104322.513851	W	0.001054
02002992286164	104322.514904	S	0.002875
02002992341360	104322.517779	W	0.001772
02002992375384	104322.519551	S	0.002011
02002992414000	104322.521562	W	0.001010
02002992433396	104322.522573	S	0.003795
02002992506260	104322.526368	W	0.001027
02002992525984	104322.527395	S	0.002427
02002992572584	104322.529822	W	0.000945
02002992590732	104322.530767	S	0.003039
02002992649076	104322.533806	W	0.002193
02002992691188	104322.535999	S	0.002017
02002992729908	104322.538016	W	0.001034
02002992749764	104322.539050	S	0.001880
02002992785868	104322.540931	W	0.002075
02002992825716	104322.543006	S	0.002041
02002992864908	104322.545047	W	0.002832
02002992919284	104322.547879	S	0.002063
02002992958900	104322.549943	W	0.001023
02002992978544	104322.550966	S	0.002296
02002993022628	104322.553262	W	0.000914
02002993040172	104322.554176	S	0.001895
02002993076560	104322.556071	W	0.001948
02002993113960	104322.558019	S	0.002026
02002993152864	104322.560045	W	0.001076
02002993173528	104322.561121	S	0.003576
02002993242196	104322.564698	W	0.001150
02002993264276	104322.565848	S	0.001907
02002993300896	104322.567755	W	0.001646
02002993332496	104322.569401	S	0.002028
02002993371440	104322.571429	W	0.007143
02002993508584	104322.578572	S	0.002188
02002993550600	104322.580760	W	0.001039
02002993570540	104322.581799	S	0.007710
02002993718568	104322.589509	W	0.000896
02002993735776	104322.590405	S	0.001895
02002993772168	104322.592300	W	0.000991
02002993791196	104322.593291	S	0.002165
02002993832760	104322.595456	W	0.001339
02002993858468	104322.596795	S	0.002003
02002993896920	104322.598798	W	0.000958
02002993915320	104322.599756	S	0.001901
02002993951820	104322.601657	W	0.002819
02002994005940	104322.604476	S	0.002043
02002994045160	104322.606519	W	0.001210
02002994068384	104322.607728	S	0.001906
02002994104984	104322.609635	W	0.001838
02002994140268	104322.611472	S	0.002501
02002994188288	104322.613973	W	0.002824
02002994242512	104322.616797	S	0.002031
02002994281512	104322.618829	W	0.002933
02002994337832	104322.621762	S	0.002058
02002994377344	104322.623820	W	0.001537
02002994406848	104322.625357	S	0.001908
02002994443484	104322.627265	W	0.001319
02002994468812	104322.628584	S	0.001995
02002994507124	104322.630579	W	0.001010
02002994526520	104322.631590	S	0.001878
02002994562572	104322.633467	W	0.002537
02002994611280	104322.636004	S	0.002033
02002994650308	104322.638037	W	0.001170
02002994672768	104322.639207	S	0.001924
02002994709712	104322.641131	W	0.001734
02002994742996	104322.642864	S	0.002034
02002994782056	104322.644899	W	0.001097
02002994803124	104322.645996	S	0.001904
02002994839684	104322.647900	W	0.002105
02002994880104	104322.650005	S	0.002024
02002994918968	104322.652030	W	0.001016
02002994938476	104322.653046	S	0.002115
02002994979080	104322.655160	W	0.002774
02002995032332	104322.657934	S	0.002038
02002995071460	104322.659972	W	0.003044
02002995129900	104322.663016	S	0.002064
02002995169536	104322.665080	W	0.001276
02002995194036	104322.666356	S	0.001901
02002995230532	104322.668257	W	0.001316
02002995255808	104322.669573	S	0.002011
02002995294416	104322.671584	W	0.003219
02002995356220	104322.674803	S	0.002051
02002995395592	104322.676854	W	0.001017
02002995415120	104322.677871	S	0.001874
02002995451100	104322.679745	W	0.002831
02002995505460	104322.682576	S	0.002045
02002995544724	104322.684621	W	0.000902
02002995562044	104322.685523	S	0.001879
02002995598120	104322.687402	W	0.000997
02002995617260	104322.688399	S	0.007649
02002995764116	104322.696048	W	0.002005
02002995802612	104322.698053	S	0.002043
02002995841844	104322.700096	W	0.002747
02002995894580	104322.702843	S	0.002036
02002995933680	104322.704879	W	0.001015
02002995953172	104322.705894	S	0.005058
02002996050292	104322.710953	W	0.002668
02002996101508	104322.713620	S	0.002068
02002996141220	104322.715689	W	0.001024
02002996160880	104322.716712	S	0.002379
02002996206548	104322.719091	W	0.001029
02002996226296	104322.720120	S	0.001908
02002996262936	104322.722028	W	0.001324
02002996288352	104322.723352	S	0.002024
02002996327204	104322.725375	W	0.001058
02002996347512	104322.726433	S	0.003633
02002996417272	104322.730066	W	0.003260
02002996479864	104322.733326	S	0.002069
02002996519588	104322.735395	W	0.001016
02002996539092	104322.736411	S	0.001964
02002996576800	104322.738375	W	0.002936
02002996633168	104322.741311	S	0.002047
02002996672468	104322.743358	W	0.000938
02002996690484	104322.744296	S	0.001899
02002996726940	104322.746195	W	0.002818
02002996781040	104322.749013	S	0.002044
02002996820280	104322.751056	W	0.002980
02002996877504	104322.754037	S	0.002054
02002996916936	104322.756090	W	0.002829
02002996971244	104322.758919	S	0.002036
02002997010332	104322.760955	W	0.002848
02002997065016	104322.763803	S	0.002057
02002997104520	104322.765860	W	0.001084
02002997125328	104322.766944	S	0.001910
02002997161992	104322.768854	W	0.001272
02002997186420	104322.770126	S	0.001987
02002997224576	104322.772113	W	0.003160
02002997285252	104322.775274	S	0.002054
02002997324692	104322.777328	W	0.001099
02002997345796	104322.778427	S	0.001912
02002997382504	104322.780339	W	0.001312
02002997407700	104322.781651	S	0.002000
02002997446108	104322.783651	W	0.001251
02002997470124	104322.784902	S	0.001933
02002997507240	104322.786835	W	0.001229
02002997530832	104322.788064	S	0.001992
02002997569080	104322.790056	W	0.001180
02002997591728	104322.791236	S	0.001936
02002997628892	104322.793171	W	0.001647
02002997660520	104322.794819	S	0.002029
02002997699484	104322.796848	W	0.002709
02002997751500	104322.799557	S	0.002059
02002997791028	104322.801616	W	0.002784
02002997844484	104322.804400	S	0.002041
02002997883676	104322.806441	W	0.002445
02002997930628	104322.808887	S	0.002017
02002997969348	104322.810904	W	0.003111
02002998029084	104322.814015	S	0.002057
02002998068572	104322.816071	W	0.001090
02002998089496	104322.817161	S	0.001901
02002998125996	104322.819062	W	0.001315
02002998151252	104322.820378	S	0.001990
02002998189468	104322.822368	W	0.003131
02002998249580	104322.825499	S	0.002037
02002998288688	104322.827536	W	0.002770
02002998341876	104322.830306	S	0.002024
02002998380736	104322.832330	W	0.002687
02002998432328	104322.835017	S	0.002037
02002998471448	104322.837055	W	0.002736
02002998523976	104322.839790	S	0.002047
02002998563280	104322.841838	W	0.001169
02002998585720	104322.843006	S	0.001910
02002998622388	104322.844916	W	0.001245
02002998646300	104322.846161	S	0.001998
02002998684660	104322.848159	W	0.002735
02002998737176	104322.850895	S	0.002026
02002998776076	104322.852921	W	0.001029
02002998795824	104322.853949	S	0.001899
02002998832284	104322.855848	W	0.002055
02002998871740	104322.857903	S	0.002067
02002998911424	104322.859970	W	0.002754
02002998964292	104322.862724	S	0.002058
02002999003800	104322.864781	W	0.002905
02002999059568	104322.867686	S	0.003721
02002999131016	104322.871407	W	0.002513
02002999179264	104322.873920	S	0.002028
02002999218204	104322.875948	W	0.002950
02002999274840	104322.878898	S	0.002039
02002999313992	104322.880937	W	0.002633
02002999364544	104322.883570	S	0.002044
02002999403780	104322.885614	W	0.002471
02002999451224	104322.888085	S	0.002024
02002999490080	104322.890108	W	0.003110
02002999549792	104322.893218	S	0.002054
02002999589220	104322.895272	W	0.001014
02002999608692	104322.896286	S	0.001883
02002999644840	104322.898169	W	0.000933
02002999662760	104322.899102	S	0.001909
02002999699420	104322.901011	W	0.001288
02002999724140	104322.902299	S	0.002000
02002999762548	104322.904299	W	0.001380
02002999789048	104322.905680	S	0.001933
02002999826164	104322.907613	W	0.001594
02002999856776	104322.909207	S	0.002021
02002999895576	104322.911228	W	0.002785
02002999949040	104322.914012	S	0.002060
02002999988596	104322.916073	W	0.002722
02003000040864	104322.918795	S	0.002027
02003000079776	104322.920822	W	0.002857
02003000134628	104322.923679	S	0.002035
02003000173696	104322.925713	W	0.002754
02003000226580	104322.928468	S	0.002032
02003000265600	104322.930500	W	0.002717
02003000317760	104322.933217	S	0.002064
02003000357388	104322.935281	W	0.002456
02003000404536	104322.937736	S	0.002037
02003000443648	104322.939773	W	0.002924
02003000499784	104322.942697	S	0.002042
02003000538996	104322.944739	W	0.002698
02003000590804	104322.947438	S	0.002042
02003000630016	104322.949480	W	0.002240
02003000673020	104322.951720	S	0.002010
02003000711604	104322.953729	W	0.000907
02003000729028	104322.954637	S	0.004558
02003000816536	104322.959195	W	0.000859
02003000833036	104322.960054	S	0.422349
02003008942136	104323.382403	W	0.036777
02003009648260	104323.419180	S	1.243169
02003033517108	104324.662349	W	0.054727
02003034567872	104324.717077	S	1.225334
02003058094280	104325.942410	W	0.037750
02003058819080	104325.980160	S	1.242207
02003082669460	104327.222368	W	0.038038
02003083399784	104327.260405	S	1.241971
02003107245620	104328.502376	W	0.037185
02003107959576	104328.539561	S	0.877998
02003124817132	104329.417559	W	0.001794
02003124851584	104329.419353	S	0.006521
02003124976796	104329.425875	W	0.001984
02003125014884	104329.427859	S	0.099083
02003126917276	104329.526941	W	0.007086
02003127053324	104329.534027	S	0.095922
02003128895028	104329.629949	W	0.002069
02003128934744	104329.632018	S	0.160365
02003132013752	104329.792383	W	0.018595
02003132370772	104329.810978	S	0.429721
02003140621408	104330.240698	W	0.001409
02003140648464	104330.242108	S	0.008967
02003140820632	104330.251075	W	0.001710
02003140853468	104330.252785	S	0.007036
02003140988560	104330.259821	W	0.000211
02003140992620	104330.260032	S	0.000299
02003140998352	104330.260331	W	0.000233
02003141002824	104330.260564	S	0.000996
02003141021940	104330.261559	W	0.000060
02003141023088	104330.261619	S	0.090902
02003142768416	104330.352522	W	0.000242
02003142773064	104330.352764	S	0.099846
02003144690104	104330.452610	W	0.000494
02003144699584	104330.453103	S	0.609237
02003156396940	104331.062341	W	0.036809
02003157103668	104331.099149	S	1.253161
02003181164352	104332.352310	W	0.018601
02003181521484	104332.370911	S	0.895208
02003198709468	104333.266118	W	0.002730
02003198761888	104333.268848	S	0.099174
02003200666020	104333.368022	W	0.007225
02003200804744	104333.375247	S	0.094321
02003202615700	104333.469568	W	0.002202
02003202657976	104333.471770	S	0.160569
02003205740892	104333.632338	W	0.018789
02003206101632	104333.651127	S	0.429966
02003214356984	104334.081093	W	0.001178
02003214379600	104334.082271	S	0.830069
02003230316928	104334.912340	W	0.018719
02003230676336	104334.931059	S	1.261218
02003254891716	104336.192277	W	0.018915
02003255254888	104336.211192	S	1.261080
02003279467624	104337.472272	W	0.018897
02003279830448	104337.491169	S	1.261108
02003304043728	104338.752277	W	0.018807
02003304404820	104338.771084	S	1.261184
02003328619552	104340.032268	W	0.018944
02003328983272	104340.051212	S	1.261060
02003353195624	104341.312272	W	0.054042
02003354233228	104341.366314	S	1.215959
02003377579632	104342.582273	W	0.038237
02003378313776	104342.620509	S	1.241765
02003402155656	104343.862274	W	0.037941
02003402884124	104343.900215	S	0.102328
02003404848828	104344.002543	W	 - 

End : 3419180839, 104345.118378sec
