Start : 2556455180, 78016.820692sec

Sleep Statics
===== Client : 0 - MPSS =====
Time Sleep : 73956910380
Time Awake : 20534481504
Sleep : 78.268410% Awake : 21.731590%
Log available 73095 ~ 78016sec
Client : 0, Discarded : 0
Client : 0, Discarded Time : 0

Time sclk	Time sec	Status	Duration
===== Client : 0 - MPSS =====
01403431577624	73095.394668	S	1.241046
01403455405716	73096.635714	W	0.048048
01403456328236	73096.683762	S	0.114385
01403458524428	73096.798147	W	0.006794
01403458654872	73096.804941	S	1.110860
01403479983388	73097.915801	W	0.047889
01403480902848	73097.963690	S	1.232019
01403504557620	73099.195709	W	0.038948
01403505305424	73099.234657	S	1.241055
01403529133672	73100.475712	W	0.038916
01403529880864	73100.514628	S	1.241076
01403553709520	73101.755704	W	0.039018
01403554458668	73101.794722	S	1.240982
01403578285520	73103.035704	W	0.037961
01403579014372	73103.073665	S	1.242045
01403602861640	73104.315710	W	0.037972
01403603590700	73104.353682	S	1.242028
01403627437640	73105.595710	W	0.046921
01403628338524	73105.642631	S	1.233075
01403652013556	73106.875706	W	0.048026
01403652935664	73106.923732	S	1.231976
01403676589608	73108.155709	W	0.047975
01403677510720	73108.203683	S	1.242018
01403701357472	73109.445702	W	0.019645
01403701734664	73109.465347	S	1.260347
01403725933336	73110.725695	W	0.019671
01403726311020	73110.745366	S	1.260314
01403750509044	73112.005679	W	0.055889
01403751582104	73112.061568	S	1.214122
01403774893256	73113.275690	W	0.038871
01403775639584	73113.314562	S	1.241124
01403799469172	73114.555686	W	0.047938
01403800389580	73114.603624	S	1.232056
01403824045052	73115.835680	W	0.047928
01403824965276	73115.883608	S	0.587648
01403836248112	73116.471256	W	0.108217
01403838325888	73116.579473	S	0.082121
01403839902612	73116.661594	W	0.001080
01403839923352	73116.662675	S	0.002768
01403839976496	73116.665443	W	0.001251
01403840000512	73116.666693	S	0.001973
01403840038400	73116.668667	W	0.000972
01403840057060	73116.669639	S	0.014682
01403840338948	73116.684320	W	0.001127
01403840360588	73116.685447	S	0.001933
01403840397696	73116.687380	W	0.001002
01403840416940	73116.688382	S	0.003410
01403840482416	73116.691793	W	0.001030
01403840502188	73116.692822	S	0.009789
01403840690136	73116.702611	W	0.000859
01403840706628	73116.703470	S	0.005872
01403840819368	73116.709342	W	0.000872
01403840836108	73116.710214	S	0.003326
01403840899976	73116.713540	W	0.001043
01403840920000	73116.714583	S	0.001963
01403840957688	73116.716546	W	0.001021
01403840977292	73116.717567	S	0.003117
01403841037136	73116.720684	W	0.000980
01403841055944	73116.721664	S	0.001879
01403841092016	73116.723542	W	0.000893
01403841109168	73116.724436	S	0.050502
01403842078804	73116.774938	W	0.001099
01403842099912	73116.776037	S	0.012652
01403842342832	73116.788689	W	0.001090
01403842363752	73116.789779	S	0.032311
01403842984128	73116.822090	W	0.019688
01403843362136	73116.841778	S	0.273794
01403848618972	73117.115571	W	0.046810
01403849517728	73117.162382	S	0.039779
01403850281480	73117.202160	W	0.030277
01403850862804	73117.232438	S	0.017671
01403851202096	73117.250109	W	0.086473
01403852862376	73117.336582	S	0.042931
01403853686644	73117.379513	W	0.084404
01403855307200	73117.463917	S	0.680143
01403868365940	73118.144059	W	0.014755
01403868649240	73118.158815	S	0.236814
01403873196068	73118.395629	W	0.038880
01403873942560	73118.434508	S	0.630664
01403886051312	73119.065173	W	0.015507
01403886349040	73119.080679	S	0.071669
01403887725076	73119.152348	W	0.023993
01403888185744	73119.176341	S	0.499327
01403897772820	73119.675668	W	0.503665
01403907443196	73120.179333	S	0.044878
01403908304860	73120.224211	W	0.014773
01403908588504	73120.238985	S	0.716635
01403922347896	73120.955620	W	0.047656
01403923262888	73121.003275	S	0.168413
01403926496420	73121.171689	W	0.024213
01403926961308	73121.195901	S	0.990162
01403945972424	73122.186064	W	0.030181
01403946551908	73122.216245	S	0.019767
01403946931440	73122.236012	W	0.038424
01403947669176	73122.274436	S	0.119968
01403949972564	73122.394404	W	0.250541
01403954782960	73122.644946	S	0.011850
01403955010488	73122.656796	W	0.067204
01403956300804	73122.724000	S	0.476673
01403965452932	73123.200674	W	0.015173
01403965744256	73123.215847	S	0.027534
01403966272908	73123.243381	W	0.022195
01403966699056	73123.265576	S	0.198937
01403970518644	73123.464513	W	0.000687
01403970531832	73123.465200	S	0.001467
01403970559996	73123.466666	W	0.000046
01403970560872	73123.466712	S	0.049224
01403971505964	73123.515936	W	0.037937
01403972234360	73123.553873	S	0.053196
01403973255720	73123.607069	W	0.000954
01403973274044	73123.608023	S	0.001970
01403973311864	73123.609993	W	0.001033
01403973331704	73123.611026	S	0.005150
01403973430592	73123.616177	W	0.000886
01403973447604	73123.617063	S	0.001926
01403973484576	73123.618988	W	0.000904
01403973501928	73123.619892	S	0.001942
01403973539212	73123.621834	W	0.001215
01403973562540	73123.623049	S	0.001943
01403973599840	73123.624992	W	0.001025
01403973619516	73123.626016	S	0.002032
01403973658536	73123.628049	W	0.000990
01403973677544	73123.629039	S	0.305631
01403979545660	73123.934670	W	0.018875
01403979908068	73123.953545	S	0.110685
01403982033224	73124.064230	W	1.600782
01404012768248	73125.665013	S	0.121674
01404015104380	73125.786686	W	0.106465
01404017148516	73125.893152	S	0.182623
01404020654880	73126.075775	W	0.047793
01404021572512	73126.123568	S	1.232075
01404045228356	73127.355644	W	0.038955
01404045976300	73127.394599	S	0.123198
01404048341692	73127.517796	W	0.048066
01404049264568	73127.565863	S	1.069789
01404069804520	73128.635652	W	0.047965
01404070725440	73128.683617	S	1.231995
01404094379744	73129.915612	W	0.038933
01404095127252	73129.954544	S	1.241057
01404118955556	73131.195602	W	0.038967
01404119703720	73131.234569	S	1.198635
01404142717512	73132.433204	W	0.006011
01404142832924	73132.439215	S	0.036832
01404143540092	73132.476046	W	0.047507
01404144452220	73132.523553	S	0.617504
01404156308292	73133.141057	W	6.010936
01404271718256	73139.151993	S	1.003598
01404290987340	73140.155591	W	0.137964
01404293636248	73140.293555	S	1.142032
01404315563256	73141.435586	W	0.146727
01404318380408	73141.582313	S	0.856266
01404334820708	73142.438579	W	0.059853
01404335969876	73142.498431	S	0.217157
01404340139292	73142.715588	W	0.167230
01404343350100	73142.882818	S	1.112736
01404364714628	73143.995554	W	0.038940
01404365462268	73144.034493	S	1.241096
01404389291316	73145.275589	W	0.110979
01404391422120	73145.386569	S	1.168998
01404413866888	73146.555567	W	0.078964
01404415382996	73146.634531	S	1.201035
01404438442860	73147.835566	W	0.038966
01404439191016	73147.874532	S	1.241025
01404463018704	73149.115558	W	0.047895
01404463938296	73149.163453	S	1.232102
01404487594648	73150.395555	W	0.284992
01404493066504	73150.680547	S	0.995003
01404512170556	73151.675550	W	0.038865
01404512916764	73151.714415	S	1.241140
01404536746652	73152.955555	W	0.047996
01404537668180	73153.003551	S	1.231994
01404561322456	73154.235545	W	0.038953
01404562070348	73154.274497	S	1.241041
01404585898344	73155.515539	W	0.038950
01404586646176	73155.554488	S	1.241046
01404610474264	73156.795535	W	0.145965
01404613276792	73156.941500	S	0.604993
01404624892660	73157.546493	W	0.036919
01404625601496	73157.583411	S	0.492137
01404635050528	73158.075548	W	0.069012
01404636375560	73158.144560	S	1.210945
01404659625712	73159.355506	W	0.077949
01404661122328	73159.433455	S	1.202052
01404684201732	73160.635507	W	0.068983
01404685526208	73160.704490	S	1.211021
01404708777820	73161.915511	W	0.109986
01404710889556	73162.025498	S	1.170000
01404733353560	73163.195498	W	0.047984
01404734274860	73163.243482	S	1.232023
01404757929696	73164.475505	W	0.038882
01404758676236	73164.514387	S	1.241124
01404782505820	73165.755511	W	0.038971
01404783254068	73165.794483	S	1.241017
01404807081600	73167.035500	W	0.047928
01404808001816	73167.083428	S	1.232072
01404831657592	73168.315500	W	0.255996
01404836572720	73168.571496	S	1.023996
01404856233436	73169.595491	W	0.077969
01404857730444	73169.673461	S	1.202022
01404880809268	73170.875483	W	0.038889
01404881555936	73170.914372	S	1.241107
01404905385196	73172.155479	W	0.068983
01404906709660	73172.224461	S	1.211019
01404929961232	73173.435481	W	0.212031
01404934032220	73173.647511	S	1.067949
01404954536836	73174.715460	W	0.138074
01404957187856	73174.853534	S	1.141955
01404979113400	73175.995490	W	0.068901
01404980436300	73176.064391	S	1.211068
01405003688804	73177.275459	W	0.077973
01405005185888	73177.353432	S	1.202031
01405028264876	73178.555462	W	0.047975
01405029185996	73178.603437	S	0.538470
01405039524616	73179.141907	W	5.015973
01405135831304	73184.157880	S	0.797555
01405151144360	73184.955435	W	0.068922
01405152467664	73185.024358	S	1.211078
01405175720364	73186.235436	W	0.038936
01405176467932	73186.274371	S	1.241059
01405200296272	73187.515431	W	0.142005
01405203022760	73187.657435	S	0.347213
01405209689248	73188.004648	W	0.009076
01405209863504	73188.013724	S	0.781711
01405224872356	73188.795435	W	0.048019
01405225794312	73188.843454	S	1.231962
01405249447980	73190.075416	W	0.069989
01405250791764	73190.145404	S	1.210015
01405274024044	73191.355419	W	0.078910
01405275539112	73191.434329	S	1.201081
01405298599864	73192.635410	W	0.120103
01405300905832	73192.755512	S	1.159894
01405323175804	73193.915406	W	0.106029
01405325211568	73194.021436	S	1.083512
01405346015000	73195.104948	W	0.005996
01405346130120	73195.110944	S	0.084888
01405347759960	73195.195831	W	0.069486
01405349094100	73195.265318	S	1.210086
01405372327748	73196.475404	W	0.038941
01405373075420	73196.514345	S	1.241050
01405396903572	73197.755394	W	0.120028
01405399208104	73197.875422	S	1.159977
01405421479660	73199.035399	W	0.078979
01405422996056	73199.114378	S	1.201009
01405446055424	73200.315387	W	0.139029
01405448724784	73200.454416	S	1.141104
01405470633972	73201.595519	W	0.078826
01405472147428	73201.674345	S	1.200931
01405495205304	73202.875276	W	0.111121
01405497338828	73202.986397	S	1.168904
01405519781776	73204.155301	W	0.174139
01405523125240	73204.329440	S	1.105865
01405544357856	73205.435305	W	0.070047
01405545702752	73205.505352	S	1.209942
01405568933640	73206.715294	W	0.198082
01405572736812	73206.913376	S	1.081917
01405593509624	73207.995293	W	0.121045
01405595833696	73208.116338	S	1.159025
01405618086972	73209.275363	W	0.079028
01405619604312	73209.354391	S	1.200964
01405642662812	73210.555355	W	0.069940
01405644005656	73210.625295	S	1.210050
01405667238608	73211.835344	W	0.326999
01405673516984	73212.162343	S	0.953005
01405691814680	73213.115348	W	0.199974
01405695654180	73213.315322	S	1.080014
01405716390452	73214.395336	W	0.048028
01405717312584	73214.443364	S	1.231970
01405740966404	73215.675334	W	0.069973
01405742309892	73215.745307	S	1.210034
01405765542548	73216.955341	W	0.110913
01405767672084	73217.066254	S	0.512531
01405777512684	73217.578786	W	0.036797
01405778219192	73217.615583	S	0.619768
01405790118744	73218.235351	W	0.078921
01405791634024	73218.314272	S	1.201032
01405814693844	73219.515304	W	0.117047
01405816941156	73219.632352	S	1.162915
01405839269132	73220.795267	W	0.146733
01405842086408	73220.942000	S	0.856290
01405858527180	73221.798291	W	0.059849
01405859676284	73221.858140	S	0.217154
01405863845636	73222.075294	W	0.039953
01405864612728	73222.115246	S	1.240086
01405888422388	73223.355333	W	0.038856
01405889168416	73223.394188	S	0.747237
01405903515372	73224.141426	W	5.015250
01405999808172	73229.156676	S	0.598600
01406011301288	73229.755275	W	0.039025
01406012050564	73229.794300	S	0.289852
01406017615728	73230.084152	W	0.057776
01406018725036	73230.141929	S	0.059123
01406019860204	73230.201052	W	0.014911
01406020146488	73230.215963	S	0.037376
01406020864108	73230.253339	W	0.085463
01406022504992	73230.338802	S	0.696500
01406035877792	73231.035302	W	0.047961
01406036798636	73231.083262	S	1.231996
01406060452956	73232.315258	W	0.047970
01406061373976	73232.363228	S	1.232030
01406085028956	73233.595258	W	0.038980
01406085777364	73233.634238	S	1.241011
01406109604780	73234.875249	W	0.039013
01406110353836	73234.914262	S	1.240996
01406134180952	73236.155258	W	0.038945
01406134928700	73236.194203	S	1.241060
01406158757048	73237.435263	W	0.047903
01406159676792	73237.483166	S	1.232099
01406183333096	73238.715265	W	0.047967
01406184254064	73238.763233	S	1.232014
01406207908728	73239.995246	W	0.047999
01406208830304	73240.043245	S	1.232003
01406232484756	73241.275248	W	0.038885
01406233231340	73241.314132	S	1.241118
01406257060796	73242.555250	W	0.047917
01406257980808	73242.603167	S	1.232076
01406281636660	73243.835243	W	0.038955
01406282384592	73243.874198	S	1.241038
01406306212516	73245.115235	W	0.039024
01406306961768	73245.154259	S	1.240978
01406330788540	73246.395236	W	0.038861
01406331534676	73246.434098	S	1.163688
01406353877488	73247.597786	W	0.048880
01406354815992	73247.646666	S	0.028582
01406355364772	73247.675249	W	0.047959
01406356285580	73247.723207	S	1.231999
01406379939952	73248.955206	W	0.048055
01406380862612	73249.003261	S	1.231978
01406404516592	73250.235239	W	0.047998
01406405438156	73250.283237	S	1.231986
01406429092292	73251.515224	W	0.038974
01406429840596	73251.554198	S	1.241012
01406453668028	73252.795210	W	0.047980
01406454589240	73252.843190	S	1.232016
01406478243952	73254.075206	W	0.038920
01406478991220	73254.114126	S	1.241073
01406502819816	73255.355199	W	0.039043
01406503569432	73255.394241	S	1.240950
01406527395664	73256.635191	W	0.038962
01406528143728	73256.674152	S	1.241047
01406551971828	73257.915199	W	0.047833
01406552890216	73257.963032	S	1.232156
01406576547612	73259.195188	W	0.047965
01406577468540	73259.243153	S	1.232040
01406601123704	73260.475193	W	0.047971
01406602044756	73260.523164	S	1.232017
01406625699484	73261.755181	W	0.038967
01406626447656	73261.794149	S	1.241027
01406650275384	73263.035176	W	0.047952
01406651196056	73263.083128	S	1.232041
01406674851240	73264.315169	W	0.038956
01406675599196	73264.354125	S	1.241044
01406699427248	73265.595169	W	0.039003
01406700176108	73265.634172	S	1.240989
01406724003092	73266.875161	W	0.047971
01406724924132	73266.923132	S	1.232016
01406748578844	73268.155148	W	0.047923
01406749498968	73268.203071	S	0.936915
01406767487740	73269.139986	W	7.024601
01406902360088	73276.164588	S	0.950542
01406920610492	73277.115130	W	0.038875
01406921356892	73277.154005	S	0.461425
01406930216248	73277.615430	W	0.037039
01406930927396	73277.652469	S	0.742690
01406945187036	73278.395158	W	0.047879
01406946106308	73278.443037	S	1.232064
01406969761928	73279.675100	W	0.049026
01406970703232	73279.724127	S	1.230967
01406994337792	73280.955093	W	0.048155
01406995262376	73281.003249	S	1.231851
01407018913916	73282.235100	W	0.047947
01407019834492	73282.283046	S	1.232044
01407043489728	73283.515090	W	0.038978
01407044238112	73283.554068	S	1.241038
01407068066032	73284.795106	W	0.047921
01407068986116	73284.843027	S	1.232078
01407092642020	73286.075105	W	0.038949
01407093389840	73286.114054	S	1.241041
01407117217820	73287.355095	W	0.038946
01407117965592	73287.394041	S	1.241054
01407141793832	73288.635095	W	0.047935
01407142714184	73288.683030	S	1.232055
01407166369648	73289.915086	W	0.458997
01407175182384	73290.374082	S	0.821005
01407190945680	73291.195088	W	0.048020
01407191867668	73291.243108	S	1.231975
01407215521580	73292.475082	W	0.038882
01407216268112	73292.513964	S	1.241120
01407240097608	73293.755084	W	0.047981
01407241018840	73293.803065	S	1.232004
01407264673316	73295.035069	W	0.038908
01407265420352	73295.073977	S	1.241090
01407289249288	73296.315067	W	0.038968
01407289997464	73296.354035	S	1.241009
01407313824840	73297.595044	W	0.038935
01407314572384	73297.633978	S	1.241079
01407338401104	73298.875058	W	0.047944
01407339321624	73298.923001	S	1.232061
01407362977204	73300.155063	W	0.150007
01407365857336	73300.305070	S	1.129983
01407387553016	73301.435053	W	0.047953
01407388473716	73301.483006	S	1.232039
01407412128864	73302.715045	W	0.047966
01407413049816	73302.763011	S	1.232027
01407436704740	73303.995039	W	0.038971
01407437452976	73304.034009	S	1.241030
01407461280744	73305.275039	W	0.048979
01407462221132	73305.324017	S	1.231020
01407485856708	73306.555037	W	0.038936
01407486604272	73306.593973	S	1.039186
01407506556640	73307.633158	W	0.037085
01407507268680	73307.670244	S	0.164806
01407510432960	73307.835050	W	0.038945
01407511180712	73307.873995	S	1.241013
01407535008152	73309.115008	W	0.047953
01407535928848	73309.162961	S	0.220734
01407540166944	73309.383695	W	0.006899
01407540299396	73309.390594	S	1.004435
01407559584544	73310.395028	W	0.047965
01407560505472	73310.442993	S	1.231995
01407584159768	73311.674988	W	0.038965
01407584907896	73311.713953	S	1.241042
01407608735900	73312.954995	W	0.047987
01407609657244	73313.002981	S	1.232024
01407633312100	73314.235005	W	0.047948
01407634232700	73314.282953	S	1.232044
01407657887952	73315.514997	W	0.038850
01407658633876	73315.553848	S	0.587031
01407669904864	73316.140878	W	4.014852
01407746990032	73320.155731	S	0.479238
01407756191408	73320.634969	W	0.047970
01407757112428	73320.682939	S	1.232042
01407780767628	73321.914981	W	0.048037
01407781689944	73321.963018	S	1.231961
01407805343588	73323.194979	W	0.038977
01407806091956	73323.233956	S	0.482771
01407815361164	73323.716727	W	0.048970
01407816301388	73323.765697	S	0.709316
01407829920264	73324.475014	W	0.048015
01407830842156	73324.523029	S	1.231910
01407854494820	73325.754939	W	0.038966
01407855242968	73325.793905	S	1.241027
01407879070696	73327.034932	W	0.039056
01407879820580	73327.073989	S	1.240939
01407903646604	73328.314927	W	0.038983
01407904395072	73328.353910	S	1.241045
01407928223132	73329.594955	W	0.038925
01407928970488	73329.633880	S	1.241077
01407952799168	73330.874957	W	0.047977
01407953720324	73330.922934	S	1.232012
01407977374952	73332.154945	W	0.039031
01407978124348	73332.193976	S	1.240962
01408001950828	73333.434939	W	0.038969
01408002699028	73333.473908	S	1.241034
01408026526876	73334.714941	W	0.047964
01408027447784	73334.762905	S	1.232021
01408051102580	73335.994926	W	0.047986
01408052023912	73336.042912	S	1.232020
01408075678692	73337.274932	W	0.038969
01408076426900	73337.313901	S	1.241031
01408100254688	73338.554932	W	0.038932
01408101002176	73338.593863	S	1.241076
01408124830832	73339.834939	W	0.038978
01408125579212	73339.873917	S	1.241003
01408149406460	73341.114920	W	0.047965
01408150327384	73341.162885	S	1.232020
01408173982172	73342.394905	W	0.038980
01408174730584	73342.433885	S	1.241024
01408198558244	73343.674909	W	0.038967
01408199306412	73343.713876	S	1.241026
01408223134112	73344.954902	W	0.047985
01408224055428	73345.002887	S	1.232031
01408247710428	73346.234918	W	0.038884
01408248457008	73346.273802	S	1.241092
01408272285968	73347.514894	W	0.039069
01408273036096	73347.553963	S	1.240929
01408296861928	73348.794892	W	0.047986
01408297783264	73348.842878	S	1.232009
01408321437836	73350.074887	W	0.038950
01408322185684	73350.113838	S	1.241043
01408346013716	73351.354881	W	0.047956
01408346934468	73351.402837	S	1.232053
01408370589888	73352.634890	W	0.047995
01408371511396	73352.682885	S	1.063429
01408391929236	73353.746314	W	0.036926
01408392638208	73353.783240	S	0.131664
01408395166164	73353.914904	W	0.047888
01408396085616	73353.962792	S	1.232061
01408419741180	73355.194853	W	0.038979
01408420489584	73355.233833	S	1.241010
01408444316984	73356.474843	W	0.038940
01408445064628	73356.513783	S	0.073694
01408446479544	73356.587476	W	0.006893
01408446611884	73356.594369	S	1.160486
01408468893224	73357.754855	W	0.038981
01408469641652	73357.793836	S	1.240999
01408493468828	73359.034835	W	0.038942
01408494216524	73359.073777	S	1.065555
01408514675184	73360.139332	W	4.063433
01408592693088	73364.202765	S	1.232069
01408616348816	73365.434834	W	0.047988
01408617270176	73365.482822	S	1.232014
01408640924852	73366.714836	W	0.038930
01408641672304	73366.753766	S	1.241061
01408665500680	73367.994827	W	0.039021
01408666249884	73368.033848	S	1.240980
01408690076704	73369.274828	W	0.038935
01408690824264	73369.313764	S	1.241064
01408714652684	73370.554827	W	0.038915
01408715399856	73370.593743	S	1.241080
01408739228600	73371.834823	W	0.047993
01408740150060	73371.882816	S	1.232005
01408763804560	73373.114821	W	0.048028
01408764726696	73373.162849	S	1.231969
01408788380492	73374.394817	W	0.047895
01408789300072	73374.442712	S	1.232093
01408812956256	73375.674805	W	0.047999
01408813877828	73375.722804	S	1.232000
01408837532228	73376.954804	W	0.048981
01408838472656	73377.003784	S	1.231020
01408862108232	73378.234804	W	0.038998
01408862857000	73378.273802	S	1.241002
01408886684236	73379.514804	W	0.038901
01408887431140	73379.553705	S	1.241085
01408911259972	73380.794790	W	0.039007
01408912008900	73380.833797	S	1.240990
01408935835916	73382.074787	W	0.047977
01408936757076	73382.122764	S	1.232018
01408960411820	73383.354782	W	0.039034
01408961161276	73383.393816	S	0.370119
01408968267552	73383.763935	W	0.036791
01408968973940	73383.800726	S	0.834084
01408984988356	73384.634810	W	0.047884
01408985907720	73384.682694	S	1.232038
01409009562848	73385.914732	W	0.047958
01409010483648	73385.962690	S	1.232059
01409034139176	73387.194749	W	0.038985
01409034887692	73387.233734	S	1.241011
01409058715112	73388.474745	W	0.039009
01409059464088	73388.513755	S	1.240978
01409083290860	73389.754732	W	0.038968
01409084039036	73389.793700	S	1.241062
01409107867436	73391.034762	W	0.047960
01409108788276	73391.082723	S	1.232042
01409132443480	73392.314765	W	0.047922
01409133363584	73392.362687	S	1.232060
01409157019140	73393.594747	W	0.039013
01409157768192	73393.633760	S	1.240981
01409181595036	73394.874741	W	0.048955
01409182534972	73394.923696	S	1.231052
01409206171176	73396.154749	W	0.047962
01409207092044	73396.202711	S	0.935914
01409225061588	73397.138624	W	0.006950
01409225195032	73397.145575	S	0.289181
01409230747304	73397.434755	W	0.038900
01409231494192	73397.473656	S	0.893159
01409248642848	73398.366815	W	0.007060
01409248778396	73398.373875	S	0.340854
01409255322792	73398.714729	W	0.039086
01409256073244	73398.753815	S	1.240896
01409279898440	73399.994710	W	0.038977
01409280646800	73400.033688	S	1.241026
01409304474504	73401.274714	W	0.047912
01409305394420	73401.322626	S	1.232084
01409329050436	73402.554710	W	0.047955
01409329971164	73402.602665	S	1.232047
01409353626468	73403.834712	W	0.047957
01409354547236	73403.882669	S	0.257459
01409359490456	73404.140128	W	4.015460
01409436587292	73408.155588	S	0.799100
01409451930004	73408.954688	W	0.039008
01409452678964	73408.993696	S	1.241005
01409476506252	73410.234701	W	0.038928
01409477253676	73410.273629	S	1.241058
01409501081992	73411.514687	W	0.047916
01409502001972	73411.562603	S	1.232079
01409525657892	73412.794682	W	0.047892
01409526577412	73412.842574	S	0.938887
01409544604044	73413.781461	W	0.037044
01409545315296	73413.818505	S	0.256198
01409550234304	73414.074703	W	0.047949
01409551154920	73414.122652	S	1.231989
01409574809108	73415.354641	W	0.048003
01409575730768	73415.402644	S	1.232014
01409599385432	73416.634658	W	0.047928
01409600305652	73416.682586	S	1.232078
01409623961556	73417.914664	W	0.038916
01409624708740	73417.953580	S	1.241080
01409648537484	73419.194661	W	0.038988
01409649286056	73419.233649	S	1.241016
01409673113568	73420.474665	W	0.038887
01409673860200	73420.513552	S	1.241101
01409697689344	73421.754653	W	0.047947
01409698609928	73421.802600	S	1.232061
01409722265508	73423.034662	W	0.420921
01409730347188	73423.455583	S	0.620532
01409742261404	73424.076115	W	1.722994
01409775342896	73425.799109	S	1.075559
01409795993624	73426.874668	W	0.038859
01409796739720	73426.913527	S	1.241088
01409820568612	73428.154615	W	0.038930
01409821316072	73428.193545	S	1.241073
01409845144672	73429.434618	W	0.039014
01409845893744	73429.473632	S	1.045261
01409865962748	73430.518893	W	0.123985
01409868343256	73430.642878	S	0.071747
01409869720796	73430.714625	W	0.047898
01409870640432	73430.762522	S	0.782636
01409885667040	73431.545158	W	0.017496
01409886002960	73431.562654	S	0.050523
01409886973008	73431.613177	W	0.047378
01409887882672	73431.660556	S	0.334070
01409894296808	73431.994625	W	0.038935
01409895044368	73432.033561	S	0.024678
01409895518176	73432.058238	W	0.009874
01409895707760	73432.068112	S	1.206499
01409918872536	73433.274611	W	0.047944
01409919793052	73433.322555	S	1.232055
01409943448508	73434.554610	W	0.038980
01409944196924	73434.593590	S	1.241011
01409968024332	73435.834601	W	0.047927
01409968944536	73435.882528	S	1.232077
01409992600424	73437.114605	W	0.047930
01409993520676	73437.162535	S	1.232067
01410017176368	73438.394603	W	0.039025
01410017925652	73438.433628	S	1.240972
01410041752316	73439.674600	W	0.038948
01410042500116	73439.713548	S	1.241062
01410066328504	73440.954610	W	0.149957
01410069207684	73441.104567	S	1.130018
01410090904032	73442.234585	W	0.069967
01410092247392	73442.304552	S	0.198092
01410096050756	73442.502644	W	0.008668
01410096217176	73442.511311	S	1.003293
01410115480396	73443.514604	W	0.048899
01410116419260	73443.563503	S	0.237312
01410120975652	73443.800815	W	0.036675
01410121679812	73443.837490	S	0.957099
01410140056116	73444.794589	W	0.038969
01410140804320	73444.833558	S	1.241003
01410164631576	73446.074561	W	0.047923
01410165551696	73446.122484	S	0.241881
01410170195812	73446.364365	W	0.046797
01410171094320	73446.411162	S	0.004890
01410171188200	73446.416052	W	0.001146
01410171210212	73446.417199	S	0.054584
01410172258216	73446.471782	W	0.001047
01410172278324	73446.472829	S	0.045494
01410173151816	73446.518324	W	0.001056
01410173172088	73446.519380	S	0.001931
01410173209160	73446.521310	W	0.001028
01410173228904	73446.522339	S	0.001891
01410173265208	73446.524230	W	0.000934
01410173283148	73446.525164	S	0.013603
01410173544320	73446.538767	W	0.000862
01410173560880	73446.539629	S	0.006592
01410173687448	73446.546221	W	0.000993
01410173706520	73446.547215	S	0.005748
01410173816872	73446.552962	W	0.000871
01410173833604	73446.553834	S	0.006587
01410173960080	73446.560421	W	0.001614
01410173991060	73446.562034	S	0.010864
01410174199652	73446.572899	W	0.001142
01410174221576	73446.574040	S	0.001967
01410174259336	73446.576007	W	0.000970
01410174277952	73446.576977	S	0.002847
01410174332616	73446.579824	W	0.001101
01410174353752	73446.580925	S	0.001918
01410174390584	73446.582843	W	0.001041
01410174410580	73446.583884	S	0.044759
01410175269960	73446.628644	W	0.001107
01410175291216	73446.629751	S	0.024769
01410175766772	73446.654519	W	0.001073
01410175787372	73446.655592	S	0.026899
01410176303828	73446.682491	W	0.015055
01410176592888	73446.697546	S	0.010930
01410176802748	73446.708476	W	0.016383
01410177117296	73446.724859	S	0.005792
01410177228500	73446.730651	W	0.001096
01410177249552	73446.731748	S	0.040319
01410178023668	73446.772066	W	0.014535
01410178302732	73446.786601	S	0.022478
01410178734308	73446.809079	W	0.113440
01410180912364	73446.922519	S	0.008744
01410181080248	73446.931263	W	0.001125
01410181101844	73446.932388	S	0.017279
01410181433592	73446.949666	W	11.206136
01410396591412	73458.155803	S	0.635414
01410408791368	73458.791217	W	0.014369
01410409067248	73458.805586	S	0.069291
01410410397628	73458.874876	W	0.174486
01410413747768	73459.049363	S	0.749765
01410428143264	73459.799128	W	0.021978
01410428565232	73459.821106	S	0.333383
01410434966192	73460.154489	W	0.078851
01410436480128	73460.233340	S	0.573386
01410447489132	73460.806726	W	0.023980
01410447949552	73460.830706	S	0.603794
01410459542392	73461.434500	W	0.078735
01410461054104	73461.513235	S	0.309770
01410467001696	73461.823005	W	0.031197
01410467600680	73461.854202	S	0.148408
01410470450112	73462.002610	W	0.023685
01410470904856	73462.026295	S	0.688196
01410484118228	73462.714491	W	0.069773
01410485457868	73462.784264	S	0.058193
01410486575172	73462.842457	W	0.024256
01410487040884	73462.866713	S	0.992431
01410506095564	73463.859144	W	0.015594
01410506394972	73463.874738	S	0.002451
01410506442024	73463.877189	W	0.014232
01410506715284	73463.891421	S	0.103117
01410508695124	73463.994538	W	0.206308
01410512656244	73464.200846	S	0.005589
01410512763548	73464.206435	W	0.001174
01410512786092	73464.207609	S	0.005040
01410512882860	73464.212649	W	0.000966
01410512901404	73464.213615	S	0.001957
01410512938972	73464.215571	W	0.001017
01410512958496	73464.216588	S	0.041115
01410513747900	73464.257703	W	0.001227
01410513771460	73464.258930	S	0.002030
01410513810444	73464.260961	W	0.001016
01410513829952	73464.261977	S	0.032437
01410514452740	73464.294414	W	0.001011
01410514472148	73464.295424	S	0.029089
01410515030648	73464.324513	W	0.001134
01410515052416	73464.325647	S	0.016580
01410515370748	73464.342226	W	0.001137
01410515392576	73464.343363	S	0.529805
01410525564832	73464.873168	W	0.022837
01410526003308	73464.896006	S	0.101451
01410527951176	73464.997457	W	0.054154
01410528990924	73465.051611	S	0.222838
01410533269420	73465.274449	W	0.039561
01410534028996	73465.314010	S	1.240480
01410557846216	73466.554490	W	0.047765
01410558763312	73466.602256	S	0.464365
01410567679124	73467.066621	W	0.002322
01410567723700	73467.068943	S	0.765563
01410582422504	73467.834505	W	0.046588
01410583317000	73467.881094	S	0.162562
01410586438192	73468.043656	W	0.023438
01410586888200	73468.067094	S	1.047459
01410606999420	73469.114553	W	0.038692
01410607742316	73469.153246	S	0.721697
01410621598900	73469.874943	W	0.015359
01410621893800	73469.890302	S	0.504128
01410631573064	73470.394430	W	0.038260
01410632307648	73470.432690	S	0.640039
01410644596404	73471.072729	W	0.014650
01410644877692	73471.087380	S	0.597100
01410656342008	73471.684480	W	0.206780
01410660312176	73471.891259	S	1.063172
01410680725076	73472.954431	W	0.069870
01410682066576	73473.024301	S	1.065452
01410702523252	73474.089753	W	0.015494
01410702820736	73474.105247	S	0.129221
01410705301788	73474.234468	W	0.047814
01410706219824	73474.282283	S	1.232221
01410729878460	73475.514503	W	0.046809
01410730777192	73475.561312	S	1.233135
01410754453380	73476.794447	W	0.037942
01410755181876	73476.832389	S	0.277317
01410760506368	73477.109707	W	0.013153
01410760758900	73477.122859	S	0.951581
01410779029248	73478.074440	W	0.123836
01410781406908	73478.198276	S	0.017570
01410781744252	73478.215846	W	0.000958
01410781762644	73478.216804	S	0.020804
01410782162088	73478.237609	W	0.001100
01410782183204	73478.238709	S	0.020881
01410782584116	73478.259589	W	0.001079
01410782604832	73478.260668	S	0.016300
01410782917796	73478.276969	W	0.001005
01410782937084	73478.277973	S	0.062950
01410784145728	73478.340923	W	0.036009
01410784837104	73478.376933	S	0.977528
01410803605636	73479.354460	W	0.038907
01410804352648	73479.393367	S	0.739729
01410818555436	73480.133096	W	0.024699
01410819029652	73480.157794	S	0.486673
01410828373772	73480.644467	W	0.019450
01410828747216	73480.663918	S	1.260544
01410852949668	73481.924462	W	0.019038
01410853315192	73481.943500	S	1.217764
01410876696268	73483.161264	W	0.014699
01410876978484	73483.175963	S	0.028833
01410877532072	73483.204795	W	0.018812
01410877893260	73483.223607	S	0.709067
01410891507340	73483.932674	W	0.015489
01410891804728	73483.948163	S	0.536307
01410902101824	73484.484470	W	0.019178
01410902470040	73484.503648	S	0.248714
01410907245340	73484.752361	W	0.061597
01410908428012	73484.813959	S	0.002453
01410908475116	73484.816412	W	0.000997
01410908494268	73484.817410	S	0.124317
01410910881152	73484.941727	W	0.023503
01410911332416	73484.965230	S	0.799196
01410926676984	73485.764426	W	0.018785
01410927037664	73485.783212	S	0.171162
01410930323972	73485.954374	W	0.023583
01410930776764	73485.977956	S	0.203832
01410934690336	73486.181788	W	0.015477
01410934987488	73486.197265	S	0.576329
01410946053012	73486.773594	W	0.006964
01410946186724	73486.780559	S	0.004866
01410946280156	73486.785425	W	0.014550
01410946559512	73486.799975	S	0.019206
01410946928272	73486.819181	W	0.001046
01410946948360	73486.820227	S	0.074764
01410948383824	73486.894991	W	0.001127
01410948405460	73486.896118	S	0.069710
01410949743888	73486.965827	W	0.014215
01410950016812	73486.980042	S	0.064706
01410951259168	73487.044748	W	0.018126
01410951607184	73487.062874	S	0.025648
01410952099628	73487.088522	W	0.000942
01410952117708	73487.089464	S	0.442468
01410960613084	73487.531931	W	0.000383
01410960620436	73487.532314	S	0.440635
01410969080620	73487.972949	W	0.015632
01410969380748	73487.988581	S	0.016409
01410969695800	73488.004990	W	0.000221
01410969700040	73488.005210	S	0.319218
01410975829020	73488.324428	W	0.018773
01410976189460	73488.343201	S	0.639535
01410988468524	73488.982736	W	0.014761
01410988751940	73488.997497	S	0.198350
01410992560260	73489.195847	W	0.014763
01410992843716	73489.210610	S	0.393823
01411000405108	73489.604433	W	0.018611
01411000762436	73489.623044	S	0.367253
01411007813696	73489.990297	W	0.014893
01411008099648	73490.005190	S	0.879260
01411024981440	73490.884450	W	0.019112
01411025348384	73490.903562	S	0.096477
01411027200740	73491.000039	W	0.023435
01411027650692	73491.023474	S	0.988604
01411046631880	73492.012077	W	0.023850
01411047089800	73492.035927	S	0.128478
01411049556576	73492.164405	W	0.018862
01411049918732	73492.183267	S	0.025083
01411050400324	73492.208350	W	0.014773
01411050683968	73492.223123	S	0.803554
01411066112200	73493.026677	W	0.022892
01411066551720	73493.049569	S	0.394847
01411074132784	73493.444416	W	0.022047
01411074556092	73493.466463	S	1.261921
01411098784980	73494.728384	W	0.014196
01411099057548	73494.742581	S	0.485784
01411108384600	73495.228365	W	0.015024
01411108673068	73495.243389	S	0.765023
01411123361516	73496.008412	W	0.018302
01411123712920	73496.026715	S	1.261686
01411147937284	73497.288400	W	0.012806
01411148183168	73497.301207	S	0.208859
01411152193252	73497.510065	W	0.014927
01411152479856	73497.524992	S	0.730193
01411166499556	73498.255185	W	0.014962
01411166786832	73498.270148	S	0.298248
01411172513192	73498.568395	W	0.014369
01411172789080	73498.582765	S	0.647652
01411185223992	73499.230416	W	0.014368
01411185499864	73499.244785	S	0.603597
01411197088920	73499.848381	W	0.014278
01411197363060	73499.862659	S	0.084673
01411198988788	73499.947333	W	0.014400
01411199265260	73499.961732	S	0.804730
01411214716080	73500.766463	W	0.014258
01411214989828	73500.780720	S	0.347665
01411221665004	73501.128386	W	0.013487
01411221923960	73501.141873	S	0.130569
01411224430880	73501.272442	W	0.023584
01411224883696	73501.296026	S	1.112350
01411246240808	73502.408375	W	0.013539
01411246500752	73502.421914	S	0.189056
01411250130624	73502.610970	W	0.018154
01411250479176	73502.629124	S	0.595841
01411261919328	73503.224965	W	0.019148
01411262286968	73503.244113	S	0.444276
01411270817068	73503.688389	W	0.013452
01411271075356	73503.701841	S	0.596402
01411282526284	73504.298244	W	0.014894
01411282812244	73504.313138	S	0.655229
01411295392648	73504.968367	W	0.013492
01411295651692	73504.981859	S	1.266498
01411319968448	73506.248357	W	0.017486
01411320304172	73506.265842	S	1.054428
01411340549192	73507.320270	W	0.023545
01411341001256	73507.343815	S	0.184541
01411344544452	73507.528357	W	0.014290
01411344818816	73507.542647	S	0.596868
01411356278688	73508.139515	W	0.001165
01411356301048	73508.140680	S	0.604115
01411367900052	73508.744794	W	0.005812
01411368011648	73508.750607	S	0.053755
01411369043752	73508.804362	W	0.019004
01411369408628	73508.823366	S	1.260989
01411393619608	73510.084355	W	0.018881
01411393982120	73510.103235	S	0.242391
01411398636028	73510.345626	W	0.014875
01411398921620	73510.360501	S	0.134137
01411401497060	73510.494639	W	0.030766
01411402087776	73510.525405	S	0.419972
01411410151240	73510.945377	W	0.088739
01411411855036	73511.034116	S	0.074543
01411413286268	73511.108660	W	0.086434
01411414945800	73511.195094	S	0.169265
01411418195680	73511.364358	W	0.019039
01411418561232	73511.383398	S	1.260929
01411442771072	73512.644327	W	0.018785
01411443131736	73512.663111	S	0.699368
01411456559596	73513.362479	W	0.014825
01411456844244	73513.377304	S	0.547035
01411467347308	73513.924339	W	0.018899
01411467710164	73513.943238	S	1.261082
01411491922932	73515.204319	W	0.019038
01411492288468	73515.223358	S	0.719551
01411506103852	73515.942909	W	0.100646
01411508036264	73516.043555	S	0.156476
01411511040604	73516.200031	W	0.318478
01411517155380	73516.518509	S	1.245814
01411541075008	73517.764323	W	0.018670
01411541433472	73517.782993	S	1.261316
01411565650740	73519.044309	W	0.019037
01411566016256	73519.063347	S	0.347461
01411572687508	73519.410808	W	0.014873
01411572973064	73519.425680	S	0.898631
01411590226772	73520.324311	W	0.018972
01411590591044	73520.343284	S	0.902964
01411607927960	73521.246248	W	0.161836
01411611035212	73521.408084	S	0.196241
01411614803048	73521.604325	W	0.019085
01411615169476	73521.623410	S	0.811307
01411630746576	73522.434718	W	0.014758
01411631029928	73522.449475	S	0.434840
01411639378848	73522.884315	W	0.018991
01411639743468	73522.903306	S	1.260967
01411663954040	73524.164273	W	0.022179
01411664379880	73524.186452	S	1.257867
01411688530928	73525.444319	W	0.030345
01411689113556	73525.474664	S	1.249613
01411713106128	73526.724278	W	0.019020
01411713471304	73526.743297	S	1.250960
01411737489744	73527.994258	W	0.037399
01411738207808	73528.031657	S	0.447002
01411746790244	73528.478659	W	0.014808
01411747074552	73528.493466	S	0.790819
01411762258272	73529.284285	W	0.019036
01411762623764	73529.303321	S	1.250943
01411786641860	73530.554264	W	0.037197
01411787356048	73530.591461	S	0.911318
01411804853348	73531.502779	W	0.014780
01411805137128	73531.517559	S	0.316733
01411811218408	73531.834292	W	0.037306
01411811934688	73531.871598	S	1.242645
01411835793464	73533.114243	W	0.037390
01411836511352	73533.151633	S	1.242624
01411860369736	73534.394257	W	0.037227
01411861084488	73534.431484	S	0.098880
01411862982988	73534.530364	W	0.014707
01411863265360	73534.545071	S	1.129176
01411884945536	73535.674247	W	0.046242
01411885833380	73535.720489	S	1.233754
01411909521464	73536.954243	W	0.047361
01411910430792	73537.001604	S	0.552176
01411921032572	73537.553780	W	0.014953
01411921319676	73537.568733	S	0.665528
01411934097820	73538.234261	W	0.055270
01411935158996	73538.289531	S	0.456047
01411943915096	73538.745578	W	12.409078
01412182169400	73551.154656	S	0.227845
01412186544032	73551.382502	W	0.040288
01412187317568	73551.422790	S	0.901411
01412204624668	73552.324201	W	0.018421
01412204978360	73552.342623	S	0.001635
01412205009752	73552.344258	W	0.000978
01412205028524	73552.345236	S	0.333552
01412211432720	73552.678788	W	0.014472
01412211710576	73552.693259	S	0.910952
01412229200848	73553.604211	W	0.019027
01412229566176	73553.623238	S	1.260915
01412253775748	73554.884154	W	0.019058
01412254141664	73554.903212	S	0.798179
01412269466692	73555.701390	W	0.014887
01412269752516	73555.716277	S	0.447908
01412278352352	73556.164185	W	0.045230
01412279220776	73556.209415	S	0.262920
01412284268840	73556.472335	W	0.029221
01412284829884	73556.501556	S	0.932601
01412302735824	73557.434157	W	0.038402
01412303473152	73557.472560	S	1.251569
01412327503284	73558.724129	W	0.018970
01412327867504	73558.743099	S	0.208394
01412331868664	73558.951493	W	0.014767
01412332152192	73558.966260	S	0.565474
01412343009288	73559.531734	W	0.002019
01412343048048	73559.533753	S	0.470391
01412352079556	73560.004144	W	0.019056
01412352445440	73560.023200	S	1.260993
01412376656500	73561.284193	W	0.018983
01412377020980	73561.303176	S	0.443393
01412385534132	73561.746569	W	0.023276
01412385981036	73561.769846	S	0.784309
01412401039776	73562.554155	W	0.047366
01412401949208	73562.601521	S	1.232601
01412425615156	73563.834123	W	0.037374
01412426332728	73563.871496	S	0.903959
01412443688740	73564.775455	W	0.014905
01412443974908	73564.790360	S	0.323794
01412450191760	73565.114154	W	0.045288
01412451061292	73565.159442	S	1.234669
01412474766936	73566.394111	W	0.047400
01412475677020	73566.441511	S	1.232589
01412499342728	73567.674100	W	0.047435
01412500253472	73567.721535	S	0.080609
01412501801160	73567.802144	W	0.014686
01412502083140	73567.816830	S	1.137319
01412523919668	73568.954149	W	0.046323
01412524809064	73569.000472	S	1.233640
01412548494944	73570.234112	W	0.038403
01412549232288	73570.272515	S	0.552828
01412559846584	73570.825343	W	0.014901
01412560132692	73570.840244	S	0.673879
01412573071168	73571.514123	W	0.037380
01412573788872	73571.551504	S	1.202732
01412596881324	73572.754236	W	0.013790
01412597146092	73572.768026	S	0.036488
01412597846660	73572.804514	W	0.018625
01412598204264	73572.823139	S	0.545259
01412608673236	73573.368398	W	0.014468
01412608951024	73573.382866	S	0.292828
01412614573328	73573.675694	W	0.014147
01412614844956	73573.689841	S	0.162045
01412617956228	73573.851887	W	0.015120
01412618246528	73573.867007	S	0.207193
01412622224640	73574.074200	W	0.038265
01412622959332	73574.112465	S	0.074935
01412624398084	73574.187400	W	0.014380
01412624674176	73574.201780	S	0.503497
01412634341324	73574.705277	W	0.014279
01412634615472	73574.719556	S	0.086610
01412636278376	73574.806165	W	0.014784
01412636562224	73574.820949	S	0.493996
01412646046948	73575.314945	W	0.020528
01412646441076	73575.335473	S	0.019032
01412646806484	73575.354504	W	0.037994
01412647535968	73575.392498	S	1.251665
01412671567940	73576.644164	W	0.018957
01412671931916	73576.663121	S	0.211641
01412675995416	73576.874761	W	0.014754
01412676278696	73576.889515	S	1.024646
01412695951908	73577.914162	W	0.038370
01412696688612	73577.952532	S	1.241584
01412720527024	73579.194116	W	0.038409
01412721264468	73579.232524	S	0.665830
01412734048412	73579.898355	W	0.014804
01412734332648	73579.913159	S	0.570974
01412745295356	73580.484133	W	0.018906
01412745658348	73580.503039	S	0.894550
01412762833700	73581.397589	W	0.040169
01412763604940	73581.437757	S	0.326421
01412769872216	73581.764178	W	0.018349
01412770224520	73581.782527	S	1.141726
01412792145652	73582.924253	W	0.014910
01412792431924	73582.939163	S	0.094976
01412794255464	73583.034139	W	0.047328
01412795164168	73583.081467	S	1.232630
01412818830664	73584.314097	W	0.038294
01412819565904	73584.352391	S	1.241718
01412843406888	73585.594109	W	0.038335
01412844142920	73585.632444	S	0.314928
01412850189540	73585.947372	W	0.023125
01412850633540	73585.970497	S	0.903616
01412867982960	73586.874112	W	0.038180
01412868716024	73586.912293	S	1.241792
01412892558432	73588.154085	W	0.030399
01412893142096	73588.184484	S	0.790578
01412908321200	73588.975063	W	0.015013
01412908609448	73588.990075	S	0.444023
01412917134688	73589.434098	W	0.030241
01412917715312	73589.464339	S	1.263744
01412941979192	73590.728083	W	0.013918
01412942246412	73590.742001	S	0.396359
01412949856512	73591.138360	W	11.017623
01413161394876	73602.155983	S	0.078061
01413162893648	73602.234044	W	0.038012
01413163623488	73602.272057	S	1.241985
01413187469600	73603.514042	W	0.037380
01413188187292	73603.551421	S	0.516855
01413198110900	73604.068276	W	0.015219
01413198403104	73604.083495	S	0.710573
01413212046104	73604.794068	W	0.037291
01413212762084	73604.831359	S	1.252674
01413236813416	73606.084032	W	0.054206
01413237854164	73606.138238	S	0.949460
01413256083800	73607.087698	W	0.014829
01413256368516	73607.102527	S	0.251534
01413261197972	73607.354061	W	0.038234
01413261932072	73607.392295	S	1.241695
01413285772612	73608.633990	W	0.047078
01413286676516	73608.681069	S	1.242938
01413310540916	73609.924006	W	0.018934
01413310904444	73609.942940	S	0.170345
01413314175076	73610.113285	W	0.015200
01413314466924	73610.128486	S	1.075528
01413335117064	73611.204014	W	0.018969
01413335481276	73611.222983	S	0.189534
01413339120324	73611.412517	W	0.068129
01413340428400	73611.480646	S	1.003396
01413359693596	73612.484041	W	0.054165
01413360733564	73612.538206	S	0.601223
01413372277048	73613.139430	W	0.014802
01413372561248	73613.154232	S	0.599771
01413384076856	73613.754003	W	0.038178
01413384809868	73613.792181	S	1.241815
01413408652724	73615.033996	W	0.047361
01413409562048	73615.081357	S	1.083316
01413430361724	73616.164673	W	0.015105
01413430651744	73616.179778	S	0.134228
01413433228920	73616.314006	W	0.047312
01413434137304	73616.361318	S	1.232660
01413457804368	73617.593978	W	0.047264
01413458711844	73617.641242	S	1.192679
01413481611276	73618.833921	W	0.015861
01413481915804	73618.849781	S	0.034555
01413482579268	73618.884337	W	0.018632
01413482937000	73618.902969	S	0.283970
01413488389220	73619.186939	W	0.014943
01413488676128	73619.201882	S	0.027274
01413489199796	73619.229156	W	0.136196
01413491814752	73619.365352	S	0.010105
01413492008768	73619.375457	W	0.092386
01413493782584	73619.467843	S	0.082897
01413495374212	73619.550740	W	0.014016
01413495643328	73619.564757	S	0.599237
01413507148684	73620.163994	W	0.018366
01413507501312	73620.182360	S	0.085144
01413509136072	73620.267504	W	0.014255
01413509409764	73620.281759	S	0.108317
01413511489452	73620.390076	W	0.014788
01413511773384	73620.404864	S	1.029138
01413531532840	73621.434002	W	0.047241
01413532439872	73621.481243	S	0.731436
01413546483452	73622.212680	W	0.013284
01413546738504	73622.225964	S	0.488012
01413556108336	73622.713976	W	0.047281
01413557016124	73622.761256	S	1.242703
01413580876016	73624.003959	W	0.019036
01413581241500	73624.022995	S	0.208977
01413585253864	73624.231972	W	0.318561
01413591370244	73624.550534	S	0.685788
01413604537372	73625.236321	W	0.014315
01413604812224	73625.250637	S	0.033674
01413605458768	73625.284311	W	0.044561
01413606314332	73625.328871	S	1.225098
01413629836216	73626.553970	W	0.047433
01413630746928	73626.601403	S	0.117499
01413633002916	73626.718902	W	0.022090
01413633427040	73626.740992	S	1.092996
01413654412556	73627.833987	W	0.038201
01413655146016	73627.872188	S	0.380736
01413662456152	73628.252925	W	0.013175
01413662709108	73628.266099	S	0.857851
01413679179840	73629.123950	W	0.019066
01413679545900	73629.143016	S	0.209138
01413683561344	73629.352153	W	0.088932
01413685268832	73629.441085	S	0.042241
01413686079856	73629.483326	W	0.087218
01413687754432	73629.570543	S	0.833403
01413703755764	73630.403946	W	0.018408
01413704109200	73630.422354	S	0.852009
01413720467780	73631.274364	W	0.014797
01413720751888	73631.289161	S	0.394778
01413728331628	73631.683939	W	0.018975
01413728695940	73631.702914	S	1.261017
01413752907464	73632.963930	W	0.018761
01413753267668	73632.982691	S	1.251244
01413777291560	73634.233935	W	0.037320
01413778008108	73634.271256	S	0.024269
01413778474076	73634.295525	W	0.013186
01413778727252	73634.308711	S	1.215221
01413802059492	73635.523932	W	0.018920
01413802422748	73635.542851	S	1.261047
01413826634844	73636.803898	W	0.018779
01413826995392	73636.822677	S	0.489237
01413836388752	73637.311914	W	0.014901
01413836674860	73637.326816	S	0.757123
01413851211612	73638.083938	W	0.018665
01413851569976	73638.102603	S	1.261304
01413875787012	73639.363907	W	0.018996
01413876151728	73639.382903	S	0.946037
01413894315644	73640.328940	W	0.014826
01413894600296	73640.343765	S	0.300147
01413900363120	73640.643913	W	0.019029
01413900728472	73640.662941	S	1.260950
01413924938708	73641.923891	W	0.018801
01413925299696	73641.942693	S	0.195631
01413929055816	73642.138324	W	10.016734
01414121377112	73652.155058	S	0.008785
01414121545780	73652.163843	W	0.018975
01414121910092	73652.182817	S	0.227449
01414126277104	73652.410266	W	0.023063
01414126719916	73652.433329	S	1.010547
01414146122416	73653.443876	W	0.019002
01414146487252	73653.462878	S	1.260971
01414170697896	73654.723849	W	0.018944
01414171061624	73654.742793	S	0.240866
01414175686248	73654.983659	W	0.014496
01414175964572	73654.998155	S	0.438839
01414184390280	73655.436994	W	0.015132
01414184680820	73655.452126	S	0.551729
01414195274012	73656.003855	W	0.018932
01414195637508	73656.022787	S	1.261049
01414219849656	73657.283836	W	0.020091
01414220235404	73657.303927	S	1.149323
01414242302412	73658.453251	W	0.014801
01414242586592	73658.468052	S	0.095801
01414244425972	73658.563853	W	0.022036
01414244849060	73658.585889	S	0.959427
01414263270068	73659.545316	W	0.063386
01414264487088	73659.608703	S	0.225140
01414268809772	73659.833842	W	0.036869
01414269517652	73659.870711	S	0.845766
01414285756360	73660.716477	W	0.014681
01414286038244	73660.731159	S	0.382686
01414293385808	73661.113844	W	0.037343
01414294102796	73661.151187	S	0.330721
01414300452644	73661.481909	W	0.014906
01414300738848	73661.496815	S	0.038881
01414301485372	73661.535696	W	0.014175
01414301757524	73661.549871	S	0.496990
01414311299736	73662.046861	W	0.014376
01414311575760	73662.061238	S	0.342591
01414318153512	73662.403829	W	0.115050
01414320362468	73662.518879	S	0.039529
01414321121424	73662.558407	W	0.001071
01414321141996	73662.559479	S	0.017820
01414321484144	73662.577299	W	0.001118
01414321505616	73662.578418	S	0.018759
01414321865780	73662.597176	W	0.000959
01414321884184	73662.598135	S	0.012844
01414322130792	73662.610979	W	0.001135
01414322152580	73662.612114	S	1.061697
01414342537164	73663.673811	W	0.039280
01414343291340	73663.713091	S	0.688851
01414356517288	73664.401942	W	0.014329
01414356792396	73664.416271	S	0.088455
01414358490736	73664.504726	W	0.014915
01414358777100	73664.519641	S	0.089947
01414360504088	73664.609588	W	0.014261
01414360777900	73664.623849	S	0.329968
01414367113276	73664.953816	W	0.047256
01414368020600	73665.001073	S	0.015741
01414368322820	73665.016814	W	0.014347
01414368598280	73665.031160	S	0.088683
01414370300988	73665.119843	W	0.014158
01414370572816	73665.134001	S	0.395555
01414378167476	73665.529556	W	0.014618
01414378448144	73665.544174	S	0.088281
01414380143140	73665.632455	W	0.013967
01414380411300	73665.646422	S	0.597387
01414391881132	73666.243809	W	0.018969
01414392245340	73666.262778	S	1.261017
01414416456876	73667.523796	W	0.020168
01414416844092	73667.543963	S	1.059162
01414437180008	73668.603125	W	0.014558
01414437459524	73668.617684	S	0.176135
01414440841324	73668.793819	W	0.037278
01414441557060	73668.831097	S	1.252682
01414465608560	73670.083779	W	0.045132
01414466475100	73670.128911	S	0.422497
01414474587040	73670.551408	W	0.014880
01414474872740	73670.566289	S	0.787480
01414489992360	73671.353769	W	0.038048
01414490722884	73671.391817	S	1.241954
01414514568404	73672.633771	W	0.389336
01414522043664	73673.023108	S	0.554933
01414532698384	73673.578041	W	0.014955
01414532985512	73673.592995	S	0.320826
01414539145364	73673.913821	W	0.038289
01414539880520	73673.952110	S	1.241734
01414563721804	73675.193844	W	0.047170
01414564627472	73675.241014	S	1.242835
01414588489900	73676.483849	W	0.053962
01414589525972	73676.537811	S	0.064906
01414590772176	73676.602718	W	0.014775
01414591055864	73676.617493	S	1.136359
01414612873960	73677.753852	W	0.038206
01414613607516	73677.792058	S	1.241788
01414637449840	73679.033846	W	0.038094
01414638181240	73679.071940	S	0.563600
01414649002352	73679.635539	W	0.014828
01414649287056	73679.650367	S	0.663529
01414662026820	73680.313897	W	0.047210
01414662933252	73680.361107	S	1.232722
01414686601516	73681.593829	W	0.044799
01414687461648	73681.638627	S	0.193554
01414691177884	73681.832181	W	0.014835
01414691462712	73681.847016	S	0.541290
01414701855484	73682.388306	W	0.088720
01414703558904	73682.477026	S	0.049640
01414704511988	73682.526666	W	0.086325
01414706169424	73682.612991	S	0.045752
01414707047860	73682.658743	W	0.014619
01414707328544	73682.673362	S	0.200448
01414711177140	73682.873809	W	0.047027
01414712080068	73682.920837	S	1.232990
01414735753480	73684.153827	W	0.038212
01414736487152	73684.192039	S	0.792180
01414751697008	73684.984219	W	0.188265
01414755311696	73685.172484	S	0.016583
01414755630092	73685.189067	W	0.086011
01414757281496	73685.275078	S	0.168747
01414760521436	73685.443825	W	0.018822
01414760882812	73685.462646	S	0.035652
01414761567336	73685.498299	W	0.018556
01414761923620	73685.516855	S	0.163213
01414765057300	73685.680068	W	0.014737
01414765340256	73685.694805	S	1.029046
01414785097944	73686.723851	W	0.018774
01414785458396	73686.742625	S	0.720012
01414799282620	73687.462636	W	0.238516
01414803862120	73687.701152	S	0.014090
01414804132648	73687.715242	W	0.065368
01414805387720	73687.780610	S	0.223217
01414809673488	73688.003827	W	0.054128
01414810712740	73688.057955	S	0.645556
01414823107412	73688.703511	W	0.014892
01414823393336	73688.718403	S	0.259628
01414828378192	73688.978031	W	0.014501
01414828656604	73688.992531	S	0.087868
01414830343668	73689.080399	W	0.014280
01414830617836	73689.094679	S	0.179138
01414834057292	73689.273817	W	0.038294
01414834792528	73689.312111	S	0.075607
01414836244176	73689.387717	W	0.014372
01414836520112	73689.402089	S	0.600516
01414848050016	73690.002605	W	0.014528
01414848328952	73690.017133	S	0.006018
01414848444488	73690.023150	W	0.100900
01414850381764	73690.124050	S	0.082623
01414851968132	73690.206674	W	0.087137
01414853641156	73690.293810	S	0.018301
01414853992540	73690.312111	W	0.014381
01414854268660	73690.326493	S	0.188004
01414857878332	73690.514496	W	0.013794
01414858143168	73690.528290	S	0.025881
01414858640076	73690.554171	W	0.037865
01414859367076	73690.592035	S	0.126877
01414861803112	73690.718912	W	0.014430
01414862080176	73690.733342	S	0.088003
01414863769836	73690.821346	W	0.014245
01414864043340	73690.835591	S	0.088164
01414865736080	73690.923754	W	0.014232
01414866009332	73690.937986	S	0.088380
01414867706236	73691.026366	W	0.014906
01414867992428	73691.041272	S	0.500981
01414877611256	73691.542253	W	0.024636
01414878084264	73691.566889	S	0.161411
01414881183356	73691.728300	W	0.015337
01414881477820	73691.743636	S	0.090212
01414883209896	73691.833849	W	0.055150
01414884268768	73691.888998	S	0.249808
01414889065084	73692.138806	W	9.023980
01415062325508	73701.162787	S	0.103488
01415064312480	73701.266275	W	0.024919
01415064790916	73701.291194	S	0.282171
01415070208600	73701.573365	W	0.014330
01415070483744	73701.587695	S	0.486081
01415079816500	73702.073776	W	0.055200
01415080876348	73702.128976	S	0.263552
01415085936544	73702.392528	W	0.014637
01415086217568	73702.407165	S	0.946620
01415104392668	73703.353785	W	0.038175
01415105125628	73703.391960	S	0.410929
01415113015472	73703.802889	W	0.014845
01415113300492	73703.817734	S	0.826015
01415129159980	73704.643749	W	0.018854
01415129521976	73704.662603	S	1.251107
01415153543228	73705.913710	W	0.036742
01415154248668	73705.950451	S	0.874166
01415171032664	73706.824618	W	0.015000
01415171320672	73706.839618	S	0.354138
01415178120116	73707.193756	W	0.037146
01415178833320	73707.230902	S	1.252837
01415202887788	73708.483739	W	0.018939
01415203251408	73708.502678	S	1.261056
01415227463684	73709.763734	W	0.036993
01415228173944	73709.800726	S	0.038626
01415228915556	73709.839352	W	0.014708
01415229197948	73709.854060	S	0.896707
01415246414724	73710.750767	W	0.116163
01415248645056	73710.866930	S	0.166790
01415251847424	73711.033720	W	0.037297
01415252563520	73711.071017	S	1.252684
01415276615060	73712.323701	W	0.018842
01415276976820	73712.342543	S	0.524496
01415287047136	73712.867038	W	0.014830
01415287331872	73712.881868	S	0.711874
01415300999860	73713.593743	W	0.036968
01415301709652	73713.630711	S	1.243017
01415325575572	73714.873728	W	0.037058
01415326287092	73714.910786	S	0.959938
01415344717908	73715.870724	W	0.116093
01415346946888	73715.986817	S	0.166898
01415350151324	73716.153715	W	0.046284
01415351039984	73716.199999	S	1.233690
01415374726840	73717.433690	W	0.046970
01415375628668	73717.480660	S	1.233054
01415399303308	73718.713714	W	0.046898
01415400203748	73718.760612	S	0.160415
01415403283708	73718.921026	W	0.022960
01415403724544	73718.943987	S	1.049728
01415423879316	73719.993714	W	0.037180
01415424593180	73720.030895	S	1.252795
01415448646848	73721.283690	W	0.019912
01415449029156	73721.303602	S	0.643123
01415461377108	73721.946724	W	0.014103
01415461647888	73721.960828	S	0.592856
01415473030716	73722.553683	W	0.036902
01415473739236	73722.590585	S	0.241158
01415478369468	73722.831743	W	0.059758
01415479516828	73722.891501	S	0.942199
01415497607044	73723.833700	W	0.037251
01415498322260	73723.870951	S	1.097742
01415519398908	73724.968693	W	0.015101
01415519688840	73724.983794	S	0.129914
01415522183192	73725.113708	W	0.037204
01415522897516	73725.150912	S	1.252747
01415546950256	73726.403659	W	0.019929
01415547332888	73726.423588	S	1.250070
01415571334240	73727.673658	W	0.037210
01415572048676	73727.710869	S	0.282870
01415577479780	73727.993739	W	0.023226
01415577925712	73728.016964	S	0.936683
01415595910024	73728.953647	W	0.037198
01415596624228	73728.990845	S	1.242810
01415620486184	73730.233655	W	0.037239
01415621201164	73730.270894	S	0.751265
01415635625452	73731.022159	W	0.014949
01415635912480	73731.037108	S	0.437284
01415644308340	73731.474393	W	0.016213
01415644619628	73731.490606	S	0.005186
01415644719196	73731.495791	W	0.014165
01415644991168	73731.509957	S	0.014017
01415645260288	73731.523973	W	0.019518
01415645635032	73731.543491	S	1.250180
01415669638484	73732.793671	W	0.037166
01415670352068	73732.830837	S	1.215158
01415693683096	73734.045995	W	0.014378
01415693959160	73734.060373	S	0.013607
01415694220416	73734.073980	W	0.037657
01415694943424	73734.111637	S	0.129588
01415697431508	73734.241224	W	0.014019
01415697700676	73734.255244	S	0.393373
01415705253428	73734.648616	W	0.014111
01415705524368	73734.662728	S	0.499043
01415715105988	73735.161770	W	0.014461
01415715383636	73735.176231	S	0.187485
01415718983344	73735.363716	W	0.018862
01415719345492	73735.382578	S	0.187604
01415722947492	73735.570182	W	0.014385
01415723223676	73735.584566	S	1.009861
01415742613008	73736.594427	W	0.013610
01415742874320	73736.608038	S	0.025952
01415743372592	73736.633989	W	0.036818
01415744079492	73736.670807	S	0.395841
01415751679632	73737.066648	W	0.014805
01415751963896	73737.081453	S	0.832167
01415767941496	73737.913620	W	0.037211
01415768655948	73737.950831	S	1.242798
01415792517664	73739.193628	W	0.037197
01415793231852	73739.230826	S	0.858682
01415809718552	73740.089508	W	0.014690
01415810000596	73740.104198	S	0.379460
01415817286224	73740.483657	W	0.055016
01415818342540	73740.538674	S	1.214949
01415841669552	73741.753622	W	0.038264
01415842404228	73741.791887	S	0.230851
01415846836576	73742.022738	W	0.019627
01415847213416	73742.042365	S	0.492415
01415856667792	73742.534781	W	0.018962
01415857031868	73742.553743	S	0.479885
01415866245668	73743.033629	W	0.038199
01415866979096	73743.071828	S	0.044973
01415867842572	73743.116801	W	0.022850
01415868281300	73743.139651	S	0.131878
01415870813348	73743.271529	W	0.014855
01415871098556	73743.286383	S	1.027235
01415890821460	73744.313618	W	0.047154
01415891726816	73744.360772	S	1.232790
01415915396376	73745.593561	W	0.045789
01415916275528	73745.639350	S	0.497355
01415925824744	73746.136705	W	0.014782
01415926108556	73746.151487	S	0.722110
01415939973072	73746.873598	W	0.047297
01415940881180	73746.920895	S	1.232675
01415964548536	73748.153570	W	0.037230
01415965263348	73748.190799	S	0.962969
01415983752348	73749.153768	W	0.014778
01415984036080	73749.168546	S	0.265059
01415989125212	73749.433605	W	0.045930
01415990007064	73749.479535	S	1.234034
01416013700524	73750.713569	W	0.335207
01416020136508	73751.048776	S	0.892190
01416037266564	73751.940967	W	0.099734
01416039181460	73752.040701	S	0.098863
01416041079620	73752.139564	W	0.001099
01416041100724	73752.140663	S	0.018140
01416041449020	73752.158803	W	0.087129
01416043121892	73752.245932	S	0.298554
01416048854136	73752.544486	W	0.088294
01416050549380	73752.632780	S	0.038060
01416051280140	73752.670841	W	0.086165
01416052934516	73752.757006	S	0.516568
01416062852628	73753.273574	W	0.037056
01416063564100	73753.310630	S	1.242937
01416087428484	73754.553567	W	0.037190
01416088142532	73754.590757	S	0.593024
01416099528600	73755.183781	W	0.023628
01416099982260	73755.207409	S	0.636191
01416112197120	73755.843600	W	0.018828
01416112558608	73755.862428	S	1.235930
01416136288472	73757.098358	W	0.097172
01416138154184	73757.195530	S	0.083323
01416139753992	73757.278854	W	0.087663
01416141437128	73757.366517	S	0.239638
01416146038176	73757.606155	W	0.239125
01416150629376	73757.845280	S	0.014195
01416150901928	73757.859475	W	0.065199
01416152153752	73757.924675	S	0.281068
01416157550248	73758.205742	W	0.014946
01416157837216	73758.220688	S	0.172873
01416161156384	73758.393562	W	0.037259
01416161871756	73758.430821	S	1.242714
01416185731856	73759.673534	W	0.055205
01416186791788	73759.728739	S	1.224803
01416210308012	73760.953542	W	0.038176
01416211040988	73760.991718	S	0.228485
01416215427908	73761.220204	W	0.014828
01416215712600	73761.235031	S	0.039573
01416216472396	73761.274604	W	0.015049
01416216761344	73761.289653	S	0.943879
01416234883816	73762.233532	W	0.038238
01416235617984	73762.271770	S	0.127052
01416238057376	73762.398822	W	0.087367
01416239734816	73762.486188	S	1.027374
01416259460392	73763.513562	W	0.047207
01416260366772	73763.560769	S	0.684057
01416273500676	73764.244827	W	0.023472
01416273951344	73764.268299	S	0.535243
01416284228016	73764.803542	W	0.196942
01416288009308	73765.000485	S	1.073045
01416308611776	73766.073530	W	0.038170
01416309344640	73766.111700	S	1.159503
01416331607092	73767.271203	W	0.022825
01416332045336	73767.294028	S	0.059820
01416333193876	73767.353848	W	0.046951
01416334095344	73767.400799	S	1.232683
01416357762852	73768.633482	W	0.046821
01416358661824	73768.680303	S	1.233240
01416382340036	73769.913544	W	0.055162
01416383399148	73769.968706	S	0.334535
01416389822228	73770.303241	W	0.014882
01416390107956	73770.318123	S	0.875414
01416406915908	73771.193537	W	0.038167
01416407648708	73771.231704	S	1.241773
01416431490748	73772.473476	W	0.038284
01416432225808	73772.511761	S	0.820626
01416447981820	73773.332386	W	0.023226
01416448427760	73773.355613	S	0.407874
01416456258936	73773.763486	W	0.190094
01416459908732	73773.953580	S	1.079880
01416480642424	73775.033460	W	0.038168
01416481375240	73775.071627	S	1.241839
01416505218544	73776.313466	W	0.059409
01416506359192	73776.372875	S	1.220605
01416529794816	73777.593480	W	0.038197
01416530528196	73777.631677	S	1.241793
01416554370620	73778.873470	W	0.038169
01416555103472	73778.911639	S	0.472069
01416564167196	73779.383708	W	0.023485
01416564618108	73779.407193	S	0.746269
01416578946472	73780.153462	W	0.037748
01416579671232	73780.191210	S	1.242258
01416603522592	73781.433468	W	0.038207
01416604256172	73781.471676	S	0.668330
01416617088108	73782.140006	W	7.020663
01416751884840	73789.160669	S	1.232756
01416775553752	73790.393425	W	0.037158
01416776267188	73790.430583	S	1.066521
01416796744392	73791.497104	W	0.014941
01416797031252	73791.512044	S	0.161384
01416800129820	73791.673428	W	0.054707
01416801180200	73791.728135	S	0.732892
01416815251720	73792.461027	W	0.063367
01416816468372	73792.524394	S	0.429039
01416824705916	73792.953433	W	0.426035
01416832885788	73793.379468	S	0.853944
01416849281504	73794.233412	W	0.038212
01416850015180	73794.271624	S	0.246951
01416854756644	73794.518575	W	0.014961
01416855043904	73794.533537	S	0.635619
01416867247784	73795.169155	W	0.014503
01416867526240	73795.183658	S	0.329778
01416873857968	73795.513436	W	0.047087
01416874762036	73795.560523	S	1.232840
01416898432568	73796.793363	W	0.046244
01416899320448	73796.839607	S	0.703269
01416912823204	73797.542875	W	0.014801
01416913107376	73797.557676	S	0.377397
01416920353392	73797.935072	W	0.014226
01416920626540	73797.949299	S	0.124104
01416923009344	73798.073403	W	0.047128
01416923914192	73798.120531	S	1.232844
01416947584788	73799.353374	W	0.047205
01416948491124	73799.400579	S	1.163453
01416970829412	73800.564032	W	0.022200
01416971255660	73800.586232	S	0.047510
01416972167852	73800.633742	W	0.037851
01416972894596	73800.671594	S	1.241794
01416996737036	73801.913387	W	0.038174
01416997469968	73801.951561	S	1.241780
01417021312140	73803.193341	W	0.230118
01417025730396	73803.423458	S	0.161104
01417028823584	73803.584562	W	0.014912
01417029109900	73803.599474	S	0.873947
01417045889692	73804.473421	W	0.143207
01417048639268	73804.616629	S	0.093946
01417050443024	73804.710574	W	0.014713
01417050725516	73804.725287	S	1.028087
01417070464780	73805.753374	W	0.038161
01417071197472	73805.791535	S	0.808744
01417086725364	73806.600279	W	0.023514
01417087176828	73806.623793	S	0.409567
01417095040512	73807.033360	W	0.038017
01417095770440	73807.071377	S	1.101708
01417116923224	73808.173085	W	0.019646
01417117300420	73808.192730	S	0.120628
01417119616472	73808.313358	W	0.046211
01417120503724	73808.359569	S	0.327009
01417126782292	73808.686578	W	0.019105
01417127149100	73808.705682	S	0.887662
01417144192212	73809.593344	W	0.047175
01417145097968	73809.640519	S	1.232823
01417168768168	73810.873342	W	0.037193
01417169482276	73810.910535	S	1.242789
01417193343820	73812.153324	W	0.046155
01417194230004	73812.199479	S	0.437591
01417202631756	73812.637071	W	0.023107
01417203075412	73812.660178	S	0.773178
01417217920428	73813.433356	W	0.038172
01417218653332	73813.471528	S	1.241757
01417242495072	73814.713285	W	0.037820
01417243221208	73814.751105	S	0.907276
01417260640904	73815.658380	W	0.014871
01417260926424	73815.673251	S	0.330066
01417267263692	73816.003317	W	0.018913
01417267626828	73816.022231	S	1.251053
01417291647052	73817.273284	W	0.055262
01417292708084	73817.328546	S	1.224784
01417316223928	73818.553330	W	0.038247
01417316958268	73818.591576	S	0.084776
01417318585964	73818.676352	W	0.022791
01417319023544	73818.699143	S	1.134205
01417340800272	73819.833347	W	0.037137
01417341513304	73819.870485	S	1.242797
01417365375008	73821.113282	W	0.037171
01417366088688	73821.150453	S	0.551121
01417376670216	73821.701574	W	0.014878
01417376955872	73821.716452	S	0.676839
01417389951176	73822.393290	W	0.037154
01417390664536	73822.430445	S	0.045488
01417391537900	73822.475932	W	0.051686
01417392530276	73822.527619	S	1.145681
01417414527348	73823.673299	W	0.046208
01417415414536	73823.719507	S	1.000548
01417434625056	73824.720055	W	0.014909
01417434911308	73824.734964	S	0.218306
01417439102792	73824.953270	W	0.047015
01417440005472	73825.000285	S	1.232970
01417463678488	73826.233255	W	0.037893
01417464406040	73826.271148	S	0.025870
01417464902736	73826.297017	W	0.021876
01417465322752	73826.318893	S	0.406016
01417473118260	73826.724909	W	0.103380
01417475103160	73826.828290	S	0.082714
01417476691272	73826.911004	W	0.085943
01417478341368	73826.996946	S	0.516350
01417488255280	73827.513296	W	0.038180
01417488988340	73827.551476	S	0.192520
01417492684716	73827.743996	W	0.014835
01417492969540	73827.758830	S	1.034467
01417512831308	73828.793297	W	0.047167
01417513736920	73828.840465	S	0.297451
01417519447988	73829.137916	W	10.016053
01417711756212	73839.153969	S	0.682071
01417724851980	73839.836041	W	0.030348
01417725434660	73839.866389	S	0.446819
01417734013592	73840.313208	W	0.047179
01417734919424	73840.360387	S	0.502403
01417744565568	73840.862790	W	0.014847
01417744850632	73840.877637	S	0.715589
01417758589948	73841.593226	W	0.038179
01417759322980	73841.631405	S	0.242037
01417763970092	73841.873442	W	0.022652
01417764405016	73841.896095	S	0.963325
01417782900860	73842.859420	W	0.051709
01417783893668	73842.911129	S	0.978193
01417802674980	73843.889322	W	0.019505
01417803049468	73843.908826	S	0.244414
01417807742208	73844.153240	W	0.047132
01417808647148	73844.200372	S	0.697039
01417822030296	73844.897411	W	0.022611
01417822464432	73844.920022	S	0.513201
01417832317884	73845.433223	W	0.046112
01417833203236	73845.479335	S	0.405084
01417840980852	73845.884419	W	0.020055
01417841365908	73845.904474	S	0.005775
01417841476796	73845.910250	W	0.029584
01417842044800	73845.939833	S	0.773381
01417856893712	73846.713214	W	0.047236
01417857800652	73846.760451	S	0.164434
01417860957784	73846.924885	W	0.023621
01417861411312	73846.948506	S	1.054693
01417881661424	73848.003199	W	0.019828
01417882042120	73848.023027	S	0.893059
01417899188844	73848.916086	W	0.022424
01417899619384	73848.938510	S	0.344700
01417906237620	73849.283209	W	0.044654
01417907094968	73849.327863	S	1.225291
01417930620560	73850.553154	W	0.047184
01417931526496	73850.600338	S	1.232814
01417955196524	73851.833152	W	0.037169
01417955910176	73851.870322	S	0.076906
01417957386768	73851.947228	W	0.014832
01417957671548	73851.962060	S	1.151098
01417979772632	73853.113158	W	0.037215
01417980487156	73853.150373	S	1.242801
01418004348940	73854.393174	W	0.046095
01418005233972	73854.439269	S	0.533037
01418015468288	73854.972307	W	0.014807
01418015752580	73854.987114	S	0.686071
01418028925152	73855.673185	W	0.038141
01418029657460	73855.711326	S	1.067505
01418050153548	73856.778831	W	0.014884
01418050439324	73856.793715	S	0.012029
01418050670276	73856.805744	W	0.001175
01418050692828	73856.806918	S	0.146223
01418053500316	73856.953141	W	0.055164
01418054559460	73857.008305	S	0.983938
01418073451072	73857.992243	W	0.014806
01418073735356	73858.007050	S	0.226123
01418078076916	73858.233173	W	0.038191
01418078810188	73858.271364	S	1.241781
01418102652376	73859.513145	W	0.037102
01418103364744	73859.550247	S	1.242854
01418127227540	73860.793101	W	0.045777
01418128106464	73860.838878	S	0.174025
01418131447748	73861.012904	W	0.014856
01418131732984	73861.027760	S	1.045422
01418151805088	73862.073182	W	0.037962
01418152533964	73862.111144	S	1.241977
01418176379920	73863.353121	W	0.037173
01418177093640	73863.390294	S	0.641114
01418189403036	73864.031408	W	0.014834
01418189687848	73864.046242	S	0.586891
01418200956152	73864.633133	W	0.037104
01418201668540	73864.670236	S	1.242857
01418225531404	73865.913094	W	0.037235
01418226246308	73865.950329	S	0.199931
01418230084984	73866.150260	W	0.014666
01418230366564	73866.164925	S	0.890194
01418247458284	73867.055119	W	0.015100
01418247748208	73867.070219	S	0.122890
01418250107704	73867.193110	W	0.083571
01418251712276	73867.276681	S	1.196459
01418274684284	73868.473140	W	0.055099
01418275742180	73868.528239	S	1.224853
01418299259352	73869.753091	W	0.480114
01418308477540	73870.233205	S	0.799878
01418323835204	73871.033084	W	0.038228
01418324569184	73871.071312	S	1.241750
01418348410780	73872.313061	W	0.038020
01418349140756	73872.351081	S	0.741174
01418363371288	73873.092255	W	0.013396
01418363628496	73873.105651	S	0.487443
01418372987396	73873.593094	W	0.038161
01418373720092	73873.631255	S	1.241833
01418397563280	73874.873088	W	0.047219
01418398469892	73874.920307	S	1.184580
01418421213824	73876.104887	W	0.022611
01418421647952	73876.127497	S	0.025919
01418422145588	73876.153416	W	0.037875
01418422872792	73876.191291	S	1.241816
01418446715660	73877.433107	W	0.037165
01418447429236	73877.470273	S	0.744751
01418461728452	73878.215024	W	0.014012
01418461997476	73878.229035	S	0.091226
01418463749012	73878.320261	W	0.014956
01418464036168	73878.335217	S	0.377861
01418471291104	73878.713078	W	0.037203
01418472005396	73878.750281	S	0.079812
01418473537784	73878.830093	W	0.019034
01418473903228	73878.849126	S	0.280687
01418479292416	73879.129813	W	8.031640
01418633499904	73887.161453	S	0.511622
01418643323052	73887.673076	W	0.047172
01418644228748	73887.720247	S	0.490759
01418653651320	73888.211006	W	0.022355
01418654080540	73888.233361	S	0.719683
01418667898444	73888.953044	W	0.038187
01418668631628	73888.991231	S	1.241786
01418692473916	73890.233016	W	0.037274
01418693189572	73890.270290	S	0.966970
01418711755404	73891.237261	W	0.014988
01418712043164	73891.252248	S	0.260776
01418717050068	73891.513024	W	0.046166
01418717936456	73891.559190	S	1.233808
01418741625564	73892.792998	W	0.038230
01418742359584	73892.831228	S	1.241793
01418766202012	73894.073021	W	0.038109
01418766933712	73894.111131	S	0.153497
01418769880860	73894.264628	W	0.023360
01418770329364	73894.287988	S	1.065039
01418790778116	73895.353027	W	0.055152
01418791837036	73895.408179	S	1.224812
01418815353420	73896.632991	W	0.047182
01418816259316	73896.680173	S	0.544947
01418826722296	73897.225120	W	0.054707
01418827772664	73897.279826	S	0.011179
01418827987300	73897.291005	W	0.014713
01418828269788	73897.305718	S	0.607295
01418839929844	73897.913013	W	0.047153
01418840835180	73897.960166	S	1.232810
01418864505136	73899.192976	W	0.038178
01418865238152	73899.231154	S	1.085978
01418886088928	73900.317132	W	0.014845
01418886373960	73900.331977	S	0.141003
01418889081208	73900.472980	W	0.046795
01418889979680	73900.519775	S	1.233191
01418913656956	73901.752966	W	0.037276
01418914372664	73901.790243	S	1.242750
01418938233468	73903.032993	W	0.037197
01418938947648	73903.070190	S	0.272918
01418944187668	73903.343108	W	0.022316
01418944616140	73903.365424	S	0.957559
01418963001280	73904.322983	W	0.046076
01418963885948	73904.369060	S	0.570889
01418974847016	73904.939949	W	0.026953
01418975364504	73904.966901	S	0.626086
01418987385348	73905.592987	W	0.038221
01418988119192	73905.631208	S	0.307435
01418994021952	73905.938643	W	0.088398
01418995719196	73906.027041	S	0.039330
01418996474332	73906.066371	W	0.186295
01419000051200	73906.252667	S	0.114617
01419002251844	73906.367284	W	0.029606
01419002820288	73906.396890	S	0.476061
01419011960656	73906.872951	W	0.038200
01419012694100	73906.911151	S	1.241805
01419036536756	73908.152956	W	0.038186
01419037269928	73908.191142	S	1.219947
01419060692916	73909.411089	W	0.562118
01419071485584	73909.973208	S	0.739718
01419085688168	73910.712925	W	0.047296
01419086596248	73910.760221	S	0.191343
01419090270032	73910.951564	W	0.319544
01419096405284	73911.271109	S	0.120100
01419098711196	73911.391208	W	0.087677
01419100394596	73911.478885	S	0.514078
01419110264888	73911.992963	W	0.037710
01419110988928	73912.030673	S	0.401063
01419118689332	73912.431736	W	0.014845
01419118974364	73912.446581	S	0.826355
01419134840376	73913.272936	W	0.037543
01419135561204	73913.310479	S	0.142749
01419138301988	73913.453229	W	0.143911
01419141065076	73913.597139	S	0.015099
01419141354968	73913.612238	W	0.063584
01419142575776	73913.675822	S	0.499827
01419152172456	73914.175649	W	0.220468
01419156405432	73914.396116	S	0.014959
01419156692640	73914.411075	W	0.070758
01419158051200	73914.481833	S	0.002269
01419158094756	73914.484102	W	0.106379
01419160137224	73914.590480	S	0.077446
01419161624196	73914.667927	W	0.179422
01419165069092	73914.847349	S	0.015054
01419165358128	73914.862403	W	0.131645
01419167885716	73914.994048	S	0.013530
01419168145488	73915.007578	W	0.158236
01419171183628	73915.165814	S	0.015065
01419171472872	73915.180879	W	0.187171
01419175066564	73915.368050	S	0.015209
01419175358580	73915.383259	W	0.186600
01419178941300	73915.569859	S	0.015177
01419179232700	73915.585036	W	0.094874
01419181054284	73915.679911	S	0.015174
01419181345620	73915.695084	W	0.380845
01419188657840	73916.075929	S	0.015051
01419188946824	73916.090980	W	0.066757
01419190228564	73916.157738	S	0.046250
01419191116556	73916.203987	W	0.085262
01419192753592	73916.289250	S	0.014836
01419193038440	73916.304085	W	0.490682
01419202459528	73916.794767	S	0.015255
01419202752420	73916.810022	W	0.469592
01419211768580	73917.279614	S	0.012099
01419212000876	73917.291712	W	0.089318
01419213715788	73917.381031	S	0.014904
01419214001952	73917.395935	W	0.063586
01419215222808	73917.459521	S	0.178038
01419218641144	73917.637560	W	0.160193
01419221716852	73917.797753	S	0.015144
01419222007620	73917.812897	W	0.063754
01419223231696	73917.876651	S	0.068153
01419224540228	73917.944804	W	0.084742
01419226167280	73918.029546	S	0.014842
01419226452248	73918.044388	W	0.060457
01419227613016	73918.104845	S	0.015216
01419227905156	73918.120060	W	0.063924
01419229132500	73918.183984	S	0.015089
01419229422204	73918.199073	W	0.080527
01419230968320	73918.279600	S	0.113325
01419233144160	73918.392925	W	0.047138
01419234049204	73918.440063	S	0.014013
01419234318252	73918.454076	W	0.013050
01419234568820	73918.467126	S	0.489622
01419243969556	73918.956748	W	0.014855
01419244254776	73918.971603	S	0.611601
01419255997524	73919.583204	W	0.173790
01419259334300	73919.756995	S	0.206162
01419263292616	73919.963157	W	0.023041
01419263735000	73919.986198	S	0.966722
01419282296060	73920.952920	W	0.037528
01419283016592	73920.990447	S	0.474265
01419292122480	73921.464713	W	0.014934
01419292409220	73921.479647	S	0.505508
01419302114972	73921.985155	W	0.022362
01419302544316	73922.007516	S	0.225402
01419306872032	73922.232918	W	0.175170
01419310235300	73922.408089	S	0.590493
01419321572760	73922.998581	W	0.023031
01419322014948	73923.021612	S	0.250505
01419326824648	73923.272117	W	0.121561
01419329158616	73923.393678	S	0.014539
01419329437760	73923.408217	W	0.085447
01419331078336	73923.493663	S	0.019230
01419331447544	73923.512893	W	0.236962
01419335997224	73923.749855	S	0.134173
01419338573336	73923.884028	W	0.121752
01419340910972	73924.005780	S	0.005111
01419341009108	73924.010891	W	0.014712
01419341291588	73924.025604	S	0.165625
01419344471596	73924.191229	W	0.187223
01419348066280	73924.378452	S	0.114918
01419350272704	73924.493370	W	0.132611
01419352818828	73924.625981	S	0.014190
01419353091272	73924.640170	W	0.082813
01419354681280	73924.722983	S	0.069965
01419356024616	73924.792949	W	0.200382
01419359871952	73924.993331	S	0.014826
01419360156612	73925.008157	W	0.064725
01419361399328	73925.072882	S	0.723021
01419375281340	73925.795903	W	0.058047
01419376395836	73925.853950	S	0.176421
01419379783120	73926.030371	W	0.013739
01419380046904	73926.044110	S	0.043115
01419380874704	73926.087224	W	0.012944
01419381123232	73926.100168	S	0.674333
01419394070432	73926.774502	W	0.098863
01419395968592	73926.873364	S	0.165019
01419399136960	73927.038383	W	0.016234
01419399448648	73927.054617	S	0.002891
01419399504160	73927.057508	W	15.108417
01419689585772	73942.165926	S	0.015114
01419689875956	73942.181039	W	0.014939
01419690162780	73942.195978	S	0.242398
01419694816816	73942.438376	W	0.110024
01419696929284	73942.548400	S	0.075158
01419698372312	73942.623558	W	0.014702
01419698654584	73942.638260	S	0.084545
01419700277840	73942.722804	W	0.018587
01419700634716	73942.741391	S	0.447128
01419709219572	73943.188519	W	0.023675
01419709674140	73943.212195	S	0.790666
01419724854920	73944.002860	W	0.054032
01419725892344	73944.056893	S	0.146071
01419728696900	73944.202964	W	0.022599
01419729130796	73944.225562	S	0.989421
01419748127676	73945.214983	W	0.014573
01419748407476	73945.229556	S	0.043593
01419749244464	73945.273149	W	0.046744
01419750141940	73945.319893	S	0.329201
01419756462604	73945.649094	W	0.014738
01419756745576	73945.663832	S	0.561921
01419767534464	73946.225753	W	0.020291
01419767924056	73946.246045	S	0.002046
01419767963340	73946.248091	W	0.001085
01419767984164	73946.249175	S	0.303600
01419773813292	73946.552776	W	0.046242
01419774701144	73946.599018	S	0.632193
01419786839252	73947.231211	W	0.086477
01419788499608	73947.317688	S	0.515123
01419798389964	73947.832811	W	0.038230
01419799123988	73947.871041	S	0.372909
01419806283848	73948.243950	W	0.014815
01419806568288	73948.258765	S	0.412595
01419814490104	73948.671360	W	0.014818
01419814774616	73948.686178	S	0.426627
01419822965860	73949.112805	W	0.038195
01419823699204	73949.151000	S	0.100963
01419825637700	73949.251964	W	0.014901
01419825923800	73949.266865	S	0.997269
01419845071372	73950.264134	W	0.015044
01419845360216	73950.279178	S	0.113607
01419847541464	73950.392785	W	0.030250
01419848122264	73950.423035	S	0.853508
01419864509612	73951.276542	W	0.022923
01419864949728	73951.299465	S	0.131347
01419867471584	73951.430812	W	0.019982
01419867855236	73951.450794	S	0.235993
01419872386304	73951.686787	W	0.028549
01419872934448	73951.715336	S	0.227891
01419877309948	73951.943226	W	0.019273
01419877679980	73951.962499	S	0.286404
01419883178928	73952.248902	W	0.125124
01419885581300	73952.374026	S	0.014197
01419885853884	73952.388223	W	0.110162
01419887968992	73952.498385	S	0.014347
01419888244448	73952.512732	W	0.064654
01419889485804	73952.577386	S	0.389377
01419896961848	73952.966763	W	0.016974
01419897287752	73952.983737	S	0.310392
01419903247272	73953.294129	W	0.015055
01419903536324	73953.309184	S	0.923595
01419921269344	73954.232778	W	0.047236
01419922176268	73954.280014	S	0.023267
01419922623004	73954.303281	W	0.029955
01419923198148	73954.333237	S	0.383944
01419930569868	73954.717181	W	0.023579
01419931022592	73954.740760	S	0.579534
01419942149636	73955.320294	W	0.021299
01419942558576	73955.341593	S	0.171183
01419945845288	73955.512775	W	0.038161
01419946577972	73955.550936	S	0.781388
01419961580616	73956.332324	W	0.021231
01419961988248	73956.353555	S	0.439220
01419970421280	73956.792775	W	0.037175
01419971135040	73956.829950	S	0.514270
01419981009024	73957.344220	W	0.023989
01419981469604	73957.368209	S	0.376868
01419988705464	73957.745076	W	0.014911
01419988991756	73957.759987	S	0.322757
01419995188692	73958.082744	W	0.018901
01419995551584	73958.101645	S	0.252478
01420000399164	73958.354123	W	0.014788
01420000683084	73958.368911	S	0.993816
01420019764360	73959.362727	W	0.055182
01420020823856	73959.417909	S	0.954970
01420039159288	73960.372880	W	0.023108
01420039602960	73960.395988	S	0.236762
01420044148784	73960.632749	W	0.038203
01420044882276	73960.670952	S	0.099151
01420046785972	73960.770103	W	0.014800
01420047070136	73960.784903	S	0.600927
01420058607932	73961.385830	W	0.015031
01420058896524	73961.400861	S	0.511855
01420068724132	73961.912715	W	0.047050
01420069627484	73961.959765	S	0.438424
01420078045216	73962.398188	W	0.014914
01420078331556	73962.413102	S	0.779641
01420093300668	73963.192743	W	0.038236
01420094034800	73963.230979	S	0.563317
01420104850492	73963.794296	W	0.014927
01420105137096	73963.809224	S	0.420718
01420113214872	73964.229941	W	0.014157
01420113486680	73964.244098	S	0.238627
01420118068320	73964.482725	W	0.067002
01420119354764	73964.549727	S	1.203002
01420142452404	73965.752729	W	0.038178
01420143185420	73965.790907	S	1.029131
01420162944732	73966.820038	W	0.023572
01420163397324	73966.843611	S	0.189121
01420167028456	73967.032732	W	0.038232
01420167762516	73967.070964	S	1.251721
01420191795568	73968.322686	W	0.018932
01420192159056	73968.341618	S	1.261055
01420216371316	73969.602673	W	0.018923
01420216734636	73969.621596	S	0.224643
01420221047780	73969.846239	W	0.015089
01420221337484	73969.861327	S	1.021359
01420240947580	73970.882686	W	0.046165
01420241833952	73970.928852	S	1.223836
01420265331604	73972.152688	W	0.047167
01420266237208	73972.199855	S	0.668737
01420279076956	73972.868591	W	0.023013
01420279518804	73972.891604	S	0.541104
01420289908000	73973.432708	W	0.038156
01420290640596	73973.470864	S	1.241825
01420314483644	73974.712690	W	0.080204
01420316023564	73974.792894	S	1.098779
01420337120124	73975.891673	W	0.014694
01420337402256	73975.906368	S	0.086291
01420339059040	73975.992658	W	0.037790
01420339784608	73976.030448	S	1.242213
01420363635100	73977.272661	W	0.047208
01420364541492	73977.319869	S	1.232797
01420388211196	73978.552666	W	0.046153
01420389097336	73978.598820	S	0.314251
01420395130948	73978.913070	W	0.023617
01420395584392	73978.936687	S	0.896011
01420412787812	73979.832699	W	0.038166
01420413520592	73979.870864	S	1.251751
01420437554220	73981.122616	W	0.018893
01420437916972	73981.141509	S	0.394019
01420445482136	73981.535528	W	0.013947
01420445749920	73981.549475	S	0.387634
01420453192492	73981.937109	W	0.014834
01420453477304	73981.951943	S	0.300461
01420459246164	73982.252404	W	0.014376
01420459522192	73982.266781	S	0.135863
01420462130768	73982.402644	W	0.018859
01420462492852	73982.421503	S	0.130952
01420465007136	73982.552455	W	0.039684
01420465769068	73982.592139	S	0.479464
01420474974780	73983.071603	W	0.024509
01420475445344	73983.096112	S	0.026514
01420475954408	73983.122625	W	0.088219
01420477648208	73983.210844	S	0.065289
01420478901752	73983.276133	W	0.086165
01420480556116	73983.362298	S	0.310335
01420486514540	73983.672632	W	0.055012
01420487570764	73983.727644	S	0.265692
01420492672052	73983.993336	W	0.014543
01420492951272	73984.007879	S	0.087448
01420494630272	73984.095327	W	0.085958
01420496280656	73984.181284	S	0.771352
01420511090616	73984.952636	W	0.046644
01420511986176	73984.999280	S	1.233355
01420535666584	73986.232635	W	0.047170
01420536572248	73986.279805	S	0.858700
01420553059296	73987.138505	W	0.001105
01420553080508	73987.139610	S	0.382988
01420560433876	73987.522598	W	0.018481
01420560788704	73987.541078	S	0.434605
01420569133112	73987.975683	W	0.015028
01420569421644	73987.990711	S	0.271595
01420574636272	73988.262306	W	0.312518
01420580636616	73988.574824	S	0.217814
01420584818648	73988.792638	W	0.037157
01420585532068	73988.829795	S	0.200733
01420589386132	73989.030528	W	0.014923
01420589672648	73989.045450	S	1.027183
01420609394552	73990.072633	W	0.037236
01420610109476	73990.109869	S	0.879113
01420626988444	73990.988981	W	0.014982
01420627276100	73991.003964	S	0.358648
01420634162136	73991.362611	W	0.018726
01420634521680	73991.381338	S	1.261273
01420658738112	73992.642610	W	0.045137
01420659604740	73992.687747	S	0.419217
01420667653712	73993.106964	W	0.014124
01420667924896	73993.121088	S	0.006343
01420668046672	73993.127431	W	0.014501
01420668325084	73993.141931	S	0.240526
01420672943192	73993.382458	W	0.090107
01420674673252	73993.472565	S	0.043582
01420675510028	73993.516147	W	0.086953
01420677179532	73993.603101	S	0.309519
01420683122304	73993.912620	W	0.047261
01420684029720	73993.959881	S	0.051230
01420685013344	73994.011112	W	0.015300
01420685307096	73994.026411	S	1.166206
01420707698260	73995.192618	W	0.038154
01420708430812	73995.230771	S	1.241807
01420732273500	73996.472578	W	0.038169
01420733006340	73996.510747	S	0.514691
01420742888400	73997.025437	W	0.014959
01420743175620	73997.040397	S	0.712202
01420756849892	73997.752599	W	0.047118
01420757754560	73997.799717	S	1.242840
01420781617084	73999.042556	W	0.018512
01420781972512	73999.061068	S	0.982758
01420800841468	74000.043826	W	0.014900
01420801127556	74000.058727	S	0.074320
01420802554504	74000.133047	W	0.001583
01420802584896	74000.134630	S	0.187927
01420806193104	74000.322557	W	0.018871
01420806555428	74000.341429	S	1.251154
01420830577576	74001.592582	W	0.046170
01420831464040	74001.638752	S	1.233830
01420855153572	74002.872582	W	0.047142
01420856058696	74002.919724	S	0.142827
01420858800980	74003.062551	W	0.014905
01420859087148	74003.077456	S	1.075124
01420879729528	74004.152580	W	0.066871
01420881013460	74004.219451	S	1.213092
01420904304824	74005.432543	W	0.069257
01420905634564	74005.501800	S	0.589127
01420916945800	74006.090927	W	0.014892
01420917231736	74006.105820	S	0.606731
01420928880964	74006.712550	W	0.038172
01420929613864	74006.750722	S	1.241811
01420953456636	74007.992533	W	0.047239
01420954363616	74008.039772	S	1.076490
01420975032228	74009.116262	W	0.022131
01420975457152	74009.138393	S	0.134146
01420978032748	74009.272539	W	0.077184
01420979514680	74009.349723	S	1.202804
01421002608524	74010.552527	W	0.037813
01421003334532	74010.590340	S	1.242211
01421027184988	74011.832551	W	0.038183
01421027918096	74011.870734	S	0.271666
01421033134088	74012.142400	W	0.014884
01421033419856	74012.157284	S	0.955249
01421051760636	74013.112533	W	0.038208
01421052494224	74013.150741	S	1.241769
01421076336184	74014.392510	W	0.047176
01421077241972	74014.439686	S	0.728540
01421091229948	74015.168226	W	0.014748
01421091513108	74015.182974	S	0.489561
01421100912684	74015.672536	W	0.075860
01421102369204	74015.748396	S	1.204087
01421125487672	74016.952483	W	0.069311
01421126818440	74017.021794	S	0.117206
01421129068796	74017.139000	W	9.022601
01421302302736	74026.161601	S	1.030861
01421322095272	74027.192462	W	0.081815
01421323666128	74027.274277	S	1.198192
01421346671416	74028.472470	W	0.078305
01421348174872	74028.550775	S	1.201685
01421371247220	74029.752459	W	0.118892
01421373529952	74029.871352	S	0.019671
01421373907632	74029.891022	W	0.001052
01421373927832	74029.892075	S	0.390390
01421381423324	74030.282465	W	0.014951
01421381710380	74030.297416	S	0.735062
01421395823564	74031.032477	W	0.076121
01421397285088	74031.108598	S	1.203833
01421420398680	74032.312431	W	0.113867
01421422584936	74032.426299	S	0.881263
01421439505184	74033.307562	W	0.014615
01421439785784	74033.322176	S	0.270296
01421444975476	74033.592473	W	0.068148
01421446283920	74033.660621	S	1.211787
01421469550224	74034.872408	W	0.122316
01421471898684	74034.994723	S	1.157695
01421494126428	74036.152418	W	0.047209
01421495032832	74036.199627	S	0.131992
01421497567084	74036.331619	W	0.014743
01421497850152	74036.346362	S	0.280727
01421503240116	74036.627089	W	0.022447
01421503671100	74036.649536	S	0.782887
01421518702532	74037.432424	W	0.068177
01421520011536	74037.500601	S	1.211785
01421543277800	74038.712385	W	0.105961
01421545312248	74038.818346	S	0.535262
01421555589288	74039.353609	W	0.014528
01421555868228	74039.368137	S	0.624289
01421567854572	74039.992426	W	0.047254
01421568761852	74040.039680	S	0.682962
01421581874728	74040.722642	W	0.088559
01421583575068	74040.811201	S	0.013989
01421583843660	74040.825191	W	0.014266
01421584117560	74040.839456	S	0.190406
01421587773352	74041.029862	W	0.037516
01421588493656	74041.067378	S	0.205037
01421592430368	74041.272415	W	0.119220
01421594719396	74041.391635	S	0.457391
01421603501296	74041.849026	W	0.086103
01421605154468	74041.935129	S	0.434400
01421613494952	74042.369529	W	0.014978
01421613782528	74042.384507	S	0.167909
01421617006388	74042.552416	W	0.047167
01421617911988	74042.599583	S	1.232831
01421641582336	74043.832413	W	0.068236
01421642892460	74043.900649	S	1.211742
01421666157916	74045.112391	W	0.134861
01421668747244	74045.247252	S	0.140916
01421671452836	74045.388169	W	0.014835
01421671737668	74045.403004	S	0.989408
01421690734296	74046.392411	W	0.119217
01421693023264	74046.511628	S	0.662225
01421705737988	74047.173854	W	0.086056
01421707390260	74047.259909	S	0.412465
01421715309592	74047.672375	W	0.047195
01421716215740	74047.719570	S	0.684648
01421729360988	74048.404218	W	0.023459
01421729811392	74048.427677	S	0.105770
01421731842168	74048.533446	W	0.093725
01421733641696	74048.627172	S	0.185105
01421737195716	74048.812277	W	0.086843
01421738863092	74048.899119	S	0.053256
01421739885616	74048.952376	W	0.068193
01421741194920	74049.020569	S	1.211801
01421764461492	74050.232369	W	0.445946
01421773023648	74050.678315	S	0.747802
01421787381452	74051.426117	W	0.014356
01421787657080	74051.440473	S	0.072239
01421789044076	74051.512712	W	0.103498
01421791031240	74051.616210	S	1.176210
01421813614480	74052.792421	W	0.068118
01421814922348	74052.860539	S	0.682111
01421828018884	74053.542650	W	0.238223
01421832592756	74053.780873	S	0.014185
01421832865100	74053.795057	W	0.064869
01421834110576	74053.859926	S	0.212431
01421838189252	74054.072357	W	0.081989
01421839763436	74054.154346	S	0.288160
01421845296100	74054.442505	W	0.013004
01421845545784	74054.455510	S	0.896829
01421862764896	74055.352338	W	0.110191
01421864880564	74055.462529	S	1.169784
01421887340408	74056.632313	W	0.168242
01421890570652	74056.800555	S	0.613454
01421902348968	74057.414009	W	0.014497
01421902627312	74057.428506	S	0.038948
01421903375104	74057.467453	W	0.015054
01421903664148	74057.482508	S	0.429863
01421911917524	74057.912371	W	0.106197
01421913956508	74058.018568	S	0.113169
01421916129356	74058.131737	W	0.015794
01421916432592	74058.147531	S	0.290809
01421922016120	74058.438340	W	0.014352
01421922291672	74058.452691	S	0.088264
01421923986340	74058.540955	W	0.014240
01421924259756	74058.555196	S	0.107786
01421926329248	74058.662982	W	0.110189
01421928444872	74058.773170	S	0.074343
01421929872248	74058.847513	W	0.087843
01421931558832	74058.935356	S	0.118044
01421933825284	74059.053400	W	0.014478
01421934103264	74059.067878	S	0.087955
01421935791992	74059.155833	W	0.013880
01421936058484	74059.169713	S	0.022979
01421936499672	74059.192691	W	0.067813
01421937801688	74059.260505	S	0.099214
01421939706592	74059.359718	W	0.014509
01421939985172	74059.374228	S	0.089131
01421941696480	74059.463358	W	0.014395
01421941972856	74059.477753	S	0.497241
01421951519888	74059.974994	W	0.014620
01421951800592	74059.989614	S	0.291919
01421957405440	74060.281533	W	0.014455
01421957682980	74060.295989	S	0.088260
01421959377568	74060.384248	W	0.013603
01421959638744	74060.397851	S	0.074829
01421961075456	74060.472680	W	0.116950
01421963320892	74060.589630	S	0.306940
01421969214132	74060.896569	W	0.014348
01421969489620	74060.910918	S	0.292061
01421975097200	74061.202979	W	0.014582
01421975377168	74061.217561	S	0.087817
01421977063248	74061.305378	W	0.014245
01421977336748	74061.319622	S	0.396156
01421984942948	74061.715779	W	0.013194
01421985196276	74061.728973	S	0.023681
01421985650960	74061.752654	W	0.075453
01421987099664	74061.828107	S	0.194018
01421990824804	74062.022125	W	0.014285
01421991099076	74062.036410	S	0.089031
01421992808480	74062.125442	W	0.014123
01421993079640	74062.139565	S	0.498151
01422002644136	74062.637715	W	0.019603
01422003020512	74062.657318	S	0.081667
01422004588516	74062.738985	W	0.014485
01422004866628	74062.753470	S	0.278894
01422010221392	74063.032364	W	0.069213
01422011550288	74063.101577	S	0.048230
01422012476312	74063.149808	W	0.018892
01422012839032	74063.168700	S	0.356451
01422019682896	74063.525151	W	0.014955
01422019970036	74063.540106	S	0.018077
01422020317124	74063.558184	W	0.014249
01422020590708	74063.572433	S	0.739895
01422034796700	74064.312328	W	0.205275
01422038737984	74064.517603	S	1.074695
01422059372132	74065.592299	W	0.122242
01422061719172	74065.714540	S	0.423897
01422069857992	74066.138437	W	6.007019
01422185192760	74072.145456	S	0.450318
01422193838868	74072.595774	W	0.014937
01422194125668	74072.610712	S	0.061047
01422195297776	74072.671759	W	0.014289
01422195572116	74072.686048	S	0.586242
01422206827964	74073.272290	W	0.066728
01422208109144	74073.339018	S	1.213247
01422231403484	74074.552265	W	0.077222
01422232886144	74074.629487	S	0.993334
01422251958148	74075.622820	W	0.015331
01422252252508	74075.638151	S	0.194148
01422255980156	74075.832300	W	0.206214
01422259939456	74076.038513	S	1.073774
01422280555908	74077.112287	W	0.114978
01422282763484	74077.227265	S	0.462219
01422291638080	74077.689483	W	0.014427
01422291915076	74077.703910	S	0.688366
01422305131708	74078.392276	W	0.068099
01422306439216	74078.460376	S	0.188474
01422310057916	74078.648850	W	0.023155
01422310502488	74078.672005	S	1.000246
01422329707204	74079.672250	W	0.078309
01422331210740	74079.750559	S	0.601367
01422342756992	74080.351927	W	0.014539
01422343036144	74080.366466	S	0.585788
01422354283268	74080.952254	W	0.378263
01422361545920	74081.330517	S	0.345685
01422368183080	74081.676202	W	0.023522
01422368634708	74081.699724	S	0.532536
01422378859404	74082.232261	W	0.077124
01422380340180	74082.309384	S	1.202847
01422403434836	74083.512231	W	0.112195
01422405588980	74083.624426	S	1.078504
01422426296256	74084.702930	W	0.014200
01422426568900	74084.717130	S	0.075425
01422428017060	74084.792555	W	0.066632
01422429296400	74084.859187	S	1.213054
01422452587044	74086.072242	W	0.110246
01422454703764	74086.182488	S	1.169754
01422477163032	74087.352241	W	0.168206
01422480392596	74087.520448	S	0.210205
01422484428536	74087.730653	W	0.014758
01422484711884	74087.745411	S	0.259815
01422489700340	74088.005226	W	0.000402
01422489708064	74088.005628	S	0.626583
01422501738460	74088.632211	W	0.068186
01422503047636	74088.700398	S	0.209514
01422507070304	74088.909912	W	0.062945
01422508278856	74088.972857	S	0.939370
01422526314768	74089.912227	W	0.113858
01422528500848	74090.026086	S	0.723495
01422542391956	74090.749581	W	0.014907
01422542678172	74090.764488	S	0.427735
01422550890684	74091.192223	W	0.110342
01422553009252	74091.302565	S	1.169641
01422575466360	74092.472206	W	0.077210
01422576948800	74092.549417	S	1.202768
01422600041952	74093.752185	W	0.068242
01422601352200	74093.820427	S	1.211767
01422624618120	74095.032194	W	0.159263
01422627675968	74095.191457	S	1.120714
01422649193684	74096.312171	W	0.168261
01422652424292	74096.480432	S	0.304885
01422658278088	74096.785317	W	0.014871
01422658563616	74096.800188	S	0.792015
01422673770304	74097.592203	W	0.077161
01422675251804	74097.669365	S	1.202806
01422698345680	74098.872171	W	0.068161
01422699654380	74098.940332	S	0.862550
01422716215348	74099.802883	W	0.024204
01422716680064	74099.827087	S	0.325086
01422722921716	74100.152173	W	0.068055
01422724228376	74100.220228	S	0.407539
01422732053124	74100.627767	W	0.014496
01422732331440	74100.642262	S	0.789910
01422747497716	74101.432173	W	0.107802
01422749567508	74101.539974	S	1.172197
01422772073696	74102.712172	W	0.233103
01422776549276	74102.945275	S	1.046903
01422796649804	74103.992177	W	0.068031
01422797956004	74104.060209	S	1.211947
01422821225388	74105.272156	W	0.077250
01422822708596	74105.349406	S	0.490775
01422832131468	74105.840181	W	0.014807
01422832415764	74105.854988	S	0.697174
01422845801496	74106.552161	W	0.119177
01422848089696	74106.671338	S	1.160793
01422870376928	74107.832132	W	0.047163
01422871282460	74107.879295	S	0.987107
01422890234916	74108.866402	W	0.014746
01422890518036	74108.881148	S	0.231014
01422894953496	74109.112161	W	0.206155
01422898911668	74109.318316	S	1.073806
01422919528736	74110.392122	W	0.068195
01422920838084	74110.460317	S	1.211777
01422944104200	74111.672094	W	0.271196
01422949311156	74111.943289	S	0.192875
01422953014356	74112.136164	W	8.028887
01423107168988	74120.165051	S	0.467008
01423116135544	74120.632060	W	0.038221
01423116869384	74120.670280	S	0.293018
01423122495332	74120.963299	W	0.014833
01423122780120	74120.978131	S	0.933949
01423140711940	74121.912080	W	0.112196
01423142866108	74122.024276	S	1.167877
01423165289352	74123.192154	W	0.047090
01423166193484	74123.239244	S	0.747859
01423180552372	74123.987103	W	0.014898
01423180838412	74124.002001	S	0.470009
01423189862584	74124.472010	W	0.107939
01423191935020	74124.579949	S	1.172085
01423214439060	74125.752034	W	0.068284
01423215750120	74125.820319	S	1.191711
01423238630968	74127.012030	W	0.058179
01423239748008	74127.070209	S	1.241796
01423263590492	74128.312005	W	0.113885
01423265777088	74128.425890	S	1.166380
01423288171576	74129.592270	W	0.109963
01423290282872	74129.702233	S	0.332047
01423296658176	74130.034280	W	0.014659
01423296939628	74130.048939	S	0.823043
01423312742044	74130.871981	W	0.069328
01423314073140	74130.941309	S	1.210654
01423337317692	74132.151963	W	0.068205
01423338627228	74132.220168	S	0.834599
01423354651520	74133.054767	W	0.014930
01423354938180	74133.069697	S	0.362267
01423361893712	74133.431964	W	0.047123
01423362798472	74133.479087	S	1.232868
01423386469540	74134.711955	W	0.224377
01423390777572	74134.936332	S	1.055697
01423411046952	74135.992029	W	0.037924
01423411775096	74136.029953	S	0.048137
01423412699328	74136.078090	W	0.014732
01423412982180	74136.092822	S	1.179213
01423435623072	74137.272035	W	0.078207
01423437124640	74137.350242	S	1.201762
01423460198472	74138.552004	W	0.077173
01423461680200	74138.629177	S	0.472994
01423470761684	74139.102171	W	0.014831
01423471046444	74139.117002	S	0.715025
01423484774924	74139.832027	W	0.198047
01423488577432	74140.030075	S	1.081911
01423509350132	74141.111986	W	0.038239
01423510084312	74141.150225	S	0.972489
01423528756108	74142.122714	W	0.015089
01423529045808	74142.137803	S	0.254193
01423533926320	74142.391996	W	0.038190
01423534659560	74142.430185	S	1.241811
01423558502332	74143.671996	W	0.047098
01423559406612	74143.719094	S	1.232900
01423583078296	74144.951995	W	0.401204
01423590781408	74145.353198	S	0.878787
01423607654112	74146.231985	W	0.068248
01423608964480	74146.300233	S	1.211732
01423632229732	74147.511965	W	0.075855
01423633686156	74147.587821	S	0.577767
01423644779276	74148.165587	W	0.014784
01423645063128	74148.180371	S	0.611641
01423656806628	74148.792012	W	0.078080
01423658305772	74148.870092	S	0.067416
01423659600168	74148.937509	W	0.041658
01423660399992	74148.979166	S	1.092805
01423681381844	74150.071971	W	0.038080
01423682112988	74150.110051	S	1.075096
01423702754832	74151.185148	W	0.019885
01423703136616	74151.205032	S	0.146937
01423705957808	74151.351969	W	0.145272
01423708747032	74151.497241	S	1.134692
01423730533116	74152.631933	W	0.068176
01423731842092	74152.700109	S	1.211824
01423755109116	74153.911933	W	0.075779
01423756564068	74153.987712	S	0.220771
01423760802868	74154.208483	W	0.014829
01423761087588	74154.223312	S	0.968665
01423779685964	74155.191977	W	0.077069
01423781165692	74155.269046	S	0.347038
01423787828820	74155.616084	W	0.014375
01423788104812	74155.630459	S	0.006264
01423788225088	74155.636723	W	0.014722
01423788507760	74155.651446	S	0.684756
01423801655068	74156.336201	W	0.089080
01423803365396	74156.425281	S	0.046655
01423804261168	74156.471936	W	0.110210
01423806377204	74156.582146	S	0.057558
01423807482320	74156.639704	W	0.126330
01423809907860	74156.766034	S	0.014415
01423810184620	74156.780449	W	0.092089
01423811952736	74156.872538	S	0.349003
01423818653588	74157.221541	W	0.014856
01423818938816	74157.236397	S	0.515530
01423828836984	74157.751926	W	0.106181
01423830875668	74157.858108	S	1.173816
01423853412940	74159.031924	W	0.075984
01423854871828	74159.107908	S	1.033800
01423874720780	74160.141707	W	9.010852
01424047729136	74169.152559	S	0.119314
01424050019964	74169.271873	W	0.047177
01424050925760	74169.319050	S	0.008395
01424051086940	74169.327445	W	0.014623
01424051367708	74169.342068	S	0.302885
01424057183092	74169.644953	W	0.014325
01424057458132	74169.659278	S	0.087900
01424059145820	74169.747178	W	0.014157
01424059417644	74169.761336	S	0.790544
01424074596080	74170.551879	W	0.046905
01424075496652	74170.598784	S	1.093962
01424096500728	74171.692746	W	0.020348
01424096891408	74171.713094	S	0.118801
01424099172396	74171.831896	W	0.153211
01424102114040	74171.985106	S	0.370180
01424109221492	74172.355286	W	0.014841
01424109506444	74172.370127	S	0.741748
01424123748008	74173.111875	W	0.077185
01424125229956	74173.189060	S	0.163252
01424128364392	74173.352312	W	0.014710
01424128646832	74173.367022	S	1.024862
01424148324180	74174.391884	W	0.077194
01424149806296	74174.469078	S	0.295840
01424155486428	74174.764918	W	0.024582
01424155958396	74174.789500	S	0.594710
01424167376824	74175.384210	W	0.014930
01424167663472	74175.399139	S	0.272729
01424172899872	74175.671868	W	0.375940
01424180117928	74176.047809	S	0.048134
01424181042108	74176.095943	W	0.014035
01424181311580	74176.109978	S	0.498744
01424190887456	74176.608722	W	0.014528
01424191166392	74176.623250	S	0.328601
01424197475540	74176.951851	W	0.078688
01424198986348	74177.030539	S	1.201293
01424222051176	74178.231832	W	0.047196
01424222957332	74178.279028	S	0.129591
01424225445476	74178.408619	W	0.014768
01424225729020	74178.423386	S	1.088480
01424246627828	74179.511866	W	0.214247
01424250741376	74179.726113	S	0.407193
01424258559488	74180.133307	W	0.014714
01424258841992	74180.148020	S	0.011548
01424259063704	74180.159568	W	0.001163
01424259086036	74180.160731	S	0.631073
01424271202640	74180.791804	W	0.047209
01424272109048	74180.839013	S	0.592418
01424283483464	74181.431430	W	0.014854
01424283768668	74181.446285	S	0.625546
01424295779148	74182.071831	W	0.127278
01424298222888	74182.199109	S	1.152697
01424320354672	74183.351806	W	0.038193
01424321087980	74183.389999	S	1.060716
01424341453724	74184.450715	W	0.014918
01424341740140	74184.465632	S	0.166221
01424344931584	74184.631853	W	0.077115
01424346412188	74184.708968	S	0.502802
01424356065980	74185.211770	W	0.014855
01424356351196	74185.226625	S	0.189411
01424359987896	74185.416036	W	0.014586
01424360267940	74185.430622	S	0.481217
01424369507312	74185.911839	W	0.038209
01424370240932	74185.950049	S	1.241725
01424394082044	74187.191773	W	0.141850
01424396805556	74187.333623	S	0.140546
01424399504032	74187.474168	W	0.014861
01424399789368	74187.489030	S	0.485575
01424409112408	74187.974605	W	0.023401
01424409561712	74187.998006	S	0.473787
01424418658424	74188.471793	W	0.047261
01424419565844	74188.519054	S	1.232745
01424443234544	74189.751799	W	0.077180
01424444716396	74189.828979	S	0.666510
01424457513392	74190.495489	W	0.023606
01424457966624	74190.519095	S	0.512711
01424467810668	74191.031806	W	0.068164
01424469119416	74191.099970	S	1.211845
01424492386848	74192.311815	W	0.118234
01424494656932	74192.430049	S	1.086417
01424515516144	74193.516466	W	0.014340
01424515791472	74193.530806	S	0.061371
01424516969796	74193.592177	W	0.103391
01424518954900	74193.695568	S	1.176379
01424541541372	74194.871946	W	0.159033
01424544594812	74195.030980	S	1.120682
01424566111904	74196.151662	W	0.076203
01424567574992	74196.227864	S	0.312200
01424573569228	74196.540064	W	0.014825
01424573853872	74196.554889	S	0.225213
01424578177960	74196.780102	W	0.014933
01424578464676	74196.795035	S	0.145305
01424581254540	74196.940341	W	0.072459
01424582645760	74197.012800	S	0.418854
01424590687752	74197.431654	W	0.109174
01424592783900	74197.540828	S	1.170783
01424615262928	74198.711611	W	0.065857
01424616527392	74198.777468	S	0.782470
01424631550812	74199.559938	W	0.014810
01424631835164	74199.574748	S	0.417001
01424639841576	74199.991749	W	0.115040
01424642050348	74200.106789	S	1.164995
01424664418256	74201.271784	W	0.067124
01424665707036	74201.338908	S	1.212806
01424688992916	74202.551714	W	0.116349
01424691226820	74202.668064	S	1.163627
01424713568460	74203.831691	W	0.047283
01424714476288	74203.878973	S	1.232711
01424738144332	74205.111684	W	0.038219
01424738878136	74205.149903	S	0.456978
01424747652112	74205.606881	W	0.014753
01424747935376	74205.621634	S	0.770135
01424762721972	74206.391769	W	0.038173
01424763454892	74206.429942	S	1.241787
01424787297200	74207.671729	W	0.398305
01424794944664	74208.070035	S	0.562869
01424805751752	74208.632904	W	0.023923
01424806211068	74208.656826	S	0.038281
01424806946072	74208.695108	W	0.088145
01424808638452	74208.783253	S	0.080567
01424810185340	74208.863820	W	0.126017
01424812604864	74208.989837	S	0.146594
01424815419464	74209.136430	W	8.016051
01424969327652	74217.152482	S	0.551482
01424979916104	74217.703964	W	0.014629
01424980196980	74217.718593	S	0.193070
01424983903928	74217.911663	W	0.047193
01424984810036	74217.958856	S	1.144976
01425006793580	74219.103832	W	0.159315
01425009852424	74219.263147	S	1.208599
01425033057528	74220.471746	W	0.047160
01425033963000	74220.518906	S	0.214001
01425038071812	74220.732907	W	0.014679
01425038353640	74220.747585	S	1.004069
01425057631756	74221.751654	W	0.246080
01425062356496	74221.997734	S	1.033920
01425082207756	74223.031654	W	0.080310
01425083749708	74223.111964	S	0.648341
01425096197856	74223.760305	W	0.022764
01425096634920	74223.783069	S	0.528589
01425106783836	74224.311658	W	0.067071
01425108071600	74224.378729	S	1.212931
01425131359872	74225.591660	W	0.168225
01425134589800	74225.759885	S	1.029680
01425154359664	74226.789566	W	0.014308
01425154634368	74226.803873	S	0.068121
01425155942292	74226.871994	W	0.117874
01425158205472	74226.989868	S	1.161774
01425180511528	74228.151642	W	0.114053
01425182701348	74228.265695	S	1.166017
01425205088884	74229.431713	W	0.076117
01425206550332	74229.507830	S	0.306422
01425212433628	74229.814251	W	0.014805
01425212717876	74229.829056	S	0.882560
01425229663024	74230.711616	W	0.076189
01425231125856	74230.787805	S	1.203818
01425254239168	74231.991623	W	0.108076
01425256314236	74232.099700	S	0.738106
01425270485876	74232.837806	W	0.014945
01425270772820	74232.852751	S	0.418861
01425278814952	74233.271612	W	0.074657
01425280248368	74233.346269	S	1.205340
01425303390896	74234.551609	W	0.038280
01425304125876	74234.589889	S	0.202273
01425308009512	74234.792162	W	0.014719
01425308292120	74234.806881	S	1.024725
01425327966832	74235.831606	W	0.113847
01425330152688	74235.945453	S	1.166352
01425352546648	74237.111805	W	0.108952
01425354638536	74237.220757	S	1.170749
01425377116920	74238.391506	W	0.453218
01425385818712	74238.844725	S	0.039925
01425386585280	74238.884650	W	0.014819
01425386869796	74238.899469	S	0.772049
01425401693128	74239.671517	W	0.067293
01425402985152	74239.738810	S	1.212697
01425426268944	74240.951507	W	0.076306
01425427734016	74241.027813	S	0.604910
01425439348292	74241.632724	W	0.026397
01425439855112	74241.659120	S	0.248330
01425444623040	74241.907450	W	0.014829
01425444907764	74241.922279	S	0.119485
01425447201872	74242.041764	W	0.014486
01425447480012	74242.056251	S	0.175275
01425450845284	74242.231525	W	0.106225
01425452884796	74242.337750	S	0.114544
01425455084048	74242.452294	W	0.014293
01425455358468	74242.466587	S	0.189900
01425459004548	74242.656487	W	0.014828
01425459289236	74242.671314	S	0.189626
01425462930064	74242.860941	W	0.014226
01425463203196	74242.875166	S	0.600349
01425474729892	74243.475515	W	0.016915
01425475054660	74243.492430	S	0.019513
01425475429316	74243.511944	W	0.116911
01425477674000	74243.628854	S	0.358479
01425484556796	74243.987333	W	0.014450
01425484834228	74244.001783	S	0.789783
01425499998056	74244.791565	W	0.065817
01425501261736	74244.857382	S	0.051553
01425502251544	74244.908935	W	0.014166
01425502523524	74244.923100	S	0.009401
01425502704016	74244.932501	W	0.014642
01425502985140	74244.947143	S	0.883375
01425519945940	74245.830518	W	0.014668
01425520227568	74245.845186	S	0.226391
01425524574276	74246.071577	W	0.038279
01425525309240	74246.109856	S	0.642457
01425537644408	74246.752313	W	0.014357
01425537920064	74246.766670	S	0.584899
01425549150120	74247.351569	W	0.076181
01425550612804	74247.427750	S	0.531170
01425560811264	74247.958920	W	0.014834
01425561096084	74247.973754	S	0.657839
01425573726588	74248.631593	W	0.143073
01425576473596	74248.774666	S	0.844835
01425592694428	74249.619501	W	0.018925
01425593057784	74249.638426	S	0.273145
01425598302168	74249.911571	W	0.067149
01425599591428	74249.978720	S	1.003102
01425618850984	74250.981822	W	0.014809
01425619135316	74250.996631	S	0.194934
01425622878048	74251.191565	W	0.076103
01425624339216	74251.267667	S	0.672948
01425637259812	74251.940615	W	0.053972
01425638296072	74251.994587	S	0.476965
01425647453796	74252.471552	W	0.168220
01425650683616	74252.639772	S	0.051531
01425651673012	74252.691303	W	0.014468
01425651950796	74252.705771	S	0.498451
01425661521060	74253.204222	W	0.014422
01425661797964	74253.218644	S	0.496961
01425671339620	74253.715605	W	0.015672
01425671640532	74253.731278	S	0.020623
01425672036492	74253.751901	W	0.112813
01425674202500	74253.864714	S	0.133939
01425676774136	74253.998653	W	0.014858
01425677059408	74254.013511	S	0.112300
01425679215568	74254.125811	W	0.014264
01425679489428	74254.140074	S	0.293422
01425685123124	74254.433496	W	0.020751
01425685521552	74254.454248	S	0.080704
01425687071060	74254.534951	W	0.014287
01425687345368	74254.549238	S	0.396500
01425694958168	74254.945738	W	0.018878
01425695320624	74254.964616	S	0.067260
01425696612012	74255.031876	W	0.103386
01425698597016	74255.135261	S	1.176501
01425721185844	74256.311763	W	0.037573
01425721907244	74256.349336	S	0.671814
01425734806072	74257.021150	W	0.014733
01425735088944	74257.035883	S	0.100185
01425737012488	74257.136067	W	7.015829
01425871716412	74264.151896	S	1.119540
01425893211572	74265.271436	W	0.038267
01425893946300	74265.309703	S	0.785633
01425909030452	74266.095336	W	0.014742
01425909313496	74266.110078	S	0.099860
01425911230816	74266.209938	W	0.014198
01425911503412	74266.224136	S	0.327330
01425917788156	74266.551466	W	0.038246
01425918522480	74266.589713	S	0.028026
01425919060588	74266.617739	W	0.014247
01425919334124	74266.631986	S	1.199446
01425942363484	74267.831431	W	0.102858
01425944338364	74267.934290	S	1.177324
01425966942992	74269.111614	W	0.296072
01425972627572	74269.407686	S	0.983636
01425991513384	74270.391322	W	0.076318
01425992978688	74270.467640	S	1.203750
01426016090688	74271.671390	W	0.076244
01426017554576	74271.747634	S	0.387224
01426024989284	74272.134859	W	0.014959
01426025276492	74272.149817	S	0.801582
01426040666864	74272.951399	W	0.076289
01426042131620	74273.027689	S	0.655814
01426054723248	74273.683503	W	0.014170
01426054995320	74273.697673	S	0.533695
01426065242272	74274.231368	W	0.264126
01426070313488	74274.495494	S	0.664292
01426083067900	74275.159786	W	0.014941
01426083354772	74275.174728	S	0.336651
01426089818476	74275.511379	W	0.067226
01426091109216	74275.578605	S	0.972150
01426109774492	74276.550755	W	0.014616
01426110055112	74276.565370	S	0.005807
01426110166604	74276.571177	W	0.014760
01426110449988	74276.585937	S	0.205509
01426114395756	74276.791446	W	0.076230
01426115859376	74276.867676	S	0.422479
01426123970980	74277.290155	W	0.106801
01426126021568	74277.396957	S	0.075006
01426127461680	74277.471962	W	0.086072
01426129114256	74277.558034	S	0.513433
01426138972168	74278.071467	W	0.067131
01426140261076	74278.138598	S	0.042043
01426141068300	74278.180641	W	0.023304
01426141515740	74278.203945	S	1.147462
01426163547008	74279.351407	W	0.115009
01426165755172	74279.466415	S	1.164991
01426188123000	74280.631406	W	0.038336
01426188859056	74280.669743	S	0.539462
01426199216724	74281.209204	W	0.014938
01426199503528	74281.224142	S	0.687296
01426212699612	74281.911438	W	0.113975
01426214887924	74282.025413	S	0.381472
01426222212188	74282.406885	W	0.237863
01426226779164	74282.644748	S	0.014278
01426227053308	74282.659026	W	0.065470
01426228310328	74282.724496	S	0.466910
01426237274996	74283.191406	W	0.076135
01426238736788	74283.267541	S	0.969608
01426257353264	74284.237149	W	0.022195
01426257779408	74284.259344	S	0.212099
01426261851708	74284.471443	W	0.122156
01426264197096	74284.593599	S	1.157766
01426286426196	74285.751364	W	0.077217
01426287908760	74285.828581	S	1.202813
01426311002768	74287.031394	W	0.077182
01426312484660	74287.108576	S	0.155284
01426315466112	74287.263860	W	0.014959
01426315753320	74287.278819	S	0.248157
01426320517940	74287.526976	W	0.110332
01426322636308	74287.637308	S	0.074687
01426324070300	74287.711995	W	0.088798
01426325775220	74287.800793	S	0.510615
01426335579024	74288.311408	W	0.199216
01426339403968	74288.510623	S	1.080770
01426360154760	74289.591394	W	0.119237
01426362444112	74289.710631	S	0.564512
01426373282736	74290.275143	W	0.014501
01426373561148	74290.289643	S	0.006444
01426373684880	74290.296087	W	0.022257
01426374112216	74290.318345	S	0.553021
01426384730228	74290.871366	W	0.075886
01426386187244	74290.947252	S	1.204140
01426409306740	74292.151393	W	0.078301
01426410810112	74292.229693	S	1.093242
01426431800360	74293.322935	W	0.014863
01426432085736	74293.337799	S	0.093605
01426433882960	74293.431404	W	0.077136
01426435363980	74293.508541	S	1.202844
01426458458576	74294.711384	W	0.047265
01426459366068	74294.758649	S	1.232709
01426483034088	74295.991359	W	0.139277
01426485708212	74296.130636	S	0.100875
01426487645008	74296.231511	W	0.014653
01426487926340	74296.246164	S	0.069159
01426489254184	74296.315322	W	0.014227
01426489527344	74296.329549	S	0.013744
01426489791228	74296.343293	W	0.014843
01426490076208	74296.358136	S	0.365287
01426497089716	74296.723423	W	0.014156
01426497361516	74296.737579	S	0.396476
01426504973852	74297.134055	W	0.014114
01426505244836	74297.148169	S	0.123184
01426507609972	74297.271353	W	0.077217
01426509092540	74297.348570	S	0.296434
01426514784072	74297.645004	W	0.014393
01426515060424	74297.659397	S	0.891990
01426532186636	74298.551387	W	0.068143
01426533494984	74298.619530	S	0.744941
01426547797860	74299.364472	W	0.014966
01426548085208	74299.379438	S	0.451914
01426556761960	74299.831352	W	0.047196
01426557668116	74299.878548	S	1.232767
01426581337236	74301.111314	W	0.352282
01426588101052	74301.463596	S	0.927715
01426605913184	74302.391312	W	0.046695
01426606809724	74302.438006	S	1.233309
01426630489252	74303.671315	W	0.106328
01426632530756	74303.777644	S	0.357959
01426639403572	74304.135603	W	6.008746
01426754771496	74310.144349	S	1.206970
01426777945312	74311.351318	W	0.038195
01426778678656	74311.389513	S	0.067641
01426779977368	74311.457155	W	0.014715
01426780259900	74311.471870	S	1.169451
01426802713364	74312.641321	W	0.045055
01426803578416	74312.686376	S	1.224915
01426827096776	74313.911290	W	0.047268
01426828004324	74313.958559	S	0.523794
01426838061164	74314.482352	W	0.014814
01426838345596	74314.497166	S	0.704137
01426851865024	74315.201303	W	0.018991
01426852229644	74315.220294	S	1.260971
01426876440296	74316.481265	W	0.018770
01426876800672	74316.500035	S	1.005799
01426896112012	74317.505834	W	0.014814
01426896396444	74317.520648	S	0.230626
01426900824460	74317.751274	W	0.085326
01426902462720	74317.836600	S	1.204670
01426925592376	74319.041270	W	0.018957
01426925956356	74319.060227	S	1.261026
01426950168052	74320.321253	W	0.018551
01426950524232	74320.339804	S	0.182083
01426954020232	74320.521887	W	0.014875
01426954305824	74320.536762	S	1.054521
01426974552624	74321.591282	W	0.055199
01426975612440	74321.646481	S	1.224782
01426999128252	74322.871263	W	0.047122
01427000032992	74322.918385	S	0.621021
01427011956600	74323.539406	W	0.014826
01427012241264	74323.554232	S	0.597021
01427023704072	74324.151254	W	0.037247
01427024419212	74324.188501	S	1.252734
01427048471708	74325.441235	W	0.046053
01427049355928	74325.487288	S	0.113854
01427051541920	74325.601142	W	0.014170
01427051813992	74325.615312	S	0.394610
01427059390500	74326.009922	W	0.014213
01427059663396	74326.024135	S	0.498647
01427069237420	74326.522782	W	0.014387
01427069513652	74326.537169	S	0.020741
01427069911888	74326.557911	W	0.014620
01427070192600	74326.572531	S	0.138714
01427072855904	74326.711245	W	0.047125
01427073760700	74326.758370	S	0.173121
01427077084632	74326.931491	W	0.014291
01427077359024	74326.945782	S	1.055470
01427097624052	74328.001253	W	0.018855
01427097986076	74328.020108	S	0.550927
01427108563868	74328.571035	W	0.019476
01427108937804	74328.590511	S	0.492761
01427118398808	74329.083271	W	0.019238
01427118768184	74329.102510	S	0.168738
01427122007952	74329.271248	W	0.047187
01427122913940	74329.318434	S	0.253968
01427127790116	74329.572402	W	0.021888
01427128210364	74329.594290	S	0.511393
01427138029112	74330.105683	W	0.129399
01427140513580	74330.235082	S	0.014300
01427140788140	74330.249382	W	0.080745
01427142338440	74330.330127	S	0.231096
01427146775476	74330.561223	W	0.018756
01427147135596	74330.579979	S	1.251204
01427171158712	74331.831183	W	0.055018
01427172215056	74331.886201	S	0.709375
01427185835064	74332.595576	W	0.015007
01427186123200	74332.610583	S	0.500647
01427195735620	74333.111230	W	0.047158
01427196641052	74333.158388	S	1.232782
01427220310460	74334.391170	W	0.055151
01427221369364	74334.446321	S	0.696680
01427234745628	74335.143001	W	0.238685
01427239328384	74335.381687	S	0.014217
01427239601344	74335.395903	W	0.073324
01427241009160	74335.469227	S	0.143900
01427243772044	74335.613127	W	0.035850
01427244460372	74335.648978	S	0.022580
01427244893900	74335.671557	W	0.046843
01427245793276	74335.718400	S	1.242796
01427269654968	74336.961196	W	0.018871
01427270017288	74336.980067	S	1.251116
01427294038716	74338.231183	W	0.037299
01427294754860	74338.268482	S	0.362415
01427301713220	74338.630897	W	0.014893
01427301999168	74338.645790	S	0.875401
01427318806864	74339.521191	W	0.018920
01427319170132	74339.540111	S	1.261098
01427343383208	74340.801209	W	0.018861
01427343745340	74340.820070	S	0.832110
01427359721860	74341.652180	W	0.014761
01427360005268	74341.666941	S	0.404256
01427367766984	74342.071197	W	0.055138
01427368825636	74342.126335	S	0.472365
01427377895036	74342.598700	W	0.014448
01427378172436	74342.613148	S	0.738021
01427392342432	74343.351168	W	0.037802
01427393068228	74343.388970	S	0.028940
01427393623872	74343.417910	W	0.014006
01427393892784	74343.431916	S	0.342341
01427400465732	74343.774257	W	0.088597
01427402166788	74343.862854	S	0.066835
01427403450016	74343.929688	W	0.086316
01427405107280	74344.016004	S	0.118733
01427407386952	74344.134737	W	0.014371
01427407662876	74344.149108	S	0.492065
01427417110532	74344.641174	W	0.045786
01427417989616	74344.686959	S	1.224216
01427441494560	74345.911175	W	0.038190
01427442227804	74345.949365	S	1.241785
01427466070084	74347.191150	W	0.047179
01427466975916	74347.238329	S	0.460592
01427475819284	74347.698921	W	0.024430
01427476288348	74347.723351	S	0.747794
01427490645996	74348.471146	W	0.037162
01427491359504	74348.508308	S	0.458342
01427500159680	74348.966650	W	0.101905
01427502116264	74349.068555	S	0.083550
01427503720420	74349.152105	W	0.086039
01427505372360	74349.238144	S	0.513013
01427515222208	74349.751157	W	0.037212
01427515936680	74349.788369	S	0.346404
01427522587632	74350.134772	W	8.018238
01427676537796	74358.153010	S	0.558097
01427687253256	74358.711107	W	0.037167
01427687966868	74358.748274	S	1.053421
01427708192552	74359.801695	W	0.291550
01427713790320	74360.093246	S	0.014213
01427714063212	74360.107459	W	0.065291
01427715316804	74360.172750	S	1.098361
01427736405328	74361.271111	W	0.055235
01427737465844	74361.326346	S	1.224724
01427760980536	74362.551070	W	0.038247
01427761714876	74362.589316	S	0.256735
01427766644188	74362.846051	W	0.014903
01427766930328	74362.860955	S	0.970134
01427785556896	74363.831088	W	0.046168
01427786443312	74363.877256	S	1.233822
01427810132688	74365.111077	W	0.038259
01427810867264	74365.149337	S	0.223232
01427815153324	74365.372569	W	0.014823
01427815437920	74365.387392	S	0.489236
01427824831260	74365.876628	W	0.022920
01427825271316	74365.899548	S	0.501520
01427834900492	74366.401067	W	0.044683
01427835758400	74366.445750	S	1.225326
01427859284660	74367.671076	W	0.038221
01427860018496	74367.709297	S	1.194920
01427882960956	74368.904216	W	0.014454
01427883238464	74368.918670	S	0.042720
01427884058688	74368.961390	W	0.018513
01427884414136	74368.979903	S	1.251208
01427908437332	74370.231111	W	0.047109
01427909341832	74370.278220	S	1.242820
01427933203972	74371.521040	W	0.018944
01427933567696	74371.539984	S	0.388440
01427941025752	74371.928425	W	0.014794
01427941309796	74371.943219	S	0.847850
01427957588512	74372.791068	W	0.055268
01427958649656	74372.846336	S	1.224696
01427982163820	74374.071032	W	0.038157
01427982896436	74374.109189	S	0.837798
01427998982160	74374.946988	W	0.014867
01427999267608	74374.961855	S	0.389203
01428006740296	74375.351057	W	0.046192
01428007627192	74375.397250	S	1.233777
01428031315720	74376.631027	W	0.038259
01428032050288	74376.669286	S	1.241694
01428055890816	74377.910980	W	0.046894
01428056791180	74377.957874	S	0.017241
01428057122200	74377.975115	W	0.014856
01428057407428	74377.989970	S	1.201083
01428080468220	74379.191053	W	0.047158
01428081373656	74379.238211	S	1.232797
01428105043360	74380.471008	W	0.047224
01428105950068	74380.518233	S	0.479952
01428115165152	74380.998185	W	0.013093
01428115416544	74381.011278	S	0.739738
01428129619512	74381.751016	W	0.038245
01428130353820	74381.789261	S	1.241725
01428154194944	74383.030987	W	0.047106
01428155099372	74383.078092	S	0.938220
01428173113192	74384.016312	W	0.020523
01428173507240	74384.036835	S	0.274164
01428178771180	74384.310999	W	0.047263
01428179678636	74384.358262	S	0.941087
01428197747500	74385.299349	W	0.027670
01428198278764	74385.327019	S	0.074906
01428199716960	74385.401925	W	0.014311
01428199991732	74385.416236	S	0.174785
01428203347612	74385.591021	W	0.038185
01428204080764	74385.629206	S	1.241772
01428227922780	74386.870978	W	0.047235
01428228829684	74386.918213	S	0.115097
01428231039544	74387.033310	W	0.024462
01428231509212	74387.057771	S	0.947785
01428249706688	74388.005557	W	0.006282
01428249827312	74388.011839	S	0.139131
01428252498628	74388.150970	W	0.038185
01428253231788	74388.189156	S	1.241796
01428277074272	74389.430952	W	0.037998
01428277803832	74389.468950	S	0.591218
01428289155212	74390.060167	W	0.014804
01428289439440	74390.074971	S	0.072426
01428290830016	74390.147397	W	0.039662
01428291591520	74390.187058	S	0.437155
01428299984900	74390.624214	W	0.035794
01428300672140	74390.660007	S	0.051321
01428301657508	74390.711329	W	0.054850
01428302710632	74390.766179	S	1.224790
01428326226592	74391.990968	W	0.038079
01428326957712	74392.029047	S	1.044086
01428347004156	74393.073133	W	0.015077
01428347293628	74393.088210	S	0.182758
01428350802576	74393.270967	W	0.047209
01428351708984	74393.318176	S	1.232784
01428375378428	74394.550960	W	0.047251
01428376285644	74394.598211	S	0.534287
01428386543952	74395.132498	W	0.013975
01428386812280	74395.146473	S	0.684482
01428399954332	74395.830955	W	0.038305
01428400689784	74395.869260	S	0.222478
01428404961368	74396.091738	W	0.014989
01428405249160	74396.106727	S	1.004237
01428424530520	74397.110965	W	0.047214
01428425437028	74397.158179	S	0.978646
01428444227040	74398.136825	W	10.015271
01428636520240	74408.152096	S	0.027921
01428637056328	74408.180017	W	0.014677
01428637338128	74408.194694	S	0.247699
01428642093952	74408.442393	W	0.023380
01428642542856	74408.465774	S	0.165129
01428645713324	74408.630902	W	0.038175
01428646446292	74408.669078	S	0.184093
01428649980880	74408.853171	W	0.014455
01428650258408	74408.867625	S	0.194124
01428653985588	74409.061749	W	0.014330
01428654260728	74409.076080	S	0.185726
01428657826664	74409.261805	W	0.014590
01428658106800	74409.276396	S	0.634519
01428670289568	74409.910915	W	0.047217
01428671196132	74409.958132	S	1.232752
01428694864980	74411.190884	W	0.038002
01428695594616	74411.228886	S	0.203106
01428699494260	74411.431993	W	0.238175
01428704067228	74411.670168	S	0.014208
01428704340024	74411.684376	W	0.065355
01428705594832	74411.749731	S	0.583315
01428716794484	74412.333046	W	0.036776
01428717500580	74412.369822	S	0.101056
01428719440864	74412.470878	W	0.038128
01428720172924	74412.509006	S	0.336017
01428726624456	74412.845024	W	0.027286
01428727148344	74412.872310	S	0.689966
01428740395696	74413.562276	W	0.015203
01428740687584	74413.577478	S	0.173379
01428744016464	74413.750857	W	0.038275
01428744751336	74413.789132	S	0.082137
01428746328364	74413.871269	W	0.016294
01428746641200	74413.887562	S	0.343916
01428753244388	74414.231479	W	0.022842
01428753682960	74414.254321	S	0.537875
01428764010164	74414.792196	W	0.014821
01428764294728	74414.807017	S	0.086264
01428765950988	74414.893281	W	0.014451
01428766228444	74414.907731	S	0.123162
01428768593160	74415.030894	W	0.038203
01428769326656	74415.069097	S	0.438747
01428777750596	74415.507844	W	0.014432
01428778027692	74415.522276	S	0.788595
01428793168720	74416.310871	W	0.038091
01428793900068	74416.348962	S	0.202974
01428797797164	74416.551936	W	0.101654
01428799748920	74416.653590	S	0.082658
01428801335960	74416.736248	W	0.087247
01428803011108	74416.823495	S	0.432789
01428811320656	74417.256284	W	0.014583
01428811600656	74417.270868	S	0.319967
01428817744024	74417.590835	W	0.046915
01428818644800	74417.637750	S	1.233087
01428842320076	74418.870837	W	0.047315
01428843228532	74418.918153	S	0.192224
01428846919228	74419.110376	W	0.014956
01428847206376	74419.125332	S	1.025532
01428866896584	74420.150864	W	0.047205
01428867802924	74420.198069	S	0.081242
01428869362772	74420.279311	W	0.022805
01428869800628	74420.302116	S	1.128739
01428891472420	74421.430855	W	0.047135
01428892377412	74421.477990	S	1.232841
01428916047952	74422.710831	W	0.047273
01428916955600	74422.758104	S	0.543211
01428927385244	74423.301315	W	0.014860
01428927670548	74423.316174	S	0.674728
01428940625320	74423.990902	W	0.037962
01428941354188	74424.028864	S	0.130651
01428943862688	74424.159515	W	0.095397
01428945694312	74424.254912	S	1.015882
01428965199248	74425.270794	W	0.038277
01428965934168	74425.309071	S	1.012242
01428985369212	74426.321313	W	0.023064
01428985812044	74426.344377	S	0.206418
01428989775268	74426.550795	W	0.047250
01428990682468	74426.598045	S	1.232726
01429014350808	74427.830771	W	0.038187
01429015084004	74427.868959	S	1.241793
01429038926428	74429.110751	W	0.038032
01429039656640	74429.148783	S	0.196293
01429043425464	74429.345076	W	0.238749
01429048009452	74429.583826	S	0.014857
01429048294700	74429.598682	W	0.064983
01429049542380	74429.663666	S	0.727158
01429063503808	74430.390823	W	0.047210
01429064410248	74430.438034	S	1.232773
01429088079484	74431.670806	W	0.047180
01429088985332	74431.717986	S	0.652431
01429101512016	74432.370418	W	0.014938
01429101798824	74432.385355	S	0.565457
01429112655596	74432.950812	W	0.038162
01429113388304	74432.988974	S	1.241798
01429137230816	74434.230772	W	0.047202
01429138137088	74434.277973	S	1.115235
01429159549596	74435.393208	W	0.015051
01429159838584	74435.408260	S	0.102584
01429161808200	74435.510844	W	0.047139
01429162713268	74435.557983	S	1.232756
01429186382188	74436.790739	W	0.038242
01429187116436	74436.828981	S	1.241727
01429210957596	74438.070708	W	0.047319
01429211866112	74438.118027	S	0.290602
01429217445680	74438.408629	W	0.014889
01429217731556	74438.423519	S	0.927261
01429235534964	74439.350779	W	0.038113
01429236266736	74439.388893	S	1.241834
01429260109944	74440.630726	W	0.046928
01429261010956	74440.677654	S	0.749734
01429275405856	74441.427388	W	0.014991
01429275693684	74441.442379	S	0.468379
01429284686568	74441.910759	W	0.047272
01429285594192	74441.958031	S	1.232708
01429309262176	74443.190738	W	0.055197
01429310321952	74443.245935	S	1.200180
01429333365404	74444.446115	W	0.014507
01429333643936	74444.460622	S	0.010463
01429333844824	74444.471085	W	0.046844
01429334744232	74444.517929	S	1.232827
01429358414508	74445.750756	W	0.047183
01429359320424	74445.797939	S	1.232797
01429382990120	74447.030735	W	0.038186
01429383723292	74447.068921	S	0.395046
01429391308176	74447.463968	W	0.014930
01429391594828	74447.478897	S	0.656495
01429404199540	74448.135393	W	6.016895
01429519723916	74454.152287	S	0.558435
01429530445876	74454.710723	W	0.038095
01429531177304	74454.748818	S	0.797524
01429546489772	74455.546342	W	0.014484
01429546767872	74455.560827	S	0.429906
01429555022076	74455.990733	W	0.047059
01429555925608	74456.037792	S	0.492667
01429565384824	74456.530460	W	0.014852
01429565669992	74456.545312	S	0.725392
01429579597516	74457.270704	W	0.038135
01429580329708	74457.308839	S	1.241813
01429604172524	74458.550652	W	0.047200
01429605078760	74458.597852	S	0.954055
01429623396616	74459.551907	W	0.014857
01429623681864	74459.566764	S	0.071560
01429625055808	74459.638323	W	0.046045
01429625939880	74459.684369	S	0.146310
01429628749032	74459.830679	W	0.038196
01429629482392	74459.868875	S	1.241816
01429653325256	74461.110690	W	0.047055
01429654228704	74461.157745	S	1.232943
01429677901204	74462.390688	W	0.038205
01429678634748	74462.428893	S	0.144744
01429681413832	74462.573637	W	0.023660
01429681868104	74462.597297	S	1.073373
01429702476868	74463.670670	W	0.037976
01429703206000	74463.708646	S	1.242016
01429727052716	74464.950662	W	0.038245
01429727787016	74464.988907	S	0.613891
01429739573720	74465.602798	W	0.014718
01429739856308	74465.617516	S	0.613170
01429751629168	74466.230686	W	0.047048
01429752532492	74466.277734	S	1.232902
01429776204208	74467.510636	W	0.038225
01429776938124	74467.548861	S	1.077371
01429797623644	74468.626231	W	0.019940
01429798006496	74468.646172	S	0.144495
01429800780796	74468.790666	W	0.047197
01429801686980	74468.837864	S	1.232742
01429825355624	74470.070605	W	0.038166
01429826088412	74470.108771	S	1.104791
01429847300396	74471.213562	W	0.023915
01429847759556	74471.237477	S	0.113171
01429849932444	74471.350648	W	0.047219
01429850839056	74471.397867	S	0.254309
01429855721792	74471.652177	W	0.014746
01429856004912	74471.666922	S	0.118659
01429858283156	74471.785581	W	0.090524
01429860021216	74471.876105	S	0.053874
01429861055592	74471.929979	W	0.086410
01429862714660	74472.016389	S	0.614232
01429874507920	74472.630621	W	0.038194
01429875241236	74472.668814	S	1.241814
01429899084068	74473.910629	W	0.038222
01429899817928	74473.948850	S	0.730371
01429913841052	74474.679221	W	0.022067
01429914264740	74474.701289	S	0.489345
01429923660160	74475.190633	W	0.047002
01429924562592	74475.237635	S	1.232970
01429948235616	74476.470605	W	0.047254
01429949142888	74476.517859	S	0.450490
01429957792304	74476.968349	W	0.238090
01429962363640	74477.206440	S	0.014299
01429962638184	74477.220739	W	0.065488
01429963895544	74477.286226	S	0.277338
01429969220424	74477.563564	W	0.019317
01429969591316	74477.582881	S	0.122601
01429971945260	74477.705482	W	0.014349
01429972220764	74477.719831	S	0.031137
01429972818592	74477.750968	W	0.037862
01429973545540	74477.788830	S	1.241781
01429997387728	74479.030611	W	0.047231
01429998294564	74479.077842	S	1.232740
01430021963180	74480.310582	W	0.038199
01430022696604	74480.348781	S	0.203434
01430026602540	74480.552216	W	0.014693
01430026884636	74480.566908	S	0.162634
01430030007216	74480.729543	W	0.015000
01430030295224	74480.744543	S	0.846041
01430046539216	74481.590584	W	0.046905
01430047439796	74481.637489	S	0.448878
01430056058260	74482.086368	W	0.103464
01430058044772	74482.189832	S	0.082552
01430059629764	74482.272384	W	0.088062
01430061320552	74482.360445	S	0.510165
01430071115712	74482.870610	W	0.038151
01430071848212	74482.908761	S	0.844479
01430088062204	74483.753240	W	0.014921
01430088348696	74483.768161	S	0.382419
01430095691132	74484.150580	W	0.047215
01430096597664	74484.197795	S	1.232768
01430120266800	74485.430562	W	0.047190
01430121172852	74485.477753	S	1.232828
01430144843148	74486.710581	W	0.038196
01430145576504	74486.748776	S	0.030215
01430146156624	74486.778991	W	0.023187
01430146601820	74486.802178	S	1.188399
01430169419080	74487.990577	W	0.038288
01430170154204	74488.028865	S	1.241697
01430193994784	74489.270562	W	0.055072
01430195052172	74489.325634	S	0.489439
01430204449408	74489.815073	W	0.014821
01430204733964	74489.829894	S	0.720665
01430218570732	74490.550559	W	0.038215
01430219304452	74490.588774	S	1.241776
01430243146560	74491.830550	W	0.038218
01430243880336	74491.868767	S	0.973506
01430262571652	74492.842274	W	0.022101
01430262995996	74492.864375	S	0.246170
01430267722452	74493.110544	W	0.037763
01430268447504	74493.148307	S	0.987537
01430287408224	74494.135845	W	5.014430
01430383685288	74499.150275	S	0.360246
01430390602008	74499.510521	W	0.047319
01430391510524	74499.557840	S	1.146978
01430413532508	74500.704818	W	0.013938
01430413800108	74500.718756	S	0.002106
01430413840540	74500.720861	W	0.014088
01430414111024	74500.734949	S	0.055899
01430415184276	74500.790848	W	0.037929
01430415912520	74500.828777	S	1.069374
01430436444496	74501.898151	W	0.022625
01430436878888	74501.920775	S	0.149777
01430439754612	74502.070553	W	0.047161
01430440660104	74502.117714	S	1.232779
01430464329464	74503.350493	W	0.038238
01430465063640	74503.388731	S	1.241737
01430488904988	74504.630468	W	0.037869
01430489632080	74504.668337	S	0.249950
01430494431120	74504.918287	W	0.014755
01430494714420	74504.933043	S	0.977446
01430513481380	74505.910489	W	0.047219
01430514387992	74505.957708	S	1.232766
01430538057100	74507.190474	W	0.038220
01430538790916	74507.228694	S	0.704496
01430552317248	74507.933190	W	0.022363
01430552746616	74507.955553	S	0.514945
01430562633560	74508.470498	W	0.038192
01430563366852	74508.508690	S	1.241764
01430587208720	74509.750454	W	0.046993
01430588110980	74509.797447	S	0.309502
01430594053420	74510.106949	W	0.087367
01430595730860	74510.194316	S	0.764231
01430610404104	74510.958547	W	0.014281
01430610678296	74510.972828	S	0.057973
01430611791384	74511.030801	W	0.037975
01430612520508	74511.068776	S	1.241682
01430636360796	74512.310458	W	0.047287
01430637268712	74512.357745	S	1.232759
01430660937680	74513.590504	W	0.046001
01430661820900	74513.636505	S	0.340991
01430668367932	74513.977496	W	0.023334
01430668815944	74514.000830	S	0.119592
01430671112104	74514.120422	W	0.014138
01430671383556	74514.134560	S	0.090136
01430673114176	74514.224697	W	0.014872
01430673399720	74514.239569	S	0.495256
01430682908632	74514.734825	W	0.026320
01430683413980	74514.761145	S	0.109337
01430685513252	74514.870482	W	0.550855
01430696089668	74515.421337	S	0.729117
01430710088720	74516.150454	W	0.046934
01430710989848	74516.197388	S	0.803534
01430726417696	74517.000922	W	0.015023
01430726706140	74517.015945	S	0.414518
01430734664888	74517.430463	W	0.038151
01430735397392	74517.468614	S	1.241784
01430759239652	74518.710399	W	0.038125
01430759971656	74518.748524	S	1.241885
01430783815840	74519.990408	W	0.047058
01430784719352	74520.037466	S	1.232939
01430808391788	74521.270406	W	0.038246
01430809126108	74521.308651	S	1.241773
01430832968148	74522.550424	W	0.038039
01430833698492	74522.588463	S	0.456910
01430842471168	74523.045373	W	0.014803
01430842755384	74523.060176	S	0.479649
01430851964644	74523.539825	W	0.016723
01430852285728	74523.556548	S	0.273874
01430857544116	74523.830423	W	0.038085
01430858275356	74523.868508	S	1.241909
01430882120012	74525.110417	W	0.038254
01430882854496	74525.148672	S	0.926591
01430900645044	74526.075263	W	0.014836
01430900929900	74526.090099	S	0.300321
01430906696068	74526.390420	W	0.038177
01430907429064	74526.428597	S	1.241814
01430931271892	74527.670411	W	0.047153
01430932177224	74527.717564	S	1.232836
01430955847680	74528.950400	W	0.038211
01430956581340	74528.988611	S	0.114555
01430958780792	74529.103166	W	0.014873
01430959066344	74529.118039	S	1.112380
01430980424040	74530.230419	W	0.038104
01430981155636	74530.268523	S	1.241846
01431004999076	74531.510369	W	0.047199
01431005905296	74531.557568	S	0.570804
01431016864732	74532.128371	W	0.023278
01431017311668	74532.151649	S	0.638737
01431029575416	74532.790386	W	0.047218
01431030481992	74532.837604	S	0.225399
01431034809660	74533.063003	W	0.014434
01431035086788	74533.077437	S	0.992939
01431054151224	74534.070376	W	0.038177
01431054884228	74534.108554	S	1.047477
01431074995784	74535.156030	W	0.014951
01431075282836	74535.170981	S	0.179413
01431078727560	74535.350394	W	0.038177
01431079460564	74535.388571	S	1.241761
01431103302376	74536.630332	W	0.047153
01431104207716	74536.677485	S	1.232859
01431127878604	74537.910344	W	0.047152
01431128783932	74537.957496	S	0.224801
01431133100112	74538.182297	W	0.013880
01431133366608	74538.196177	S	0.787661
01431148489708	74538.983839	W	0.005917
01431148603312	74538.989756	S	0.144253
01431151372972	74539.134009	W	4.010373
01431228372140	74543.144382	S	1.165937
01431250758132	74544.310319	W	0.038114
01431251489916	74544.348433	S	1.050701
01431271663376	74545.399134	W	0.039942
01431272430256	74545.439076	S	0.151230
01431275333868	74545.590306	W	0.047373
01431276243436	74545.637679	S	1.232645
01431299910212	74546.870324	W	0.038263
01431300644864	74546.908587	S	1.241759
01431324486628	74548.150345	W	0.047334
01431325395448	74548.197680	S	1.232639
01431349062112	74549.430318	W	0.038049
01431349792648	74549.468367	S	1.241937
01431373637848	74550.710305	W	0.047411
01431374548140	74550.757716	S	0.942110
01431392636652	74551.699826	W	0.017209
01431392967060	74551.717034	S	0.273265
01431398213748	74551.990299	W	0.047144
01431399118904	74552.037443	S	1.232848
01431422789584	74553.270291	W	0.038322
01431423525360	74553.308612	S	1.241691
01431447365820	74554.550303	W	0.038315
01431448101468	74554.588618	S	1.241668
01431471941492	74555.830286	W	0.038140
01431472673784	74555.868426	S	0.542090
01431483081908	74556.410516	W	0.014505
01431483360400	74556.425021	S	0.004434
01431483445536	74556.429455	W	0.014867
01431483730980	74556.444322	S	0.665957
01431496517356	74557.110279	W	0.047374
01431497426944	74557.157653	S	1.232624
01431521093320	74558.390277	W	0.047287
01431522001236	74558.437564	S	1.232690
01431545668880	74559.670254	W	0.038106
01431546400508	74559.708360	S	1.241903
01431570245048	74560.950263	W	0.047226
01431571151788	74560.997489	S	0.123154
01431573516336	74561.120642	W	0.014378
01431573792392	74561.135020	S	1.095253
01431594821252	74562.230274	W	0.038093
01431595552640	74562.268367	S	1.241886
01431619396856	74563.510253	W	0.037152
01431620110176	74563.547405	S	1.242819
01431643972300	74564.790224	W	0.046335
01431644861924	74564.836559	S	1.233689
01431668548760	74566.070248	W	0.038386
01431669285768	74566.108634	S	1.241606
01431693124608	74567.350240	W	0.047167
01431694030212	74567.397407	S	1.232846
01431717700848	74568.630253	W	0.047269
01431718608408	74568.677521	S	1.232713
01431742276496	74569.910234	W	0.038346
01431743012740	74569.948580	S	0.287170
01431748526412	74570.235751	W	0.019135
01431748893796	74570.254885	S	0.389224
01431756366896	74570.644109	W	0.014544
01431756646136	74570.658653	S	0.089100
01431758356856	74570.747753	W	0.020089
01431758742572	74570.767842	S	0.422389
01431766852444	74571.190231	W	0.047253
01431767759692	74571.237484	S	1.232715
01431791427828	74572.470199	W	0.055367
01431792490872	74572.525566	S	1.224645
01431816004052	74573.750211	W	0.038349
01431816740352	74573.788560	S	1.241651
01431840580056	74575.030211	W	0.038114
01431841311844	74575.068325	S	0.345414
01431847943792	74575.413739	W	0.062727
01431849148152	74575.476466	S	0.833757
01431865156288	74576.310223	W	0.038384
01431865893264	74576.348607	S	1.241565
01431889731312	74577.590173	W	0.047358
01431890640580	74577.637530	S	1.232631
01431914307092	74578.870161	W	0.412438
01431922225900	74579.282599	S	0.782091
01431937242052	74580.064690	W	0.023959
01431937702072	74580.088650	S	0.061897
01431938890488	74580.150546	W	0.037998
01431939620056	74580.188545	S	1.241637
01431963459480	74581.430181	W	0.077340
01431964944404	74581.507521	S	1.202623
01431988034768	74582.710144	W	0.077315
01431989519212	74582.787459	S	0.347336
01431996188068	74583.134795	W	15.029282
01432284750288	74598.164077	S	0.624810
01432296746644	74598.788888	W	0.023447
01432297196828	74598.812335	S	0.537770
01432307522020	74599.350105	W	0.055031
01432308578620	74599.405136	S	0.397589
01432316212324	74599.802725	W	0.032940
01432316844772	74599.835665	S	0.401898
01432324561208	74600.237563	W	0.014494
01432324839488	74600.252057	S	0.378050
01432332098056	74600.630107	W	0.047202
01432333004340	74600.677309	S	0.138408
01432335661780	74600.815718	W	0.014844
01432335946776	74600.830561	S	0.002210
01432335989212	74600.832771	W	0.014679
01432336271056	74600.847451	S	0.986751
01432355216672	74601.834202	W	0.016094
01432355525676	74601.850296	S	0.070130
01432356872180	74601.920426	W	0.018633
01432357229928	74601.939059	S	0.901717
01432374542904	74602.840776	W	0.030136
01432375121508	74602.870912	S	0.329197
01432381442088	74603.200109	W	0.018872
01432381804432	74603.218981	S	0.213276
01432385899340	74603.432257	W	0.014737
01432386182296	74603.446995	S	0.412669
01432394105536	74603.859663	W	0.023041
01432394547928	74603.882705	S	0.597381
01432406017636	74604.480085	W	0.018736
01432406377360	74604.498821	S	0.373838
01432413555048	74604.872659	W	0.024424
01432414023980	74604.897082	S	0.853011
01432430401792	74605.750093	W	0.037083
01432431113784	74605.787176	S	0.088053
01432432804396	74605.875229	W	0.048963
01432433744492	74605.924192	S	0.974008
01432452445452	74606.898201	W	0.022549
01432452878400	74606.920750	S	0.109329
01432454977508	74607.030079	W	0.037131
01432455690416	74607.067209	S	1.252830
01432479744744	74608.320039	W	0.018820
01432480106084	74608.338859	S	0.564083
01432490936476	74608.902941	W	0.014897
01432491222500	74608.917839	S	0.672226
01432504129244	74609.590065	W	0.037155
01432504842616	74609.627220	S	0.952712
01432523134680	74610.579931	W	0.016978
01432523460664	74610.596910	S	0.283133
01432528896816	74610.880042	W	0.018861
01432529258940	74610.898903	S	1.026240
01432548962756	74611.925144	W	0.023361
01432549411280	74611.948504	S	0.211532
01432553472696	74612.160036	W	0.018910
01432553835764	74612.178946	S	1.261088
01432578048660	74613.440034	W	0.018841
01432578410404	74613.458875	S	1.251171
01432602432892	74614.710046	W	0.037064
01432603144520	74614.747110	S	0.202409
01432607030780	74614.949520	W	0.014768
01432607314324	74614.964288	S	1.035753
01432627200784	74616.000041	W	0.021875
01432627620788	74616.021916	S	1.258104
01432651776384	74617.280020	W	0.018747
01432652136324	74617.298767	S	0.673377
01432665065168	74617.972144	W	0.022373
01432665494736	74617.994518	S	0.555513
01432676160588	74618.550031	W	0.037198
01432676874792	74618.587229	S	1.252771
01432700927996	74619.840000	W	0.018865
01432701290196	74619.858864	S	0.141902
01432704014724	74620.000767	W	0.014296
01432704289200	74620.015062	S	0.984667
01432723194808	74620.999730	W	0.014740
01432723477820	74621.014470	S	0.095541
01432725312216	74621.110011	W	0.037159
01432726025668	74621.147170	S	1.252834
01432750080072	74622.400004	W	0.054100
01432751118800	74622.454104	S	1.215895
01432774463976	74623.669999	W	0.047202
01432775370248	74623.717200	S	0.308880
01432781300752	74624.026081	W	0.014979
01432781588340	74624.041059	S	0.918951
01432799232204	74624.960011	W	0.018882
01432799594732	74624.978892	S	1.261072
01432823807320	74626.239965	W	0.018916
01432824170516	74626.258881	S	0.501236
01432833794256	74626.760118	W	0.015119
01432834084540	74626.775236	S	0.274611
01432839357080	74627.049848	W	0.030298
01432839938804	74627.080146	S	0.145686
01432842735984	74627.225833	W	0.064998
01432843983940	74627.290830	S	0.229158
01432848383780	74627.519989	W	0.018970
01432848748012	74627.538959	S	0.040368
01432849523080	74627.579327	W	0.014296
01432849797556	74627.593623	S	0.394477
01432857371516	74627.988100	W	0.014433
01432857648632	74628.002533	S	0.797462
01432872959908	74628.799995	W	0.018845
01432873321732	74628.818840	S	1.253179
01432897382764	74630.072019	W	0.026886
01432897898980	74630.098905	S	1.261051
01432922111152	74631.359956	W	0.018758
01432922471312	74631.378714	S	1.261237
01432946687064	74632.639951	W	0.018940
01432947050704	74632.658891	S	0.431610
01432955337616	74633.090501	W	0.015204
01432955629528	74633.105705	S	0.814254
01432971263212	74633.919959	W	0.018765
01432971623496	74633.938724	S	1.261247
01432995839440	74635.199971	W	0.054097
01432996878104	74635.254068	S	0.858775
01433013366580	74636.112843	W	0.014790
01433013650544	74636.127633	S	0.156736
01433016659868	74636.284368	W	0.022218
01433017086444	74636.306586	S	0.083211
01433018684096	74636.389797	W	0.013630
01433018945784	74636.403426	S	0.066854
01433020229380	74636.470280	W	0.046775
01433021127456	74636.517055	S	0.380938
01433028441472	74636.897993	W	0.019547
01433028816780	74636.917541	S	0.842418
01433044991212	74637.759959	W	0.018878
01433045353668	74637.778837	S	1.261093
01433069566648	74639.039930	W	0.018871
01433069928980	74639.058801	S	0.077128
01433071409836	74639.135929	W	0.023181
01433071854916	74639.159110	S	1.160826
01433094142768	74640.319936	W	0.018819
01433094504096	74640.338755	S	1.261164
01433118718444	74641.599919	W	0.018843
01433119080224	74641.618762	S	0.541750
01433129481832	74642.160512	W	0.014836
01433129766684	74642.175348	S	0.694592
01433143102848	74642.869940	W	0.037036
01433143813948	74642.906976	S	0.228594
01433148202952	74643.135570	W	0.001147
01433148224980	74643.136718	S	1.023161
01433167869672	74644.159879	W	0.018852
01433168231632	74644.178731	S	1.002442
01433187478516	74645.181173	W	0.014866
01433187763940	74645.196039	S	0.243902
01433192446860	74645.439941	W	0.018875
01433192809260	74645.458816	S	1.261074
01433217021872	74646.719889	W	0.018870
01433217384184	74646.738760	S	1.261123
01433241597744	74647.999882	W	0.018947
01433241961524	74648.018829	S	0.186838
01433245548816	74648.205668	W	0.014873
01433245834368	74648.220540	S	1.059357
01433266174020	74649.279897	W	0.018870
01433266536324	74649.298767	S	0.193509
01433270251704	74649.492276	W	0.014206
01433270524464	74649.506483	S	0.004168
01433270604496	74649.510651	W	0.014807
01433270888800	74649.525458	S	0.172173
01433274194520	74649.697631	W	0.014322
01433274469508	74649.711954	S	0.246377
01433279199940	74649.958330	W	0.088386
01433280896944	74650.046716	S	0.059610
01433282041464	74650.106326	W	0.085788
01433283688592	74650.192114	S	0.016636
01433284008012	74650.208751	W	0.086080
01433285660752	74650.294831	S	0.222177
01433289926560	74650.517008	W	0.013642
01433290188488	74650.530650	S	0.029569
01433290756208	74650.560219	W	0.018275
01433291107092	74650.578494	S	0.347250
01433297774292	74650.925744	W	0.014277
01433298048416	74650.940022	S	0.290791
01433303631612	74651.230813	W	0.013092
01433303882972	74651.243905	S	0.596003
01433315326236	74651.839908	W	0.021842
01433315745608	74651.861750	S	1.258113
01433339901376	74653.119863	W	0.018975
01433340265700	74653.138839	S	1.116272
01433361698128	74654.255111	W	0.014964
01433361985444	74654.270075	S	0.129809
01433364477784	74654.399885	W	0.018916
01433364840976	74654.418801	S	0.723976
01433378741308	74655.142776	W	0.238367
01433383317960	74655.381144	S	0.014016
01433383587072	74655.395160	W	0.065197
01433384838852	74655.460357	S	0.219512
01433389053476	74655.679869	W	0.018876
01433389415896	74655.698745	S	0.756372
01433403938232	74656.455116	W	0.037646
01433404661028	74656.492762	S	0.467097
01433413629300	74656.959859	W	0.018235
01433413979408	74656.978094	S	0.302921
01433419795484	74657.281015	W	0.022951
01433420236140	74657.303966	S	0.935887
01433438205168	74658.239853	W	0.018933
01433438568688	74658.258786	S	0.551509
01433449157664	74658.810295	W	0.037330
01433449874408	74658.847625	S	0.672235
01433462781320	74659.519860	W	0.018219
01433463131124	74659.538079	S	0.726086
01433477071972	74660.264165	W	0.102119
01433479032652	74660.366284	S	0.082441
01433480615512	74660.448725	W	0.087580
01433482297044	74660.536304	S	0.263540
01433487357016	74660.799845	W	0.018288
01433487708148	74660.818133	S	0.554411
01433498352840	74661.372544	W	0.015264
01433498645900	74661.387807	S	0.692025
01433511932776	74662.079832	W	0.018906
01433512295772	74662.098738	S	1.225555
01433535826432	74663.324293	W	0.015612
01433536126188	74663.339906	S	0.005457
01433536230968	74663.345363	W	1.741003
01433569658216	74665.086365	S	0.070398
01433571009852	74665.156763	W	0.001717
01433571042812	74665.158480	S	0.761337
01433585660476	74665.919816	W	0.018710
01433586019716	74665.938527	S	0.402715
01433593751844	74666.341242	W	0.022235
01433594178748	74666.363476	S	0.836369
01433610237032	74667.199845	W	0.021698
01433610653632	74667.221543	S	1.248250
01433634620028	74668.469793	W	0.037998
01433635349592	74668.507791	S	0.440686
01433643810756	74668.948477	W	0.037621
01433644533080	74668.986098	S	0.383725
01433651900600	74669.369823	W	0.023443
01433652350708	74669.393266	S	0.356546
01433659196400	74669.749812	W	0.037150
01433659909676	74669.786962	S	0.100129
01433661832152	74669.887091	W	0.014763
01433662115604	74669.901854	S	0.011918
01433662344428	74669.913772	W	0.001214
01433662367744	74669.914987	S	1.114805
01433683772008	74671.029792	W	0.037221
01433684486660	74671.067014	S	1.242785
01433708348132	74672.309799	W	0.055199
01433709407960	74672.364998	S	0.033236
01433710046096	74672.398234	W	0.014779
01433710329852	74672.413013	S	0.722817
01433724207932	74673.135830	W	10.013550
01433916468092	74683.149380	S	0.373120
01433923631992	74683.522500	W	0.016162
01433923942300	74683.538661	S	0.291089
01433929531204	74683.829750	W	0.037199
01433930245424	74683.866949	S	0.640491
01433942542848	74684.507440	W	0.024017
01433943003968	74684.531457	S	0.578302
01433954107364	74685.109759	W	0.037224
01433954822072	74685.146983	S	1.252741
01433978874692	74686.399724	W	0.018861
01433979236832	74686.418585	S	1.116094
01434000665840	74687.534679	W	0.014890
01434000951720	74687.549569	S	0.130168
01434003450948	74687.679737	W	0.018830
01434003812488	74687.698567	S	0.307767
01434009721612	74688.006334	W	0.001180
01434009744264	74688.007514	S	0.952195
01434028026416	74688.959709	W	0.018928
01434028389840	74688.978637	S	1.251073
01434052410432	74690.229710	W	0.055172
01434053469728	74690.284882	S	0.226568
01434057819828	74690.511449	W	0.062635
01434059022420	74690.574084	S	0.935639
01434076986688	74691.509723	W	0.047225
01434077893408	74691.556948	S	1.232760
01434101562392	74692.789708	W	0.047229
01434102469188	74692.836937	S	0.746384
01434116799756	74693.583321	W	0.023203
01434117245260	74693.606524	S	0.463198
01434126138660	74694.069722	W	0.037240
01434126853660	74694.106961	S	1.242723
01434150713944	74695.349685	W	0.037199
01434151428164	74695.386884	S	1.230781
01434175059160	74696.617665	W	0.067257
01434176350500	74696.684922	S	1.224756
01434199865808	74697.909678	W	0.038242
01434200600060	74697.947920	S	1.241740
01434224441468	74699.189660	W	0.047163
01434225346996	74699.236823	S	0.408301
01434233186372	74699.645124	W	0.023096
01434233629824	74699.668220	S	0.801505
01434249018728	74700.469725	W	0.047157
01434249924152	74700.516883	S	0.688371
01434263140872	74701.205254	W	0.014424
01434263417812	74701.219678	S	0.394513
01434270992460	74701.614191	W	0.014354
01434271268056	74701.628545	S	0.121134
01434273593820	74701.749678	W	0.047226
01434274500568	74701.796905	S	0.227386
01434278866384	74702.024291	W	0.014466
01434279144128	74702.038757	S	0.394700
01434286722360	74702.433456	W	0.014210
01434286995184	74702.447666	S	0.227708
01434291367180	74702.675374	W	0.014947
01434291654160	74702.690321	S	0.339337
01434298169428	74703.029658	W	0.047174
01434299075160	74703.076831	S	1.232810
01434322745104	74704.309641	W	0.037284
01434323460948	74704.346924	S	0.133848
01434326030832	74704.480772	W	0.037554
01434326751868	74704.518326	S	0.065143
01434328002620	74704.583470	W	0.014166
01434328274608	74704.597636	S	0.702400
01434341760692	74705.300036	W	0.027510
01434342288876	74705.327546	S	0.262111
01434347321404	74705.589656	W	0.037175
01434348035168	74705.626832	S	0.076427
01434349502576	74705.703259	W	0.023565
01434349955028	74705.726824	S	0.392659
01434357494076	74706.119483	W	0.014319
01434357768992	74706.133802	S	0.294197
01434363417576	74706.427999	W	0.019862
01434363798920	74706.447860	S	0.421802
01434371897516	74706.869662	W	0.037140
01434372610604	74706.906802	S	0.033700
01434373257648	74706.940503	W	0.020084
01434373643252	74706.960586	S	0.183051
01434377157836	74707.143637	W	0.024502
01434377628276	74707.168139	S	0.981479
01434396472676	74708.149619	W	0.046241
01434397360500	74708.195859	S	0.534412
01434407621220	74708.730272	W	0.014922
01434407907720	74708.745194	S	0.684469
01434421049528	74709.429663	W	0.038250
01434421783932	74709.467913	S	1.251686
01434445816296	74710.719599	W	0.053949
01434446852116	74710.773548	S	0.983930
01434465743572	74711.757478	W	0.022667
01434466178780	74711.780145	S	0.209488
01434470200956	74711.989633	W	0.038209
01434470934560	74712.027842	S	1.241745
01434494776072	74713.269587	W	0.046149
01434495662128	74713.315736	S	1.200514
01434518711988	74714.516249	W	0.080640
01434520260280	74714.596890	S	0.021507
01434520673220	74714.618397	W	0.087410
01434522351488	74714.705807	S	0.002880
01434522406792	74714.708687	W	0.094510
01434524221388	74714.803197	S	0.122421
01434526571868	74714.925618	W	0.158421
01434529613548	74715.084039	S	0.046417
01434530504752	74715.130456	W	0.143306
01434533256236	74715.273762	S	0.014232
01434533529484	74715.287994	W	0.090884
01434535274452	74715.378878	S	0.014223
01434535547540	74715.393101	W	0.095264
01434537376608	74715.488365	S	0.014526
01434537655512	74715.502891	W	0.108606
01434539740740	74715.611497	S	0.014222
01434540013796	74715.625719	W	0.102169
01434541975448	74715.727888	S	0.014292
01434542249860	74715.742180	W	0.274895
01434547527852	74716.017076	S	0.113541
01434549707840	74716.130617	W	0.204590
01434553635976	74716.335207	S	0.014177
01434553908172	74716.349384	W	0.067555
01434555205224	74716.416939	S	0.702649
01434568696076	74717.119587	W	0.018322
01434569047856	74717.137909	S	0.652947
01434581584440	74717.790856	W	0.013094
01434581835844	74717.803950	S	0.595692
01434593273140	74718.399643	W	0.053971
01434594309380	74718.453614	S	1.202499
01434617397352	74719.656112	W	0.109777
01434619505064	74719.765889	S	0.401389
01434627211732	74720.167278	W	0.238272
01434631786556	74720.405550	S	0.014165
01434632058528	74720.419715	W	0.065142
01434633309256	74720.484857	S	0.329808
01434639641568	74720.814665	W	0.014901
01434639927660	74720.829566	S	0.130030
01434642424244	74720.959596	W	0.018868
01434642786508	74720.978464	S	0.209359
01434646806204	74721.187823	W	0.106321
01434648847560	74721.294144	S	0.082714
01434650435672	74721.376858	W	0.087786
01434652121172	74721.464644	S	0.744084
01434666407580	74722.208728	W	0.014395
01434666683972	74722.223124	S	0.016797
01434667006476	74722.239921	W	0.018512
01434667361908	74722.258433	S	0.874694
01434684156032	74723.133127	W	7.019151
01434818923724	74730.152277	S	0.152388
01434821849568	74730.304665	W	0.014870
01434822135072	74730.319535	S	0.870012
01434838839312	74731.189548	W	0.047166
01434839744892	74731.236713	S	0.078676
01434841255468	74731.315389	W	0.022543
01434841688300	74731.337932	S	0.893784
01434858848952	74732.231716	W	0.014379
01434859125032	74732.246095	S	0.081873
01434860696988	74732.327968	W	0.014855
01434860982196	74732.342823	S	0.126777
01434863416320	74732.469600	W	0.047145
01434864321496	74732.516745	S	0.227001
01434868679924	74732.743746	W	0.014361
01434868955656	74732.758107	S	0.158186
01434871992836	74732.916294	W	0.022144
01434872417996	74732.938437	S	0.215697
01434876559388	74733.154135	W	0.014404
01434876835944	74733.168539	S	0.171425
01434880127304	74733.339964	W	0.022772
01434880564524	74733.362736	S	0.200000
01434884404524	74733.562736	W	0.014348
01434884680000	74733.577083	S	0.172457
01434887991168	74733.749540	W	0.055179
01434889050608	74733.804719	S	0.548340
01434899578736	74734.353059	W	0.029769
01434900150304	74734.382828	S	0.646689
01434912566740	74735.029518	W	0.047104
01434913471144	74735.076622	S	0.293794
01434919111984	74735.370416	W	0.022507
01434919544112	74735.392923	S	0.549758
01434930099460	74735.942680	W	0.014789
01434930383412	74735.957469	S	0.352060
01434937142964	74736.309529	W	0.037215
01434937857500	74736.346745	S	0.037076
01434938569368	74736.383821	W	0.022709
01434939005380	74736.406530	S	0.330351
01434945348116	74736.736881	W	0.027371
01434945873632	74736.764252	S	0.633078
01434958028724	74737.397329	W	0.023707
01434958483900	74737.421036	S	0.168474
01434961718600	74737.589510	W	0.037174
01434962432336	74737.626684	S	0.786011
01434977523748	74738.412695	W	0.023258
01434977970292	74738.435953	S	0.433563
01434986294700	74738.869516	W	0.037156
01434987008096	74738.906672	S	0.056891
01434988100412	74738.963563	W	0.014758
01434988383772	74738.978321	S	0.449123
01434997006940	74739.427445	W	0.023238
01434997453116	74739.450683	S	0.698826
01435010870568	74740.149509	W	0.055089
01435011928276	74740.204598	S	0.237604
01435016490264	74740.442201	W	0.014810
01435016774620	74740.457011	S	0.972485
01435035446324	74741.429496	W	0.037475
01435036165836	74741.466971	S	0.523569
01435046218352	74741.990539	W	0.014978
01435046505928	74742.005517	S	0.458122
01435055301872	74742.463639	W	0.023204
01435055747388	74742.486843	S	0.232661
01435060214484	74742.719504	W	0.053899
01435061249340	74742.773403	S	1.216087
01435084598208	74743.989490	W	0.047239
01435085505204	74744.036729	S	0.979665
01435104314764	74745.016394	W	0.014878
01435104600424	74745.031272	S	0.238234
01435109174524	74745.269506	W	0.046209
01435110061736	74745.315715	S	0.125565
01435112472580	74745.441280	W	0.014315
01435112747428	74745.455595	S	0.088145
01435114439816	74745.543740	W	0.014384
01435114715980	74745.558124	S	0.991345
01435133749812	74746.549469	W	0.047196
01435134655980	74746.596666	S	1.242794
01435158517624	74747.839460	W	0.045041
01435159382416	74747.884501	S	0.155845
01435162374648	74748.040346	W	0.022302
01435162802852	74748.062649	S	1.046809
01435182901580	74749.109457	W	0.047204
01435183807900	74749.156661	S	1.232802
01435207477692	74750.389463	W	0.038260
01435208212280	74750.427723	S	0.644504
01435220586748	74751.072226	W	0.013196
01435220840120	74751.085423	S	0.584041
01435232053708	74751.669464	W	0.047207
01435232960084	74751.716671	S	1.232796
01435256629768	74752.949467	W	0.047118
01435257534440	74752.996585	S	1.101809
01435278689180	74754.098395	W	0.014996
01435278977096	74754.113390	S	0.126059
01435281397432	74754.239450	W	0.018861
01435281759560	74754.258310	S	0.763684
01435296422288	74755.021994	W	0.072790
01435297819848	74755.094784	S	0.424651
01435305973156	74755.519435	W	0.018150
01435306321628	74755.537585	S	1.251842
01435330356988	74756.789426	W	0.047238
01435331263964	74756.836665	S	0.295345
01435336934588	74757.132010	W	0.022471
01435337366024	74757.154480	S	0.914975
01435354933544	74758.069455	W	0.047142
01435355838672	74758.116598	S	1.242807
01435379700560	74759.359404	W	0.018955
01435380064488	74759.378359	S	0.780379
01435395047756	74760.158737	W	0.014891
01435395333664	74760.173628	S	0.465798
01435404276980	74760.639426	W	0.018950
01435404640824	74760.658376	S	1.261024
01435428852484	74761.919400	W	0.018780
01435429213060	74761.938180	S	1.246149
01435453139128	74763.184330	W	0.033912
01435453790244	74763.218242	S	1.067675
01435474289612	74764.285917	W	0.222434
01435478560340	74764.508351	S	1.251043
01435502580356	74765.759394	W	0.018802
01435502941360	74765.778196	S	0.436798
01435511327888	74766.214994	W	0.014889
01435511613760	74766.229883	S	0.799541
01435526964948	74767.029424	W	0.047133
01435527869892	74767.076557	S	1.232836
01435551540340	74768.309393	W	0.037187
01435552254332	74768.346580	S	0.899705
01435569528668	74769.246285	W	0.015069
01435569817988	74769.261354	S	0.338045
01435576308456	74769.599399	W	0.021062
01435576712840	74769.620460	S	0.005206
01435576812788	74769.625666	W	0.014848
01435577097868	74769.640514	S	0.494207
01435586586648	74770.134721	W	5.015367
01435682881696	74775.150088	S	0.152637
01435685812320	74775.302725	W	0.014977
01435686099872	74775.317702	S	0.681651
01435699187568	74775.999353	W	0.018889
01435699550240	74776.018242	S	1.261095
01435723763268	74777.279337	W	0.018650
01435724121348	74777.297987	S	1.031116
01435743918780	74778.329103	W	0.015040
01435744207548	74778.344143	S	0.215206
01435748339512	74778.559350	W	0.018856
01435748701552	74778.578206	S	0.963282
01435767196560	74779.541487	W	0.019924
01435767579104	74779.561412	S	0.267943
01435772723616	74779.829355	W	0.037182
01435773437504	74779.866537	S	0.187151
01435777030800	74780.053687	W	0.019021
01435777396012	74780.072709	S	1.036640
01435797299496	74781.109349	W	0.037182
01435798013388	74781.146531	S	0.208204
01435802010908	74781.354735	W	0.014869
01435802296388	74781.369604	S	1.019721
01435821875028	74782.389324	W	0.047253
01435822782288	74782.436578	S	1.242721
01435846642532	74783.679299	W	0.054088
01435847681028	74783.733387	S	0.648749
01435860137008	74784.382136	W	0.014835
01435860421848	74784.396971	S	0.552344
01435871026848	74784.949315	W	0.047191
01435871932924	74784.996506	S	0.040465
01435872709852	74785.036971	W	0.052491
01435873717680	74785.089462	S	1.149845
01435895794696	74786.239307	W	0.018334
01435896146704	74786.257641	S	1.150298
01435918232424	74787.407939	W	0.015322
01435918526612	74787.423261	S	0.096050
01435920370768	74787.519311	W	0.018989
01435920735364	74787.538300	S	0.213690
01435924838220	74787.751991	W	0.014798
01435925122340	74787.766789	S	1.022529
01435944754888	74788.789317	W	0.037197
01435945469072	74788.826514	S	1.169644
01435967926244	74789.996159	W	0.118251
01435970196672	74790.114410	S	0.320703
01435976354168	74790.435113	W	0.023661
01435976808468	74790.458774	S	0.900505
01435994098164	74791.359279	W	0.018795
01435994459020	74791.378074	S	1.251189
01436018481848	74792.629263	W	0.037226
01436019196588	74792.666489	S	0.796494
01436034489280	74793.462983	W	0.013797
01436034754188	74793.476781	S	0.432548
01436043059112	74793.909329	W	0.037174
01436043772860	74793.946503	S	0.749538
01436058163988	74794.696041	W	0.023234
01436058610080	74794.719275	S	0.180949
01436062084304	74794.900224	W	0.027301
01436062608492	74794.927526	S	0.271737
01436067825836	74795.199262	W	0.018903
01436068188768	74795.218165	S	1.261077
01436092401448	74796.479242	W	0.025266
01436092886560	74796.504508	S	1.254735
01436116977472	74797.759243	W	0.018903
01436117340408	74797.778146	S	0.398819
01436124997728	74798.176965	W	0.027569
01436125527056	74798.204534	S	0.834718
01436141553644	74799.039252	W	0.018336
01436141905692	74799.057588	S	0.455642
01436150654024	74799.513230	W	0.015031
01436150942612	74799.528261	S	0.791006
01436166129928	74800.319267	W	0.021831
01436166549076	74800.341098	S	1.258140
01436190705356	74801.599237	W	0.018989
01436191069940	74801.618226	S	0.655453
01436203654632	74802.273679	W	0.014363
01436203930396	74802.288041	S	0.251047
01436208750504	74802.539089	W	0.022684
01436209186040	74802.561773	S	0.317473
01436215281520	74802.879246	W	0.018738
01436215641284	74802.897984	S	0.911018
01436233132828	74803.809001	W	0.027399
01436233658884	74803.836400	S	0.322835
01436239857324	74804.159236	W	0.018271
01436240208124	74804.177506	S	1.261708
01436264432924	74805.439215	W	0.018760
01436264793116	74805.457975	S	0.110166
01436266908304	74805.568141	W	0.014889
01436267194168	74805.583030	S	1.136208
01436289009352	74806.719237	W	0.018844
01436289371156	74806.738081	S	1.261130
01436313584844	74807.999211	W	0.018816
01436313946116	74808.018027	S	0.581183
01436325104828	74808.599210	W	0.022570
01436325538180	74808.621780	S	0.657442
01436338161064	74809.279222	W	0.018883
01436338523616	74809.298105	S	1.261094
01436362736612	74810.559199	W	0.018859
01436363098704	74810.578057	S	1.051383
01436383285260	74811.629441	W	0.023038
01436383727592	74811.652479	S	0.186731
01436387312820	74811.839209	W	0.018975
01436387677132	74811.858184	S	1.166809
01436410079860	74813.024993	W	0.026147
01436410581876	74813.051139	S	0.068406
01436411895280	74813.119546	W	0.018417
01436412248896	74813.137963	S	1.261229
01436436464492	74814.399192	W	0.018481
01436436819324	74814.417673	S	0.239818
01436441423836	74814.657491	W	0.023522
01436441875464	74814.681014	S	0.370823
01436448995264	74815.051837	W	0.040511
01436449773076	74815.092348	S	0.041353
01436450567060	74815.133701	W	6.017723
01436566107344	74821.151424	S	0.927731
01436583919784	74822.079155	W	0.018907
01436584282796	74822.098062	S	0.655372
01436596865936	74822.753434	W	0.014380
01436597142036	74822.767814	S	0.591357
01436608496088	74823.359171	W	0.018751
01436608856112	74823.377923	S	0.037333
01436609572900	74823.415255	W	0.126767
01436612006828	74823.542022	S	0.014177
01436612279032	74823.556200	W	0.073491
01436613690064	74823.629691	S	0.110512
01436615811892	74823.740203	W	0.022119
01436616236576	74823.762322	S	0.876824
01436633071604	74824.639146	W	0.018301
01436633422984	74824.657447	S	1.251689
01436657455416	74825.909136	W	0.037234
01436658170312	74825.946370	S	0.821379
01436673940796	74826.767750	W	0.014737
01436674223748	74826.782487	S	0.416661
01436682223648	74827.199148	W	0.018908
01436682586684	74827.218056	S	1.236791
01436706333064	74828.454847	W	0.310991
01436712304096	74828.765838	S	0.993292
01436731375308	74829.759131	W	0.054881
01436732429016	74829.814011	S	1.215112
01436755759168	74831.029123	W	0.047176
01436756664944	74831.076299	S	1.232819
01436780335064	74832.309118	W	0.046219
01436781222476	74832.355337	S	0.463844
01436790128280	74832.819181	W	0.014887
01436790414108	74832.834068	S	0.742152
01436804663420	74833.576220	W	0.087822
01436806349604	74833.664042	S	0.045848
01436807229892	74833.709890	W	0.087199
01436808904116	74833.797089	S	1.072060
01436829487660	74834.869149	W	0.047185
01436830393604	74834.916334	S	0.841914
01436846558344	74835.758247	W	0.022150
01436846983632	74835.780397	S	0.061758
01436848169384	74835.842155	W	0.015256
01436848462304	74835.857412	S	0.291678
01436854062524	74836.149090	W	0.047288
01436854970456	74836.196378	S	1.242696
01436878830228	74837.439074	W	0.045188
01436879697832	74837.484262	S	1.224808
01436903214152	74838.709070	W	0.047204
01436904120468	74838.756274	S	0.111751
01436906266096	74838.868026	W	0.023428
01436906715920	74838.891454	S	1.097681
01436927791396	74839.989135	W	0.047126
01436928696224	74840.036262	S	1.232808
01436952366144	74841.269070	W	0.037254
01436953081424	74841.306324	S	0.589956
01436964408584	74841.896280	W	0.022904
01436964848336	74841.919184	S	0.392549
01436972385268	74842.311733	W	0.014472
01436972663132	74842.326205	S	0.222878
01436976942380	74842.549082	W	0.037257
01436977657720	74842.586340	S	1.252708
01437001709708	74843.839047	W	0.018787
01437002070420	74843.857834	S	1.064255
01437022504124	74844.922090	W	0.014851
01437022789260	74844.936941	S	0.172129
01437026094140	74845.109070	W	0.037232
01437026808996	74845.146302	S	1.252730
01437050861404	74846.399031	W	0.018746
01437051221324	74846.417777	S	1.251260
01437075245508	74847.669037	W	0.037192
01437075959588	74847.706229	S	0.239493
01437080557856	74847.945722	W	0.023440
01437081007908	74847.969162	S	0.979895
01437099821900	74848.949057	W	0.037158
01437100535328	74848.986215	S	0.205943
01437104489440	74849.192158	W	0.014675
01437104771204	74849.206834	S	1.032216
01437124589748	74850.239049	W	0.018725
01437124949260	74850.257774	S	0.716112
01437138698612	74850.973886	W	0.014918
01437138985044	74850.988804	S	0.002553
01437139034060	74850.991357	W	0.014733
01437139316928	74851.006090	S	0.502949
01437148973540	74851.509039	W	0.037245
01437149688636	74851.546283	S	1.252740
01437173741244	74852.799023	W	0.018745
01437174101152	74852.817768	S	0.759312
01437188679952	74853.577081	W	0.019524
01437189054816	74853.596605	S	0.414294
01437197009256	74854.010899	W	0.014297
01437197283756	74854.025196	S	0.054165
01437198323720	74854.079360	W	0.022586
01437198757368	74854.101946	S	0.092435
01437200532120	74854.194381	W	0.014599
01437200812424	74854.208980	S	1.150073
01437222893820	74855.359053	W	0.021851
01437223313368	74855.380905	S	0.371165
01437230439736	74855.752070	W	0.104102
01437232438492	74855.856171	S	0.074680
01437233872344	74855.930851	W	0.188403
01437237489688	74856.119255	S	0.016278
01437237802228	74856.135533	W	0.122237
01437240149172	74856.257769	S	0.184969
01437243700584	74856.442739	W	0.122147
01437246045804	74856.564886	S	0.074149
01437247469464	74856.639035	W	0.186674
01437251053608	74856.825709	S	0.026601
01437251564356	74856.852310	W	0.086118
01437253217820	74856.938428	S	0.014278
01437253491956	74856.952706	W	0.065240
01437254744564	74857.017946	S	0.020357
01437255135412	74857.038303	W	0.561274
01437265911872	74857.599577	S	0.014200
01437266184512	74857.613777	W	0.098603
01437268077688	74857.712380	S	0.014347
01437268353152	74857.726727	W	0.337920
01437274841224	74858.064647	S	1.124349
01437296428732	74859.188996	W	0.037164
01437297142280	74859.226160	S	0.838370
01437313238988	74860.064531	W	0.014908
01437313525228	74860.079439	S	0.399568
01437321196932	74860.479007	W	0.018839
01437321558648	74860.497846	S	0.470076
01437330584100	74860.967922	W	0.110526
01437332706196	74861.078448	S	0.055654
01437333774752	74861.134102	W	8.034121
01437488029872	74869.168222	S	0.270738
01437493228032	74869.438960	W	0.018829
01437493589556	74869.457789	S	0.131006
01437496104868	74869.588795	W	0.014831
01437496389616	74869.603626	S	0.996914
01437515530368	74870.600540	W	0.015035
01437515819036	74870.615575	S	0.103379
01437517803920	74870.718954	W	0.018881
01437518166436	74870.737835	S	0.873413
01437534935956	74871.611248	W	0.022712
01437535372032	74871.633960	S	0.364986
01437542379764	74871.998946	W	0.018832
01437542741348	74872.017779	S	0.154131
01437545700656	74872.171909	W	0.014711
01437545983112	74872.186620	S	0.438141
01437554395416	74872.624761	W	0.023760
01437554851604	74872.648521	S	0.630423
01437566955732	74873.278944	W	0.054123
01437567994892	74873.333067	S	0.307756
01437573903812	74873.640824	W	0.014935
01437574190560	74873.655758	S	0.002337
01437574235428	74873.658095	W	0.014662
01437574516932	74873.672757	S	0.876173
01437591339460	74874.548930	W	0.038236
01437592073592	74874.587166	S	0.073219
01437593479404	74874.660386	W	0.029779
01437594051168	74874.690165	S	0.502838
01437603705664	74875.193003	W	0.014739
01437603988660	74875.207743	S	0.469312
01437612999448	74875.677055	W	0.028898
01437613554284	74875.705952	S	0.122973
01437615915360	74875.828925	W	0.037257
01437616630688	74875.866182	S	0.032662
01437617257804	74875.898844	W	0.014297
01437617532300	74875.913141	S	0.779689
01437632502320	74876.692829	W	0.025271
01437632987528	74876.718100	S	0.400829
01437640683440	74877.118929	W	0.018905
01437641046412	74877.137834	S	0.569992
01437651990256	74877.707826	W	0.024710
01437652464684	74877.732536	S	0.485527
01437661786796	74878.218062	W	0.014798
01437662070912	74878.232860	S	0.156082
01437665067680	74878.388942	W	0.047103
01437665972056	74878.436045	S	0.288244
01437671506332	74878.724288	W	0.014822
01437671790908	74878.739110	S	0.939803
01437689835124	74879.678913	W	0.018787
01437690195840	74879.697700	S	0.039045
01437690945512	74879.736745	W	0.024022
01437691406744	74879.760768	S	0.988118
01437710378616	74880.748886	W	0.022663
01437710813748	74880.771549	S	0.187357
01437714411004	74880.958906	W	0.018845
01437714772828	74880.977751	S	0.268095
01437719920252	74881.245846	W	0.014988
01437720208028	74881.260835	S	0.501448
01437729835824	74881.762282	W	0.024113
01437730298800	74881.786396	S	0.442522
01437738795224	74882.228918	W	0.037166
01437739508820	74882.266084	S	0.508206
01437749266384	74882.774291	W	0.022222
01437749693052	74882.796513	S	0.722364
01437763562444	74883.518877	W	0.018868
01437763924712	74883.537745	S	0.249361
01437768712452	74883.787107	W	0.023043
01437769154868	74883.810149	S	0.463030
01437778045036	74884.273179	W	0.022450
01437778476076	74884.295629	S	0.503245
01437788138372	74884.798874	W	0.018843
01437788500164	74884.817717	S	0.297127
01437794204996	74885.114844	W	0.037665
01437794928160	74885.152508	S	0.926387
01437812714796	74886.078896	W	0.018265
01437813065480	74886.097160	S	1.200487
01437836114832	74887.297648	W	0.014572
01437836394620	74887.312220	S	0.047025
01437837297508	74887.359245	W	0.018541
01437837653492	74887.377786	S	1.251089
01437861674404	74888.628875	W	0.037271
01437862390012	74888.666146	S	1.252712
01437886442076	74889.918858	W	0.018830
01437886803604	74889.937688	S	0.391393
01437894318352	74890.329081	W	0.023886
01437894776960	74890.352967	S	0.598631
01437906270680	74890.951598	W	0.027450
01437906797712	74890.979048	S	0.219809
01437911018044	74891.198856	W	0.018856
01437911380088	74891.217713	S	1.261171
01437935594568	74892.478884	W	0.018338
01437935946664	74892.497222	S	0.863009
01437952516436	74893.360231	W	0.022284
01437952944288	74893.382515	S	0.376366
01437960170512	74893.758881	W	0.021914
01437960591268	74893.780795	S	1.248046
01437984553744	74895.028841	W	0.088081
01437986244900	74895.116922	S	1.191927
01438009129896	74896.308849	W	0.088872
01438010836236	74896.397721	S	0.494169
01438020324284	74896.891890	W	0.014211
01438020597144	74896.906101	S	0.496930
01438030138196	74897.403031	W	0.014580
01438030418124	74897.417611	S	0.181229
01438033897716	74897.598839	W	0.018919
01438034260952	74897.617758	S	1.261064
01438058473372	74898.878821	W	0.018950
01438058837220	74898.897772	S	0.520414
01438068829176	74899.418186	W	0.022963
01438069270064	74899.441149	S	0.707704
01438082857984	74900.148853	W	0.037218
01438083572572	74900.186071	S	1.252737
01438107625128	74901.438809	W	0.018949
01438107988956	74901.457758	S	0.993340
01438127061076	74902.451098	W	0.014945
01438127348012	74902.466042	S	0.252775
01438132201300	74902.718818	W	0.018751
01438132561320	74902.737569	S	1.261225
01438156776840	74903.998794	W	0.018863
01438157139004	74904.017656	S	1.261133
01438181352760	74905.278790	W	0.045057
01438182217852	74905.323846	S	0.153899
01438185172712	74905.477745	W	0.023934
01438185632248	74905.501680	S	1.047148
01438205737496	74906.548828	W	0.038194
01438206470824	74906.587022	S	1.255753
01438230581272	74907.842775	W	0.014197
01438230853860	74907.856972	S	0.649440
01438243323108	74908.506412	W	0.014756
01438243606420	74908.521168	S	0.587634
01438254889000	74909.108802	W	14.049100
01438524631728	74923.157902	S	0.030804
01438525223168	74923.188707	W	0.037163
01438525936692	74923.225869	S	0.410844
01438533824896	74923.636713	W	0.014811
01438534109268	74923.651524	S	0.273176
01438539354256	74923.924701	W	0.014493
01438539632528	74923.939194	S	0.529526
01438549799432	74924.468720	W	0.037233
01438550514296	74924.505953	S	0.205873
01438554467048	74924.711825	W	0.312163
01438560460572	74925.023988	S	0.734726
01438574567304	74925.758714	W	0.018180
01438574916360	74925.776894	S	0.881872
01438591848312	74926.658766	W	0.015101
01438592138252	74926.673867	S	0.364870
01438599143756	74927.038737	W	0.018757
01438599503896	74927.057495	S	0.657314
01438612124320	74927.714808	W	0.020567
01438612519200	74927.735375	S	0.081375
01438614081596	74927.816750	W	0.014292
01438614356004	74927.831042	S	0.396012
01438621959428	74928.227054	W	0.018462
01438622313892	74928.245515	S	0.073533
01438623725732	74928.319049	W	0.053746
01438624757652	74928.372794	S	1.215876
01438648102480	74929.588671	W	0.038322
01438648838268	74929.626993	S	0.056018
01438649913808	74929.683011	W	0.014740
01438650196808	74929.697750	S	0.134350
01438652776328	74929.832100	W	0.088602
01438654477480	74929.920702	S	0.045369
01438655348568	74929.966071	W	0.087488
01438657028332	74930.053559	S	0.825130
01438672870836	74930.878689	W	0.018158
01438673219468	74930.896847	S	1.251866
01438697255300	74932.148714	W	0.037176
01438697969072	74932.185889	S	0.520230
01438707957492	74932.706119	W	0.014841
01438708242436	74932.720960	S	0.717762
01438722023464	74933.438722	W	0.018811
01438722384636	74933.457533	S	1.251150
01438746406724	74934.708684	W	0.055117
01438747464964	74934.763800	S	0.528582
01438757613732	74935.292382	W	0.014474
01438757891628	74935.306856	S	0.393857
01438765453680	74935.700712	W	0.014372
01438765729632	74935.715085	S	0.016416
01438766044824	74935.731501	W	0.014714
01438766327336	74935.746215	S	0.242462
01438770982604	74935.988677	W	0.047158
01438771888040	74936.035835	S	1.232827
01438795558324	74937.268663	W	0.047200
01438796464556	74937.315862	S	1.242791
01438820326136	74938.558653	W	0.018846
01438820687976	74938.577499	S	0.176835
01438824083212	74938.754334	W	0.015245
01438824375912	74938.769579	S	1.059102
01438844710664	74939.828680	W	0.037189
01438845424688	74939.865869	S	1.242773
01438869285924	74941.108642	W	0.037222
01438870000584	74941.145864	S	0.641362
01438882314740	74941.787226	W	0.014773
01438882598380	74941.801999	S	0.596645
01438894053972	74942.398644	W	0.018874
01438894416360	74942.417519	S	1.261109
01438918629660	74943.678628	W	0.018869
01438918991952	74943.697498	S	1.014579
01438938471864	74944.712076	W	0.014644
01438938753020	74944.726720	S	0.007632
01438938899552	74944.734352	W	0.014618
01438939180208	74944.748969	S	0.069715
01438940518736	74944.818684	W	0.020764
01438940917396	74944.839448	S	0.080194
01438942457116	74944.919641	W	0.013795
01438942721976	74944.933436	S	0.025545
01438943212444	74944.958981	W	0.018602
01438943569600	74944.977583	S	0.349602
01438950281952	74945.327185	W	0.014448
01438950559344	74945.341632	S	0.897016
01438967782048	74946.238648	W	0.018817
01438968143336	74946.257465	S	1.261151
01438992357440	74947.518617	W	0.018877
01438992719888	74947.537494	S	0.314765
01438998763380	74947.852259	W	0.022700
01438999199228	74947.874960	S	0.923678
01439016933840	74948.798638	W	0.018883
01439017296396	74948.817521	S	1.261075
01439041509036	74950.078596	W	0.018936
01439041872608	74950.097532	S	0.777476
01439056800148	74950.875008	W	0.014924
01439057086684	74950.889931	S	0.468681
01439066085364	74951.358613	W	0.018765
01439066445656	74951.377378	S	1.014436
01439085922820	74952.391814	W	0.014612
01439086203368	74952.406425	S	0.232183
01439090661272	74952.638608	W	0.021850
01439091080796	74952.660458	S	1.238334
01439114856812	74953.898792	W	0.046972
01439115758668	74953.945764	S	1.252826
01439139812932	74955.198590	W	0.054141
01439140852432	74955.252731	S	1.215856
01439164196860	74956.468586	W	0.047201
01439165103128	74956.515788	S	0.406074
01439172899752	74956.921862	W	0.014819
01439173184280	74956.936681	S	0.811931
01439188773352	74957.748612	W	0.037194
01439189487468	74957.785806	S	1.252742
01439213540108	74959.038547	W	0.019801
01439213920292	74959.058349	S	0.889453
01439230997784	74959.947801	W	0.015220
01439231290008	74959.963021	S	0.065018
01439232538360	74960.028040	W	0.063456
01439233756724	74960.091496	S	0.217121
01439237925440	74960.308617	W	0.038176
01439238658424	74960.346793	S	1.251762
01439262692256	74961.598555	W	0.018510
01439263047648	74961.617065	S	1.251496
01439287076372	74962.868561	W	0.037156
01439287789776	74962.905718	S	0.064820
01439289034316	74962.970537	W	0.014895
01439289320296	74962.985432	S	0.149187
01439292184688	74963.134619	W	8.014342
01439446060048	74971.148961	S	0.071218
01439447427440	74971.220179	W	0.014752
01439447710684	74971.234931	S	0.022475
01439448142196	74971.257406	W	0.001191
01439448165060	74971.258597	S	0.579897
01439459299092	74971.838494	W	0.018801
01439459660064	74971.857295	S	0.192966
01439463365008	74972.050261	W	0.013220
01439463618828	74972.063481	S	0.006777
01439463748952	74972.070258	W	0.014581
01439464028908	74972.084839	S	1.023673
01439483683432	74973.108512	W	0.037205
01439484397760	74973.145717	S	1.252795
01439508451432	74974.398512	W	0.018881
01439508813940	74974.417393	S	0.655697
01439521403320	74975.073090	W	0.014779
01439521687076	74975.087869	S	0.344036
01439528292572	74975.431905	W	0.014453
01439528570060	74975.446357	S	0.232167
01439533027676	74975.678525	W	0.021829
01439533446796	74975.700354	S	1.248130
01439557410884	74976.948484	W	0.038136
01439558143092	74976.986619	S	0.288703
01439563686184	74977.275322	W	0.014355
01439563961808	74977.289677	S	0.002183
01439564003716	74977.291860	W	0.014114
01439564274700	74977.305974	S	0.791206
01439579465864	74978.097180	W	0.022453
01439579896964	74978.119634	S	0.118870
01439582179272	74978.238504	W	0.018896
01439582542076	74978.257400	S	1.251085
01439606562916	74979.508485	W	0.037224
01439607277624	74979.545710	S	1.252763
01439631330668	74980.798472	W	0.054138
01439632370124	74980.852611	S	0.272712
01439637606188	74981.125322	W	0.023003
01439638047844	74981.148325	S	0.920179
01439655715284	74982.068504	W	0.038122
01439656447236	74982.106627	S	0.902859
01439673782132	74983.009486	W	0.014493
01439674060404	74983.023979	S	0.324519
01439680291176	74983.348499	W	0.037204
01439681005496	74983.385703	S	0.770575
01439695800540	74984.156278	W	0.014879
01439696086220	74984.171157	S	0.467307
01439705058520	74984.638465	W	0.018759
01439705418696	74984.657224	S	1.261208
01439729633880	74985.918431	W	0.053996
01439730670604	74985.972427	S	1.213959
01439753978620	74987.186386	W	0.049064
01439754920652	74987.235451	S	0.771339
01439769730360	74988.006790	W	0.001217
01439769753724	74988.008006	S	0.460425
01439778593884	74988.468431	W	0.047172
01439779499588	74988.515604	S	1.232871
01439803170708	74989.748474	W	0.046129
01439804056376	74989.794603	S	0.248387
01439808825408	74990.042990	W	0.051681
01439809817676	74990.094671	S	0.118187
01439812086868	74990.212858	W	0.023552
01439812539072	74990.236410	S	0.792070
01439827746812	74991.028480	W	0.038187
01439828480004	74991.066667	S	0.749690
01439842874044	74991.816356	W	0.014464
01439843151760	74991.830821	S	0.477597
01439852321616	74992.308417	W	0.047203
01439853227908	74992.355620	S	0.883191
01439870185172	74993.238811	W	0.014920
01439870471628	74993.253731	S	0.334704
01439876897940	74993.588434	W	0.037200
01439877612188	74993.625635	S	1.252753
01439901665052	74994.878388	W	0.019795
01439902045124	74994.898184	S	1.260204
01439926241032	74996.158387	W	0.019920
01439926623488	74996.178307	S	0.087292
01439928299500	74996.265599	W	0.024133
01439928762848	74996.289732	S	1.148700
01439950817884	74997.438431	W	0.019893
01439951199824	74997.458324	S	1.260074
01439975393252	74998.718399	W	0.019811
01439975773616	74998.738209	S	0.556528
01439986458952	74999.294737	W	0.024340
01439986926280	74999.319077	S	0.074496
01439988356596	74999.393573	W	0.014299
01439988631132	74999.407871	S	0.590534
01439999969392	74999.998406	W	0.019730
01440000348212	75000.018136	S	1.260254
01440024545096	75001.278390	W	0.019924
01440024927636	75001.298314	S	1.028751
01440044679656	75002.327065	W	0.014790
01440044963620	75002.341855	S	0.216546
01440049121308	75002.558401	W	0.046032
01440050005124	75002.604434	S	1.223943
01440073504832	75003.828377	W	0.038223
01440074238708	75003.866599	S	1.241798
01440098081232	75005.108397	W	0.047056
01440098984708	75005.155454	S	0.211812
01440103051500	75005.367266	W	0.023826
01440103508956	75005.391091	S	1.007310
01440122849300	75006.398401	W	0.018950
01440123213132	75006.417351	S	1.261005
01440147424436	75007.678356	W	0.018905
01440147787408	75007.697261	S	0.195462
01440151540276	75007.892723	W	0.014267
01440151814204	75007.906990	S	0.490451
01440161230860	75008.397441	W	0.023370
01440161679556	75008.420810	S	0.537550
01440172000516	75008.958360	W	0.018912
01440172363632	75008.977272	S	1.261068
01440196576144	75010.238341	W	0.018867
01440196938392	75010.257208	S	0.875600
01440213749916	75011.132808	W	13.016797
01440463672412	75024.149605	S	0.168663
01440466910744	75024.318268	W	0.019873
01440467292304	75024.338141	S	1.260161
01440491487400	75025.598302	W	0.019731
01440491866232	75025.618033	S	0.936880
01440509854332	75026.554913	W	0.014861
01440510139672	75026.569775	S	0.267313
01440515272084	75026.837088	W	0.013829
01440515537592	75026.850916	S	0.005832
01440515649572	75026.856749	W	0.041490
01440516446188	75026.898239	S	0.071320
01440517815536	75026.969559	W	0.091897
01440519579968	75027.061457	S	0.184807
01440523128264	75027.246264	W	0.086306
01440524785336	75027.332570	S	0.825733
01440540639408	75028.158302	W	0.019544
01440541014644	75028.177846	S	1.260428
01440565214868	75029.438274	W	0.019750
01440565594068	75029.458024	S	0.122572
01440567947452	75029.580596	W	0.014840
01440568232376	75029.595436	S	1.122843
01440589790960	75030.718279	W	0.019719
01440590169556	75030.737998	S	1.237965
01440613938492	75031.975963	W	0.237638
01440618501136	75032.213601	S	0.014039
01440618770676	75032.227639	W	0.065388
01440620026116	75032.293027	S	0.073225
01440621432036	75032.366252	W	0.088535
01440623131912	75032.454787	S	0.149602
01440626004268	75032.604389	W	0.022094
01440626428468	75032.626483	S	0.651841
01440638943820	75033.278324	W	0.019458
01440639317408	75033.297782	S	0.214616
01440643438040	75033.512398	W	0.015002
01440643726072	75033.527400	S	1.030861
01440663518596	75034.558260	W	0.019730
01440663897404	75034.577990	S	1.053184
01440684118528	75035.631173	W	0.023116
01440684562364	75035.654290	S	0.183972
01440688094628	75035.838262	W	0.022867
01440688533684	75035.861129	S	1.257104
01440712670088	75037.118234	W	0.019785
01440713049952	75037.138018	S	0.143421
01440715803632	75037.281439	W	0.087745
01440717488340	75037.369184	S	0.239061
01440722078304	75037.608245	W	0.110476
01440724199448	75037.718721	S	0.679519
01440737246216	75038.398240	W	0.019504
01440737620684	75038.417744	S	0.237757
01440742185612	75038.655501	W	0.022121
01440742610340	75038.677622	S	1.000619
01440761822228	75039.678241	W	0.019751
01440762201452	75039.697992	S	1.260242
01440786398108	75040.958235	W	0.055080
01440787455652	75041.013315	S	0.668908
01440800298680	75041.682223	W	0.013306
01440800554156	75041.695529	S	0.532719
01440810782352	75042.228247	W	0.038215
01440811516080	75042.266463	S	1.241729
01440835357268	75043.508191	W	0.046267
01440836245588	75043.554458	S	1.152653
01440858376520	75044.707110	W	0.014573
01440858656312	75044.721683	S	0.066890
01440859940600	75044.788573	W	0.046874
01440860840588	75044.835447	S	1.242774
01440884701844	75046.078221	W	0.018882
01440885064388	75046.097104	S	1.261112
01440909277732	75047.358215	W	0.054110
01440910316636	75047.412325	S	0.318793
01440916437460	75047.731118	W	0.014896
01440916723456	75047.746013	S	0.882210
01440933661884	75048.628223	W	0.047229
01440934568680	75048.675452	S	1.242723
01440958428960	75049.918175	W	0.018897
01440958791780	75049.937072	S	0.825034
01440974632432	75050.762106	W	0.022339
01440975061336	75050.784445	S	0.413747
01440983005276	75051.198191	W	0.018742
01440983365120	75051.216933	S	1.261236
01441007580856	75052.478170	W	0.018833
01441007942444	75052.497002	S	1.261161
01441032156736	75053.758163	W	0.018860
01441032518840	75053.777023	S	0.014163
01441032790772	75053.791186	W	0.014767
01441033074292	75053.805953	S	1.232228
01441056733076	75055.038181	W	0.018823
01441057094484	75055.057004	S	1.261161
01441081308784	75056.318166	W	0.018914
01441081671928	75056.337080	S	0.481347
01441090913784	75056.818426	W	0.014738
01441091196756	75056.833164	S	0.765010
01441105884956	75057.598175	W	0.018937
01441106248544	75057.617112	S	1.261030
01441130460316	75058.878141	W	0.018856
01441130822344	75058.896997	S	0.950519
01441149072312	75059.847516	W	0.023836
01441149529960	75059.871352	S	0.286807
01441155036660	75060.158159	W	0.018847
01441155398532	75060.177007	S	1.261119
01441179612016	75061.438126	W	0.018928
01441179975428	75061.457054	S	0.503231
01441189637472	75061.960285	W	0.014467
01441189915236	75061.974752	S	0.002629
01441189965708	75061.977381	W	0.014720
01441190248336	75061.992101	S	0.726026
01441204188032	75062.718127	W	0.018770
01441204548408	75062.736896	S	0.136158
01441207162636	75062.873054	W	0.022694
01441207598352	75062.895748	S	1.102407
01441228764576	75063.998155	W	0.021829
01441229183692	75064.019984	S	0.113211
01441231357352	75064.133195	W	14.019901
01441500539456	75078.153097	S	1.010059
01441519932592	75079.163156	W	0.027662
01441520463696	75079.190817	S	0.074857
01441521900960	75079.265675	W	0.013590
01441522161896	75079.279265	S	0.069128
01441523489156	75079.348394	W	0.036895
01441524197536	75079.385288	S	0.904220
01441541558564	75080.289509	W	0.027557
01441542087652	75080.317065	S	0.321000
01441548250848	75080.638065	W	0.018294
01441548602084	75080.656359	S	0.378440
01441555868128	75081.034798	W	0.015057
01441556157216	75081.049855	S	0.868190
01441572826460	75081.918045	W	0.018700
01441573185496	75081.936745	S	1.261321
01441597402856	75083.198065	W	0.021927
01441597823856	75083.219993	S	0.838615
01441613925268	75084.058608	W	0.015225
01441614217580	75084.073832	S	0.394235
01441621786892	75084.468067	W	0.080192
01441623326576	75084.548259	S	1.199786
01441646362468	75085.748045	W	0.047201
01441647268736	75085.795247	S	1.242788
01441671130268	75087.038035	W	0.030188
01441671709876	75087.068223	S	0.017067
01441672037568	75087.085290	W	0.022045
01441672460824	75087.107335	S	0.454196
01441681181380	75087.561530	W	0.019012
01441681546412	75087.580542	S	0.737500
01441695706408	75088.318042	W	0.018916
01441696069600	75088.336958	S	1.261053
01441720281812	75089.598011	W	0.018906
01441720644804	75089.616917	S	0.496022
01441730168428	75090.112939	W	0.015030
01441730457000	75090.127969	S	0.750057
01441744858096	75090.878026	W	0.018904
01441745221044	75090.896929	S	0.964235
01441763734348	75091.861164	W	0.014488
01441764012520	75091.875652	S	0.002747
01441764065256	75091.878399	W	0.014688
01441764347264	75091.893087	S	0.264918
01441769433688	75092.158005	W	0.018891
01441769796396	75092.176896	S	0.069761
01441771135808	75092.246657	W	0.088776
01441772840316	75092.335433	S	0.037318
01441773556820	75092.372751	W	0.086108
01441775210100	75092.458859	S	0.682016
01441788304812	75093.140876	W	0.023684
01441788759552	75093.164560	S	0.273469
01441794010152	75093.438029	W	0.019013
01441794375196	75093.457041	S	1.260945
01441818585340	75094.717986	W	0.018761
01441818945548	75094.736747	S	0.215386
01441823080956	75094.952133	W	0.014919
01441823367392	75094.967052	S	1.030938
01441843161392	75095.997989	W	0.018919
01441843524644	75096.016909	S	0.153384
01441846469624	75096.170293	W	0.022066
01441846893296	75096.192359	S	0.276557
01441852203196	75096.468916	W	0.014339
01441852478504	75096.483255	S	0.771287
01441867287212	75097.254542	W	0.311323
01441873264612	75097.565865	S	0.131734
01441875793900	75097.697599	W	0.088559
01441877494236	75097.786158	S	0.629479
01441889580224	75098.415637	W	0.014983
01441889867904	75098.430620	S	0.127363
01441892313268	75098.557983	W	0.018735
01441892672972	75098.576717	S	0.622491
01441904624796	75099.199208	W	0.014955
01441904911932	75099.214163	S	0.623848
01441916889812	75099.838011	W	0.018936
01441917253380	75099.856947	S	1.261023
01441941465028	75101.117970	W	0.021889
01441941885304	75101.139860	S	1.083241
01441962683536	75102.223101	W	0.014863
01441962968904	75102.237964	S	0.160008
01441966041060	75102.397972	W	0.018888
01441966403700	75102.416859	S	0.093515
01441968199180	75102.510374	W	0.088136
01441969891400	75102.598510	S	0.289684
01441975453328	75102.888194	W	0.088597
01441977154396	75102.976791	S	0.353040
01441983932772	75103.329832	W	0.024719
01441984407384	75103.354551	S	0.323407
01441990616804	75103.677959	W	0.018893
01441990979556	75103.696852	S	0.349737
01441997694512	75104.046589	W	0.014336
01441997969772	75104.060926	S	0.897039
01442015192928	75104.957965	W	0.018706
01442015552084	75104.976671	S	0.272952
01442020792760	75105.249623	W	0.023987
01442021253308	75105.273610	S	0.964348
01442039768780	75106.237957	W	0.018734
01442040128480	75106.256692	S	0.657128
01442052745336	75106.913820	W	0.014482
01442053023388	75106.928301	S	0.589662
01442064344900	75107.517964	W	0.018881
01442064707424	75107.536845	S	0.503369
01442074372112	75108.040214	W	0.014652
01442074653432	75108.054866	S	0.223821
01442078950804	75108.278688	W	0.014991
01442079238636	75108.293679	S	0.504267
01442088920560	75108.797946	W	0.018942
01442089284248	75108.816888	S	1.261031
01442113496036	75110.077919	W	0.018762
01442113856264	75110.096680	S	1.212500
01442137136272	75111.309181	W	0.014713
01442137418768	75111.323894	S	0.034388
01442138079016	75111.358282	W	0.018525
01442138434704	75111.376807	S	1.261130
01442162648400	75112.637937	W	0.054068
01442163686512	75112.692006	S	1.215930
01442187032372	75113.907936	W	0.047249
01442187939556	75113.955185	S	0.229022
01442192336788	75114.184208	W	0.014522
01442192615616	75114.198730	S	0.089908
01442194341852	75114.288638	W	0.014308
01442194616556	75114.302946	S	0.039236
01442195369884	75114.342181	W	0.014923
01442195656412	75114.357105	S	0.237194
01442200210532	75114.594299	W	0.014421
01442200487424	75114.608720	S	0.394981
01442208071068	75115.003701	W	0.014556
01442208350540	75115.018257	S	0.089129
01442210061808	75115.107386	W	0.013674
01442210324352	75115.121060	S	0.077195
01442211806496	75115.198255	W	0.018417
01442212160112	75115.216672	S	0.094324
01442213971128	75115.310996	W	0.014498
01442214249484	75115.325494	S	0.190629
01442217909560	75115.516123	W	0.014372
01442218185504	75115.530495	S	0.190025
01442221833984	75115.720520	W	0.014742
01442222117024	75115.735262	S	0.189807
01442225761312	75115.925068	W	0.014432
01442226038408	75115.939500	S	0.088002
01442227728056	75116.027503	W	0.014272
01442228002072	75116.041775	S	0.193456
01442231716424	75116.235230	W	0.016462
01442232032496	75116.251692	S	0.085181
01442233667976	75116.336874	W	0.014214
01442233940892	75116.351088	S	0.126835
01442236376132	75116.477924	W	0.018802
01442236737140	75116.496726	S	0.145108
01442239523220	75116.641834	W	0.014589
01442239803336	75116.656424	S	0.702257
01442253286672	75117.358681	W	0.038309
01442254022208	75117.396990	S	0.064091
01442255252756	75117.461081	W	0.014312
01442255527544	75117.475393	S	0.282516
01442260951848	75117.757909	W	0.025931
01442261449732	75117.783840	S	1.254051
01442285527512	75119.037891	W	0.018863
01442285889688	75119.056755	S	0.043116
01442286717508	75119.099870	W	0.014503
01442286995968	75119.114373	S	0.908465
01442304438488	75120.022838	W	0.024619
01442304911168	75120.047457	S	0.270430
01442310103424	75120.317887	W	0.028531
01442310651216	75120.346417	S	0.060010
01442311803400	75120.406427	W	0.014913
01442312089720	75120.421340	S	0.215993
01442316236780	75120.637332	W	0.018323
01442316588580	75120.655655	S	0.594436
01442328001744	75121.250091	W	0.014604
01442328282140	75121.264695	S	0.088928
01442329989556	75121.353623	W	0.020247
01442330378300	75121.373870	S	0.224055
01442334680152	75121.597925	W	0.018851
01442335042088	75121.616775	S	1.261086
01442359254932	75122.877861	W	0.018911
01442359618020	75122.896772	S	0.536292
01442369914824	75123.433064	W	0.023459
01442370365240	75123.456523	S	0.677145
01442383366432	75124.133668	W	0.043076
01442384193484	75124.176744	S	1.261106
01442408406716	75125.437850	W	0.018898
01442408769548	75125.456747	S	1.006284
01442428090196	75126.463031	W	0.014944
01442428377116	75126.477975	S	0.239896
01442432983128	75126.717871	W	0.018700
01442433342168	75126.736571	S	1.261272
01442457558596	75127.997844	W	0.018906
01442457921584	75128.016749	S	1.119846
01442479422620	75129.136595	W	0.014295
01442479697088	75129.150890	S	0.126974
01442482134984	75129.277864	W	0.021905
01442482555556	75129.299769	S	0.189202
01442486188232	75129.488970	W	0.023558
01442486640552	75129.512529	S	0.749670
01442501034208	75130.262198	W	0.018601
01442501391344	75130.280799	S	0.277038
01442506710472	75130.557837	W	0.018696
01442507069428	75130.576533	S	0.198584
01442510882244	75130.775117	W	0.019759
01442511261608	75130.794875	S	0.496105
01442520786828	75131.290981	W	0.028121
01442521326760	75131.319102	S	0.478173
01442530507672	75131.797275	W	0.013664
01442530770020	75131.810939	S	0.027244
01442531293104	75131.838182	W	0.018519
01442531648676	75131.856702	S	0.662447
01442544367668	75132.519149	W	0.014868
01442544653124	75132.534017	S	0.286578
01442550155424	75132.820595	W	0.014900
01442550441500	75132.835495	S	0.087243
01442552116564	75132.922738	W	0.014714
01442552399076	75132.937452	S	0.013914
01442552666216	75132.951365	W	0.039663
01442553427748	75132.991029	S	0.126833
01442555862940	75133.117861	W	0.018855
01442556224948	75133.136716	S	1.261103
01442580438128	75134.397819	W	0.018621
01442580795644	75134.416440	S	1.128376
01442602460464	75135.544816	W	0.023478
01442602911248	75135.568294	S	0.109539
01442605014392	75135.677833	W	0.018854
01442605376396	75135.696687	S	1.261126
01442629590020	75136.957814	W	0.018924
01442629953352	75136.976737	S	1.261100
01442654166468	75138.237837	W	0.018668
01442654524888	75138.256505	S	0.328619
01442660834368	75138.585123	W	0.014933
01442661121080	75138.600056	S	0.917782
01442678742504	75139.517839	W	0.018891
01442679105220	75139.536730	S	1.261059
01442703317560	75140.797790	W	0.018775
01442703678040	75140.816565	S	0.793692
01442718916932	75141.610257	W	0.015243
01442719209596	75141.625500	S	0.452288
01442727893532	75142.077788	W	0.018886
01442728256144	75142.096674	S	1.261105
01442752469364	75143.357779	W	0.018712
01442752828628	75143.376491	S	0.708482
01442766431476	75144.084973	W	0.014392
01442766707800	75144.099365	S	0.536160
01442777002072	75144.635525	W	0.023406
01442777451472	75144.658931	S	1.258884
01442801622048	75145.917815	W	0.018799
01442801982988	75145.936614	S	1.261171
01442826197476	75147.197785	W	0.018877
01442826559920	75147.216662	S	0.446227
01442835127484	75147.662890	W	0.015066
01442835416748	75147.677956	S	0.799837
01442850773612	75148.477792	W	0.018708
01442851132808	75148.496500	S	1.261260
01442875349004	75149.757761	W	0.018908
01442875712044	75149.776669	S	0.912235
01442893226964	75150.688904	W	0.023815
01442893684216	75150.712720	S	0.325051
01442899925196	75151.037771	W	0.018845
01442900287016	75151.056615	S	1.261127
01442924500656	75152.317743	W	0.018934
01442924864188	75152.336676	S	1.261065
01442949076644	75153.597742	W	0.018869
01442949438928	75153.616611	S	0.095366
01442951269956	75153.711977	W	0.014860
01442951555260	75153.726836	S	0.392576
01442959092720	75154.119413	W	15.028701
01443247643780	75169.148114	S	1.089553
01443268563204	75170.237667	W	0.018927
01443268926600	75170.256594	S	1.261077
01443293139284	75171.517671	W	0.018866
01443293501504	75171.536537	S	0.349467
01443300211264	75171.886003	W	0.014879
01443300496944	75171.900883	S	0.896798
01443317715472	75172.797681	W	0.018711
01443318074724	75172.816392	S	1.251254
01443342098808	75174.067646	W	0.037038
01443342809932	75174.104684	S	0.805404
01443358273696	75174.910088	W	0.014743
01443358556764	75174.924831	S	0.432829
01443366867080	75175.357660	W	0.021817
01443367285960	75175.379477	S	0.142641
01443370024672	75175.522118	W	0.029215
01443370585592	75175.551333	S	0.177871
01443374000712	75175.729204	W	0.014085
01443374271140	75175.743289	S	0.300785
01443380046208	75176.044073	W	0.111611
01443382189148	75176.155685	S	0.082873
01443383780316	75176.238558	W	0.085990
01443385431324	75176.324548	S	0.313112
01443391443068	75176.637660	W	0.018233
01443391793144	75176.655893	S	1.261732
01443416018400	75177.917625	W	0.032041
01443416633596	75177.949666	S	1.247988
01443440594968	75179.197655	W	0.018884
01443440957536	75179.216538	S	1.261083
01443465170328	75180.477621	W	0.018801
01443465531300	75180.496422	S	0.465250
01443474464100	75180.961672	W	0.023592
01443474917060	75180.985264	S	0.237560
01443479478212	75181.222824	W	0.312522
01443485478644	75181.535346	S	0.212302
01443489554840	75181.747648	W	0.037125
01443490267644	75181.784773	S	0.088121
01443491959572	75181.872894	W	0.015913
01443492265104	75181.888807	S	1.138838
01443514130796	75183.027646	W	0.037176
01443514844572	75183.064821	S	0.924177
01443532588772	75183.988999	W	0.022420
01443533019232	75184.011418	S	0.296206
01443538706392	75184.307625	W	0.037199
01443539420620	75184.344824	S	1.252757
01443563473552	75185.597581	W	0.018934
01443563837084	75185.616515	S	0.727674
01443577808424	75186.344189	W	0.088716
01443579511772	75186.432905	S	0.045634
01443580387952	75186.478539	W	0.087564
01443582069176	75186.566103	S	0.311492
01443588049820	75186.877595	W	0.018207
01443588399400	75186.895802	S	0.120005
01443590703504	75187.015808	W	0.023521
01443591155104	75187.039328	S	1.118280
01443612626080	75188.157608	W	0.018822
01443612987464	75188.176430	S	1.261150
01443637201536	75189.437580	W	0.018880
01443637564032	75189.456460	S	0.585782
01443648811048	75190.042242	W	0.014820
01443649095600	75190.057062	S	0.005488
01443649200960	75190.062550	W	0.149207
01443652065740	75190.211757	S	0.014092
01443652336300	75190.225849	W	0.065222
01443653588560	75190.291071	S	0.181081
01443657065320	75190.472152	W	0.187278
01443660661060	75190.659430	S	0.058158
01443661777688	75190.717588	W	0.021925
01443662198644	75190.739513	S	0.179349
01443665642140	75190.918861	W	0.088479
01443667340936	75191.007340	S	0.181593
01443670827516	75191.188933	W	0.144096
01443673594156	75191.333029	S	0.014209
01443673866976	75191.347238	W	0.066179
01443675137616	75191.413418	S	0.082741
01443676726244	75191.496159	W	0.190733
01443680388312	75191.686891	S	0.116485
01443682624824	75191.803376	W	0.089471
01443684342672	75191.892847	S	0.014275
01443684616756	75191.907123	W	0.065366
01443685871788	75191.972489	S	0.025096
01443686353636	75191.997585	W	0.018896
01443686716432	75192.016481	S	0.535545
01443696998900	75192.552026	W	0.090163
01443698730036	75192.642189	S	0.287572
01443704251416	75192.929761	W	0.085904
01443705900780	75193.015666	S	0.014306
01443706175452	75193.029971	W	0.064996
01443707423384	75193.094968	S	0.172614
01443710737576	75193.267582	W	0.037202
01443711451856	75193.304784	S	0.136921
01443714080740	75193.441705	W	0.087546
01443715761620	75193.529251	S	0.014070
01443716031756	75193.543321	W	0.065555
01443717290416	75193.608876	S	0.856872
01443733742364	75194.465748	W	0.110670
01443735867232	75194.576418	S	0.606120
01443747504740	75195.182539	W	0.088005
01443749194444	75195.270544	S	0.567039
01443760081592	75195.837583	W	0.018306
01443760433060	75195.855889	S	0.230337
01443764855524	75196.086225	W	0.015287
01443765149032	75196.101512	S	1.016056
01443784657308	75197.117568	W	0.018880
01443785019808	75197.136448	S	0.505064
01443794717028	75197.641512	W	0.014480
01443794995048	75197.655992	S	0.291607
01443800593904	75197.947599	W	0.014387
01443800870132	75197.961986	S	0.435571
01443809233096	75198.397557	W	0.018903
01443809596036	75198.416460	S	0.695696
01443822953400	75199.112156	W	0.014950
01443823240436	75199.127106	S	0.550445
01443833808984	75199.677551	W	0.018846
01443834170832	75199.696397	S	1.261171
01443858385320	75200.957569	W	0.018906
01443858748312	75200.976475	S	1.158209
01443880985924	75202.134684	W	0.014817
01443881270416	75202.149501	S	0.088058
01443882961136	75202.237559	W	0.018691
01443883320012	75202.256251	S	1.261288
01443907536736	75203.517538	W	0.018861
01443907898872	75203.536400	S	0.723241
01443921785100	75204.259641	W	0.088682
01443923487792	75204.348322	S	0.152652
01443926418720	75204.500975	W	0.130574
01443928925732	75204.631549	S	0.014090
01443929196260	75204.645639	W	0.079927
01443930730864	75204.725566	S	0.071980
01443932112888	75204.797546	W	0.235175
01443936628248	75205.032721	S	0.132332
01443939169016	75205.165053	W	0.014915
01443939455380	75205.179968	S	0.038033
01443940185616	75205.218001	W	0.244924
01443944888156	75205.462925	S	0.014217
01443945161128	75205.477142	W	0.130092
01443947658904	75205.607235	S	0.014244
01443947932388	75205.621479	W	0.402699
01443955664204	75206.024177	S	0.014338
01443955939492	75206.038515	W	0.259020
01443960912672	75206.297535	S	0.014252
01443961186308	75206.311787	W	0.098340
01443963074432	75206.410127	S	0.014191
01443963346896	75206.424318	W	0.114407
01443965543520	75206.538725	S	0.014032
01443965812932	75206.552757	W	0.286309
01443971310060	75206.839066	S	0.014039
01443971579604	75206.853104	W	0.227521
01443975948008	75207.080625	S	0.007107
01443976084456	75207.087732	W	0.064516
01443977323168	75207.152248	S	0.046260
01443978211360	75207.198508	W	0.089056
01443979921236	75207.287564	S	0.014548
01443980200560	75207.302112	W	0.105063
01443982217772	75207.407176	S	0.014147
01443982489400	75207.421323	W	0.094194
01443984297932	75207.515517	S	0.014210
01443984570764	75207.529727	W	0.065386
01443985826172	75207.595113	S	0.080284
01443987367632	75207.675398	W	0.326822
01443993642608	75208.002219	S	0.013590
01443993903536	75208.015809	W	0.088973
01443995611820	75208.104782	S	0.082591
01443997197576	75208.187374	W	0.293086
01444002824824	75208.480460	S	0.014260
01444003098620	75208.494720	W	0.092387
01444004872448	75208.587107	S	0.014255
01444005146140	75208.601361	W	0.064768
01444006389676	75208.666129	S	0.033214
01444007027384	75208.699343	W	10.448152
01444207631900	75219.147495	S	0.171120
01444210917400	75219.318615	W	0.014994
01444211205284	75219.333609	S	0.002212
01444211247760	75219.335821	W	0.014142
01444211519280	75219.349962	S	0.807503
01444227023336	75220.157465	W	0.018869
01444227385628	75220.176335	S	0.126377
01444229812064	75220.302712	W	0.014853
01444230097236	75220.317564	S	1.119894
01444251599196	75221.437458	W	0.021961
01444252020848	75221.459419	S	1.258016
01444276174752	75222.717435	W	0.046087
01444277059628	75222.763522	S	0.564008
01444287888576	75223.327530	W	0.024073
01444288350768	75223.351602	S	0.635864
01444300559356	75223.987466	W	0.038225
01444301293280	75224.025692	S	1.160228
01444323569660	75225.185920	W	0.013973
01444323837932	75225.199892	S	0.077880
01444325333220	75225.277772	W	0.018585
01444325690056	75225.296357	S	1.064340
01444346125380	75226.360697	W	0.019874
01444346506964	75226.380571	S	0.176862
01444349902708	75226.557433	W	0.018954
01444350266624	75226.576387	S	1.261030
01444374478400	75227.837417	W	0.018885
01444374840996	75227.856302	S	1.261142
01444399054920	75229.117444	W	0.018860
01444399417032	75229.136304	S	0.252605
01444404267048	75229.388909	W	0.023413
01444404716572	75229.412321	S	0.985126
01444423631000	75230.397448	W	0.018702
01444423990076	75230.416150	S	0.812830
01444439596416	75231.228980	W	0.019029
01444439961780	75231.248009	S	0.429414
01444448206536	75231.677424	W	0.018809
01444448567664	75231.696233	S	0.044746
01444449426788	75231.740979	W	0.019216
01444449795732	75231.760194	S	0.654857
01444462368980	75232.415051	W	0.014708
01444462651372	75232.429759	S	0.527649
01444472782224	75232.957407	W	0.018861
01444473144360	75232.976269	S	0.913661
01444490686644	75233.889929	W	0.014485
01444490964764	75233.904415	S	0.087961
01444492653624	75233.992376	W	0.014494
01444492931900	75234.006870	S	0.230534
01444497358152	75234.237404	W	0.018896
01444497720956	75234.256300	S	1.186074
01444520493568	75235.442373	W	0.022791
01444520931164	75235.465165	S	0.052570
01444521940512	75235.517735	W	0.018566
01444522296988	75235.536301	S	1.261106
01444546510224	75236.797407	W	0.018932
01444546873724	75236.816340	S	1.261054
01444571085968	75238.077394	W	0.018744
01444571445852	75238.096138	S	0.374530
01444578636836	75238.470669	W	0.014759
01444578920204	75238.485427	S	0.832048
01444594895532	75239.317476	W	0.013878
01444595161992	75239.331354	S	0.005712
01444595271660	75239.337066	W	0.042162
01444596081172	75239.379228	S	0.317137
01444602170208	75239.696365	W	0.049994
01444603130100	75239.746359	S	0.009169
01444603306136	75239.755528	W	0.093357
01444605098600	75239.848885	S	0.756343
01444619620384	75240.605228	W	0.087948
01444621308984	75240.693176	S	0.057472
01444622412440	75240.750648	W	0.085984
01444624063336	75240.836632	S	0.630942
01444636177420	75241.467574	W	0.014036
01444636446904	75241.481610	S	0.010475
01444636648020	75241.492084	W	0.014733
01444636930900	75241.506818	S	0.410575
01444644813940	75241.917393	W	0.053946
01444645849708	75241.971339	S	0.419254
01444653899380	75242.390593	W	0.016463
01444654215460	75242.407055	S	0.392156
01444661744848	75242.799211	W	0.014316
01444662019716	75242.813527	S	0.192564
01444665716948	75243.006091	W	0.015614
01444666016736	75243.021705	S	0.165676
01444669197720	75243.187381	W	0.047175
01444670103480	75243.234556	S	1.242789
01444693965024	75244.477345	W	0.018897
01444694327852	75244.496242	S	0.016998
01444694654208	75244.513240	W	0.023007
01444695095948	75244.536247	S	1.198658
01444718110180	75245.734905	W	0.311310
01444724087328	75246.046215	S	0.991175
01444743117892	75247.037390	W	0.018259
01444743468460	75247.055649	S	0.485607
01444752792112	75247.541256	W	0.022157
01444753217532	75247.563413	S	0.743957
01444767501512	75248.307370	W	0.037162
01444768215028	75248.344533	S	1.252801
01444792268800	75249.597333	W	0.018900
01444792631688	75249.616234	S	0.950501
01444810881316	75250.566735	W	0.029774
01444811452976	75250.596509	S	0.259780
01444816440760	75250.856290	W	0.088667
01444818143160	75250.944956	S	0.045722
01444819021020	75250.990678	W	0.087400
01444820699096	75251.078078	S	1.079247
01444841420648	75252.157325	W	0.018314
01444841772276	75252.175639	S	1.261721
01444865997316	75253.437360	W	0.018674
01444866355852	75253.456034	S	0.132934
01444868908188	75253.588968	W	0.014833
01444869192976	75253.603801	S	1.113550
01444890573144	75254.717351	W	0.045035
01444891437816	75254.762386	S	1.224919
01444914956252	75255.987305	W	0.038170
01444915689120	75256.025475	S	0.592103
01444927057504	75256.617578	W	0.014942
01444927344388	75256.632520	S	0.644783
01444939724216	75257.277303	W	0.018872
01444940086564	75257.296175	S	0.145660
01444942883236	75257.441835	W	0.037406
01444943601424	75257.479241	S	0.065165
01444944852592	75257.544406	W	0.014267
01444945126512	75257.558673	S	0.600136
01444956649132	75258.158809	W	0.014635
01444956930128	75258.173444	S	0.383855
01444964300140	75258.557299	W	0.018683
01444964658856	75258.575982	S	0.555665
01444975327632	75259.131648	W	7.024409
01445110196288	75266.156057	S	0.081179
01445111754920	75266.237235	W	0.018900
01445112117804	75266.256136	S	1.261121
01445136331320	75267.517256	W	0.018952
01445136695204	75267.536209	S	1.187338
01445159492088	75268.723546	W	0.014585
01445159772128	75268.738132	S	0.059461
01445160913780	75268.797593	W	0.018575
01445161270420	75268.816168	S	1.261080
01445185483152	75270.077247	W	0.018694
01445185842084	75270.095942	S	1.251343
01445209867860	75271.347284	W	0.038165
01445210600628	75271.385449	S	0.361686
01445217545008	75271.747136	W	0.022828
01445217983308	75271.769964	S	0.375715
01445225197040	75272.145679	W	0.015041
01445225485820	75272.160720	S	0.011885
01445225714016	75272.172605	W	0.001171
01445225736504	75272.173776	S	0.463435
01445234634456	75272.637211	W	0.044928
01445235497072	75272.682139	S	1.225096
01445259018908	75273.907235	W	0.047231
01445259925752	75273.954466	S	0.821469
01445275697952	75274.775935	W	0.023015
01445276139832	75274.798950	S	0.398294
01445283787080	75275.197244	W	0.019906
01445284169272	75275.217150	S	1.260050
01445308362232	75276.477200	W	0.019877
01445308743868	75276.497076	S	1.250136
01445332746472	75277.747212	W	0.037240
01445333461488	75277.784452	S	0.018654
01445333819652	75277.803107	W	0.022321
01445334248212	75277.825428	S	1.201810
01445357322964	75279.027238	W	0.037168
01445358036588	75279.064406	S	0.207949
01445362029204	75279.272354	W	0.014823
01445362313796	75279.287177	S	1.030023
01445382090228	75280.317199	W	0.019808
01445382470536	75280.337007	S	0.493820
01445391951876	75280.830827	W	0.014746
01445392234996	75280.845573	S	0.207013
01445396209640	75281.052585	W	0.063395
01445397426832	75281.115981	S	0.481227
01445406666400	75281.597208	W	0.019582
01445407042380	75281.616791	S	1.260383
01445431241736	75282.877174	W	0.019861
01445431623072	75282.897035	S	0.955869
01445449975764	75283.852904	W	0.023342
01445450423936	75283.876247	S	0.270942
01445455626028	75284.147189	W	0.037096
01445456338268	75284.184285	S	1.252866
01445480393292	75285.437151	W	0.019742
01445480772340	75285.456893	S	1.260291
01445504969932	75286.717184	W	0.019689
01445505347952	75286.736872	S	0.144503
01445508122400	75286.881375	W	0.024060
01445508584352	75286.905435	S	1.091761
01445529546156	75287.997196	W	0.019845
01445529927172	75288.017040	S	1.260115
01445554121384	75289.277155	W	0.022852
01445554560144	75289.300008	S	0.609816
01445566268612	75289.909824	W	0.014756
01445566551932	75289.924580	S	0.632584
01445578697552	75290.557164	W	0.019821
01445579078108	75290.576985	S	1.250171
01445603081392	75291.827156	W	0.037196
01445603795548	75291.864351	S	1.067303
01445624287764	75292.931654	W	0.014964
01445624575068	75292.946618	S	0.170547
01445627849572	75293.117165	W	0.019874
01445628231148	75293.137039	S	1.250089
01445652232864	75294.387128	W	0.037265
01445652948352	75294.424393	S	1.252712
01445677000416	75295.677105	W	0.019918
01445677382844	75295.697023	S	0.255679
01445682291888	75295.952702	W	0.023120
01445682735788	75295.975822	S	0.981300
01445701576748	75296.957122	W	0.019778
01445701956488	75296.976900	S	1.260214
01445726152600	75298.237115	W	0.046118
01445727038072	75298.283233	S	0.697335
01445740426912	75298.980568	W	0.014870
01445740712416	75298.995438	S	0.511706
01445750537172	75299.507144	W	0.047195
01445751443312	75299.554339	S	1.232777
01445775112624	75300.787116	W	0.038290
01445775847796	75300.825406	S	1.177521
01445798456208	75302.002927	W	0.014385
01445798732400	75302.017313	S	0.060139
01445799887076	75302.077452	W	0.018535
01445800242956	75302.095987	S	1.120842
01445821763116	75303.216829	W	0.014619
01445822043800	75303.231448	S	0.125666
01445824456584	75303.357114	W	0.018909
01445824819632	75303.376023	S	0.351393
01445831566380	75303.727416	W	0.014294
01445831840832	75303.741710	S	0.395284
01445839430284	75304.136994	W	0.014554
01445839709716	75304.151548	S	0.485561
01445849032496	75304.637109	W	0.018671
01445849390988	75304.655781	S	0.370874
01445856511776	75305.026655	W	0.014869
01445856797264	75305.041524	S	0.223169
01445861082116	75305.264694	W	0.018847
01445861443988	75305.283541	S	0.492844
01445870906588	75305.776385	W	0.018917
01445871269788	75305.795301	S	0.111802
01445873416396	75305.907104	W	0.036952
01445874125876	75305.944056	S	0.188761
01445877750096	75306.132817	W	9.007397
01446050692120	75315.140215	S	1.016808
01446070214832	75316.157023	W	0.021915
01446070635596	75316.178937	S	0.945588
01446088790892	75317.124526	W	0.023210
01446089236520	75317.147735	S	0.289352
01446094792072	75317.437087	W	0.054047
01446095829772	75317.491134	S	1.215906
01446119175172	75318.707040	W	0.047281
01446120082972	75318.754321	S	1.242685
01446143942532	75319.997007	W	0.018784
01446144303192	75320.015791	S	0.133508
01446146866552	75320.149300	W	0.014807
01446147150848	75320.164107	S	1.112915
01446168518816	75321.277022	W	0.018930
01446168882280	75321.295952	S	1.261047
01446193094376	75322.556999	W	0.018790
01446193455148	75322.575789	S	0.597692
01446204930832	75323.173481	W	0.023015
01446205372712	75323.196495	S	0.640544
01446217671164	75323.837040	W	0.018901
01446218034072	75323.855941	S	1.261059
01446242246408	75325.117000	W	0.045092
01446243112168	75325.162092	S	1.038176
01446263045148	75326.200268	W	0.015094
01446263334944	75326.215362	S	0.171662
01446266630860	75326.387024	W	0.038235
01446267364968	75326.425259	S	1.251720
01446291397988	75327.676979	W	0.018702
01446291757060	75327.695680	S	1.119496
01446313251388	75328.815176	W	0.033873
01446313901756	75328.849050	S	0.107941
01446315974224	75328.956991	W	0.018917
01446316337428	75328.975908	S	0.044138
01446317184872	75329.020045	W	0.014675
01446317466624	75329.034720	S	0.189096
01446321097276	75329.223816	W	0.013122
01446321349216	75329.236938	S	0.192520
01446325045604	75329.429459	W	0.024571
01446325517360	75329.454029	S	0.385211
01446332913420	75329.839241	W	0.014521
01446333192232	75329.853762	S	0.383219
01446340550028	75330.236981	W	0.024837
01446341026896	75330.261817	S	0.090355
01446342761716	75330.352173	W	0.088614
01446344463100	75330.440786	S	0.114826
01446346667752	75330.555612	W	0.085966
01446348318300	75330.641578	S	0.875421
01446365126388	75331.516999	W	0.018237
01446365476544	75331.535237	S	0.709845
01446379105560	75332.245081	W	0.015036
01446379394244	75332.260117	S	0.536858
01446389701916	75332.796975	W	0.018905
01446390064896	75332.815880	S	1.261078
01446414277600	75334.076958	W	0.018881
01446414640120	75334.095840	S	1.173501
01446437171340	75335.269341	W	0.014415
01446437448112	75335.283756	S	0.063543
01446438668128	75335.347298	W	0.036902
01446439376640	75335.384200	S	0.208307
01446443376136	75335.592507	W	0.238675
01446447958700	75335.831182	S	0.014113
01446448229664	75335.845295	W	0.065332
01446449484044	75335.910627	S	0.726375
01446463430436	75336.637002	W	0.018224
01446463780328	75336.655225	S	1.261720
01446488005356	75337.916946	W	0.018849
01446488367264	75337.935795	S	0.356771
01446495217268	75338.292566	W	0.031458
01446495821264	75338.324024	S	0.872933
01446512581576	75339.196957	W	0.018820
01446512942928	75339.215777	S	1.261159
01446537157188	75340.476937	W	0.018723
01446537516664	75340.495660	S	0.216927
01446541681672	75340.712587	W	0.110692
01446543806952	75340.823279	S	0.074749
01446545242124	75340.898027	W	0.088987
01446546950684	75340.987015	S	0.218348
01446551142960	75341.205362	W	0.014342
01446551418324	75341.219704	S	0.099876
01446553335940	75341.319580	W	0.022103
01446553760308	75341.341683	S	0.375950
01446560978544	75341.717633	W	0.013847
01446561244412	75341.731480	S	0.025806
01446561739892	75341.757286	W	0.021566
01446562153968	75341.778853	S	1.168370
01446584586676	75342.947223	W	0.014259
01446584860456	75342.961482	S	0.075781
01446586315460	75343.037264	W	0.018466
01446586670016	75343.055730	S	0.300114
01446592432200	75343.355844	W	0.014454
01446592709708	75343.370297	S	0.907186
01446610127672	75344.277483	W	0.023765
01446610583952	75344.301247	S	0.016024
01446610891616	75344.317272	W	0.018563
01446611248020	75344.335834	S	0.010945
01446611458168	75344.346780	W	0.014783
01446611742008	75344.361563	S	0.838875
01446627848400	75345.200437	W	0.014470
01446628126224	75345.214908	S	0.382033
01446635461256	75345.596940	W	0.018779
01446635821804	75345.615719	S	0.914990
01446653389612	75346.530709	W	0.014444
01446653666944	75346.545153	S	0.331757
01446660036688	75346.876911	W	0.018873
01446660399044	75346.895784	S	0.475093
01446669520836	75347.370877	W	0.014775
01446669804516	75347.385652	S	0.771269
01446684612872	75348.156920	W	0.054064
01446685650900	75348.210984	S	1.215912
01446708996416	75349.426897	W	0.047272
01446709904032	75349.474168	S	0.920638
01446727580284	75350.394806	W	0.014798
01446727864408	75350.409605	S	0.297378
01446733574056	75350.706982	W	0.037144
01446734287212	75350.744126	S	1.252744
01446758339900	75351.996870	W	0.019850
01446758721012	75352.016719	S	1.250145
01446782723800	75353.266865	W	0.037076
01446783435652	75353.303940	S	0.116489
01446785672236	75353.420429	W	0.014825
01446785956876	75353.435254	S	1.121604
01446807491680	75354.556858	W	0.055120
01446808549988	75354.611979	S	0.519369
01446818521864	75355.131347	W	7.009841
01446953110812	75362.141188	S	0.095626
01446954946840	75362.236815	W	0.018955
01446955310768	75362.255769	S	0.239848
01446959915848	75362.495617	W	0.014861
01446960201176	75362.510478	S	1.006383
01446979523724	75363.516861	W	0.018849
01446979885632	75363.535710	S	1.261129
01447004099308	75364.796839	W	0.018903
01447004462248	75364.815742	S	0.706845
01447018033672	75365.522587	W	0.014786
01447018317560	75365.537373	S	0.539473
01447028675448	75366.076846	W	0.018831
01447029036996	75366.095677	S	1.261147
01447053251024	75367.356824	W	0.045101
01447054116968	75367.401925	S	1.145310
01447076106924	75368.547236	W	0.021663
01447076522848	75368.568898	S	0.058284
01447077641900	75368.627182	W	0.037844
01447078368500	75368.665026	S	1.251784
01447102402760	75369.916810	W	0.018723
01447102762236	75369.935533	S	1.025970
01447122460860	75370.961503	W	0.061962
01447123650536	75371.023465	S	0.173376
01447126979348	75371.196841	W	0.018877
01447127341780	75371.215718	S	0.360755
01447134268280	75371.576473	W	0.014947
01447134555256	75371.591420	S	0.885393
01447151554792	75372.476812	W	0.018710
01447151914028	75372.495522	S	1.261281
01447176130620	75373.756803	W	0.018834
01447176492240	75373.775638	S	0.780922
01447191485944	75374.556560	W	0.001186
01447191508720	75374.557746	S	0.002050
01447191548084	75374.559796	W	0.001040
01447191568048	75374.560836	S	0.036748
01447192273616	75374.597584	W	0.014934
01447192560352	75374.612518	S	0.405311
01447200342332	75375.017830	W	1.689979
01447232789928	75376.707809	S	0.889016
01447249859028	75377.596824	W	0.018865
01447250221232	75377.615689	S	1.251068
01447274241740	75378.866757	W	0.037347
01447274958804	75378.904104	S	0.498664
01447284533148	75379.402768	W	0.018618
01447284890620	75379.421386	S	0.492717
01447294350792	75379.914104	W	0.030570
01447294937728	75379.944673	S	0.202102
01447298818088	75380.146775	W	0.037004
01447299528568	75380.183780	S	1.252994
01447323586060	75381.436774	W	0.018953
01447323949960	75381.455727	S	1.120737
01447345468120	75382.576465	W	0.016703
01447345788824	75382.593168	S	0.113641
01447347970732	75382.706809	W	0.037234
01447348685624	75382.744043	S	0.345621
01447355321548	75383.089664	W	0.015868
01447355626216	75383.105532	S	0.891196
01447372737188	75383.996729	W	0.022002
01447373159620	75384.018730	S	1.248011
01447397121424	75385.266741	W	0.037365
01447397838828	75385.304106	S	1.252640
01447421889524	75386.556746	W	0.018663
01447422247856	75386.575409	S	1.251318
01447446273160	75387.826727	W	0.037325
01447446989800	75387.864052	S	1.252684
01447471041324	75389.116736	W	0.018993
01447471405988	75389.135729	S	1.261006
01447495617300	75390.396734	W	0.018736
01447495977040	75390.415471	S	1.261234
01447520192724	75391.676704	W	0.019017
01447520557860	75391.695722	S	1.261001
01447544769072	75392.956723	W	0.018984
01447545133556	75392.975706	S	1.261018
01447569345100	75394.236724	W	0.019021
01447569710296	75394.255745	S	1.260966
01447593920848	75395.516711	W	0.019067
01447594286932	75395.535778	S	1.260931
01447618496804	75396.796709	W	0.018944
01447618860532	75396.815653	S	1.261068
01447643073028	75398.076720	W	0.018682
01447643431716	75398.095402	S	1.261297
01447667648612	75399.356699	W	0.021988
01447668070780	75399.378686	S	1.258001
01447692224400	75400.636687	W	0.018796
01447692585280	75400.655483	S	0.321187
01447698752076	75400.976671	W	0.050170
01447699715348	75401.026841	S	0.879863
01447716608720	75401.906704	W	0.036980
01447717318732	75401.943684	S	0.187746
01447720923448	75402.131430	W	6.016493
01447836440112	75408.147922	S	0.168721
01447839679564	75408.316644	W	0.018965
01447840043688	75408.335609	S	0.795857
01447855324152	75409.131466	W	0.001197
01447855347132	75409.132663	S	0.463976
01447864255476	75409.596639	W	0.018825
01447864616908	75409.615464	S	1.261149
01447888830964	75410.876613	W	0.019076
01447889197228	75410.895689	S	1.170867
01447911677872	75412.066556	W	0.014064
01447911947896	75412.080620	S	0.005666
01447912056676	75412.086285	W	0.014260
01447912330476	75412.100546	S	0.046439
01447913222096	75412.146984	W	0.045963
01447914104576	75412.192947	S	1.233690
01447937791432	75413.426637	W	0.047048
01447938694760	75413.473685	S	1.232971
01447962367808	75414.706657	W	0.047300
01447963275964	75414.753956	S	1.232688
01447986943572	75415.986644	W	0.037346
01447987660608	75416.023990	S	0.446919
01447996241460	75416.470909	W	0.019344
01447996612872	75416.490254	S	0.492707
01448006072844	75416.982961	W	0.019333
01448006444036	75417.002294	S	0.264332
01448011519212	75417.266626	W	0.055330
01448012581544	75417.321955	S	1.224655
01448036094928	75418.546611	W	0.047202
01448037001204	75418.593813	S	1.232795
01448060670868	75419.826608	W	0.047361
01448061580208	75419.873969	S	1.086211
01448082435452	75420.960180	W	0.019748
01448082814608	75420.979927	S	0.034744
01448083481684	75421.014671	W	0.004055
01448083559544	75421.018726	S	0.016889
01448083883816	75421.035615	W	0.000377
01448083891052	75421.035992	S	0.001391
01448083917760	75421.037383	W	0.000040
01448083918524	75421.037423	S	0.010756
01448084125032	75421.048179	W	0.023241
01448084571268	75421.071420	S	0.035495
01448085252780	75421.106916	W	0.045240
01448086121388	75421.152156	S	0.013631
01448086383112	75421.165787	W	0.193127
01448090091148	75421.358914	S	0.015104
01448090381144	75421.374018	W	0.067040
01448091668316	75421.441058	S	0.613953
01448103456204	75422.055011	W	0.014828
01448103740900	75422.069839	S	0.316784
01448109823144	75422.386622	W	0.038171
01448110556036	75422.424794	S	0.638460
01448122814460	75423.063253	W	0.015016
01448123102776	75423.078270	S	0.598331
01448134590740	75423.676601	W	0.044881
01448135452464	75423.721482	S	0.354412
01448142257172	75424.075894	W	0.014746
01448142540296	75424.090640	S	0.176956
01448145937848	75424.267596	W	0.014562
01448146217444	75424.282159	S	0.664421
01448158974324	75424.946579	W	0.047080
01448159878260	75424.993659	S	0.092338
01448161651140	75425.085997	W	0.023774
01448162107600	75425.109771	S	0.990311
01448181121580	75426.100082	W	0.023261
01448181568188	75426.123343	S	0.092115
01448183336788	75426.215458	W	0.236926
01448187885760	75426.452383	S	0.014324
01448188160776	75426.466707	W	0.065182
01448189412276	75426.531889	S	0.583026
01448200606376	75427.114915	W	0.021479
01448201018772	75427.136394	S	0.149936
01448203897548	75427.286331	W	0.014778
01448204181284	75427.301109	S	0.215457
01448208318060	75427.516566	W	0.025393
01448208805604	75427.541959	S	0.586027
01448220057320	75428.127985	W	0.022675
01448220492676	75428.150660	S	0.197381
01448224282384	75428.348041	W	0.014267
01448224556312	75428.362308	S	0.424262
01448232702136	75428.786570	W	0.054921
01448233756612	75428.841490	S	0.223312
01448238044208	75429.064802	W	0.014578
01448238324112	75429.079381	S	0.061443
01448239503820	75429.140824	W	0.014785
01448239787688	75429.155609	S	0.216615
01448243946692	75429.372224	W	0.014432
01448244223796	75429.386656	S	0.679935
01448257278544	75430.066591	W	0.038142
01448258010868	75430.104733	S	0.046172
01448258897372	75430.150905	W	0.024118
01448259360444	75430.175023	S	0.133216
01448261918200	75430.308240	W	0.014752
01448262201448	75430.322992	S	0.842403
01448278375592	75431.165395	W	0.020144
01448278762348	75431.185539	S	0.149656
01448281635748	75431.335195	W	0.104455
01448283641284	75431.439650	S	0.082555
01448285226344	75431.522205	W	0.087516
01448286906656	75431.609722	S	0.566175
01448297777212	75432.175896	W	0.014862
01448298062568	75432.190759	S	0.445807
01448306622068	75432.636566	W	0.053822
01448307655448	75432.690388	S	0.497540
01448317208208	75433.187927	W	0.015010
01448317496400	75433.202937	S	0.127193
01448319938504	75433.330130	W	0.014742
01448320221556	75433.344873	S	0.561675
01448331005724	75433.906548	W	0.038060
01448331736476	75433.944608	S	0.254093
01448336615056	75434.198701	W	0.014729
01448336897844	75434.213429	S	0.983107
01448355773504	75435.196537	W	0.027955
01448356310232	75435.224491	S	0.993846
01448375392068	75436.218337	W	0.022537
01448375824788	75436.240874	S	0.114019
01448378013944	75436.354893	W	0.014665
01448378295516	75436.369558	S	0.106976
01448380349448	75436.476534	W	0.018922
01448380712744	75436.495455	S	0.734266
01448394810660	75437.229722	W	0.014866
01448395096080	75437.244587	S	0.511969
01448404925880	75437.756556	W	0.018754
01448405285952	75437.775310	S	1.261206
01448429501100	75439.036516	W	0.018831
01448429862656	75439.055347	S	0.323021
01448436064660	75439.378368	W	0.014723
01448436347344	75439.393091	S	0.923432
01448454077236	75440.316523	W	0.018826
01448454438688	75440.335348	S	0.505211
01448464138732	75440.840559	W	0.027326
01448464663396	75440.867885	S	0.728635
01448478653184	75441.596520	W	0.055088
01448479710880	75441.651608	S	0.212975
01448483799992	75441.864583	W	0.027445
01448484326932	75441.892028	S	0.382851
01448491677680	75442.274879	W	0.014548
01448491957000	75442.289427	S	0.112903
01448494124732	75442.402330	W	0.014682
01448494406636	75442.417012	S	0.164798
01448497570748	75442.581810	W	0.023342
01448498018920	75442.605152	S	0.261363
01448503037096	75442.866515	W	0.038167
01448503769908	75442.904683	S	1.251804
01448527804548	75444.156487	W	0.018881
01448528167060	75444.175368	S	1.249750
01448552162256	75445.425117	W	0.039368
01448552918116	75445.464485	S	0.393942
01448560481796	75445.858427	W	0.014279
01448560755960	75445.872706	S	0.833785
01448576764624	75446.706491	W	0.047216
01448577671164	75446.753706	S	1.142689
01448599610784	75447.896395	W	13.257994
01448854164268	75461.154389	S	0.432003
01448862458716	75461.586391	W	0.060678
01448863623728	75461.647069	S	0.429394
01448871868100	75462.076464	W	0.018244
01448872218384	75462.094708	S	1.261684
01448896442724	75463.356392	W	0.018974
01448896807016	75463.375365	S	0.191170
01448900477480	75463.566535	W	0.022736
01448900914016	75463.589272	S	0.002186
01448900955992	75463.591458	W	0.014385
01448901232188	75463.605843	S	1.030561
01448921018960	75464.636404	W	0.018845
01448921380776	75464.655249	S	1.261139
01448945594644	75465.916388	W	0.021866
01448946014480	75465.938254	S	0.655174
01448958593816	75466.593428	W	0.014988
01448958881592	75466.608416	S	0.588026
01448970171692	75467.196442	W	0.018662
01448970530012	75467.215105	S	1.261265
01448994746292	75468.476369	W	0.018828
01448995107792	75468.495198	S	1.123979
01449016688188	75469.619176	W	0.023617
01449017141632	75469.642793	S	0.113605
01449019322852	75469.756399	W	0.018786
01449019683536	75469.775184	S	0.761844
01449034310944	75470.537028	W	0.014528
01449034589880	75470.551556	S	0.009799
01449034778016	75470.561355	W	0.014648
01449035059256	75470.576003	S	0.460376
01449043898480	75471.036379	W	0.018673
01449044256996	75471.055052	S	1.261317
01449068474276	75472.316369	W	0.018763
01449068834532	75472.335132	S	0.313005
01449074844232	75472.648137	W	0.023051
01449075286820	75472.671189	S	0.630685
01449087395976	75473.301874	W	0.014402
01449087672492	75473.316276	S	0.088163
01449089365212	75473.404438	W	0.014287
01449089639528	75473.418725	S	0.089315
01449091354380	75473.508041	W	0.013610
01449091615684	75473.521650	S	0.075056
01449093056752	75473.596706	W	0.030761
01449093647368	75473.627467	S	0.494025
01449103132644	75474.121492	W	0.020254
01449103521520	75474.141746	S	0.734646
01449117626728	75474.876392	W	0.018824
01449117988148	75474.895216	S	0.779055
01449132945996	75475.674271	W	0.014987
01449133233744	75475.689257	S	0.467108
01449142202224	75476.156366	W	0.018828
01449142563720	75476.175194	S	1.261145
01449166777704	75477.436339	W	0.018862
01449167139856	75477.455201	S	1.244091
01449191026412	75478.699292	W	0.035967
01449191716972	75478.735259	S	1.261065
01449215929412	75479.996324	W	0.018889
01449216292080	75480.015213	S	1.261152
01449240506208	75481.276365	W	0.021841
01449240925560	75481.298206	S	0.423127
01449249049604	75481.721334	W	0.014809
01449249333936	75481.736142	S	0.820200
01449265081768	75482.556342	W	0.018771
01449265442168	75482.575113	S	1.261226
01449289657700	75483.836339	W	0.018732
01449290017360	75483.855071	S	0.888242
01449307071600	75484.743312	W	0.024147
01449307535220	75484.767459	S	0.348890
01449314233904	75485.116349	W	0.018830
01449314595440	75485.135179	S	1.261122
01449338808988	75486.396301	W	0.018840
01449339170720	75486.415142	S	1.261145
01449363384700	75487.676286	W	0.018806
01449363745776	75487.695092	S	0.077401
01449365231884	75487.772494	W	0.023114
01449365675664	75487.795607	S	1.160703
01449387961164	75488.956311	W	0.018767
01449388321492	75488.975078	S	1.261210
01449412536724	75490.236288	W	0.018856
01449412898756	75490.255144	S	0.545737
01449423376908	75490.800881	W	0.023545
01449423828976	75490.824426	S	0.691876
01449437113000	75491.516302	W	0.018680
01449437471656	75491.534982	S	0.066437
01449438747252	75491.601419	W	0.049468
01449439697036	75491.650887	S	1.145421
01449461689128	75492.796309	W	0.018283
01449462040156	75492.814591	S	1.014034
01449481509608	75493.828625	W	0.023780
01449481966192	75493.852406	S	0.223880
01449486264692	75494.076286	W	0.018759
01449486624868	75494.095045	S	1.261212
01449510840140	75495.356257	W	0.018862
01449511202292	75495.375119	S	1.261136
01449535416100	75496.636255	W	0.021881
01449535836216	75496.658136	S	0.093372
01449537628964	75496.751509	W	0.014424
01449537905908	75496.765933	S	0.087755
01449539590808	75496.853688	W	0.013051
01449539841380	75496.866739	S	0.089644
01449541562536	75496.956382	W	0.014384
01449541838708	75496.970766	S	0.399866
01449549516136	75497.370632	W	0.170904
01449552797500	75497.541536	S	0.014293
01449553071920	75497.555829	W	0.072013
01449554454576	75497.627843	S	0.288420
01449559992244	75497.916263	W	0.018290
01449560343404	75497.934552	S	1.261715
01449584568340	75499.196268	W	0.018693
01449584927244	75499.214961	S	0.659950
01449597598276	75499.874910	W	0.014986
01449597886008	75499.889896	S	0.586381
01449609144524	75500.476277	W	0.018837
01449609506188	75500.495114	S	0.636132
01449621719920	75501.131246	W	10.015492
01449814017372	75511.146738	S	0.829503
01449829943832	75511.976241	W	0.041633
01449830743184	75512.017874	S	1.258316
01449854902852	75513.276190	W	0.018897
01449855265676	75513.295087	S	1.251098
01449879286756	75514.546185	W	0.037151
01449880000056	75514.583336	S	0.415760
01449887982644	75514.999096	W	0.014853
01449888267816	75515.013949	S	0.812288
01449903863752	75515.826237	W	0.037110
01449904576264	75515.863347	S	0.651844
01449917091664	75516.515191	W	0.014432
01449917368756	75516.529623	S	0.586559
01449928630692	75517.116182	W	0.018742
01449928990540	75517.134924	S	0.887276
01449946026244	75518.022200	W	0.014799
01449946310384	75518.036999	S	0.359176
01449953206556	75518.396175	W	0.018930
01449953570004	75518.415104	S	1.261048
01449977782124	75519.676152	W	0.018877
01449978144560	75519.695029	S	1.261121
01450002358076	75520.956150	W	0.018877
01450002720520	75520.975027	S	0.070738
01450004078692	75521.045765	W	0.014873
01450004364244	75521.060638	S	1.175539
01450026934588	75522.236176	W	0.018743
01450027294460	75522.254920	S	1.261218
01450051509840	75523.516138	W	0.018885
01450051872428	75523.535022	S	0.532021
01450062087236	75524.067044	W	0.015012
01450062375460	75524.082055	S	0.714099
01450076086152	75524.796154	W	0.018739
01450076445932	75524.814892	S	0.217389
01450080619796	75525.032281	W	0.014899
01450080905864	75525.047180	S	1.028954
01450100661784	75526.076135	W	0.018831
01450101023348	75526.094966	S	0.998546
01450120195440	75527.093512	W	0.014856
01450120480672	75527.108368	S	0.247781
01450125238060	75527.356149	W	0.021886
01450125658272	75527.378035	S	1.258082
01450149813448	75528.636117	W	0.018908
01450150176476	75528.655025	S	1.174179
01450172720720	75529.829204	W	0.014741
01450173003744	75529.843945	S	0.072526
01450174396240	75529.916471	W	0.018546
01450174752328	75529.935017	S	0.182746
01450178261048	75530.117763	W	0.015154
01450178552008	75530.132917	S	0.207543
01450182536828	75530.340460	W	0.015967
01450182843400	75530.356427	S	0.839710
01450198965840	75531.196137	W	0.018862
01450199327984	75531.214999	S	1.261105
01450223541192	75532.476104	W	0.018871
01450223903512	75532.494975	S	0.647490
01450236335320	75533.142465	W	0.022312
01450236763720	75533.164777	S	0.591341
01450248117476	75533.756119	W	0.018744
01450248477360	75533.774862	S	1.261231
01450272693000	75535.036094	W	0.018706
01450273052160	75535.054800	S	0.302534
01450278860804	75535.357334	W	0.014364
01450279136584	75535.371697	S	0.394138
01450286704036	75535.765835	W	0.014260
01450286977828	75535.780095	S	0.387646
01450294420640	75536.167742	W	0.015079
01450294710156	75536.182821	S	0.133286
01450297269248	75536.316107	W	0.018828
01450297630748	75536.334935	S	1.261144
01450321844720	75537.596079	W	0.018814
01450322205940	75537.614893	S	0.256543
01450327131560	75537.871435	W	0.072366
01450328520992	75537.943802	S	0.922333
01450346229784	75538.866135	W	0.046134
01450347115552	75538.912268	S	0.279524
01450352482420	75539.191793	W	0.023831
01450352939972	75539.215624	S	0.442735
01450361440492	75539.658359	W	0.019153
01450361808224	75539.677512	S	0.468575
01450370804864	75540.146087	W	0.047221
01450371711500	75540.193307	S	0.078730
01450373223124	75540.272038	W	0.020337
01450373613596	75540.292375	S	0.900844
01450390909800	75541.193219	W	0.014554
01450391189232	75541.207772	S	0.228320
01450395572972	75541.436092	W	0.018776
01450395933472	75541.454868	S	0.766722
01450410654536	75542.221590	W	0.014784
01450410938392	75542.236375	S	0.469697
01450419956568	75542.706071	W	0.037154
01450420669920	75542.743225	S	1.252829
01450444724240	75543.996054	W	0.018865
01450445086456	75544.014920	S	1.228731
01450468678100	75545.243651	W	0.014500
01450468956500	75545.258151	S	0.018253
01450469306952	75545.276404	W	0.053597
01450470336020	75545.330001	S	1.216062
01450493684412	75546.546063	W	0.038181
01450494417492	75546.584244	S	1.241813
01450518260296	75547.826057	W	0.047163
01450519165816	75547.873220	S	0.396862
01450526785564	75548.270081	W	0.014886
01450527071384	75548.284968	S	0.831090
01450543028320	75549.116058	W	0.018899
01450543391172	75549.134957	S	1.261075
01450567603812	75550.396032	W	0.018830
01450567965344	75550.414862	S	0.715896
01450581710544	75551.130757	W	9.015788
01450754813664	75560.146545	S	0.223557
01450759105968	75560.370103	W	0.015033
01450759394608	75560.385136	S	0.250868
01450764211272	75560.636004	W	0.018666
01450764569668	75560.654670	S	0.815116
01450780219896	75561.469786	W	0.018306
01450780571380	75561.488093	S	0.082575
01450782156820	75561.570668	W	0.014244
01450782430312	75561.584912	S	0.331070
01450788786848	75561.915982	W	0.018841
01450789148596	75561.934823	S	1.261155
01450813362768	75563.195977	W	0.021824
01450813781780	75563.217801	S	0.175359
01450817148664	75563.393160	W	0.014878
01450817434312	75563.408037	S	1.067956
01450837939072	75564.475993	W	0.018889
01450838301740	75564.494882	S	1.261077
01450862514412	75565.755959	W	0.018824
01450862875836	75565.774783	S	0.641451
01450875191704	75566.416235	W	0.022778
01450875629048	75566.439013	S	0.560736
01450886395188	75566.999749	W	0.015350
01450886689916	75567.015100	S	0.021214
01450887097216	75567.036313	W	0.018322
01450887449000	75567.054635	S	0.457743
01450896237664	75567.512378	W	0.015972
01450896544332	75567.528351	S	0.357610
01450903410448	75567.885961	W	0.053095
01450904429876	75567.939056	S	0.376954
01450911667400	75568.316010	W	0.018303
01450912018820	75568.334314	S	1.105875
01450933251616	75569.440188	W	0.015136
01450933542220	75569.455324	S	0.140630
01450936242324	75569.595954	W	0.018873
01450936604692	75569.614828	S	1.261114
01450960818072	75570.875941	W	0.018722
01450961177540	75570.894664	S	1.261266
01450985393856	75572.155930	W	0.018907
01450985756868	75572.174837	S	0.292090
01450991364988	75572.466926	W	0.014816
01450991649464	75572.481743	S	0.790350
01451006824192	75573.272093	W	0.014865
01451007109592	75573.286958	S	0.015308
01451007403504	75573.302266	W	0.001181
01451007426184	75573.303447	S	0.132458
01451009969372	75573.435905	W	0.018942
01451010333060	75573.454847	S	1.261101
01451034546192	75574.715947	W	0.018804
01451034907232	75574.734752	S	0.756759
01451049437008	75575.491511	W	0.015089
01451049726716	75575.506600	S	0.489347
01451059122180	75575.995947	W	0.018771
01451059482588	75576.014718	S	1.261201
01451083697656	75577.275920	W	0.018902
01451084060576	75577.294822	S	1.220371
01451107491700	75578.515193	W	0.014387
01451107767924	75578.529579	S	0.026683
01451108280232	75578.556262	W	0.021506
01451108693144	75578.577768	S	1.258130
01451132849232	75579.835898	W	0.018948
01451133213036	75579.854846	S	1.261094
01451157426036	75581.115939	W	0.018760
01451157786228	75581.134699	S	0.407798
01451165615956	75581.542498	W	0.014801
01451165900144	75581.557299	S	0.838621
01451182001668	75582.395920	W	0.018880
01451182364172	75582.414801	S	1.261073
01451206576764	75583.675873	W	0.018886
01451206939368	75583.694759	S	0.872642
01451223694088	75584.567400	W	0.023090
01451224137416	75584.590490	S	0.355407
01451230961240	75584.945898	W	0.037236
01451231676168	75584.983134	S	1.252738
01451255728736	75586.235872	W	0.018881
01451256091248	75586.254752	S	0.217507
01451260267380	75586.472259	W	0.014721
01451260550024	75586.486980	S	1.028882
01451280304560	75587.515863	W	0.018756
01451280664684	75587.534619	S	0.057957
01451281777456	75587.592576	W	0.023461
01451282227900	75587.616036	S	0.391120
01451289737412	75588.007157	W	0.000450
01451289746044	75588.007606	S	0.788255
01451304880536	75588.795861	W	0.018920
01451305243792	75588.814781	S	0.001700
01451305276440	75588.816481	W	0.014229
01451305549628	75588.830710	S	1.245183
01451329457132	75590.075892	W	0.018736
01451329816860	75590.094628	S	0.523231
01451339862896	75590.617859	W	0.022702
01451340298780	75590.640561	S	0.715305
01451354032628	75591.355866	W	0.018830
01451354394172	75591.374696	S	1.261148
01451378608216	75592.635845	W	0.018774
01451378968684	75592.654619	S	0.148061
01451381811448	75592.802680	W	0.014320
01451382086396	75592.817000	S	0.804946
01451397541356	75593.621946	W	0.121955
01451399882888	75593.743900	S	0.082567
01451401468176	75593.826467	W	0.111248
01451403604140	75593.937716	S	0.401681
01451411316424	75594.339397	W	0.014415
01451411593200	75594.353813	S	0.842035
01451427760276	75595.195848	W	0.018717
01451428119640	75595.214565	S	1.261299
01451452336572	75596.475863	W	0.054035
01451453374040	75596.529898	S	0.137932
01451456022328	75596.667830	W	0.014770
01451456305904	75596.682599	S	0.729251
01451470307516	75597.411850	W	0.014391
01451470583820	75597.426241	S	0.319619
01451476720508	75597.745860	W	0.038148
01451477452944	75597.784007	S	0.975873
01451496189712	75598.759881	W	0.238199
01451500763124	75598.998079	S	0.014207
01451501035904	75599.012287	W	0.065820
01451502299648	75599.078107	S	0.174929
01451505658276	75599.253035	W	0.014901
01451505944384	75599.267937	S	0.422222
01451514051052	75599.690159	W	0.015574
01451514350080	75599.705733	S	0.264109
01451519420964	75599.969842	W	0.015154
01451519711920	75599.984996	S	0.087389
01451521389780	75600.072384	W	0.014901
01451521675880	75600.087285	S	0.000949
01451521694096	75600.088234	W	0.015589
01451521993400	75600.103823	S	0.026436
01451522500976	75600.130259	W	14.024454
01451791770500	75614.154714	S	0.241023
01451796398136	75614.395736	W	0.018861
01451796760276	75614.414598	S	0.407405
01451804582444	75614.822002	W	0.014913
01451804868776	75614.836915	S	0.838844
01451820974588	75615.675760	W	0.018853
01451821336572	75615.694613	S	1.261122
01451845550116	75616.955735	W	0.018719
01451845909524	75616.974454	S	0.871066
01451862633988	75617.845520	W	0.014884
01451862919756	75617.860404	S	0.375332
01451870126132	75618.235736	W	0.018886
01451870488744	75618.254622	S	1.261122
01451894702280	75619.515744	W	0.018854
01451895064272	75619.534597	S	1.261136
01451919278084	75620.795734	W	0.018777
01451919638604	75620.814511	S	0.054244
01451920680096	75620.868755	W	0.014705
01451920962436	75620.883460	S	1.192275
01451943854116	75622.075735	W	0.018809
01451944215244	75622.094544	S	0.917555
01451961832304	75623.012099	W	0.014467
01451962110064	75623.026566	S	0.091242
01451963861916	75623.117808	W	0.014409
01451964138568	75623.132217	S	0.223505
01451968429856	75623.355722	W	0.021845
01451968849280	75623.377567	S	0.249955
01451973648412	75623.627521	W	0.015836
01451973952472	75623.643358	S	0.247500
01451978704480	75623.890858	W	0.014862
01451978989824	75623.905720	S	0.730009
01451993005996	75624.635729	W	0.018847
01451993367868	75624.654576	S	1.261131
01452017581592	75625.915708	W	0.018864
01452017943776	75625.934572	S	0.979728
01452036754552	75626.914300	W	0.014979
01452037042140	75626.929278	S	0.266446
01452042157896	75627.195724	W	0.018648
01452042515936	75627.214372	S	1.261309
01452066733060	75628.475680	W	0.018752
01452067093100	75628.494432	S	1.261257
01452091309232	75629.755689	W	0.018891
01452091671940	75629.774580	S	0.164198
01452094824536	75629.938778	W	0.014867
01452095109984	75629.953645	S	0.839531
01452111228984	75630.793176	W	0.014287
01452111503300	75630.807464	S	0.228234
01452115885392	75631.035698	W	0.018736
01452116245132	75631.054434	S	0.455533
01452124991360	75631.509967	W	0.014405
01452125267940	75631.524372	S	0.791314
01452140461168	75632.315686	W	0.026580
01452140971504	75632.342266	S	0.620846
01452152891752	75632.963112	W	0.014858
01452153177020	75632.977970	S	0.617711
01452165037064	75633.595680	W	0.018785
01452165397744	75633.614466	S	0.512556
01452175238824	75634.127022	W	0.072419
01452176629276	75634.199441	S	0.676238
01452189613036	75634.875679	W	0.018177
01452189962040	75634.893856	S	1.094340
01452210973360	75635.988196	W	0.019817
01452211353844	75636.008013	S	0.147669
01452214189092	75636.155682	W	0.018838
01452214550780	75636.174520	S	1.261124
01452238764368	75637.435644	W	0.018790
01452239125140	75637.454434	S	1.261206
01452263340296	75638.715640	W	0.021852
01452263759856	75638.737493	S	0.277759
01452269092820	75639.015251	W	0.023523
01452269544464	75639.038774	S	0.956865
01452287916264	75639.995639	W	0.018868
01452288278536	75640.014507	S	1.261140
01452312492428	75641.275647	W	0.018922
01452312855736	75641.294570	S	0.746800
01452327194300	75642.041370	W	0.015275
01452327487576	75642.056645	S	0.499018
01452337068720	75642.555663	W	0.018765
01452337429016	75642.574428	S	0.507842
01452347179580	75643.082270	W	0.014542
01452347458784	75643.096812	S	0.496417
01452356989996	75643.593229	W	0.014452
01452357267480	75643.607681	S	0.227956
01452361644232	75643.835637	W	0.018889
01452362006904	75643.854526	S	0.255216
01452366907060	75644.109743	W	0.014776
01452367190756	75644.124519	S	0.939445
01452385228100	75645.063964	W	0.022330
01452385656832	75645.086293	S	0.029676
01452386226620	75645.115970	W	0.018456
01452386580972	75645.134426	S	1.261219
01452410796372	75646.395644	W	0.018846
01452411158224	75646.414491	S	1.261133
01452435371980	75647.675624	W	0.018753
01452435732036	75647.694377	S	0.216456
01452439888000	75647.910833	W	0.015062
01452440177196	75647.925896	S	0.163269
01452443311960	75648.089165	W	0.014812
01452443596360	75648.103977	S	0.814756
01452459239668	75648.918733	W	0.013729
01452459503256	75648.932461	S	0.023502
01452459954496	75648.955963	W	0.018494
01452460309584	75648.974457	S	0.661790
01452473015948	75649.636247	W	0.014459
01452473293556	75649.650706	S	0.584905
01452484523728	75650.235611	W	0.054021
01452485560928	75650.289632	S	0.164374
01452488716916	75650.454006	W	0.014519
01452488995676	75650.468525	S	0.646848
01452501415160	75651.115373	W	0.014760
01452501698556	75651.130133	S	0.375462
01452508907432	75651.505595	W	0.047260
01452509814816	75651.552855	S	1.242745
01452533675528	75652.795600	W	0.019725
01452534054252	75652.815326	S	1.260286
01452558251744	75654.075612	W	0.019830
01452558632488	75654.095442	S	0.035413
01452559312412	75654.130855	W	11.051169
01452771494864	75665.182024	S	0.413530
01452779434632	75665.595554	W	0.019663
01452779812160	75665.615217	S	0.621713
01452791749048	75666.236930	W	0.015049
01452792037996	75666.251979	S	0.623569
01452804010524	75666.875548	W	0.022873
01452804449676	75666.898421	S	1.257093
01452828585864	75668.155514	W	0.018727
01452828945420	75668.174241	S	1.087895
01452849833008	75669.262136	W	0.014930
01452850119664	75669.277066	S	0.158459
01452853162084	75669.435525	W	0.018893
01452853524832	75669.454418	S	0.472259
01452862592200	75669.926677	W	0.237958
01452867160996	75670.164635	S	0.014253
01452867434656	75670.178888	W	0.065183
01452868686164	75670.244071	S	0.471447
01452877737952	75670.715518	W	0.018280
01452878088924	75670.733798	S	1.261692
01452902313404	75671.995490	W	0.018880
01452902675892	75672.014369	S	0.276184
01452907978632	75672.290554	W	0.014740
01452908261648	75672.305294	S	0.960217
01452926697820	75673.265511	W	0.037146
01452927411024	75673.302657	S	1.242840
01452951273544	75674.545497	W	0.037168
01452951987172	75674.582665	S	0.465529
01452960925332	75675.048194	W	0.103887
01452962919968	75675.152082	S	0.082569
01452964505300	75675.234651	W	0.095026
01452966329792	75675.329677	S	0.505828
01452976041684	75675.835504	W	0.018307
01452976393176	75675.853811	S	1.261663
01453000617104	75677.115474	W	0.018755
01453000977200	75677.134229	S	1.198561
01453023989576	75678.332790	W	0.022743
01453024426240	75678.355533	S	0.040286
01453025199740	75678.395820	W	0.018578
01453025556428	75678.414397	S	1.261083
01453049769220	75679.675480	W	0.018859
01453050131312	75679.694339	S	1.172515
01453072643596	75680.866854	W	0.013893
01453072910340	75680.880747	S	0.075048
01453074351252	75680.955794	W	0.018533
01453074707088	75680.974327	S	0.385139
01453082101756	75681.359466	W	0.022152
01453082527068	75681.381618	S	0.202081
01453086407032	75681.583700	W	0.014290
01453086681408	75681.597990	S	0.637494
01453098921284	75682.235484	W	0.021895
01453099341672	75682.257379	S	0.145469
01453102134672	75682.402847	W	0.014337
01453102409952	75682.417185	S	0.191926
01453106094924	75682.609111	W	0.014262
01453106368756	75682.623373	S	0.091507
01453108125696	75682.714880	W	0.014220
01453108398724	75682.729100	S	0.494561
01453117894304	75683.223662	W	0.018638
01453118252148	75683.242299	S	0.263165
01453123304916	75683.505464	W	0.037170
01453124018572	75683.542634	S	0.843263
01453140209216	75684.385897	W	0.022690
01453140644860	75684.408586	S	0.386910
01453148073532	75684.795496	W	0.018800
01453148434484	75684.814296	S	1.261150
01453172648556	75686.075446	W	0.018877
01453173010992	75686.094322	S	1.261114
01453197224376	75687.355436	W	0.018894
01453197587144	75687.374330	S	0.036382
01453198285680	75687.410713	W	0.014725
01453198568404	75687.425438	S	1.210013
01453221800656	75688.635451	W	0.018903
01453222163600	75688.654354	S	0.508254
01453231922072	75689.162608	W	0.017134
01453232251048	75689.179742	S	0.495926
01453241772832	75689.675668	W	0.015623
01453242072788	75689.691291	S	0.224136
01453246376204	75689.915427	W	0.018914
01453246739352	75689.934341	S	0.503226
01453256401284	75690.437567	W	0.014776
01453256684976	75690.452342	S	0.743070
01453270951924	75691.195413	W	0.018718
01453271311304	75691.214130	S	1.251286
01453295336004	75692.465417	W	0.037240
01453296051008	75692.502657	S	0.959178
01453314467220	75693.461834	W	0.014816
01453314751684	75693.476650	S	0.278771
01453320104080	75693.755421	W	0.018716
01453320463420	75693.774136	S	1.261275
01453344679904	75695.035412	W	0.018714
01453345039204	75695.054125	S	1.261275
01453369255680	75696.315400	W	0.018803
01453369616692	75696.334203	S	0.153306
01453372560176	75696.487509	W	0.024113
01453373023140	75696.511622	S	1.083796
01453393832028	75697.595418	W	0.021815
01453394250876	75697.617233	S	1.258161
01453418407560	75698.875394	W	0.018725
01453418767084	75698.894119	S	0.622148
01453430712328	75699.516267	W	0.022207
01453431138696	75699.538474	S	0.616932
01453442983784	75700.155405	W	0.018726
01453443343332	75700.174132	S	1.261235
01453467559044	75701.435367	W	0.018865
01453467921260	75701.454232	S	1.091473
01453488877548	75702.545706	W	0.014864
01453489162928	75702.560569	S	0.144806
01453491943208	75702.705375	W	0.037247
01453492658348	75702.742622	S	1.252729
01453516710736	75703.995351	W	0.018812
01453517071920	75704.014162	S	1.261202
01453541287000	75705.275365	W	0.093196
01453543076364	75705.368561	S	0.200144
01453546919128	75705.568705	W	0.023256
01453547365648	75705.591961	S	0.963414
01453565863196	75706.555375	W	0.045812
01453566742780	75706.601186	S	1.224166
01453590246776	75707.825353	W	0.038112
01453590978520	75707.863465	S	0.730197
01453604998308	75708.593662	W	0.014806
01453605282576	75708.608468	S	0.496884
01453614822752	75709.105352	W	0.047191
01453615728816	75709.152542	S	0.199711
01453619563260	75709.352253	W	0.014866
01453619848688	75709.367119	S	1.018226
01453639398636	75710.385346	W	0.037144
01453640111804	75710.422490	S	1.194881
01453663053528	75711.617371	W	0.014272
01453663327548	75711.631643	S	0.044028
01453664172888	75711.675671	W	0.018434
01453664526820	75711.694105	S	1.261216
01453688742164	75712.955321	W	0.018945
01453689105904	75712.974266	S	1.157321
01453711326468	75714.131587	W	0.005838
01453711438556	75714.137425	S	0.097955
01453713319296	75714.235380	W	0.018941
01453713682956	75714.254321	S	0.387450
01453721121988	75714.641770	W	0.023020
01453721563972	75714.664790	S	0.850539
01453737894328	75715.515330	W	0.018902
01453738257240	75715.534231	S	1.261094
01453762470252	75716.795326	W	0.018873
01453762832612	75716.814199	S	0.852530
01453779201188	75717.666729	W	0.014892
01453779487116	75717.681621	S	0.393691
01453787045988	75718.075312	W	0.018927
01453787409396	75718.094239	S	1.261076
01453811622064	75719.355316	W	0.018726
01453811981600	75719.374042	S	1.261260
01453836197784	75720.635301	W	0.018900
01453836560664	75720.654201	S	0.034710
01453837227088	75720.688911	W	0.023351
01453837675432	75720.712262	S	1.203044
01453860773872	75721.915306	W	0.018854
01453861135864	75721.934160	S	1.261103
01453885349040	75723.195262	W	0.018687
01453885707828	75723.213949	S	0.499120
01453895290924	75723.713069	W	0.014964
01453895578240	75723.728033	S	0.747271
01453909925848	75724.475305	W	0.021910
01453910346520	75724.497215	S	1.258046
01453934501008	75725.755261	W	0.018732
01453934860660	75725.773993	S	0.961043
01453953312684	75726.735036	W	0.026419
01453953819928	75726.761455	S	0.273826
01453959077396	75727.035281	W	0.018774
01453959437852	75727.054055	S	1.261209
01453983653060	75728.315264	W	0.018945
01453984016800	75728.334208	S	1.261039
01454008228756	75729.595248	W	0.018783
01454008589380	75729.614030	S	0.149113
01454011452352	75729.763143	W	0.014726
01454011735084	75729.777869	S	1.097404
01454032805232	75730.875272	W	0.054062
01454033843228	75730.929335	S	1.215903
01454057188560	75732.145237	W	0.038188
01454057921776	75732.183426	S	0.395689
01454065518996	75732.579114	W	0.014350
01454065794508	75732.593464	S	0.008218
01454065952288	75732.601682	W	0.014608
01454066232768	75732.616290	S	0.167833
01454069455164	75732.784123	W	0.014850
01454069740288	75732.798973	S	0.241125
01454074369892	75733.040099	W	0.088463
01454076068380	75733.128561	S	0.064558
01454077307892	75733.193119	W	0.086379
01454078966376	75733.279499	S	0.155745
01454081956672	75733.435243	W	0.018829
01454082318188	75733.454072	S	1.261166
01454106532584	75734.715239	W	0.018428
01454106886396	75734.733666	S	1.074996
01454127526320	75735.808662	W	0.015065
01454127815572	75735.823728	S	0.171512
01454131108596	75735.995239	W	0.018887
01454131471220	75736.014126	S	1.261098
01454155684296	75737.275224	W	0.018887
01454156046924	75737.294111	S	0.985929
01454174976760	75738.280040	W	0.313746
01454181000680	75738.593785	S	0.242215
01454185651216	75738.836001	W	0.014874
01454185936788	75738.850874	S	0.984349
01454204836296	75739.835224	W	0.018178
01454205185316	75739.853402	S	1.261793
01454229411740	75741.115195	W	0.018859
01454229773832	75741.134054	S	0.726383
01454243720384	75741.860437	W	0.021974
01454244142288	75741.882411	S	0.512803
01454253988096	75742.395213	W	0.018807
01454254349196	75742.414021	S	0.985900
01454273278468	75743.399920	W	0.089065
01454274988520	75743.488985	S	0.046557
01454275882420	75743.535543	W	0.087196
01454277556584	75743.622739	S	0.052476
01454278564116	75743.675214	W	0.018808
01454278925224	75743.694022	S	0.438179
01454287338256	75744.132201	W	15.026402
01454575845180	75759.158603	S	0.854104
01454592243976	75760.012707	W	0.015037
01454592532684	75760.027744	S	0.202093
01454596412860	75760.229836	W	0.014757
01454596696204	75760.244594	S	0.070869
01454598056888	75760.315463	W	0.019342
01454598428252	75760.334805	S	0.407199
01454606246464	75760.742003	W	0.014445
01454606523816	75760.756449	S	0.086583
01454608186208	75760.843032	W	0.014323
01454608461200	75760.857354	S	0.737782
01454622626612	75761.595136	W	0.019864
01454623008004	75761.615000	S	1.260098
01454647201876	75762.875098	W	0.019672
01454647579584	75762.894770	S	0.144607
01454650356032	75763.039377	W	0.021973
01454650777916	75763.061350	S	1.093768
01454671778252	75764.155117	W	0.019748
01454672157412	75764.174865	S	1.260210
01454696353436	75765.435075	W	0.019767
01454696732968	75765.454842	S	0.610212
01454708449040	75766.065054	W	0.023309
01454708896564	75766.088363	S	0.626746
01454720930096	75766.715109	W	0.019805
01454721310356	75766.734914	S	1.260154
01454745505308	75767.995068	W	0.019871
01454745886828	75768.014939	S	1.078032
01454766585044	75769.092971	W	0.023114
01454767028828	75769.116085	S	0.158997
01454770081572	75769.275082	W	0.019857
01454770462832	75769.294939	S	1.260147
01454794657664	75770.555087	W	0.022756
01454795094588	75770.577843	S	0.213600
01454799195712	75770.791443	W	0.014785
01454799479588	75770.806229	S	1.028865
01454819233800	75771.835094	W	0.018870
01454819596096	75771.853963	S	0.268164
01454824744836	75772.122127	W	0.014914
01454825031192	75772.137041	S	0.978043
01454843809624	75773.115085	W	0.018815
01454844170876	75773.133900	S	0.463635
01454853072668	75773.597535	W	0.063293
01454854287896	75773.660828	S	0.734243
01454868385364	75774.395071	W	0.018276
01454868736260	75774.413347	S	0.734060
01454882830204	75775.147406	W	0.023176
01454883275188	75775.170583	S	0.504477
01454892961152	75775.675060	W	0.018692
01454893320036	75775.693752	S	1.261289
01454917536776	75776.955040	W	0.018756
01454917896892	75776.973796	S	1.200598
01454940948376	75778.174395	W	0.014497
01454941226724	75778.188892	S	0.046493
01454942119392	75778.235385	W	0.018531
01454942475180	75778.253916	S	1.261125
01454966688788	75779.515041	W	0.018909
01454967051848	75779.533950	S	1.261081
01454991264596	75780.795031	W	0.018776
01454991625104	75780.813808	S	0.385911
01454999034596	75781.199719	W	0.015371
01454999329728	75781.215090	S	0.859983
01455015841408	75782.075073	W	0.018841
01455016203164	75782.093915	S	1.261104
01455040416352	75783.355018	W	0.018896
01455040779148	75783.373914	S	0.850161
01455057102232	75784.224075	W	0.022310
01455057530576	75784.246384	S	0.388639
01455064992436	75784.635023	W	0.018943
01455065356148	75784.653966	S	1.261037
01455089568052	75785.915003	W	0.021882
01455089988188	75785.936885	S	1.258114
01455114143972	75787.194999	W	0.018791
01455114504752	75787.213789	S	0.037033
01455115215788	75787.250822	W	0.014706
01455115498136	75787.265528	S	1.209486
01455138720276	75788.475014	W	0.018847
01455139082148	75788.493862	S	1.261136
01455163295964	75789.754998	W	0.018734
01455163655648	75789.773732	S	0.501704
01455173288360	75790.275435	W	0.022089
01455173712476	75790.297525	S	0.737476
01455187872016	75791.035001	W	0.018787
01455188232736	75791.053788	S	1.261188
01455212447544	75792.314976	W	0.018886
01455212810156	75792.333862	S	0.966058
01455231358460	75793.299920	W	0.013276
01455231613352	75793.313195	S	0.281789
01455237023696	75793.594984	W	0.018839
01455237385408	75793.613823	S	0.405398
01455245169048	75794.019221	W	0.023407
01455245618464	75794.042628	S	0.832357
01455261599720	75794.874985	W	0.018786
01455261960416	75794.893772	S	0.290536
01455267538700	75795.184307	W	0.088738
01455269242472	75795.273045	S	0.076995
01455270720780	75795.350041	W	0.085986
01455272371708	75795.436026	S	0.718953
01455286175600	75796.154979	W	0.018179
01455286524628	75796.173158	S	0.153598
01455289473712	75796.326756	W	0.014824
01455289758336	75796.341580	S	1.093381
01455310751256	75797.434961	W	0.018697
01455311110232	75797.453658	S	0.661384
01455323808812	75798.115042	W	0.014526
01455324087716	75798.129569	S	0.585393
01455335327256	75798.714961	W	0.018828
01455335688756	75798.733789	S	0.200462
01455339537620	75798.934251	W	0.014466
01455339815364	75798.948717	S	0.403536
01455347563252	75799.352253	W	0.023095
01455348006676	75799.375348	S	0.275738
01455353300848	75799.651086	W	0.014525
01455353579728	75799.665611	S	0.329339
01455359903032	75799.994950	W	0.018883
01455360265592	75800.013833	S	0.217972
01455364450652	75800.231805	W	0.313199
01455370464076	75800.545004	S	0.729951
01455384479140	75801.274955	W	0.021704
01455384895860	75801.296659	S	1.082134
01455405672836	75802.378794	W	0.015088
01455405962524	75802.393881	S	0.161060
01455409054868	75802.554941	W	0.018822
01455409416252	75802.573763	S	1.261163
01455433630580	75803.834926	W	0.018818
01455433991876	75803.853744	S	0.279273
01455439353920	75804.133017	W	0.001160
01455439376200	75804.134177	S	0.980747
01455458206548	75805.114924	W	0.018917
01455458569756	75805.133841	S	0.216990
01455462735964	75805.350831	W	0.089082
01455464446348	75805.439914	S	0.047758
01455465363308	75805.487672	W	0.087445
01455467042256	75805.575118	S	0.819798
01455482782380	75806.394916	W	0.018110
01455483130084	75806.413025	S	1.251884
01455507166248	75807.664909	W	0.037243
01455507881320	75807.702152	S	0.722624
01455521755700	75808.424776	W	0.023341
01455522203848	75808.448117	S	0.506807
01455531934548	75808.954924	W	0.018868
01455532296808	75808.973792	S	1.261097
01455556509880	75810.234890	W	0.018912
01455556873000	75810.253802	S	1.197635
01455579867596	75811.451437	W	0.014532
01455580146608	75811.465969	S	0.049287
01455581092912	75811.515256	W	0.018450
01455581447152	75811.533706	S	1.261175
01455605661704	75812.794880	W	0.018794
01455606022556	75812.813675	S	1.261197
01455630237532	75814.074871	W	0.018919
01455630600768	75814.093790	S	0.384910
01455637991044	75814.478700	W	0.014924
01455638277576	75814.493624	S	0.861260
01455654813776	75815.354884	W	0.018915
01455655176936	75815.373799	S	1.261097
01455679389996	75816.634896	W	0.021731
01455679807236	75816.656627	S	0.851282
01455696151856	75817.507909	W	0.023651
01455696605948	75817.531560	S	0.383321
01455703965708	75817.914881	W	0.018843
01455704327492	75817.933724	S	1.261149
01455728541560	75819.194873	W	0.018797
01455728902468	75819.213670	S	1.261207
01455753117648	75820.474878	W	0.018823
01455753479056	75820.493701	S	0.039739
01455754242052	75820.533440	W	0.014997
01455754529988	75820.548437	S	1.206431
01455777693472	75821.754868	W	0.018736
01455778053212	75821.773605	S	1.261238
01455802268984	75823.034843	W	0.018762
01455802629212	75823.053605	S	0.503160
01455812289880	75823.556765	W	0.014767
01455812573412	75823.571532	S	0.743326
01455826845268	75824.314858	W	0.018846
01455827207108	75824.333704	S	1.261125
01455851420712	75825.594829	W	0.018959
01455851784724	75825.613788	S	0.969184
01455870393060	75826.582972	W	0.023654
01455870847224	75826.606626	S	0.268210
01455875996860	75826.874836	W	0.018749
01455876356832	75826.893585	S	1.261234
01455900572524	75828.154819	W	0.018749
01455900932512	75828.173568	S	1.261244
01455925148388	75829.434812	W	0.018816
01455925509660	75829.453628	S	0.161413
01455928608788	75829.615041	W	0.014761
01455928892208	75829.629802	S	1.085022
01455949724636	75830.714825	W	0.018889
01455950087308	75830.733714	S	0.150732
01455952981360	75830.884446	W	0.018627
01455953339000	75830.903073	S	0.595571
01455964773968	75831.498644	W	0.019662
01455965151472	75831.518306	S	0.476501
01455974300284	75831.994806	W	0.021775
01455974718372	75832.016582	S	0.095515
01455976552268	75832.112097	W	0.014292
01455976826680	75832.126390	S	0.006108
01455976943944	75832.132497	W	0.014711
01455977226392	75832.147208	S	0.084991
01455978858220	75832.232199	W	0.014853
01455979143396	75832.247052	S	0.394054
01455986709228	75832.641106	W	0.022256
01455987136552	75832.663362	S	0.611451
01455998876416	75833.274813	W	0.018798
01455999237328	75833.293611	S	0.048436
01456000167300	75833.342047	W	0.016821
01456000490256	75833.358868	S	0.496504
01456010023124	75833.855371	W	0.016559
01456010341056	75833.871930	S	0.682866
01456023452080	75834.554796	W	0.018690
01456023810928	75834.573486	S	0.976250
01456042554928	75835.549736	W	0.063419
01456043772576	75835.613155	S	0.053346
01456044796812	75835.666501	W	0.014829
01456045081536	75835.681330	S	0.153484
01456048028428	75835.834814	W	0.018853
01456048390400	75835.853667	S	1.261108
01456072603676	75837.114775	W	0.018444
01456072957804	75837.133219	S	1.261566
01456097179868	75838.394785	W	0.018879
01456097542340	75838.413664	S	0.277506
01456102870448	75838.691169	W	0.022470
01456103301868	75838.713639	S	0.961147
01456121755892	75839.674786	W	0.018864
01456122118072	75839.693650	S	1.261107
01456146331328	75840.954757	W	0.018700
01456146690376	75840.973457	S	0.746012
01456161013816	75841.719470	W	0.023839
01456161471516	75841.743308	S	0.481458
01456170715512	75842.224766	W	0.047193
01456171621620	75842.271959	S	1.242804
01456195483452	75843.514763	W	0.018701
01456195842512	75843.533464	S	1.211883
01456219110660	75844.745347	W	0.021553
01456219524476	75844.766900	S	0.028192
01456220065756	75844.795091	W	0.018511
01456220421168	75844.813602	S	1.261130
01456244634872	75846.074733	W	0.018896
01456244997676	75846.093629	S	1.261140
01456269211568	75847.354769	W	0.018877
01456269574012	75847.373646	S	0.400736
01456277268148	75847.774383	W	0.014596
01456277548388	75847.788979	S	0.845778
01456293787324	75848.634756	W	0.018817
01456294148604	75848.653573	S	1.251132
01456318170348	75849.904706	W	0.085028
01456319802880	75849.989733	S	0.812398
01456335400920	75850.802131	W	0.014892
01456335686848	75850.817023	S	0.367718
01456342747032	75851.184741	W	0.075232
01456344191484	75851.259973	S	0.973467
01456362882048	75852.233440	W	0.022024
01456363304908	75852.255464	S	0.209262
01456367322740	75852.464726	W	0.038240
01456368056956	75852.502966	S	0.742820
01456382319092	75853.245786	W	0.023243
01456382765360	75853.269029	S	0.475693
01456391898660	75853.744722	W	0.068156
01456393207252	75853.812878	S	0.017883
01456393550612	75853.830761	W	0.014961
01456393837864	75853.845722	S	0.179875
01456397291460	75854.025597	W	0.014457
01456397569040	75854.040054	S	0.219808
01456401789356	75854.259862	W	0.023057
01456402232048	75854.282919	S	0.460178
01456411067464	75854.743097	W	0.014307
01456411342160	75854.757404	S	0.267295
01456416474220	75855.024699	W	0.077180
01456417956084	75855.101879	S	0.170764
01456421234752	75855.272643	W	0.024440
01456421704000	75855.297083	S	0.045442
01456422576492	75855.342526	W	0.099364
01456424484280	75855.441890	S	0.119435
01456426777436	75855.561325	W	0.122117
01456429122076	75855.683441	S	0.604485
01456440728188	75856.287926	W	0.054901
01456441782284	75856.342827	S	0.242122
01456446431024	75856.584949	W	0.540180
01456456802476	75857.125129	S	0.082299
01456458382624	75857.207428	W	0.017328
01456458715328	75857.224757	S	0.073154
01456460119884	75857.297911	W	0.022714
01456460555984	75857.320624	S	0.186577
01456464138268	75857.507201	W	0.013650
01456464400356	75857.520852	S	0.064179
01456465632588	75857.585031	W	0.076838
01456467107868	75857.661868	S	0.648973
01456479568148	75858.310841	W	0.022552
01456480001144	75858.333393	S	0.096556
01456481855028	75858.429949	W	0.014359
01456482130712	75858.444308	S	0.420400
01456490202400	75858.864708	W	0.038172
01456490935296	75858.902880	S	0.420942
01456499017392	75859.323822	W	0.024387
01456499485620	75859.348209	S	0.529199
01456509646244	75859.877409	W	0.014838
01456509931128	75859.892246	S	0.252449
01456514778148	75860.144695	W	0.047157
01456515683564	75860.191852	S	0.147416
01456518513944	75860.339268	W	0.022838
01456518952432	75860.362106	S	0.028758
01456519504580	75860.390864	W	0.237920
01456524072636	75860.628783	S	0.014304
01456524347272	75860.643087	W	0.082060
01456525922832	75860.725147	S	0.626306
01456537947900	75861.351453	W	0.016436
01456538263468	75861.367889	S	0.057127
01456539360316	75861.425016	W	0.037835
01456540086748	75861.462851	S	0.140320
01456542780892	75861.603171	W	0.014338
01456543056188	75861.617510	S	0.708508
01456556659536	75862.326018	W	0.014414
01456556936292	75862.340432	S	0.022124
01456557361080	75862.362556	W	0.023420
01456557810752	75862.385977	S	0.318702
01456563929836	75862.704679	W	0.076180
01456565392492	75862.780859	S	0.122543
01456567745324	75862.903402	W	0.022064
01456568168948	75862.925466	S	0.112284
01456570324796	75863.037750	W	0.014307
01456570599496	75863.052057	S	0.323439
01456576809528	75863.375496	W	0.014905
01456577095708	75863.390401	S	0.594259
01456588505488	75863.984661	W	0.047166
01456589411076	75864.031827	S	0.101677
01456591363280	75864.133504	W	15.030319
01456879945408	75879.163823	S	0.180794
01456883416652	75879.344617	W	0.068061
01456884723420	75879.412678	S	1.211919
01456907992272	75880.624598	W	0.077154
01456909473628	75880.701751	S	0.355749
01456916304016	75881.057501	W	0.021049
01456916708156	75881.078550	S	0.826072
01456932568736	75881.904622	W	0.047165
01456933474304	75881.951787	S	1.232774
01456957143556	75883.184560	W	0.047168
01456958049176	75883.231728	S	0.851041
01456974389156	75884.082769	W	0.014946
01456974676116	75884.097714	S	0.366865
01456981719920	75884.464579	W	0.038194
01456982453240	75884.502773	S	1.241768
01457006295188	75885.744541	W	0.077186
01457007777160	75885.821727	S	1.202845
01457030871792	75887.024572	W	0.038207
01457031605360	75887.062779	S	0.055259
01457032666324	75887.118038	W	0.014695
01457032948472	75887.132733	S	0.069596
01457034284716	75887.202329	W	0.014818
01457034569212	75887.217146	S	0.701995
01457048047516	75887.919141	W	0.014850
01457048332640	75887.933992	S	0.073516
01457049744152	75888.007508	W	0.000769
01457049758912	75888.008277	S	0.296286
01457055447596	75888.304562	W	0.038146
01457056180008	75888.342709	S	0.396475
01457063792328	75888.739184	W	0.014289
01457064066676	75888.753473	S	0.831101
01457080023816	75889.584574	W	0.038024
01457080753884	75889.622598	S	0.522077
01457090777756	75890.144675	W	0.023262
01457091224392	75890.167937	S	0.696606
01457104599236	75890.864544	W	0.046576
01457105493496	75890.911120	S	1.233407
01457129174904	75892.144526	W	0.080170
01457130714176	75892.224697	S	0.951615
01457148985180	75893.176311	W	0.014870
01457149270692	75893.191182	S	0.233371
01457153751420	75893.424553	W	0.038129
01457154483496	75893.462682	S	0.209474
01457158505392	75893.672156	W	0.014630
01457158786284	75893.686786	S	0.444586
01457167322328	75894.131371	W	0.000456
01457167331092	75894.131828	S	0.002203
01457167373384	75894.134030	W	0.000945
01457167391524	75894.134975	S	0.087430
01457169070172	75894.222405	W	1.652685
01457200801720	75895.875090	S	0.010389
01457201001192	75895.885479	W	0.014263
01457201275040	75895.899742	S	0.055464
01457202339956	75895.955206	W	0.001325
01457202365388	75895.956531	S	0.028305
01457202908848	75895.984836	W	0.046840
01457203808184	75896.031676	S	0.164872
01457206973732	75896.196549	W	0.023315
01457207421372	75896.219863	S	1.044659
01457227478828	75897.264522	W	0.038191
01457228212104	75897.302714	S	1.241778
01457252054248	75898.544492	W	0.047065
01457252957900	75898.591557	S	0.632325
01457265098532	75899.223882	W	0.014939
01457265385352	75899.238820	S	0.585732
01457276631404	75899.824552	W	0.047097
01457277535672	75899.871650	S	1.232847
01457301206336	75901.104497	W	0.047133
01457302111280	75901.151629	S	1.099812
01457323227668	75902.251441	W	0.020456
01457323620424	75902.271897	S	0.112604
01457325782428	75902.384501	W	0.038178
01457326515436	75902.422679	S	1.241795
01457350357892	75903.664474	W	0.047202
01457351264168	75903.711675	S	1.207858
01457374455040	75904.919533	W	0.014327
01457374730116	75904.933860	S	0.010965
01457374940640	75904.944825	W	0.037759
01457375665604	75904.982584	S	0.295006
01457381329724	75905.277590	W	0.023522
01457381781340	75905.301111	S	0.923386
01457399510356	75906.224498	W	0.046146
01457400396352	75906.270643	S	1.208904
01457423607308	75907.479547	W	0.072121
01457424992036	75907.551669	S	0.441129
01457433461720	75907.992798	W	0.015619
01457433761604	75908.008417	S	0.293964
01457439405712	75908.302381	W	0.014821
01457439690284	75908.317202	S	0.467275
01457448661956	75908.784477	W	0.077135
01457450142948	75908.861612	S	1.202825
01457473237196	75910.064437	W	0.038218
01457473970976	75910.102655	S	1.222616
01457497445196	75911.325271	W	0.096371
01457499295516	75911.421641	S	0.254968
01457504190896	75911.676609	W	0.027409
01457504717152	75911.704018	S	0.544789
01457515177092	75912.248807	W	0.014895
01457515463072	75912.263702	S	0.012798
01457515708800	75912.276500	W	0.014254
01457515982480	75912.290754	S	0.333682
01457522389168	75912.624436	W	0.076198
01457523852164	75912.700634	S	0.921555
01457541546024	75913.622189	W	0.027531
01457542074628	75913.649720	S	0.254793
01457546966652	75913.904513	W	0.047131
01457547871568	75913.951644	S	0.399435
01457555540728	75914.351080	W	0.023141
01457555985032	75914.374220	S	0.100132
01457557907560	75914.474352	W	0.001674
01457557939692	75914.476026	S	0.708401
01457571540996	75915.184427	W	0.068163
01457572849716	75915.252589	S	1.211823
01457596116712	75916.464412	W	0.077211
01457597599168	75916.541623	S	0.836494
01457613659848	75917.378117	W	0.014844
01457613944852	75917.392961	S	0.351460
01457620692880	75917.744421	W	0.068251
01457622003292	75917.812671	S	1.211742
01457645268744	75919.024414	W	0.068171
01457646577632	75919.092585	S	0.571651
01457657553340	75919.664236	W	0.014408
01457657829972	75919.678644	S	0.625790
01457669845136	75920.304434	W	0.077120
01457671325832	75920.381554	S	0.025478
01457671815008	75920.407032	W	0.022215
01457672241532	75920.429246	S	0.114975
01457674449056	75920.544222	W	0.088434
01457676146992	75920.632656	S	0.055214
01457677207092	75920.687869	W	0.087418
01457678885512	75920.775287	S	0.809132
01457694420852	75921.584419	W	0.047212
01457695327324	75921.631631	S	0.899378
01457712595384	75922.531010	W	0.026760
01457713109180	75922.557770	S	0.306645
01457718996756	75922.864414	W	0.077117
01457720477396	75922.941531	S	0.495337
01457729987864	75923.436868	W	0.023084
01457730431068	75923.459951	S	0.674006
01457743371992	75924.133958	W	0.057478
01457744475568	75924.191436	S	0.286321
01457749972940	75924.477757	W	0.026674
01457750485076	75924.504431	S	0.485782
01457759812096	75924.990213	W	0.018407
01457760165512	75925.008620	S	0.425752
01457768339952	75925.434373	W	0.021781
01457768758152	75925.456154	S	0.214242
01457772871600	75925.670396	W	0.312094
01457778863808	75925.982490	S	0.152201
01457781786060	75926.134691	W	0.000470
01457781795088	75926.135161	S	0.329714
01457788125588	75926.464874	W	0.022479
01457788557192	75926.487354	S	0.217012
01457792723820	75926.704366	W	0.078983
01457794240288	75926.783348	S	1.201016
01457817299796	75927.984364	W	0.047037
01457818202912	75928.031402	S	0.336848
01457824670396	75928.368250	W	0.024648
01457825143640	75928.392898	S	0.078972
01457826659904	75928.471870	W	0.014139
01457826931380	75928.486009	S	0.394336
01457834502628	75928.880345	W	0.014360
01457834778340	75928.894705	S	0.369674
01457841876080	75929.264379	W	0.077156
01457843357476	75929.341535	S	0.151466
01457846265632	75929.493002	W	0.020275
01457846654908	75929.513276	S	1.031116
01457866452340	75930.544393	W	0.077168
01457867933964	75930.621561	S	0.169409
01457871186624	75930.790970	W	0.088964
01457872894732	75930.879934	S	0.047909
01457873814576	75930.927842	W	0.087211
01457875489036	75931.015054	S	0.809309
01457891027768	75931.824363	W	0.076082
01457892488544	75931.900445	S	0.620246
01457904397272	75932.520691	W	0.014945
01457904684216	75932.535636	S	0.568743
01457915604084	75933.104379	W	0.067919
01457916908120	75933.172298	S	1.212031
01457940179120	75934.384329	W	0.077126
01457941659948	75934.461456	S	1.084219
01457962476944	75935.545674	W	0.014838
01457962761840	75935.560513	S	0.103820
01457964755184	75935.664333	W	0.076189
01457966218004	75935.740521	S	1.203802
01457989331008	75936.944323	W	0.145881
01457992131916	75937.090204	S	0.003434
01457992197848	75937.093638	W	0.001015
01457992217328	75937.094653	S	0.027176
01457992739116	75937.121829	W	0.001136
01457992760924	75937.122965	S	0.013197
01457993014304	75937.136162	W	0.000961
01457993032752	75937.137123	S	0.015296
01457993326428	75937.152418	W	0.001145
01457993348420	75937.153564	S	0.008581
01457993513168	75937.162144	W	0.001089
01457993534072	75937.163233	S	0.784068
01458008588176	75937.947301	W	0.058067
01458009703068	75938.005368	S	0.232960
01458014175892	75938.238328	W	0.039802
01458014940084	75938.278129	S	0.291231
01458020531720	75938.569360	W	0.014695
01458020813860	75938.584055	S	0.433689
01458029140680	75939.017744	W	0.014381
01458029416796	75939.032125	S	0.472220
01458038483428	75939.504345	W	0.038272
01458039218248	75939.542617	S	0.191861
01458042901980	75939.734478	W	0.014516
01458043180692	75939.748994	S	0.804721
01458058631340	75940.553716	W	0.014729
01458058914132	75940.568444	S	0.215887
01458063059160	75940.784331	W	0.046058
01458063943476	75940.830389	S	0.762978
01458078592652	75941.593367	W	0.015060
01458078881804	75941.608427	S	0.455894
01458087634972	75942.064321	W	0.047227
01458088541740	75942.111549	S	1.242749
01458112402520	75943.354298	W	0.019020
01458112767704	75943.373318	S	0.869847
01458129468776	75944.243165	W	0.014054
01458129738612	75944.257219	S	0.356991
01458136592844	75944.614211	W	0.055815
01458137664488	75944.670025	S	1.234283
01458161362720	75945.904308	W	0.038087
01458162093988	75945.942395	S	1.241916
01458185938772	75947.184311	W	0.046756
01458186836484	75947.231067	S	0.393972
01458194400748	75947.625039	W	0.014876
01458194686368	75947.639915	S	0.834396
01458210706768	75948.474311	W	0.019780
01458211086540	75948.494091	S	1.250191
01458235090208	75949.744282	W	0.037216
01458235804748	75949.781497	S	0.858491
01458252287772	75950.639988	W	0.014985
01458252575488	75950.654973	S	0.379309
01458259858216	75951.034282	W	0.019704
01458260236540	75951.053986	S	1.250300
01458284242304	75952.304287	W	0.037189
01458284956328	75952.341475	S	1.252794
01458309009980	75953.594270	W	0.022850
01458309448696	75953.617120	S	0.043524
01458310284352	75953.660643	W	0.015148
01458310575196	75953.675791	S	1.198494
01458333586284	75954.874286	W	0.019665
01458333963860	75954.893951	S	0.218209
01458338153464	75955.112160	W	0.014854
01458338438652	75955.127013	S	1.017251
01458357969876	75956.144264	W	0.037052
01458358681272	75956.181316	S	0.495877
01458368202116	75956.677194	W	0.023063
01458368644920	75956.700256	S	0.734001
01458382737732	75957.434257	W	0.019810
01458383118080	75957.454067	S	1.250147
01458407120896	75958.704213	W	0.280913
01458412514428	75958.985126	S	0.713480
01458426213236	75959.698606	W	0.013859
01458426479324	75959.712465	S	0.271784
01458431697568	75959.984248	W	0.069248
01458433027132	75960.053496	S	0.936307
01458451004224	75960.989803	W	0.063382
01458452221160	75961.053185	S	0.211054
01458456273388	75961.264239	W	0.085371
01458457912520	75961.349610	S	0.913097
01458475443988	75962.262708	W	0.014433
01458475721096	75962.277140	S	0.007966
01458475874040	75962.285106	W	0.014783
01458476157876	75962.299889	S	0.244326
01458480848932	75962.544215	W	0.038140
01458481581224	75962.582355	S	0.133191
01458484138496	75962.715547	W	0.014823
01458484423088	75962.730369	S	1.093874
01458505425468	75963.824243	W	0.047221
01458506332120	75963.871465	S	1.232734
01458530000612	75965.104199	W	0.166228
01458533192196	75965.270427	S	0.465599
01458542131696	75965.736026	W	0.014965
01458542419032	75965.750991	S	0.633214
01458554576744	75966.384205	W	0.068236
01458555886872	75966.452441	S	1.211751
01458579152484	75967.664192	W	0.077252
01458580635716	75967.741444	S	1.010204
01458600031624	75968.751647	W	0.023317
01458600479308	75968.774964	S	0.169226
01458603728448	75968.944190	W	0.077236
01458605211376	75969.021426	S	1.202748
01458628304136	75970.224174	W	0.343657
01458634902348	75970.567831	S	0.002840
01458634956884	75970.570671	W	0.000928
01458634974700	75970.571599	S	0.041625
01458635773900	75970.613224	W	0.001125
01458635795492	75970.614349	S	0.020436
01458636187860	75970.634784	W	0.001117
01458636209312	75970.635902	S	0.020424
01458636601456	75970.656326	W	0.000928
01458636619276	75970.657254	S	0.013583
01458636880064	75970.670837	W	0.001093
01458636901048	75970.671930	S	0.555248
01458647561804	75971.227177	W	0.059204
01458648698516	75971.286381	S	0.217810
01458652880476	75971.504191	W	0.135780
01458655487452	75971.639971	S	0.134722
01458658074124	75971.774694	W	0.014885
01458658359924	75971.789579	S	0.994607
01458677456372	75972.784186	W	0.038189
01458678189592	75972.822375	S	1.241807
01458702032288	75974.064182	W	0.038281
01458702767280	75974.102462	S	0.687920
01458715975344	75974.790382	W	0.014722
01458716258000	75974.805104	S	0.539092
01458726608576	75975.344197	W	0.118215
01458728878296	75975.462411	S	1.161739
01458751183692	75976.624151	W	0.076000
01458752642884	75976.700150	S	1.115142
01458774053604	75977.815292	W	0.014442
01458774330884	75977.829734	S	0.074766
01458775766388	75977.904499	W	0.046738
01458776663760	75977.951238	S	1.232909
01458800335604	75979.184146	W	0.103844
01458802329412	75979.287990	S	1.176367
01458824915664	75980.464357	W	0.037935
01458825644016	75980.502292	S	0.005574
01458825751028	75980.507866	W	0.014616
01458826031660	75980.522482	S	0.014317
01458826306540	75980.536799	W	0.001170
01458826329012	75980.537969	S	0.298728
01458832064596	75980.836698	W	0.014851
01458832349732	75980.851549	S	0.668069
01458845176652	75981.519617	W	0.014569
01458845456372	75981.534186	S	0.209903
01458849486508	75981.744089	W	0.119270
01458851776500	75981.863359	S	0.164957
01458854943680	75982.028317	W	0.015867
01458855248332	75982.044184	S	0.979901
01458874062432	75983.024085	W	0.047360
01458874971748	75983.071445	S	0.783334
01458890011756	75983.854779	W	0.014925
01458890298320	75983.869704	S	0.434369
01458898638196	75984.304073	W	0.076318
01458900103500	75984.380391	S	1.203641
01458923213416	75985.584032	W	0.114929
01458925420060	75985.698961	S	0.436459
01458933800064	75986.135420	W	0.001167
01458933822464	75986.136587	S	0.727535
01458947791136	75986.864122	W	0.047211
01458948697596	75986.911333	S	1.232753
01458972366448	75988.144086	W	0.108005
01458974440140	75988.252091	S	1.172000
01458996942544	75989.424091	W	0.068284
01458998253588	75989.492374	S	0.401350
01459005959512	75989.893725	W	0.031909
01459006572160	75989.925633	S	0.600709
01459018105780	75990.526343	W	0.019190
01459018474232	75990.545533	S	0.158580
01459021518968	75990.704113	W	0.077172
01459023000676	75990.781285	S	0.223435
01459027290636	75991.004721	W	0.051673
01459028282764	75991.056394	S	0.927704
01459046094688	75991.984098	W	0.143877
01459048857132	75992.127976	S	0.786938
01459063966340	75992.914914	W	0.014868
01459064251804	75992.929781	S	0.334312
01459070670596	75993.264094	W	0.119263
01459072960452	75993.383357	S	1.160737
01459095246612	75994.544094	W	0.069305
01459096577276	75994.613400	S	0.588095
01459107868708	75995.201495	W	0.014744
01459108151784	75995.216239	S	0.063799
01459109376716	75995.280037	W	0.001107
01459109397964	75995.281144	S	0.002377
01459109443608	75995.283521	W	0.001029
01459109463360	75995.284550	S	0.002514
01459109511620	75995.287064	W	0.001085
01459109532456	75995.288149	S	0.029453
01459110097952	75995.317602	W	0.000986
01459110116888	75995.318588	S	0.002674
01459110168224	75995.321262	W	0.069345
01459111499648	75995.390607	S	0.032352
01459112120800	75995.422958	W	0.194676
01459115858588	75995.617635	S	0.179774
01459119310248	75995.797409	W	0.017164
01459119639788	75995.814572	S	0.033732
01459120287448	75995.848305	W	0.000294
01459120293096	75995.848599	S	0.000265
01459120298176	75995.848863	W	0.000058
01459120299284	75995.848921	S	0.007117
01459120435940	75995.856039	W	0.000180
01459120439388	75995.856218	S	0.000264
01459120444456	75995.856482	W	0.000056
01459120445536	75995.856538	S	0.008312
01459120605128	75995.864850	W	0.000185
01459120608672	75995.865035	S	0.000264
01459120613732	75995.865299	W	0.000058
01459120614840	75995.865356	S	0.001949
01459120652264	75995.867305	W	0.000182
01459120655760	75995.867487	S	0.000261
01459120660776	75995.867749	W	0.000048
01459120661692	75995.867796	S	0.005500
01459120767288	75995.873296	W	0.000179
01459120770724	75995.873475	S	0.000260
01459120775712	75995.873735	W	0.000060
01459120776868	75995.873795	S	0.554796
01459131428956	75996.428591	W	0.000772
01459131443780	75996.429364	S	10.136587
01459326066244	76006.565950	W	0.413484
01459334005140	76006.979434	S	0.022771
01459334442352	76007.002206	W	0.000227
01459334446716	76007.002433	S	13.185640
01459587611004	76020.188073	W	0.022579
01459588044528	76020.210652	S	29.460996
01460153695656	76049.671649	W	0.021940
01460154116904	76049.693589	S	29.461153
01460719771032	76079.154741	W	0.022003
01460720193484	76079.176744	S	29.461353
01461285851464	76108.638097	W	0.047239
01461286758444	76108.685336	S	0.021739
01461287175832	76108.707075	W	0.000278
01461287181164	76108.707352	S	0.081505
01461288746052	76108.788857	W	0.001021
01461288765652	76108.789878	S	0.023489
01461289216644	76108.813367	W	0.000253
01461289221504	76108.813620	S	26.210807
01461792468996	76135.024427	W	20.112413
01462178627324	76155.136840	S	0.025633
01462179119484	76155.162473	W	0.014636
01462179400500	76155.177109	S	0.644572
01462191776280	76155.821681	W	0.031605
01462192383088	76155.853286	S	0.252922
01462197239196	76156.106208	W	0.014776
01462197522900	76156.120984	S	0.051491
01462198511520	76156.172475	W	0.014912
01462198797828	76156.187387	S	0.891378
01462215912276	76157.078764	W	0.054478
01462216958260	76157.133243	S	0.051489
01462217946848	76157.184732	W	0.024270
01462218412824	76157.209001	S	0.142869
01462221155900	76157.351870	W	0.104945
01462223170852	76157.456815	S	0.663300
01462235906216	76158.120115	W	0.087339
01462237583120	76158.207454	S	0.174231
01462240928352	76158.381685	W	0.031531
01462241533756	76158.413216	S	0.791262
01462256725988	76159.204479	W	0.014802
01462257010188	76159.219281	S	0.442346
01462265503232	76159.661627	W	0.031642
01462266110768	76159.693269	S	0.408003
01462273944424	76160.101272	W	0.014731
01462274227260	76160.116003	S	0.097462
01462276098540	76160.213466	W	0.023070
01462276541488	76160.236536	S	0.705080
01462290079024	76160.941616	W	0.066859
01462291362708	76161.008474	S	0.218183
01462295551824	76161.226657	W	0.024541
01462296023016	76161.251199	S	0.971807
01462314681708	76162.223006	W	0.047540
01462315594484	76162.270546	S	0.854117
01462331993532	76163.124663	W	0.014816
01462332277992	76163.139479	S	0.099507
01462334188520	76163.238985	W	0.087723
01462335872804	76163.326709	S	0.176284
01462339257448	76163.502992	W	0.047586
01462340171096	76163.550578	S	0.709069
01462353785224	76164.259647	W	0.014902
01462354071336	76164.274549	S	0.508433
01462363833256	76164.782982	W	0.038514
01462364572724	76164.821496	S	0.450359
01462373219612	76165.271855	W	0.023193
01462373664908	76165.295047	S	0.767923
01462388409032	76166.062970	W	0.038520
01462389148624	76166.101491	S	0.048021
01462390070628	76166.149512	W	0.014762
01462390354052	76166.164274	S	0.121103
01462392679232	76166.285377	W	0.021953
01462393100724	76166.307329	S	0.992006
01462412147232	76167.299335	W	0.023759
01462412603404	76167.323094	S	0.020212
01462412991480	76167.343306	W	0.289049
01462418541212	76167.632355	S	0.682135
01462431638200	76168.314490	W	0.022336
01462432067044	76168.336825	S	0.286138
01462437560892	76168.622963	W	0.047612
01462438475048	76168.670575	S	0.508173
01462448231972	76169.178749	W	0.014805
01462448516220	76169.193553	S	0.134880
01462451105924	76169.328434	W	0.014778
01462451389668	76169.343212	S	0.569774
01462462329328	76169.912986	W	0.019145
01462462696920	76169.932131	S	0.407817
01462470527000	76170.339948	W	0.022635
01462470961588	76170.362583	S	0.830369
01462486904680	76171.192952	W	0.019349
01462487276172	76171.212301	S	0.140123
01462489966524	76171.352423	W	0.014939
01462490253352	76171.367362	S	0.834856
01462506282580	76172.202218	W	0.014866
01462506568012	76172.217084	S	0.146609
01462509382908	76172.363693	W	0.023480
01462509833728	76172.387173	S	0.075770
01462511288504	76172.462943	W	0.037556
01462512009584	76172.500499	S	0.875610
01462528821304	76173.376110	W	0.023089
01462529264612	76173.399199	S	0.343746
01462535864528	76173.742944	W	0.037607
01462536586580	76173.780551	S	1.242349
01462560439680	76175.022900	W	0.037380
01462561157376	76175.060280	S	0.164056
01462564307256	76175.224336	W	0.014636
01462564588276	76175.238973	S	1.073964
01462585208384	76176.312937	W	0.054496
01462586254708	76176.367433	S	1.215496
01462609592232	76177.582929	W	0.038634
01462610334008	76177.621563	S	0.623041
01462622296404	76178.244604	W	0.022797
01462622734116	76178.267402	S	0.595520
01462634168092	76178.862921	W	0.055276
01462635229392	76178.918197	S	1.224711
01462658743848	76180.142909	W	0.047559
01462659656984	76180.190468	S	1.075174
01462680300328	76181.265642	W	0.014670
01462680581988	76181.280312	S	0.142593
01462683319776	76181.422905	W	0.046963
01462684221472	76181.469868	S	1.233026
01462707895572	76182.702894	W	0.046136
01462708781388	76182.749031	S	1.233864
01462732471568	76183.982894	W	0.038540
01462733211544	76184.021435	S	0.262201
01462738245812	76184.283636	W	0.014895
01462738531804	76184.298531	S	0.964368
01462757047676	76185.262900	W	0.038217
01462757781440	76185.301117	S	1.241762
01462781623276	76186.542879	W	0.047434
01462782534008	76186.590313	S	0.710288
01462796171544	76187.300601	W	0.014880
01462796457240	76187.315481	S	0.507397
01462806199260	76187.822878	W	0.047160
01462807104736	76187.870038	S	0.137935
01462809753080	76188.007973	W	0.001103
01462809774256	76188.009076	S	1.093781
01462830774856	76189.102857	W	0.046393
01462831665604	76189.149250	S	1.176897
01462854262036	76190.326148	W	0.014271
01462854536040	76190.340419	S	0.042778
01462855357380	76190.383197	W	0.038138
01462856089636	76190.421335	S	1.251509
01462880118616	76191.672845	W	0.018731
01462880478256	76191.691576	S	1.251266
01462904502560	76192.942842	W	0.037416
01462905220944	76192.980258	S	0.321127
01462911386588	76193.301385	W	0.038615
01462912128000	76193.340000	S	0.007500
01462912272008	76193.347500	W	0.014766
01462912555524	76193.362267	S	0.860592
01462929078888	76194.222859	W	0.037471
01462929798340	76194.260330	S	0.553139
01462940418608	76194.813469	W	0.014507
01462940697136	76194.827976	S	0.087934
01462942385460	76194.915909	W	0.014235
01462942658772	76194.930144	S	0.572698
01462953654572	76195.502842	W	0.055392
01462954718108	76195.558235	S	0.264829
01462959802820	76195.823064	W	5.324925
01463062041376	76201.147988	S	0.459108
01463070856240	76201.607096	W	0.001710
01463070889080	76201.608806	S	0.098809
01463072786220	76201.707616	W	0.007071
01463072921992	76201.714687	S	0.093058
01463074708696	76201.807745	W	0.000442
01463074717176	76201.808186	S	0.094611
01463076533704	76201.902797	W	0.038403
01463077271036	76201.941200	S	0.469772
01463086290664	76202.410972	W	0.014822
01463086575244	76202.425794	S	0.757037
01463101110348	76203.182831	W	0.055207
01463102170328	76203.238038	S	0.359129
01463109065608	76203.597167	W	0.034986
01463109737332	76203.632153	S	0.000340
01463109743860	76203.632493	W	0.000066
01463109745120	76203.632558	S	0.001039
01463109765064	76203.633597	W	0.000452
01463109773744	76203.634049	S	0.003475
01463109840472	76203.637525	W	0.007231
01463109979316	76203.644756	S	0.000313
01463109985316	76203.645069	W	0.000056
01463109986384	76203.645124	S	0.052520
01463110994776	76203.697645	W	0.000176
01463110998148	76203.697820	S	0.046731
01463111895380	76203.744551	W	0.000758
01463111909936	76203.745309	S	0.000277
01463111915256	76203.745586	W	0.003676
01463111985836	76203.749262	S	0.001319
01463112011160	76203.750581	W	0.002268
01463112054704	76203.752849	S	0.000291
01463112060288	76203.753140	W	0.000061
01463112061452	76203.753201	S	0.002511
01463112109668	76203.755712	W	0.000313
01463112115668	76203.756024	S	0.000274
01463112120920	76203.756298	W	0.002022
01463112159748	76203.758320	S	0.039343
01463112915124	76203.797663	W	0.000455
01463112923852	76203.798117	S	0.051395
01463113910644	76203.849513	W	0.002475
01463113958164	76203.851988	S	0.098098
01463115841636	76203.950085	W	0.002135
01463115882624	76203.952220	S	0.201062
01463119743012	76204.153282	W	0.001519
01463119772176	76204.154801	S	0.002053
01463119811596	76204.156854	W	0.002777
01463119864908	76204.159631	S	0.005898
01463119978152	76204.165529	W	0.002375
01463120023748	76204.167904	S	0.002011
01463120062368	76204.169915	W	0.001089
01463120083284	76204.171004	S	0.001905
01463120119856	76204.172909	W	0.001414
01463120147004	76204.174323	S	0.001958
01463120184604	76204.176281	W	0.000908
01463120202036	76204.177189	S	0.285570
01463125684980	76204.462759	W	0.046962
01463126586644	76204.509721	S	0.048527
01463127518356	76204.558248	W	0.001565
01463127548400	76204.559812	S	0.002079
01463127588312	76204.561891	W	0.001049
01463127608460	76204.562941	S	0.001910
01463127645140	76204.564851	W	0.002242
01463127688188	76204.567093	S	0.002061
01463127727768	76204.569155	W	0.001395
01463127754552	76204.570550	S	0.001954
01463127792072	76204.572504	W	0.002083
01463127832060	76204.574586	S	0.002049
01463127871396	76204.576635	W	0.001049
01463127891536	76204.577684	S	0.001889
01463127927804	76204.579573	W	0.002065
01463127967460	76204.581639	S	0.002088
01463128007556	76204.583727	W	0.001081
01463128028320	76204.584808	S	0.002237
01463128071268	76204.587045	W	0.002554
01463128120296	76204.589599	S	0.002037
01463128159412	76204.591636	W	0.000932
01463128177300	76204.592568	S	0.006315
01463128298544	76204.598882	W	0.007896
01463128450156	76204.606779	S	0.002157
01463128491568	76204.608936	W	0.001090
01463128512496	76204.610026	S	0.007804
01463128662324	76204.617829	W	0.003645
01463128732316	76204.621475	S	0.002144
01463128773488	76204.623619	W	0.002921
01463128829580	76204.626541	S	0.002034
01463128868632	76204.628575	W	0.000969
01463128887228	76204.629543	S	0.001914
01463128923976	76204.631457	W	0.001855
01463128959592	76204.633312	S	0.002042
01463128998796	76204.635354	W	0.001053
01463129019008	76204.636407	S	0.002860
01463129073928	76204.639267	W	0.003995
01463129150636	76204.643262	S	0.002110
01463129191156	76204.645373	W	0.001255
01463129215260	76204.646628	S	0.002133
01463129256216	76204.648761	W	0.001326
01463129281668	76204.650087	S	0.002017
01463129320388	76204.652104	W	0.001088
01463129341284	76204.653192	S	0.001931
01463129378352	76204.655123	W	0.002020
01463129417136	76204.657143	S	0.002050
01463129456492	76204.659192	W	0.002469
01463129503900	76204.661661	S	0.002024
01463129542764	76204.663686	W	0.002956
01463129599512	76204.666641	S	0.080646
01463131147920	76204.747287	W	0.001725
01463131181032	76204.749012	S	0.002056
01463131220504	76204.751068	W	0.002926
01463131276676	76204.753994	S	0.002047
01463131315972	76204.756040	W	0.001110
01463131337292	76204.757151	S	0.001935
01463131374452	76204.759086	W	0.001889
01463131410728	76204.760975	S	0.002055
01463131450184	76204.763030	W	0.001073
01463131470788	76204.764104	S	0.001903
01463131507332	76204.766007	W	0.001020
01463131526912	76204.767027	S	0.001880
01463131563008	76204.768907	W	0.002482
01463131610664	76204.771389	S	0.002092
01463131650824	76204.773480	W	0.002859
01463131705724	76204.776340	S	0.002020
01463131744508	76204.778360	W	0.001000
01463131763708	76204.779360	S	0.003283
01463131826744	76204.782643	W	0.001130
01463131848440	76204.783773	S	0.002089
01463131888540	76204.785861	W	0.002519
01463131936904	76204.788380	S	0.002032
01463131975924	76204.790413	W	0.003277
01463132038836	76204.793689	S	0.002087
01463132078912	76204.795777	W	0.001075
01463132099552	76204.796852	S	0.001892
01463132135884	76204.798744	W	0.002143
01463132177032	76204.800887	S	0.002046
01463132216320	76204.802933	W	0.003302
01463132279716	76204.806235	S	0.002062
01463132319308	76204.808297	W	0.002864
01463132374288	76204.811161	S	0.002047
01463132413596	76204.813208	W	0.001089
01463132434512	76204.814297	S	0.001907
01463132471136	76204.816205	W	0.001744
01463132504628	76204.817949	S	0.002042
01463132543828	76204.819991	W	0.001144
01463132565792	76204.821135	S	0.001912
01463132602508	76204.823047	W	0.001745
01463132636008	76204.824792	S	0.002042
01463132675212	76204.826834	W	0.001532
01463132704632	76204.828366	S	0.002280
01463132748412	76204.830646	W	0.002832
01463132802796	76204.833479	S	0.002046
01463132842084	76204.835525	W	0.002848
01463132896756	76204.838373	S	0.002077
01463132936628	76204.840449	W	0.003223
01463132998500	76204.843672	S	0.002026
01463133037404	76204.845698	W	0.000945
01463133055540	76204.846643	S	0.001896
01463133091944	76204.848539	W	0.001547
01463133121652	76204.850086	S	0.002065
01463133161296	76204.852151	W	0.003262
01463133223932	76204.855413	S	0.002049
01463133263268	76204.857462	W	0.001067
01463133283748	76204.858529	S	0.001917
01463133320556	76204.860446	W	0.001011
01463133339968	76204.861457	S	0.001892
01463133376288	76204.863348	W	0.001884
01463133412464	76204.865233	S	0.004047
01463133490172	76204.869280	W	0.002747
01463133542916	76204.872027	S	0.002054
01463133582344	76204.874080	W	0.001063
01463133602748	76204.875143	S	0.003795
01463133675620	76204.878939	W	0.000923
01463133693340	76204.879861	S	0.001904
01463133729904	76204.881766	W	0.001841
01463133765260	76204.883607	S	0.004245
01463133846756	76204.887852	W	0.002729
01463133899160	76204.890581	S	0.002060
01463133938708	76204.892641	W	0.002925
01463133994860	76204.895566	S	0.002053
01463134034268	76204.897618	W	0.001020
01463134053856	76204.898638	S	0.001875
01463134089848	76204.900513	W	0.004124
01463134169024	76204.904637	S	0.002576
01463134218492	76204.907213	W	0.002831
01463134272848	76204.910044	S	0.002042
01463134312048	76204.912086	W	0.000953
01463134330352	76204.913039	S	0.001897
01463134366768	76204.914936	W	0.001303
01463134391776	76204.916238	S	0.002009
01463134430340	76204.918247	W	0.001080
01463134451084	76204.919327	S	0.001916
01463134487880	76204.921244	W	0.002083
01463134527872	76204.923327	S	0.002046
01463134567148	76204.925372	W	0.002963
01463134624044	76204.928336	S	0.002039
01463134663196	76204.930375	W	0.003377
01463134728040	76204.933752	S	0.002059
01463134767564	76204.935811	W	0.001050
01463134787720	76204.936860	S	0.001891
01463134824024	76204.938751	W	0.002065
01463134863680	76204.940817	S	0.002028
01463134902620	76204.942845	W	0.001045
01463134922676	76204.943889	S	0.002988
01463134980048	76204.946877	W	0.001351
01463135005980	76204.948228	S	0.001903
01463135042516	76204.950131	W	0.001390
01463135069208	76204.951521	S	0.002030
01463135108192	76204.953552	W	0.001076
01463135128844	76204.954627	S	0.001899
01463135165308	76204.956526	W	0.001016
01463135184816	76204.957542	S	0.001893
01463135221156	76204.959435	W	0.001000
01463135240360	76204.960435	S	0.001885
01463135276552	76204.962320	W	0.001150
01463135298628	76204.963470	S	0.001972
01463135336496	76204.965443	W	0.000930
01463135354352	76204.966372	S	0.002140
01463135395436	76204.968512	W	0.001070
01463135415976	76204.969582	S	0.001915
01463135452736	76204.971497	W	0.001299
01463135477672	76204.972795	S	0.002002
01463135516120	76204.974798	W	0.001060
01463135536464	76204.975858	S	0.001899
01463135572916	76204.977756	W	0.001007
01463135592252	76204.978763	S	0.001872
01463135628192	76204.980635	W	0.002538
01463135676920	76204.983173	S	0.002021
01463135715728	76204.985194	W	0.001068
01463135736224	76204.986262	S	0.002013
01463135774876	76204.988275	W	0.001003
01463135794140	76204.989278	S	0.001888
01463135830384	76204.991166	W	0.002054
01463135869812	76204.993219	S	0.002022
01463135908644	76204.995242	W	0.001042
01463135928652	76204.996284	S	0.001905
01463135965224	76204.998189	W	0.001833
01463136000424	76205.000022	S	0.002041
01463136039604	76205.002063	W	0.001448
01463136067412	76205.003511	S	0.002817
01463136121496	76205.006328	W	0.001067
01463136141984	76205.007395	S	0.001905
01463136178568	76205.009300	W	0.001738
01463136211944	76205.011039	S	0.002025
01463136250824	76205.013064	W	0.001023
01463136270468	76205.014087	S	0.001886
01463136306684	76205.015973	W	0.002249
01463136349864	76205.018222	S	0.002032
01463136388880	76205.020254	W	0.001053
01463136409104	76205.021308	S	0.001892
01463136445436	76205.023200	W	0.002049
01463136484780	76205.025249	S	0.002026
01463136523676	76205.027275	W	0.000913
01463136541200	76205.028187	S	0.001932
01463136578292	76205.030119	W	0.001790
01463136612660	76205.031909	S	0.002018
01463136651396	76205.033927	W	0.001077
01463136672084	76205.035004	S	0.001895
01463136708472	76205.036900	W	0.002873
01463136763628	76205.039772	S	0.002029
01463136802584	76205.041801	W	0.002933
01463136858888	76205.044734	S	0.002030
01463136897864	76205.046764	W	0.002980
01463136955084	76205.049744	S	0.002112
01463136995632	76205.051856	W	0.001096
01463137016676	76205.052952	S	0.001899
01463137053140	76205.054851	W	0.002724
01463137105440	76205.057575	S	0.002068
01463137145152	76205.059643	W	0.001038
01463137165088	76205.060682	S	0.001877
01463137201124	76205.062559	W	0.002841
01463137255668	76205.065399	S	0.002065
01463137295312	76205.067464	W	0.001026
01463137315020	76205.068491	S	0.001880
01463137351112	76205.070370	W	0.002794
01463137404756	76205.073164	S	0.002038
01463137443880	76205.075202	W	0.002955
01463137500612	76205.078157	S	0.002049
01463137539960	76205.080206	W	0.003167
01463137600764	76205.083373	S	0.002047
01463137640072	76205.085420	W	0.002982
01463137697320	76205.088402	S	0.002041
01463137736508	76205.090443	W	0.001052
01463137756712	76205.091495	S	0.002171
01463137798392	76205.093666	W	0.001943
01463137835704	76205.095610	S	0.002037
01463137874820	76205.097647	W	0.001095
01463137895848	76205.098742	S	0.001915
01463137932620	76205.100657	W	0.002236
01463137975560	76205.102894	S	0.002064
01463138015180	76205.104957	W	0.003327
01463138079056	76205.108284	S	0.002088
01463138119144	76205.110372	W	0.002923
01463138175260	76205.113295	S	0.002048
01463138214580	76205.115343	W	0.002637
01463138265208	76205.117980	S	0.002026
01463138304104	76205.120005	W	0.003334
01463138368112	76205.123339	S	0.002041
01463138407308	76205.125381	W	0.003010
01463138465108	76205.128391	S	0.002030
01463138504076	76205.130421	W	0.001110
01463138525384	76205.131530	S	0.001915
01463138562148	76205.133445	W	0.002159
01463138603608	76205.135605	S	0.002032
01463138642616	76205.137636	W	0.002913
01463138698536	76205.140549	S	0.002034
01463138737588	76205.142583	W	0.002447
01463138784576	76205.145030	S	0.002041
01463138823760	76205.147071	W	0.001056
01463138844028	76205.148126	S	0.001916
01463138880812	76205.150042	W	0.002828
01463138935100	76205.152870	S	0.002097
01463138975372	76205.154967	W	0.002652
01463139026284	76205.157619	S	0.002048
01463139065604	76205.159667	W	0.001063
01463139086004	76205.160729	S	0.002184
01463139127944	76205.162914	W	0.002714
01463139180048	76205.165627	S	0.002054
01463139219492	76205.167682	W	0.001065
01463139239940	76205.168747	S	0.002805
01463139293788	76205.171551	W	0.002769
01463139346944	76205.174320	S	0.002035
01463139386020	76205.176355	W	0.000949
01463139404236	76205.177304	S	0.001902
01463139440752	76205.179206	W	0.001323
01463139466148	76205.180529	S	0.002002
01463139504596	76205.182531	W	0.001145
01463139526576	76205.183676	S	0.001919
01463139563420	76205.185595	W	0.002214
01463139605920	76205.187808	S	0.003405
01463139671288	76205.191213	W	0.002539
01463139720040	76205.193752	S	0.002028
01463139758972	76205.195780	W	0.000948
01463139777168	76205.196728	S	0.002509
01463139825348	76205.199237	W	0.003047
01463139883860	76205.202284	S	0.002759
01463139936832	76205.205043	W	0.002758
01463139989788	76205.207801	S	0.002059
01463140029320	76205.209860	W	0.001097
01463140050376	76205.210957	S	0.002010
01463140088964	76205.212967	W	0.001323
01463140114360	76205.214290	S	0.002004
01463140152836	76205.216294	W	0.001286
01463140177520	76205.217579	S	0.001943
01463140214828	76205.219522	W	0.002605
01463140264852	76205.222128	S	0.002041
01463140304044	76205.224169	W	0.001053
01463140324256	76205.225222	S	0.001875
01463140360256	76205.227097	W	0.001014
01463140379732	76205.228111	S	0.002175
01463140421500	76205.230286	W	0.001421
01463140448784	76205.231708	S	0.002009
01463140487356	76205.233716	W	0.000989
01463140506344	76205.234705	S	0.002968
01463140563328	76205.237673	W	0.002959
01463140620144	76205.240633	S	0.002040
01463140659312	76205.242672	W	0.002468
01463140706704	76205.245141	S	0.002021
01463140745504	76205.247162	W	0.001098
01463140766588	76205.248260	S	0.001912
01463140803292	76205.250171	W	0.002146
01463140844488	76205.252317	S	0.002060
01463140884032	76205.254377	W	0.002952
01463140940708	76205.257329	S	0.002058
01463140980220	76205.259386	W	0.002827
01463141034496	76205.262213	S	0.002046
01463141073788	76205.264260	W	0.001064
01463141094216	76205.265324	S	0.001889
01463141130480	76205.267212	W	0.002643
01463141181228	76205.269856	S	0.002029
01463141220184	76205.271885	W	0.002700
01463141272016	76205.274584	S	0.002059
01463141311556	76205.276644	W	0.001060
01463141331904	76205.277703	S	0.001880
01463141368000	76205.279583	W	0.000998
01463141387164	76205.280581	S	0.002217
01463141429724	76205.282798	W	0.001336
01463141455380	76205.284134	S	0.002016
01463141494088	76205.286150	W	0.002867
01463141549128	76205.289017	S	0.002038
01463141588264	76205.291055	W	0.001009
01463141607636	76205.292064	S	0.001878
01463141643684	76205.293942	W	0.001090
01463141664608	76205.295032	S	0.002430
01463141711256	76205.297461	W	0.001735
01463141744560	76205.299196	S	0.002022
01463141783380	76205.301218	W	0.002918
01463141839408	76205.304136	S	0.002059
01463141878944	76205.306195	W	0.002884
01463141934324	76205.309079	S	0.002053
01463141973736	76205.311132	W	0.001018
01463141993280	76205.312150	S	0.002863
01463142048244	76205.315013	W	0.230950
01463146482488	76205.545963	S	0.002120
01463146523184	76205.548082	W	0.344853
01463153144368	76205.892936	S	0.000664
01463153157124	76205.893600	W	0.000373
01463153164292	76205.893974	S	0.000274
01463153169544	76205.894247	W	0.002381
01463153215260	76205.896628	S	0.000303
01463153221080	76205.896931	W	0.000063
01463153222292	76205.896994	S	0.000926
01463153240068	76205.897920	W	0.000329
01463153246388	76205.898249	S	0.000250
01463153251192	76205.898500	W	0.268971
01463158415428	76206.167470	S	0.000351
01463158422172	76206.167821	W	0.000074
01463158423588	76206.167895	S	0.001555
01463158453452	76206.169451	W	0.000329
01463158459760	76206.169779	S	0.000273
01463158465008	76206.170053	W	0.002260
01463158508392	76206.172312	S	0.000268
01463158513540	76206.172580	W	0.000068
01463158514836	76206.172648	S	0.001065
01463158535288	76206.173713	W	0.071138
01463159901132	76206.244851	S	0.002141
01463159942248	76206.246992	W	0.001104
01463159963436	76206.248096	S	0.002075
01463160003280	76206.250171	W	0.001694
01463160035804	76206.251865	S	0.002057
01463160075300	76206.253922	W	0.003017
01463160133220	76206.256939	S	0.002069
01463160172948	76206.259008	W	0.002793
01463160226572	76206.261801	S	0.002047
01463160265868	76206.263847	W	0.002740
01463160318480	76206.266587	S	0.002047
01463160357784	76206.268635	W	0.002863
01463160412748	76206.271497	S	0.002055
01463160452212	76206.273553	W	0.002742
01463160504860	76206.276295	S	0.002038
01463160543988	76206.278333	W	0.001065
01463160564444	76206.279398	S	0.001900
01463160600924	76206.281298	W	0.084219
01463162217928	76206.365517	S	0.001080
01463162238660	76206.366597	W	0.000339
01463162245176	76206.366936	S	0.000272
01463162250404	76206.367209	W	0.000057
01463162251504	76206.367266	S	0.000446
01463162260064	76206.367712	W	0.002195
01463162302212	76206.369907	S	0.000295
01463162307884	76206.370202	W	0.000097
01463162309756	76206.370300	S	0.001169
01463162332192	76206.371468	W	0.000314
01463162338216	76206.371782	S	0.000250
01463162343024	76206.372033	W	0.068151
01463163651532	76206.440184	S	0.002122
01463163692268	76206.442306	W	0.002941
01463163748732	76206.445246	S	0.002073
01463163788540	76206.447320	W	0.002845
01463163843160	76206.450165	S	0.002038
01463163882296	76206.452203	W	0.002821
01463163936464	76206.455024	S	0.002061
01463163976036	76206.457085	W	0.002990
01463164033452	76206.460076	S	0.002032
01463164072472	76206.462108	W	0.002951
01463164129140	76206.465059	S	0.002152
01463164170464	76206.467212	W	0.002866
01463164225500	76206.470078	S	0.002051
01463164264872	76206.472129	W	0.001068
01463164285372	76206.473196	S	0.001901
01463164321864	76206.475097	W	0.001682
01463164354160	76206.476779	S	0.002026
01463164393060	76206.478805	W	0.001269
01463164417420	76206.480074	S	0.001920
01463164454288	76206.481994	W	0.001369
01463164480576	76206.483363	S	0.001990
01463164518788	76206.485354	W	0.002772
01463164572016	76206.488126	S	0.002043
01463164611232	76206.490168	W	0.002752
01463164664068	76206.492920	S	0.002039
01463164703220	76206.494959	W	0.002790
01463164756780	76206.497749	S	0.002049
01463164796128	76206.499798	W	0.002890
01463164851612	76206.502688	S	0.002039
01463164890768	76206.504727	W	0.002877
01463164946012	76206.507605	S	0.002088
01463164986104	76206.509693	W	0.002420
01463165032560	76206.512113	S	0.002024
01463165071424	76206.514137	W	0.003225
01463165133336	76206.517361	S	0.002060
01463165172884	76206.519421	W	0.002803
01463165226704	76206.522224	S	0.002045
01463165265976	76206.524270	W	0.002744
01463165318656	76206.527013	S	0.002041
01463165357844	76206.529054	W	0.002917
01463165413848	76206.531971	S	0.002035
01463165452920	76206.534006	W	0.002813
01463165506928	76206.536819	S	0.002037
01463165546032	76206.538856	W	0.002753
01463165598888	76206.541609	S	0.002035
01463165637956	76206.543644	W	0.002593
01463165687736	76206.546236	S	0.002041
01463165726916	76206.548277	W	0.001014
01463165746380	76206.549291	S	0.001866
01463165782212	76206.551157	W	0.002736
01463165834752	76206.553893	S	0.002042
01463165873964	76206.555936	W	0.003071
01463165932920	76206.559006	S	0.002064
01463165972544	76206.561070	W	0.001123
01463165994096	76206.562193	S	0.001904
01463166030656	76206.564097	W	0.001778
01463166064788	76206.565874	S	0.002024
01463166103652	76206.567899	W	0.001287
01463166128356	76206.569185	S	0.001944
01463166165672	76206.571129	W	0.001668
01463166197692	76206.572796	S	0.002025
01463166236572	76206.574821	W	0.016648
01463166556208	76206.591469	S	0.002084
01463166596228	76206.593554	W	0.003237
01463166658384	76206.596791	S	0.002065
01463166698024	76206.598855	W	0.007362
01463166839376	76206.606217	S	0.002150
01463166880656	76206.608367	W	0.003007
01463166938384	76206.611374	S	0.002054
01463166977812	76206.613428	W	0.003134
01463167037992	76206.616562	S	0.002054
01463167077424	76206.618616	W	0.002806
01463167131292	76206.621421	S	0.002064
01463167170916	76206.623485	W	0.002754
01463167223792	76206.626239	S	0.002020
01463167262568	76206.628259	W	0.001432
01463167290056	76206.629690	S	0.001918
01463167326888	76206.631609	W	0.001711
01463167359732	76206.633319	S	0.002033
01463167398768	76206.635353	W	0.002783
01463167452200	76206.638135	S	0.002036
01463167491288	76206.640171	W	0.002713
01463167543376	76206.642884	S	0.002023
01463167582220	76206.644907	W	0.002870
01463167637320	76206.647777	S	0.002038
01463167676444	76206.649815	W	0.001319
01463167701764	76206.651134	S	0.001928
01463167738788	76206.653062	W	0.001366
01463167765024	76206.654428	S	0.002000
01463167803420	76206.656428	W	0.002807
01463167857320	76206.659235	S	0.002059
01463167896860	76206.661295	W	0.001087
01463167917728	76206.662382	S	0.001900
01463167954204	76206.664281	W	0.001334
01463167979812	76206.665615	S	0.002005
01463168018300	76206.667620	W	0.000930
01463168036160	76206.668550	S	0.001900
01463168072640	76206.670450	W	0.002882
01463168127980	76206.673332	S	0.002042
01463168167180	76206.675374	W	0.003186
01463168228352	76206.678560	S	0.002049
01463168267688	76206.680609	W	0.002967
01463168324656	76206.683576	S	0.002047
01463168363952	76206.685622	W	0.002769
01463168417108	76206.688391	S	0.002028
01463168456040	76206.690419	W	0.002765
01463168509120	76206.693183	S	0.002044
01463168548360	76206.695227	W	0.002597
01463168598224	76206.697824	S	0.002034
01463168637268	76206.699858	W	0.001095
01463168658288	76206.700953	S	0.001917
01463168695088	76206.702869	W	0.002132
01463168736028	76206.705001	S	0.002036
01463168775120	76206.707038	W	0.002826
01463168829384	76206.709864	S	0.002087
01463168869464	76206.711951	W	0.024052
01463169331256	76206.736003	S	0.002094
01463169371456	76206.738097	W	0.002894
01463169427012	76206.740990	S	0.002053
01463169466428	76206.743043	W	0.002740
01463169519040	76206.745783	S	0.002054
01463169558472	76206.747837	W	0.002796
01463169612148	76206.750633	S	0.002031
01463169651144	76206.752664	W	0.002255
01463169694448	76206.754919	S	0.002014
01463169733108	76206.756933	W	0.001065
01463169753548	76206.757997	S	0.035936
01463170443512	76206.793933	W	0.026528
01463170952856	76206.820461	S	0.178232
01463174374904	76206.998693	W	0.313323
01463180390712	76207.312016	S	0.991099
01463199419820	76208.303116	W	0.068766
01463200740120	76208.371881	S	0.062204
01463201934428	76208.434085	W	0.023181
01463202379500	76208.457266	S	0.589836
01463213704352	76209.047102	W	0.014290
01463213978720	76209.061392	S	0.389941
01463221465592	76209.451333	W	0.015299
01463221759340	76209.466632	S	0.116561
01463223997320	76209.583194	W	0.048155
01463224921892	76209.631349	S	0.711694
01463238586424	76210.343043	W	0.087438
01463240265232	76210.430481	S	0.030445
01463240849768	76210.460925	W	0.015514
01463241147628	76210.476439	S	0.003895
01463241222412	76210.480334	W	0.085937
01463242872400	76210.566271	S	0.032126
01463243489216	76210.598397	W	0.236482
01463248029668	76210.834879	S	0.014119
01463248300760	76210.848998	W	0.091097
01463250049828	76210.940095	S	0.506468
01463259774020	76211.446564	W	0.015103
01463260063996	76211.461666	S	0.008666
01463260230380	76211.470332	W	0.014739
01463260513360	76211.485071	S	0.658034
01463273147604	76212.143104	W	0.120261
01463275456608	76212.263365	S	0.214395
01463279573000	76212.477760	W	0.015248
01463279865760	76212.493008	S	0.930101
01463297723696	76213.423109	W	0.038129
01463298455776	76213.461238	S	0.026151
01463298957872	76213.487389	W	0.014734
01463299240768	76213.502123	S	0.562623
01463310043136	76214.064747	W	0.014618
01463310323792	76214.079364	S	0.389729
01463317806580	76214.469093	W	0.014956
01463318093744	76214.484049	S	0.013728
01463318357324	76214.497777	W	0.014739
01463318640312	76214.512516	S	0.190579
01463322299420	76214.703095	W	0.048120
01463323223332	76214.751215	S	0.755923
01463337737048	76215.507138	W	0.014955
01463338024188	76215.522093	S	0.078229
01463339526180	76215.600322	W	0.086187
01463341180964	76215.686509	S	0.296593
01463346875552	76215.983102	W	0.048182
01463347800648	76216.031284	S	0.485920
01463357130320	76216.517204	W	0.014894
01463357416288	76216.532098	S	0.730993
01463371451344	76217.263091	W	0.151292
01463374356148	76217.414383	S	0.076500
01463375824948	76217.490883	W	0.014740
01463376107956	76217.505623	S	0.020582
01463376503124	76217.526204	W	0.022740
01463376939736	76217.548945	S	0.988960
01463395927764	76218.537904	W	0.053186
01463396948944	76218.591091	S	0.955515
01463415294824	76219.546605	W	0.015123
01463415585176	76219.561728	S	0.261364
01463420603368	76219.823092	W	0.048193
01463421528676	76219.871285	S	0.641161
01463433838964	76220.512446	W	0.013385
01463434095960	76220.525831	S	0.030887
01463434688984	76220.556718	W	0.022907
01463435128804	76220.579625	S	0.523453
01463445179096	76221.103078	W	0.039157
01463445930920	76221.142235	S	0.425973
01463454109600	76221.568208	W	0.015022
01463454398020	76221.583230	S	0.799839
01463469754924	76222.383069	W	0.048119
01463470678804	76222.431188	S	0.147042
01463473502004	76222.578229	W	0.022711
01463473938064	76222.600941	S	0.931765
01463491827948	76223.532706	W	0.014876
01463492113564	76223.547581	S	0.043146
01463492941960	76223.590727	W	0.014577
01463493221832	76223.605304	S	0.058089
01463494337136	76223.663393	W	0.047907
01463495256956	76223.711300	S	0.888382
01463512313884	76224.599681	W	0.014918
01463512600308	76224.614599	S	0.328471
01463518906960	76224.943071	W	0.039124
01463519658144	76224.982195	S	0.627422
01463531704640	76225.609617	W	0.044956
01463532567796	76225.654573	S	0.002196
01463532609964	76225.656769	W	0.001068
01463532630468	76225.657837	S	0.092480
01463534406084	76225.750317	W	0.001122
01463534427632	76225.751439	S	0.481584
01463543674036	76226.233023	W	0.056125
01463544751640	76226.289148	S	0.265957
01463549858020	76226.555105	W	0.013268
01463550112768	76226.568373	S	0.934673
01463568058496	76227.503047	W	0.038108
01463568790168	76227.541155	S	1.251861
01463592825900	76228.793016	W	0.019035
01463593191380	76228.812051	S	0.762380
01463607829072	76229.574431	W	0.014866
01463608114496	76229.589297	S	0.483723
01463617401976	76230.073020	W	0.018862
01463617764120	76230.091881	S	1.251143
01463641786068	76231.343024	W	0.039252
01463642539704	76231.382276	S	1.215554
01463665878340	76232.597830	W	0.020703
01463666275840	76232.618533	S	0.014820
01463666560392	76232.633354	W	0.018697
01463666919384	76232.652051	S	1.260959
01463691129788	76233.913010	W	0.018762
01463691490020	76233.931772	S	1.251229
01463715513616	76235.183001	W	0.038242
01463716247864	76235.221243	S	0.396927
01463723868856	76235.618170	W	0.014873
01463724154420	76235.633043	S	0.839998
01463740282384	76236.473041	W	0.018817
01463740643672	76236.491858	S	1.261139
01463764857548	76237.752997	W	0.019033
01463765222972	76237.772030	S	0.868734
01463781902660	76238.640764	W	0.015005
01463782190760	76238.655769	S	0.377239
01463789433756	76239.033008	W	0.018917
01463789796956	76239.051925	S	1.251046
01463813817040	76240.302971	W	0.038190
01463814550292	76240.341161	S	0.789261
01463829704112	76241.130423	W	10.013729
01464021967708	76251.144151	S	0.678771
01464035000120	76251.822923	W	0.080113
01464036538296	76251.903036	S	0.225472
01464040867356	76252.128508	W	0.001205
01464040890492	76252.129713	S	0.973201
01464059575952	76253.102914	W	0.080260
01464061116948	76253.183174	S	0.563423
01464071934664	76253.746597	W	0.022889
01464072374124	76253.769486	S	0.613456
01464084152472	76254.382941	W	0.080105
01464085690492	76254.463046	S	1.199854
01464108727680	76255.662900	W	0.038138
01464109459924	76255.701038	S	1.072647
01464130054756	76256.773685	W	0.014871
01464130340284	76256.788556	S	0.154355
01464133303896	76256.942911	W	0.038229
01464134037900	76256.981141	S	1.233412
01464157719412	76258.214553	W	0.147533
01464160552048	76258.362086	S	1.140780
01464182455032	76259.502866	W	0.048232
01464183381096	76259.551099	S	0.245891
01464188102212	76259.796990	W	0.014974
01464188389708	76259.811964	S	0.970968
01464207032292	76260.782932	W	0.048090
01464207955624	76260.831022	S	0.644962
01464220338888	76261.475984	W	0.014551
01464220618260	76261.490534	S	0.572344
01464231607264	76262.062878	W	0.039152
01464232358988	76262.102031	S	0.720115
01464246185188	76262.822145	W	0.014957
01464246472368	76262.837102	S	0.505781
01464256183368	76263.342884	W	0.037936
01464256911740	76263.380820	S	1.242034
01464280758784	76264.622853	W	0.048259
01464281685364	76264.671113	S	1.173704
01464304220480	76265.844817	W	0.014584
01464304500488	76265.859400	S	0.043798
01464305341404	76265.903198	W	0.110654
01464307465960	76266.013852	S	0.070035
01464308810636	76266.083887	W	0.060656
01464309975240	76266.144544	S	0.022045
01464310398512	76266.166589	W	0.001024
01464310418164	76266.167613	S	0.040808
01464311201672	76266.208420	W	0.001185
01464311224428	76266.209606	S	0.037222
01464311939092	76266.246828	W	0.000508
01464311948844	76266.247336	S	0.001018
01464311968392	76266.248354	W	0.000041
01464311969172	76266.248394	S	0.023484
01464312420060	76266.271878	W	0.000519
01464312430024	76266.272397	S	0.001381
01464312456544	76266.273778	W	0.000036
01464312457232	76266.273814	S	0.014881
01464312742952	76266.288695	W	0.000601
01464312754500	76266.289297	S	0.054872
01464313808048	76266.344169	W	0.030550
01464314394604	76266.374719	S	0.808163
01464329911324	76267.182881	W	0.039194
01464330663852	76267.222076	S	1.250733
01464354677932	76268.472809	W	0.018950
01464355041772	76268.491759	S	0.374547
01464362233072	76268.866306	W	0.014915
01464362519440	76268.881221	S	0.871603
01464379254212	76269.752824	W	0.019039
01464379619760	76269.771862	S	1.260931
01464403829628	76271.032793	W	0.018988
01464404194192	76271.051781	S	0.835246
01464420230916	76271.887027	W	0.015029
01464420519468	76271.902056	S	0.410777
01464428406384	76272.312832	W	0.018955
01464428770316	76272.331787	S	1.260987
01464452981272	76273.592775	W	0.019122
01464453348420	76273.611897	S	1.260870
01464477557128	76274.872767	W	0.019040
01464477922696	76274.891807	S	0.019761
01464478302108	76274.911568	W	0.014941
01464478588976	76274.926509	S	0.745563
01464492903784	76275.672072	W	0.056876
01464493995796	76275.728948	S	0.423829
01464502133308	76276.152776	W	0.018275
01464502484188	76276.171051	S	1.261700
01464526708828	76277.432751	W	0.019078
01464527075124	76277.451829	S	0.481704
01464536323848	76277.933534	W	0.014986
01464536611580	76277.948520	S	0.764263
01464551285436	76278.712783	W	0.019039
01464551650992	76278.731823	S	1.260920
01464575860660	76279.992743	W	0.019124
01464576227840	76280.011867	S	0.945511
01464594381644	76280.957377	W	0.014954
01464594668764	76280.972331	S	0.300424
01464600436912	76281.272756	W	0.022089
01464600861012	76281.294844	S	1.257891
01464625012512	76282.552735	W	0.018917
01464625375720	76282.571652	S	0.001642
01464625407240	76282.573294	W	0.000967
01464625425800	76282.574260	S	1.258437
01464649587792	76283.832697	W	0.018873
01464649950152	76283.851570	S	0.127360
01464652395464	76283.978930	W	0.014799
01464652679604	76283.993729	S	1.119015
01464674164684	76285.112744	W	0.019096
01464674531328	76285.131840	S	1.260872
01464698740072	76286.392712	W	0.019019
01464699105236	76286.411731	S	0.588592
01464710406212	76287.000324	W	0.015051
01464710695184	76287.015374	S	0.657369
01464723316668	76287.672743	W	0.019041
01464723682256	76287.691784	S	1.260927
01464747892048	76288.952711	W	0.018925
01464748255412	76288.971636	S	1.051884
01464768451592	76290.023520	W	0.014940
01464768738436	76290.038460	S	0.194265
01464772468328	76290.232725	W	0.018972
01464772832584	76290.251697	S	0.877472
01464789680056	76291.129170	W	8.015403
01464943575800	76299.144573	S	0.038066
01464944306668	76299.182639	W	0.038199
01464945040080	76299.220838	S	1.166792
01464967442480	76300.387629	W	0.104116
01464969441512	76300.491745	S	1.260894
01464993650684	76301.752640	W	0.018644
01464994008656	76301.771284	S	0.345048
01465000633568	76302.116332	W	0.014935
01465000920328	76302.131267	S	0.304390
01465006764620	76302.435657	W	0.086581
01465008426976	76302.522238	S	0.118225
01465010696904	76302.640464	W	0.087897
01465012384528	76302.728361	S	0.304331
01465018227684	76303.032692	W	0.018369
01465018580372	76303.051061	S	1.261565
01465042802428	76304.312626	W	0.019027
01465043167752	76304.331654	S	0.806482
01465058652216	76305.138136	W	0.023229
01465059098208	76305.161365	S	0.431279
01465067378768	76305.592644	W	0.019034
01465067744216	76305.611678	S	1.260952
01465091954488	76306.872630	W	0.018764
01465092314760	76306.891394	S	1.261216
01465116530112	76308.152610	W	0.018841
01465116891856	76308.171451	S	0.002899
01465116947508	76308.174349	W	0.015043
01465117236332	76308.189392	S	1.243240
01465141106544	76309.432633	W	0.019026
01465141471852	76309.451659	S	1.260951
01465165682112	76310.712610	W	0.019085
01465166048544	76310.731695	S	0.463417
01465174946160	76311.195113	W	0.015070
01465175235508	76311.210183	S	0.782445
01465190258448	76311.992628	W	0.019066
01465190624516	76312.011694	S	1.260898
01465214833748	76313.272591	W	0.018875
01465215196140	76313.291466	S	0.925608
01465232967812	76314.217074	W	0.014902
01465233253932	76314.231976	S	0.320631
01465239410048	76314.552607	W	0.022041
01465239833240	76314.574648	S	1.257926
01465263985416	76315.832574	W	0.018853
01465264347400	76315.851427	S	1.261135
01465288561200	76317.112562	W	0.018922
01465288924512	76317.131485	S	0.105963
01465290959008	76317.237448	W	0.016331
01465291272564	76317.253779	S	0.002190
01465291314608	76317.255969	W	0.001060
01465291334964	76317.257029	S	1.135532
01465313137172	76318.392561	W	0.018945
01465313500908	76318.411506	S	0.100947
01465315439092	76318.512453	W	0.027626
01465315969512	76318.540079	S	0.074957
01465317408680	76318.615035	W	0.014452
01465317686160	76318.629488	S	0.087954
01465319374876	76318.717441	W	0.014494
01465319653160	76318.731935	S	0.498475
01465329223888	76319.230411	W	0.014572
01465329503668	76319.244983	S	0.189136
01465333135088	76319.434119	W	0.037395
01465333853076	76319.471514	S	0.183066
01465337367936	76319.654580	W	0.037067
01465338079628	76319.691647	S	0.567400
01465348973708	76320.259047	W	0.014989
01465349261496	76320.274036	S	0.184832
01465352810268	76320.458868	W	0.017284
01465353142116	76320.476152	S	0.476424
01465362289448	76320.952575	W	0.018550
01465362645600	76320.971125	S	1.261450
01465386865440	76322.232575	W	0.019095
01465387232064	76322.251670	S	1.032376
01465407053684	76323.284046	W	0.014982
01465407341348	76323.299029	S	0.213548
01465411441476	76323.512577	W	0.018899
01465411804336	76323.531476	S	1.261068
01465436016848	76324.792544	W	0.019066
01465436382916	76324.811610	S	1.260962
01465460593392	76326.072572	W	0.019084
01465460959812	76326.091657	S	0.228402
01465465345128	76326.320059	W	0.014877
01465465630772	76326.334936	S	1.017631
01465485169284	76327.352567	W	0.018886
01465485531888	76327.371452	S	1.261078
01465509744592	76328.632531	W	0.018962
01465510108660	76328.651493	S	0.694664
01465523446200	76329.346156	W	0.014919
01465523732648	76329.361075	S	0.551465
01465534320776	76329.912540	W	0.022087
01465534744852	76329.934628	S	1.257874
01465558896024	76331.192501	W	0.018939
01465559259652	76331.211440	S	1.157628
01465581486100	76332.369068	W	0.015012
01465581774332	76332.384080	S	0.088437
01465583472324	76332.472517	W	0.018981
01465583836756	76332.491498	S	0.211650
01465587900436	76332.703148	W	0.070742
01465589258676	76332.773889	S	0.968619
01465607856168	76333.742509	W	0.038288
01465608591296	76333.780797	S	1.251711
01465632624152	76335.032508	W	0.019095
01465632990776	76335.051603	S	0.338562
01465639491176	76335.390165	W	0.015264
01465639784244	76335.405429	S	0.907086
01465657200288	76336.312515	W	0.018984
01465657564784	76336.331499	S	1.251021
01465681584388	76337.582520	W	0.038237
01465682318544	76337.620758	S	0.792124
01465697527316	76338.412881	W	0.015070
01465697816668	76338.427951	S	0.444530
01465706351644	76338.872481	W	0.019091
01465706718196	76338.891573	S	0.237319
01465711274720	76339.128892	W	11.014916
01465922761116	76350.143808	S	0.248605
01465927534324	76350.392413	W	0.019044
01465927899968	76350.411457	S	0.049963
01465928859260	76350.461420	W	0.022246
01465929286380	76350.483666	S	0.012664
01465929529536	76350.496330	W	0.022702
01465929965420	76350.519032	S	0.351924
01465936722356	76350.870956	W	0.038005
01465937452044	76350.908961	S	0.064793
01465938696064	76350.973753	W	0.014578
01465938975952	76350.988331	S	0.087694
01465940659684	76351.076025	W	0.014445
01465940937032	76351.090470	S	0.190504
01465944594712	76351.280975	W	0.014648
01465944875956	76351.295623	S	0.376798
01465952110468	76351.672420	W	0.031407
01465952713480	76351.703827	S	0.806273
01465968193920	76352.510100	W	0.022462
01465968625196	76352.532562	S	0.100740
01465970559404	76352.633302	W	0.108832
01465972648976	76352.742134	S	0.074416
01465974077760	76352.816550	W	0.085695
01465975723112	76352.902245	S	0.050186
01465976686684	76352.952431	W	0.046046
01465977570764	76352.998477	S	0.521441
01465987582432	76353.519918	W	0.014915
01465987868800	76353.534833	S	0.687587
01466001070476	76354.222421	W	0.039284
01466001824732	76354.261705	S	1.250711
01466025838388	76355.512416	W	0.018992
01466026203028	76355.531408	S	1.011266
01466045619340	76356.542674	W	0.014938
01466045906144	76356.557612	S	0.234808
01466050414448	76356.792419	W	0.019095
01466050781068	76356.811514	S	0.986872
01466069729016	76357.798386	W	0.324908
01466075967244	76358.123294	S	1.229094
01466099565852	76359.352388	W	0.018283
01466099916876	76359.370671	S	0.194303
01466103647488	76359.564973	W	0.014807
01466103931776	76359.579780	S	1.052626
01466124142204	76360.632406	W	0.019102
01466124508956	76360.651508	S	1.260855
01466148717380	76361.912364	W	0.019064
01466149083400	76361.931427	S	0.655273
01466161664648	76362.586700	W	0.014932
01466161951348	76362.601633	S	0.317254
01466168042616	76362.918886	W	0.087205
01466169716956	76363.006091	S	0.050466
01466170685908	76363.056558	W	0.085767
01466172332640	76363.142325	S	0.050055
01466173293696	76363.192380	W	0.019099
01466173660396	76363.211479	S	1.260877
01466197869240	76364.472356	W	0.047135
01466198774236	76364.519491	S	1.088339
01466219670336	76365.607830	W	0.023196
01466220115708	76365.631026	S	0.111341
01466222253448	76365.742367	W	0.038299
01466222988784	76365.780666	S	1.251693
01466247021292	76367.032359	W	0.019084
01466247387704	76367.051443	S	1.260909
01466271597148	76368.312351	W	0.018839
01466271958860	76368.331191	S	0.303114
01466277778652	76368.634305	W	0.015012
01466278066880	76368.649317	S	0.943039
01466296173220	76369.592355	W	0.019077
01466296539492	76369.611432	S	1.260913
01466320749028	76370.872345	W	0.018998
01466321113796	76370.891344	S	0.766264
01466335826072	76371.657608	W	0.021797
01466336244568	76371.679405	S	0.472949
01466345325180	76372.152353	W	0.018868
01466345687440	76372.171221	S	1.261103
01466369900616	76373.432324	W	0.019093
01466370267196	76373.451416	S	1.228787
01466393859916	76374.680204	W	0.021968
01466394281704	76374.702172	S	0.010488
01466394483076	76374.712660	W	0.018630
01466394840764	76374.731290	S	1.261038
01466419052700	76375.992328	W	0.018802
01466419413708	76376.011131	S	0.972252
01466438080956	76376.983383	W	0.015181
01466438372428	76376.998564	S	0.004240
01466438453840	76377.002804	W	0.014699
01466438736056	76377.017503	S	0.254822
01466443628640	76377.272325	W	0.018910
01466443991712	76377.291235	S	0.410863
01466451880280	76377.702098	W	0.022848
01466452318956	76377.724946	S	0.827378
01466468204620	76378.552324	W	0.018722
01466468564080	76378.571046	S	1.261236
01466492779812	76379.832282	W	0.019021
01466493145008	76379.851302	S	0.875982
01466509963864	76380.727285	W	0.014977
01466510251424	76380.742262	S	0.352410
01466517017696	76381.094672	W	0.039621
01466517778412	76381.134292	S	1.258015
01466541932300	76382.392307	W	0.018769
01466542292668	76382.411076	S	1.261225
01466566508188	76383.672301	W	0.018911
01466566871288	76383.691213	S	0.062442
01466568070180	76383.753655	W	0.015038
01466568358900	76383.768693	S	1.183610
01466591084212	76384.952303	W	0.018868
01466591446480	76384.971171	S	1.261093
01466615659460	76386.232264	W	0.018720
01466616018888	76386.250984	S	0.524510
01466626089480	76386.775494	W	0.014871
01466626375004	76386.790365	S	0.721915
01466640235780	76387.512280	W	0.019010
01466640600772	76387.531290	S	1.260952
01466664811060	76388.792243	W	0.018876
01466665173480	76388.811119	S	0.986921
01466684122364	76389.798040	W	0.022414
01466684552720	76389.820454	S	0.251801
01466689387304	76390.072255	W	0.018920
01466689750576	76390.091176	S	0.036918
01466690459408	76390.128094	W	8.015636
01466844359612	76398.143730	S	0.725910
01466858297092	76398.869640	W	0.015031
01466858585692	76398.884671	S	0.147577
01466861419176	76399.032249	W	0.019085
01466861785612	76399.051334	S	1.260870
01466885994320	76400.312204	W	0.019053
01466886360140	76400.331257	S	1.260930
01466910569992	76401.592187	W	0.018721
01466910929440	76401.610908	S	0.280556
01466916316116	76401.891464	W	0.014875
01466916601720	76401.906340	S	0.473781
01466925698316	76402.380121	W	0.014746
01466925981432	76402.394866	S	0.036269
01466926677804	76402.431136	W	0.038318
01466927413516	76402.469454	S	0.023458
01466927863916	76402.492912	W	0.051642
01466928855440	76402.544554	S	0.002119
01466928896116	76402.546673	W	0.001017
01466928915648	76402.547690	S	0.051900
01466929912128	76402.599590	W	0.250591
01466934723484	76402.850181	S	0.707733
01466948311960	76403.557915	W	0.000632
01466948324088	76403.558546	S	0.000294
01466948329732	76403.558840	W	0.000058
01466948330844	76403.558898	S	0.005903
01466948444184	76403.564801	W	0.000225
01466948448500	76403.565026	S	0.000262
01466948453540	76403.565289	W	0.000048
01466948454460	76403.565336	S	0.006172
01466948572960	76403.571508	W	0.000194
01466948576684	76403.571702	S	0.000264
01466948581760	76403.571967	W	0.000048
01466948582688	76403.572015	S	0.001832
01466948617872	76403.573847	W	0.000198
01466948621668	76403.574045	S	0.000263
01466948626724	76403.574309	W	0.000057
01466948627812	76403.574365	S	0.004683
01466948717732	76403.579049	W	0.000179
01466948721160	76403.579227	S	0.000260
01466948726160	76403.579487	W	0.000063
01466948727372	76403.579551	S	0.028037
01466949265680	76403.607587	W	0.005910
01466949379160	76403.613498	S	0.080316
01466950921224	76403.693814	W	0.000240
01466950925824	76403.694053	S	0.000322
01466950932016	76403.694376	W	0.000058
01466950933124	76403.694434	S	0.000599
01466950944628	76403.695033	W	0.000344
01466950951236	76403.695377	S	0.000261
01466950956244	76403.695638	W	0.000058
01466950957348	76403.695695	S	0.000324
01466950963560	76403.696019	W	0.000197
01466950967336	76403.696215	S	0.000263
01466950972384	76403.696478	W	0.000057
01466950973472	76403.696535	S	0.000318
01466950979580	76403.696853	W	0.001045
01466950999644	76403.697898	S	0.000270
01466951004836	76403.698169	W	0.000061
01466951006008	76403.698230	S	0.000259
01466951010980	76403.698489	W	0.000146
01466951013792	76403.698635	S	0.000263
01466951018844	76403.698898	W	0.000057
01466951019932	76403.698955	S	4.595150
01467039246808	76408.294105	W	25.793695
01467534485744	76434.087799	S	0.141830
01467537208884	76434.229629	W	0.015010
01467537497084	76434.244640	S	0.097484
01467539368768	76434.342123	W	0.107143
01467541425920	76434.449267	S	0.126210
01467543849156	76434.575477	W	0.001762
01467543882984	76434.577239	S	0.002110
01467543923504	76434.579349	W	0.001050
01467543943656	76434.580399	S	0.279947
01467549318644	76434.860346	W	0.031659
01467549926488	76434.892005	S	0.183446
01467553448660	76435.075451	W	0.002046
01467553487948	76435.077497	S	0.002125
01467553528756	76435.079623	W	0.001057
01467553549044	76435.080679	S	0.333682
01467559955736	76435.414361	W	0.014974
01467560243244	76435.429336	S	0.146181
01467563049924	76435.575517	W	0.001619
01467563081000	76435.577135	S	0.498379
01467572649884	76436.075515	W	0.001256
01467572673996	76436.076771	S	0.053917
01467573709204	76436.130688	W	0.048555
01467574641456	76436.179243	S	0.247278
01467579389188	76436.426520	W	0.015049
01467579678136	76436.441570	S	0.133845
01467582247952	76436.575414	W	0.001507
01467582276884	76436.576921	S	0.450821
01467590932648	76437.027742	W	0.014614
01467591213228	76437.042356	S	0.033101
01467591848772	76437.075457	W	0.001533
01467591878196	76437.076989	S	0.002739
01467591930788	76437.079729	W	0.001090
01467591951708	76437.080818	S	0.003175
01467592012660	76437.083993	W	0.064010
01467593241660	76437.148003	S	0.013707
01467593504844	76437.161711	W	0.001064
01467593525268	76437.162774	S	0.003646
01467593595276	76437.166421	W	0.028777
01467594147788	76437.195197	S	0.024405
01467594616356	76437.219602	W	0.187127
01467598209188	76437.406729	S	0.000286
01467598214676	76437.407014	W	0.000052
01467598215680	76437.407067	S	0.037846
01467598942328	76437.444913	W	0.006007
01467599057668	76437.450920	S	0.001140
01467599079560	76437.452060	W	0.000267
01467599084684	76437.452327	S	0.000261
01467599089696	76437.452588	W	0.000061
01467599090864	76437.452649	S	0.025707
01467599584444	76437.478356	W	0.000236
01467599588980	76437.478593	S	0.000288
01467599594504	76437.478880	W	0.000754
01467599608988	76437.479635	S	0.094820
01467601429528	76437.574455	W	0.017082
01467601757500	76437.591536	S	0.124683
01467604151408	76437.716219	W	0.000451
01467604160068	76437.716670	S	0.000283
01467604165500	76437.716953	W	0.000059
01467604166640	76437.717012	S	0.001390
01467604193336	76437.718403	W	0.000378
01467604200588	76437.718781	S	0.000266
01467604205688	76437.719046	W	0.000049
01467604206628	76437.719095	S	0.000263
01467604211680	76437.719358	W	0.000059
01467604212812	76437.719417	S	0.000263
01467604217856	76437.719680	W	0.000180
01467604221320	76437.719860	S	0.000264
01467604226392	76437.720125	W	0.000057
01467604227488	76437.720182	S	0.000260
01467604232484	76437.720442	W	0.000271
01467604237692	76437.720713	S	0.000264
01467604242760	76437.720977	W	0.000057
01467604243856	76437.721034	S	0.000259
01467604248824	76437.721293	W	0.000196
01467604252596	76437.721489	S	0.000318
01467604258696	76437.721807	W	0.000057
01467604259796	76437.721864	S	0.000258
01467604264756	76437.722123	W	0.000146
01467604267560	76437.722269	S	0.000260
01467604272548	76437.722529	W	0.000056
01467604273632	76437.722585	S	0.059980
01467605425244	76437.782565	W	0.000512
01467605435072	76437.783077	S	0.007091
01467605571216	76437.790168	W	0.000198
01467605575020	76437.790366	S	0.000286
01467605580520	76437.790652	W	0.000061
01467605581688	76437.790713	S	0.007936
01467605734064	76437.798649	W	0.000192
01467605737752	76437.798841	S	0.000285
01467605743228	76437.799126	W	0.000056
01467605744312	76437.799183	S	0.001553
01467605774120	76437.800735	W	0.000196
01467605777884	76437.800931	S	0.000285
01467605783364	76437.801217	W	0.000057
01467605784456	76437.801274	S	0.004267
01467605866376	76437.805540	W	0.000196
01467605870132	76437.805736	S	0.000285
01467605875604	76437.806021	W	0.000057
01467605876700	76437.806078	S	0.268406
01467611030092	76438.074484	W	0.002006
01467611068608	76438.076490	S	0.149970
01467613948036	76438.226460	W	0.000597
01467613959492	76438.227057	S	0.347874
01467620638664	76438.574930	W	0.007678
01467620786084	76438.582609	S	0.492076
01467630233940	76439.074684	W	0.001998
01467630272300	76439.076682	S	0.497972
01467639833356	76439.574654	W	0.006997
01467639967692	76439.581651	S	0.493019
01467649433664	76440.074670	W	0.002031
01467649472660	76440.076701	S	0.498113
01467659036432	76440.574814	W	0.006841
01467659167776	76440.581655	S	0.492905
01467668631560	76441.074560	W	0.001949
01467668668988	76441.076510	S	0.497976
01467678230124	76441.574486	W	0.007137
01467678367152	76441.581623	S	0.492968
01467687832136	76442.074590	W	0.014956
01467688119300	76442.089547	S	0.443948
01467696643096	76442.533495	W	0.015570
01467696942044	76442.549065	S	0.025459
01467697430848	76442.574523	W	0.007316
01467697571320	76442.581840	S	0.445876
01467706132148	76443.027716	W	0.779689
01467721102184	76443.807405	S	0.023976
01467721562520	76443.831381	W	26.134342
01468223341896	76469.965724	S	0.064516
01468224580596	76470.030239	W	0.015011
01468224868800	76470.045250	S	0.373694
01468232043716	76470.418944	W	0.001962
01468232081380	76470.420905	S	0.002212
01468232123856	76470.423118	W	0.001101
01468232144988	76470.424218	S	0.029576
01468232712840	76470.453794	W	0.000982
01468232731688	76470.454775	S	0.235420
01468237251756	76470.690196	W	0.048655
01468238185932	76470.738851	S	0.162974
01468241315028	76470.901824	W	0.014789
01468241598968	76470.916613	S	0.033917
01468242250172	76470.950530	W	0.087039
01468243921320	76471.037569	S	0.002248
01468243964484	76471.039817	W	0.013942
01468244232164	76471.053759	S	0.400282
01468251917580	76471.454041	W	0.018581
01468252274328	76471.472621	S	0.481307
01468261515428	76471.953929	W	0.001439
01468261543064	76471.955368	S	0.001465
01468261571196	76471.956833	W	0.000069
01468261572520	76471.956902	S	0.002423
01468261619044	76471.959325	W	0.000149
01468261621900	76471.959474	S	0.001380
01468261648396	76471.960854	W	0.058223
01468262766284	76472.019077	S	0.031743
01468263375748	76472.050820	W	0.014890
01468263661632	76472.065710	S	0.388301
01468271117004	76472.454011	W	0.016183
01468271427724	76472.470194	S	0.483674
01468280714268	76472.953868	W	0.001810
01468280749024	76472.955678	S	0.106174
01468282787556	76473.061852	W	0.023383
01468283236508	76473.085235	S	0.165034
01468286405152	76473.250268	W	0.048875
01468287343552	76473.299143	S	0.154879
01468290317232	76473.454022	W	0.001566
01468290347308	76473.455589	S	0.469419
01468299360160	76473.925008	W	0.014712
01468299642636	76473.939721	S	0.014168
01468299914656	76473.953888	W	0.001936
01468299951836	76473.955825	S	0.118570
01468302228384	76474.074395	W	0.022296
01468302656472	76474.096691	S	0.357356
01468309517708	76474.454047	W	0.001424
01468309545056	76474.455472	S	0.001461
01468309573116	76474.456933	W	0.000057
01468309574208	76474.456990	S	0.073493
01468310985280	76474.530483	W	0.048655
01468311919448	76474.579138	S	0.374758
01468319114796	76474.953896	W	0.002968
01468319171788	76474.956864	S	0.130530
01468321677968	76475.087394	W	0.015024
01468321966428	76475.102418	S	0.351715
01468328719360	76475.454133	W	0.001770
01468328753344	76475.455903	S	0.002157
01468328794760	76475.458060	W	0.001048
01468328814876	76475.459108	S	0.372468
01468335966268	76475.831576	W	0.048368
01468336894924	76475.879944	S	0.073991
01468338315544	76475.953935	W	0.001529
01468338344900	76475.955464	S	0.142428
01468341079520	76476.097892	W	0.023117
01468341523368	76476.121009	S	0.332999
01468347916956	76476.454008	W	0.001815
01468347951808	76476.455823	S	0.002155
01468347993188	76476.457979	W	0.001079
01468348013900	76476.459057	S	0.484726
01468357320632	76476.943783	W	0.014959
01468357607844	76476.958742	S	0.142881
01468360351164	76477.101623	W	0.047276
01468361258864	76477.148899	S	0.305109
01468367116948	76477.454008	W	0.001748
01468367150512	76477.455756	S	0.002169
01468367192156	76477.457925	W	0.001065
01468367212608	76477.458990	S	0.151203
01468370115712	76477.610193	W	0.001162
01468370138016	76477.611355	S	0.342545
01468376714872	76477.953900	W	0.001599
01468376745576	76477.955499	S	0.002142
01468376786704	76477.957641	W	0.001038
01468376806640	76477.958679	S	0.163828
01468379952144	76478.122507	W	0.015035
01468380240820	76478.137543	S	0.035658
01468380925452	76478.173201	W	0.001237
01468380949200	76478.174437	S	0.207126
01468384926012	76478.381563	W	0.047517
01468385838332	76478.429080	S	0.024874
01468386315916	76478.453954	W	0.001095
01468386336936	76478.455049	S	0.498937
01468395916520	76478.953985	W	0.008487
01468396079472	76478.962473	S	0.168269
01468399310232	76479.130741	W	0.015050
01468399599188	76479.145791	S	0.308270
01468405517968	76479.454061	W	0.002275
01468405561644	76479.456336	S	0.002290
01468405605616	76479.458626	W	0.001094
01468405626624	76479.459720	S	0.201806
01468409501304	76479.661526	W	0.046541
01468410394892	76479.708067	S	0.245859
01468415115388	76479.953926	W	0.002001
01468415153804	76479.955927	S	0.009419
01468415334656	76479.965347	W	0.014807
01468415618948	76479.980154	S	0.160846
01468418707192	76480.141000	W	0.022840
01468419145724	76480.163840	S	0.290170
01468424716992	76480.454010	W	0.001757
01468424750720	76480.455767	S	0.485795
01468434077984	76480.941562	W	0.047427
01468434988584	76480.988989	S	0.465155
01468443919552	76481.454143	W	0.006875
01468444051560	76481.461019	S	0.492900
01468453515236	76481.953919	W	0.002368
01468453560708	76481.956287	S	0.265321
01468458654876	76482.221608	W	0.048393
01468459584024	76482.270001	S	0.184077
01468463118304	76482.454078	W	0.007244
01468463257380	76482.461322	S	0.492741
01468472718012	76482.954063	W	0.015874
01468473022800	76482.969938	S	0.018923
01468473386120	76482.988860	W	0.023554
01468473838360	76483.012415	S	0.159777
01468476906084	76483.172192	W	0.014575
01468477185928	76483.186767	S	0.267289
01468482317868	76483.454056	W	0.006752
01468482447500	76483.460807	S	0.041062
01468483235888	76483.501869	W	0.038098
01468483967368	76483.539967	S	0.413994
01468491916048	76483.953961	W	0.002142
01468491957172	76483.956103	S	0.002196
01468491999332	76483.958299	W	0.001053
01468492019552	76483.959352	S	0.134369
01468494599432	76484.093720	W	0.129627
01468497088264	76484.223347	S	0.074984
01468498527948	76484.298331	W	0.085415
01468500167920	76484.383746	S	0.070269
01468501517076	76484.454014	W	0.007121
01468501653804	76484.461136	S	0.247023
01468506396652	76484.708159	W	0.013851
01468506662588	76484.722010	S	0.059864
01468507811968	76484.781873	W	0.047187
01468508717960	76484.829060	S	0.124816
01468511114420	76484.953876	W	0.001679
01468511146648	76484.955555	S	0.498491
01468520717676	76485.454046	W	0.007475
01468520861204	76485.461521	S	0.065862
01468522125760	76485.527383	W	0.014662
01468522407264	76485.542045	S	0.411917
01468530316072	76485.953962	W	0.001814
01468530350904	76485.955776	S	0.002157
01468530392320	76485.957933	W	0.001046
01468530412412	76485.958980	S	0.052325
01468531417052	76486.011305	W	0.014467
01468531694816	76486.025772	S	0.036091
01468532387768	76486.061863	W	0.038222
01468533121640	76486.100085	S	0.144074
01468535887852	76486.244159	W	0.014608
01468536168324	76486.258767	S	0.195313
01468539918324	76486.454079	W	0.007502
01468540062368	76486.461582	S	0.492326
01468549515020	76486.953907	W	0.001745
01468549548528	76486.955652	S	0.005293
01468549650148	76486.960945	W	0.014636
01468549931160	76486.975581	S	0.365977
01468556957920	76487.341558	W	0.047429
01468557868564	76487.388988	S	0.065095
01468559118396	76487.454083	W	0.007287
01468559258312	76487.461370	S	0.491718
01468568699300	76487.953089	W	0.002176
01468568741072	76487.955264	S	0.052857
01468569755932	76488.008121	W	0.000375
01468569763128	76488.008496	S	0.445468
01468578316104	76488.453964	W	0.007677
01468578463508	76488.461641	S	0.159890
01468581533404	76488.621531	W	0.074531
01468582964408	76488.696063	S	0.257831
01468587914756	76488.953894	W	0.002308
01468587959060	76488.956201	S	0.079016
01468589476172	76489.035217	W	0.014800
01468589760336	76489.050018	S	0.076363
01468591226500	76489.126380	W	0.236620
01468595769612	76489.363001	S	0.013970
01468596037832	76489.376970	W	0.063492
01468597256884	76489.440463	S	0.013571
01468597517456	76489.454034	W	0.007571
01468597662828	76489.461606	S	0.059099
01468598797536	76489.520705	W	0.086994
01468600467824	76489.607699	S	0.293825
01468606109260	76489.901524	W	15.084162
01468895725180	76504.985686	S	0.275746
01468901019504	76505.261433	W	0.047426
01468901930080	76505.308858	S	0.145155
01468904717064	76505.454014	W	0.001727
01468904750224	76505.455741	S	0.498201
01468914315692	76505.953942	W	0.002694
01468914367416	76505.956636	S	0.497534
01468923920060	76506.454170	W	0.005939
01468924034084	76506.460109	S	0.081653
01468925601824	76506.541762	W	0.037243
01468926316896	76506.579005	S	0.374892
01468933514824	76506.953897	W	0.002100
01468933555136	76506.955997	S	0.212077
01468937627020	76507.168074	W	0.014859
01468937912312	76507.182933	S	0.271190
01468943119156	76507.454123	W	0.007345
01468943260180	76507.461468	S	0.359998
01468950172144	76507.821466	W	0.037495
01468950892044	76507.858961	S	0.095050
01468952716996	76507.954010	W	0.001592
01468952747568	76507.955603	S	0.498398
01468962316804	76508.454000	W	0.007415
01468962459168	76508.461415	S	0.492491
01468971914996	76508.953906	W	0.001716
01468971947936	76508.955622	S	0.002128
01468971988792	76508.957750	W	0.001098
01468972009872	76508.958848	S	0.152550
01468974938832	76509.111398	W	0.019283
01468975309064	76509.130680	S	0.323336
01468981517112	76509.454016	W	0.008766
01468981685428	76509.462783	S	0.491176
01468991116016	76509.953959	W	0.001816
01468991150888	76509.955775	S	0.002159
01468991192336	76509.957934	W	0.001048
01468991212460	76509.958982	S	0.231760
01468995662256	76510.190742	W	0.014850
01468995947380	76510.205593	S	0.175845
01468999323608	76510.381438	W	0.037402
01469000041732	76510.418840	S	0.035174
01469000717068	76510.454014	W	0.007088
01469000853148	76510.461101	S	0.492840
01469010315668	76510.953941	W	0.001725
01469010348780	76510.955666	S	0.002146
01469010389976	76510.957811	W	0.001045
01469010410032	76510.958856	S	0.495174
01469019917364	76511.454029	W	0.007443
01469020060276	76511.461473	S	0.199941
01469023899144	76511.661414	W	0.038541
01469024639140	76511.699955	S	0.253975
01469029515464	76511.953930	W	0.001897
01469029551880	76511.955827	S	0.002178
01469029593704	76511.958005	W	0.001055
01469029613952	76511.959060	S	0.495337
01469039124424	76512.454397	W	0.006948
01469039257824	76512.461345	S	0.490077
01469048667296	76512.951422	W	0.065471
01469049924332	76513.016892	S	0.198963
01469053744424	76513.215855	W	0.015058
01469054033540	76513.230914	S	0.223185
01469058318692	76513.454099	W	0.007673
01469058466016	76513.461772	S	0.492291
01469067918012	76513.954063	W	0.002162
01469067959516	76513.956225	S	0.265181
01469073051000	76514.221406	W	0.038467
01469073789568	76514.259873	S	0.194351
01469077521104	76514.454224	W	0.007510
01469077665288	76514.461734	S	0.492217
01469087115860	76514.953951	W	0.008539
01469087279800	76514.962490	S	0.491562
01469096717784	76515.454051	W	0.001590
01469096748316	76515.455641	S	0.046093
01469097633304	76515.501735	W	0.054990
01469098689112	76515.556725	S	0.397214
01469106315628	76515.953939	W	0.002107
01469106356088	76515.956046	S	0.002206
01469106398448	76515.958253	W	0.001055
01469106418712	76515.959308	S	0.282460
01469111841936	76516.241768	W	0.023017
01469112283864	76516.264785	S	0.189219
01469115916868	76516.454004	W	0.001754
01469115950536	76516.455757	S	0.002124
01469115991312	76516.457881	W	0.001068
01469116011824	76516.458949	S	0.322420
01469122202280	76516.781369	W	0.047445
01469123113232	76516.828814	S	0.125052
01469125514228	76516.953866	W	0.001495
01469125542924	76516.955361	S	0.498658
01469135117152	76517.454018	W	0.002497
01469135165092	76517.456515	S	0.497441
01469144715968	76517.953957	W	0.007245
01469144855072	76517.961202	S	0.100192
01469146778764	76518.061394	W	0.047493
01469147690628	76518.108887	S	0.345144
01469154317384	76518.454030	W	0.001668
01469154349412	76518.455699	S	0.002182
01469154391316	76518.457881	W	0.001063
01469154411716	76518.458944	S	0.494961
01469163914972	76518.953905	W	0.007090
01469164051092	76518.960994	S	0.305560
01469169917844	76519.266554	W	0.014543
01469170197068	76519.281097	S	0.060616
01469171360904	76519.341714	W	0.037190
01469172074952	76519.378904	S	0.075206
01469173518912	76519.454110	W	0.001735
01469173552220	76519.455845	S	0.498106
01469183115848	76519.953950	W	0.007356
01469183257084	76519.961306	S	0.492688
01469192716696	76520.453995	W	0.008545
01469192880768	76520.462540	S	0.158852
01469195930724	76520.621392	W	0.037480
01469196650336	76520.658872	S	0.294972
01469202313792	76520.953843	W	0.007180
01469202451640	76520.961023	S	0.493015
01469211917524	76521.454038	W	0.002166
01469211959104	76521.456203	S	0.002272
01469212002720	76521.458475	W	0.001112
01469212024064	76521.459587	S	0.441743
01469220505536	76521.901330	W	0.037219
01469221220136	76521.938549	S	0.015353
01469221514916	76521.953902	W	0.007327
01469221655588	76521.961229	S	0.325946
01469227913748	76522.287174	W	0.013405
01469228171120	76522.300579	S	0.153479
01469231117916	76522.454058	W	0.001708
01469231150700	76522.455766	S	0.498534
01469240722552	76522.954300	W	0.007362
01469240863904	76522.961662	S	0.229704
01469245274228	76523.191366	W	0.019247
01469245643772	76523.210613	S	0.243416
01469250317360	76523.454029	W	0.001894
01469250353724	76523.455923	S	0.002238
01469250396696	76523.458161	W	0.001086
01469250417544	76523.459247	S	0.494663
01469259915080	76523.953910	W	0.007797
01469260064792	76523.961708	S	0.492275
01469269516468	76524.453983	W	0.001861
01469269552196	76524.455844	S	0.001992
01469269590448	76524.457836	W	0.000042
01469269591248	76524.457877	S	0.001382
01469269617776	76524.459259	W	0.000040
01469269618540	76524.459299	S	0.012343
01469269855528	76524.471642	W	0.018861
01469270217660	76524.490503	S	0.329057
01469276535552	76524.819560	W	0.049075
01469277477800	76524.868635	S	0.085441
01469279118276	76524.954077	W	0.001630
01469279149568	76524.955707	S	0.356388
01469285992212	76525.312094	W	0.015145
01469286283004	76525.327240	S	0.126899
01469288719468	76525.454139	W	0.001639
01469288750940	76525.455778	S	0.295625
01469294426940	76525.751403	W	0.019209
01469294795752	76525.770612	S	0.183375
01469298316556	76525.953987	W	0.002549
01469298365504	76525.956537	S	0.002214
01469298408016	76525.958751	W	0.001073
01469298428624	76525.959824	S	0.494252
01469307918272	76526.454077	W	0.007043
01469308053504	76526.461120	S	0.492941
01469317517976	76526.954061	W	0.001300
01469317542928	76526.955361	S	0.066316
01469318816200	76527.021677	W	0.038125
01469319548192	76527.059802	S	0.394202
01469327116864	76527.454003	W	0.046215
01469328004196	76527.500219	S	0.002236
01469328047128	76527.502455	W	0.001069
01469328067644	76527.503523	S	0.086895
01469329736032	76527.590418	W	0.001133
01469329757784	76527.591551	S	0.362416
01469336716180	76527.953968	W	0.001811
01469336750960	76527.955779	S	0.355581
01469343578108	76528.311360	W	0.019262
01469343947944	76528.330622	S	0.004509
01469344034516	76528.335131	W	0.014706
01469344316868	76528.349837	S	0.104132
01469346316200	76528.453969	W	0.007512
01469346460424	76528.461480	S	0.002313
01469346504832	76528.463793	W	0.001129
01469346526508	76528.464922	S	0.275176
01469351809880	76528.740098	W	0.014758
01469352093232	76528.754856	S	0.199050
01469355914992	76528.953906	W	0.001763
01469355948840	76528.955669	S	0.498372
01469365517584	76529.454041	W	0.007069
01469365653304	76529.461110	S	0.130237
01469368153852	76529.591346	W	0.019287
01469368524156	76529.610633	S	0.343305
01469375115616	76529.953938	W	0.002083
01469375155608	76529.956021	S	0.498036
01469384717908	76530.454058	W	0.007612
01469384864064	76530.461670	S	0.409649
01469392729328	76530.871319	W	0.046337
01469393618996	76530.917656	S	0.036262
01469394315224	76530.953918	W	0.001521
01469394344420	76530.955439	S	0.400371
01469402031552	76531.355810	W	0.023015
01469402473436	76531.378825	S	0.075419
01469403921480	76531.454244	W	0.007327
01469404062164	76531.461571	S	0.492393
01469413516104	76531.953964	W	0.002367
01469413561552	76531.956331	S	0.002186
01469413603524	76531.958517	W	0.001046
01469413623608	76531.959563	S	0.181720
01469417112624	76532.141283	W	0.038494
01469417851716	76532.179777	S	0.274238
01469423117080	76532.454015	W	0.007409
01469423259332	76532.461424	S	0.492461
01469432714576	76532.953884	W	0.001664
01469432746532	76532.955549	S	0.002121
01469432787260	76532.957670	W	0.001049
01469432807404	76532.958719	S	0.462559
01469441688532	76533.421278	W	0.048541
01469442620512	76533.469818	S	0.484115
01469451915512	76533.953933	W	0.002429
01469451962140	76533.956361	S	0.313666
01469457984520	76534.270027	W	0.014692
01469458266608	76534.284719	S	0.006630
01469458393896	76534.291349	W	0.014760
01469458677280	76534.306108	S	0.073322
01469460085056	76534.379430	W	0.014905
01469460371224	76534.394335	S	0.059736
01469461518164	76534.454071	W	0.007543
01469461662996	76534.461614	S	0.240001
01469466271020	76534.701616	W	0.038126
01469467003036	76534.739741	S	0.214158
01469471114872	76534.953900	W	0.001694
01469471147388	76534.955593	S	0.002173
01469471189112	76534.957766	W	0.001052
01469471209312	76534.958818	S	0.495156
01469480716312	76535.453975	W	0.007868
01469480867372	76535.461842	S	0.492113
01469490315944	76535.953955	W	0.004751
01469490407168	76535.958707	S	0.033190
01469491044416	76535.991897	W	0.018785
01469491405088	76536.010682	S	0.443281
01469499916092	76536.453963	W	0.007701
01469500063952	76536.461664	S	0.492241
01469509514988	76536.953906	W	0.002058
01469509554496	76536.955963	S	0.315585
01469515613736	76537.271549	W	0.019053
01469515979556	76537.290602	S	0.112189
01469518133580	76537.402791	W	0.015895
01469518438768	76537.418686	S	0.035389
01469519118228	76537.454074	W	0.001740
01469519151640	76537.455815	S	0.498160
01469528716304	76537.953974	W	0.007075
01469528852148	76537.961049	S	0.493080
01469538319292	76538.454130	W	0.001332
01469538344868	76538.455462	S	0.001452
01469538372744	76538.456914	W	0.000073
01469538374152	76538.456987	S	0.094848
01469540195240	76538.551835	W	0.018691
01469540554116	76538.570527	S	0.383392
01469547915236	76538.953919	W	0.007225
01469548053956	76538.961144	S	0.492951
01469557518616	76539.454095	W	0.002182
01469557560512	76539.456277	S	0.002241
01469557603532	76539.458517	W	0.001097
01469557624592	76539.459614	S	0.371944
01469564765920	76539.831558	W	0.019024
01469565131180	76539.850582	S	0.103360
01469567115692	76539.953942	W	0.007280
01469567255464	76539.961222	S	0.463352
01469576151824	76540.424574	W	0.014808
01469576436144	76540.439383	S	0.014614
01469576716736	76540.453997	W	0.001649
01469576748392	76540.455645	S	0.498197
01469586313772	76540.953842	W	0.012285
01469586549648	76540.966127	S	0.135457
01469589150420	76541.101584	W	0.056185
01469590229164	76541.157769	S	0.296235
01469595916872	76541.454004	W	0.002301
01469595961048	76541.456305	S	0.002300
01469596005204	76541.458604	W	0.001148
01469596027252	76541.459753	S	0.494318
01469605518152	76541.954070	W	0.007307
01469605658444	76541.961377	S	0.420147
01469613725272	76542.381525	W	0.038299
01469614460608	76542.419823	S	0.034176
01469615116796	76542.454000	W	0.001529
01469615146152	76542.455529	S	0.498400
01469624715436	76542.953929	W	0.007479
01469624859032	76542.961408	S	0.483031
01469634133220	76543.444439	W	0.014938
01469634420024	76543.459376	S	0.212156
01469638493424	76543.671532	W	0.018904
01469638856372	76543.690436	S	0.263735
01469643920092	76543.954171	W	0.007181
01469644057964	76543.961352	S	0.492661
01469653517056	76544.454013	W	0.003290
01469653580220	76544.457303	S	0.494226
01469663069352	76544.951529	W	0.019007
01469663434280	76544.970535	S	0.483509
01469672717652	76545.454044	W	0.001693
01469672750152	76545.455737	S	0.002198
01469672792348	76545.457935	W	0.001079
01469672813060	76545.459014	S	0.495023
01469682317500	76545.954036	W	0.007474
01469682461008	76545.961511	S	0.259996
01469687452928	76546.221507	W	0.037150
01469688166204	76546.258656	S	0.195348
01469691916892	76546.454005	W	0.002026
01469691955796	76546.456031	S	0.002233
01469691998672	76546.458264	W	0.001093
01469692019656	76546.459357	S	0.007138
01469692156700	76546.466495	W	0.014980
01469692444316	76546.481475	S	0.472446
01469701515284	76546.953921	W	0.007551
01469701660264	76546.961472	S	0.492593
01469711118044	76547.454065	W	0.001334
01469711143648	76547.455398	S	0.046426
01469712035028	76547.501824	W	0.054927
01469713089620	76547.556751	S	0.397161
01469720715104	76547.953912	W	0.007681
01469720862588	76547.961593	S	0.492355
01469730315812	76548.453949	W	0.001584
01469730346232	76548.455533	S	0.325992
01469736605276	76548.781525	W	0.047092
01469737509436	76548.828616	S	0.125235
01469739913944	76548.953851	W	0.001456
01469739941904	76548.955308	S	0.497847
01469749500564	76549.453154	W	0.006091
01469749617512	76549.459245	S	0.025911
01469750115008	76549.485157	W	0.015739
01469750417188	76549.500895	S	0.452147
01469759098408	76549.953042	W	0.009454
01469759279932	76549.962496	S	0.002366
01469759325352	76549.964862	W	0.001035
01469759345216	76549.965897	S	0.095896
01469761186424	76550.061793	W	0.037931
01469761914708	76550.099724	S	1.241756
01469785756428	76551.341481	W	0.054929
01469786811068	76551.396410	S	1.107881
01469808082380	76552.504291	W	0.014736
01469808365320	76552.519027	S	0.102453
01469810332408	76552.621480	W	0.037810
01469811058368	76552.659290	S	1.238323
01469834834164	76553.897613	W	0.035380
01469835513464	76553.932993	S	0.066332
01469836787036	76553.999325	W	0.001126
01469836808660	76554.000451	S	0.099404
01469838717208	76554.099855	W	0.001484
01469838745708	76554.101339	S	0.610232
01469850462172	76554.711571	W	0.002147
01469850503396	76554.713719	S	0.002518
01469850551740	76554.716236	W	0.000875
01469850568548	76554.717112	S	0.000317
01469850574632	76554.717429	W	0.000063
01469850575848	76554.717492	S	0.007105
01469850712256	76554.724597	W	0.000230
01469850716668	76554.724826	S	0.000304
01469850722500	76554.725130	W	0.000059
01469850723632	76554.725189	S	0.000680
01469850736692	76554.725869	W	0.000168
01469850739920	76554.726038	S	0.000299
01469850745664	76554.726337	W	0.000062
01469850746860	76554.726399	S	0.000694
01469850760188	76554.727093	W	0.000069
01469850761520	76554.727162	S	0.089658
01469852482952	76554.816820	W	0.000208
01469852486936	76554.817028	S	0.015445
01469852783488	76554.832473	W	0.039168
01469853535520	76554.871642	S	0.045272
01469854404740	76554.916914	W	0.005954
01469854519052	76554.922867	S	0.258631
01469859484772	76555.181499	W	0.046976
01469860386716	76555.228475	S	0.293036
01469866013000	76555.521510	W	0.014741
01469866296036	76555.536252	S	0.925227
01469884060400	76556.461479	W	0.047180
01469884966264	76556.508660	S	1.227880
01469908541556	76557.736539	W	0.083933
01469910153068	76557.820472	S	0.017760
01469910494064	76557.838232	W	0.002413
01469910540384	76557.840645	S	0.098459
01469912430788	76557.939104	W	0.002141
01469912471888	76557.941244	S	0.600196
01469923995656	76558.541440	W	0.029745
01469924566764	76558.571186	S	0.450281
01469933212152	76559.021466	W	0.076976
01469934690100	76559.098443	S	1.202999
01469957787672	76560.301441	W	0.038171
01469958520556	76560.339612	S	1.236939
01469982269780	76561.576551	W	0.081056
01469983826052	76561.657607	S	1.203891
01470006940768	76562.861498	W	0.076166
01470008403164	76562.937665	S	1.203752
01470031515204	76564.141417	W	0.157965
01470034548140	76564.299382	S	0.006082
01470034664920	76564.305465	W	0.014566
01470034944584	76564.320030	S	0.278452
01470040290860	76564.598482	W	0.014860
01470040576176	76564.613343	S	0.808097
01470056091640	76565.421440	W	0.077211
01470057574088	76565.498650	S	0.214891
01470061700000	76565.713542	W	0.086712
01470063364864	76565.800253	S	0.111009
01470065496244	76565.911263	W	0.122253
01470067843492	76566.033515	S	0.011959
01470068073108	76566.045474	W	0.090238
01470069805680	76566.135713	S	0.082744
01470071394372	76566.218457	W	0.091468
01470073150552	76566.309925	S	0.113322
01470075326340	76566.423247	W	0.084709
01470076952748	76566.507956	S	0.120083
01470079258340	76566.628039	W	0.182409
01470082760584	76566.810447	S	0.014241
01470083034004	76566.824688	W	0.135764
01470085640672	76566.960452	S	0.014196
01470085913244	76566.974648	W	0.122412
01470088263548	76567.097060	S	0.014066
01470088533608	76567.111125	W	0.063129
01470089745688	76567.174255	S	0.068305
01470091057152	76567.242560	W	0.151329
01470093962660	76567.393889	S	0.014062
01470094232652	76567.407951	W	0.319511
01470100367268	76567.727462	S	0.014140
01470100638764	76567.741602	W	0.163495
01470103777864	76567.905097	S	0.014106
01470104048696	76567.919203	W	0.220563
01470108283500	76568.139766	S	0.024305
01470108750152	76568.164070	W	0.084428
01470110371176	76568.248499	S	0.014109
01470110642068	76568.262608	W	0.059604
01470111786460	76568.322211	S	0.048968
01470112726648	76568.371180	W	0.122491
01470115078480	76568.493671	S	0.014233
01470115351748	76568.507904	W	0.234606
01470119856192	76568.742510	S	0.035969
01470120546800	76568.778479	W	0.084096
01470122161448	76568.862575	S	0.014346
01470122436888	76568.876921	W	0.156909
01470125449540	76569.033830	S	0.014209
01470125722352	76569.048039	W	0.325280
01470131967732	76569.373319	S	0.014291
01470132242120	76569.387610	W	0.060861
01470133410648	76569.448471	S	0.046799
01470134309196	76569.495271	W	0.277703
01470139641100	76569.772974	S	0.014358
01470139916776	76569.787332	W	0.070460
01470141269612	76569.857792	S	0.047055
01470142173068	76569.904847	W	0.156140
01470145170964	76570.060988	S	0.014233
01470145444244	76570.075221	W	0.156558
01470148450156	76570.231779	S	0.008833
01470148619748	76570.240612	W	0.106773
01470150669796	76570.347385	S	0.014229
01470150942992	76570.361614	W	0.100426
01470152871180	76570.462041	S	0.014142
01470153142712	76570.476183	W	0.103254
01470155125184	76570.579437	S	0.042168
01470155934812	76570.621605	W	0.244308
01470160625532	76570.865913	S	0.014493
01470160903788	76570.880406	W	0.088412
01470162601304	76570.968818	S	0.012607
01470162843356	76570.981425	W	0.303481
01470168670188	76571.284906	S	0.014408
01470168946820	76571.299314	W	5.077960
01470266443644	76576.377273	S	0.013669
01470266706088	76576.390942	W	0.087245
01470268381188	76576.478187	S	0.109891
01470270491096	76576.588078	W	0.224155
01470274794872	76576.812233	S	0.129151
01470277274580	76576.941384	W	0.037024
01470277985432	76576.978408	S	0.718672
01470291783932	76577.697080	W	0.023907
01470292242948	76577.720987	S	0.510367
01470302041992	76578.231354	W	0.018873
01470302404360	76578.250227	S	0.461527
01470311265684	76578.711754	W	0.014914
01470311552032	76578.726668	S	0.774688
01470326426040	76579.501356	W	0.037236
01470327140968	76579.538592	S	0.157903
01470330172696	76579.696495	W	0.023562
01470330625088	76579.720057	S	0.000860
01470330641592	76579.720916	W	0.015547
01470330940096	76579.736463	S	0.225843
01470335276272	76579.962306	W	15.033411
01470623917768	76594.995717	S	0.372603
01470631071736	76595.368320	W	0.125482
01470633480996	76595.493802	S	0.014335
01470633756220	76595.508136	W	0.134325
01470636335264	76595.642462	S	0.014422
01470636612168	76595.656884	W	0.080893
01470638165304	76595.737776	S	0.074321
01470639592264	76595.812097	W	0.172513
01470642904520	76595.984610	S	0.032284
01470643524364	76596.016894	W	0.333106
01470649919992	76596.350000	S	0.014023
01470650189232	76596.364022	W	0.155630
01470653177328	76596.519653	S	0.014405
01470653453896	76596.534057	W	0.063823
01470654679292	76596.597880	S	0.033419
01470655320940	76596.631299	W	0.084579
01470656944864	76596.715878	S	0.014077
01470657215136	76596.729955	W	0.060440
01470658375576	76596.790395	S	0.630931
01470670489448	76597.421325	W	0.037032
01470671200460	76597.458357	S	0.394329
01470678771568	76597.852686	W	0.038646
01470679513572	76597.891332	S	0.819936
01470695256348	76598.711268	W	0.045128
01470696122804	76598.756396	S	0.129725
01470698613524	76598.886121	W	0.033070
01470699248464	76598.919191	S	0.979202
01470718049148	76599.898393	W	0.021945
01470718470484	76599.920338	S	0.061251
01470719646508	76599.981589	W	0.037968
01470720375484	76600.019556	S	0.400935
01470728073440	76600.420492	W	0.030157
01470728652460	76600.450649	S	0.036079
01470729345168	76600.486727	W	0.304459
01470735190776	76600.791186	S	0.014236
01470735464108	76600.805422	W	0.063554
01470736684336	76600.868976	S	0.010383
01470736883684	76600.879359	W	0.025671
01470737376576	76600.905030	S	0.005518
01470737482520	76600.910548	W	0.014948
01470737769512	76600.925495	S	0.345763
01470744408164	76601.271259	W	0.018265
01470744758860	76601.289524	S	0.632632
01470756905392	76601.922156	W	0.022486
01470757337124	76601.944642	S	0.596655
01470768792908	76602.541297	W	0.037154
01470769506272	76602.578452	S	0.356609
01470776353164	76602.935061	W	0.023047
01470776795676	76602.958108	S	0.863142
01470793368008	76603.821250	W	0.046203
01470794255104	76603.867453	S	0.036817
01470794961988	76603.904270	W	0.022280
01470795389764	76603.926550	S	0.019680
01470795767628	76603.946231	W	0.014793
01470796051644	76603.961023	S	0.995619
01470815167532	76604.956642	W	0.020032
01470815552140	76604.976674	S	0.124540
01470817943308	76605.101214	W	0.047333
01470818852100	76605.148547	S	0.819877
01470834593744	76605.968424	W	0.014932
01470834880436	76605.983356	S	0.407871
01470842711564	76606.391227	W	0.018915
01470843074740	76606.410143	S	0.520179
01470853062184	76606.930322	W	0.014669
01470853343824	76606.944991	S	0.033222
01470853981680	76606.978213	W	0.014818
01470854266188	76606.993031	S	0.678193
01470867287500	76607.671224	W	0.018898
01470867650344	76607.690122	S	0.298451
01470873380600	76607.988573	W	0.014850
01470873665724	76608.003423	S	0.937784
01470891671168	76608.941207	W	0.037365
01470892388584	76608.978572	S	0.021610
01470892803500	76609.000182	W	0.014865
01470893088916	76609.015048	S	0.939164
01470911120872	76609.954212	W	0.014858
01470911406148	76609.969070	S	0.043731
01470912245784	76610.012801	W	0.023120
01470912689688	76610.035921	S	0.195299
01470916439436	76610.231221	W	0.018889
01470916802104	76610.250110	S	1.261095
01470941015124	76611.511204	W	0.018800
01470941376084	76611.530004	S	1.261192
01470965590980	76612.791197	W	0.018981
01470965955412	76612.810178	S	0.169136
01470969202824	76612.979314	W	0.014821
01470969487384	76612.994135	S	1.077062
01470990166976	76614.071197	W	0.018881
01470990529484	76614.090077	S	1.251095
01471014550504	76615.341172	W	0.037255
01471015265800	76615.378427	S	0.626623
01471027296968	76616.005050	W	0.022299
01471027725104	76616.027349	S	0.593872
01471039127444	76616.621221	W	0.046194
01471040014372	76616.667415	S	1.233746
01471063702304	76617.901162	W	0.038226
01471064436244	76617.939388	S	1.090188
01471085367852	76619.029576	W	0.014962
01471085655124	76619.044538	S	0.136646
01471088278736	76619.181184	W	0.037281
01471088994540	76619.218466	S	1.252676
01471113045928	76620.471142	W	0.019030
01471113411300	76620.490172	S	1.250967
01471137429864	76621.741139	W	0.038163
01471138162592	76621.779302	S	0.275012
01471143442832	76622.054314	W	0.014827
01471143727516	76622.069141	S	0.962008
01471162198064	76623.031149	W	0.045137
01471163064688	76623.076286	S	1.224859
01471186581988	76624.301145	W	0.046983
01471187484068	76624.348129	S	0.732010
01471201538668	76625.080139	W	0.022518
01471201971008	76625.102657	S	0.488500
01471211350212	76625.591157	W	0.018895
01471211713004	76625.610052	S	1.245832
01471235632976	76626.855884	W	0.043511
01471236468392	76626.899395	S	1.206238
01471259628164	76628.105634	W	0.014353
01471259903732	76628.119986	S	0.031491
01471260508360	76628.151477	W	0.018560
01471260864704	76628.170037	S	1.251141
01471284886616	76629.421178	W	0.037209
01471285601036	76629.458387	S	1.242795
01471309462696	76630.701182	W	0.037123
01471310175452	76630.738305	S	0.105301
01471312197232	76630.843606	W	0.038374
01471312934008	76630.881980	S	0.247934
01471317694348	76631.129914	W	0.014869
01471317979824	76631.144783	S	0.836430
01471334039276	76631.981212	W	0.037208
01471334753676	76632.018421	S	1.252717
01471358805844	76633.271138	W	0.018934
01471359169376	76633.290072	S	0.863777
01471375753904	76634.153849	W	0.014973
01471376041388	76634.168822	S	0.372317
01471383189880	76634.541140	W	0.037176
01471383903652	76634.578315	S	1.242799
01471407765396	76635.821114	W	0.046201
01471408652464	76635.867316	S	1.233827
01471432341944	76637.101143	W	0.038173
01471433074864	76637.139316	S	0.039599
01471433835160	76637.178915	W	0.013130
01471434087248	76637.192044	S	1.189130
01471456918540	76638.381174	W	0.047216
01471457825092	76638.428390	S	1.232712
01471481493164	76639.661102	W	0.047164
01471482398708	76639.708266	S	0.255076
01471487296160	76639.963342	W	0.001162
01471487318480	76639.964504	S	0.235267
01471491835600	76640.199771	W	0.022995
01471492277104	76640.222766	S	0.718339
01471506069212	76640.941105	W	0.080193
01471507608916	76641.021298	S	1.199791
01471530644900	76642.221089	W	0.038199
01471531378312	76642.259287	S	0.964989
01471549906096	76643.224276	W	0.014985
01471550193800	76643.239260	S	0.261860
01471555221516	76643.501121	W	0.047213
01471556128000	76643.548333	S	1.232779
01471579797348	76644.781112	W	0.047237
01471580704300	76644.828349	S	0.955248
01471599045064	76645.783597	W	0.014653
01471599326392	76645.798250	S	0.262875
01471604373584	76646.061124	W	0.046180
01471605260240	76646.107304	S	0.142853
01471608003020	76646.250157	W	0.014888
01471608288864	76646.265045	S	0.118961
01471610572924	76646.384006	W	0.181321
01471614054280	76646.565327	S	0.014121
01471614325404	76646.579448	W	0.063310
01471615540956	76646.642758	S	0.676886
01471628537176	76647.319645	W	0.059684
01471629683112	76647.379329	S	1.241754
01471653524788	76648.621083	W	0.055218
01471654584968	76648.676300	S	0.598358
01471666073448	76649.274659	W	0.014790
01471666357408	76649.289448	S	0.611686
01471678101772	76649.901134	W	0.047143
01471679006912	76649.948277	S	1.232783
01471702676340	76651.181059	W	0.047242
01471703583388	76651.228301	S	0.204111
01471707502312	76651.432412	W	0.236494
01471712043000	76651.668906	S	0.014217
01471712315960	76651.683123	W	0.063704
01471713539068	76651.746826	S	0.553344
01471724163268	76652.300170	W	0.014857
01471724448524	76652.315027	S	0.146046
01471727252608	76652.461073	W	0.038015
01471727982496	76652.499088	S	1.241982
01471751828544	76653.741070	W	0.038069
01471752559472	76653.779139	S	1.241924
01471776404404	76655.021063	W	0.125936
01471778822384	76655.146999	S	0.048618
01471779755848	76655.195617	W	0.001074
01471779776468	76655.196691	S	0.013945
01471780044216	76655.210636	W	0.001143
01471780066164	76655.211779	S	0.016116
01471780375596	76655.227896	W	0.001035
01471780395472	76655.228931	S	0.013977
01471780663836	76655.242908	W	0.000953
01471780682124	76655.243861	S	0.078886
01471782196744	76655.322747	W	0.014850
01471782481856	76655.337597	S	0.963486
01471800980796	76656.301083	W	0.038269
01471801715564	76656.339352	S	0.212795
01471805801228	76656.552147	W	0.163539
01471808941184	76656.715687	S	0.875388
01471825748636	76657.591075	W	0.018302
01471826100040	76657.609377	S	0.666786
01471838902336	76658.276163	W	0.027316
01471839426812	76658.303480	S	0.035496
01471840108328	76658.338975	W	0.014643
01471840389476	76658.353619	S	0.025111
01471840871612	76658.378730	W	0.014101
01471841142360	76658.392831	S	0.190718
01471844804140	76658.583549	W	0.014624
01471845084912	76658.598173	S	0.087792
01471846770516	76658.685964	W	0.024819
01471847247044	76658.710784	S	0.160279
01471850324408	76658.871063	W	0.055070
01471851381748	76658.926133	S	1.224914
01471874900096	76660.151047	W	0.018508
01471875255448	76660.169555	S	1.194020
01471898180628	76661.363574	W	0.014326
01471898455696	76661.377901	S	0.053487
01471899482652	76661.431388	W	0.018690
01471899841492	76661.450078	S	1.260941
01471924051568	76662.711019	W	0.018932
01471924415056	76662.729951	S	1.261101
01471948628196	76663.991052	W	0.018963
01471948992292	76664.010015	S	0.378881
01471956266816	76664.388897	W	0.014913
01471956553136	76664.403809	S	0.867247
01471973204284	76665.271056	W	0.018752
01471973564324	76665.289809	S	1.261196
01471997779296	76666.551005	W	0.018938
01471998142908	76666.569943	S	0.844936
01472014365676	76667.414879	W	0.014805
01472014649928	76667.429684	S	0.401332
01472022355512	76667.831016	W	0.018668
01472022713932	76667.849684	S	1.261314
01472046931156	76669.110998	W	0.018974
01472047295452	76669.129971	S	1.261019
01472071507012	76670.390990	W	0.021917
01472071927816	76670.412907	S	0.028194
01472072469144	76670.441101	W	0.014730
01472072751960	76670.455831	S	1.215192
01472096083640	76671.671023	W	0.018856
01472096445668	76671.689879	S	1.261104
01472120658868	76672.950983	W	0.018760
01472121019064	76672.969743	S	0.496347
01472130548920	76673.466090	W	0.014936
01472130835696	76673.481026	S	0.749967
01472145235056	76674.230993	W	0.018853
01472145597040	76674.249846	S	1.261127
01472169810688	76675.510973	W	0.018923
01472170174012	76675.529896	S	0.960579
01472188617128	76676.490475	W	0.014976
01472188904660	76676.505451	S	0.203205
01472192806192	76676.708656	W	0.016467
01472193122352	76676.725123	S	0.005404
01472193226108	76676.730526	W	0.014324
01472193501128	76676.744850	S	0.046439
01472194392752	76676.791289	W	0.018598
01472194749836	76676.809887	S	1.261097
01472218962908	76678.070985	W	0.018914
01472219326048	76678.089898	S	1.251095
01472243347072	76679.340993	W	0.038254
01472244081552	76679.379247	S	0.135466
01472246682496	76679.514713	W	0.014753
01472246965752	76679.529466	S	1.101506
01472268114668	76680.630972	W	0.018858
01472268476736	76680.649830	S	1.261105
01472292689952	76681.910935	W	0.018883
01472293052508	76681.929818	S	0.607579
01472304718024	76682.537397	W	0.014928
01472305004648	76682.552325	S	0.638628
01472317266308	76683.190954	W	0.018742
01472317626148	76683.209695	S	1.261240
01472341841960	76684.470935	W	0.018950
01472342205804	76684.489886	S	1.071811
01472362784580	76685.561697	W	0.014945
01472363071520	76685.576642	S	0.174319
01472366418436	76685.750960	W	0.018830
01472366779980	76685.769791	S	0.920624
01472384455968	76686.690415	W	0.049091
01472385398512	76686.739506	S	0.291431
01472390993988	76687.030937	W	0.019459
01472391367608	76687.050396	S	1.260518
01472415569552	76688.310914	W	0.045088
01472416435236	76688.356002	S	0.230012
01472420851464	76688.586014	W	0.013008
01472421101212	76688.599021	S	0.981914
01472439953964	76689.580936	W	0.038219
01472440687760	76689.619154	S	1.251739
01472464721148	76690.870893	W	0.018894
01472465083912	76690.889787	S	0.721644
01472478939476	76691.611431	W	0.023041
01472479381860	76691.634472	S	0.516439
01472489297480	76692.150910	W	0.018818
01472489658792	76692.169729	S	1.251178
01472513681404	76693.420906	W	0.047203
01472514587700	76693.468109	S	1.172047
01472537091004	76694.640156	W	0.022612
01472537525152	76694.662768	S	0.048480
01472538455968	76694.711248	W	0.018514
01472538811428	76694.729762	S	1.261126
01472563025056	76695.990888	W	0.018859
01472563387156	76696.009748	S	1.261146
01472587601164	76697.270894	W	0.018936
01472587964744	76697.289830	S	0.376034
01472595184596	76697.665864	W	0.014766
01472595468112	76697.680631	S	0.870300
01472612177880	76698.550931	W	0.018802
01472612538876	76698.569733	S	1.261132
01472636752620	76699.830866	W	0.018911
01472637115708	76699.849776	S	0.114049
01472639305444	76699.963825	W	15.030938
01472927899452	76714.994763	S	0.186020
01472931471032	76715.180783	W	0.038220
01472932204852	76715.219003	S	0.601316
01472943750128	76715.820319	W	0.022577
01472944183600	76715.842896	S	0.617921
01472956047692	76716.460817	W	0.038162
01472956780400	76716.498979	S	0.204769
01472960711956	76716.703748	W	0.070867
01472962072612	76716.774615	S	0.976185
01472980815360	76717.750800	W	0.018306
01472981166840	76717.769106	S	1.077639
01473001857508	76718.846745	W	0.014978
01473002145080	76718.861723	S	0.169067
01473005391164	76719.030790	W	0.018937
01473005754764	76719.049727	S	1.261061
01473029967140	76720.310789	W	0.019005
01473030332028	76720.329793	S	1.260984
01473054542916	76721.590777	W	0.018728
01473054902488	76721.609505	S	0.264635
01473059983480	76721.874140	W	0.022383
01473060413228	76721.896522	S	0.974271
01473079119224	76722.870793	W	0.018860
01473079481344	76722.889653	S	0.616026
01473091309040	76723.505679	W	0.014558
01473091588552	76723.520237	S	0.488353
01473100964936	76724.008590	W	0.090422
01473102701040	76724.099012	S	0.051771
01473103695040	76724.150783	W	0.018875
01473104057448	76724.169659	S	0.052230
01473105060260	76724.221889	W	0.084505
01473106682756	76724.306394	S	0.592194
01473118052880	76724.898588	W	0.014754
01473118336148	76724.913341	S	0.230201
01473122756016	76725.143542	W	0.086654
01473124419768	76725.230196	S	0.200565
01473128270620	76725.430761	W	0.018783
01473128631244	76725.449544	S	1.261205
01473152846384	76726.710749	W	0.045092
01473153712144	76726.755841	S	1.166399
01473176107004	76727.922240	W	0.016017
01473176414524	76727.938256	S	0.042834
01473177236936	76727.981090	W	0.037965
01473177965864	76728.019055	S	1.236873
01473201713824	76729.255928	W	0.236262
01473206250052	76729.492190	S	0.014147
01473206521680	76729.506338	W	0.063618
01473207743148	76729.569956	S	0.392221
01473215273788	76729.962176	W	0.017090
01473215601912	76729.979266	S	0.058898
01473216732760	76730.038165	W	0.001567
01473216762852	76730.039732	S	0.511023
01473226574500	76730.550755	W	0.018711
01473226933748	76730.569466	S	0.033776
01473227582252	76730.603242	W	0.001099
01473227603356	76730.604341	S	0.341433
01473234158868	76730.945774	W	0.014884
01473234444636	76730.960658	S	0.119258
01473236734384	76731.079916	W	4.480759
01473322764956	76735.560675	S	0.004433
01473322850072	76735.565108	W	0.016767
01473323172000	76735.581875	S	0.079174
01473324692136	76735.661049	W	0.046930
01473325593184	76735.707978	S	1.242758
01473349454144	76736.950737	W	0.018870
01473349816440	76736.969606	S	0.021916
01473350237232	76736.991523	W	0.014676
01473350519016	76737.006199	S	1.224537
01473374030128	76738.230736	W	0.018904
01473374393076	76738.249639	S	1.261066
01473398605544	76739.510705	W	0.018743
01473398965408	76739.529448	S	0.485710
01473408291048	76740.015159	W	0.014914
01473408577392	76740.030072	S	0.750647
01473422989808	76740.780719	W	0.037226
01473423704548	76740.817945	S	1.242741
01473447565180	76742.060686	W	0.037183
01473448279088	76742.097869	S	0.944925
01473466421648	76743.042794	W	0.024169
01473466885684	76743.066963	S	0.273733
01473472141360	76743.340696	W	0.037172
01473472855056	76743.377868	S	1.252813
01473496909056	76744.630680	W	0.018898
01473497271896	76744.649578	S	1.261101
01473521485036	76745.910679	W	0.018945
01473521848780	76745.929624	S	0.139249
01473524522356	76746.068873	W	0.023050
01473524964916	76746.091923	S	1.098761
01473546061124	76747.190684	W	0.018884
01473546423692	76747.209567	S	1.261098
01473570636768	76748.470665	W	0.018944
01473571000484	76748.489609	S	0.603584
01473582589300	76749.093193	W	0.015006
01473582877416	76749.108199	S	0.626459
01473594905432	76749.734658	W	0.043251
01473595735844	76749.777909	S	0.274841
01473601012784	76750.052749	W	0.001822
01473601047760	76750.054571	S	0.976105
01473619788984	76751.030676	W	0.021842
01473620208344	76751.052518	S	0.407811
01473628038308	76751.460329	W	0.086159
01473629692552	76751.546487	S	0.576757
01473640766284	76752.123244	W	0.022002
01473641188716	76752.145246	S	0.165412
01473644364632	76752.310658	W	0.018833
01473644726232	76752.329491	S	1.251179
01473668748876	76753.580671	W	0.038040
01473669479244	76753.618711	S	1.241956
01473693324796	76754.860666	W	0.038029
01473694054944	76754.898695	S	0.251858
01473698890624	76755.150553	W	0.014818
01473699175132	76755.165371	S	0.975288
01473717900664	76756.140660	W	0.047194
01473718806784	76756.187853	S	0.290113
01473724376952	76756.477966	W	0.125982
01473726795808	76756.603948	S	0.014119
01473727066884	76756.618067	W	0.104578
01473729074776	76756.722645	S	0.014305
01473729349440	76756.736950	W	0.068110
01473730657160	76756.805060	S	0.615587
01473742476428	76757.420647	W	0.038225
01473743210352	76757.458873	S	0.714370
01473756926264	76758.173243	W	0.022239
01473757353248	76758.195482	S	0.515130
01473767243736	76758.710611	W	0.018844
01473767605548	76758.729456	S	0.410910
01473775495012	76759.140365	W	0.086467
01473777155176	76759.226832	S	0.737492
01473791315024	76759.964324	W	0.045156
01473792182016	76760.009480	S	0.411438
01473800081632	76760.420918	W	0.002859
01473800136524	76760.423777	S	0.044542
01473800991740	76760.468320	W	0.001166
01473801014120	76760.469485	S	0.499163
01473810598040	76760.968648	W	0.007041
01473810733228	76760.975689	S	0.226057
01473815073516	76761.201746	W	0.014282
01473815347728	76761.216028	S	0.054931
01473816402400	76761.270958	W	0.018535
01473816758272	76761.289493	S	0.133073
01473819313272	76761.422566	W	0.001046
01473819333356	76761.423612	S	0.044866
01473820194780	76761.468478	W	0.001557
01473820224680	76761.470035	S	0.354519
01473827031440	76761.824554	W	0.001112
01473827052784	76761.825666	S	0.142856
01473829795612	76761.968521	W	0.001057
01473829815912	76761.969579	S	0.498933
01473839395432	76762.468512	W	0.005746
01473839505760	76762.474258	S	0.066699
01473840786388	76762.540958	W	0.037866
01473841513416	76762.578824	S	0.389819
01473848997932	76762.968642	W	0.001554
01473849027776	76762.970197	S	0.498345
01473858595992	76763.468541	W	0.007665
01473858743152	76763.476206	S	0.354399
01473865547620	76763.830605	W	0.018881
01473865910132	76763.849486	S	0.119548
01473868205452	76763.969034	W	0.001452
01473868233336	76763.970486	S	0.187495
01473871833240	76764.157981	W	0.125366
01473874240260	76764.283347	S	0.014128
01473874511516	76764.297475	W	0.085118
01473876145776	76764.382592	S	0.085951
01473877796032	76764.468543	W	0.007184
01473877933960	76764.475727	S	0.428466
01473886160512	76764.904193	W	0.018484
01473886515396	76764.922677	S	0.045936
01473887397364	76764.968613	W	0.001181
01473887420032	76764.969793	S	0.130822
01473889931816	76765.100615	W	0.047214
01473890838320	76765.147829	S	0.320693
01473896995628	76765.468522	W	0.007299
01473897135772	76765.475821	S	0.492895
01473906599352	76765.968716	W	0.001575
01473906629588	76765.970291	S	0.420304
01473914699432	76766.390595	W	0.018975
01473915063756	76766.409571	S	0.058949
01473916195568	76766.468519	W	0.007318
01473916336072	76766.475837	S	0.017553
01473916673096	76766.493390	W	0.001180
01473916695744	76766.494570	S	0.474051
01473925797532	76766.968621	W	0.001442
01473925825216	76766.970063	S	0.273238
01473931071376	76767.243301	W	0.023345
01473931519596	76767.266646	S	0.201888
01473935395852	76767.468534	W	0.007317
01473935536336	76767.475851	S	0.194745
01473939275444	76767.670596	W	0.054035
01473940312916	76767.724631	S	0.243940
01473944996564	76767.968571	W	0.001623
01473945027728	76767.970194	S	0.498279
01473954594680	76768.468473	W	0.007476
01473954738216	76768.475949	S	0.464644
01473963659372	76768.940592	W	0.047262
01473964566796	76768.987854	S	0.480645
01473973795188	76769.468499	W	0.007233
01473973934056	76769.475732	S	0.492935
01473983398404	76769.968667	W	0.001882
01473983434532	76769.970549	S	0.250049
01473988235476	76770.220598	W	0.038159
01473988968124	76770.258756	S	0.012310
01473989204484	76770.271067	W	0.014655
01473989485856	76770.285722	S	0.183100
01473993001368	76770.468821	W	0.007147
01473993138588	76770.475968	S	0.492844
01474002601192	76770.968812	W	0.001609
01474002632092	76770.970421	S	0.498091
01474012195432	76771.468512	W	0.007038
01474012330556	76771.475550	S	0.025365
01474012817568	76771.500915	W	0.054833
01474013870360	76771.555748	S	0.412822
01474021796540	76771.968570	W	0.001571
01474021826696	76771.970140	S	0.498537
01474031398612	76772.468678	W	0.007113
01474031535176	76772.475790	S	0.304812
01474037387568	76772.780603	W	0.047168
01474038293200	76772.827771	S	0.140871
01474040997916	76772.968641	W	0.001470
01474041026136	76772.970111	S	0.325345
01474047272768	76773.295457	W	0.023242
01474047719012	76773.318699	S	0.149814
01474050595448	76773.468513	W	0.007525
01474050739928	76773.476038	S	0.492635
01474060198528	76773.968673	W	0.001576
01474060228784	76773.970249	S	0.100292
01474062154396	76774.070541	W	0.019696
01474062532568	76774.090238	S	0.378269
01474069795324	76774.468506	W	0.001554
01474069825152	76774.470060	S	0.498613
01474079398528	76774.968673	W	0.006783
01474079528764	76774.975456	S	0.365109
01474086538860	76775.340566	W	0.046214
01474087426172	76775.386780	S	0.081718
01474088995164	76775.468498	W	0.001553
01474089024984	76775.470051	S	0.498543
01474098597012	76775.968594	W	0.007596
01474098742864	76775.976191	S	0.346634
01474105398240	76776.322825	W	0.024653
01474105871580	76776.347478	S	0.121020
01474108195168	76776.468498	W	0.001659
01474108227016	76776.470157	S	0.150381
01474111114340	76776.620539	W	0.047232
01474112021196	76776.667771	S	0.301022
01474117800824	76776.968793	W	0.007126
01474117937644	76776.975919	S	0.492626
01474127396072	76777.468545	W	0.001638
01474127427524	76777.470184	S	0.430361
01474135690448	76777.900544	W	0.038203
01474136423936	76777.938747	S	0.011105
01474136637144	76777.949851	W	0.014735
01474136920064	76777.964587	S	0.004072
01474136998240	76777.968658	W	0.007401
01474137140332	76777.976059	S	0.002242
01474137183376	76777.978301	W	0.001073
01474137203984	76777.979374	S	0.489108
01474146594856	76778.468482	W	0.001700
01474146627488	76778.470182	S	0.498931
01474156206956	76778.969112	W	0.020792
01474156606160	76778.989904	S	0.190660
01474160266832	76779.180564	W	0.037055
01474160978292	76779.217619	S	0.134249
01474163555872	76779.351868	W	0.029764
01474164127344	76779.381632	S	0.086895
01474165795736	76779.468528	W	0.001584
01474165826144	76779.470112	S	0.498485
01474175397048	76779.968596	W	0.007804
01474175546892	76779.976401	S	0.484151
01474184842588	76780.460551	W	0.037185
01474185556548	76780.497737	S	0.470901
01474194597856	76780.968638	W	0.001586
01474194628308	76780.970224	S	0.498306
01474204195780	76781.468530	W	0.006757
01474204325512	76781.475287	S	0.275230
01474209609924	76781.750517	W	0.054136
01474210649336	76781.804653	S	0.163964
01474213797448	76781.968617	W	0.001557
01474213827340	76781.970174	S	0.419916
01474221889736	76782.390090	W	0.015113
01474222179900	76782.405203	S	0.063335
01474223395928	76782.468538	W	0.007136
01474223532948	76782.475674	S	0.492968
01474232997940	76782.968643	W	0.001264
01474233022216	76782.969907	S	0.050936
01474234000180	76783.020843	W	0.046715
01474234897116	76783.067558	S	0.401093
01474242598104	76783.468651	W	0.007221
01474242736744	76783.475872	S	0.492802
01474252198544	76783.968674	W	0.001554
01474252228376	76783.970228	S	0.330275
01474258569664	76784.300503	W	0.038017
01474259299584	76784.338520	S	0.129940
01474261794436	76784.468460	W	0.007501
01474261938452	76784.475961	S	0.492774
01474271399712	76784.968735	W	0.001674
01474271431848	76784.970409	S	0.446029
01474279995600	76785.416437	W	0.023433
01474280445516	76785.439871	S	0.029241
01474281006936	76785.469111	W	0.007024
01474281141804	76785.476136	S	0.002342
01474281186764	76785.478477	W	0.001207
01474281209932	76785.479684	S	0.110837
01474283338000	76785.590521	W	0.018824
01474283699428	76785.609345	S	0.359332
01474290598600	76785.968677	W	0.001510
01474290627592	76785.970187	S	0.498345
01474300195816	76786.468532	W	0.001566
01474300225892	76786.470099	S	0.390452
01474307722576	76786.860551	W	0.038188
01474308455784	76786.898739	S	0.069884
01474309797560	76786.968623	W	0.001431
01474309825036	76786.970054	S	0.497556
01474319378112	76787.467610	W	0.002109
01474319418608	76787.469719	S	0.497978
01474328979776	76787.967697	W	0.006168
01474329098200	76787.973865	S	0.034548
01474329761512	76788.008412	W	0.000204
01474329765436	76788.008616	S	0.131859
01474332297132	76788.140476	W	0.038201
01474333030600	76788.178677	S	0.264240
01474338104000	76788.442917	W	0.014893
01474338389944	76788.457810	S	0.010675
01474338594908	76788.468485	W	0.001575
01474338625148	76788.470060	S	0.498570
01474348197684	76788.968629	W	0.007137
01474348334724	76788.975767	S	0.002386
01474348380532	76788.978153	W	0.001089
01474348401436	76788.979241	S	0.441220
01474356872852	76789.420461	W	0.048526
01474357804560	76789.468988	S	0.499716
01474367399108	76789.968704	W	0.007203
01474367537400	76789.975906	S	0.492632
01474376995944	76790.468539	W	0.001605
01474377026768	76790.470144	S	0.230348
01474381449444	76790.700492	W	0.038129
01474382181528	76790.738621	S	0.230089
01474386599232	76790.968710	W	0.007276
01474386738924	76790.975986	S	0.492506
01474396195032	76791.468491	W	0.014953
01474396482132	76791.483444	S	0.485839
01474405810244	76791.969284	W	0.058462
01474406932708	76792.027745	S	0.440663
01474415393428	76792.468408	W	0.001843
01474415428820	76792.470251	S	0.498435
01474424998764	76792.968686	W	0.007226
01474425137500	76792.975911	S	0.294606
01474430793928	76793.270517	W	0.045003
01474431657992	76793.315520	S	0.152993
01474434595448	76793.468513	W	0.001458
01474434623448	76793.469971	S	0.497785
01474444180916	76793.967756	W	0.001907
01474444217528	76793.969663	S	0.365662
01474451238232	76794.335325	W	0.050368
01474452205288	76794.385692	S	0.082874
01474453796468	76794.468566	W	0.001172
01474453818976	76794.469738	S	0.022736
01474454255504	76794.492474	W	0.014454
01474454533024	76794.506928	S	0.033891
01474455183724	76794.540819	W	0.046879
01474456083800	76794.587698	S	0.380922
01474463397512	76794.968620	W	0.018618
01474463754972	76794.987238	S	0.481312
01474472996156	76795.468550	W	0.007157
01474473133576	76795.475707	S	0.344785
01474479753452	76795.820492	W	0.038185
01474480486612	76795.858678	S	0.109898
01474482596656	76795.968576	W	0.001580
01474482626984	76795.970155	S	0.498318
01474492194692	76796.468474	W	0.007394
01474492336660	76796.475868	S	0.492927
01474501800852	76796.968794	W	0.001823
01474501835852	76796.970617	S	0.129850
01474504328980	76797.100468	W	0.047179
01474505234824	76797.147647	S	0.320838
01474511394920	76797.468485	W	0.007247
01474511534068	76797.475733	S	0.042002
01474512340508	76797.517735	W	0.023504
01474512791780	76797.541239	S	0.427470
01474520999208	76797.968709	W	0.001688
01474521031620	76797.970397	S	0.410112
01474528905768	76798.380509	W	0.037133
01474529618724	76798.417642	S	0.051245
01474530602632	76798.468887	W	0.006639
01474530730092	76798.475526	S	0.493162
01474540198808	76798.968688	W	0.001528
01474540228148	76798.970216	S	0.498312
01474549795732	76799.468528	W	0.021084
01474550200540	76799.489611	S	0.180870
01474553673244	76799.670481	W	0.018885
01474554035832	76799.689366	S	0.279214
01474559396736	76799.968580	W	0.001799
01474559431272	76799.970379	S	0.498094
01474568994676	76800.468473	W	0.007568
01474569139976	76800.476040	S	0.070403
01474570491712	76800.546443	W	0.014844
01474570776724	76800.561288	S	0.379182
01474578057012	76800.940469	W	0.038182
01474578790108	76800.978651	S	0.489833
01474588194892	76801.468484	W	0.001563
01474588224908	76801.470047	S	0.498613
01474597798280	76801.968660	W	0.006784
01474597928540	76801.975445	S	0.255006
01474602824652	76802.230451	W	0.018748
01474603184620	76802.249199	S	0.219320
01474607395564	76802.468519	W	0.001608
01474607426432	76802.470127	S	0.498584
01474616999240	76802.968710	W	0.007366
01474617140672	76802.976077	S	0.492464
01474626595972	76803.468540	W	0.001290
01474626620736	76803.469830	S	0.030954
01474627215056	76803.500784	W	0.045652
01474628091580	76803.546436	S	0.022521
01474628523992	76803.568958	W	0.014727
01474628806756	76803.583685	S	0.384908
01474636196992	76803.968593	W	0.007453
01474636340088	76803.976046	S	0.492432
01474645794788	76804.468479	W	0.001611
01474645825720	76804.470090	S	0.310337
01474651784184	76804.780426	W	0.047047
01474652687488	76804.827473	S	0.141448
01474655403288	76804.968921	W	0.007267
01474655542808	76804.976188	S	0.002962
01474655599676	76804.979150	W	0.001165
01474655622036	76804.980314	S	0.488164
01474664994788	76805.468479	W	0.001636
01474665026200	76805.470115	S	0.498556
01474674598484	76805.968671	W	0.001223
01474674621972	76805.969894	S	0.090874
01474676366760	76806.060769	W	0.045809
01474677246296	76806.106578	S	0.361916
01474684195084	76806.468494	W	0.001629
01474684226352	76806.470123	S	0.123331
01474686594304	76806.593453	W	0.023524
01474687045964	76806.616977	S	0.351684
01474693798292	76806.968661	W	0.001650
01474693829968	76806.970311	S	0.370122
01474700936308	76807.340433	W	0.047255
01474701843608	76807.387688	S	0.080829
01474703395516	76807.468516	W	0.001529
01474703424868	76807.470045	S	0.498567
01474712997364	76807.968613	W	0.001504
01474713026236	76807.970116	S	0.498344
01474722594448	76808.468461	W	0.007205
01474722732780	76808.475666	S	0.154772
01474725704400	76808.630438	W	0.018831
01474726065948	76808.649268	S	0.319377
01474732197996	76808.968646	W	0.001564
01474732228032	76808.970210	S	0.499019
01474741809188	76809.469229	W	0.007882
01474741960520	76809.477110	S	0.147880
01474744799816	76809.624990	W	0.020512
01474745193648	76809.645503	S	0.264932
01474750280348	76809.910435	W	0.018650
01474750638436	76809.929085	S	0.039685
01474751400380	76809.968770	W	0.001557
01474751430268	76809.970326	S	0.498186
01474760995432	76810.468512	W	0.001683
01474761027744	76810.470195	S	0.498530
01474770599528	76810.968725	W	0.007090
01474770735664	76810.975816	S	0.204602
01474774664024	76811.180418	W	0.046208
01474775551212	76811.226626	S	0.241876
01474780195232	76811.468502	W	0.001666
01474780227228	76811.470168	S	0.498433
01474789797144	76811.968601	W	0.007257
01474789936472	76811.975858	S	0.484540
01474799239648	76812.460398	W	0.047106
01474800144088	76812.507505	S	0.149251
01474803009712	76812.656756	W	0.023934
01474803469248	76812.680690	S	0.287968
01474808998228	76812.968658	W	0.007134
01474809135192	76812.975791	S	0.492729
01474818595588	76813.468520	W	0.001583
01474818625976	76813.470103	S	0.270294
01474823815620	76813.740397	W	0.038181
01474824548704	76813.778578	S	0.190060
01474828197864	76813.968639	W	0.007262
01474828337288	76813.975900	S	0.492614
01474837795480	76814.468515	W	0.001747
01474837829028	76814.470262	S	0.498410
01474847398496	76814.968672	W	0.001252
01474847422540	76814.969924	S	0.050781
01474848397536	76815.020705	W	0.054882
01474849451276	76815.075587	S	0.392933
01474856995584	76815.468520	W	0.001564
01474857025604	76815.470084	S	0.216148
01474861175644	76815.686231	W	0.022390
01474861605528	76815.708621	S	0.260625
01474866609520	76815.969246	W	0.001663
01474866641448	76815.970909	S	0.329505
01474872967940	76816.300414	W	0.038152
01474873700452	76816.338565	S	0.129886
01474876194268	76816.468451	W	0.001492
01474876222912	76816.469943	S	0.498792
01474885799716	76816.968735	W	0.002263
01474885843156	76816.970998	S	0.002491
01474885890976	76816.973488	W	0.001081
01474885911728	76816.974569	S	0.001912
01474885948440	76816.976481	W	0.001031
01474885968236	76816.977512	S	0.490978
01474895395008	76817.468490	W	0.008762
01474895563232	76817.477252	S	0.103151
01474897543728	76817.580402	W	0.037184
01474898257664	76817.617587	S	0.351296
01474905002540	76817.968882	W	0.001633
01474905033900	76817.970516	S	0.498000
01474914595504	76818.468516	W	0.007168
01474914733132	76818.475684	S	0.236149
01474919267200	76818.711833	W	0.014751
01474919550420	76818.726584	S	0.133796
01474922119300	76818.860380	W	0.037284
01474922835144	76818.897664	S	0.070962
01474924197620	76818.968626	W	0.001632
01474924228956	76818.970258	S	0.498277
01474933795868	76819.468535	W	0.006804
01474933926512	76819.475339	S	0.493290
01474943397684	76819.968629	W	0.015664
01474943698432	76819.984293	S	0.166081
01474946887180	76820.150374	W	0.018807
01474947248280	76820.169181	S	0.299249
01474952993868	76820.468431	W	0.007308
01474953134188	76820.475739	S	0.492902
01474962597912	76820.968641	W	0.001582
01474962628292	76820.970224	S	0.450187
01474971271880	76821.420410	W	0.038145
01474972004264	76821.458555	S	0.278474
01474977350960	76821.737029	W	0.023128
01474977795012	76821.760157	S	0.940222
01474995847280	76822.700379	W	0.047218
01474996753860	76822.747597	S	1.232749
01475020422632	76823.980345	W	0.047168
01475021328260	76824.027514	S	0.321453
01475027500156	76824.348966	W	0.040070
01475028269500	76824.389036	S	0.375223
01475035473780	76824.764259	W	0.022233
01475035900660	76824.786493	S	0.473840
01475044998384	76825.260332	W	0.046184
01475045885112	76825.306516	S	1.233814
01475069574332	76826.540330	W	0.038137
01475070306564	76826.578467	S	1.211533
01475093568000	76827.790000	W	0.014460
01475093845624	76827.804460	S	0.016226
01475094157156	76827.820685	W	0.054823
01475095209748	76827.875508	S	1.224832
01475118726516	76829.100339	W	0.038115
01475119458332	76829.138455	S	1.251878
01475143494384	76830.390332	W	0.045111
01475144360508	76830.435443	S	0.379485
01475151646620	76830.814928	W	0.014961
01475151933876	76830.829889	S	0.830460
01475167878716	76831.660350	W	0.038229
01475168612704	76831.698578	S	1.251728
01475192645884	76832.950306	W	0.018873
01475193008244	76832.969179	S	0.872262
01475209755676	76833.841441	W	0.024032
01475210217096	76833.865474	S	0.354858
01475217030376	76834.220332	W	0.046180
01475217917032	76834.266512	S	1.233770
01475241605416	76835.500282	W	0.047244
01475242512508	76835.547526	S	1.232787
01475266182012	76836.780313	W	0.038159
01475266914664	76836.818472	S	0.051376
01475267901084	76836.869848	W	0.023446
01475268351240	76836.893294	S	1.167007
01475290757784	76838.060301	W	0.055260
01475291818776	76838.115561	S	1.224729
01475315333572	76839.340290	W	0.038216
01475316067320	76839.378506	S	0.518822
01475326028704	76839.897328	W	0.023461
01475326479164	76839.920790	S	0.699493
01475339909432	76840.620283	W	0.037025
01475340620308	76840.657308	S	1.252973
01475364677380	76841.910280	W	0.053969
01475365713588	76841.964249	S	0.963376
01475384210404	76842.927625	W	0.023427
01475384660204	76842.951052	S	0.229263
01475389062052	76843.180315	W	0.047226
01475389968800	76843.227542	S	0.803017
01475405386728	76844.030559	W	0.014622
01475405667468	76844.045181	S	0.005280
01475405768844	76844.050461	W	0.014811
01475406053212	76844.065271	S	0.394994
01475413637100	76844.460266	W	0.038199
01475414370520	76844.498465	S	0.568684
01475425289248	76845.067148	W	0.109153
01475427384984	76845.176301	S	0.082683
01475428972492	76845.258984	W	0.087156
01475430645884	76845.346140	S	0.394118
01475438212944	76845.740258	W	0.047224
01475439119636	76845.787481	S	0.169429
01475442372668	76845.956910	W	0.022464
01475442803980	76845.979374	S	1.040890
01475462789076	76847.020264	W	0.038169
01475463521924	76847.058434	S	1.251804
01475487556552	76848.310237	W	0.018947
01475487920340	76848.329184	S	0.653602
01475500469504	76848.982787	W	0.014786
01475500753400	76848.997573	S	0.582689
01475511941028	76849.580262	W	0.047218
01475512847604	76849.627479	S	0.460534
01475521689848	76850.088013	W	0.236887
01475526238072	76850.324900	S	0.014082
01475526508452	76850.338982	W	0.063575
01475527729092	76850.402557	S	0.078820
01475529242432	76850.481377	W	0.088942
01475530950112	76850.570318	S	0.289913
01475536516440	76850.860231	W	0.047270
01475537424024	76850.907501	S	1.101501
01475558572848	76852.009002	W	0.015034
01475558861492	76852.024036	S	0.126211
01475561284740	76852.150247	W	0.019858
01475561666020	76852.170105	S	1.250124
01475585668408	76853.420230	W	0.047266
01475586575912	76853.467495	S	1.242739
01475610436492	76854.710234	W	0.018890
01475610799180	76854.729124	S	0.309141
01475616734684	76855.038265	W	0.014926
01475617021260	76855.053191	S	0.241024
01475621648912	76855.294214	W	0.085980
01475623299720	76855.380194	S	0.338935
01475629807280	76855.719129	W	0.115248
01475632020040	76855.834377	S	0.155865
01475635012648	76855.990242	W	0.018749
01475635372632	76856.008991	S	1.251240
01475659396432	76857.260231	W	0.038059
01475660127160	76857.298290	S	0.768375
01475674879964	76858.066665	W	0.014795
01475675164036	76858.081460	S	0.468761
01475684164240	76858.550221	W	0.018883
01475684526792	76858.569104	S	1.251108
01475708548064	76859.820212	W	0.037175
01475709261828	76859.857387	S	1.232057
01475732917328	76861.089444	W	0.047917
01475733837328	76861.137361	S	1.242849
01475757700032	76862.380210	W	0.037193
01475758414128	76862.417402	S	1.242808
01475782276048	76863.660211	W	0.046213
01475783163340	76863.706424	S	0.404797
01475790935436	76864.111221	W	0.014897
01475791221464	76864.126118	S	0.814082
01475806851836	76864.940200	W	0.047221
01475807758472	76864.987420	S	1.232744
01475831427152	76866.220164	W	0.047223
01475832333824	76866.267387	S	0.870252
01475849042660	76867.137639	W	0.015015
01475849330952	76867.152654	S	0.357522
01475856195372	76867.510176	W	0.019861
01475856576696	76867.530036	S	1.250160
01475880579776	76868.780197	W	0.047210
01475881486204	76868.827406	S	1.232782
01475905155612	76870.060188	W	0.037144
01475905868780	76870.097332	S	0.065296
01475907122468	76870.162629	W	0.014827
01475907407148	76870.177456	S	0.477183
01475916569056	76870.654638	W	0.014533
01475916848092	76870.669171	S	0.671028
01475929731836	76871.340200	W	0.037203
01475930446136	76871.377403	S	1.238959
01475954234140	76872.616361	W	0.058845
01475955363960	76872.675206	S	0.510991
01475965174984	76873.186197	W	0.014916
01475965461376	76873.201113	S	0.699048
01475978883104	76873.900162	W	0.047193
01475979789204	76873.947354	S	1.232783
01476003458632	76875.180137	W	0.037170
01476004172296	76875.217307	S	0.994359
01476023263996	76876.211666	W	0.014992
01476023551848	76876.226659	S	0.243480
01476028226656	76876.470138	W	0.018871
01476028588976	76876.489009	S	1.251120
01476052610476	76877.740129	W	0.038217
01476053344236	76877.778346	S	1.251806
01476077378904	76879.030151	W	0.044995
01476078242804	76879.075146	S	0.159716
01476081309360	76879.234863	W	0.014642
01476081590480	76879.249504	S	0.173270
01476084917268	76879.422774	W	16.918446
01476409751424	76896.341220	S	0.608868
01476421441696	76896.950088	W	0.020010
01476421825892	76896.970099	S	1.259962
01476446017168	76898.230061	W	0.047037
01476446920276	76898.277098	S	1.222963
01476470401172	76899.500061	W	0.038431
01476471139056	76899.538492	S	1.251564
01476495169076	76900.790056	W	0.019016
01476495534184	76900.809072	S	1.260975
01476519744900	76902.070047	W	0.019039
01476520110452	76902.089086	S	1.260953
01476544320748	76903.350039	W	0.018952
01476544684632	76903.368991	S	1.251066
01476568705104	76904.620057	W	0.046356
01476569595140	76904.666414	S	0.197019
01476573377908	76904.863433	W	0.536838
01476583685204	76905.400271	S	0.077765
01476585178288	76905.478036	W	0.017397
01476585512316	76905.495433	S	0.404586
01476593280376	76905.900020	W	0.038375
01476594017184	76905.938395	S	1.251599
01476618047888	76907.189994	W	0.018823
01476618409288	76907.208817	S	1.261196
01476642624244	76908.470013	W	0.019039
01476642989788	76908.489051	S	1.260948
01476667199996	76909.750000	W	0.019052
01476667565792	76909.769052	S	1.250931
01476691583668	76911.019983	W	0.037167
01476692297276	76911.057150	S	1.252865
01476716352288	76912.310015	W	0.018996
01476716717016	76912.329011	S	1.260994
01476740928100	76913.590005	W	0.018987
01476741292652	76913.608992	S	1.180114
01476763950840	76914.789106	W	0.022872
01476764389980	76914.811978	S	0.058380
01476765510884	76914.870359	W	0.018640
01476765868776	76914.888999	S	0.905849
01476783261068	76915.794847	W	0.049200
01476784205712	76915.844047	S	0.305956
01476790080064	76916.150003	W	0.018504
01476790435332	76916.168507	S	1.261459
01476814655352	76917.429966	W	0.019035
01476815020816	76917.449001	S	1.260960
01476839231252	76918.709961	W	0.019041
01476839596836	76918.729002	S	1.260952
01476863807112	76919.989954	W	0.018899
01476864169976	76920.008853	S	0.719458
01476877983576	76920.728311	W	0.014751
01476878266796	76920.743062	S	0.087684
01476879950320	76920.830746	W	0.014515
01476880229008	76920.845261	S	0.424732
01476888383860	76921.269993	W	0.021992
01476888806108	76921.291985	S	1.257971
01476912959144	76922.549955	W	0.019000
01476913323948	76922.568956	S	1.261004
01476937535228	76923.829960	W	0.018716
01476937894572	76923.848676	S	1.261284
01476962111216	76925.109959	W	0.019107
01476962478072	76925.129066	S	1.260881
01476986686992	76926.389948	W	0.018992
01476987051640	76926.408940	S	1.261000
01477011262832	76927.669939	W	0.018997
01477011627580	76927.688936	S	1.261016
01477035839080	76928.949952	W	0.019034
01477036204524	76928.968986	S	1.260951
01477060414788	76930.229937	W	0.019114
01477060781780	76930.249051	S	1.260879
01477084990664	76931.509930	W	0.018766
01477085350972	76931.528696	S	1.261237
01477109566720	76932.789933	W	0.018778
01477109927264	76932.808712	S	0.412435
01477117846020	76933.221147	W	0.014624
01477118126796	76933.235771	S	0.818956
01477133850744	76934.054726	W	0.034191
01477134507220	76934.088918	S	0.035545
01477135189684	76934.124463	W	11.015856
01477346694128	76945.140319	S	0.439540
01477355133304	76945.579860	W	0.037197
01477355847484	76945.617056	S	0.201431
01477359714964	76945.818488	W	0.038514
01477360454440	76945.857002	S	1.012886
01477379901860	76946.869889	W	0.018346
01477380254108	76946.888235	S	1.261624
01477404477288	76948.149859	W	0.019002
01477404842120	76948.168860	S	1.261013
01477429053568	76949.429873	W	0.018983
01477429418044	76949.448856	S	1.260980
01477453628868	76950.709837	W	0.018976
01477453993208	76950.728813	S	1.261032
01477478205020	76951.989845	W	0.021986
01477478627152	76952.011831	S	1.258005
01477502780852	76953.269836	W	0.019041
01477503146432	76953.288877	S	1.250983
01477527165308	76954.539860	W	0.047371
01477528074828	76954.587231	S	1.242608
01477551932904	76955.829839	W	0.019004
01477552297784	76955.848843	S	1.260969
01477576508388	76957.109812	W	0.019105
01477576875200	76957.128917	S	1.260906
01477601084596	76958.389823	W	0.019119
01477601451680	76958.408942	S	1.260872
01477625660428	76959.669814	W	0.019020
01477626025608	76959.688834	S	1.260989
01477650236604	76960.949823	W	0.019094
01477650603212	76960.968917	S	1.260898
01477674812460	76962.229816	W	0.019059
01477675178392	76962.248875	S	1.260931
01477699388276	76963.509806	W	0.019038
01477699753808	76963.528844	S	1.260962
01477723964284	76964.789806	W	0.018990
01477724328900	76964.808797	S	1.251010
01477748348288	76966.059807	W	0.047403
01477749258424	76966.107210	S	1.242581
01477773115980	76967.349791	W	0.018811
01477773477160	76967.368602	S	1.261182
01477797691856	76968.629784	W	0.019076
01477798058120	76968.648860	S	1.260924
01477822267860	76969.909784	W	0.019069
01477822633984	76969.928853	S	1.260930
01477846843836	76971.189783	W	0.019107
01477847210688	76971.208890	S	1.260855
01477871419104	76972.469745	W	0.019081
01477871785468	76972.488826	S	1.260946
01477895995628	76973.749772	W	0.018985
01477896360148	76973.768758	S	1.261003
01477920571412	76975.029761	W	0.018994
01477920936104	76975.048755	S	0.782935
01477935968456	76975.831690	W	0.038631
01477936710180	76975.870322	S	0.439450
01477945147616	76976.309772	W	0.018423
01477945501344	76976.328195	S	1.261540
01477969722916	76977.589735	W	0.019070
01477970089056	76977.608805	S	1.078023
01477990787088	76978.686828	W	0.014601
01477991067424	76978.701428	S	0.005503
01477991173080	76978.706931	W	0.014704
01477991455404	76978.721636	S	0.148105
01477994299028	76978.869741	W	0.019077
01477994665308	76978.888818	S	1.260926
01478018875084	76980.149744	W	0.019018
01478019240224	76980.168762	S	1.250980
01478043259040	76981.419742	W	0.038359
01478043995540	76981.458101	S	1.251639
01478068027004	76982.709740	W	0.018974
01478068391312	76982.728714	S	0.668539
01478081227260	76983.397253	W	0.014454
01478081504784	76983.411707	S	0.578039
01478092603124	76983.989746	W	0.019026
01478092968432	76984.008773	S	1.115042
01478114377236	76985.123814	W	11.016534
01478325894692	76996.140349	S	0.649311
01478338361468	76996.789660	W	0.022043
01478338784696	76996.811703	S	1.257957
01478362937476	76998.069660	W	0.018868
01478363299744	76998.088528	S	1.261121
01478387513264	76999.349649	W	0.019041
01478387878848	76999.368690	S	1.260962
01478412089324	77000.629652	W	0.018873
01478412451688	77000.648525	S	1.261126
01478436665300	77001.909651	W	0.019110
01478437032212	77001.928761	S	1.260910
01478461241676	77003.189671	W	0.018737
01478461601428	77003.208408	S	1.261246
01478485817360	77004.469654	W	0.019054
01478486183200	77004.488708	S	1.260942
01478510393280	77005.749650	W	0.018948
01478510757076	77005.768598	S	0.076280
01478512221660	77005.844878	W	0.038478
01478512960444	77005.883356	S	1.146300
01478534969400	77007.029656	W	0.018414
01478535322956	77007.048071	S	1.261535
01478559544428	77008.309606	W	0.019071
01478559910584	77008.328676	S	1.260930
01478584120436	77009.589606	W	0.019057
01478584486328	77009.608663	S	1.260943
01478608696436	77010.869606	W	0.019066
01478609062504	77010.888672	S	1.260920
01478633272160	77012.149592	W	0.021990
01478633694360	77012.171581	S	1.258053
01478657848968	77013.429634	W	0.018852
01478658210928	77013.448486	S	1.261103
01478682424112	77014.709589	W	0.019020
01478682789292	77014.728609	S	1.260996
01478707000416	77015.989605	W	0.018986
01478707364952	77016.008591	S	1.261014
01478731576412	77017.269605	W	0.019106
01478731943248	77017.288711	S	1.260887
01478756152284	77018.549598	W	0.018984
01478756516772	77018.568582	S	1.261010
01478780728156	77019.829591	W	0.018977
01478781092516	77019.848569	S	1.261030
01478805304288	77021.109598	W	0.018716
01478805663628	77021.128314	S	1.261267
01478829879952	77022.389581	W	0.019022
01478830245176	77022.408603	S	1.260957
01478854455560	77023.669560	W	0.019027
01478854820884	77023.688588	S	1.260972
01478879031548	77024.949560	W	0.019116
01478879398580	77024.968676	S	0.393791
01478886959368	77025.362467	W	0.406748
01478894768932	77025.769215	S	0.460385
01478903608328	77026.229600	W	0.018694
01478903967248	77026.248294	S	1.261252
01478928183280	77027.509546	W	0.021787
01478928601584	77027.531333	S	1.258205
01478952759124	77028.789538	W	0.019001
01478953123952	77028.808539	S	1.260985
01478977334856	77030.069524	W	0.019011
01478977699860	77030.088534	S	1.261003
01479001911108	77031.349537	W	0.018914
01479002274252	77031.368451	S	1.251108
01479026295528	77032.619559	W	0.037359
01479027012812	77032.656917	S	1.252627
01479051063244	77033.909544	W	0.018959
01479051427248	77033.928502	S	1.261040
01479075639216	77035.189542	W	0.046371
01479076529532	77035.235913	S	0.002495
01479076577436	77035.238408	W	0.000967
01479076596008	77035.239375	S	0.034246
01479077253532	77035.273621	W	0.000846
01479077269780	77035.274468	S	0.586062
01479088522168	77035.860530	W	0.038679
01479089264808	77035.899209	S	0.570340
01479100215344	77036.469549	W	0.018336
01479100567396	77036.487885	S	1.261617
01479124790448	77037.749502	W	0.018834
01479125152056	77037.768336	S	1.261143
01479149366004	77039.029479	W	0.019028
01479149731336	77039.048507	S	1.250959
01479173749744	77040.299466	W	0.046413
01479174640868	77040.345879	S	1.233642
01479198326788	77041.579520	W	0.038095
01479199058204	77041.617615	S	1.251896
01479223094612	77042.869511	W	0.019017
01479223459748	77042.888529	S	1.260959
01479247670164	77044.149488	W	0.018954
01479248034080	77044.168442	S	0.956303
01479266395092	77045.124744	W	0.001304
01479266420120	77045.126048	S	0.303472
01479272246784	77045.429520	W	0.019059
01479272612724	77045.448579	S	1.260898
01479296821968	77046.709478	W	0.019043
01479297187592	77046.728520	S	1.180885
01479319860588	77047.909406	W	0.028790
01479320413364	77047.938196	S	0.051654
01479321405124	77047.989850	W	0.018534
01479321760968	77048.008384	S	1.261095
01479345973988	77049.269479	W	0.018745
01479346333884	77049.288223	S	1.261249
01479370549860	77050.549472	W	0.018996
01479370914588	77050.568468	S	1.260998
01479395125748	77051.829466	W	0.019002
01479395490596	77051.848469	S	1.260989
01479419701588	77053.109458	W	0.019046
01479420067268	77053.128504	S	1.260959
01479444277676	77054.389462	W	0.018976
01479444642024	77054.408439	S	1.260989
01479468853004	77055.669427	W	0.019040
01479469218564	77055.688467	S	1.247456
01479493169712	77056.935922	W	0.035611
01479493853452	77056.971534	S	1.257917
01479518005460	77058.229451	W	0.019025
01479518370740	77058.248476	S	1.251009
01479542390116	77059.499485	W	0.037301
01479543106300	77059.536786	S	1.252638
01479567156956	77060.789425	W	0.018978
01479567521340	77060.808403	S	0.924437
01479585270532	77061.732840	W	0.027615
01479585800744	77061.760455	S	0.308973
01479591733032	77062.069429	W	0.018338
01479592085116	77062.087766	S	0.182679
01479595592552	77062.270445	W	0.014550
01479595871912	77062.284995	S	0.009757
01479596059244	77062.294752	W	0.001072
01479596079832	77062.295825	S	0.008104
01479596235436	77062.303929	W	0.001257
01479596259564	77062.305186	S	0.002013
01479596298216	77062.307199	W	0.001016
01479596317716	77062.308214	S	0.005128
01479596416176	77062.313342	W	0.001033
01479596436016	77062.314376	S	0.004791
01479596528012	77062.319167	W	0.042356
01479597341252	77062.361524	S	0.002170
01479597382912	77062.363693	W	0.028828
01479597936412	77062.392521	S	0.039090
01479598686936	77062.431611	W	0.212946
01479602775500	77062.644557	S	0.736377
01479616913936	77063.380934	W	0.017108
01479617242400	77063.398042	S	0.003462
01479617308880	77063.401504	W	0.000243
01479617313536	77063.401747	S	0.000263
01479617318588	77063.402010	W	0.000057
01479617319688	77063.402067	S	0.007404
01479617461836	77063.409471	W	0.000184
01479617465364	77063.409654	S	0.000262
01479617470404	77063.409917	W	0.000049
01479617471352	77063.409966	S	0.001806
01479617506028	77063.411772	W	0.000180
01479617509480	77063.411952	S	0.000262
01479617514508	77063.412214	W	0.000063
01479617515716	77063.412277	S	0.003589
01479617584620	77063.415866	W	0.000189
01479617588256	77063.416055	S	0.000260
01479617593240	77063.416315	W	0.000057
01479617594340	77063.416372	S	0.021351
01479618004280	77063.437723	W	0.000533
01479618014508	77063.438256	S	3.813756
01479691238616	77067.252011	W	0.019968
01479691621996	77067.271979	S	0.684284
01479704760256	77067.956263	W	21.697962
01480121361124	77089.654225	S	0.305795
01480127232384	77089.960020	W	0.309267
01480133170316	77090.269287	S	1.218351
01480156562656	77091.487638	W	0.048915
01480157501832	77091.536554	S	1.241039
01480181329776	77092.777593	W	0.031490
01480181934384	77092.809082	S	1.238509
01480205713760	77094.047592	W	0.050225
01480206678076	77094.097816	S	1.239803
01480230482292	77095.337619	W	0.030678
01480231071308	77095.368297	S	0.735835
01480245199340	77096.104132	W	0.001942
01480245236620	77096.106074	S	0.511546
01480255058296	77096.617620	W	0.030761
01480255648904	77096.648380	S	1.249185
01480279633264	77097.897566	W	0.030712
01480280222940	77097.928278	S	1.249301
01480304209520	77099.177579	W	0.030771
01480304800332	77099.208351	S	1.249208
01480328785128	77100.457559	W	0.030464
01480329370036	77100.488023	S	1.260884
01480353579008	77101.748907	W	0.019447
01480353952384	77101.768353	S	1.260585
01480378155624	77103.028939	W	0.019469
01480378529420	77103.048407	S	1.260517
01480402731348	77104.308924	W	0.019480
01480403105364	77104.328404	S	1.260490
01480427306776	77105.588895	W	0.019420
01480427679632	77105.608314	S	1.260588
01480451882916	77106.868902	W	0.019119
01480452250004	77106.888021	S	1.260890
01480476459084	77108.148911	W	0.019154
01480476826836	77108.168064	S	1.260850
01480501035148	77109.428914	W	0.022476
01480501466688	77109.451390	S	1.257512
01480525610912	77110.708902	W	0.019053
01480525976724	77110.727954	S	1.260929
01480550186556	77111.988883	W	0.019466
01480550560304	77112.008349	S	1.260537
01480574762620	77113.268886	W	0.019395
01480575135008	77113.288282	S	1.260609
01480599338692	77114.548890	W	0.019189
01480599707124	77114.568079	S	0.823102
01480615510692	77115.391182	W	0.014533
01480615789728	77115.405715	S	0.007313
01480615930140	77115.413028	W	0.014850
01480616215268	77115.427879	S	0.401007
01480623914608	77115.828886	W	0.019389
01480624286880	77115.848275	S	1.260579
01480648489996	77117.108854	W	0.019420
01480648862856	77117.128274	S	1.260592
01480673066228	77118.388866	W	0.018744
01480673426112	77118.407610	S	1.261263
01480697642364	77119.668873	W	0.019397
01480698014780	77119.688270	S	0.555574
01480708681808	77120.243844	W	0.038484
01480709420696	77120.282328	S	0.666550
01480722218464	77120.948878	W	0.018854
01480722580456	77120.967732	S	1.261107
01480746793712	77122.228839	W	0.019404
01480747166276	77122.248244	S	1.260596
01480771369720	77123.508840	W	0.019108
01480771736596	77123.527948	S	1.260879
01480795945480	77124.788827	W	0.022322
01480796374056	77124.811149	S	1.257647
01480820520880	77126.068796	W	0.019160
01480820888744	77126.087955	S	1.260879
01480845097624	77127.348835	W	0.019348
01480845469096	77127.368182	S	0.598196
01480856954460	77127.966378	W	0.015214
01480857246572	77127.981592	S	0.647263
01480869674024	77128.628855	W	0.019076
01480870040288	77128.647932	S	1.260881
01480894249212	77129.908813	W	0.019440
01480894622468	77129.928254	S	1.260556
01480918825148	77131.188810	W	0.019165
01480919193124	77131.207975	S	1.260824
01480943400948	77132.468799	W	0.019351
01480943772492	77132.488151	S	1.260664
01480967977244	77133.748815	W	0.019043
01480968342876	77133.767858	S	0.806782
01480983833096	77134.574640	W	0.001235
01480983856816	77134.575876	S	0.054346
01480984900252	77134.630221	W	0.000320
01480984906392	77134.630541	S	0.398235
01480992552500	77135.028776	W	0.019554
01480992927940	77135.048330	S	1.260479
01481017129136	77136.308809	W	0.019369
01481017501024	77136.328178	S	1.260626
01481041705040	77137.588804	W	0.019329
01481042076156	77137.608133	S	1.260637
01481066280384	77138.868770	W	0.019259
01481066650152	77138.888029	S	1.260761
01481090856772	77140.148790	W	0.022309
01481091285096	77140.171099	S	1.257695
01481115432832	77141.428793	W	0.019384
01481115805008	77141.448178	S	1.260598
01481140008480	77142.708775	W	0.019399
01481140380936	77142.728174	S	1.132755
01481162129828	77143.860929	W	0.014670
01481162411496	77143.875599	S	0.113207
01481164585064	77143.988805	W	0.019296
01481164955552	77144.008102	S	0.566958
01481175841136	77144.575059	W	0.014568
01481176120840	77144.589627	S	0.679147
01481189160464	77145.268774	W	0.019395
01481189532844	77145.288169	S	0.003707
01481189604028	77145.291876	W	0.014551
01481189883408	77145.306428	S	1.242304
01481213735636	77146.548731	W	0.019228
01481214104808	77146.567959	S	1.260761
01481238311428	77147.828720	W	0.019370
01481238683324	77147.848090	S	1.260624
01481262887304	77149.108714	W	0.019432
01481263260392	77149.128145	S	1.128966
01481284936532	77150.257111	W	0.038175
01481285669496	77150.295286	S	0.093493
01481287464556	77150.388779	W	0.019304
01481287835184	77150.408082	S	1.260643
01481312039532	77151.668726	W	0.018914
01481312402676	77151.687639	S	1.261072
01481336615252	77152.948711	W	0.044293
01481337465680	77152.993004	S	0.001698
01481337498280	77152.994702	W	0.000980
01481337517092	77152.995682	S	0.098550
01481339409260	77153.094232	W	0.001152
01481339431376	77153.095384	S	1.133323
01481361191184	77154.228708	W	0.019375
01481361563188	77154.248083	S	1.260630
01481385767276	77155.508712	W	0.022446
01481386198244	77155.531159	S	1.257583
01481410343836	77156.788741	W	0.019101
01481410710576	77156.807842	S	1.260865
01481434919176	77158.068707	W	0.019542
01481435294388	77158.088249	S	1.260442
01481459494876	77159.348691	W	0.019459
01481459868492	77159.368151	S	1.260535
01481484070764	77160.628686	W	0.019424
01481484443696	77160.648109	S	1.260605
01481508647316	77161.908714	W	0.019213
01481509016212	77161.927928	S	1.260765
01481533222908	77163.188693	W	0.019371
01481533594840	77163.208065	S	1.260657
01481557799452	77164.468721	W	0.019377
01481558171496	77164.488099	S	1.260601
01481582375036	77165.748700	W	0.019388
01481582747288	77165.768088	S	1.260571
01481606950244	77167.028659	W	0.019186
01481607318624	77167.047845	S	0.772057
01481622142128	77167.819903	W	0.014394
01481622418488	77167.834296	S	0.474371
01481631526404	77168.308667	W	5.172650
01481730841280	77173.481317	S	0.078740
01481732353084	77173.560056	W	0.001107
01481732374340	77173.561164	S	0.098988
01481734274912	77173.660152	W	0.000413
01481734282844	77173.660565	S	1.038076
01481754213904	77174.698641	W	0.048709
01481755149116	77174.747350	S	1.241303
01481778982136	77175.988653	W	0.020431
01481779374404	77176.009084	S	1.259591
01481803558544	77177.268674	W	0.020329
01481803948856	77177.289003	S	1.259640
01481828133936	77178.548642	W	0.020382
01481828525272	77178.569025	S	1.259628
01481852710132	77179.828653	W	0.026412
01481853217236	77179.855064	S	0.415443
01481861193736	77180.270507	W	0.061832
01481862380912	77180.332339	S	0.776316
01481877286184	77181.108655	W	0.020264
01481877675256	77181.128920	S	1.259701
01481901861524	77182.388621	W	0.020356
01481902252368	77182.408978	S	0.566182
01481913123060	77182.975159	W	0.024752
01481913598296	77182.999911	S	0.589704
01481924920604	77183.589615	W	0.013884
01481925187172	77183.603499	S	0.065460
01481926444000	77183.668958	W	0.020161
01481926831096	77183.689120	S	0.822037
01481942614216	77184.511157	W	0.014700
01481942896448	77184.525857	S	0.422792
01481951014060	77184.948649	W	0.020085
01481951399684	77184.968734	S	1.259881
01481975589404	77186.228615	W	0.020125
01481975975808	77186.248740	S	1.259872
01482000165352	77187.508612	W	0.020397
01482000556968	77187.529009	S	1.259600
01482024741288	77188.788609	W	0.020381
01482025132612	77188.808990	S	1.259617
01482049317264	77190.068607	W	0.023374
01482049766036	77190.091981	S	1.256627
01482073893268	77191.348608	W	0.054588
01482074941364	77191.403196	S	1.197734
01482097937856	77192.600930	W	0.056405
01482099020840	77192.657335	S	1.251247
01482123044780	77193.908582	W	0.019303
01482123415396	77193.927885	S	0.702806
01482136909276	77194.630691	W	15.028903
01482425464212	77209.659594	S	0.623666
01482437438592	77210.283260	W	0.060781
01482438605584	77210.344041	S	0.204524
01482442532444	77210.548565	W	0.019315
01482442903300	77210.567880	S	1.260621
01482467107224	77211.828501	W	0.019240
01482467476632	77211.847741	S	1.260758
01482491683184	77213.108499	W	0.019382
01482492055324	77213.127881	S	0.976955
01482510812864	77214.104837	W	0.014662
01482511094380	77214.119499	S	0.269046
01482516260056	77214.388545	W	0.019363
01482516631820	77214.407907	S	0.386401
01482524050720	77214.794308	W	0.001786
01482524085004	77214.796094	S	0.128195
01482526546352	77214.924289	W	0.014604
01482526826752	77214.938893	S	0.729624
01482540835536	77215.668518	W	0.019311
01482541206304	77215.687828	S	0.055396
01482542269912	77215.743225	W	0.014438
01482542547112	77215.757662	S	1.190812
01482565410700	77216.948474	W	0.019078
01482565776996	77216.967552	S	1.260935
01482589986948	77218.228487	W	0.019388
01482590359200	77218.247875	S	1.260614
01482614562980	77219.508489	W	0.019389
01482614935248	77219.527878	S	1.260607
01482639138896	77220.788484	W	0.019443
01482639512208	77220.807928	S	1.260565
01482663715060	77222.068493	W	0.019307
01482664085760	77222.087800	S	1.260692
01482688291048	77223.348492	W	0.022376
01482688720676	77223.370869	S	1.257609
01482712866772	77224.628478	W	0.019127
01482713234004	77224.647604	S	1.260867
01482737442644	77225.908471	W	0.019400
01482737815132	77225.927871	S	1.260595
01482762018560	77227.188467	W	0.019435
01482762391720	77227.207902	S	1.260560
01482786594464	77228.468462	W	0.019383
01482786966612	77228.487844	S	0.874700
01482803760852	77229.362544	W	0.014736
01482804043780	77229.377280	S	0.371175
01482811170348	77229.748456	W	0.019306
01482811541032	77229.767762	S	0.416088
01482819529920	77230.183850	W	0.014662
01482819811428	77230.198512	S	0.597595
01482831285248	77230.796107	W	0.022023
01482831708096	77230.818130	S	0.210351
01482835746832	77231.028481	W	0.019379
01482836118900	77231.047859	S	1.260582
01482860322080	77232.308442	W	0.019461
01482860695728	77232.327902	S	1.260540
01482884898100	77233.588443	W	0.019397
01482885270524	77233.607840	S	1.260577
01482909473600	77234.868417	W	0.019329
01482909844716	77234.887746	S	1.260687
01482934049912	77236.148433	W	0.019341
01482934421252	77236.167774	S	1.260663
01482958625972	77237.428436	W	0.019433
01482958999088	77237.447869	S	1.260565
01482983201932	77238.708434	W	0.022335
01482983630760	77238.730769	S	1.257658
01483007777792	77239.988427	W	0.045520
01483008651784	77240.033947	S	0.262930
01483013700036	77240.296877	W	0.042147
01483014509252	77240.339024	S	0.916923
01483032114180	77241.255947	W	0.041189
01483032905012	77241.297136	S	1.251276
01483056929512	77242.548412	W	0.019277
01483057299628	77242.567689	S	1.260755
01483081506128	77243.828444	W	0.019318
01483081877040	77243.847762	S	0.567561
01483092774220	77244.415324	W	0.014774
01483093057884	77244.430098	S	0.678318
01483106081588	77245.108416	W	0.019309
01483106452316	77245.127725	S	0.209168
01483110468348	77245.336893	W	0.014332
01483110743520	77245.351225	S	0.600131
01483122266032	77245.951356	W	0.014594
01483122546236	77245.965950	S	0.422458
01483130657436	77246.388408	W	0.045544
01483131531880	77246.433952	S	1.224431
01483155040960	77247.658383	W	0.038746
01483155784876	77247.697129	S	1.241215
01483179616196	77248.938344	W	0.037696
01483180339960	77248.976040	S	1.252319
01483204384476	77250.228358	W	0.019385
01483204756660	77250.247743	S	1.260655
01483228961236	77251.508398	W	0.019349
01483229332740	77251.527747	S	1.260631
01483253536848	77252.788377	W	0.019334
01483253908068	77252.807712	S	1.260646
01483278112464	77254.068358	W	0.019347
01483278483928	77254.087705	S	0.543888
01483288926572	77254.631592	W	0.001266
01483288950872	77254.632858	S	0.715504
01483302688544	77255.348362	W	0.019310
01483303059288	77255.367671	S	1.260699
01483327264704	77256.628370	W	0.019325
01483327635740	77256.647695	S	1.260665
01483351840500	77257.908359	W	0.019410
01483352213168	77257.927769	S	1.260582
01483376416344	77259.188351	W	0.019340
01483376787668	77259.207691	S	0.363487
01483383766612	77259.571178	W	0.014468
01483384044404	77259.585646	S	0.882727
01483400992768	77260.468373	W	0.019405
01483401365348	77260.487779	S	0.004345
01483401448772	77260.492124	W	0.014381
01483401724880	77260.506504	S	0.702479
01483415212480	77261.208983	W	0.014629
01483415493364	77261.223613	S	0.524722
01483425568036	77261.748335	W	0.019150
01483425935708	77261.767485	S	1.260841
01483450143860	77263.028326	W	0.022145
01483450569044	77263.050471	S	1.257854
01483474719836	77264.308325	W	0.019359
01483475091536	77264.327684	S	1.260636
01483499295744	77265.588320	W	0.019386
01483499667964	77265.607706	S	1.260628
01483523872020	77266.868334	W	0.019432
01483524245108	77266.887766	S	1.260558
01483548447816	77268.148324	W	0.019395
01483548820192	77268.167718	S	1.260586
01483573023436	77269.428304	W	0.019423
01483573396352	77269.447727	S	0.862399
01483589954416	77270.310126	W	0.042708
01483590774400	77270.352833	S	0.355501
01483597600016	77270.708334	W	0.018938
01483597963632	77270.727272	S	1.261011
01483622175052	77271.988284	W	0.019409
01483622547700	77272.007693	S	1.260596
01483646751152	77273.268289	W	0.019492
01483647125396	77273.287781	S	1.260482
01483671326652	77274.548263	W	0.019410
01483671699324	77274.567673	S	0.158111
01483674735060	77274.725784	W	0.014600
01483675015380	77274.740384	S	0.292370
01483680628892	77275.032755	W	0.027650
01483681159768	77275.060405	S	0.382617
01483688506008	77275.443021	W	0.014503
01483688784468	77275.457524	S	0.087276
01483690460172	77275.544801	W	0.027505
01483690988276	77275.572306	S	0.255993
01483695903332	77275.828299	W	0.045575
01483696778364	77275.873873	S	0.387900
01483704226052	77276.261774	W	0.014510
01483704504636	77276.276283	S	0.822022
01483720287464	77277.098305	W	0.038703
01483721030568	77277.137009	S	1.251259
01483745054748	77278.388268	W	0.019402
01483745427268	77278.407670	S	0.311490
01483751407876	77278.719160	W	0.027528
01483751936408	77278.746688	S	0.177450
01483755343452	77278.924138	W	0.014519
01483755622208	77278.938657	S	0.719609
01483769438704	77279.658266	W	0.037698
01483770162504	77279.695964	S	0.047201
01483771068768	77279.743165	W	0.027540
01483771597536	77279.770705	S	1.177588
01483794207224	77280.948293	W	0.018570
01483794563772	77280.966863	S	0.210323
01483798601980	77281.177186	W	0.022509
01483799034156	77281.199696	S	1.028585
01483818782980	77282.228280	W	0.019412
01483819155692	77282.247692	S	1.260568
01483843358596	77283.508260	W	0.019403
01483843731132	77283.527663	S	1.260586
01483867934380	77284.788249	W	0.019117
01483868301432	77284.807366	S	1.260869
01483892510120	77286.068235	W	0.019077
01483892876396	77286.087312	S	1.260929
01483917086232	77287.348241	W	0.019056
01483917452112	77287.367297	S	1.260957
01483941662488	77288.628255	W	0.019398
01483942034928	77288.647653	S	1.233367
01483965715584	77289.881020	W	0.014166
01483965987564	77289.895186	S	0.013414
01483966245104	77289.908599	W	0.018916
01483966608288	77289.927515	S	0.670291
01483979477868	77290.597806	W	0.014615
01483979758472	77290.612420	S	0.575830
01483990814412	77291.188251	W	0.019308
01483991185132	77291.207559	S	0.107562
01483993250324	77291.315121	W	0.014600
01483993530640	77291.329721	S	1.138513
01484015390080	77292.468233	W	0.022418
01484015820504	77292.490651	S	1.179359
01484038464192	77293.670010	W	0.013951
01484038732052	77293.683961	S	0.064626
01484039972876	77293.748587	W	0.019004
01484040337744	77293.767591	S	1.260658
01484064542380	77295.028249	W	0.019157
01484064910188	77295.047406	S	1.260828
01484089118080	77296.308233	W	0.019349
01484089489576	77296.327582	S	1.260653
01484113694112	77297.588235	W	0.019045
01484114059772	77297.607280	S	1.260942
01484138269856	77298.868222	W	0.019326
01484138640912	77298.887547	S	1.260656
01484162845508	77300.148204	W	0.019333
01484163216696	77300.167536	S	0.159848
01484166285780	77300.327384	W	0.038532
01484167025604	77300.365917	S	1.062298
01484187421732	77301.428215	W	0.018847
01484187783600	77301.447062	S	1.261131
01484211997320	77302.708194	W	0.019349
01484212368812	77302.727542	S	0.008043
01484212523240	77302.735585	W	0.014664
01484212804788	77302.750249	S	1.237950
01484236573420	77303.988199	W	0.019400
01484236945892	77304.007599	S	1.028665
01484256696252	77305.036263	W	0.014854
01484256981456	77305.051117	S	0.217085
01484261149492	77305.268203	W	0.019310
01484261520236	77305.287512	S	0.670372
01484274391384	77305.957885	W	0.014601
01484274671728	77305.972486	S	0.575689
01484285724956	77306.548175	W	0.019373
01484286096908	77306.567547	S	0.107111
01484288153432	77306.674658	W	0.014461
01484288431084	77306.689119	S	1.139068
01484310301192	77307.828187	W	0.022357
01484310730444	77307.850544	S	1.257611
01484334876584	77309.108155	W	0.019428
01484335249596	77309.127583	S	1.260585
01484359452836	77310.388169	W	0.019349
01484359824336	77310.407518	S	1.260636
01484384028548	77311.668154	W	0.019346
01484384399984	77311.687499	S	1.260631
01484408604104	77312.948130	W	0.019101
01484408970852	77312.967232	S	1.260925
01484433180612	77314.228157	W	0.019077
01484433546888	77314.247234	S	0.383255
01484440905392	77314.630489	W	0.001236
01484440929124	77314.631725	S	0.002005
01484440967628	77314.633731	W	0.000880
01484440984528	77314.634611	S	0.049365
01484441932332	77314.683976	W	0.001656
01484441964124	77314.685631	S	0.822537
01484457756832	77315.508168	W	0.019317
01484458127712	77315.527485	S	1.104832
01484479340484	77316.632317	W	0.006271
01484479460884	77316.638588	S	0.149562
01484482332484	77316.788150	W	0.019330
01484482703612	77316.807480	S	1.260674
01484506908560	77318.068154	W	0.019320
01484507279500	77318.087474	S	1.260661
01484531484196	77319.348135	W	0.019431
01484531857276	77319.367566	S	1.233540
01484555541252	77320.601107	W	0.014290
01484555815628	77320.615397	S	0.013094
01484556067040	77320.628492	W	0.019017
01484556432176	77320.647509	S	0.568972
01484567356444	77321.216481	W	0.014651
01484567637736	77321.231132	S	0.677032
01484580636752	77321.908164	W	0.019271
01484581006760	77321.927435	S	0.004873
01484581100320	77321.932308	W	0.014301
01484581374904	77321.946610	S	1.241530
01484605212284	77323.188140	W	0.022329
01484605640996	77323.210469	S	1.257650
01484629787872	77324.468118	W	0.019431
01484630160956	77324.487550	S	1.260563
01484654363760	77325.748113	W	0.019399
01484654736220	77325.767511	S	0.465780
01484663679188	77326.233291	W	0.014598
01484663959472	77326.247889	S	0.780226
01484678939816	77327.028115	W	0.019276
01484679309908	77327.047391	S	1.260695
01484703515244	77328.308086	W	0.019088
01484703881728	77328.327173	S	1.260909
01484728091172	77329.588082	W	0.019459
01484728464780	77329.607541	S	0.732882
01484742536108	77330.340422	W	0.038661
01484743278404	77330.379084	S	0.489044
01484752668052	77330.868128	W	0.018830
01484753029588	77330.886958	S	1.261119
01484777243068	77332.148076	W	0.019115
01484777610084	77332.167192	S	1.260849
01484801818392	77333.428041	W	0.019183
01484802186708	77333.447224	S	1.260846
01484826394956	77334.708071	W	0.019419
01484826767800	77334.727490	S	0.053434
01484827793724	77334.780923	W	0.001716
01484827826680	77334.782640	S	0.667238
01484840637644	77335.449877	W	0.014991
01484840925464	77335.464868	S	0.523231
01484850971492	77335.988099	W	0.019316
01484851342364	77336.007415	S	0.260929
01484856352192	77336.268343	W	0.014475
01484856630120	77336.282819	S	0.599954
01484868149228	77336.882772	W	0.014488
01484868427400	77336.897260	S	0.370819
01484875547132	77337.268080	W	0.019332
01484875918316	77337.287412	S	1.260630
01484900122408	77338.548042	W	0.022382
01484900552140	77338.570424	S	1.257647
01484924698956	77339.828071	W	0.019444
01484925072284	77339.847515	S	1.260553
01484949274904	77341.108068	W	0.019322
01484949645892	77341.127390	S	1.260680
01484973850944	77342.388070	W	0.019321
01484974221912	77342.407391	S	1.260676
01484998426884	77343.668067	W	0.019418
01484998799704	77343.687485	S	0.568236
01485009709828	77344.255720	W	0.017631
01485010048340	77344.273351	S	0.674707
01485023002716	77344.948058	W	0.045642
01485023879048	77344.993700	S	1.224347
01485047386508	77346.218047	W	0.038732
01485048130156	77346.256779	S	1.251259
01485072154328	77347.508038	W	0.019379
01485072526396	77347.527416	S	1.260605
01485096730008	77348.788021	W	0.019350
01485097101536	77348.807372	S	1.260664
01485121306288	77350.068036	W	0.019453
01485121679788	77350.087489	S	0.516879
01485131603868	77350.604368	W	0.014691
01485131885940	77350.619059	S	0.728997
01485145882676	77351.348056	W	0.019054
01485146248512	77351.367110	S	0.056682
01485147336816	77351.423793	W	0.014581
01485147616772	77351.438374	S	0.804436
01485163061952	77352.242810	W	0.014641
01485163343064	77352.257451	S	0.370553
01485170457680	77352.628004	W	0.019401
01485170830188	77352.647406	S	1.260598
01485195033660	77353.908003	W	0.045634
01485195909824	77353.953637	S	0.030122
01485196488172	77353.983759	W	0.022391
01485196918088	77354.006150	S	1.171874
01485219418068	77355.178024	W	0.047730
01485220334484	77355.225754	S	1.242219
01485244185084	77356.467973	W	0.019427
01485244558084	77356.487400	S	1.260568
01485268760992	77357.747968	W	0.019426
01485269133964	77357.767394	S	1.260615
01485293337772	77359.028009	W	0.019279
01485293707928	77359.047288	S	1.250721
01485317721768	77360.298009	W	0.037627
01485318444204	77360.335636	S	0.018012
01485318790040	77360.353648	W	0.038530
01485319529808	77360.392178	S	1.185825
01485342297656	77361.578003	W	0.037674
01485343020992	77361.615677	S	1.252293
01485367065008	77362.867969	W	0.019370
01485367436916	77362.887339	S	1.260609
01485391640612	77364.147949	W	0.018795
01485392001468	77364.166743	S	1.261226
01485416217012	77365.427969	W	0.019393
01485416589364	77365.447363	S	0.312263
01485422584816	77365.759626	W	0.014666
01485422866400	77365.774292	S	0.804556
01485438313880	77366.578848	W	0.014566
01485438593540	77366.593414	S	0.114576
01485440793396	77366.707989	W	0.019278
01485441163532	77366.727267	S	0.568930
01485452086996	77367.296198	W	0.014694
01485452369124	77367.310892	S	0.667051
01485465176496	77367.977943	W	0.037618
01485465898768	77368.015561	S	1.242414
01485489753116	77369.257975	W	0.037629
01485490475588	77369.295604	S	0.187226
01485494070328	77369.482830	W	1.555528
01485523936468	77371.038358	S	0.789622
01485539097204	77371.827979	W	0.054540
01485540144368	77371.882519	S	1.215405
01485563480144	77373.097924	W	0.038666
01485564222536	77373.136590	S	1.241338
01485588056224	77374.377928	W	0.038652
01485588798336	77374.416580	S	0.215751
01485592940760	77374.632331	W	15.028765
01485881493040	77389.661096	S	0.076786
01485882967336	77389.737882	W	0.038688
01485883710148	77389.776570	S	1.251308
01485907735252	77391.027878	W	0.019374
01485908107228	77391.047251	S	0.312209
01485914101644	77391.359461	W	0.086574
01485915763856	77391.446034	S	0.861888
01485932312100	77392.307922	W	0.054466
01485933357852	77392.362388	S	1.215460
01485956694688	77393.577848	W	0.038740
01485957438496	77393.616588	S	1.251264
01485981462760	77394.867852	W	0.019375
01485981834768	77394.887228	S	1.260624
01486006038752	77396.147852	W	0.019167
01486006406764	77396.167019	S	0.107954
01486008479472	77396.274973	W	0.014479
01486008757460	77396.289451	S	0.805192
01486024217152	77397.094643	W	0.014572
01486024496928	77397.109215	S	0.318659
01486030615188	77397.427874	W	0.019310
01486030985932	77397.447184	S	0.261309
01486036003072	77397.708493	W	0.014515
01486036281760	77397.723008	S	0.702533
01486049770396	77398.425541	W	0.014678
01486050052220	77398.440220	S	0.002220
01486050094836	77398.442439	W	0.013553
01486050355044	77398.455992	S	0.251842
01486055190416	77398.707834	W	0.019423
01486055563336	77398.727257	S	1.260606
01486079766972	77399.987863	W	0.019354
01486080138568	77400.007217	S	1.260649
01486104343032	77401.267866	W	0.019099
01486104709724	77401.286965	S	1.260879
01486128918600	77402.547844	W	0.019339
01486129289912	77402.567183	S	1.260655
01486153494496	77403.827838	W	0.019356
01486153866132	77403.847194	S	1.260653
01486178070664	77405.107847	W	0.019131
01486178437984	77405.126978	S	1.260860
01486202646488	77406.387838	W	0.019370
01486203018388	77406.407208	S	1.260622
01486227222332	77407.667830	W	0.019382
01486227594468	77407.687212	S	1.260617
01486251798312	77408.947829	W	0.022103
01486252222696	77408.969932	S	1.257898
01486276374344	77410.227830	W	0.019302
01486276744936	77410.247132	S	1.260690
01486300950188	77411.507822	W	0.019158
01486301318024	77411.526980	S	0.005530
01486301424196	77411.532510	W	0.014274
01486301698248	77411.546784	S	0.600195
01486313221988	77412.146979	W	0.014788
01486313505916	77412.161766	S	0.626076
01486325526572	77412.787842	W	0.019153
01486325894312	77412.806995	S	0.159406
01486328954916	77412.966402	W	0.024815
01486329431372	77412.991217	S	1.076579
01486350101688	77414.067796	W	0.019347
01486350473156	77414.087144	S	1.260643
01486374677492	77415.347786	W	0.019152
01486375045216	77415.366938	S	1.260863
01486399253788	77416.627801	W	0.019405
01486399626364	77416.647206	S	1.260588
01486423829648	77417.907794	W	0.019359
01486424201332	77417.927153	S	1.260615
01486448405148	77419.187768	W	0.019049
01486448770880	77419.206817	S	0.826929
01486464647920	77420.033746	W	0.015885
01486464952916	77420.049631	S	0.418169
01486472981768	77420.467800	W	0.019323
01486473352768	77420.487123	S	0.262415
01486478391132	77420.749538	W	0.015197
01486478682924	77420.764736	S	0.655584
01486491270140	77421.420320	W	0.064632
01486492511084	77421.484952	S	0.082859
01486494101980	77421.567811	W	0.014435
01486494379132	77421.582246	S	0.165536
01486497557420	77421.747782	W	0.032724
01486498185712	77421.780506	S	1.247257
01486522133048	77423.027763	W	0.019316
01486522503920	77423.047079	S	1.260682
01486546709016	77424.307761	W	0.022437
01486547139808	77424.330198	S	1.257571
01486571285180	77425.587770	W	0.025954
01486571783500	77425.613724	S	1.254047
01486595861196	77426.867771	W	0.019346
01486596232636	77426.887116	S	1.260620
01486620436532	77428.147736	W	0.019180
01486620804792	77428.166916	S	1.260841
01486645012940	77429.427757	W	0.045559
01486645887676	77429.473316	S	0.286482
01486651388124	77429.759798	W	0.014614
01486651668720	77429.774413	S	0.712802
01486665354520	77430.487215	W	0.014802
01486665638724	77430.502017	S	0.012958
01486665887516	77430.514975	W	0.001250
01486665911512	77430.516225	S	0.001950
01486665948944	77430.518174	W	0.000979
01486665967744	77430.519153	S	0.059833
01486667116540	77430.578986	W	0.014760
01486667399932	77430.593746	S	0.104037
01486669397448	77430.697784	W	0.038374
01486670134228	77430.736158	S	0.662029
01486682845188	77431.398187	W	0.014623
01486683125952	77431.412810	S	0.574939
01486694164784	77431.987749	W	0.019388
01486694537028	77432.007137	S	1.260585
01486718740252	77433.267721	W	0.019345
01486719111680	77433.287067	S	1.260648
01486743316116	77434.547714	W	0.019058
01486743682024	77434.566772	S	0.066279
01486744954584	77434.633051	W	0.001078
01486744975288	77434.634130	S	1.193592
01486767892252	77435.827721	W	0.019351
01486768263788	77435.847072	S	0.786465
01486783363924	77436.633538	W	0.001299
01486783388872	77436.634837	S	0.472882
01486792468200	77437.107719	W	0.019312
01486792838992	77437.127031	S	1.260688
01486817044204	77438.387719	W	0.019398
01486817416652	77438.407117	S	1.260611
01486841620392	77439.667729	W	0.019114
01486841987384	77439.686843	S	1.260852
01486866195748	77440.947695	W	0.019535
01486866570816	77440.967230	S	0.978173
01486885351732	77441.945403	W	0.014695
01486885633872	77441.960098	S	0.267637
01486890772500	77442.227734	W	0.019359
01486891144200	77442.247094	S	0.313701
01486897167264	77442.560795	W	0.014746
01486897450396	77442.575541	S	0.701116
01486910911828	77443.276658	W	0.014750
01486911195028	77443.291408	S	0.216309
01486915348168	77443.507717	W	0.019311
01486915718944	77443.527028	S	1.260661
01486939923636	77444.787689	W	0.019351
01486940295180	77444.807041	S	1.260659
01486964499828	77446.067699	W	0.022359
01486964929116	77446.090058	S	1.257628
01486989075568	77447.347686	W	0.019417
01486989448376	77447.367103	S	1.260567
01487013651268	77448.627670	W	0.019330
01487014022404	77448.647000	S	1.260683
01487038227520	77449.907683	W	0.019305
01487038598172	77449.926988	S	1.260701
01487062803640	77451.187690	W	0.019289
01487063173988	77451.206979	S	0.227103
01487067534356	77451.434081	W	0.054388
01487068578608	77451.488469	S	0.979237
01487087379968	77452.467707	W	0.018740
01487087739768	77452.486446	S	1.261207
01487111954944	77453.747653	W	0.019363
01487112326720	77453.767017	S	1.260621
01487136530644	77455.027638	W	0.019369
01487136902520	77455.047006	S	1.260621
01487161106452	77456.307628	W	0.019232
01487161475700	77456.326859	S	0.876189
01487178298536	77457.203049	W	0.014624
01487178579308	77457.217672	S	0.370023
01487185683752	77457.587695	W	0.019366
01487186055576	77457.607061	S	0.415179
01487194027020	77458.022241	W	0.014745
01487194310116	77458.036985	S	0.599719
01487205824712	77458.636704	W	0.014644
01487206105880	77458.651348	S	0.216305
01487210258944	77458.867653	W	0.019372
01487210630888	77458.887025	S	1.260596
01487234834336	77460.147622	W	0.019348
01487235205812	77460.166969	S	1.260656
01487259410408	77461.427625	W	0.022327
01487259839092	77461.449953	S	1.257664
01487283986244	77462.707617	W	0.019440
01487284359500	77462.727057	S	0.517795
01487294301172	77463.244853	W	0.029458
01487294866760	77463.274310	S	0.713340
01487308562892	77463.987651	W	0.045522
01487309436912	77464.033172	S	1.224421
01487332945800	77465.257594	W	0.038653
01487333687932	77465.296246	S	1.251362
01487357714088	77466.547609	W	0.019409
01487358086736	77466.567017	S	1.250602
01487382098296	77467.817620	W	0.047783
01487383015732	77467.865403	S	1.242206
01487406866080	77469.107608	W	0.019345
01487407237512	77469.126954	S	1.250680
01487431250560	77470.377633	W	0.037710
01487431974596	77470.415344	S	1.252275
01487456018268	77471.667618	W	0.019380
01487456390360	77471.686998	S	1.260616
01487480594192	77472.947614	W	0.045608
01487481469864	77472.993222	S	0.593882
01487492872396	77473.587104	W	0.014650
01487493153672	77473.601754	S	0.615863
01487504978248	77474.217617	W	0.047713
01487505894340	77474.265330	S	0.140978
01487508601120	77474.406308	W	0.014519
01487508879884	77474.420827	S	1.086760
01487529745680	77475.507588	W	0.019348
01487530117168	77475.526936	S	1.250647
01487554129592	77476.777583	W	0.038554
01487554869828	77476.816137	S	1.251439
01487578897448	77478.067575	W	0.019401
01487579269944	77478.086976	S	1.260601
01487603473492	77479.347578	W	0.019384
01487603845672	77479.366962	S	1.260606
01487628049316	77480.627569	W	0.045543
01487628923744	77480.673112	S	0.774198
01487643788340	77481.447309	W	0.044398
01487644640788	77481.491708	S	0.405895
01487652433972	77481.897603	W	0.038655
01487653176144	77481.936257	S	1.251300
01487677201104	77483.187558	W	0.019412
01487677573812	77483.206969	S	1.260579
01487701776932	77484.467549	W	0.019314
01487702147768	77484.486863	S	1.250651
01487726160268	77485.737514	W	0.047779
01487727077616	77485.785293	S	1.229716
01487750688168	77487.015009	W	0.031999
01487751302544	77487.047008	S	1.260536
01487775504832	77488.307543	W	0.019376
01487775876856	77488.326920	S	1.132628
01487797623308	77489.459547	W	0.014718
01487797905896	77489.474265	S	0.113320
01487800081632	77489.587585	W	0.019372
01487800453576	77489.606957	S	0.466678
01487809413792	77490.073635	W	0.014559
01487809693328	77490.088194	S	0.779335
01487824656552	77490.867529	W	0.019341
01487825027892	77490.886869	S	0.108255
01487827106388	77490.995124	W	0.014287
01487827380696	77491.009411	S	1.138115
01487849232500	77492.147526	W	0.019333
01487849603692	77492.166859	S	1.260683
01487873808804	77493.427542	W	0.019170
01487874176868	77493.446712	S	1.260835
01487898384908	77494.707547	W	0.019323
01487898755904	77494.726870	S	1.260657
01487922960520	77495.987527	W	0.019343
01487923331900	77496.006870	S	0.627261
01487935375320	77496.634131	W	0.001250
01487935399312	77496.635381	S	0.632155
01487947536680	77497.267535	W	0.019390
01487947908972	77497.286926	S	1.260574
01487972111984	77498.547499	W	0.019422
01487972484896	77498.566922	S	1.260605
01487996688508	77499.827526	W	0.019142
01487997056032	77499.846668	S	1.260846
01488021264272	77501.107514	W	0.022160
01488021689744	77501.129674	S	1.257826
01488045840004	77502.387500	W	0.019342
01488046211364	77502.406842	S	1.260646
01488070415776	77503.667488	W	0.019427
01488070788776	77503.686915	S	0.825422
01488086636884	77504.512338	W	0.014553
01488086916300	77504.526891	S	0.420624
01488094992284	77504.947515	W	0.019303
01488095362892	77504.966817	S	0.261981
01488100392936	77505.228799	W	0.014597
01488100673208	77505.243396	S	0.702213
01488114155688	77505.945609	W	0.014716
01488114438232	77505.960325	S	0.267163
01488119567752	77506.227487	W	0.054636
01488120616768	77506.282123	S	1.215364
01488143951748	77507.497487	W	0.038772
01488144696164	77507.536259	S	1.251229
01488168719756	77508.787487	W	0.019323
01488169090752	77508.806810	S	1.260653
01488193295292	77510.067463	W	0.019318
01488193666204	77510.086781	S	1.260688
01488217871416	77511.347470	W	0.019294
01488218241860	77511.366764	S	0.093767
01488220042184	77511.460530	W	0.044668
01488220899816	77511.505199	S	1.122303
01488242448040	77512.627502	W	0.018712
01488242807312	77512.646214	S	1.261230
01488267022932	77513.907444	W	0.054639
01488268071992	77513.962083	S	1.215377
01488291407228	77515.177460	W	0.038695
01488292150168	77515.216155	S	1.251287
01488316174880	77516.467442	W	0.019376
01488316546908	77516.486818	S	0.927789
01488334360464	77517.414608	W	0.024690
01488334834520	77517.439298	S	0.308166
01488340751300	77517.747464	W	0.019398
01488341123744	77517.766862	S	1.260576
01488365326804	77519.027438	W	0.019398
01488365699236	77519.046835	S	0.722787
01488379576740	77519.769622	W	0.014709
01488379859156	77519.784331	S	0.523112
01488389902912	77520.307443	W	0.019339
01488390274224	77520.326782	S	0.159661
01488393339724	77520.486444	W	0.014546
01488393619012	77520.500990	S	0.702273
01488407102660	77521.203264	W	0.014585
01488407382696	77521.217849	S	0.369597
01488414478952	77521.587445	W	0.019373
01488414850920	77521.606819	S	1.260622
01488439054860	77522.867441	W	0.019379
01488439426928	77522.886819	S	1.260613
01488463630700	77524.147432	W	0.019461
01488464004348	77524.166893	S	1.260537
01488488206664	77525.427430	W	0.019381
01488488578788	77525.446812	S	1.260593
01488512782164	77526.707404	W	0.045358
01488513653044	77526.752763	S	1.224660
01488537166508	77527.977422	W	0.047697
01488538082296	77528.025120	S	1.242304
01488561934532	77529.267424	W	0.019391
01488562306836	77529.286814	S	1.260579
01488586509948	77530.547393	W	0.019429
01488586882976	77530.566822	S	1.260578
01488611086080	77531.827400	W	0.019322
01488611457064	77531.846722	S	1.260656
01488635661668	77533.107379	W	0.019330
01488636032812	77533.126709	S	1.250712
01488660046476	77534.377421	W	0.037449
01488660765504	77534.414870	S	0.612369
01488672522988	77535.027239	W	0.014593
01488672803172	77535.041832	S	0.625584
01488684814380	77535.667416	W	0.019371
01488685186300	77535.686786	S	0.262071
01488690218060	77535.948857	W	0.014701
01488690500320	77535.963558	S	0.702176
01488703982100	77536.665734	W	0.014755
01488704265388	77536.680489	S	0.266899
01488709389840	77536.947387	W	0.019335
01488709761072	77536.966723	S	1.260655
01488733965656	77538.227378	W	0.019376
01488734337672	77538.246754	S	1.260635
01488758541864	77539.507389	W	0.019415
01488758914628	77539.526804	S	1.260560
01488783117384	77540.787364	W	0.019333
01488783488572	77540.806696	S	0.673147
01488796412992	77541.479843	W	0.038913
01488797160120	77541.518756	S	0.548617
01488807693564	77542.067373	W	0.018727
01488808053116	77542.086100	S	1.261256
01488832269224	77543.347355	W	0.022381
01488832698940	77543.369736	S	1.257624
01488856845324	77544.627361	W	0.019380
01488857217420	77544.646741	S	1.260615
01488881421220	77545.907355	W	0.019355
01488881792832	77545.926710	S	1.260624
01488905996804	77547.187334	W	0.019393
01488906369144	77547.206726	S	1.257590
01488930514864	77548.464316	W	0.022453
01488930945968	77548.486769	S	1.260554
01488955148612	77549.747324	W	0.019418
01488955521428	77549.766741	S	0.927745
01488973334136	77550.694486	W	0.014631
01488973615056	77550.709117	S	0.318246
01488979725384	77551.027364	W	0.019373
01488980097344	77551.046737	S	0.364581
01488987097296	77551.411317	W	0.014737
01488987380248	77551.426055	S	0.804504
01489002826724	77552.230559	W	0.014149
01489003098376	77552.244707	S	0.062976
01489004307516	77552.307683	W	0.019084
01489004673936	77552.326767	S	1.260624
01489028877916	77553.587391	W	0.019234
01489029247212	77553.606626	S	1.027482
01489048974864	77554.634107	W	0.006140
01489049092744	77554.640247	S	0.227098
01489053453016	77554.867345	W	0.019282
01489053823224	77554.886626	S	1.260695
01489078028572	77556.147321	W	0.019346
01489078400024	77556.166668	S	0.467896
01489087383636	77556.634564	W	0.001270
01489087408024	77556.635835	S	0.791469
01489102604224	77557.427303	W	0.019372
01489102976172	77557.446676	S	1.260631
01489127180292	77558.707307	W	0.022422
01489127610800	77558.729729	S	1.257574
01489151756228	77559.987304	W	0.045616
01489152632064	77560.032920	S	1.224391
01489176140368	77561.257311	W	0.047506
01489177052484	77561.304817	S	1.242476
01489200908032	77562.547293	W	0.019379
01489201280112	77562.566673	S	1.260637
01489225484340	77563.827309	W	0.019364
01489225856132	77563.846674	S	1.260610
01489250059840	77565.107283	W	0.019344
01489250431240	77565.126627	S	0.724914
01489264349584	77565.851541	W	0.025933
01489264847496	77565.877474	S	0.509845
01489274636520	77566.387319	W	0.019310
01489275007280	77566.406629	S	0.876745
01489291840776	77567.283374	W	0.014683
01489292122684	77567.298056	S	0.369212
01489299211564	77567.667269	W	0.019341
01489299582920	77567.686610	S	0.415960
01489307569356	77568.102571	W	0.014756
01489307852668	77568.117326	S	0.702083
01489321332664	77568.819410	W	0.021280
01489321741248	77568.840690	S	0.106583
01489323787640	77568.947273	W	0.019283
01489324157872	77568.966556	S	1.250712
01489348171548	77570.217268	W	0.037706
01489348895504	77570.254974	S	1.238048
01489372666020	77571.493022	W	0.041932
01489373471120	77571.534954	S	1.252292
01489397515128	77572.787246	W	0.019176
01489397883308	77572.806422	S	0.313526
01489403903004	77573.119948	W	0.027650
01489404433880	77573.147598	S	0.381962
01489411767552	77573.529560	W	0.037499
01489412487540	77573.567059	S	0.500236
01489422092080	77574.067296	W	0.018680
01489422450732	77574.085976	S	0.775545
01489437341200	77574.861521	W	0.014928
01489437627820	77574.876449	S	0.470813
01489446667432	77575.347262	W	0.019366
01489447039256	77575.366628	S	0.008160
01489447195936	77575.374788	W	0.016295
01489447508808	77575.391084	S	1.236140
01489471242688	77576.627223	W	0.022378
01489471672340	77576.649601	S	1.247609
01489495626424	77577.897210	W	0.037586
01489496348068	77577.934795	S	1.252442
01489520394948	77579.187237	W	0.019436
01489520768124	77579.206673	S	1.260577
01489544971212	77580.467251	W	0.019392
01489545343532	77580.486642	S	1.260605
01489569547156	77581.747248	W	0.019347
01489569918624	77581.766595	S	0.876813
01489586753432	77582.643408	W	0.014822
01489587038020	77582.658230	S	0.369026
01489594123328	77583.027257	W	0.019366
01489594495164	77583.046623	S	0.518383
01489604448124	77583.565006	W	0.014651
01489604729420	77583.579657	S	0.599782
01489616245228	77584.179439	W	0.014613
01489616525788	77584.194051	S	0.113183
01489618698904	77584.307235	W	0.019335
01489619070136	77584.326570	S	1.260639
01489643274412	77585.587209	W	0.019445
01489643647756	77585.606654	S	1.260550
01489667850316	77586.867204	W	0.019392
01489668222648	77586.886596	S	1.260597
01489692426104	77588.147193	W	0.019381
01489692798228	77588.166574	S	1.260619
01489717002104	77589.427193	W	0.019437
01489717375304	77589.446630	S	0.672163
01489730280828	77590.118793	W	0.014499
01489730559216	77590.133293	S	0.573940
01489741578872	77590.707233	W	0.019343
01489741950256	77590.726576	S	1.260611
01489766153992	77591.987187	W	0.022407
01489766584208	77592.009594	S	1.257578
01489790729696	77593.267172	W	0.019456
01489791103260	77593.286628	S	1.260525
01489815305332	77594.547153	W	0.019403
01489815677864	77594.566555	S	1.260628
01489839881928	77595.827184	W	0.019371
01489840253844	77595.846554	S	1.260648
01489864458280	77597.107202	W	0.019381
01489864830396	77597.126583	S	1.260600
01489889033912	77598.387183	W	0.045472
01489889906976	77598.432655	S	0.082789
01489891496528	77598.515444	W	0.014695
01489891778664	77598.530139	S	0.804565
01489907226316	77599.334704	W	0.014654
01489907507680	77599.349358	S	0.307848
01489913418364	77599.657206	W	0.038696
01489914161320	77599.695902	S	0.457953
01489922954016	77600.153855	W	0.014774
01489923237680	77600.168629	S	0.778546
01489938185772	77600.947176	W	0.019329
01489938556880	77600.966504	S	0.538936
01489948904456	77601.505440	W	0.038818
01489949649768	77601.544259	S	0.672910
01489962569644	77602.217169	W	0.047666
01489963484832	77602.264835	S	1.242302
01489987337024	77603.507137	W	0.019179
01489987705268	77603.526316	S	1.260836
01490011913320	77604.787152	W	0.019341
01490012284660	77604.806493	S	1.260661
01490036489360	77606.067154	W	0.019322
01490036860340	77606.086476	S	1.260675
01490061065304	77607.347151	W	0.019391
01490061437608	77607.366542	S	1.260590
01490085640932	77608.627132	W	0.019365
01490086012732	77608.646496	S	1.249708
01490110007128	77609.896205	W	0.030376
01490110590340	77609.926580	S	1.260569
01490134793268	77611.187149	W	0.019360
01490135164976	77611.206509	S	1.260611
01490159368708	77612.467120	W	0.019329
01490159739828	77612.486449	S	1.184229
01490182477032	77613.670679	W	0.014014
01490182746092	77613.684692	S	0.062785
01490183951556	77613.747477	W	0.019004
01490184316436	77613.766481	S	0.825794
01490200171676	77614.592275	W	0.014672
01490200453376	77614.606947	S	0.151189
01490203356196	77614.758135	W	0.007058
01490203491716	77614.765194	S	0.262009
01490208522292	77615.027203	W	0.019073
01490208888500	77615.046276	S	0.160400
01490211968188	77615.206676	W	0.014390
01490212244468	77615.221066	S	1.086048
01490233096592	77616.307114	W	0.019164
01490233464544	77616.326278	S	0.308724
01490239392040	77616.635002	W	0.001270
01490239416428	77616.636272	S	0.950809
01490257671964	77617.587081	W	0.022389
01490258101824	77617.609470	S	1.247610
01490282055932	77618.857080	W	0.038675
01490282798496	77618.895755	S	1.251342
01490306824264	77620.147097	W	0.019199
01490307192884	77620.166296	S	1.260824
01490331400700	77621.427120	W	0.019348
01490331772188	77621.446468	S	1.260636
01490355976400	77622.707104	W	0.019383
01490356348552	77622.726487	S	1.260599
01490380552052	77623.987086	W	0.019371
01490380923980	77624.006457	S	1.260636
01490405128200	77625.267094	W	0.019327
01490405499284	77625.286421	S	1.260667
01490429704088	77626.547088	W	0.019389
01490430076352	77626.566477	S	1.133209
01490451833960	77627.699685	W	0.014615
01490452114568	77627.714300	S	0.002223
01490452157252	77627.716524	W	0.014606
01490452437692	77627.731130	S	0.095972
01490454280348	77627.827101	W	0.019316
01490454651212	77627.846417	S	1.184334
01490477390416	77629.030751	W	0.014079
01490477660724	77629.044829	S	0.062612
01490478862880	77629.107442	W	0.019027
01490479228196	77629.126469	S	0.621066
01490491152656	77629.747534	W	0.014639
01490491433728	77629.762173	S	0.624916
01490503432120	77630.387090	W	0.019344
01490503803524	77630.406434	S	0.160287
01490506881036	77630.566721	W	0.015190
01490507172676	77630.581910	S	0.936590
01490525155212	77631.518501	W	0.038733
01490525898876	77631.557233	S	0.109836
01490528007736	77631.667070	W	0.019332
01490528378904	77631.686401	S	1.260654
01490552583456	77632.947055	W	0.019168
01490552951488	77632.966223	S	1.260802
01490577158884	77634.227025	W	0.022371
01490577588400	77634.249396	S	0.608835
01490589278032	77634.858231	W	0.001786
01490589312328	77634.860017	S	0.651073
01490601812920	77635.511090	W	0.013755
01490602077016	77635.524845	S	1.266200
01490626388064	77636.791045	W	0.014703
01490626670364	77636.805748	S	1.265299
01490650964104	77638.071047	W	0.014374
01490651240092	77638.085421	S	1.265958
01490675546488	77639.351380	W	0.013461
01490675804948	77639.364841	S	1.266550
01490700122704	77640.631391	W	0.018065
01490700469548	77640.649456	S	1.261957
01490724699116	77641.911412	W	0.014320
01490724974060	77641.925732	S	1.265646
01490749274456	77643.191378	W	0.013445
01490749532604	77643.204823	S	1.185946
01490772302768	77644.390769	W	0.014112
01490772573716	77644.404881	S	0.066846
01490773857164	77644.471727	W	0.013945
01490774124908	77644.485672	S	0.621924
01490786065852	77645.107596	W	0.014519
01490786344624	77645.122116	S	0.629276
01490798426720	77645.751392	W	0.014251
01490798700340	77645.765643	S	0.161153
01490801794480	77645.926796	W	0.014549
01490802073816	77645.941345	S	1.090020
01490823002204	77647.031365	W	0.014329
01490823277320	77647.045694	S	1.265676
01490847578300	77648.311370	W	0.013419
01490847835952	77648.324789	S	1.262580
01490872077488	77649.587369	W	0.019014
01490872442548	77649.606383	S	0.213403
01490876539880	77649.819785	W	0.014667
01490876821496	77649.834453	S	1.032930
01490896653752	77650.867383	W	0.055224
01490897714056	77650.922607	S	0.328741
01490904025876	77651.251348	W	0.027870
01490904560980	77651.279218	S	0.176994
01490907959264	77651.456212	W	0.037533
01490908679896	77651.493745	S	0.643609
01490921037188	77652.137354	W	0.038359
01490921773680	77652.175713	S	1.251614
01490945804664	77653.427326	W	0.018956
01490946168628	77653.446283	S	1.261040
01490970380596	77654.707323	W	0.019055
01490970746444	77654.726377	S	0.519003
01490980711292	77655.245380	W	0.014576
01490980991156	77655.259956	S	0.292493
01490986607016	77655.552449	W	0.014478
01490986884984	77655.566926	S	0.420413
01490994956912	77655.987339	W	0.018976
01490995321260	77656.006316	S	0.365290
01491002334820	77656.371605	W	0.014718
01491002617404	77656.386323	S	0.703082
01491016116580	77657.089405	W	0.014776
01491016400288	77657.104182	S	0.163181
01491019533368	77657.267363	W	0.019032
01491019898776	77657.286395	S	0.621218
01491031826164	77657.907613	W	0.014738
01491032109128	77657.922350	S	0.624973
01491044108600	77658.547323	W	0.019027
01491044473928	77658.566350	S	0.160448
01491047554524	77658.726798	W	0.014369
01491047830416	77658.741168	S	0.600073
01491059351820	77659.341241	W	0.014570
01491059631556	77659.355810	S	0.087858
01491061318432	77659.443668	W	0.014581
01491061598380	77659.458249	S	0.369061
01491068684360	77659.827310	W	0.018970
01491069048592	77659.846281	S	0.211959
01491073118200	77660.058240	W	0.022421
01491073548688	77660.080661	S	0.899010
01491090809676	77660.979671	W	0.020307
01491091199572	77660.999978	S	0.107349
01491093260672	77661.107327	W	0.018971
01491093624908	77661.126297	S	0.405878
01491101417768	77661.532175	W	0.038681
01491102160452	77661.570857	S	0.816474
01491117836752	77662.387331	W	0.018348
01491118189040	77662.405679	S	1.261611
01491142411976	77663.667290	W	0.018859
01491142774068	77663.686149	S	1.261129
01491166987752	77664.947279	W	0.019033
01491167353192	77664.966312	S	1.260976
01491191563928	77666.227288	W	0.019045
01491191929592	77666.246333	S	1.260954
01491216139900	77667.507286	W	0.022031
01491216562896	77667.529317	S	0.867606
01491233220936	77668.396924	W	0.001583
01491233251324	77668.398506	S	0.005420
01491233355392	77668.403927	W	18.734371
01491593055320	77687.138298	S	0.848929
01491609354752	77687.987227	W	0.021755
01491609772440	77688.008981	S	1.258253
01491633930900	77689.267234	W	0.019040
01491634296460	77689.286274	S	0.570236
01491645244984	77689.856510	W	0.014680
01491645526844	77689.871190	S	0.600329
01491657053152	77690.471518	W	0.013926
01491657320536	77690.485445	S	0.062105
01491658512952	77690.547550	W	0.018664
01491658871296	77690.566213	S	0.723884
01491672769872	77691.290097	W	0.014794
01491673053912	77691.304891	S	0.522355
01491683083132	77691.827246	W	0.018986
01491683447660	77691.846232	S	1.260962
01491707658128	77693.107194	W	0.019166
01491708026112	77693.126360	S	1.260870
01491732234812	77694.387230	W	0.018958
01491732598800	77694.406188	S	1.261009
01491756810164	77695.667196	W	0.018952
01491757174036	77695.686148	S	1.261081
01491781386792	77696.947229	W	0.019009
01491781751768	77696.966238	S	1.260934
01491805961696	77698.227172	W	0.022110
01491806386200	77698.249281	S	1.257892
01491830537732	77699.507174	W	0.019036
01491830903220	77699.526209	S	1.260926
01491855112996	77700.787135	W	0.019033
01491855478420	77700.806168	S	1.261021
01491879690016	77702.067188	W	0.019053
01491880055832	77702.086241	S	1.260953
01491904266124	77703.347194	W	0.018998
01491904630880	77703.366192	S	1.236135
01491928364680	77704.602327	W	0.014114
01491928635672	77704.616441	S	0.011096
01491928848712	77704.627537	W	0.018659
01491929206964	77704.646196	S	0.263151
01491934259460	77704.909347	W	0.014553
01491934538872	77704.923900	S	0.600852
01491946075232	77705.524752	W	0.014780
01491946359000	77705.539531	S	0.367636
01491953417604	77705.907167	W	0.018963
01491953781696	77705.926130	S	0.416795
01491961784168	77706.342925	W	0.014708
01491962066556	77706.357633	S	0.829547
01491977993868	77707.187181	W	0.018780
01491978354440	77707.205960	S	1.261181
01492002569124	77708.467142	W	0.019036
01492002934616	77708.486178	S	0.116889
01492005178880	77708.603067	W	9.534754
01492188246160	77718.137821	S	0.569287
01492199176480	77718.707108	W	0.018857
01492199538528	77718.725965	S	1.236219
01492223273932	77719.962184	W	0.014162
01492223545840	77719.976346	S	0.011131
01492223759552	77719.987477	W	0.018668
01492224117984	77720.006145	S	0.877643
01492240968728	77720.883788	W	0.014614
01492241249320	77720.898402	S	0.368742
01492248329164	77721.267144	W	0.019012
01492248694200	77721.286156	S	0.212039
01492252765348	77721.498195	W	0.014587
01492253045424	77721.512782	S	1.034300
01492272903988	77722.547083	W	0.019097
01492273270652	77722.566180	S	1.260916
01492297480236	77723.827096	W	0.019091
01492297846792	77723.846187	S	1.260900
01492322056068	77725.107087	W	0.019061
01492322422040	77725.126148	S	1.260962
01492346632516	77726.387110	W	0.018994
01492346997192	77726.406104	S	1.261015
01492371208688	77727.667119	W	0.018962
01492371572756	77727.686081	S	1.261018
01492395784300	77728.947099	W	0.021802
01492396202904	77728.968901	S	1.258180
01492420359952	77730.227081	W	0.019050
01492420725720	77730.246131	S	1.260945
01492444935872	77731.507077	W	0.019046
01492445301556	77731.526123	S	1.260949
01492469511776	77732.787072	W	0.019062
01492469877776	77732.806134	S	0.008206
01492470035340	77732.814341	W	0.014948
01492470322340	77732.829289	S	1.193925
01492493245704	77734.023214	W	0.089403
01492494962236	77734.112616	S	0.083007
01492496555976	77734.195624	W	0.122114
01492498900568	77734.317738	S	0.082684
01492500488100	77734.400422	W	0.122592
01492502841860	77734.523014	S	0.013539
01492503101816	77734.536553	W	0.096590
01492504956336	77734.633142	S	0.074450
01492506385776	77734.707592	W	0.086077
01492508038456	77734.793670	S	0.118761
01492510318660	77734.912430	W	0.186065
01492513891108	77735.098495	S	0.018712
01492514250384	77735.117208	W	0.134178
01492516826604	77735.251386	S	0.014252
01492517100244	77735.265638	W	0.100430
01492519028500	77735.366068	S	0.058334
01492520148520	77735.424402	W	0.084653
01492521773856	77735.509055	S	0.014143
01492522045400	77735.523198	W	0.060345
01492523204016	77735.583542	S	0.353353
01492529988400	77735.936896	W	0.014601
01492530268740	77735.951497	S	0.599568
01492541780444	77736.551065	W	0.013866
01492542046672	77736.564931	S	0.062480
01492543246292	77736.627411	W	0.018715
01492543605628	77736.646126	S	1.260949
01492567815856	77737.907076	W	0.018951
01492568179720	77737.926027	S	1.261013
01492592391160	77739.187040	W	0.019088
01492592757656	77739.206128	S	0.109469
01492594859456	77739.315597	W	0.087179
01492596533300	77739.402776	S	1.064307
01492616967992	77740.467083	W	0.018311
01492617319568	77740.485394	S	1.261619
01492641542652	77741.747013	W	0.019133
01492641910008	77741.766146	S	1.260946
01492666120176	77743.027092	W	0.018809
01492666481304	77743.045901	S	1.261147
01492690695328	77744.307048	W	0.021785
01492691113600	77744.328833	S	1.258203
01492715271092	77745.587036	W	0.018991
01492715635724	77745.606027	S	0.981024
01492734471392	77746.587052	W	0.014832
01492734756168	77746.601884	S	0.265157
01492739847188	77746.867041	W	0.018944
01492740210912	77746.885985	S	0.929231
01492758052152	77747.815216	W	0.015282
01492758345568	77747.830498	S	0.316537
01492764423072	77748.147035	W	0.018977
01492764787424	77748.166012	S	1.261008
01492788998784	77749.427020	W	0.019028
01492789364120	77749.446048	S	0.724210
01492803268944	77750.170257	W	0.014588
01492803549036	77750.184846	S	0.522191
01492813575100	77750.707036	W	0.018972
01492813939360	77750.726008	S	0.263467
01492818997920	77750.989475	W	0.014762
01492819281352	77751.004237	S	0.702081
01492832761300	77751.706318	W	0.014714
01492833043800	77751.721031	S	0.265967
01492838150368	77751.986998	W	0.019005
01492838515272	77752.006004	S	1.260967
01492862725832	77753.266970	W	0.019100
01492863092544	77753.286070	S	1.260902
01492887301860	77754.546972	W	0.019057
01492887667756	77754.566029	S	1.260973
01492911878428	77755.827001	W	0.019008
01492912243372	77755.846009	S	1.260979
01492936454160	77757.106987	W	0.018760
01492936814344	77757.125747	S	0.995841
01492955934496	77758.121588	W	7.025315
01493090820552	77765.146904	S	0.178600
01493094249676	77765.325504	W	0.014649
01493094530944	77765.340153	S	0.726831
01493108486096	77766.066984	W	0.018951
01493108849964	77766.085936	S	0.059930
01493110000616	77766.145865	W	0.014769
01493110284184	77766.160635	S	0.700906
01493123741576	77766.861540	W	0.014585
01493124021616	77766.876126	S	0.470825
01493133061452	77767.346951	W	0.019010
01493133426448	77767.365961	S	1.261004
01493157637716	77768.626964	W	0.018977
01493158002068	77768.645941	S	0.731348
01493172043956	77769.377289	W	0.064081
01493173274320	77769.441371	S	0.465605
01493182213944	77769.906976	W	0.018300
01493182565304	77769.925276	S	1.251661
01493206597200	77771.176938	W	0.037155
01493207310576	77771.214092	S	1.252833
01493231364964	77772.466925	W	0.046222
01493232252420	77772.513147	S	1.223786
01493255749116	77773.736933	W	0.038352
01493256485484	77773.775286	S	1.251662
01493280517388	77775.026947	W	0.019007
01493280882320	77775.045954	S	1.260979
01493305093124	77776.306934	W	0.018786
01493305453808	77776.325719	S	1.261202
01493329668892	77777.586921	W	0.018996
01493330033624	77777.605918	S	1.261009
01493354245000	77778.866927	W	0.019029
01493354610364	77778.885956	S	1.260973
01493378821036	77780.146929	W	0.019052
01493379186832	77780.165981	S	0.212375
01493383264424	77780.378355	W	0.014541
01493383543612	77780.392896	S	0.804706
01493398993976	77781.197603	W	0.014425
01493399270928	77781.212028	S	0.214881
01493403396652	77781.426909	W	0.018988
01493403761220	77781.445897	S	0.570834
01493414721232	77782.016731	W	0.014675
01493415002992	77782.031406	S	0.675516
01493427972896	77782.706922	W	0.018974
01493428337200	77782.725896	S	1.261019
01493452548768	77783.986915	W	0.019061
01493452914732	77784.005976	S	1.260929
01493477124576	77785.266905	W	0.018757
01493477484708	77785.285662	S	1.251234
01493501508400	77786.536896	W	0.037381
01493502226124	77786.574277	S	1.252606
01493526276156	77787.826883	W	0.019043
01493526641780	77787.845926	S	1.260973
01493550852452	77789.106899	W	0.022019
01493551275208	77789.128917	S	1.257971
01493575428256	77790.386888	W	0.055240
01493576488868	77790.442129	S	0.586044
01493587740904	77791.028172	W	0.014668
01493588022528	77791.042840	S	0.002285
01493588066400	77791.045125	W	0.014744
01493588349488	77791.059869	S	0.597016
01493599812204	77791.656886	W	0.047387
01493600722028	77791.704272	S	1.242603
01493624580004	77792.946875	W	0.018826
01493624941468	77792.965701	S	1.092446
01493645916436	77794.058148	W	0.020066
01493646301696	77794.078213	S	0.148684
01493649156436	77794.226898	W	0.019050
01493649522204	77794.245948	S	0.028921
01493650077488	77794.274869	W	0.014605
01493650357896	77794.289474	S	1.217390
01493673731784	77795.506864	W	0.019081
01493674098140	77795.525945	S	0.212431
01493678176816	77795.738376	W	0.014639
01493678457892	77795.753015	S	0.804618
01493693906552	77796.557633	W	0.014500
01493694184948	77796.572133	S	0.214741
01493698307980	77796.786874	W	0.019059
01493698673920	77796.805933	S	0.468450
01493707668168	77797.274384	W	0.014632
01493707949108	77797.289016	S	0.777844
01493722883708	77798.066860	W	0.019047
01493723249412	77798.085907	S	1.260911
01493747458908	77799.346818	W	0.019061
01493747824884	77799.365879	S	0.024764
01493748300344	77799.390643	W	0.053930
01493749335792	77799.444572	S	1.182302
01493772035988	77800.626874	W	0.018347
01493772388260	77800.645222	S	1.261596
01493796610896	77801.906817	W	0.018949
01493796974712	77801.925766	S	1.261056
01493821186992	77803.186823	W	0.018945
01493821550744	77803.205768	S	1.261056
01493845763028	77804.466824	W	0.018872
01493846125368	77804.485696	S	0.636188
01493858340172	77805.121884	W	10.017183
01494050670088	77815.139067	S	0.847719
01494066946288	77815.986786	W	0.019108
01494067313168	77816.005894	S	1.260910
01494091522644	77817.266804	W	0.019109
01494091889536	77817.285913	S	1.260878
01494116098384	77818.546791	W	0.019025
01494116463664	77818.565816	S	0.281335
01494121865292	77818.847151	W	0.001017
01494121884828	77818.848168	S	0.004110
01494121963744	77818.852278	W	0.001129
01494121985420	77818.853407	S	0.008199
01494122142836	77818.861606	W	0.000942
01494122160920	77818.862548	S	0.025243
01494122645576	77818.887790	W	0.000923
01494122663300	77818.888714	S	0.020269
01494123052456	77818.908982	W	0.001098
01494123073536	77818.910080	S	0.319974
01494129217032	77819.230054	W	0.014550
01494129496396	77819.244604	S	0.052081
01494130496360	77819.296685	W	0.001151
01494130518468	77819.297837	S	0.039280
01494131272636	77819.337116	W	0.022174
01494131698384	77819.359291	S	0.011002
01494131909620	77819.370293	W	0.001070
01494131930168	77819.371363	S	0.011970
01494132159992	77819.383333	W	0.000869
01494132176668	77819.384201	S	0.002382
01494132222400	77819.386583	W	0.000986
01494132241324	77819.387569	S	0.003589
01494132310240	77819.391158	W	0.001007
01494132329580	77819.392166	S	0.434585
01494140673616	77819.826751	W	0.018412
01494141027136	77819.845163	S	0.059432
01494142168224	77819.904595	W	0.085406
01494143808020	77819.990001	S	0.248704
01494148583136	77820.238705	W	0.014568
01494148862832	77820.253273	S	0.042095
01494149671056	77820.295368	W	0.023595
01494150124076	77820.318962	S	0.066493
01494151400748	77820.385456	W	0.054310
01494152443508	77820.439766	S	0.002124
01494152484284	77820.441890	W	0.001073
01494152504892	77820.442963	S	0.003985
01494152581408	77820.446948	W	0.028362
01494153125968	77820.475311	S	0.041357
01494153920016	77820.516667	W	0.224971
01494158239456	77820.741638	S	0.254824
01494163132076	77820.996462	W	0.017060
01494163459624	77821.013522	S	0.115101
01494165669572	77821.128624	W	0.000295
01494165675244	77821.128919	S	0.000267
01494165680368	77821.129186	W	0.000058
01494165681480	77821.129244	S	0.003920
01494165756752	77821.133164	W	0.000180
01494165760216	77821.133345	S	0.000261
01494165765236	77821.133606	W	0.000058
01494165766340	77821.133664	S	0.004379
01494165850408	77821.138042	W	0.000177
01494165853804	77821.138219	S	0.000261
01494165858820	77821.138480	W	0.000057
01494165859916	77821.138537	S	0.001676
01494165892100	77821.140214	W	0.000181
01494165895576	77821.140395	S	0.000262
01494165900604	77821.140656	W	0.000062
01494165901788	77821.140718	S	0.004022
01494165979008	77821.144740	W	0.000178
01494165982432	77821.144918	S	0.000262
01494165987456	77821.145180	W	0.000049
01494165988388	77821.145229	S	0.377343
01494173233380	77821.522572	W	0.000696
01494173246736	77821.523268	S	4.779297
01494265009244	77826.302565	W	7.137628
01494402051696	77833.440192	S	0.015289
01494402345240	77833.455481	W	0.000943
01494402363344	77833.456424	S	0.055350
01494403426064	77833.511774	W	0.000305
01494403431924	77833.512079	S	0.099859
01494405349208	77833.611938	W	0.000426
01494405357384	77833.612364	S	0.272634
01494410591956	77833.884998	W	0.058445
01494411714104	77833.943443	S	0.068156
01494413022708	77834.011599	W	0.024021
01494413483920	77834.035621	S	0.010828
01494413691808	77834.046448	W	0.016612
01494414010764	77834.063061	S	0.075211
01494415454824	77834.138272	W	0.224528
01494419765760	77834.362800	S	0.523574
01494429818376	77834.886374	W	0.091025
01494431566052	77834.977399	S	0.040225
01494432338364	77835.017623	W	0.014674
01494432620104	77835.032297	S	0.142738
01494435360676	77835.175035	W	0.030670
01494435949536	77835.205705	S	0.775970
01494450848164	77835.981675	W	0.015077
01494451137636	77835.996752	S	0.029071
01494451695800	77836.025823	W	0.014779
01494451979564	77836.040602	S	0.248074
01494456742580	77836.288676	W	0.235094
01494461256388	77836.523770	S	0.014200
01494461529028	77836.537970	W	0.085504
01494463170696	77836.623474	S	0.266495
01494468287408	77836.889969	W	0.017176
01494468617192	77836.907145	S	0.083349
01494470217496	77836.990495	W	10.492625
01494671675904	77847.483120	S	0.491887
01494681120132	77847.975007	W	0.030499
01494681705712	77848.005506	S	0.001668
01494681737736	77848.007174	W	0.000975
01494681756464	77848.008149	S	0.107912
01494683828380	77848.116061	W	0.022673
01494684263700	77848.138734	S	0.988224
01494703237604	77849.126959	W	0.032820
01494703867740	77849.159778	S	0.095224
01494705696044	77849.255002	W	0.033692
01494706342936	77849.288695	S	0.852147
01494722704160	77850.140842	W	0.024458
01494723173744	77850.165299	S	0.369677
01494730271552	77850.534977	W	0.030662
01494730860256	77850.565638	S	0.573175
01494741865216	77851.138813	W	0.014601
01494742145552	77851.153414	S	0.002259
01494742188932	77851.155674	W	0.014224
01494742462036	77851.169898	S	0.389925
01494749948588	77851.559822	W	0.236366
01494754486808	77851.796188	S	0.014105
01494754757620	77851.810293	W	0.072960
01494756158456	77851.883253	S	0.276964
01494761476160	77852.160217	W	0.021179
01494761882796	77852.181396	S	0.146739
01494764700188	77852.328135	W	0.087441
01494766379048	77852.415575	S	0.679369
01494779422940	77853.094945	W	0.030650
01494780011420	77853.125595	S	0.048606
01494780944652	77853.174201	W	0.022206
01494781371016	77853.196407	S	0.990305
01494800384864	77854.186712	W	0.023193
01494800830164	77854.209904	S	0.165037
01494803998868	77854.374941	W	0.030699
01494804588284	77854.405640	S	0.520064
01494814573512	77854.925704	W	0.014727
01494814856276	77854.940431	S	0.242828
01494819518572	77855.183259	W	0.037948
01494820247168	77855.221207	S	0.438925
01494828674524	77855.660131	W	0.025499
01494829164108	77855.685631	S	0.366495
01494836200816	77856.052126	W	0.014579
01494836480736	77856.066705	S	0.145376
01494839271960	77856.212081	W	0.014739
01494839554952	77856.226820	S	0.094053
01494841360776	77856.320874	W	0.001723
01494841393856	77856.322597	S	0.623709
01494853369068	77856.946306	W	0.019359
01494853740752	77856.965664	S	0.255746
01494858651084	77857.221411	W	0.022685
01494859086644	77857.244096	S	0.036879
01494859794720	77857.280975	W	0.014033
01494860064148	77857.295008	S	0.702724
01494873556456	77857.997732	W	0.014014
01494873825524	77858.011746	S	0.190790
01494877488684	77858.202536	W	0.013217
01494877742444	77858.215752	S	0.010855
01494877950860	77858.226607	W	0.021135
01494878356648	77858.247742	S	0.671581
01494891250996	77858.919323	W	0.014069
01494891521116	77858.933391	S	0.307947
01494897433700	77859.241339	W	0.022053
01494897857112	77859.263391	S	0.242913
01494902521040	77859.506304	W	0.019160
01494902888904	77859.525464	S	0.729095
01494916887520	77860.254558	W	0.023310
01494917335072	77860.277868	S	0.498433
01494926904984	77860.776301	W	0.037553
01494927626004	77860.813854	S	0.398397
01494935275224	77861.212251	W	0.014824
01494935559852	77861.227076	S	0.039270
01494936313836	77861.266346	W	0.023527
01494936765564	77861.289873	S	0.776424
01494951672896	77862.066297	W	0.019024
01494952038156	77862.085321	S	0.194506
01494955772668	77862.279826	W	0.023068
01494956215580	77862.302895	S	0.989879
01494975221252	77863.292774	W	0.014354
01494975496848	77863.307127	S	0.039481
01494976254892	77863.346609	W	0.018875
01494976617288	77863.365484	S	0.865887
01494993242316	77864.231371	W	0.014819
01494993526848	77864.246190	S	0.057283
01494994626676	77864.303473	W	0.022727
01494995063040	77864.326200	S	0.300098
01495000824924	77864.626298	W	0.022351
01495001254056	77864.648649	S	0.669524
01495014108912	77865.318173	W	0.015123
01495014399264	77865.333295	S	0.449358
01495023026928	77865.782652	W	0.017023
01495023353768	77865.799675	S	0.106559
01495025399700	77865.906234	W	0.053900
01495026434576	77865.960134	S	0.335184
01495032870116	77866.295319	W	0.017006
01495033196624	77866.312324	S	0.016398
01495033511468	77866.328722	W	0.014567
01495033791152	77866.343289	S	0.256075
01495038707796	77866.599364	W	0.014337
01495038983064	77866.613701	S	0.562567
01495049784352	77867.176268	W	0.047693
01495050700064	77867.223962	S	0.030458
01495051284860	77867.254420	W	0.014785
01495051568724	77867.269204	S	0.069550
01495052904076	77867.338754	W	0.014816
01495053188548	77867.353570	S	0.994994
01495072292440	77868.348565	W	0.015079
01495072581964	77868.363644	S	0.102614
01495074552144	77868.466257	W	0.019156
01495074919948	77868.485414	S	0.873193
01495091685260	77869.358607	W	0.015098
01495091975140	77869.373705	S	0.372548
01495099128068	77869.746254	W	0.019206
01495099496816	77869.765459	S	0.418400
01495107530088	77870.183859	W	0.014425
01495107807040	77870.198283	S	0.078314
01495109310676	77870.276598	W	0.022802
01495109748476	77870.299400	S	0.726868
01495123704336	77871.026267	W	0.019398
01495124076776	77871.045665	S	0.163282
01495127211800	77871.208948	W	0.015941
01495127517872	77871.224889	S	1.081443
01495148281568	77872.306332	W	0.018769
01495148641940	77872.325101	S	0.315881
01495154706852	77872.640982	W	0.014192
01495154979340	77872.655174	S	0.497847
01495164538000	77873.153021	W	0.014449
01495164815420	77873.167470	S	0.132713
01495167363504	77873.300182	W	0.014910
01495167649780	77873.315093	S	0.042733
01495168470252	77873.357826	W	0.014518
01495168748996	77873.372344	S	0.213811
01495172854176	77873.586155	W	0.019410
01495173226848	77873.605565	S	0.469011
01495182231868	77874.074576	W	0.014583
01495182511864	77874.089160	S	0.777007
01495197430396	77874.866166	W	0.019486
01495197804520	77874.885652	S	1.260472
01495222005580	77876.146124	W	0.019022
01495222370800	77876.165146	S	0.154378
01495225334856	77876.319524	W	0.014729
01495225617644	77876.334252	S	1.091889
01495246581920	77877.426142	W	0.019409
01495246954564	77877.445550	S	1.260663
01495271159300	77878.706214	W	0.019294
01495271529740	77878.725507	S	0.605268
01495283150892	77879.330776	W	0.014728
01495283433664	77879.345503	S	0.640723
01495295735544	77879.986226	W	0.045363
01495296606504	77880.031589	S	1.224620
01495320119208	77881.256209	W	0.038567
01495320859688	77881.294775	S	0.361505
01495327800592	77881.656281	W	0.015089
01495328090300	77881.671370	S	0.184931
01495331640976	77881.856301	W	0.014777
01495331924700	77881.871078	S	0.006844
01495332056100	77881.877922	W	0.015629
01495332356176	77881.893551	S	0.455241
01495341096804	77882.348792	W	0.016086
01495341405648	77882.364878	S	0.025232
01495341890108	77882.390110	W	0.038041
01495342620492	77882.428151	S	0.118053
01495344887116	77882.546204	W	0.019093
01495345253708	77882.565297	S	0.827900
01495361149384	77883.393197	W	0.014779
01495361433136	77883.407976	S	0.292722
01495367053392	77883.700697	W	0.014135
01495367324792	77883.714833	S	0.111371
01495369463112	77883.826204	W	0.019042
01495369828720	77883.845246	S	0.162168
01495372942352	77884.007414	W	0.014432
01495373219440	77884.021846	S	0.190587
01495376878716	77884.212433	W	0.014419
01495377155564	77884.226852	S	0.879365
01495394039364	77885.106217	W	0.018894
01495394402128	77885.125111	S	0.171817
01495397701016	77885.296928	W	0.001105
01495397722232	77885.298033	S	0.000376
01495397729460	77885.298409	W	0.000238
01495397734032	77885.298648	S	0.000278
01495397739364	77885.298925	W	0.000051
01495397740340	77885.298976	S	0.000694
01495397753660	77885.299670	W	0.000064
01495397754896	77885.299734	S	0.069876
01495399096524	77885.369611	W	0.015544
01495399394960	77885.385154	S	0.012305
01495399631212	77885.397459	W	0.000198
01495399635012	77885.397657	S	0.042430
01495400449664	77885.440087	W	0.014667
01495400731268	77885.454754	S	0.042697
01495401551060	77885.497451	W	0.000479
01495401560260	77885.497930	S	0.818624
01495417277848	77886.316555	W	0.014413
01495417554580	77886.330968	S	0.037619
01495418276872	77886.368587	W	0.036696
01495418981428	77886.405283	S	0.714182
01495432693724	77887.119465	W	9.017523
01495605830168	77896.136988	S	0.002269
01495605873724	77896.139256	W	0.001101
01495605894872	77896.140358	S	0.485756
01495615221396	77896.626114	W	0.022267
01495615648920	77896.648381	S	0.058546
01495616773008	77896.706927	W	0.014559
01495617052548	77896.721487	S	0.736718
01495631197540	77897.458205	W	0.019944
01495631580464	77897.478149	S	0.427999
01495639798040	77897.906148	W	0.019366
01495640169868	77897.925514	S	1.260620
01495664373764	77899.186134	W	0.019456
01495664747324	77899.205590	S	1.260586
01495688950584	77900.466176	W	0.034331
01495689609744	77900.500507	S	0.095736
01495691447872	77900.596243	W	0.014473
01495691725748	77900.610716	S	1.011694
01495711150264	77901.622410	W	0.014702
01495711432536	77901.637111	S	0.109043
01495713526160	77901.746154	W	0.019338
01495713897440	77901.765492	S	1.083546
01495734701516	77902.849037	W	0.014674
01495734983248	77902.863711	S	0.162428
01495738101860	77903.026139	W	0.019300
01495738472416	77903.045438	S	0.214291
01495742586812	77903.259730	W	0.086705
01495744251552	77903.346435	S	0.116806
01495746494228	77903.463241	W	0.084346
01495748113680	77903.547587	S	0.018624
01495748471252	77903.566211	W	0.014284
01495748745496	77903.580495	S	0.087787
01495750431012	77903.668282	W	0.014482
01495750709064	77903.682764	S	0.623363
01495762677624	77904.306126	W	0.018830
01495763039160	77904.324956	S	0.060103
01495764193136	77904.385059	W	0.014590
01495764473260	77904.399649	S	1.186473
01495787253544	77905.586122	W	0.019354
01495787625140	77905.605476	S	0.921157
01495805311348	77906.526633	W	0.015280
01495805604716	77906.541912	S	0.324219
01495811829728	77906.866132	W	0.019337
01495812201000	77906.885469	S	1.260625
01495836405004	77908.146094	W	0.019326
01495836776068	77908.165420	S	0.225291
01495841101660	77908.390711	W	0.236594
01495845644256	77908.627305	S	0.014122
01495845915392	77908.641427	W	0.064023
01495847144632	77908.705450	S	0.720662
01495860981340	77909.426111	W	0.018853
01495861343316	77909.444964	S	0.106830
01495863394448	77909.551794	W	0.014992
01495863682292	77909.566786	S	0.450056
01495872323360	77910.016842	W	0.085779
01495873970324	77910.102621	S	0.323838
01495880188016	77910.426459	W	0.085929
01495881837860	77910.512389	S	0.193717
01495885557220	77910.706105	W	0.112029
01495887708172	77910.818134	S	0.013049
01495887958712	77910.831183	W	0.001144
01495887980668	77910.832326	S	0.106101
01495890017816	77910.938428	W	0.085447
01495891658396	77911.023875	S	0.426581
01495899848752	77911.450456	W	0.089119
01495901559828	77911.539574	S	0.320501
01495907713440	77911.860075	W	0.086637
01495909376876	77911.946712	S	0.014081
01495909647240	77911.960794	W	0.063395
01495910864428	77912.024189	S	0.014949
01495911151452	77912.039138	W	0.063030
01495912361632	77912.102168	S	0.014193
01495912634128	77912.116361	W	0.070584
01495913989332	77912.186944	S	0.387884
01495921436708	77912.574829	W	0.020780
01495921835680	77912.595608	S	0.186039
01495925407624	77912.781647	W	0.086096
01495927060676	77912.867744	S	0.013999
01495927329460	77912.881743	W	0.090514
01495929067320	77912.972256	S	0.014268
01495929341264	77912.986524	W	0.180973
01495932815940	77913.167497	S	0.088603
01495934517112	77913.256100	W	0.048611
01495935450436	77913.304710	S	0.193717
01495939169796	77913.498427	W	0.087788
01495940855328	77913.586215	S	0.013702
01495941118412	77913.599917	W	0.085991
01495942769432	77913.685908	S	0.014216
01495943042388	77913.700124	W	0.060132
01495944196924	77913.760256	S	0.250235
01495949001440	77914.010492	W	0.085836
01495950649496	77914.096328	S	0.014267
01495950923420	77914.110595	W	0.063926
01495952150808	77914.174521	S	0.371569
01495959284932	77914.546090	W	0.018813
01495959646148	77914.564904	S	0.367128
01495966695008	77914.932032	W	0.086246
01495968350940	77915.018278	S	0.014283
01495968625180	77915.032561	W	0.063528
01495969844908	77915.096089	S	0.040796
01495970628188	77915.136885	W	0.085606
01495972271820	77915.222491	S	0.014084
01495972542224	77915.236574	W	0.060603
01495973705808	77915.297178	S	0.146880
01495976525896	77915.444057	W	0.085186
01495978161468	77915.529243	S	0.014951
01495978448532	77915.544194	W	0.063356
01495979664976	77915.607551	S	0.014415
01495979941740	77915.621966	W	0.063590
01495981162672	77915.685556	S	0.014203
01495981435368	77915.699759	W	0.071098
01495982800448	77915.770857	S	0.055234
01495983860936	77915.826090	W	0.019369
01495984232828	77915.845460	S	0.315376
01495990288040	77916.160835	W	0.086017
01495991939564	77916.246852	S	0.014127
01495992210808	77916.260980	W	0.063485
01495993429712	77916.324464	S	0.450812
01496002085304	77916.775276	W	0.085985
01496003736220	77916.861261	S	0.014102
01496004006980	77916.875364	W	0.063728
01496005230552	77916.939091	S	0.155404
01496008214300	77917.094495	W	0.040206
01496008986256	77917.134701	S	0.050134
01496009948836	77917.184835	W	0.086611
01496011611776	77917.271447	S	0.013891
01496011878476	77917.285337	W	0.063715
01496013101808	77917.349052	S	0.860052
01496029614816	77918.209105	W	0.021289
01496030023556	77918.230394	S	0.155705
01496033013096	77918.386099	W	0.019324
01496033384120	77918.405423	S	0.210676
01496037429096	77918.616099	W	0.022224
01496037855792	77918.638323	S	0.185194
01496041411508	77918.823516	W	0.014671
01496041693184	77918.838187	S	0.804540
01496057140352	77919.642727	W	0.014056
01496057410220	77919.656782	S	0.009624
01496057594996	77919.666406	W	0.019047
01496057960696	77919.685453	S	1.260601
01496082164244	77920.946054	W	0.018970
01496082528464	77920.965024	S	0.671608
01496095423340	77921.636632	W	0.014821
01496095707896	77921.651453	S	0.142041
01496098435092	77921.793494	W	38.762322
01496842671680	77960.555817	S	0.009899
01496842861736	77960.565715	W	0.000367
01496842868776	77960.566082	S	0.001358
01496842894848	77960.567440	W	0.000040
01496842895616	77960.567480	S	0.007354
01496843036804	77960.574834	W	0.000138
01496843039448	77960.574971	S	0.001346
01496843065288	77960.576317	W	0.000042
01496843066100	77960.576359	S	0.003297
01496843129404	77960.579656	W	0.000126
01496843131820	77960.579782	S	0.001346
01496843157668	77960.581129	W	0.000042
01496843158468	77960.581170	S	0.005400
01496843262140	77960.586570	W	0.000200
01496843265980	77960.586770	S	0.018064
01496843612804	77960.604834	W	0.060494
01496844774280	77960.665327	S	0.069351
01496846105820	77960.734678	W	0.001147
01496846127836	77960.735825	S	0.000464
01496846136744	77960.736289	W	0.000065
01496846137996	77960.736354	S	0.120429
01496848450228	77960.856783	W	0.032320
01496849070780	77960.889103	S	0.023270
01496849517556	77960.912373	W	0.014803
01496849801776	77960.927176	S	0.599812
01496861318176	77961.526988	W	0.014804
01496861602420	77961.541793	S	0.289789
01496867166360	77961.831581	W	0.013378
01496867423220	77961.844959	S	0.049912
01496868381528	77961.894871	W	0.031026
01496868977224	77961.925897	S	0.608658
01496880663456	77962.534555	W	0.015054
01496880952496	77962.549609	S	0.205981
01496884907328	77962.755590	W	0.014624
01496885188100	77962.770214	S	0.404356
01496892951728	77963.174569	W	0.031733
01496893561008	77963.206302	S	0.059095
01496894695640	77963.265398	W	0.014408
01496894972276	77963.279806	S	0.261665
01496899996240	77963.541471	W	0.015005
01496900284344	77963.556476	S	0.375498
01496907493904	77963.931974	W	0.014875
01496907779496	77963.946849	S	0.137561
01496910420676	77964.084410	W	0.014660
01496910702144	77964.099070	S	0.190139
01496914352820	77964.289209	W	0.024793
01496914828848	77964.314003	S	0.140551
01496917527428	77964.454554	W	0.031702
01496918136100	77964.486255	S	0.110116
01496920250320	77964.596371	W	0.014666
01496920531916	77964.611037	S	0.292563
01496926149124	77964.903600	W	0.014656
01496926430520	77964.918256	S	0.599756
01496937945828	77965.518012	W	0.014580
01496938225768	77965.532592	S	0.089098
01496939936452	77965.621690	W	0.222836
01496944214908	77965.844526	S	1.104812
01496965427304	77966.949339	W	0.012802
01496965673112	77966.962141	S	0.052710
01496966685152	77967.014852	W	0.030932
01496967279048	77967.045784	S	0.213001
01496971368672	77967.258785	W	0.014299
01496971643204	77967.273084	S	1.032789
01496991472748	77968.305872	W	0.020022
01496991857176	77968.325895	S	1.260019
01497016049548	77969.585914	W	0.057327
01497017150232	77969.643241	S	0.321370
01497023320540	77969.964611	W	0.015024
01497023608996	77969.979635	S	0.760565
01497038211848	77970.740200	W	0.087047
01497039883156	77970.827248	S	0.027574
01497040412576	77970.854822	W	0.236180
01497044947228	77971.091001	S	0.014242
01497045220684	77971.105244	W	0.064074
01497046450896	77971.169317	S	0.976536
01497065200380	77972.145853	W	0.018616
01497065557808	77972.164469	S	0.822544
01497081350652	77972.987013	W	0.024991
01497081830480	77973.012004	S	0.083839
01497083440184	77973.095843	W	0.023125
01497083884180	77973.118968	S	0.306884
01497089776356	77973.425852	W	0.019328
01497090147460	77973.445180	S	1.250656
01497114160048	77974.695836	W	0.048606
01497115093292	77974.744442	S	1.230425
01497138717456	77975.974868	W	0.167873
01497141940624	77976.142741	S	0.127314
01497144385044	77976.270054	W	0.014449
01497144662460	77976.284503	S	0.497504
01497154214528	77976.782007	W	0.014646
01497154495732	77976.796653	S	0.469228
01497163504916	77977.265881	W	0.019372
01497163876860	77977.285253	S	0.522878
01497173916116	77977.808131	W	0.014763
01497174199560	77977.822894	S	0.711282
01497187856168	77978.534175	W	0.030648
01497188444600	77978.564823	S	0.474735
01497197559520	77979.039558	W	0.015028
01497197848064	77979.054587	S	0.082681
01497199435544	77979.137268	W	0.014394
01497199711916	77979.151662	S	0.674169
01497212655968	77979.825832	W	0.019464
01497213029684	77979.845296	S	0.009452
01497213211168	77979.854748	W	0.022314
01497213639592	77979.877062	S	0.693790
01497226960360	77980.570852	W	0.014653
01497227241704	77980.585505	S	0.520326
01497237231972	77981.105832	W	0.019276
01497237602072	77981.125108	S	0.929559
01497255449612	77982.054667	W	0.015050
01497255738568	77982.069717	S	0.316087
01497261807444	77982.385804	W	0.019197
01497262176020	77982.405001	S	1.260791
01497286383208	77983.665792	W	0.019329
01497286754328	77983.685121	S	1.260728
01497310960300	77984.945849	W	0.019397
01497311332716	77984.965246	S	0.108804
01497313421744	77985.074049	W	0.014011
01497313690764	77985.088061	S	1.034341
01497333550120	77986.122402	W	6.028992
01497449306760	77992.151394	S	0.093738
01497451106528	77992.245132	W	0.014409
01497451383172	77992.259540	S	0.356253
01497458223220	77992.615793	W	0.039526
01497458982124	77992.655319	S	0.512603
01497468824096	77993.167922	W	0.014434
01497469101228	77993.182356	S	0.086070
01497470753776	77993.268426	W	0.014024
01497471023044	77993.282450	S	0.623314
01497482990664	77993.905764	W	0.019163
01497483358596	77993.924927	S	0.198866
01497487176824	77994.123793	W	0.014753
01497487460080	77994.138546	S	0.154916
01497490434460	77994.293461	W	0.014821
01497490719024	77994.308283	S	0.803413
01497506144556	77995.111696	W	0.013815
01497506409796	77995.125510	S	0.060568
01497507572700	77995.186078	W	0.018879
01497507935184	77995.204957	S	0.725857
01497521871640	77995.930815	W	0.014278
01497522145768	77995.945092	S	0.520664
01497532142520	77996.465756	W	0.018949
01497532506332	77996.484705	S	0.660484
01497545187628	77997.145189	W	0.014972
01497545475088	77997.160161	S	0.585624
01497556719072	77997.745785	W	0.019239
01497557088468	77997.765024	S	1.260701
01497581293936	77999.025726	W	0.018987
01497581658484	77999.044713	S	1.117095
01497603106716	78000.161808	W	0.015014
01497603394988	78000.176822	S	0.128928
01497605870400	78000.305750	W	0.019341
01497606241752	78000.325091	S	1.260616
01497630445576	78001.585707	W	0.018994
01497630810264	78001.604701	S	1.261026
01497655021972	78002.865728	W	0.019205
01497655390704	78002.884933	S	0.294447
01497661044084	78003.179379	W	0.014836
01497661328936	78003.194215	S	0.318350
01497667441248	78003.512565	W	0.014096
01497667711896	78003.526661	S	0.059981
01497668863540	78003.586643	W	0.002075
01497668903388	78003.588718	S	0.022144
01497669328560	78003.610863	W	0.013841
01497669594300	78003.624703	S	0.064024
01497670823552	78003.688727	W	0.002360
01497670868868	78003.691087	S	0.098960
01497672768896	78003.790047	W	0.002414
01497672815248	78003.792461	S	0.353248
01497679597604	78004.145709	W	0.018977
01497679961964	78004.164686	S	0.060748
01497681128316	78004.225433	W	0.022167
01497681553932	78004.247601	S	0.153955
01497684509864	78004.401555	W	0.001800
01497684544432	78004.403356	S	0.002105
01497684584840	78004.405460	W	0.001199
01497684607860	78004.406659	S	0.010031
01497684800464	78004.416691	W	0.000268
01497684805608	78004.416959	S	0.000301
01497684811380	78004.417259	W	0.000059
01497684812512	78004.417318	S	0.000647
01497684824944	78004.417966	W	0.000164
01497684828100	78004.418130	S	0.000300
01497684833856	78004.418430	W	0.000058
01497684834976	78004.418488	S	0.000680
01497684848036	78004.419169	W	0.000067
01497684849320	78004.419235	S	0.086685
01497686513668	78004.505920	W	0.000234
01497686518160	78004.506154	S	0.025380
01497687005452	78004.531534	W	0.014981
01497687293096	78004.546515	S	0.059528
01497688436040	78004.606044	W	0.000466
01497688444996	78004.606510	S	0.002170
01497688486660	78004.608680	W	0.001063
01497688507060	78004.609743	S	0.127498
01497690955012	78004.737240	W	0.014274
01497691229064	78004.751514	S	0.293188
01497696858280	78005.044702	W	0.014373
01497697134236	78005.059075	S	0.366741
01497704175668	78005.425816	W	0.018644
01497704533628	78005.444460	S	0.673006
01497717455348	78006.117466	W	0.038077
01497718186428	78006.155543	S	0.042364
01497718999820	78006.197907	W	0.014834
01497719284624	78006.212741	S	0.492903
01497728748368	78006.705644	W	0.018588
01497729105252	78006.724232	S	0.675398
01497742072900	78007.399630	W	0.014321
01497742347868	78007.413951	S	0.210010
01497746380064	78007.623962	W	0.002563
01497746429280	78007.626525	S	0.098679
01497748323908	78007.725204	W	0.007114
01497748460504	78007.732318	S	0.093702
01497750259588	78007.826020	W	0.002363
01497750304964	78007.828384	S	0.002752
01497750357800	78007.831135	W	0.001119
01497750379292	78007.832255	S	0.153363
01497753323860	78007.985618	W	0.022456
01497753755008	78008.008073	S	0.421314
01497761844240	78008.429388	W	0.014435
01497762121396	78008.443823	S	0.776879
01497777037476	78009.220702	W	0.023051
01497777480064	78009.243753	S	0.022276
01497777907760	78009.266029	W	0.018500
01497778262964	78009.284529	S	0.367912
01497785326868	78009.652441	W	0.014167
01497785598880	78009.666608	S	0.703189
01497799100116	78010.369798	W	0.014233
01497799373392	78010.384031	S	0.087665
01497801056552	78010.471695	W	0.013530
01497801316320	78010.485225	S	0.060805
01497802483784	78010.546030	W	0.018831
01497802845332	78010.564861	S	0.009219
01497803022332	78010.574080	W	0.014397
01497803298752	78010.588477	S	0.702431
01497816785424	78011.290908	W	0.014350
01497817060944	78011.305258	S	0.520448
01497827053548	78011.825706	W	0.019101
01497827420288	78011.844807	S	0.061562
01497828602280	78011.906369	W	0.014314
01497828877100	78011.920682	S	0.087121
01497830549832	78012.007804	W	0.014215
01497830822768	78012.022019	S	0.224227
01497835127928	78012.246246	W	0.043816
01497835969200	78012.290063	S	0.002191
01497836011264	78012.292253	W	0.001067
01497836031744	78012.293320	S	0.024466
01497836501500	78012.317786	W	0.001138
01497836523340	78012.318924	S	0.713364
01497850219936	78013.032288	W	0.016451
01497850535796	78013.048739	S	0.047269
01497851443364	78013.096009	W	0.036805
01497852150028	78013.132814	S	0.411713
01497860054912	78013.544527	W	0.017177
01497860384712	78013.561704	S	0.824001
01497876205524	78014.385704	W	0.019293
01497876575940	78014.404997	S	0.674879
01497889533612	78015.079876	W	0.014584
01497889813616	78015.094459	S	0.174195
01497893158164	78015.268654	W	0.015311
01497893452132	78015.283965	S	0.381713
01497900781024	78015.665678	W	0.019320
01497901151964	78015.684998	S	0.383763
01497908520208	78016.068761	W	 - 

End : 2556467239, 78017.188717sec
