Start : 2629936417, 80259.290091sec

Sleep Statics
===== Client : 0 - MPSS =====
Time Sleep : 28224590856
Time Awake : 8094265260
Sleep : 77.713325% Awake : 22.286675%
Log available 78367 ~ 80258sec
Client : 0, Discarded : 0
Client : 0, Discarded Time : 0

Time sclk	Time sec	Status	Duration
===== Client : 0 - MPSS =====
01504659525372	78367.683613	S	1.261006
01504683736680	78368.944619	W	0.018948
01504684100488	78368.963567	S	0.145208
01504686888480	78369.108775	W	0.014687
01504687170476	78369.123462	S	0.745146
01504701477272	78369.868608	W	0.014809
01504701761600	78369.883417	S	0.341210
01504708312824	78370.224626	W	0.018464
01504708667324	78370.243090	S	1.251535
01504732696804	78371.494625	W	0.037120
01504733409516	78371.531746	S	0.599344
01504744916928	78372.131090	W	0.015201
01504745208788	78372.146291	S	0.638344
01504757465000	78372.784635	W	0.018838
01504757826692	78372.803474	S	0.371388
01504764957344	78373.174862	W	0.014565
01504765236984	78373.189426	S	0.859858
01504781746248	78374.049284	W	0.063881
01504782972764	78374.113165	S	1.044939
01504803035588	78375.158104	W	0.014911
01504803321876	78375.173014	S	0.171509
01504806614848	78375.344523	W	0.018953
01504806978744	78375.363476	S	1.189243
01504829812212	78376.552719	W	0.013928
01504830079628	78376.566647	S	0.048306
01504831007096	78376.614953	W	0.036899
01504831715560	78376.651852	S	0.003510
01504831782956	78376.655362	W	0.014522
01504832061776	78376.669884	S	0.087440
01504833740632	78376.757325	W	0.014457
01504834018208	78376.771782	S	1.009544
01504853401452	78377.781326	W	0.020429
01504853793680	78377.801754	S	0.092807
01504855575572	78377.894561	W	0.037316
01504856292048	78377.931877	S	0.247878
01504861051312	78378.179756	W	0.024134
01504861514684	78378.203890	S	0.908621
01504878960200	78379.112510	W	0.014072
01504879230380	78379.126582	S	0.058367
01504880351020	78379.184949	W	0.018571
01504880707592	78379.203520	S	0.420959
01504888790004	78379.624479	W	0.022566
01504889223268	78379.647045	S	0.182270
01504892722848	78379.829315	W	0.014389
01504892999116	78379.843704	S	0.620906
01504904920516	78380.464610	W	0.018853
01504905282492	78380.483463	S	0.062620
01504906484792	78380.546083	W	0.014254
01504906758468	78380.560337	S	0.644649
01504919135732	78381.204986	W	0.014965
01504919423052	78381.219951	S	0.524647
01504929496280	78381.744598	W	0.018714
01504929855588	78381.763312	S	1.251261
01504953879808	78383.014573	W	0.047274
01504954787460	78383.061847	S	1.165266
01504977160564	78384.227113	W	0.021916
01504977581352	78384.249029	S	0.055886
01504978654364	78384.304915	W	0.018508
01504979009720	78384.323423	S	1.261136
01505003223524	78385.584559	W	0.019017
01505003588648	78385.603575	S	0.676993
01505016586908	78386.280568	W	0.014581
01505016866864	78386.295149	S	0.569466
01505027800608	78386.864615	W	0.018680
01505028159256	78386.883295	S	0.369456
01505035252816	78387.252751	W	0.023581
01505035705576	78387.276332	S	0.540210
01505046077600	78387.816542	W	0.014885
01505046363400	78387.831427	S	0.088024
01505048053468	78387.919451	W	0.014532
01505048332488	78387.933984	S	0.210595
01505052375904	78388.144578	W	0.018981
01505052740336	78388.163559	S	0.576154
01505063802496	78388.739713	W	0.014592
01505064082660	78388.754305	S	0.670259
01505076951632	78389.424564	W	0.018903
01505077314572	78389.443467	S	0.833505
01505093317864	78390.276972	W	0.023088
01505093761148	78390.300060	S	0.404496
01505101527468	78390.704556	W	0.018913
01505101890600	78390.723469	S	0.882255
01505118829904	78391.605724	W	0.016417
01505119145112	78391.622141	S	0.362417
01505126103516	78391.984558	W	0.045069
01505126968840	78392.029627	S	0.088300
01505128664200	78392.117927	W	0.017388
01505128998052	78392.135315	S	0.395724
01505136595948	78392.531039	W	0.014485
01505136874064	78392.545524	S	0.709023
01505150487300	78393.254547	W	0.038302
01505151222692	78393.292849	S	0.009396
01505151403096	78393.302245	W	0.022117
01505151827748	78393.324362	S	0.226566
01505156177824	78393.550928	W	0.014431
01505156454896	78393.565359	S	0.600011
01505167975112	78394.165370	W	0.014613
01505168255676	78394.179983	S	0.364547
01505175254976	78394.544530	W	0.018646
01505175612980	78394.563176	S	0.111401
01505177751872	78394.674577	W	0.085044
01505179384716	78394.759621	S	0.122299
01505181732848	78394.881919	W	0.084418
01505183353668	78394.966337	S	0.018221
01505183703504	78394.984558	W	0.014281
01505183977700	78394.998839	S	0.600355
01505195504520	78395.599194	W	0.014550
01505195783884	78395.613744	S	0.189995
01505199431796	78395.803739	W	0.058076
01505200546848	78395.861815	S	0.462550
01505209427808	78396.324365	W	0.014907
01505209714020	78396.339272	S	0.181288
01505213194756	78396.520560	W	0.014377
01505213470800	78396.534937	S	0.292589
01505219088504	78396.827526	W	0.027578
01505219617992	78396.855104	S	0.249439
01505224407212	78397.104542	W	0.018989
01505224771804	78397.123531	S	0.318348
01505230884092	78397.441880	W	0.027481
01505231411728	78397.469361	S	0.915167
01505248982932	78398.384528	W	0.018310
01505249334476	78398.402837	S	0.945397
01505267486096	78399.348234	W	0.015137
01505267776736	78399.363372	S	0.301147
01505273558764	78399.664519	W	0.018960
01505273922800	78399.683479	S	0.227303
01505278287016	78399.910782	W	0.370255
01505285395912	78400.281037	S	0.663477
01505298134676	78400.944514	W	0.018345
01505298486892	78400.962859	S	0.882636
01505315433508	78401.845495	W	0.023651
01505315887616	78401.869147	S	0.181622
01505319374752	78402.050768	W	0.014380
01505319650840	78402.065148	S	0.088075
01505321341876	78402.153223	W	0.013704
01505321604992	78402.166927	S	0.057921
01505322717084	78402.224848	W	0.018574
01505323073704	78402.243422	S	0.130086
01505325571348	78402.373508	W	0.022979
01505326012548	78402.396487	S	1.098041
01505347094936	78403.494528	W	0.039196
01505347847508	78403.533724	S	1.250770
01505371862300	78404.784495	W	0.018915
01505372225468	78404.803410	S	0.228834
01505376619080	78405.032244	W	0.145540
01505379413452	78405.177784	S	0.014142
01505379684972	78405.191926	W	0.063647
01505380907004	78405.255573	S	0.140761
01505383609620	78405.396334	W	0.023006
01505384051344	78405.419341	S	0.645159
01505396438396	78406.064500	W	0.018310
01505396789948	78406.082810	S	0.268467
01505401944512	78406.351277	W	0.022286
01505402372412	78406.373563	S	0.960928
01505420822228	78407.334491	W	0.037233
01505421537108	78407.371724	S	0.412735
01505429461628	78407.784460	W	0.014490
01505429739844	78407.798950	S	0.087942
01505431428324	78407.886892	W	0.014384
01505431704500	78407.901276	S	0.520359
01505441695388	78408.421635	W	0.019915
01505442077760	78408.441550	S	0.182967
01505445590732	78408.624517	W	0.018948
01505445954532	78408.643465	S	0.012743
01505446199200	78408.656208	W	0.014889
01505446485060	78408.671097	S	0.956681
01505464853340	78409.627778	W	0.014426
01505465130324	78409.642204	S	0.262280
01505470166108	78409.904485	W	0.018927
01505470529504	78409.923412	S	0.425301
01505478695288	78410.348713	W	0.014515
01505478973968	78410.363227	S	0.821254
01505494742036	78411.184481	W	0.018876
01505495104464	78411.203357	S	0.165206
01505498276428	78411.368564	W	0.014490
01505498554644	78411.383054	S	0.064583
01505499794640	78411.447637	W	0.014861
01505500079972	78411.462499	S	1.001974
01505519317868	78412.464472	W	0.018927
01505519681264	78412.483399	S	1.261059
01505543893588	78413.744458	W	0.018965
01505544257712	78413.763422	S	0.708841
01505557867464	78414.472264	W	0.014793
01505558151492	78414.487057	S	0.537416
01505568469876	78415.024473	W	0.018898
01505568832720	78415.043371	S	0.081031
01505570388524	78415.124402	W	0.001087
01505570409396	78415.125489	S	0.851283
01505586754020	78415.976772	W	0.014522
01505587032848	78415.991294	S	0.313165
01505593045620	78416.304459	W	0.018914
01505593408760	78416.323373	S	0.677200
01505606410996	78417.000573	W	0.014545
01505606690264	78417.015118	S	0.293189
01505612319484	78417.308306	W	0.014446
01505612596840	78417.322752	S	0.087445
01505614275784	78417.410197	W	0.014470
01505614553616	78417.424668	S	0.072365
01505615943032	78417.497033	W	0.014771
01505616226632	78417.511804	S	0.072983
01505617627896	78417.584786	W	0.018597
01505617984956	78417.603383	S	1.261059
01505642197296	78418.864442	W	0.021978
01505642619268	78418.886420	S	1.258014
01505666773136	78420.144434	W	0.018942
01505667136824	78420.163376	S	0.356829
01505673987948	78420.520206	W	0.022812
01505674425940	78420.543018	S	0.049107
01505675368792	78420.592125	W	0.014377
01505675644824	78420.606501	S	0.817972
01505691349896	78421.424474	W	0.018871
01505691712216	78421.443345	S	0.165692
01505694893496	78421.609036	W	0.014467
01505695171256	78421.623503	S	1.080939
01505715925288	78422.704442	W	0.018770
01505716285672	78422.723212	S	0.319155
01505722413444	78423.042367	W	0.014687
01505722695428	78423.057054	S	0.487471
01505732054876	78423.544525	W	0.022667
01505732490080	78423.567192	S	0.417238
01505740501048	78423.984430	W	0.018916
01505740864232	78424.003345	S	1.261065
01505765076688	78425.264411	W	0.018971
01505765440932	78425.283382	S	1.261029
01505789652688	78426.544411	W	0.018880
01505790015176	78426.563290	S	0.004726
01505790105908	78426.568016	W	0.022857
01505790544760	78426.590873	S	0.240172
01505795156056	78426.831045	W	0.014464
01505795433760	78426.845508	S	0.702668
01505808924984	78427.548176	W	0.014426
01505809201968	78427.562602	S	0.261821
01505814228924	78427.824423	W	0.018899
01505814591792	78427.843323	S	0.626070
01505826612332	78428.469392	W	0.014418
01505826889152	78428.483810	S	0.620598
01505838804628	78429.104408	W	0.018914
01505839167784	78429.123322	S	0.472552
01505848240776	78429.595874	W	0.022946
01505848681336	78429.618820	S	0.342268
01505855252880	78429.961088	W	0.014758
01505855536240	78429.975846	S	0.408567
01505863380724	78430.384413	W	0.018930
01505863744184	78430.403343	S	1.261041
01505887956180	78431.664384	W	0.018973
01505888320456	78431.683357	S	0.940296
01505906374148	78432.623654	W	0.023438
01505906824156	78432.647091	S	0.297300
01505912532316	78432.944391	W	0.018859
01505912894408	78432.963250	S	1.261119
01505937107892	78434.224369	W	0.021949
01505937529320	78434.246319	S	0.983858
01505956419384	78435.230176	W	0.038458
01505957157780	78435.268634	S	0.235749
01505961684168	78435.504384	W	0.018847
01505962046040	78435.523231	S	0.126203
01505964469132	78435.649434	W	0.014841
01505964754072	78435.664275	S	1.120114
01505986260252	78436.784388	W	0.018898
01505986623096	78436.803286	S	0.779728
01506001593872	78437.583014	W	0.014702
01506001876144	78437.597716	S	0.466664
01506010836088	78438.064380	W	0.018885
01506011198688	78438.083265	S	0.216730
01506015359900	78438.299995	W	0.022741
01506015796532	78438.322736	S	0.182553
01506019301544	78438.505289	W	0.014445
01506019578884	78438.519734	S	0.153396
01506022524080	78438.673129	W	0.023472
01506022974736	78438.696601	S	0.647764
01506035411800	78439.344365	W	0.018991
01506035776436	78439.363356	S	0.165270
01506038949616	78439.528626	W	0.016118
01506039259084	78439.544744	S	0.700728
01506052713060	78440.245472	W	0.014733
01506052995936	78440.260205	S	0.364154
01506059987692	78440.624359	W	0.018866
01506060349928	78440.643225	S	0.626186
01506072372700	78441.269411	W	0.014594
01506072652896	78441.284005	S	0.415186
01506080624464	78441.699191	W	0.014862
01506080909812	78441.714053	S	0.180293
01506084371440	78441.894346	W	0.037231
01506085086284	78441.931577	S	0.362360
01506092043604	78442.293938	W	0.014451
01506092321056	78442.308388	S	0.087481
01506094000688	78442.395869	W	0.014269
01506094274660	78442.410139	S	0.774203
01506109139360	78443.184342	W	0.018918
01506109502584	78443.203260	S	0.523770
01506119558968	78443.727030	W	0.014545
01506119838232	78443.741575	S	0.497479
01506129389820	78444.239053	W	0.014471
01506129667656	78444.253524	S	0.088444
01506131365772	78444.341967	W	0.014475
01506131643684	78444.356442	S	0.107909
01506133715540	78444.464351	W	0.018989
01506134080136	78444.483340	S	0.165305
01506137253996	78444.648646	W	0.014625
01506137534788	78444.663270	S	0.062623
01506138737148	78444.725893	W	0.014806
01506139021432	78444.740700	S	0.624780
01506151017208	78445.365480	W	0.014354
01506151292804	78445.379834	S	0.364506
01506158291316	78445.744339	W	0.018749
01506158651304	78445.763089	S	1.261241
01506182867124	78447.024329	W	0.018933
01506183230640	78447.043262	S	0.704660
01506196760104	78447.747922	W	0.014830
01506197044832	78447.762752	S	0.541595
01506207443448	78448.304346	W	0.018885
01506207806048	78448.323232	S	1.261076
01506232018704	78449.584308	W	0.021988
01506232440872	78449.606295	S	1.170128
01506254907324	78450.776423	W	0.021996
01506255329640	78450.798419	S	0.066232
01506256601292	78450.864651	W	0.018610
01506256958612	78450.883261	S	0.012230
01506257193424	78450.895491	W	0.014281
01506257467628	78450.909772	S	0.292760
01506263088628	78451.202533	W	0.014431
01506263365700	78451.216964	S	0.702464
01506276853016	78451.919428	W	0.014577
01506277132896	78451.934005	S	0.210325
01506281171144	78452.144330	W	0.018855
01506281533152	78452.163185	S	0.063038
01506282743488	78452.226223	W	0.014315
01506283018340	78452.240539	S	0.807076
01506298514200	78453.047615	W	0.014590
01506298794332	78453.062205	S	0.189970
01506302441764	78453.252175	W	0.015757
01506302744300	78453.267932	S	0.156380
01506305746804	78453.424313	W	0.018901
01506306109704	78453.443214	S	0.359670
01506313015364	78453.802884	W	0.014910
01506313301644	78453.817794	S	0.251670
01506318133712	78454.069464	W	0.014530
01506318412696	78454.083995	S	0.620305
01506330322544	78454.704299	W	0.018988
01506330687104	78454.723287	S	0.165359
01506333862000	78454.888646	W	0.014643
01506334143152	78454.903289	S	1.081040
01506354899120	78455.984329	W	0.018845
01506355260952	78456.003175	S	0.823587
01506371073820	78456.826761	W	0.015017
01506371362156	78456.841779	S	0.197322
01506375150740	78457.039101	W	0.014417
01506375427540	78457.053518	S	0.210785
01506379474608	78457.264302	W	0.018950
01506379838456	78457.283253	S	0.882698
01506396786256	78458.165951	W	0.014705
01506397068588	78458.180656	S	0.353629
01506403858272	78458.534285	W	0.037123
01506404571036	78458.571408	S	0.618068
01506416437940	78459.189476	W	0.014698
01506416720144	78459.204174	S	0.395463
01506424313028	78459.599637	W	0.014196
01506424585600	78459.613833	S	0.200454
01506428434320	78459.814288	W	0.049814
01506429390752	78459.864102	S	0.117282
01506431642576	78459.981384	W	0.086875
01506433310572	78460.068259	S	0.042579
01506434128088	78460.110838	W	0.085561
01506435770860	78460.196399	S	0.529086
01506445929308	78460.725485	W	0.014613
01506446209872	78460.740098	S	0.364174
01506453202004	78461.104271	W	0.018938
01506453565616	78461.123209	S	1.251044
01506477585668	78462.374254	W	0.055211
01506478645720	78462.429465	S	0.446128
01506487211384	78462.875593	W	0.023204
01506487656896	78462.898797	S	0.755496
01506502162420	78463.654293	W	0.038141
01506502894724	78463.692434	S	0.209064
01506506908744	78463.901497	W	0.014530
01506507187724	78463.916027	S	0.701532
01506520657136	78464.617559	W	0.017181
01506520987020	78464.634741	S	0.299524
01506526737888	78464.934265	W	0.037229
01506527452680	78464.971494	S	0.158035
01506530486948	78465.129529	W	0.017305
01506530819212	78465.146834	S	0.045054
01506531684240	78465.191887	W	0.294415
01506537337008	78465.486302	S	0.014051
01506537606788	78465.500354	W	0.063469
01506538825384	78465.563822	S	0.337305
01506545301648	78465.901127	W	0.015063
01506545590860	78465.916191	S	0.298071
01506551313832	78466.214262	W	0.046247
01506552201772	78466.260509	S	1.233719
01506575889180	78467.494228	W	0.047249
01506576796356	78467.541477	S	0.558401
01506587517656	78468.099878	W	0.014571
01506587797424	78468.114449	S	0.086252
01506589453468	78468.200701	W	0.014566
01506589733144	78468.215268	S	0.568981
01506600657584	78468.784249	W	0.018882
01506601020112	78468.803131	S	0.121868
01506603359976	78468.924999	W	0.014736
01506603642900	78468.939734	S	0.387382
01506611080628	78469.327116	W	0.014556
01506611360108	78469.341672	S	0.713699
01506625063132	78470.055371	W	0.027796
01506625596824	78470.083168	S	0.228929
01506629992264	78470.312097	W	0.088686
01506631695044	78470.400784	S	0.052499
01506632703016	78470.453282	W	0.085891
01506634352120	78470.539173	S	0.805084
01506649809736	78471.344257	W	0.018269
01506650160500	78471.362526	S	0.585290
01506661398064	78471.947816	W	0.015051
01506661687036	78471.962866	S	0.436273
01506670063480	78472.399140	W	0.014656
01506670344872	78472.413795	S	0.200429
01506674193104	78472.614224	W	0.047113
01506675097672	78472.661337	S	0.463080
01506683988808	78473.124417	W	9.011081
01506857001568	78482.135498	S	0.728675
01506870992124	78482.864173	W	0.018951
01506871355988	78482.883124	S	0.677810
01506884369944	78483.560935	W	0.014740
01506884652956	78483.575675	S	0.473078
01506893736052	78484.048753	W	0.022784
01506894173504	78484.071537	S	0.072996
01506895575020	78484.144532	W	0.018545
01506895931088	78484.163077	S	1.261105
01506920144312	78485.424183	W	0.018937
01506920507904	78485.443120	S	1.261054
01506944720144	78486.704174	W	0.018853
01506945082128	78486.723028	S	0.348862
01506951780280	78487.071890	W	0.014949
01506952067292	78487.086838	S	0.057911
01506953179176	78487.144749	W	0.014223
01506953452252	78487.158971	S	0.088425
01506955150004	78487.247396	W	0.014281
01506955424208	78487.261678	S	0.190444
01506959080740	78487.452122	W	0.014434
01506959357876	78487.466556	S	0.292603
01506964975860	78487.759159	W	0.014659
01506965257320	78487.773819	S	0.190154
01506968908280	78487.963973	W	0.048378
01506969837136	78488.012351	S	0.157967
01506972870100	78488.170318	W	0.014405
01506973146684	78488.184723	S	0.086436
01506974806252	78488.271159	W	0.015609
01506975105944	78488.286768	S	0.977407
01506993872164	78489.264175	W	0.018878
01506994234624	78489.283053	S	0.421658
01507002330460	78489.704711	W	0.014632
01507002611388	78489.719343	S	0.374200
01507009796036	78490.093544	W	0.014724
01507010078728	78490.108267	S	0.108488
01507012161696	78490.216755	W	0.014405
01507012438264	78490.231160	S	0.190406
01507016094056	78490.421565	W	0.014450
01507016371496	78490.436015	S	0.108150
01507018447984	78490.544166	W	0.018907
01507018811000	78490.563073	S	0.472881
01507027890324	78491.035954	W	0.014605
01507028170740	78491.050559	S	0.190200
01507031822580	78491.240759	W	0.014505
01507032101068	78491.255264	S	0.568926
01507043024444	78491.824190	W	0.018845
01507043386264	78491.843035	S	1.261119
01507067599748	78493.104154	W	0.028758
01507068151904	78493.132912	S	1.251240
01507092175708	78494.384151	W	0.018917
01507092538908	78494.403068	S	1.261065
01507116751360	78495.664133	W	0.018931
01507117114828	78495.683064	S	0.459358
01507125934508	78496.142422	W	0.014817
01507126218992	78496.157239	S	0.786908
01507141327628	78496.944147	W	0.018880
01507141690116	78496.963027	S	1.261100
01507165903236	78498.224127	W	0.018679
01507166261872	78498.242806	S	0.780310
01507181243820	78499.023116	W	0.014649
01507181525072	78499.037764	S	0.088108
01507183216752	78499.125872	W	0.014402
01507183493272	78499.140275	S	0.028127
01507184033320	78499.168402	W	0.014704
01507184315640	78499.183106	S	0.321036
01507190479524	78499.504142	W	0.018864
01507190841716	78499.523006	S	0.990908
01507209867140	78500.513914	W	0.064818
01507211111640	78500.578731	S	0.205378
01507215054900	78500.784109	W	0.018966
01507215419056	78500.803076	S	1.261033
01507239630892	78502.064109	W	0.018609
01507239988180	78502.082718	S	0.109848
01507242097268	78502.192566	W	0.014799
01507242381408	78502.207365	S	0.092659
01507244160452	78502.300024	W	0.014464
01507244438168	78502.314488	S	0.292700
01507250058004	78502.607188	W	0.014531
01507250336996	78502.621719	S	0.703922
01507263852300	78503.325641	W	0.040337
01507264626780	78503.365978	S	0.265167
01507269717980	78503.631145	W	0.014535
01507269997044	78503.645679	S	0.702347
01507283482112	78504.348027	W	0.014490
01507283760312	78504.362516	S	0.261603
01507288783092	78504.624119	W	0.045050
01507289648048	78504.669169	S	0.395586
01507297243304	78505.064755	W	0.014445
01507297520656	78505.079201	S	0.139915
01507300207016	78505.219115	W	0.022680
01507300642464	78505.241795	S	0.334970
01507307073892	78505.576765	W	0.014686
01507307355872	78505.591452	S	0.292572
01507312973256	78505.884024	W	0.048372
01507313901996	78505.932396	S	0.668386
01507326735012	78506.600782	W	0.014614
01507327015592	78506.615395	S	0.568759
01507337935772	78507.184155	W	0.018829
01507338297288	78507.202984	S	1.041527
01507358294604	78508.244511	W	0.014951
01507358581660	78508.259461	S	0.204627
01507362510508	78508.464089	W	0.018805
01507362871564	78508.482894	S	1.261186
01507387086328	78509.744080	W	0.045094
01507387952124	78509.789173	S	1.224901
01507411470228	78511.014074	W	0.047242
01507412377268	78511.061316	S	0.214621
01507416497984	78511.275937	W	0.022858
01507416936864	78511.298795	S	0.995285
01507436046340	78512.294080	W	0.047209
01507436952748	78512.341289	S	1.242784
01507460814208	78513.584073	W	0.018712
01507461173480	78513.602785	S	0.371330
01507468303020	78513.974116	W	0.024699
01507468777236	78513.998814	S	0.181408
01507472260276	78514.180223	W	0.015318
01507472554380	78514.195541	S	0.106831
01507474605544	78514.302372	W	0.014953
01507474892636	78514.317325	S	0.536760
01507485198424	78514.854085	W	0.038210
01507485932052	78514.892294	S	1.251750
01507509965660	78516.144045	W	0.018962
01507510329732	78516.163007	S	1.163084
01507532660936	78517.326090	W	0.014406
01507532937540	78517.340497	S	0.083908
01507534548568	78517.424405	W	0.018563
01507534904976	78517.442967	S	0.421794
01507543003416	78517.864761	W	0.014490
01507543281632	78517.879252	S	0.824836
01507559118492	78518.704088	W	0.018901
01507559481392	78518.722989	S	0.165804
01507562664824	78518.888793	W	0.014713
01507562947308	78518.903506	S	0.190152
01507566598228	78519.093658	W	0.031174
01507567196772	78519.124832	S	0.859214
01507583693684	78519.984046	W	0.018889
01507584056348	78520.002935	S	0.114667
01507586257948	78520.117601	W	0.014380
01507586534048	78520.131982	S	0.222915
01507590814016	78520.354897	W	0.014695
01507591096160	78520.369592	S	0.115808
01507593319672	78520.485400	W	0.086751
01507594985292	78520.572151	S	0.057243
01507596084360	78520.629394	W	0.084163
01507597700280	78520.713556	S	0.223275
01507601987156	78520.936831	W	0.014608
01507602267628	78520.951439	S	0.312604
01507608269624	78521.264043	W	0.018353
01507608622000	78521.282396	S	0.371164
01507615748356	78521.653560	W	0.014896
01507616034356	78521.668456	S	0.086672
01507617698456	78521.755128	W	0.014868
01507617983928	78521.769996	S	0.087517
01507619664248	78521.857513	W	0.014711
01507619946696	78521.872224	S	0.246648
01507624682336	78522.118872	W	9.015089
01507797772052	78531.133961	S	0.370026
01507804876552	78531.503987	W	0.018349
01507805228856	78531.522336	S	0.005555
01507805335516	78531.527891	W	0.014550
01507805614884	78531.542442	S	0.921045
01507823298940	78532.463486	W	0.014944
01507823585872	78532.478431	S	0.305564
01507829452696	78532.783995	W	0.018747
01507829812644	78532.802742	S	0.114861
01507832017972	78532.917603	W	0.014411
01507832294660	78532.932014	S	1.113945
01507853682400	78534.045958	W	0.036899
01507854390856	78534.082857	S	1.189986
01507877238584	78535.272843	W	0.014192
01507877511064	78535.287035	S	0.047275
01507878418748	78535.334310	W	0.036904
01507879127304	78535.371214	S	0.117771
01507881388512	78535.488985	W	0.022737
01507881825064	78535.511722	S	0.477919
01507891001108	78535.989641	W	0.014578
01507891281000	78536.004219	S	0.619774
01507903180652	78536.623992	W	0.018929
01507903544092	78536.642921	S	0.268290
01507908695260	78536.911211	W	0.014425
01507908972216	78536.925636	S	0.978325
01507927756064	78537.903962	W	0.018813
01507928117280	78537.922775	S	0.423386
01507936246288	78538.346161	W	0.014387
01507936522516	78538.360548	S	0.087340
01507938199436	78538.447887	W	0.014381
01507938475552	78538.462268	S	0.051970
01507939473376	78538.514238	W	0.014719
01507939755972	78538.528957	S	0.226982
01507944114024	78538.755939	W	0.019735
01507944492932	78538.775674	S	0.388445
01507951951068	78539.164118	W	0.038768
01507952695404	78539.202886	S	0.065126
01507953945832	78539.268012	W	0.017334
01507954278652	78539.285346	S	1.178682
01507976909344	78540.464028	W	0.021894
01507977329716	78540.485923	S	1.051653
01507997521448	78541.537575	W	0.019816
01507997901912	78541.557391	S	0.186569
01508001484036	78541.743960	W	0.018919
01508001847284	78541.762879	S	0.677730
01508014859696	78542.440609	W	0.027608
01508015389768	78542.468217	S	0.555743
01508026060040	78543.023960	W	0.018285
01508026411120	78543.042246	S	0.627244
01508038454204	78543.669490	W	0.035376
01508039133416	78543.704865	S	0.068984
01508040457916	78543.773850	W	0.014210
01508040730744	78543.788060	S	0.496689
01508050267176	78544.284749	W	0.038167
01508050999988	78544.322916	S	0.241404
01508055634948	78544.564320	W	0.014894
01508055920912	78544.579214	S	0.218633
01508060118672	78544.797847	W	0.014530
01508060397648	78544.812377	S	0.771567
01508075211732	78545.583944	W	0.018925
01508075575096	78545.602870	S	1.241156
01508099405284	78546.844025	W	0.038893
01508100152024	78546.882918	S	0.063526
01508101371720	78546.946444	W	0.014437
01508101648912	78546.960881	S	0.627460
01508113696144	78547.588341	W	0.022185
01508114122100	78547.610526	S	0.462334
01508122998912	78548.072860	W	0.014065
01508123268968	78548.086925	S	0.057351
01508124370108	78548.144276	W	0.018592
01508124727076	78548.162869	S	1.036875
01508144635076	78549.199744	W	0.014583
01508144915068	78549.214326	S	0.209623
01508148939836	78549.423950	W	0.018910
01508149302912	78549.442860	S	0.985210
01508168218940	78550.428070	W	0.014701
01508168501208	78550.442771	S	0.172033
01508171804244	78550.614804	W	0.014568
01508172083944	78550.629372	S	0.074889
01508173521820	78550.704261	W	0.018555
01508173878080	78550.722817	S	0.422015
01508181980776	78551.144832	W	0.014696
01508182262932	78551.159528	S	0.702173
01508195744648	78551.861700	W	0.020739
01508196142836	78551.882439	S	0.101561
01508198092816	78551.984001	W	0.018828
01508198454312	78552.002829	S	1.261069
01508222666844	78553.263898	W	0.018907
01508223029864	78553.282805	S	0.358653
01508229916000	78553.641458	W	0.014900
01508230202080	78553.656358	S	0.887564
01508247243300	78554.543922	W	0.018878
01508247605752	78554.562800	S	0.786614
01508262708732	78555.349413	W	0.014544
01508262987984	78555.363957	S	0.459944
01508271818904	78555.823901	W	0.021729
01508272236100	78555.845630	S	0.009620
01508272420812	78555.855251	W	0.014533
01508272699844	78555.869784	S	0.798686
01508288034620	78556.668470	W	0.015085
01508288324256	78556.683555	S	0.298351
01508294052588	78556.981906	W	0.024415
01508294521360	78557.006321	S	0.097574
01508296394788	78557.103895	W	0.018897
01508296757608	78557.122792	S	1.261086
01508320970452	78558.383878	W	0.018939
01508321334088	78558.402817	S	0.831701
01508337302756	78559.234519	W	0.014722
01508337585412	78559.249240	S	0.396628
01508345200668	78559.645868	W	0.036860
01508345908376	78559.682728	S	0.011929
01508346137408	78559.694657	W	0.014705
01508346419740	78559.709361	S	0.856908
01508362872372	78560.566269	W	0.014535
01508363151448	78560.580805	S	0.347222
01508369818112	78560.928027	W	0.042993
01508370643584	78560.971020	S	0.618670
01508382522048	78561.589690	W	0.014513
01508382800696	78561.604203	S	0.619593
01508394696888	78562.223796	W	0.019011
01508395061896	78562.242807	S	0.477323
01508404226500	78562.720130	W	0.014745
01508404509600	78562.734875	S	0.493258
01508413980148	78563.228133	W	0.014619
01508414260840	78563.242752	S	0.261025
01508419272524	78563.503777	W	0.018990
01508419637132	78563.522767	S	0.729289
01508433639480	78564.252056	W	0.014543
01508433918704	78564.266599	S	0.517177
01508443848504	78564.783776	W	0.018957
01508444212472	78564.802733	S	0.678163
01508457233200	78565.480896	W	0.014750
01508457516396	78565.495646	S	0.253016
01508462374312	78565.748662	W	0.022690
01508462809956	78565.771352	S	0.292512
01508468426184	78566.063864	W	0.018929
01508468789628	78566.082793	S	0.114881
01508470995352	78566.197675	W	0.014503
01508471273816	78566.212178	S	0.088181
01508472966884	78566.300359	W	0.014305
01508473241536	78566.314663	S	0.087876
01508474928756	78566.402539	W	0.014325
01508475203804	78566.416865	S	0.497672
01508484759100	78566.914536	W	0.014601
01508485039432	78566.929137	S	0.414726
01508493002176	78567.343863	W	0.018927
01508493365568	78567.362790	S	1.261057
01508517577860	78568.623847	W	0.018845
01508517939680	78568.642692	S	0.132659
01508520486736	78568.775351	W	0.022883
01508520926080	78568.798233	S	1.105621
01508542154008	78569.903855	W	0.018900
01508542516892	78569.922755	S	1.194984
01508565460584	78571.117739	W	13.016744
01508815382072	78584.134483	S	1.129280
01508837064244	78585.263763	W	0.018911
01508837427344	78585.282674	S	1.261125
01508861640952	78586.543800	W	0.021930
01508862062004	78586.565729	S	0.367142
01508869111128	78586.932871	W	0.014897
01508869397148	78586.947768	S	0.098644
01508871291112	78587.046412	W	0.236534
01508875832564	78587.282946	S	0.014113
01508876103532	78587.297059	W	0.068931
01508877427012	78587.365990	S	0.028351
01508877971360	78587.394342	W	0.235862
01508882499912	78587.630204	S	0.014201
01508882772564	78587.644404	W	0.085303
01508884410380	78587.729707	S	0.094095
01508886216996	78587.823802	W	0.018757
01508886577128	78587.842559	S	0.167229
01508889787928	78588.009788	W	0.017197
01508890118112	78588.026985	S	1.066764
01508910599976	78589.093749	W	0.038212
01508911333648	78589.131961	S	0.826301
01508927198624	78589.958262	W	0.014975
01508927486140	78589.973236	S	0.400515
01508935176020	78590.373751	W	0.037262
01508935891444	78590.411013	S	1.252721
01508959943692	78591.663734	W	0.018912
01508960306796	78591.682646	S	0.485549
01508969629340	78592.168195	W	0.087931
01508971317612	78592.256126	S	0.053408
01508972343044	78592.309534	W	0.086529
01508974004396	78592.396062	S	0.545599
01508984479904	78592.941662	W	0.020968
01508984882484	78592.962629	S	0.021088
01508985287376	78592.983717	W	0.014737
01508985570332	78592.998455	S	1.225340
01509009096864	78594.223795	W	0.018717
01509009456236	78594.242512	S	0.116089
01509011685148	78594.358601	W	0.022203
01509012111436	78594.380804	S	1.104978
01509033327012	78595.485782	W	0.036882
01509034035156	78595.522664	S	0.484103
01509043329932	78596.006767	W	0.014780
01509043613716	78596.021548	S	0.384240
01509050991120	78596.405787	W	0.014479
01509051269120	78596.420267	S	0.363478
01509058247892	78596.783744	W	0.018932
01509058611388	78596.802676	S	0.319880
01509064753084	78597.122556	W	0.014441
01509065030348	78597.136997	S	0.190754
01509068692820	78597.327751	W	0.014363
01509068968580	78597.342114	S	0.087647
01509070651404	78597.429761	W	0.014329
01509070926524	78597.444090	S	0.497689
01509080482144	78597.941778	W	0.014665
01509080763708	78597.956443	S	0.107294
01509082823748	78598.063737	W	0.018894
01509083186512	78598.082631	S	0.950471
01509101435548	78599.033101	W	0.014838
01509101720432	78599.047939	S	0.122676
01509104075812	78599.170615	W	0.014503
01509104354264	78599.185118	S	0.158615
01509107399676	78599.343733	W	0.018860
01509107761788	78599.362593	S	1.261107
01509131975036	78600.623700	W	0.018909
01509132338092	78600.642609	S	0.985548
01509151260612	78601.628157	W	0.014555
01509151540076	78601.642712	S	0.261009
01509156551448	78601.903721	W	0.018876
01509156913864	78601.922597	S	0.136751
01509159539480	78602.059348	W	0.022164
01509159965036	78602.081512	S	1.102236
01509181127972	78603.183749	W	0.018879
01509181490440	78603.202627	S	1.261066
01509205702908	78604.463693	W	0.021929
01509206123948	78604.485622	S	0.112129
01509208276832	78604.597752	W	0.014508
01509208555388	78604.612260	S	0.088264
01509210250056	78604.700524	W	0.014458
01509210527648	78604.714982	S	0.371775
01509217665728	78605.086757	W	0.014796
01509217949816	78605.101553	S	0.520295
01509227939488	78605.621848	W	0.014684
01509228221424	78605.636532	S	0.107181
01509230279292	78605.743713	W	0.018906
01509230642280	78605.762619	S	0.068147
01509231950704	78605.830766	W	0.014412
01509232227416	78605.845178	S	0.800657
01509247600028	78606.645835	W	0.014412
01509247876744	78606.660247	S	0.363449
01509254854968	78607.023696	W	0.045109
01509255721068	78607.068806	S	1.042449
01509275736084	78608.111254	W	0.022380
01509276165776	78608.133634	S	0.150776
01509279060676	78608.284410	W	0.047517
01509279973012	78608.331928	S	0.259474
01509284954904	78608.591401	W	0.014581
01509285234864	78608.605982	S	0.190225
01509288887184	78608.796207	W	0.014605
01509289167600	78608.810812	S	0.292782
01509294789020	78609.103595	W	0.014627
01509295069868	78609.118222	S	0.465456
01509304006620	78609.583678	W	0.018863
01509304368784	78609.602541	S	1.251148
01509328390820	78610.853689	W	0.037197
01509329105004	78610.890886	S	0.247376
01509333854616	78611.138261	W	0.023103
01509334298184	78611.161364	S	0.092648
01509336077028	78611.254012	W	0.022175
01509336502796	78611.276187	S	0.002163
01509336544328	78611.278350	W	0.014549
01509336823672	78611.292900	S	0.268848
01509341985548	78611.561747	W	0.018256
01509342336068	78611.580004	S	0.288370
01509347872776	78611.868374	W	0.014520
01509348151564	78611.882894	S	0.190850
01509351815892	78612.073744	W	0.013637
01509352077728	78612.087382	S	0.056630
01509353165016	78612.144011	W	0.018512
01509353520444	78612.162523	S	0.013044
01509353770892	78612.175567	W	0.014291
01509354045276	78612.189858	S	0.190380
01509357700572	78612.380238	W	0.014365
01509357976380	78612.394603	S	0.395718
01509365574172	78612.790321	W	0.014397
01509365850596	78612.804719	S	0.087517
01509367530932	78612.892236	W	0.014410
01509367807612	78612.906646	S	0.292754
01509373428484	78613.199400	W	0.014839
01509373713384	78613.214239	S	0.190166
01509377364580	78613.404405	W	0.038179
01509378097616	78613.442584	S	0.723510
01509391989012	78614.166094	W	0.014779
01509392272776	78614.180874	S	0.522813
01509402310788	78614.703687	W	0.018808
01509402671908	78614.722495	S	0.115296
01509404885588	78614.837791	W	0.014475
01509405163500	78614.852266	S	0.702528
01509418652032	78615.554793	W	0.014446
01509418929404	78615.569240	S	0.414435
01509426886552	78615.983675	W	0.018830
01509427248080	78616.002504	S	0.270511
01509432441888	78616.273015	W	0.014627
01509432722736	78616.287642	S	0.903312
01509450066320	78617.190954	W	0.012898
01509450313960	78617.203852	S	0.060143
01509451468700	78617.263995	W	0.018573
01509451825296	78617.282568	S	0.012803
01509452071108	78617.295370	W	0.023742
01509452526964	78617.319113	S	0.078701
01509454038032	78617.397814	W	0.014434
01509454315164	78617.412248	S	1.131417
01509476038380	78618.543666	W	0.018928
01509476401804	78618.562594	S	0.780852
01509491394160	78619.343446	W	0.014649
01509491675416	78619.358095	S	0.455561
01509500422188	78619.813656	W	0.037248
01509501137340	78619.850903	S	0.365703
01509508158840	78620.216606	W	0.014818
01509508443344	78620.231424	S	0.872218
01509525189936	78621.103643	W	0.018903
01509525552880	78621.122546	S	0.475307
01509534678784	78621.597853	W	0.015200
01509534970632	78621.613054	S	0.757362
01509549511976	78622.370415	W	0.063807
01509550737068	78622.434222	S	0.810061
01509566290236	78623.244283	W	0.022392
01509566720172	78623.266676	S	0.396958
01509574341768	78623.663634	W	0.021959
01509574763380	78623.685593	S	0.432747
01509583072128	78624.118340	W	5.016095
01509679381152	78629.134435	S	0.167707
01509682601132	78629.302142	W	0.022265
01509683028628	78629.324408	S	0.739194
01509697221152	78630.063602	W	0.018946
01509697584912	78630.082548	S	1.261042
01509721796916	78631.343589	W	0.018912
01509722160020	78631.362501	S	0.576973
01509733237900	78631.939474	W	0.017363
01509733571272	78631.956837	S	0.371862
01509740711024	78632.328699	W	0.023661
01509741165308	78632.352360	S	0.099171
01509743069400	78632.451531	W	0.018961
01509743433452	78632.470492	S	0.153108
01509746373120	78632.623600	W	0.018900
01509746735996	78632.642500	S	1.261084
01509770948816	78633.903584	W	0.018949
01509771312628	78633.922533	S	1.261054
01509795524868	78635.183587	W	0.018762
01509795885104	78635.202349	S	0.155044
01509798861940	78635.357393	W	0.021942
01509799283224	78635.379335	S	1.084255
01509820100912	78636.463589	W	0.018917
01509820464112	78636.482506	S	1.261048
01509844676224	78637.743553	W	0.018938
01509845039836	78637.762491	S	0.623620
01509857013336	78638.386111	W	0.013693
01509857276248	78638.399805	S	0.623775
01509869252720	78639.023579	W	0.018754
01509869612800	78639.042333	S	0.269132
01509874780132	78639.311465	W	0.014293
01509875054552	78639.325758	S	0.977807
01509893828440	78640.303565	W	0.018895
01509894191232	78640.322460	S	0.320160
01509900338300	78640.642620	W	0.014542
01509900617504	78640.657162	S	0.757459
01509915160716	78641.414621	W	0.014780
01509915444496	78641.429401	S	0.154155
01509918404272	78641.583556	W	0.018892
01509918767004	78641.602448	S	0.064200
01509919999648	78641.666648	W	0.014419
01509920276500	78641.681068	S	0.907226
01509937695248	78642.588294	W	0.017820
01509938037384	78642.606114	S	0.247456
01509942788544	78642.853570	W	0.047212
01509943695016	78642.900782	S	0.404275
01509951457104	78643.305057	W	0.014455
01509951734644	78643.319513	S	0.227935
01509956111000	78643.547448	W	0.128540
01509958578960	78643.675987	S	0.014283
01509958853192	78643.690270	W	0.063513
01509960072636	78643.753783	S	0.063312
01509961288228	78643.817095	W	0.014452
01509961565712	78643.831547	S	0.292750
01509967186508	78644.124297	W	0.038179
01509967919552	78644.162477	S	0.276137
01509973221388	78644.438614	W	0.014750
01509973504596	78644.453364	S	0.970174
01509992131936	78645.423538	W	0.018799
01509992492876	78645.442337	S	1.140609
01510014392572	78646.582946	W	0.014784
01510014676424	78646.597730	S	0.087022
01510016347248	78646.684753	W	0.037675
01510017070612	78646.722428	S	0.741332
01510031304180	78647.463759	W	0.014838
01510031589064	78647.478597	S	0.504985
01510041284780	78647.983582	W	0.018925
01510041648144	78648.002508	S	0.740314
01510055862172	78648.742821	W	0.237081
01510060414120	78648.979902	S	0.014226
01510060687256	78648.994128	W	0.065050
01510061936212	78649.059178	S	0.204357
01510065859860	78649.263534	W	0.018980
01510066224280	78649.282515	S	1.208719
01510089431684	78650.491234	W	0.023008
01510089873428	78650.514241	S	0.029621
01510090442144	78650.543862	W	0.018675
01510090800712	78650.562537	S	1.260968
01510115011296	78651.823505	W	0.018940
01510115374948	78651.842445	S	1.261054
01510139587180	78653.103499	W	0.018933
01510139950696	78653.122432	S	0.397737
01510147587252	78653.520169	W	0.023730
01510148042864	78653.543899	S	0.319059
01510154168796	78653.862958	W	0.119658
01510156466228	78653.982616	S	0.074257
01510157891956	78654.056873	W	0.096888
01510159752196	78654.153760	S	0.219784
01510163972052	78654.373544	W	0.037887
01510164699480	78654.411431	S	1.252065
01510188739128	78655.663496	W	0.018968
01510189103312	78655.682464	S	0.867163
01510205752848	78656.549628	W	0.014964
01510206040164	78656.564592	S	0.378926
01510213315540	78656.943518	W	0.018870
01510213677848	78656.962388	S	0.988290
01510232653020	78657.950678	W	0.015822
01510232956812	78657.966501	S	0.256972
01510237890672	78658.223473	W	0.021755
01510238308372	78658.245228	S	0.522464
01510248339676	78658.767691	W	0.024919
01510248818116	78658.792610	S	0.078913
01510250333240	78658.871523	W	0.014540
01510250612408	78658.886063	S	0.617421
01510262466888	78659.503484	W	0.019061
01510262832856	78659.522545	S	0.052794
01510263846508	78659.575339	W	0.022379
01510264276184	78659.597718	S	0.808231
01510279794228	78660.405949	W	0.014529
01510280073188	78660.420479	S	0.362998
01510287042748	78660.783476	W	0.018906
01510287405744	78660.802382	S	0.218396
01510291598940	78661.020778	W	0.014561
01510291878520	78661.035340	S	0.087372
01510293556060	78661.122711	W	0.014455
01510293833600	78661.137167	S	0.497560
01510303386756	78661.634727	W	0.014335
01510303661988	78661.649062	S	0.414421
01510311618864	78662.063483	W	0.018961
01510311982920	78662.082444	S	0.524776
01510322058628	78662.607220	W	0.014762
01510322342056	78662.621982	S	0.721496
01510336194784	78663.343478	W	0.018723
01510336554272	78663.362202	S	1.261260
01510360770468	78664.623462	W	0.018951
01510361134320	78664.642413	S	0.992459
01510380189540	78665.634872	W	0.014751
01510380472768	78665.649623	S	0.253843
01510385346544	78665.903466	W	0.018890
01510385709240	78665.922356	S	0.729982
01510399724900	78666.652339	W	0.014595
01510400005120	78666.666933	S	0.516525
01510409922396	78667.183458	W	0.018891
01510410285108	78667.202349	S	1.251088
01510434306004	78668.453438	W	0.038231
01510435040044	78668.491669	S	0.167548
01510438256964	78668.659217	W	0.022375
01510438686572	78668.681592	S	0.435510
01510447048368	78669.117102	W	8.020056
01510601033436	78677.137158	S	0.168889
01510604276112	78677.306047	W	0.014562
01510604555708	78677.320610	S	0.102816
01510606529776	78677.423426	W	0.018889
01510606892452	78677.442315	S	0.295000
01510612556456	78677.737315	W	0.014879
01510612842128	78677.752194	S	0.951218
01510631105508	78678.703412	W	0.018945
01510631469252	78678.722357	S	1.261038
01510655681184	78679.983395	W	0.018982
01510656045632	78680.002377	S	0.758253
01510670604092	78680.760630	W	0.015033
01510670892716	78680.775662	S	0.487748
01510680257472	78681.263410	W	0.018927
01510680620868	78681.282337	S	0.320400
01510686772552	78681.602737	W	0.014483
01510687050624	78681.617220	S	0.926172
01510704833124	78682.543392	W	0.018879
01510705195600	78682.562271	S	1.224052
01510728697400	78683.786323	W	0.021815
01510729116244	78683.808138	S	0.015592
01510729415608	78683.823730	W	0.021521
01510729828812	78683.845251	S	0.272578
01510735062304	78684.117828	W	0.064408
01510736298940	78684.182236	S	0.921184
01510753985676	78685.103421	W	0.018188
01510754334884	78685.121609	S	1.261760
01510778560668	78686.383368	W	0.018892
01510778923404	78686.402261	S	0.320530
01510785077580	78686.722791	W	0.014530
01510785356556	78686.737321	S	0.074677
01510786790356	78686.811998	W	0.014726
01510787073104	78686.826724	S	0.836647
01510803136720	78687.663371	W	0.018726
01510803496256	78687.682097	S	1.261264
01510827712516	78688.943360	W	0.018937
01510828076116	78688.962298	S	0.874582
01510844868096	78689.836880	W	0.022982
01510845309356	78689.859862	S	0.363499
01510852288532	78690.223361	W	0.018946
01510852652296	78690.242307	S	0.167408
01510855866536	78690.409715	W	0.014564
01510856146168	78690.424280	S	0.087470
01510857825596	78690.511750	W	0.014403
01510858102136	78690.526153	S	0.977213
01510876864620	78691.503366	W	0.018899
01510877227472	78691.522264	S	1.261077
01510901440144	78692.783341	W	0.018734
01510901799832	78692.802075	S	0.066760
01510903081624	78692.868835	W	0.022444
01510903512544	78692.891278	S	1.172070
01510926016292	78694.063349	W	0.018916
01510926379488	78694.082265	S	0.422910
01510934499356	78694.505175	W	0.014361
01510934775088	78694.519536	S	0.497664
01510944330244	78695.017200	W	0.014476
01510944608180	78695.031676	S	0.292720
01510950228400	78695.324396	W	0.037891
01510950955904	78695.362287	S	0.064468
01510952193688	78695.426755	W	0.014402
01510952470208	78695.441157	S	0.462994
01510961359688	78695.904150	W	0.022509
01510961791856	78695.926659	S	0.114545
01510963991116	78696.041204	W	0.014494
01510964269396	78696.055698	S	0.292706
01510969889356	78696.348404	W	0.014489
01510970167540	78696.362893	S	0.087903
01510971855272	78696.450795	W	0.014413
01510972132008	78696.465209	S	0.158129
01510975168084	78696.623338	W	0.018733
01510975527752	78696.642070	S	1.261287
01510999744464	78697.903358	W	0.018848
01511000106344	78697.922205	S	0.065420
01511001362408	78697.987625	W	0.017125
01511001691204	78698.004750	S	0.289474
01511007249096	78698.294224	W	0.014353
01511007524676	78698.308577	S	0.088369
01511009221356	78698.396946	W	0.014394
01511009497724	78698.411340	S	0.088342
01511011193888	78698.499682	W	0.014418
01511011470708	78698.514099	S	0.088160
01511013163388	78698.602260	W	0.014302
01511013437992	78698.616562	S	0.311397
01511019416816	78698.927959	W	0.014785
01511019700692	78698.942744	S	0.240599
01511024320196	78699.183344	W	0.021918
01511024741016	78699.205261	S	1.258053
01511048895624	78700.463314	W	0.018943
01511049259328	78700.482257	S	1.190939
01511072125352	78701.673195	W	0.014037
01511072394856	78701.687232	S	0.046416
01511073286048	78701.733648	W	0.036841
01511073993388	78701.770489	S	0.181364
01511077475568	78701.951853	W	0.023224
01511077921460	78701.975076	S	1.048238
01511098047624	78703.023314	W	0.018937
01511098411216	78703.042251	S	1.261044
01511122623264	78704.303295	W	0.018965
01511122987388	78704.322260	S	0.659496
01511135649716	78704.981756	W	0.023824
01511136107132	78705.005580	S	0.577756
01511147200056	78705.583336	W	0.018940
01511147563712	78705.602277	S	1.088556
01511168463992	78706.690833	W	0.014569
01511168743720	78706.705402	S	0.157906
01511171775520	78706.863308	W	0.018905
01511172138492	78706.882213	S	1.124649
01511193731744	78708.006862	W	0.014960
01511194018984	78708.021822	S	0.121471
01511196351224	78708.143293	W	0.018920
01511196714496	78708.162213	S	0.166956
01511199920044	78708.329169	W	0.014507
01511200198588	78708.343676	S	0.907149
01511217615852	78709.250826	W	0.014695
01511217898004	78709.265521	S	0.157761
01511220927016	78709.423282	W	0.018924
01511221290364	78709.442206	S	0.427078
01511229490264	78709.869285	W	0.014455
01511229767804	78709.883740	S	0.260655
01511234772380	78710.144395	W	0.086883
01511236440532	78710.231278	S	0.043310
01511237272084	78710.274588	W	0.130626
01511239780112	78710.405214	S	0.279212
01511245140988	78710.684426	W	0.037640
01511245863668	78710.722066	S	0.167312
01511249076052	78710.889378	W	0.024488
01511249546220	78710.913866	S	0.118026
01511251812324	78711.031892	W	0.022961
01511252253176	78711.054853	S	0.243975
01511256937500	78711.298828	W	0.014395
01511257213876	78711.313223	S	0.190422
01511260869972	78711.503644	W	0.014296
01511261144460	78711.517941	S	0.465328
01511270078748	78711.983268	W	0.018953
01511270442644	78712.002221	S	1.261049
01511294654792	78713.263270	W	0.018896
01511295017600	78713.282167	S	0.773611
01511309870940	78714.055778	W	0.015072
01511310160328	78714.070850	S	0.472441
01511319231196	78714.543291	W	0.021879
01511319651276	78714.565171	S	0.011482
01511319871740	78714.576653	W	0.014340
01511320147068	78714.590993	S	0.712790
01511333832640	78715.303783	W	0.236581
01511338374988	78715.540364	S	0.014195
01511338647528	78715.554559	W	0.064401
01511339884036	78715.618960	S	0.196176
01511343650612	78715.815136	W	0.026956
01511344168160	78715.842092	S	1.237915
01511367936132	78717.080007	W	7.054460
01511503381756	78724.134466	S	0.169155
01511506629532	78724.303621	W	0.014707
01511506911900	78724.318328	S	0.464902
01511515838012	78724.783230	W	0.018906
01511516201016	78724.802136	S	0.527066
01511526320676	78725.329202	W	0.014665
01511526602248	78725.343867	S	0.598086
01511538085508	78725.941954	W	0.021089
01511538490412	78725.963042	S	0.100170
01511540413680	78726.063212	W	0.018928
01511540777104	78726.082141	S	0.065875
01511542041900	78726.148016	W	0.013071
01511542292864	78726.161087	S	0.497802
01511551850668	78726.658889	W	0.014641
01511552131780	78726.673530	S	0.190128
01511555782244	78726.863659	W	0.014421
01511556059124	78726.878079	S	0.465184
01511564990660	78727.343264	W	0.018774
01511565351120	78727.362038	S	0.014084
01511565621532	78727.376121	W	0.014456
01511565899084	78727.390577	S	0.804306
01511581341752	78728.194883	W	0.014554
01511581621192	78728.209437	S	0.413773
01511589565640	78728.623210	W	0.018888
01511589928296	78728.642099	S	0.474519
01511599039052	78729.116617	W	0.014752
01511599322292	78729.131369	S	0.040501
01511600099920	78729.171871	W	0.014766
01511600383432	78729.186637	S	0.134618
01511602968100	78729.321255	W	0.014634
01511603249076	78729.335889	S	0.292954
01511608873784	78729.628843	W	0.014573
01511609153592	78729.643416	S	0.259795
01511614141656	78729.903211	W	0.018863
01511614503820	78729.922074	S	0.013731
01511614767464	78729.935805	W	0.014435
01511615044608	78729.950240	S	1.232957
01511638717380	78731.183197	W	0.018912
01511639080496	78731.202109	S	0.990392
01511658096024	78732.192501	W	0.014942
01511658382908	78732.207443	S	0.255752
01511663293344	78732.463195	W	0.018812
01511663654528	78732.482007	S	0.423413
01511671784056	78732.905420	W	0.014454
01511672061576	78732.919874	S	0.823306
01511687869056	78733.743180	W	0.018954
01511688232968	78733.762134	S	1.261038
01511712444904	78735.023172	W	0.018927
01511712808304	78735.042099	S	0.174344
01511716155712	78735.216443	W	0.024474
01511716625612	78735.240917	S	0.155070
01511719602952	78735.395987	W	0.014886
01511719888756	78735.410873	S	0.019063
01511720254768	78735.429936	W	0.001187
01511720277564	78735.431123	S	0.872021
01511737020372	78736.303144	W	0.022029
01511737443324	78736.325173	S	1.257990
01511761596728	78737.583163	W	0.018843
01511761958512	78737.602006	S	0.641216
01511774269860	78738.243222	W	0.022346
01511774698900	78738.265568	S	0.597605
01511786172912	78738.863173	W	0.018874
01511786535296	78738.882047	S	1.261097
01511810748364	78740.143144	W	0.018904
01511811111328	78740.162048	S	1.039207
01511831064100	78741.201255	W	0.014721
01511831346740	78741.215976	S	0.052995
01511832364236	78741.268971	W	0.014950
01511832651280	78741.283921	S	0.139255
01511835324980	78741.423176	W	0.018957
01511835688956	78741.442133	S	0.269524
01511840863820	78741.711657	W	0.014521
01511841142624	78741.726178	S	0.292716
01511846762776	78742.018895	W	0.014433
01511847039896	78742.033328	S	0.087951
01511848728560	78742.121279	W	0.014291
01511849002940	78742.135570	S	0.497718
01511858559120	78742.633287	W	0.013876
01511858825532	78742.647163	S	0.056331
01511859907092	78742.703494	W	0.018532
01511860262912	78742.722027	S	0.730434
01511874287240	78743.452460	W	0.014406
01511874563844	78743.466867	S	0.516283
01511884476472	78743.983150	W	0.018921
01511884839764	78744.002071	S	0.167191
01511888049836	78744.169262	W	0.014438
01511888327040	78744.183700	S	0.108486
01511890409980	78744.292186	W	0.023345
01511890858204	78744.315531	S	0.947611
01511909052332	78745.263142	W	0.018862
01511909414480	78745.282004	S	1.251117
01511933435928	78746.533121	W	0.047131
01511934340852	78746.580253	S	0.150952
01511937239128	78746.731205	W	0.014582
01511937519108	78746.745787	S	0.570101
01511948465048	78747.315888	W	0.023109
01511948908736	78747.338997	S	0.484160
01511958204612	78747.823157	W	0.018708
01511958563812	78747.841865	S	1.261246
01511982779736	78749.103111	W	0.018899
01511983142596	78749.122010	S	1.217569
01512006519924	78750.339579	W	0.014499
01512006798304	78750.354078	S	0.029380
01512007362404	78750.383459	W	0.018560
01512007718752	78750.402018	S	0.169315
01512010969604	78750.571334	W	0.038497
01512011708756	78750.609831	S	0.727482
01512025676408	78751.337313	W	0.014388
01512025952664	78751.351701	S	0.311419
01512031931904	78751.663120	W	0.018924
01512032295236	78751.682044	S	1.261053
01512056507452	78752.943096	W	0.018770
01512056867836	78752.961866	S	0.402475
01512064595356	78753.364341	W	0.022861
01512065034292	78753.387203	S	0.835940
01512081084348	78754.223143	W	0.018867
01512081446604	78754.242011	S	0.474464
01512090556316	78754.716475	W	0.014560
01512090835860	78754.731034	S	0.772070
01512105659608	78755.503105	W	0.018873
01512106021960	78755.521977	S	0.116110
01512108251268	78755.638087	W	0.014514
01512108529944	78755.652601	S	0.087915
01512110217916	78755.740516	W	0.014160
01512110489788	78755.754676	S	0.637745
01512122734484	78756.392421	W	0.021979
01512123156476	78756.414400	S	0.368694
01512130235400	78756.783094	W	0.018911
01512130598488	78756.802005	S	0.167276
01512133810184	78756.969280	W	0.014496
01512134088512	78756.983777	S	0.396014
01512141691976	78757.379790	W	0.014398
01512141968408	78757.394188	S	0.087329
01512143645120	78757.481517	W	0.014355
01512143920744	78757.495872	S	0.293162
01512149549456	78757.789034	W	0.014691
01512149831528	78757.803725	S	0.259357
01512154811184	78758.063082	W	0.018927
01512155174576	78758.082009	S	0.628062
01512167233360	78758.710071	W	0.014537
01512167512464	78758.724608	S	0.497687
01512177068056	78759.222295	W	0.029681
01512177637940	78759.251976	S	0.091100
01512179387056	78759.343076	W	0.018930
01512179750504	78759.362005	S	0.057224
01512180849200	78759.419229	W	0.014860
01512181134508	78759.434089	S	0.095339
01512182965012	78759.529428	W	0.014358
01512183240688	78759.543786	S	0.190527
01512186898804	78759.734313	W	0.014217
01512187171780	78759.748530	S	0.191125
01512190841376	78759.939655	W	0.014376
01512191117396	78759.954031	S	0.087399
01512192795456	78760.041430	W	0.014460
01512193073092	78760.055890	S	0.088025
01512194763176	78760.143915	W	0.014382
01512195039320	78760.158298	S	0.464770
01512203962912	78760.623068	W	0.018904
01512204325860	78760.641972	S	0.525913
01512214423396	78761.167885	W	0.014594
01512214703592	78761.182479	S	0.497273
01512224251232	78761.679752	W	0.014443
01512224528528	78761.694194	S	0.208882
01512228539064	78761.903076	W	0.021950
01512228960508	78761.925026	S	0.517993
01512238905976	78762.443020	W	0.015074
01512239195400	78762.458094	S	0.724981
01512253115028	78763.183074	W	0.018880
01512253477532	78763.201955	S	0.116312
01512255710728	78763.318267	W	0.015020
01512255999116	78763.333287	S	0.598933
01512267498636	78763.932221	W	0.014995
01512267786532	78763.947215	S	0.169871
01512271048064	78764.117087	W	6.010134
01512386442640	78770.127221	S	0.158210
01512389480272	78770.285431	W	0.014623
01512389761024	78770.300053	S	0.562979
01512400570228	78770.863033	W	0.018877
01512400932660	78770.881909	S	0.235446
01512405453216	78771.117355	W	0.001151
01512405475320	78771.118506	S	0.189084
01512409105740	78771.307591	W	0.014508
01512409384292	78771.322099	S	0.193889
01512413106968	78771.515988	W	0.014976
01512413394516	78771.530964	S	0.593592
01512424791492	78772.124557	W	0.037383
01512425509248	78772.161940	S	0.494998
01512435013204	78772.656938	W	0.256197
01512439932188	78772.913135	S	0.440727
01512448394148	78773.353862	W	0.013763
01512448658388	78773.367624	S	0.045735
01512449536508	78773.413360	W	0.036910
01512450245188	78773.450270	S	0.005438
01512450349596	78773.455708	W	0.014286
01512450623888	78773.469994	S	0.088175
01512452316840	78773.558169	W	0.014395
01512452593232	78773.572564	S	0.967248
01512471164400	78774.539813	W	0.014875
01512471450004	78774.554688	S	0.148383
01512474298960	78774.703071	W	0.018868
01512474661228	78774.721939	S	1.261069
01512498873752	78775.983008	W	0.018884
01512499236328	78776.001892	S	1.254284
01512523318588	78777.256176	W	0.028759
01512523870760	78777.284935	S	0.281900
01512529283244	78777.566836	W	0.014842
01512529568204	78777.581677	S	0.184817
01512533116696	78777.766495	W	0.236750
01512537662304	78778.003245	S	0.014067
01512537932388	78778.017312	W	0.074258
01512539358136	78778.091570	S	0.451443
01512548025832	78778.543012	W	0.018321
01512548377588	78778.561333	S	1.261650
01512572601268	78779.822983	W	0.018938
01512572964872	78779.841920	S	0.751315
01512587390112	78780.593235	W	0.014908
01512587676336	78780.608143	S	0.494853
01512597177508	78781.102995	W	0.018901
01512597540416	78781.121897	S	0.013832
01512597805988	78781.135729	W	0.014334
01512598081204	78781.150063	S	0.498098
01512607644676	78781.648160	W	0.014453
01512607922172	78781.662613	S	0.720403
01512621753908	78782.383016	W	0.018939
01512622117544	78782.401955	S	0.485791
01512631444740	78782.887747	W	0.169553
01512634700156	78783.057300	S	0.561212
01512645475432	78783.618512	W	0.021565
01512645889484	78783.640077	S	0.023254
01512646335968	78783.663332	W	0.018535
01512646691848	78783.681867	S	1.242656
01512670550844	78784.924523	W	0.037416
01512671269228	78784.961939	S	0.987119
01512690221920	78785.949058	W	0.014688
01512690503924	78785.963746	S	0.259233
01512695481200	78786.222979	W	0.018906
01512695844200	78786.241885	S	0.400966
01512703542748	78786.642851	W	0.014882
01512703828476	78786.657733	S	0.110084
01512705942096	78786.767818	W	0.014221
01512706215136	78786.782038	S	0.497733
01512715771608	78787.279771	W	0.020775
01512716170480	78787.300546	S	0.202420
01512720056944	78787.502966	W	0.018979
01512720421340	78787.521945	S	0.372184
01512727567272	78787.894129	W	0.014512
01512727845904	78787.908641	S	0.087939
01512729534332	78787.996580	W	0.014339
01512729809644	78788.010919	S	0.088089
01512731500960	78788.099008	W	0.014372
01512731776908	78788.113381	S	0.669577
01512744632788	78788.782958	W	0.018879
01512744995260	78788.801836	S	0.013944
01512745262984	78788.815780	W	0.014314
01512745537808	78788.830094	S	0.836168
01512761592232	78789.666262	W	0.014800
01512761876392	78789.681062	S	0.381951
01512769209844	78790.063013	W	0.018883
01512769572396	78790.081896	S	1.261043
01512793784416	78791.342938	W	0.018935
01512794147968	78791.361873	S	1.261070
01512818360508	78792.622943	W	0.021968
01512818782300	78792.644911	S	0.044918
01512819644720	78792.689829	W	0.015118
01512819934984	78792.704947	S	1.197995
01512842936488	78793.902942	W	0.018926
01512843299860	78793.921868	S	1.261059
01512867512184	78795.182926	W	0.018910
01512867875252	78795.201836	S	0.510844
01512877683456	78795.712680	W	0.014747
01512877966596	78795.727427	S	0.256383
01512882889148	78795.983810	W	0.014520
01512883167928	78795.998330	S	0.464617
01512892088576	78796.462947	W	0.018900
01512892451460	78796.481847	S	0.423499
01512900582648	78796.905346	W	0.014510
01512900861232	78796.919856	S	0.088213
01512902554916	78797.008069	W	0.014345
01512902830344	78797.022414	S	0.720516
01512916664252	78797.742930	W	0.018964
01512917028364	78797.761894	S	0.973834
01512935725968	78798.735727	W	0.022984
01512936167264	78798.758712	S	0.264208
01512941240056	78799.022920	W	0.018941
01512941603716	78799.041860	S	0.525805
01512951699176	78799.567665	W	0.014489
01512951977360	78799.582154	S	0.600572
01512963508344	78800.182726	W	0.014684
01512963790272	78800.197410	S	0.087200
01512965464504	78800.284610	W	0.037042
01512966175712	78800.321652	S	0.783871
01512981226028	78801.105522	W	0.014579
01512981505944	78801.120101	S	0.462814
01512990391976	78801.582915	W	0.018982
01512990756432	78801.601898	S	0.116319
01512992989748	78801.718216	W	0.014307
01512993264444	78801.732523	S	0.030710
01512993854080	78801.763233	W	0.022948
01512994294680	78801.786181	S	0.648834
01513006752284	78802.435015	W	0.014455
01513007029828	78802.449470	S	0.413421
01513014967508	78802.862891	W	0.018970
01513015331728	78802.881861	S	0.372291
01513022479724	78803.254152	W	0.014638
01513022760772	78803.268790	S	0.804646
01513038209976	78804.073436	W	0.013876
01513038476388	78804.087312	S	0.055929
01513039550216	78804.143240	W	0.018568
01513039906716	78804.161808	S	0.625323
01513051912920	78804.787131	W	0.013134
01513052165088	78804.800265	S	0.622646
01513064119892	78805.422911	W	0.018900
01513064482776	78805.441811	S	1.261055
01513088695036	78806.702866	W	0.018951
01513089058900	78806.721818	S	0.014023
01513089328148	78806.735841	W	0.014295
01513089602620	78806.750136	S	1.057474
01513109906124	78807.807611	W	0.023020
01513110348112	78807.830631	S	0.152250
01513113271316	78807.982881	W	0.021811
01513113690080	78808.004692	S	1.258173
01513137847000	78809.262865	W	0.018935
01513138210548	78809.281799	S	0.836097
01513154263604	78810.117896	W	5.017009
01513250590176	78815.134905	S	0.100127
01513252512620	78815.235032	W	0.014730
01513252795428	78815.249762	S	0.394907
01513260377640	78815.644669	W	0.037055
01513261089104	78815.681724	S	0.578884
01513272203684	78816.260609	W	0.014566
01513272483356	78816.275175	S	0.613396
01513284260564	78816.888571	W	0.014387
01513284536800	78816.902958	S	0.040214
01513285308904	78816.943172	W	0.018544
01513285664952	78816.961716	S	0.935695
01513303630296	78817.897411	W	0.020013
01513304014540	78817.917424	S	0.295430
01513309686796	78818.212854	W	0.037243
01513310401868	78818.250097	S	0.057392
01513311503800	78818.307490	W	0.014517
01513311782520	78818.322006	S	0.087430
01513313461184	78818.409437	W	0.014302
01513313735780	78818.423739	S	0.190524
01513317393832	78818.614262	W	0.014327
01513317668904	78818.628589	S	0.804862
01513333122248	78819.433450	W	0.014011
01513333391268	78819.447462	S	0.055714
01513334460976	78819.503176	W	0.018572
01513334817552	78819.521747	S	0.391468
01513342333728	78819.913215	W	0.014899
01513342619784	78819.928114	S	0.854726
01513359030520	78820.782840	W	0.018882
01513359393064	78820.801722	S	0.884526
01513376375968	78821.686248	W	0.014551
01513376655340	78821.700799	S	0.362033
01513383606372	78822.062832	W	0.018909
01513383969416	78822.081740	S	0.856120
01513400406928	78822.937861	W	0.014851
01513400692064	78822.952712	S	0.390111
01513408182192	78823.342822	W	0.021981
01513408604236	78823.364804	S	1.257997
01513432757776	78824.622801	W	0.018752
01513433117824	78824.641553	S	1.261302
01513457334828	78825.902856	W	0.018671
01513457693312	78825.921527	S	0.040209
01513458465320	78825.961735	W	0.023475
01513458916044	78825.985211	S	0.720497
01513472749592	78826.705708	W	0.014399
01513473026044	78826.720106	S	0.452712
01513481718116	78827.172819	W	0.037178
01513482431932	78827.209996	S	0.009932
01513482622620	78827.219928	W	0.014363
01513482898388	78827.234291	S	0.800746
01513498272704	78828.035037	W	0.014632
01513498553644	78828.049669	S	0.413139
01513506485920	78828.462808	W	0.018826
01513506847388	78828.481635	S	0.503141
01513516507704	78828.984776	W	0.023280
01513516954688	78829.008057	S	0.734738
01513531061652	78829.742794	W	0.018833
01513531423240	78829.761627	S	1.261152
01513555637360	78831.022779	W	0.018958
01513556001360	78831.041737	S	0.270594
01513561196764	78831.312331	W	0.014485
01513561474868	78831.326816	S	0.087438
01513563153676	78831.414254	W	0.014414
01513563430432	78831.428668	S	0.581385
01513574593024	78832.010053	W	0.018970
01513574957252	78832.029024	S	0.104331
01513576960400	78832.133354	W	0.014603
01513577240772	78832.147957	S	0.154831
01513580213520	78832.302787	W	0.018921
01513580576808	78832.321709	S	1.261050
01513604788972	78833.582759	W	0.018979
01513605153364	78833.601738	S	0.167707
01513608373336	78833.769445	W	0.014495
01513608651632	78833.783939	S	0.358869
01513615541908	78834.142808	W	0.086562
01513617203896	78834.229370	S	0.051866
01513618199720	78834.281235	W	0.084375
01513619819712	78834.365610	S	0.487174
01513629173444	78834.852784	W	0.037218
01513629888020	78834.890001	S	0.108262
01513631966648	78834.998263	W	0.014555
01513632246108	78835.012818	S	0.018410
01513632599576	78835.031228	W	0.022123
01513633024340	78835.053351	S	1.089410
01513653941004	78836.142761	W	0.018960
01513654305032	78836.161720	S	1.261037
01513678516940	78837.422757	W	0.018943
01513678880652	78837.441701	S	0.610823
01513690608444	78838.052523	W	0.015061
01513690897616	78838.067584	S	0.632635
01513703044200	78838.700219	W	0.024448
01513703513592	78838.724666	S	0.483317
01513712793276	78839.207983	W	0.236538
01513717334808	78839.444521	S	0.014085
01513717605236	78839.458606	W	0.064743
01513718848300	78839.523349	S	0.459415
01513727669076	78839.982764	W	0.018296
01513728020364	78840.001061	S	1.073651
01513748634464	78841.074712	W	0.015096
01513748924316	78841.089808	S	0.155749
01513751914700	78841.245557	W	0.035959
01513752605116	78841.281516	S	0.372754
01513759761988	78841.654270	W	0.014518
01513760040728	78841.668788	S	0.089486
01513761758860	78841.758274	W	0.026526
01513762268168	78841.784800	S	0.074891
01513763706084	78841.859692	W	0.014238
01513763979444	78841.873929	S	0.087877
01513765666684	78841.961806	W	0.029201
01513766227348	78841.991008	S	0.551738
01513776820712	78842.542745	W	0.018939
01513777184340	78842.561684	S	0.014399
01513777460808	78842.576084	W	0.014243
01513777734280	78842.590327	S	1.232459
01513801397488	78843.822786	W	0.018904
01513801760436	78843.841689	S	0.259614
01513806745024	78844.101303	W	0.014793
01513807029040	78844.116096	S	0.212094
01513811101248	78844.328190	W	0.170119
01513814367540	78844.498309	S	0.604428
01513825972560	78845.102737	W	0.018257
01513826323092	78845.120994	S	1.261716
01513850548032	78846.382710	W	0.018924
01513850911368	78846.401634	S	0.372691
01513858067044	78846.774325	W	0.014384
01513858343208	78846.788709	S	0.088305
01513860038664	78846.877014	W	0.014492
01513860316904	78846.891505	S	0.233075
01513864791940	78847.124580	W	0.014772
01513865075560	78847.139352	S	0.523378
01513875124412	78847.662730	W	0.018902
01513875487340	78847.681632	S	0.219022
01513879692564	78847.900654	W	0.014463
01513879970252	78847.915117	S	0.087992
01513881659704	78848.003110	W	0.014419
01513881936540	78848.017528	S	0.702377
01513895422188	78848.719906	W	0.020553
01513895816812	78848.740459	S	0.202264
01513899700276	78848.942723	W	0.018919
01513900063520	78848.961642	S	0.374668
01513907257144	78849.336310	W	0.015773
01513907559992	78849.352083	S	0.602691
01513919131664	78849.954774	W	0.014621
01513919412388	78849.969395	S	0.178268
01513922835132	78850.147663	W	0.014433
01513923112248	78850.162096	S	0.060955
01513924282576	78850.223051	W	0.018628
01513924640232	78850.241679	S	0.219002
01513928845072	78850.460681	W	0.014588
01513929125160	78850.475269	S	0.190450
01513932781808	78850.665719	W	0.014217
01513933054784	78850.679937	S	0.822786
01513948852280	78851.502723	W	0.018937
01513949215872	78851.521660	S	1.261047
01513973427968	78852.782707	W	0.018706
01513973787132	78852.801413	S	0.371916
01513980927920	78853.173329	W	0.014969
01513981215332	78853.188299	S	0.864397
01513997811748	78854.052695	W	0.037651
01513998534640	78854.090346	S	1.027728
01514018267012	78855.118074	W	5.006994
01514114401300	78860.125068	S	0.337578
01514120882796	78860.462646	W	0.018328
01514121234692	78860.480974	S	0.117507
01514123490824	78860.598480	W	0.013781
01514123755416	78860.612261	S	1.112502
01514145115456	78861.724763	W	0.054870
01514146168964	78861.779634	S	0.468069
01514155155892	78862.247703	W	0.023119
01514155599776	78862.270822	S	0.478085
01514164779008	78862.748907	W	0.014031
01514165048404	78862.762938	S	0.259731
01514170035248	78863.022669	W	0.018904
01514170398200	78863.041573	S	0.628718
01514182469580	78863.670291	W	0.014553
01514182748996	78863.684844	S	0.617820
01514194611136	78864.302663	W	0.018872
01514194973484	78864.321536	S	0.065561
01514196232252	78864.387096	W	0.017673
01514196571572	78864.404769	S	0.187168
01514200165204	78864.591938	W	0.014614
01514200445800	78864.606552	S	0.087771
01514202131012	78864.694324	W	0.030902
01514202724332	78864.725226	S	0.276307
01514208029424	78865.001532	W	0.014366
01514208305244	78865.015898	S	0.192401
01514211999340	78865.208299	W	0.014300
01514212273896	78865.222599	S	0.049453
01514213223396	78865.272052	W	0.014836
01514213508256	78865.286888	S	0.295736
01514219186392	78865.582625	W	0.018554
01514219542628	78865.601179	S	0.196196
01514223309592	78865.797375	W	0.014794
01514223593632	78865.812168	S	0.002761
01514223646652	78865.814930	W	0.001144
01514223668616	78865.816074	S	0.004629
01514223757496	78865.820703	W	0.024269
01514224223456	78865.844972	S	0.385879
01514231632340	78866.230851	W	0.014359
01514231908032	78866.245210	S	0.087519
01514233588388	78866.332729	W	0.014074
01514233858616	78866.346803	S	0.293134
01514239486784	78866.639937	W	0.014325
01514239761816	78866.654261	S	0.088065
01514241452664	78866.742326	W	0.014218
01514241725644	78866.756544	S	0.106115
01514243763044	78866.862659	W	0.018596
01514244120080	78866.881254	S	1.261393
01514268338832	78868.142648	W	0.018772
01514268699260	78868.161420	S	0.132168
01514271236888	78868.293588	W	0.014605
01514271517308	78868.308193	S	0.072875
01514272916508	78868.381068	W	0.014013
01514273185560	78868.395081	S	1.027547
01514292914464	78869.422628	W	0.021455
01514293326392	78869.444083	S	1.258541
01514317490380	78870.702624	W	0.018899
01514317853240	78870.721523	S	0.586772
01514329119260	78871.308295	W	0.014882
01514329405000	78871.323177	S	0.659469
01514342066808	78871.982646	W	0.018653
01514342424948	78872.001299	S	1.261305
01514366641996	78873.262604	W	0.018976
01514367006332	78873.281580	S	1.045156
01514387073324	78874.326736	W	0.022454
01514387504440	78874.349190	S	0.123551
01514389876620	78874.472741	W	0.046768
01514390774560	78874.519508	S	0.023080
01514391217704	78874.542589	W	0.018891
01514391580408	78874.561480	S	0.065661
01514392841108	78874.627141	W	0.014467
01514393118884	78874.641609	S	1.181006
01514415794204	78875.822615	W	0.018335
01514416146228	78875.840949	S	1.261630
01514440369520	78877.102579	W	0.018774
01514440729972	78877.121353	S	0.230808
01514445161488	78877.352161	W	0.014940
01514445448328	78877.367100	S	1.015477
01514464945484	78878.382577	W	0.018551
01514465301660	78878.401128	S	0.104353
01514467305228	78878.505481	W	0.001125
01514467326828	78878.506606	S	0.000899
01514467344088	78878.507505	W	0.000073
01514467345488	78878.507578	S	0.098420
01514469235152	78878.605997	W	0.000224
01514469239444	78878.606221	S	0.013582
01514469500216	78878.619803	W	0.014853
01514469785400	78878.634656	S	0.071386
01514471156008	78878.706042	W	0.000429
01514471164248	78878.706471	S	0.426060
01514479344592	78879.132531	W	0.026646
01514479856204	78879.159177	S	0.178169
01514483277052	78879.337346	W	0.027232
01514483799908	78879.364579	S	0.280687
01514489189108	78879.645266	W	0.046479
01514490081512	78879.691745	S	0.055359
01514491144396	78879.747104	W	0.017760
01514491485380	78879.764864	S	0.614722
01514503288040	78880.379585	W	0.014891
01514503573948	78880.394476	S	0.111613
01514505716924	78880.506090	W	0.001303
01514505741948	78880.507393	S	0.003154
01514505802500	78880.510547	W	0.005457
01514505907276	78880.516004	S	0.000330
01514505913612	78880.516334	W	0.000068
01514505914912	78880.516402	S	0.004031
01514505992300	78880.520432	W	0.000472
01514506001368	78880.520905	S	0.006450
01514506125200	78880.527354	W	0.004287
01514506207504	78880.531641	S	0.000321
01514506213676	78880.531962	W	0.000061
01514506214856	78880.532024	S	0.000832
01514506230832	78880.532856	W	0.000465
01514506239752	78880.533320	S	0.028559
01514506788088	78880.561880	W	0.000519
01514506798044	78880.562398	S	0.000294
01514506803684	78880.562692	W	0.000059
01514506804816	78880.562751	S	0.002631
01514506855340	78880.565382	W	0.004760
01514506946736	78880.570143	S	0.000322
01514506952920	78880.570465	W	0.000088
01514506954616	78880.570553	S	0.000271
01514506959812	78880.570824	W	0.000048
01514506960732	78880.570871	S	0.001015
01514506980228	78880.571887	W	0.000332
01514506986600	78880.572219	S	0.000274
01514506991852	78880.572492	W	0.002186
01514507033832	78880.574679	S	0.000294
01514507039480	78880.574973	W	0.000110
01514507041600	78880.575083	S	0.000987
01514507060556	78880.576071	W	0.000314
01514507066584	78880.576385	S	0.000273
01514507071832	78880.576658	W	0.002136
01514507112852	78880.578794	S	0.000291
01514507118444	78880.579086	W	0.000062
01514507119636	78880.579148	S	0.000270
01514507124816	78880.579418	W	0.000057
01514507125904	78880.579474	S	0.001077
01514507146588	78880.580551	W	0.000317
01514507152676	78880.580869	S	0.000329
01514507158988	78880.581197	W	0.002205
01514507201320	78880.583402	S	0.000296
01514507207004	78880.583698	W	0.000063
01514507208220	78880.583761	S	0.000272
01514507213436	78880.584033	W	0.000071
01514507214800	78880.584104	S	0.001983
01514507252876	78880.586087	W	0.000304
01514507258712	78880.586391	S	0.000271
01514507263912	78880.586662	W	0.002196
01514507306084	78880.588859	S	0.000290
01514507311656	78880.589149	W	0.000063
01514507312856	78880.589211	S	0.000270
01514507318040	78880.589481	W	0.000056
01514507319124	78880.589538	S	0.001081
01514507339880	78880.590619	W	0.000308
01514507345796	78880.590927	S	0.000271
01514507351000	78880.591198	W	0.002233
01514507393876	78880.593431	S	0.000293
01514507399504	78880.593724	W	0.000078
01514507401008	78880.593803	S	0.000271
01514507406204	78880.594073	W	0.000048
01514507407120	78880.594121	S	0.001098
01514507428196	78880.595219	W	0.000310
01514507434152	78880.595529	S	0.000271
01514507439348	78880.595799	W	0.002296
01514507483432	78880.598095	S	0.000263
01514507488480	78880.598358	W	0.000060
01514507489632	78880.598418	S	0.000246
01514507494356	78880.598664	W	0.000056
01514507495436	78880.598721	S	0.001830
01514507530580	78880.600551	W	0.007777
01514507679896	78880.608328	S	0.000335
01514507686324	78880.608663	W	0.000065
01514507687564	78880.608727	S	0.000295
01514507693236	78880.609023	W	0.000047
01514507694144	78880.609070	S	0.001266
01514507718452	78880.610336	W	0.000313
01514507724452	78880.610649	S	0.000296
01514507730128	78880.610944	W	0.000401
01514507737832	78880.611345	S	0.000271
01514507743032	78880.611616	W	0.001598
01514507773716	78880.613214	S	0.000306
01514507779596	78880.613521	W	0.000520
01514507789588	78880.614041	S	0.001816
01514507824456	78880.615857	W	0.000308
01514507830364	78880.616165	S	0.000273
01514507835600	78880.616437	W	0.002280
01514507879368	78880.618717	S	0.000290
01514507884928	78880.619007	W	0.000061
01514507886100	78880.619068	S	0.001626
01514507917316	78880.620694	W	0.000308
01514507923232	78880.621002	S	0.000270
01514507928424	78880.621272	W	0.000057
01514507929520	78880.621329	S	0.000270
01514507934696	78880.621599	W	0.002305
01514507978956	78880.623904	S	0.000291
01514507984536	78880.624195	W	0.000061
01514507985700	78880.624255	S	0.000269
01514507990872	78880.624525	W	0.000061
01514507992048	78880.624586	S	0.001776
01514508026156	78880.626362	W	0.000307
01514508032044	78880.626669	S	0.000272
01514508037260	78880.626941	W	0.000382
01514508044600	78880.627323	S	0.000272
01514508049828	78880.627595	W	0.001830
01514508084956	78880.629425	S	0.000289
01514508090504	78880.629714	W	0.000061
01514508091676	78880.629775	S	0.000271
01514508096884	78880.630046	W	0.000057
01514508097980	78880.630103	S	0.001742
01514508131428	78880.631845	W	0.000316
01514508137500	78880.632161	S	0.000271
01514508142700	78880.632432	W	0.000064
01514508143924	78880.632496	S	0.000271
01514508149132	78880.632767	W	0.002222
01514508191796	78880.634989	S	0.000288
01514508197328	78880.635277	W	0.000079
01514508198848	78880.635357	S	0.001602
01514508229608	78880.636959	W	0.000306
01514508235488	78880.637265	S	0.000271
01514508240688	78880.637536	W	0.002222
01514508283344	78880.639758	S	0.000287
01514508288848	78880.640044	W	0.000062
01514508290036	78880.640106	S	0.001331
01514508315584	78880.641437	W	0.000328
01514508321888	78880.641765	S	0.000272
01514508327116	78880.642037	W	0.000406
01514508334908	78880.642443	S	0.000271
01514508340104	78880.642714	W	0.001809
01514508374840	78880.644523	S	0.000287
01514508380344	78880.644810	W	0.000065
01514508381584	78880.644874	S	0.000979
01514508400376	78880.645853	W	0.005753
01514508510828	78880.651606	S	0.000517
01514508520764	78880.652123	W	0.000322
01514508526948	78880.652445	S	0.000272
01514508532172	78880.652717	W	0.002225
01514508574892	78880.654942	S	0.000304
01514508580728	78880.655246	W	0.000105
01514508582748	78880.655351	S	0.001283
01514508607372	78880.656634	W	0.000318
01514508613468	78880.656951	S	0.000274
01514508618732	78880.657226	W	0.002225
01514508661444	78880.659450	S	0.000291
01514508667032	78880.659741	W	0.000061
01514508668212	78880.659803	S	0.000899
01514508685464	78880.660701	W	0.000313
01514508691476	78880.661014	S	0.000274
01514508696732	78880.661288	W	0.002262
01514508740156	78880.663550	S	0.000305
01514508746020	78880.663855	W	0.000075
01514508747456	78880.663930	S	0.000270
01514508752636	78880.664200	W	0.000057
01514508753732	78880.664257	S	0.001249
01514508777720	78880.665506	W	0.000310
01514508783680	78880.665817	S	0.000271
01514508788876	78880.666087	W	0.006606
01514508915704	78880.672693	S	0.000325
01514508921952	78880.673018	W	0.000073
01514508923344	78880.673091	S	0.001259
01514508947512	78880.674350	W	0.000330
01514508953848	78880.674680	S	0.000276
01514508959152	78880.674956	W	0.001959
01514508996768	78880.676915	S	0.029777
01514509568488	78880.706692	W	0.001602
01514509599256	78880.708295	S	0.062119
01514510791944	78880.770414	W	0.002464
01514510839248	78880.772877	S	0.099061
01514512741220	78880.871939	W	0.014033
01514513010652	78880.885971	S	0.056920
01514514103516	78880.942891	W	0.018029
01514514449676	78880.960921	S	0.629418
01514526534496	78881.590338	W	0.014307
01514526809196	78881.604646	S	0.088124
01514528501176	78881.692770	W	0.013808
01514528766292	78881.706578	S	0.516027
01514538674012	78882.222605	W	0.018392
01514539027132	78882.240996	S	0.270940
01514544229184	78882.511937	W	0.013968
01514544497372	78882.525905	S	0.879251
01514561378984	78883.405155	W	0.014309
01514561653712	78883.419464	S	0.083432
01514563255612	78883.502896	W	0.018278
01514563606556	78883.521175	S	1.261373
01514587824908	78884.782547	W	0.021480
01514588237324	78884.804027	S	1.258517
01514612400844	78886.062544	W	0.018397
01514612754060	78886.080941	S	0.344289
01514619364412	78886.425230	W	0.014651
01514619645704	78886.439880	S	0.270536
01514624839992	78886.710416	W	0.014330
01514625115132	78886.724746	S	0.617851
01514636977864	78887.342597	W	0.018450
01514637332104	78887.361047	S	0.649173
01514649796232	78888.010220	W	0.001177
01514649818828	78888.011397	S	0.002056
01514649858300	78888.013453	W	0.000917
01514649875904	78888.014370	S	0.608164
01514661552648	78888.622534	W	0.018661
01514661910936	78888.641195	S	0.800516
01514677280836	78889.441710	W	0.014838
01514677565724	78889.456548	S	0.446020
01514686129308	78889.902568	W	0.018766
01514686489608	78889.921334	S	0.067597
01514687787468	78889.988931	W	0.014390
01514688063748	78890.003320	S	0.086244
01514689719636	78890.089564	W	0.014273
01514689993672	78890.103837	S	1.001516
01514709222772	78891.105353	W	0.005918
01514709336388	78891.111270	S	0.001467
01514709364556	78891.112737	W	0.000048
01514709365472	78891.112785	S	0.003317
01514709429152	78891.116102	W	0.000190
01514709432796	78891.116291	S	0.001357
01514709458856	78891.117649	W	0.000341
01514709465412	78891.117990	S	0.001361
01514709491548	78891.119351	W	0.001099
01514709512652	78891.120451	S	0.001371
01514709538972	78891.121821	W	0.000045
01514709539836	78891.121866	S	0.001407
01514709566844	78891.123273	W	0.000295
01514709572512	78891.123568	S	0.002099
01514709612804	78891.125667	W	0.000164
01514709615944	78891.125830	S	0.001436
01514709643516	78891.127266	W	0.000279
01514709648876	78891.127546	S	0.001371
01514709675196	78891.128916	W	0.000997
01514709694336	78891.129913	S	0.001413
01514709721472	78891.131327	W	0.000291
01514709727068	78891.131618	S	0.001518
01514709756212	78891.133136	W	0.000241
01514709760848	78891.133377	S	0.001791
01514709795240	78891.135169	W	0.000212
01514709799308	78891.135381	S	0.001385
01514709825908	78891.136766	W	0.000287
01514709831416	78891.137053	S	0.001351
01514709857356	78891.138404	W	0.000932
01514709875252	78891.139336	S	0.001404
01514709902208	78891.140740	W	0.000271
01514709907404	78891.141011	S	0.002391
01514709953312	78891.143402	W	0.000159
01514709956372	78891.143561	S	0.001354
01514709982368	78891.144915	W	0.000276
01514709987668	78891.145191	S	0.001387
01514710014304	78891.146578	W	0.000972
01514710032960	78891.147550	S	0.001408
01514710059992	78891.148958	W	0.000050
01514710060956	78891.149008	S	0.001377
01514710087392	78891.150385	W	0.000423
01514710095504	78891.150808	S	0.001362
01514710121652	78891.152169	W	0.000282
01514710127072	78891.152452	S	0.001390
01514710153756	78891.153841	W	0.000873
01514710170512	78891.154714	S	0.001401
01514710197408	78891.156115	W	0.000505
01514710207104	78891.156620	S	0.001369
01514710233392	78891.157989	W	0.000305
01514710239252	78891.158294	S	0.001383
01514710265796	78891.159677	W	0.000184
01514710269320	78891.159860	S	0.001365
01514710295528	78891.161225	W	0.000295
01514710301188	78891.161520	S	0.001383
01514710327748	78891.162904	W	0.000918
01514710345368	78891.163821	S	0.001387
01514710371992	78891.165208	W	0.000301
01514710377764	78891.165509	S	0.002688
01514710429372	78891.168196	W	0.000184
01514710432904	78891.168380	S	0.001362
01514710459052	78891.169742	W	0.000319
01514710465172	78891.170061	S	0.001396
01514710491968	78891.171457	W	0.001259
01514710516144	78891.172716	S	0.001390
01514710542824	78891.174105	W	0.026986
01514711060960	78891.201092	S	0.075011
01514712501168	78891.276103	W	0.002459
01514712548376	78891.278561	S	0.002179
01514712590208	78891.280740	W	0.001605
01514712621020	78891.282345	S	0.001995
01514712659328	78891.284340	W	0.002358
01514712704608	78891.286698	S	0.002139
01514712745680	78891.288838	W	0.001114
01514712767072	78891.289952	S	0.003050
01514712825632	78891.293002	W	0.001029
01514712845384	78891.294030	S	0.001926
01514712882364	78891.295956	W	0.001061
01514712902732	78891.297017	S	0.001940
01514712939980	78891.298957	W	0.001211
01514712963224	78891.300168	S	0.002060
01514713002772	78891.302228	W	0.001319
01514713028100	78891.303547	S	0.001961
01514713065756	78891.305508	W	0.002621
01514713116088	78891.308130	S	0.002149
01514713157348	78891.310279	W	0.001078
01514713178040	78891.311356	S	0.001913
01514713214772	78891.313269	W	0.003292
01514713277976	78891.316561	S	0.002105
01514713318384	78891.318666	W	0.001075
01514713339032	78891.319741	S	0.001922
01514713375936	78891.321663	W	0.002557
01514713425024	78891.324220	S	0.002128
01514713465884	78891.326348	W	0.003114
01514713525668	78891.329462	S	0.002118
01514713566328	78891.331580	W	0.001271
01514713590740	78891.332851	S	0.001955
01514713628284	78891.334806	W	0.002250
01514713671488	78891.337057	S	0.002086
01514713711536	78891.339143	W	0.003383
01514713776484	78891.342525	S	0.002092
01514713816644	78891.344617	W	0.002955
01514713873376	78891.347572	S	0.002044
01514713912620	78891.349616	W	0.002959
01514713969432	78891.352575	S	0.002286
01514714013328	78891.354861	W	0.002770
01514714066520	78891.357631	S	0.002108
01514714106992	78891.359739	W	0.002964
01514714163908	78891.362704	S	0.002063
01514714203512	78891.364766	W	0.002881
01514714258820	78891.367647	S	0.002060
01514714298380	78891.369707	W	0.001028
01514714318112	78891.370735	S	0.001893
01514714354452	78891.372628	W	0.003119
01514714414328	78891.375746	S	0.002045
01514714453592	78891.377791	W	0.001058
01514714473912	78891.378850	S	0.001908
01514714510548	78891.380758	W	0.003450
01514714576796	78891.384208	S	0.002066
01514714616472	78891.386275	W	0.001144
01514714638440	78891.387419	S	0.001951
01514714675908	78891.389370	W	0.001880
01514714712004	78891.391250	S	0.002079
01514714751916	78891.393329	W	0.003437
01514714817908	78891.396766	S	0.002086
01514714857952	78891.398852	W	0.002779
01514714911304	78891.401630	S	0.002056
01514714950784	78891.403687	W	0.001015
01514714970276	78891.404702	S	0.001903
01514715006816	78891.406605	W	0.002680
01514715058264	78891.409285	S	0.002041
01514715097452	78891.411326	W	0.002642
01514715148172	78891.413967	S	0.002048
01514715187500	78891.416016	W	0.002769
01514715240672	78891.418785	S	0.002040
01514715279840	78891.420825	W	0.002795
01514715333496	78891.423620	S	0.002046
01514715372788	78891.425666	W	0.001017
01514715392316	78891.426683	S	0.001893
01514715428656	78891.428576	W	0.003370
01514715493356	78891.431946	S	0.002087
01514715533428	78891.434033	W	0.002881
01514715588744	78891.436914	S	0.002045
01514715628008	78891.438959	W	0.003344
01514715692208	78891.442302	S	0.002073
01514715732004	78891.444375	W	0.001146
01514715754008	78891.445521	S	0.001915
01514715790776	78891.447436	W	0.002219
01514715833384	78891.449655	S	0.002066
01514715873048	78891.451721	W	0.002805
01514715926908	78891.454526	S	0.002059
01514715966440	78891.456585	W	0.002804
01514716020268	78891.459389	S	0.002032
01514716059284	78891.461421	W	0.002912
01514716115196	78891.464333	S	0.002062
01514716154788	78891.466395	W	0.002846
01514716209428	78891.469241	S	0.002041
01514716248620	78891.471282	W	0.001005
01514716267908	78891.472287	S	0.001888
01514716304148	78891.474174	W	0.000935
01514716322104	78891.475110	S	0.001924
01514716359052	78891.477034	W	0.001373
01514716385408	78891.478407	S	0.002027
01514716424336	78891.480434	W	0.003298
01514716487664	78891.483732	S	0.002093
01514716527856	78891.485826	W	0.001032
01514716547664	78891.486858	S	0.001896
01514716584072	78891.488754	W	0.002888
01514716639528	78891.491642	S	0.002063
01514716679128	78891.493705	W	0.001033
01514716698960	78891.494738	S	0.002067
01514716738652	78891.496805	W	0.003345
01514716802880	78891.500150	S	0.002062
01514716842472	78891.502212	W	0.001070
01514716863016	78891.503282	S	0.001915
01514716899784	78891.505197	W	0.001846
01514716935236	78891.507044	S	0.002068
01514716974936	78891.509111	W	0.003044
01514717033380	78891.512155	S	0.002045
01514717072648	78891.514200	W	0.002890
01514717128144	78891.517091	S	0.002052
01514717167540	78891.519143	W	0.002969
01514717224536	78891.522111	S	0.002047
01514717263836	78891.524158	W	0.002908
01514717319672	78891.527066	S	0.002070
01514717359408	78891.529136	W	0.003110
01514717419128	78891.532246	S	0.002083
01514717459112	78891.534329	W	0.002939
01514717515536	78891.537267	S	0.002067
01514717555228	78891.539335	W	0.003274
01514717618092	78891.542609	S	0.002127
01514717658932	78891.544736	W	0.003162
01514717719636	78891.547898	S	0.002060
01514717759180	78891.549957	W	0.002857
01514717814044	78891.552815	S	0.002048
01514717853364	78891.554863	W	0.002928
01514717909584	78891.557791	S	0.002067
01514717949264	78891.559858	W	0.002752
01514718002096	78891.562609	S	0.002040
01514718041264	78891.564649	W	0.001017
01514718060796	78891.565666	S	0.001882
01514718096932	78891.567549	W	0.003080
01514718156060	78891.570628	S	0.002044
01514718195300	78891.572672	W	0.001029
01514718215060	78891.573701	S	0.001882
01514718251188	78891.575583	W	0.003167
01514718312000	78891.578750	S	0.002060
01514718351552	78891.580810	W	0.001097
01514718372616	78891.581907	S	0.001961
01514718410276	78891.583869	W	0.002405
01514718456460	78891.586274	S	0.002045
01514718495716	78891.588319	W	0.001003
01514718514968	78891.589321	S	0.001951
01514718552420	78891.591272	W	0.002105
01514718592844	78891.593377	S	0.002045
01514718632104	78891.595422	W	0.003216
01514718693852	78891.598638	S	0.002067
01514718733540	78891.600705	W	0.001284
01514718758188	78891.601989	S	0.001905
01514718794764	78891.603894	W	0.001730
01514718827988	78891.605624	S	0.002046
01514718867264	78891.607670	W	0.002777
01514718920588	78891.610447	S	0.002061
01514718960156	78891.612508	W	0.002818
01514719014252	78891.615326	S	0.002043
01514719053484	78891.617369	W	0.002866
01514719108520	78891.620235	S	0.002074
01514719148340	78891.622309	W	0.003228
01514719210324	78891.625538	S	0.002046
01514719249604	78891.627584	W	0.001002
01514719268848	78891.628586	S	0.001885
01514719305044	78891.630471	W	0.000893
01514719322192	78891.631364	S	0.001920
01514719359060	78891.633284	W	0.002104
01514719399456	78891.635388	S	0.002054
01514719438888	78891.637442	W	0.001017
01514719458424	78891.638460	S	0.001930
01514719495484	78891.640390	W	0.003194
01514719556808	78891.643584	S	0.002107
01514719597256	78891.645690	W	0.001044
01514719617304	78891.646735	S	0.001894
01514719653660	78891.648628	W	0.002847
01514719708316	78891.651475	S	0.002052
01514719747716	78891.653527	W	0.003020
01514719805708	78891.656547	S	0.002051
01514719845084	78891.658598	W	0.002892
01514719900616	78891.661490	S	0.002071
01514719940380	78891.663561	W	0.002865
01514719995384	78891.666426	S	0.002066
01514720035052	78891.668492	W	0.001021
01514720054652	78891.669513	S	0.001893
01514720090988	78891.671406	W	0.003272
01514720153808	78891.674678	S	0.002052
01514720193212	78891.676730	W	0.001077
01514720213896	78891.677807	S	0.001916
01514720250676	78891.679723	W	0.002870
01514720305788	78891.682593	S	0.002083
01514720345776	78891.684676	W	0.001381
01514720372300	78891.686057	S	0.001929
01514720409332	78891.687986	W	0.001441
01514720436996	78891.689427	S	0.002039
01514720476148	78891.691466	W	0.001115
01514720497556	78891.692581	S	0.001951
01514720535020	78891.694532	W	0.003137
01514720595248	78891.697669	S	0.002124
01514720636020	78891.699793	W	0.001319
01514720661340	78891.701111	S	0.001928
01514720698352	78891.703039	W	0.001846
01514720733804	78891.704886	S	0.002116
01514720774424	78891.707001	W	0.000954
01514720792736	78891.707955	S	0.001969
01514720830548	78891.709924	W	0.001901
01514720867040	78891.711825	S	0.002126
01514720907868	78891.713951	W	0.000962
01514720926332	78891.714913	S	0.002451
01514720973400	78891.717365	W	0.003010
01514721031188	78891.720374	S	0.002141
01514721072292	78891.722515	W	0.003120
01514721132204	78891.725636	S	0.002185
01514721174156	78891.727821	W	0.001030
01514721193924	78891.728850	S	0.001985
01514721232044	78891.730836	W	0.001123
01514721253600	78891.731958	S	0.001970
01514721291424	78891.733928	W	0.001447
01514721319208	78891.735375	S	0.002137
01514721360236	78891.737512	W	0.001085
01514721381064	78891.738597	S	0.002405
01514721427240	78891.741002	W	0.000967
01514721445804	78891.741969	S	0.001929
01514721482836	78891.743898	W	0.002792
01514721536444	78891.746690	S	0.002145
01514721577628	78891.748835	W	0.002851
01514721632364	78891.751686	S	0.002152
01514721673692	78891.753838	W	0.001038
01514721693620	78891.754876	S	0.002181
01514721735500	78891.757057	W	0.002997
01514721793040	78891.760054	S	0.002158
01514721834464	78891.762212	W	0.003164
01514721895204	78891.765375	S	0.002127
01514721936044	78891.767502	W	0.000906
01514721953436	78891.768408	S	0.002916
01514722009424	78891.771324	W	0.003145
01514722069816	78891.774470	S	0.002439
01514722116644	78891.776909	W	0.002969
01514722173652	78891.779878	S	0.002056
01514722213128	78891.781934	W	0.002866
01514722268164	78891.784800	S	0.002061
01514722307740	78891.786861	W	0.002911
01514722363640	78891.789773	S	0.002049
01514722402988	78891.791822	W	0.002915
01514722458956	78891.794737	S	0.002062
01514722498548	78891.796799	W	0.001075
01514722519180	78891.797874	S	0.001915
01514722555956	78891.799789	W	0.002383
01514722601700	78891.802172	S	0.002088
01514722641788	78891.804260	W	0.001141
01514722663692	78891.805401	S	0.002100
01514722704012	78891.807501	W	0.000996
01514722723136	78891.808497	S	0.001991
01514722761360	78891.810487	W	0.001812
01514722796148	78891.812299	S	0.002039
01514722835300	78891.814339	W	0.003060
01514722894056	78891.817399	S	0.002058
01514722933568	78891.819457	W	0.001064
01514722954004	78891.820521	S	0.001900
01514722990492	78891.822421	W	0.000908
01514723007924	78891.823329	S	0.001940
01514723045176	78891.825270	W	0.001468
01514723073360	78891.826737	S	0.002633
01514723123920	78891.829371	W	0.002931
01514723180188	78891.832301	S	0.002080
01514723220120	78891.834381	W	0.002921
01514723276204	78891.837302	S	0.002070
01514723315952	78891.839373	W	0.002876
01514723371176	78891.842249	S	0.002067
01514723410864	78891.844316	W	0.001087
01514723431740	78891.845403	S	0.002921
01514723487824	78891.848324	W	0.001378
01514723514280	78891.849702	S	0.002023
01514723553116	78891.851725	W	0.001059
01514723573444	78891.852784	S	0.001894
01514723609800	78891.854677	W	0.002539
01514723658556	78891.857216	S	0.002085
01514723698592	78891.859302	W	0.003291
01514723761784	78891.862593	S	0.002053
01514723801204	78891.864646	W	0.002902
01514723856916	78891.867548	S	0.002081
01514723896868	78891.869629	W	0.002792
01514723950472	78891.872420	S	0.002059
01514723990012	78891.874480	W	0.001123
01514724011580	78891.875603	S	0.001913
01514724048304	78891.877516	W	0.001754
01514724081988	78891.879270	S	0.002056
01514724121464	78891.881326	W	0.002960
01514724178292	78891.884286	S	0.002801
01514724232068	78891.887087	W	0.002997
01514724289604	78891.890084	S	0.002069
01514724329332	78891.892153	W	0.001032
01514724349156	78891.893185	S	0.001888
01514724385408	78891.895073	W	0.002854
01514724440196	78891.897927	S	0.002053
01514724479620	78891.899980	W	0.002734
01514724532104	78891.902714	S	0.002053
01514724571512	78891.904766	W	0.002966
01514724628456	78891.907732	S	0.002113
01514724669028	78891.909845	W	0.001053
01514724689240	78891.910898	S	0.001897
01514724725664	78891.912795	W	0.003057
01514724784368	78891.915852	S	0.002063
01514724823972	78891.917915	W	0.002864
01514724878952	78891.920779	S	0.002045
01514724918208	78891.922823	W	0.002695
01514724969956	78891.925519	S	0.002069
01514725009676	78891.927587	W	0.003257
01514725072208	78891.930844	S	0.002045
01514725111468	78891.932889	W	0.003000
01514725169060	78891.935889	S	0.002060
01514725208608	78891.937948	W	0.002824
01514725262820	78891.940772	S	0.002068
01514725302532	78891.942840	W	0.002860
01514725357436	78891.945700	S	0.002054
01514725396880	78891.947754	W	0.002812
01514725450864	78891.950566	S	0.002043
01514725490080	78891.952608	W	0.003035
01514725548352	78891.955643	S	0.002064
01514725587972	78891.957707	W	0.002780
01514725641344	78891.960487	S	0.002054
01514725680784	78891.962541	W	0.002820
01514725734928	78891.965361	S	0.002064
01514725774552	78891.967425	W	0.001027
01514725794272	78891.968452	S	0.002431
01514725840944	78891.970882	W	0.001015
01514725860432	78891.971897	S	0.001961
01514725898076	78891.973858	W	0.002162
01514725939584	78891.976020	S	0.002151
01514725980888	78891.978171	W	0.003039
01514726039228	78891.981210	S	0.002165
01514726080796	78891.983375	W	0.003141
01514726141104	78891.986516	S	0.002110
01514726181608	78891.988625	W	0.002907
01514726237420	78891.991532	S	0.002029
01514726276376	78891.993561	W	0.002941
01514726332844	78891.996502	S	0.002069
01514726372560	78891.998571	W	0.002787
01514726426072	78892.001358	S	0.002055
01514726465532	78892.003413	W	0.001026
01514726485224	78892.004439	S	0.001883
01514726521368	78892.006321	W	0.002979
01514726578560	78892.009300	S	0.002065
01514726618204	78892.011365	W	0.001021
01514726637812	78892.012386	S	0.001890
01514726674108	78892.014276	W	0.001299
01514726699056	78892.015576	S	0.001929
01514726736096	78892.017505	W	0.001377
01514726762536	78892.018882	S	0.002032
01514726801556	78892.020914	W	0.001071
01514726822120	78892.021985	S	0.002395
01514726868112	78892.024381	W	0.002766
01514726921224	78892.027147	S	0.002050
01514726960584	78892.029197	W	0.000906
01514726977980	78892.030103	S	0.002014
01514727016652	78892.032117	W	0.002993
01514727074112	78892.035110	S	0.002077
01514727113996	78892.037187	W	0.002760
01514727166984	78892.039947	S	0.002079
01514727206896	78892.042026	W	0.001029
01514727226660	78892.043055	S	0.001893
01514727263008	78892.044948	W	0.002972
01514727320080	78892.047921	S	0.002049
01514727359420	78892.049970	W	0.002813
01514727413432	78892.052783	S	0.002045
01514727452704	78892.054828	W	0.003184
01514727513840	78892.058012	S	0.002054
01514727553272	78892.060066	W	0.001066
01514727573732	78892.061132	S	0.001924
01514727610668	78892.063056	W	0.002251
01514727653880	78892.065306	S	0.002050
01514727693232	78892.067356	W	0.003379
01514727758104	78892.070735	S	0.002056
01514727797588	78892.072791	W	0.001143
01514727819524	78892.073934	S	0.001921
01514727856400	78892.075854	W	0.001840
01514727891732	78892.077694	S	0.002038
01514727930864	78892.079733	W	0.002995
01514727988376	78892.082728	S	0.002062
01514728027968	78892.084790	W	0.001165
01514728050328	78892.085955	S	0.001950
01514728087764	78892.087904	W	0.001358
01514728113844	78892.089263	S	0.002033
01514728152868	78892.091295	W	0.001065
01514728173324	78892.092361	S	0.001919
01514728210164	78892.094279	W	0.002893
01514728265708	78892.097172	S	0.002074
01514728305532	78892.099246	W	0.002941
01514728362000	78892.102188	S	0.002040
01514728401168	78892.104228	W	0.007881
01514728552476	78892.112108	S	0.002203
01514728594768	78892.114311	W	0.001049
01514728614916	78892.115360	S	0.001895
01514728651292	78892.117255	W	0.003083
01514728710488	78892.120338	S	0.002046
01514728749768	78892.122384	W	0.001121
01514728771288	78892.123505	S	0.001925
01514728808248	78892.125430	W	0.001342
01514728834008	78892.126771	S	0.002015
01514728872700	78892.128786	W	0.000938
01514728890716	78892.129725	S	0.001907
01514728927340	78892.131632	W	0.002631
01514728977852	78892.134263	S	0.002049
01514729017196	78892.136312	W	0.001115
01514729038600	78892.137427	S	0.002778
01514729091928	78892.140205	W	0.002543
01514729140752	78892.142747	S	0.002053
01514729180176	78892.144801	W	0.001131
01514729201900	78892.145932	S	0.001972
01514729239772	78892.147905	W	0.003302
01514729303168	78892.151207	S	0.002083
01514729343168	78892.153290	W	0.001292
01514729367968	78892.154582	S	0.001928
01514729404988	78892.156510	W	0.001326
01514729430456	78892.157836	S	0.002020
01514729469244	78892.159856	W	0.003220
01514729531060	78892.163076	S	0.002065
01514729570700	78892.165141	W	0.003008
01514729628456	78892.168149	S	0.002040
01514729667632	78892.170189	W	0.001039
01514729687572	78892.171228	S	0.001958
01514729725172	78892.173186	W	0.001191
01514729748040	78892.174377	S	0.001915
01514729784816	78892.176292	W	0.001357
01514729810864	78892.177649	S	0.002028
01514729849800	78892.179677	W	0.001125
01514729871392	78892.180802	S	0.002013
01514729910040	78892.182815	W	0.002797
01514729963748	78892.185612	S	0.002064
01514730003376	78892.187676	W	0.003057
01514730062076	78892.190733	S	0.002213
01514730104560	78892.192946	W	0.003073
01514730163564	78892.196019	S	0.002158
01514730204992	78892.198177	W	0.001521
01514730234188	78892.199697	S	0.002012
01514730272812	78892.201709	W	0.001326
01514730298276	78892.203035	S	0.002102
01514730338636	78892.205137	W	0.003199
01514730400056	78892.208336	S	0.002063
01514730439668	78892.210399	W	0.002817
01514730493752	78892.213216	S	0.002042
01514730532952	78892.215258	W	0.001090
01514730553888	78892.216348	S	0.001911
01514730590572	78892.218259	W	0.001357
01514730616624	78892.219616	S	0.002003
01514730655088	78892.221619	W	0.003208
01514730716688	78892.224828	S	0.002058
01514730756196	78892.226885	W	0.002850
01514730810920	78892.229735	S	0.002042
01514730850132	78892.231778	W	0.002640
01514730900820	78892.234418	S	0.002030
01514730939804	78892.236448	W	0.003275
01514731002692	78892.239724	S	0.002078
01514731042596	78892.241802	W	0.002807
01514731096492	78892.244609	S	0.002058
01514731136004	78892.246667	W	0.001308
01514731161116	78892.247975	S	0.001944
01514731198436	78892.249919	W	0.001728
01514731231604	78892.251646	S	0.002049
01514731270936	78892.253695	W	0.002829
01514731325252	78892.256524	S	0.002043
01514731364472	78892.258566	W	0.002813
01514731418484	78892.261379	S	0.002054
01514731457916	78892.263433	W	0.002761
01514731510932	78892.266194	S	0.002046
01514731550224	78892.268241	W	0.001056
01514731570492	78892.269296	S	0.001905
01514731607060	78892.271201	W	0.002709
01514731659064	78892.273910	S	0.002059
01514731698596	78892.275969	W	0.001081
01514731719344	78892.277049	S	0.001920
01514731756212	78892.278969	W	0.001342
01514731781980	78892.280311	S	0.002037
01514731821100	78892.282349	W	0.001099
01514731842208	78892.283448	S	0.001935
01514731879368	78892.285384	W	0.002988
01514731936728	78892.288371	S	0.002058
01514731976244	78892.290429	W	0.000975
01514731994960	78892.291404	S	0.001917
01514732031776	78892.293322	W	0.001791
01514732066156	78892.295112	S	0.002053
01514732105572	78892.297165	W	0.001130
01514732127260	78892.298295	S	0.001909
01514732163916	78892.300204	W	0.002330
01514732208644	78892.302534	S	0.002055
01514732248100	78892.304589	W	0.001015
01514732267592	78892.305604	S	0.001889
01514732303856	78892.307492	W	0.001163
01514732326192	78892.308656	S	0.001985
01514732364308	78892.310641	W	0.001424
01514732391648	78892.312065	S	0.002107
01514732432104	78892.314172	W	0.001417
01514732459304	78892.315589	S	0.002009
01514732497876	78892.317598	W	0.002953
01514732554580	78892.320551	S	0.002117
01514732595232	78892.322668	W	0.003430
01514732661080	78892.326098	S	0.002161
01514732702576	78892.328259	W	0.001037
01514732722488	78892.329296	S	0.001905
01514732759072	78892.331202	W	0.002653
01514732810008	78892.333855	S	0.002053
01514732849428	78892.335908	W	0.001064
01514732869860	78892.336972	S	0.001904
01514732906424	78892.338876	W	0.001028
01514732926164	78892.339904	S	0.001898
01514732962596	78892.341802	W	0.002433
01514733009304	78892.344235	S	0.002054
01514733048736	78892.346288	W	0.001158
01514733070976	78892.347447	S	0.001916
01514733107768	78892.349363	W	0.003067
01514733166660	78892.352430	S	0.002065
01514733206316	78892.354496	W	0.000959
01514733224720	78892.355454	S	0.001994
01514733263008	78892.357448	W	0.002431
01514733309680	78892.359879	S	0.002092
01514733349844	78892.361971	W	0.002885
01514733405240	78892.364856	S	0.002049
01514733444588	78892.366906	W	0.000385
01514733451972	78892.367290	S	0.002275
01514733495648	78892.369565	W	0.000198
01514733499440	78892.369763	S	0.001379
01514733525908	78892.371141	W	0.000321
01514733532072	78892.371462	S	0.001348
01514733557952	78892.372810	W	0.000953
01514733576252	78892.373763	S	0.001370
01514733602552	78892.375133	W	0.000305
01514733608400	78892.375437	S	0.001971
01514733646240	78892.377408	W	0.000166
01514733649424	78892.377574	S	0.001381
01514733675936	78892.378955	W	0.000301
01514733681724	78892.379256	S	0.001420
01514733708996	78892.380677	W	0.000872
01514733725740	78892.381549	S	0.001430
01514733753192	78892.382979	W	0.000281
01514733758596	78892.383260	S	0.002708
01514733810588	78892.385968	W	0.000166
01514733813772	78892.386134	S	0.000999
01514733832944	78892.387132	W	0.000293
01514733838560	78892.387425	S	0.000999
01514733857740	78892.388424	W	0.000887
01514733874768	78892.389311	S	0.001016
01514733894284	78892.390327	W	0.000050
01514733895236	78892.390377	S	0.000989
01514733914216	78892.391365	W	0.000286
01514733919716	78892.391652	S	0.002178
01514733961524	78892.393829	W	0.000177
01514733964920	78892.394006	S	0.001349
01514733990824	78892.395355	W	0.000346
01514733997460	78892.395701	S	0.001380
01514734023964	78892.397081	W	0.000952
01514734042236	78892.398033	S	0.001364
01514734068424	78892.399397	W	0.000041
01514734069220	78892.399439	S	0.001346
01514734095056	78892.400784	W	0.000442
01514734103540	78892.401226	S	0.001394
01514734130304	78892.402620	W	0.000348
01514734136988	78892.402968	S	0.001355
01514734163004	78892.404323	W	0.000939
01514734181028	78892.405262	S	0.001397
01514734207848	78892.406659	W	0.000303
01514734213664	78892.406962	S	0.002702
01514734265540	78892.409664	W	0.000199
01514734269360	78892.409863	S	0.001350
01514734295276	78892.411212	W	0.000346
01514734301912	78892.411558	S	0.001355
01514734327920	78892.412913	W	0.000935
01514734345872	78892.413848	S	0.001370
01514734372176	78892.415218	W	0.000288
01514734377712	78892.415506	S	0.003708
01514734448912	78892.419214	W	0.000164
01514734452060	78892.419378	S	0.001352
01514734478012	78892.420730	W	0.000324
01514734484240	78892.421054	S	0.001379
01514734510712	78892.422433	W	0.000923
01514734528428	78892.423356	S	0.001401
01514734555336	78892.424757	W	0.000295
01514734560996	78892.425052	S	0.003705
01514734632136	78892.428757	W	0.000165
01514734635296	78892.428922	S	0.001381
01514734661804	78892.430302	W	0.000336
01514734668248	78892.430638	S	0.001346
01514734694092	78892.431984	W	0.000942
01514734712180	78892.432926	S	0.001392
01514734738900	78892.434318	W	0.000035
01514734739580	78892.434353	S	0.001342
01514734765352	78892.435695	W	0.000288
01514734770888	78892.435984	S	0.001350
01514734796812	78892.437334	W	0.000164
01514734799968	78892.437498	S	0.001352
01514734825932	78892.438851	W	0.000348
01514734832620	78892.439199	S	0.001422
01514734859924	78892.440621	W	0.000888
01514734876976	78892.441509	S	0.001447
01514734904760	78892.442956	W	0.000074
01514734906184	78892.443030	S	0.001446
01514734933952	78892.444477	W	0.000330
01514734940284	78892.444806	S	0.001738
01514734973648	78892.446544	W	0.000194
01514734977364	78892.446738	S	0.001433
01514735004872	78892.448170	W	0.000295
01514735010532	78892.448465	S	0.001437
01514735038132	78892.449903	W	0.000906
01514735055528	78892.450809	S	0.001440
01514735083184	78892.452249	W	0.000286
01514735088668	78892.452535	S	0.002401
01514735134776	78892.454936	W	0.026401
01514735641684	78892.481338	S	0.001631
01514735672992	78892.482968	W	0.002910
01514735728868	78892.485879	S	0.002086
01514735768916	78892.487964	W	0.002776
01514735822208	78892.490740	S	0.002061
01514735861776	78892.492801	W	0.003216
01514735923520	78892.496017	S	0.002099
01514735963812	78892.498115	W	0.001286
01514735988496	78892.499401	S	0.001911
01514736025196	78892.501312	W	0.001335
01514736050828	78892.502647	S	0.002019
01514736089600	78892.504667	W	0.003295
01514736152864	78892.507962	S	0.002077
01514736192736	78892.510038	W	0.001034
01514736212588	78892.511072	S	0.001873
01514736248544	78892.512945	W	0.001078
01514736269236	78892.514023	S	0.001909
01514736305892	78892.515932	W	0.001345
01514736331724	78892.517277	S	0.002038
01514736370860	78892.519316	W	0.001088
01514736391748	78892.520404	S	0.001939
01514736428976	78892.522343	W	0.002130
01514736469876	78892.524473	S	0.002035
01514736508948	78892.526508	W	0.002737
01514736561500	78892.529245	S	0.002033
01514736600524	78892.531277	W	0.003143
01514736660868	78892.534420	S	0.002049
01514736700216	78892.536470	W	0.001286
01514736724912	78892.537756	S	0.001960
01514736762544	78892.539716	W	0.001342
01514736788312	78892.541058	S	0.002016
01514736827012	78892.543074	W	0.001314
01514736852244	78892.544388	S	0.001965
01514736889968	78892.546352	W	0.001844
01514736925372	78892.548196	S	0.002109
01514736965868	78892.550306	W	0.001047
01514736985972	78892.551353	S	0.001946
01514737023340	78892.553299	W	0.002911
01514737079236	78892.556210	S	0.002142
01514737120364	78892.558352	W	0.000906
01514737137760	78892.559258	S	0.001891
01514737174064	78892.561149	W	0.002828
01514737228364	78892.563977	S	0.002056
01514737267832	78892.566033	W	0.003328
01514737331736	78892.569361	S	0.002078
01514737371636	78892.571439	W	0.001194
01514737394560	78892.572633	S	0.001922
01514737431472	78892.574556	W	0.001842
01514737466832	78892.576398	S	0.003221
01514737528668	78892.579618	W	0.002857
01514737583528	78892.582475	S	0.002079
01514737623440	78892.584554	W	0.003065
01514737682288	78892.587619	S	0.002056
01514737721764	78892.589675	W	0.003084
01514737780972	78892.592759	S	0.002053
01514737820392	78892.594812	W	0.001040
01514737840356	78892.595852	S	0.001881
01514737876480	78892.597733	W	0.003033
01514737934704	78892.600766	S	0.002062
01514737974300	78892.602828	W	0.001144
01514737996260	78892.603972	S	0.001928
01514738033280	78892.605900	W	0.002264
01514738076744	78892.608164	S	0.002072
01514738116520	78892.610235	W	0.002713
01514738168604	78892.612948	S	0.002056
01514738208076	78892.615004	W	0.001439
01514738235708	78892.616443	S	0.001983
01514738273784	78892.618426	W	0.001369
01514738300072	78892.619795	S	0.002012
01514738338712	78892.621808	W	0.000963
01514738357200	78892.622771	S	0.001942
01514738394488	78892.624713	W	0.002297
01514738438596	78892.627010	S	0.002043
01514738477820	78892.629053	W	0.003143
01514738538172	78892.632196	S	0.002056
01514738577640	78892.634252	W	0.003256
01514738640148	78892.637508	S	0.002044
01514738679400	78892.639552	W	0.002776
01514738732708	78892.642329	S	0.002066
01514738772368	78892.644394	W	0.003111
01514738832096	78892.647505	S	0.002083
01514738872084	78892.649588	W	0.000979
01514738890876	78892.650566	S	0.001928
01514738927900	78892.652495	W	0.002680
01514738979348	78892.655174	S	0.002037
01514739018468	78892.657212	W	0.001186
01514739041244	78892.658398	S	0.001925
01514739078200	78892.660323	W	0.001333
01514739103800	78892.661656	S	0.002016
01514739142504	78892.663672	W	0.001259
01514739166672	78892.664931	S	0.001959
01514739204280	78892.666890	W	0.001731
01514739237524	78892.668621	S	0.002035
01514739276592	78892.670656	W	0.001125
01514739298192	78892.671781	S	0.001909
01514739334844	78892.673690	W	0.001850
01514739370372	78892.675540	S	0.003108
01514739430052	78892.678649	W	0.003040
01514739488416	78892.681688	S	0.002054
01514739527860	78892.683743	W	0.003036
01514739586160	78892.686779	S	0.002057
01514739625652	78892.688836	W	0.001051
01514739645828	78892.689887	S	0.001905
01514739682404	78892.691792	W	0.003054
01514739741040	78892.694846	S	0.002071
01514739780812	78892.696917	W	0.001495
01514739809508	78892.698412	S	0.001965
01514739847240	78892.700377	W	0.001439
01514739874872	78892.701816	S	0.002112
01514739915416	78892.703928	W	0.001084
01514739936228	78892.705012	S	0.001918
01514739973052	78892.706930	W	0.001025
01514739992736	78892.707955	S	0.001911
01514740029424	78892.709866	W	0.002863
01514740084396	78892.712729	S	0.003694
01514740155324	78892.716423	W	0.001149
01514740177392	78892.717572	S	0.001948
01514740214796	78892.719521	W	0.001339
01514740240504	78892.720860	S	0.002009
01514740279076	78892.722869	W	0.001059
01514740299412	78892.723928	S	0.001929
01514740336448	78892.725857	W	0.001426
01514740363832	78892.727283	S	0.001939
01514740401064	78892.729222	W	0.001419
01514740428300	78892.730641	S	0.002025
01514740467188	78892.732666	W	0.001337
01514740492860	78892.734003	S	0.001923
01514740529784	78892.735926	W	0.001951
01514740567236	78892.737877	S	0.002124
01514740608016	78892.740001	W	0.001094
01514740629028	78892.741095	S	0.001968
01514740666808	78892.743063	W	0.002731
01514740719252	78892.745794	S	0.002078
01514740759148	78892.747872	W	0.003575
01514740827780	78892.751447	S	0.002087
01514740867848	78892.753534	W	0.002940
01514740924288	78892.756473	S	0.002035
01514740963368	78892.758509	W	0.002792
01514741016968	78892.761300	S	0.002054
01514741056404	78892.763354	W	0.001018
01514741075952	78892.764372	S	0.001892
01514741112280	78892.766265	W	0.003435
01514741178228	78892.769699	S	0.002076
01514741218080	78892.771775	W	0.003326
01514741281932	78892.775101	S	0.002103
01514741322304	78892.777203	W	0.001140
01514741344196	78892.778344	S	0.001922
01514741381100	78892.780266	W	0.001491
01514741409724	78892.781756	S	0.002061
01514741449288	78892.783817	W	0.001079
01514741470004	78892.784896	S	0.002042
01514741509204	78892.786938	W	0.003184
01514741570332	78892.790121	S	0.002111
01514741610856	78892.792232	W	0.003068
01514741669764	78892.795300	S	0.002101
01514741710096	78892.797401	W	0.002975
01514741767224	78892.800376	S	0.002100
01514741807552	78892.802477	W	0.000981
01514741826388	78892.803458	S	0.001904
01514741862948	78892.805362	W	0.002819
01514741917072	78892.808181	S	0.002090
01514741957200	78892.810271	W	0.003058
01514742015912	78892.813329	S	0.002093
01514742056100	78892.815422	W	0.002938
01514742112516	78892.818360	S	0.002141
01514742153616	78892.820501	W	0.003045
01514742212088	78892.823546	S	0.002144
01514742253248	78892.825690	W	0.003033
01514742311484	78892.828723	S	0.002039
01514742350628	78892.830762	W	0.002864
01514742405620	78892.833626	S	0.002058
01514742445132	78892.835684	W	0.002999
01514742502704	78892.838683	S	0.002028
01514742541640	78892.840710	W	0.002950
01514742598288	78892.843661	S	0.002045
01514742637548	78892.845706	W	0.002855
01514742692368	78892.848561	S	0.002030
01514742731352	78892.850591	W	0.002870
01514742786460	78892.853461	S	0.002085
01514742826496	78892.855547	W	0.002992
01514742883952	78892.858539	S	0.002087
01514742924024	78892.860626	W	0.001035
01514742943896	78892.861661	S	0.001874
01514742979884	78892.863536	W	0.001145
01514743001860	78892.864680	S	0.001914
01514743038608	78892.866594	W	0.001354
01514743064596	78892.867948	S	0.002086
01514743104640	78892.870033	W	0.003030
01514743162808	78892.873063	S	0.002052
01514743202212	78892.875115	W	0.000971
01514743220860	78892.876086	S	0.001935
01514743258020	78892.878022	W	0.002313
01514743302432	78892.880335	S	0.002064
01514743342060	78892.882399	W	0.001076
01514743362728	78892.883475	S	0.001903
01514743399260	78892.885378	W	0.001797
01514743433756	78892.887175	S	0.002052
01514743473152	78892.889227	W	0.003043
01514743531576	78892.892270	S	0.002063
01514743571192	78892.894333	W	0.002933
01514743627512	78892.897266	S	0.002067
01514743667192	78892.899333	W	0.002752
01514743720024	78892.902085	S	0.002059
01514743759564	78892.904144	W	0.001029
01514743779316	78892.905173	S	0.001914
01514743816072	78892.907087	W	0.001343
01514743841864	78892.908430	S	0.002042
01514743881076	78892.910473	W	0.003302
01514743944468	78892.913774	S	0.002051
01514743983844	78892.915825	W	0.003004
01514744041516	78892.918829	S	0.002053
01514744080936	78892.920882	W	0.002906
01514744136736	78892.923788	S	0.002041
01514744175932	78892.925830	W	0.003224
01514744237840	78892.929054	S	0.002067
01514744277524	78892.931121	W	0.002765
01514744330604	78892.933886	S	0.002039
01514744369748	78892.935924	W	0.002770
01514744422936	78892.938695	S	0.002064
01514744462568	78892.940759	W	0.002832
01514744516940	78892.943591	S	0.002039
01514744556084	78892.945629	W	0.002914
01514744612024	78892.948543	S	0.002097
01514744652280	78892.950640	W	0.002776
01514744705588	78892.953416	S	0.002051
01514744744976	78892.955467	W	0.003093
01514744804368	78892.958561	S	0.002074
01514744844180	78892.960634	W	0.001417
01514744871380	78892.962051	S	0.001909
01514744908032	78892.963960	W	0.001351
01514744933968	78892.965311	S	0.002022
01514744972788	78892.967333	W	0.001097
01514744993860	78892.968430	S	0.001932
01514745030964	78892.970363	W	0.002439
01514745077788	78892.972801	S	0.002047
01514745117088	78892.974848	W	0.001339
01514745142804	78892.976188	S	0.001915
01514745179580	78892.978103	W	0.002220
01514745222200	78892.980323	S	0.002056
01514745261668	78892.982379	W	0.001024
01514745281320	78892.983402	S	0.001875
01514745317312	78892.985277	W	0.002746
01514745370036	78892.988023	S	0.002047
01514745409340	78892.990070	W	0.002813
01514745463344	78892.992882	S	0.002060
01514745502892	78892.994942	W	0.002758
01514745555844	78892.997700	S	0.002052
01514745595244	78892.999752	W	0.002831
01514745649592	78893.002583	S	0.002064
01514745689228	78893.004647	W	0.002935
01514745745584	78893.007582	S	0.002066
01514745785248	78893.009648	W	0.002837
01514745839712	78893.012485	S	0.002121
01514745880432	78893.014606	W	0.003359
01514745944924	78893.017965	S	0.002140
01514745986016	78893.020105	W	0.002806
01514746039900	78893.022911	S	0.002052
01514746079300	78893.024964	W	0.003204
01514746140824	78893.028168	S	0.002049
01514746180164	78893.030217	W	0.001022
01514746199788	78893.031239	S	0.001888
01514746236028	78893.033126	W	0.002818
01514746290136	78893.035945	S	0.002064
01514746329760	78893.038008	W	0.001151
01514746351860	78893.039159	S	0.001929
01514746388900	78893.041089	W	0.001916
01514746425692	78893.043005	S	0.002050
01514746465044	78893.045054	W	0.002987
01514746522388	78893.048041	S	0.002063
01514746562004	78893.050104	W	0.002934
01514746618328	78893.053038	S	0.002070
01514746658076	78893.055108	W	0.001065
01514746678524	78893.056173	S	0.001928
01514746715544	78893.058101	W	0.002646
01514746766356	78893.060748	S	0.002091
01514746806508	78893.062839	W	0.000970
01514746825140	78893.063809	S	0.001928
01514746862160	78893.065738	W	0.001300
01514746887120	78893.067038	S	0.002008
01514746925676	78893.069046	W	0.001083
01514746946468	78893.070129	S	0.001931
01514746983540	78893.072059	W	0.002617
01514747033788	78893.074676	S	0.002043
01514747073020	78893.076720	W	0.003285
01514747136096	78893.080005	S	0.002032
01514747175108	78893.082037	W	0.002396
01514747221112	78893.084433	S	0.002056
01514747260592	78893.086489	W	0.003220
01514747322408	78893.089709	S	0.002046
01514747361700	78893.091755	W	0.001029
01514747381448	78893.092784	S	0.001880
01514747417552	78893.094664	W	0.002756
01514747470476	78893.097421	S	0.002065
01514747510116	78893.099485	W	0.003255
01514747572604	78893.102740	S	0.002065
01514747612248	78893.104805	W	0.007808
01514747762160	78893.112613	S	0.002200
01514747804408	78893.114813	W	0.003579
01514747873132	78893.118392	S	0.002062
01514747912728	78893.120455	W	0.002881
01514747968040	78893.123335	S	0.002053
01514748007464	78893.125389	W	0.001016
01514748026972	78893.126405	S	0.001884
01514748063140	78893.128289	W	0.002895
01514748118716	78893.131183	S	0.002056
01514748158188	78893.133239	W	0.001017
01514748177720	78893.134256	S	0.001879
01514748213800	78893.136135	W	0.002989
01514748271192	78893.139125	S	0.002063
01514748310800	78893.141188	W	0.001104
01514748331996	78893.142291	S	0.001938
01514748369200	78893.144229	W	0.001876
01514748405212	78893.146105	S	0.002656
01514748456200	78893.148760	W	0.000977
01514748474952	78893.149737	S	0.001917
01514748511752	78893.151654	W	0.002456
01514748558904	78893.154110	S	0.002050
01514748598268	78893.156160	W	0.001111
01514748619604	78893.157271	S	0.002361
01514748664944	78893.159632	W	0.000888
01514748681992	78893.160520	S	0.001915
01514748718760	78893.162435	W	0.002627
01514748769200	78893.165063	S	0.002049
01514748808548	78893.167112	W	0.001057
01514748828840	78893.168169	S	0.002041
01514748868020	78893.170209	W	0.002095
01514748908236	78893.172304	S	0.002118
01514748948904	78893.174422	W	0.001100
01514748970016	78893.175522	S	0.001996
01514749008340	78893.177518	W	0.002591
01514749058096	78893.180109	S	0.002129
01514749098976	78893.182238	W	0.001301
01514749123960	78893.183540	S	0.001936
01514749161136	78893.185476	W	0.001350
01514749187048	78893.186825	S	0.002017
01514749225780	78893.188843	W	0.001084
01514749246584	78893.189926	S	0.001918
01514749283412	78893.191844	W	0.001813
01514749318216	78893.193657	S	0.002046
01514749357496	78893.195703	W	0.001143
01514749379436	78893.196846	S	0.001943
01514749416748	78893.198789	W	0.002007
01514749455284	78893.200796	S	0.002043
01514749494512	78893.202839	W	0.003293
01514749557736	78893.206132	S	0.002070
01514749597476	78893.208202	W	0.003171
01514749658360	78893.211373	S	0.002113
01514749698936	78893.213486	W	0.003014
01514749756800	78893.216500	S	0.002158
01514749798240	78893.218658	W	0.002966
01514749855196	78893.221625	S	0.002157
01514749896604	78893.223781	W	0.002988
01514749953972	78893.226769	S	0.002153
01514749995316	78893.228923	W	0.001357
01514750021376	78893.230280	S	0.001974
01514750059276	78893.232254	W	0.002139
01514750100344	78893.234393	S	0.002050
01514750139708	78893.236443	W	0.000897
01514750156936	78893.237340	S	0.002187
01514750198920	78893.239527	W	0.001032
01514750218732	78893.240559	S	0.001916
01514750255520	78893.242475	W	0.001389
01514750282180	78893.243864	S	0.002038
01514750321316	78893.245902	W	0.001057
01514750341616	78893.246959	S	0.001910
01514750378280	78893.248869	W	0.001182
01514750400976	78893.250051	S	0.001905
01514750437560	78893.251956	W	0.001336
01514750463212	78893.253292	S	0.002020
01514750502004	78893.255313	W	0.001109
01514750523288	78893.256421	S	0.001954
01514750560808	78893.258375	W	0.000949
01514750579024	78893.259324	S	0.001914
01514750615772	78893.261238	W	0.001142
01514750637704	78893.262380	S	0.001982
01514750675764	78893.264363	W	0.001441
01514750703440	78893.265804	S	0.001945
01514750740792	78893.267750	W	0.001309
01514750765928	78893.269059	S	0.002029
01514750804880	78893.271088	W	0.003315
01514750868532	78893.274403	S	0.002070
01514750908276	78893.276473	W	0.002854
01514750963064	78893.279326	S	0.002065
01514751002708	78893.281391	W	0.001050
01514751022868	78893.282441	S	0.001902
01514751059380	78893.284343	W	0.002518
01514751107732	78893.286861	S	0.002044
01514751146976	78893.288905	W	0.000892
01514751164112	78893.289797	S	0.001889
01514751200380	78893.291686	W	0.003090
01514751259716	78893.294777	S	0.002079
01514751299640	78893.296856	W	0.001020
01514751319220	78893.297876	S	0.001937
01514751356416	78893.299813	W	0.001027
01514751376128	78893.300840	S	0.001935
01514751413272	78893.302775	W	0.001465
01514751441408	78893.304240	S	0.002066
01514751481080	78893.306306	W	0.001049
01514751501220	78893.307355	S	0.002450
01514751548260	78893.309805	W	0.001226
01514751571792	78893.311031	S	0.002884
01514751627168	78893.313915	W	0.001482
01514751655616	78893.315397	S	0.002165
01514751697188	78893.317562	W	0.003369
01514751761868	78893.320931	S	0.002081
01514751801832	78893.323012	W	0.003158
01514751862460	78893.326170	S	0.002574
01514751911880	78893.328744	W	0.002982
01514751969140	78893.331726	S	0.002065
01514752008792	78893.333791	W	0.001383
01514752035352	78893.335175	S	0.001920
01514752072216	78893.337095	W	0.001335
01514752097852	78893.338430	S	0.002011
01514752136468	78893.340441	W	0.000994
01514752155552	78893.341435	S	0.001962
01514752193224	78893.343397	W	0.002987
01514752250576	78893.346384	S	0.002058
01514752290088	78893.348442	W	0.001506
01514752319004	78893.349948	S	0.001956
01514752356552	78893.351904	W	0.001425
01514752383908	78893.353329	S	0.002064
01514752423536	78893.355393	W	0.001119
01514752445020	78893.356511	S	0.001938
01514752482232	78893.358450	W	0.002350
01514752527360	78893.360800	S	0.002090
01514752567496	78893.362890	W	0.001076
01514752588160	78893.363967	S	0.001903
01514752624700	78893.365870	W	0.002599
01514752674600	78893.368469	S	0.002043
01514752713832	78893.370512	W	0.001015
01514752733316	78893.371527	S	0.001888
01514752769572	78893.373415	W	0.002826
01514752823828	78893.376241	S	0.002052
01514752863224	78893.378293	W	0.002878
01514752918476	78893.381171	S	0.002044
01514752957724	78893.383215	W	0.002656
01514753008724	78893.385871	S	0.002040
01514753047896	78893.387911	W	0.003231
01514753109928	78893.391142	S	0.002155
01514753151296	78893.393297	W	0.003104
01514753210896	78893.396401	S	0.002157
01514753252304	78893.398557	W	0.003047
01514753310804	78893.401604	S	0.002068
01514753350508	78893.403672	W	0.001021
01514753370104	78893.404693	S	0.001886
01514753406320	78893.406579	W	0.003191
01514753467580	78893.409770	S	0.002054
01514753507008	78893.411823	W	0.000951
01514753525264	78893.412774	S	0.001888
01514753561508	78893.414662	W	0.002761
01514753614524	78893.417423	S	0.002075
01514753654360	78893.419498	W	0.001067
01514753674852	78893.420565	S	0.001916
01514753711640	78893.422481	W	0.002921
01514753767728	78893.425402	S	0.002147
01514753808944	78893.427549	W	0.002915
01514753864904	78893.430464	S	0.002141
01514753906004	78893.432604	W	0.001069
01514753926520	78893.433673	S	0.001965
01514753964248	78893.435638	W	0.002406
01514754010448	78893.438044	S	0.002135
01514754051440	78893.440179	W	0.001131
01514754073164	78893.441311	S	0.002011
01514754111784	78893.443322	W	0.002404
01514754157936	78893.445726	S	0.002176
01514754199708	78893.447901	W	0.001100
01514754220832	78893.449002	S	0.001917
01514754257636	78893.450919	W	0.002760
01514754310632	78893.453679	S	0.002079
01514754350552	78893.455758	W	0.003069
01514754409468	78893.458826	S	0.002120
01514754450164	78893.460946	W	0.003101
01514754509704	78893.464047	S	0.002161
01514754551204	78893.466209	W	0.003051
01514754609780	78893.469259	S	0.002069
01514754649496	78893.471328	W	0.002656
01514754700496	78893.473984	S	0.002024
01514754739360	78893.476008	W	0.001249
01514754763344	78893.477257	S	0.001965
01514754801068	78893.479222	W	0.001881
01514754837176	78893.481103	S	0.002054
01514754876612	78893.483157	W	0.003019
01514754934580	78893.486176	S	0.002055
01514754974036	78893.488231	W	0.002972
01514755031092	78893.491203	S	0.002056
01514755070568	78893.493259	W	0.002803
01514755124392	78893.496062	S	0.002075
01514755164232	78893.498137	W	0.001029
01514755183992	78893.499166	S	0.001879
01514755220072	78893.501045	W	0.002714
01514755272184	78893.503760	S	0.002047
01514755311480	78893.505806	W	0.002785
01514755364960	78893.508592	S	0.002064
01514755404580	78893.510655	W	0.002736
01514755457120	78893.513392	S	0.002072
01514755496896	78893.515463	W	0.001025
01514755516576	78893.516488	S	0.001900
01514755553064	78893.518389	W	0.002908
01514755608900	78893.521297	S	0.002037
01514755648020	78893.523334	W	0.002717
01514755700196	78893.526052	S	0.002044
01514755739432	78893.528095	W	0.001039
01514755759384	78893.529135	S	0.001892
01514755795708	78893.531026	W	0.002065
01514755835348	78893.533091	S	0.002036
01514755874448	78893.535127	W	0.002736
01514755926980	78893.537864	S	0.002058
01514755966492	78893.539921	W	0.001026
01514755986192	78893.540948	S	0.001932
01514756023280	78893.542879	W	0.002679
01514756074724	78893.545559	S	0.002073
01514756114516	78893.547631	W	0.003275
01514756177404	78893.550906	S	0.002084
01514756217420	78893.552991	W	0.001109
01514756238704	78893.554099	S	0.001937
01514756275896	78893.556036	W	0.001356
01514756301928	78893.557392	S	0.002014
01514756340600	78893.559406	W	0.002900
01514756396276	78893.562306	S	0.002064
01514756435908	78893.564370	W	0.003140
01514756496204	78893.567511	S	0.002055
01514756535656	78893.569565	W	0.001021
01514756555264	78893.570587	S	0.001879
01514756591332	78893.572465	W	0.001027
01514756611048	78893.573492	S	0.001915
01514756647812	78893.575407	W	0.001759
01514756681576	78893.577165	S	0.002043
01514756720808	78893.579209	W	0.002847
01514756775468	78893.582056	S	0.002055
01514756814920	78893.584110	W	0.002826
01514756869180	78893.586936	S	0.002056
01514756908652	78893.588992	W	0.002928
01514756964868	78893.591920	S	0.002064
01514757004504	78893.593985	W	0.001052
01514757024696	78893.595036	S	0.001897
01514757061116	78893.596933	W	0.002980
01514757118336	78893.599913	S	0.002069
01514757158064	78893.601982	W	0.000925
01514757175816	78893.602907	S	0.002429
01514757222456	78893.605336	W	0.002830
01514757276788	78893.608166	S	0.002062
01514757316376	78893.610228	W	0.003075
01514757375420	78893.613303	S	0.002071
01514757415188	78893.615374	W	0.003397
01514757480416	78893.618772	S	0.002076
01514757520280	78893.620848	W	0.002969
01514757577288	78893.623817	S	0.002057
01514757616788	78893.625874	W	0.001022
01514757636412	78893.626896	S	0.001876
01514757672440	78893.628773	W	0.003042
01514757730844	78893.631815	S	0.002047
01514757770144	78893.633862	W	0.001031
01514757789948	78893.634893	S	0.001897
01514757826364	78893.636790	W	0.002154
01514757867716	78893.638944	S	0.002039
01514757906860	78893.640982	W	0.001019
01514757926428	78893.642001	S	0.001881
01514757962548	78893.643883	W	0.000406
01514757970352	78893.644289	S	0.001354
01514757996340	78893.645643	W	0.000308
01514758002248	78893.645950	S	0.001371
01514758028572	78893.647321	W	0.001011
01514758047984	78893.648333	S	0.001383
01514758074540	78893.649716	W	0.000304
01514758080376	78893.650020	S	0.002043
01514758119592	78893.652062	W	0.000166
01514758122776	78893.652228	S	0.001379
01514758149256	78893.653607	W	0.000292
01514758154864	78893.653899	S	0.001348
01514758180752	78893.655248	W	0.000891
01514758197856	78893.656138	S	0.001381
01514758224372	78893.657519	W	0.000269
01514758229544	78893.657789	S	0.002070
01514758269288	78893.659859	W	0.000169
01514758272528	78893.660027	S	0.001378
01514758298976	78893.661405	W	0.000281
01514758304376	78893.661686	S	0.001349
01514758330268	78893.663035	W	0.000903
01514758347612	78893.663938	S	0.001380
01514758374104	78893.665318	W	0.000303
01514758379916	78893.665621	S	0.002626
01514758430336	78893.668247	W	0.000162
01514758433448	78893.668409	S	0.001343
01514758459236	78893.669752	W	0.000277
01514758464548	78893.670029	S	0.001352
01514758490516	78893.671381	W	0.000884
01514758507492	78893.672265	S	0.001440
01514758535136	78893.673705	W	0.000042
01514758535944	78893.673747	S	0.001438
01514758563548	78893.675185	W	0.000260
01514758568548	78893.675445	S	0.001431
01514758596028	78893.676876	W	0.000160
01514758599096	78893.677036	S	0.001428
01514758626516	78893.678464	W	0.000298
01514758632228	78893.678762	S	0.001456
01514758660184	78893.680218	W	0.000879
01514758677064	78893.681097	S	0.001394
01514758703832	78893.682491	W	0.000294
01514758709472	78893.682785	S	0.002868
01514758764540	78893.685653	W	0.000160
01514758767616	78893.685813	S	0.001376
01514758794028	78893.687189	W	0.000283
01514758799468	78893.687472	S	0.001366
01514758825692	78893.688838	W	0.000855
01514758842116	78893.689694	S	0.001357
01514758868168	78893.691050	W	0.000291
01514758873748	78893.691341	S	0.002984
01514758931032	78893.694325	W	0.000183
01514758934540	78893.694507	S	0.001375
01514758960932	78893.695882	W	0.000325
01514758967176	78893.696207	S	0.001347
01514758993048	78893.697555	W	0.000920
01514759010708	78893.698474	S	0.001365
01514759036908	78893.699839	W	0.000292
01514759042512	78893.700131	S	0.003404
01514759107872	78893.703535	W	0.000166
01514759111052	78893.703701	S	0.001435
01514759138604	78893.705136	W	0.000288
01514759144132	78893.705424	S	0.001421
01514759171420	78893.706845	W	0.000870
01514759188124	78893.707715	S	0.001434
01514759215656	78893.709149	W	0.000287
01514759221164	78893.709436	S	0.002761
01514759274180	78893.712197	W	0.000163
01514759277312	78893.712360	S	0.001436
01514759304892	78893.713796	W	0.000289
01514759310440	78893.714085	S	0.001426
01514759337820	78893.715511	W	0.000906
01514759355208	78893.716417	S	0.001445
01514759382944	78893.717862	W	0.000282
01514759388364	78893.718144	S	0.002964
01514759445276	78893.721108	W	0.000162
01514759448384	78893.721270	S	0.001414
01514759475540	78893.722684	W	0.000291
01514759481120	78893.722975	S	0.001430
01514759508576	78893.724405	W	0.000885
01514759525568	78893.725290	S	0.001397
01514759552396	78893.726687	W	0.000044
01514759553240	78893.726731	S	0.001353
01514759579216	78893.728084	W	0.000039
01514759579956	78893.728123	S	0.002292
01514759623972	78893.730415	W	0.000418
01514759632000	78893.730833	S	0.001355
01514759658012	78893.732188	W	0.000332
01514759664380	78893.732520	S	0.001349
01514759690284	78893.733869	W	0.027469
01514760217688	78893.761338	S	0.001767
01514760251608	78893.763105	W	0.002833
01514760306000	78893.765937	S	0.002106
01514760346444	78893.768044	W	0.002793
01514760400072	78893.770837	S	0.002054
01514760439508	78893.772891	W	0.001024
01514760459172	78893.773915	S	0.001883
01514760495328	78893.775798	W	0.002997
01514760552872	78893.778795	S	0.002044
01514760592124	78893.780840	W	0.002683
01514760643632	78893.783523	S	0.002052
01514760683024	78893.785574	W	0.001024
01514760702684	78893.786598	S	0.001888
01514760738932	78893.788486	W	0.001095
01514760759956	78893.789581	S	0.001907
01514760796576	78893.791488	W	0.001381
01514760823096	78893.792870	S	0.002025
01514760861980	78893.794895	W	0.002499
01514760909964	78893.797394	S	0.002047
01514760949276	78893.799441	W	0.001033
01514760969112	78893.800475	S	0.077874
01514762464300	78893.878349	W	0.014390
01514762740592	78893.892739	S	0.909386
01514780200800	78894.802125	W	0.014997
01514780488744	78894.817122	S	0.205477
01514784433908	78895.022599	W	0.018920
01514784797180	78895.041520	S	0.441908
01514793281816	78895.483428	W	0.014894
01514793567780	78895.498322	S	0.428096
01514801787232	78895.926418	W	0.014665
01514802068796	78895.941083	S	0.361444
01514809008512	78896.302527	W	0.018966
01514809372652	78896.321492	S	0.292829
01514814994972	78896.614321	W	0.086832
01514816662144	78896.701153	S	0.044207
01514817510924	78896.745361	W	0.176593
01514820901504	78896.921953	S	0.642875
01514833244704	78897.564828	W	0.036483
01514833945180	78897.601311	S	0.066025
01514835212864	78897.667337	W	0.029467
01514835778632	78897.696804	S	0.806985
01514851272748	78898.503789	W	0.014901
01514851558848	78898.518690	S	0.343803
01514858159868	78898.862493	W	0.019002
01514858524704	78898.881495	S	1.234454
01514882226216	78900.115949	W	4.010829
01514959234124	78904.126777	S	0.426244
01514967418000	78904.553021	W	0.014936
01514967704764	78904.567956	S	0.678745
01514980736672	78905.246702	W	0.034728
01514981403452	78905.281430	S	1.261107
01515005616708	78906.542537	W	0.018920
01515005979964	78906.561456	S	0.321481
01515012152404	78906.882938	W	0.085856
01515013800832	78906.968793	S	0.334154
01515020216596	78907.302948	W	0.111819
01515022363520	78907.414767	S	0.160443
01515025444024	78907.575210	W	0.023356
01515025892464	78907.598566	S	0.223935
01515030192012	78907.822501	W	0.018449
01515030546236	78907.840950	S	1.090219
01515051478444	78908.931169	W	0.014764
01515051761904	78908.945933	S	0.156514
01515054766964	78909.102446	W	0.018931
01515055130444	78909.121377	S	0.014618
01515055411108	78909.135995	W	0.014634
01515055692084	78909.150629	S	0.605522
01515067318100	78909.756151	W	0.014628
01515067598964	78909.770779	S	0.082054
01515069174396	78909.852833	W	0.014948
01515069461388	78909.867781	S	0.292304
01515075073616	78910.160084	W	0.020210
01515075461656	78910.180295	S	0.202153
01515079343000	78910.382448	W	0.018982
01515079707460	78910.401430	S	0.198258
01515083514008	78910.599688	W	0.014962
01515083801284	78910.614650	S	0.466986
01515092767416	78911.081636	W	0.014820
01515093051968	78911.096457	S	0.565985
01515103918888	78911.662442	W	0.018933
01515104282392	78911.681375	S	0.116999
01515106528780	78911.798374	W	0.014730
01515106811588	78911.813104	S	0.804509
01515122258168	78912.617613	W	0.014694
01515122540292	78912.632307	S	0.310124
01515128494664	78912.942430	W	0.018995
01515128859376	78912.961426	S	0.661841
01515141566732	78913.623267	W	0.015500
01515141864328	78913.638767	S	0.583684
01515153071056	78914.222451	W	0.019016
01515153436160	78914.241467	S	1.039369
01515173392040	78915.280835	W	0.014954
01515173679152	78915.295789	S	0.086849
01515175346660	78915.382639	W	0.016900
01515175671140	78915.399539	S	0.102891
01515177646640	78915.502429	W	0.021955
01515178068176	78915.524384	S	0.370872
01515185188928	78915.895257	W	0.017376
01515185522544	78915.912632	S	0.732863
01515199593512	78916.645495	W	0.014858
01515199878792	78916.660354	S	0.122066
01515202222468	78916.782420	W	0.019001
01515202587296	78916.801422	S	1.250989
01515226606276	78918.052410	W	0.037167
01515227319876	78918.089577	S	1.252822
01515251374060	78919.342399	W	0.018995
01515251738756	78919.361394	S	0.308755
01515257666852	78919.670149	W	0.014939
01515257953684	78919.685088	S	0.937342
01515275950656	78920.622430	W	0.019045
01515276316316	78920.641475	S	1.089766
01515297239816	78921.731240	W	0.014691
01515297521880	78921.745931	S	0.156474
01515300526180	78921.902405	W	0.019004
01515300891064	78921.921410	S	0.771766
01515315708964	78922.693175	W	0.015055
01515315998020	78922.708230	S	0.474158
01515325101844	78923.182388	W	0.018901
01515325464752	78923.201289	S	0.270772
01515330663572	78923.472061	W	0.014794
01515330947616	78923.486855	S	0.975531
01515349677804	78924.462386	W	0.019076
01515350044072	78924.481462	S	0.629461
01515362129728	78925.110923	W	0.014437
01515362406916	78925.125360	S	0.087479
01515364086508	78925.212839	W	0.014323
01515364361500	78925.227161	S	0.487897
01515373729116	78925.715058	W	0.046347
01515374618972	78925.761405	S	0.378742
01515381890824	78926.140147	W	0.014695
01515382172960	78926.154842	S	0.696437
01515395544548	78926.851279	W	0.014826
01515395829204	78926.866104	S	0.156310
01515398830352	78927.022414	W	0.018954
01515399194260	78927.041368	S	0.526681
01515409306536	78927.568049	W	0.014722
01515409589200	78927.582771	S	0.599670
01515421102872	78928.182441	W	0.014951
01515421389940	78928.197393	S	0.104982
01515423405592	78928.302375	W	0.018993
01515423770264	78928.321368	S	0.416931
01515431775348	78928.738299	W	0.015014
01515432063616	78928.753313	S	0.829051
01515447981392	78929.582364	W	0.019097
01515448348052	78929.601461	S	0.731533
01515462393492	78930.332994	W	0.023589
01515462846396	78930.356583	S	0.505790
01515472557560	78930.862373	W	0.021989
01515472979740	78930.884361	S	0.875931
01515489797608	78931.760292	W	0.015201
01515490089460	78931.775493	S	0.366855
01515497133080	78932.142348	W	0.018878
01515497495544	78932.161226	S	1.261120
01515521709040	78933.422346	W	0.018992
01515522073696	78933.441338	S	1.261003
01515546284956	78934.702341	W	0.018976
01515546649296	78934.721318	S	0.063714
01515547872596	78934.785031	W	0.014829
01515548157304	78934.799860	S	1.182491
01515570861132	78935.982351	W	0.018801
01515571222112	78936.001152	S	0.680470
01515584287136	78936.681622	W	0.014798
01515584571260	78936.696420	S	0.565930
01515595437120	78937.262350	W	0.018955
01515595801064	78937.281305	S	0.084352
01515597420632	78937.365658	W	0.060347
01515598579288	78937.426005	S	0.384857
01515605968540	78937.810861	W	0.014932
01515606255240	78937.825794	S	0.716529
01515620012604	78938.542323	W	0.018880
01515620375092	78938.561203	S	0.438849
01515628800996	78939.000052	W	0.014919
01515629087440	78939.014971	S	0.807351
01515644588584	78939.822322	W	0.018958
01515644952580	78939.841280	S	0.994757
01515664051912	78940.836037	W	0.015127
01515664342344	78940.851164	S	0.029427
01515664907336	78940.880590	W	0.014592
01515665187496	78940.895182	S	0.087275
01515666863184	78940.982457	W	0.014545
01515667142452	78940.997003	S	0.105300
01515669164216	78941.102303	W	0.019047
01515669529928	78941.121350	S	0.579820
01515680662480	78941.701171	W	0.014790
01515680946444	78941.715961	S	0.189731
01515684589272	78941.905691	W	0.014800
01515684873432	78941.920491	S	0.461832
01515693740600	78942.382323	W	0.018873
01515694102956	78942.401196	S	0.526865
01515704218760	78942.928060	W	0.014686
01515704500728	78942.942746	S	0.599790
01515716016696	78943.542536	W	0.014757
01515716300040	78943.557294	S	0.087615
01515717982240	78943.644908	W	0.036349
01515718680148	78943.681258	S	0.178259
01515722102720	78943.859517	W	0.023652
01515722556836	78943.883169	S	0.068002
01515723862480	78943.951171	W	0.015323
01515724156676	78943.966494	S	0.151848
01515727072160	78944.118342	W	5.007616
01515823218380	78949.125957	S	0.253201
01515828079832	78949.379158	W	0.014753
01515828363092	78949.393911	S	0.517104
01515838291484	78949.911015	W	0.014801
01515838575656	78949.925815	S	0.136467
01515841195824	78950.062283	W	0.018927
01515841559216	78950.081209	S	1.261054
01515865771444	78951.342263	W	0.018952
01515866135328	78951.361215	S	0.784459
01515881196936	78952.145674	W	0.014604
01515881477324	78952.160277	S	0.462004
01515890347792	78952.622281	W	0.019043
01515890713420	78952.641324	S	0.292220
01515896324040	78952.933544	W	0.014980
01515896611660	78952.948524	S	0.953750
01515914923660	78953.902274	W	0.018869
01515915285952	78953.921143	S	1.261098
01515939499040	78955.182242	W	0.019028
01515939864372	78955.201269	S	0.424906
01515948022564	78955.626175	W	0.014645
01515948303744	78955.640820	S	0.087292
01515949979760	78955.728113	W	0.014458
01515950257352	78955.742570	S	0.215596
01515954396800	78955.958167	W	0.014838
01515954681696	78955.973005	S	0.489278
01515964075832	78956.462283	W	0.018975
01515964440148	78956.481258	S	0.170032
01515967704756	78956.651289	W	0.016831
01515968027916	78956.668121	S	1.074135
01515988651316	78957.742256	W	0.018828
01515989012804	78957.761084	S	0.322200
01515995199052	78958.083284	W	0.014586
01515995479100	78958.097870	S	0.599816
01516006995572	78958.697686	W	0.014848
01516007280648	78958.712534	S	0.190250
01516010933448	78958.902784	W	0.014853
01516011218624	78958.917637	S	0.062071
01516012410392	78958.979708	W	0.014212
01516012683260	78958.993920	S	0.028659
01516013233508	78959.022579	W	0.018624
01516013591092	78959.041203	S	0.065565
01516014849940	78959.106768	W	0.085180
01516016485404	78959.191948	S	0.119931
01516018788072	78959.311879	W	0.087990
01516020477484	78959.399869	S	0.219460
01516024691112	78959.619329	W	0.014540
01516024970276	78959.633869	S	0.668364
01516037802856	78960.302232	W	0.018370
01516038155556	78960.320602	S	1.253865
01516062229756	78961.574466	W	0.029833
01516062802556	78961.604300	S	0.165387
01516065977980	78961.769686	W	0.014609
01516066258468	78961.784295	S	0.221098
01516070503544	78962.005393	W	0.014773
01516070787180	78962.020166	S	0.842124
01516086955952	78962.862289	W	0.018944
01516087319684	78962.881234	S	0.731689
01516101368104	78963.612922	W	0.014471
01516101645948	78963.627393	S	0.507924
01516111398084	78964.135317	W	0.236489
01516115938672	78964.371806	S	0.014019
01516116207828	78964.385824	W	0.065933
01516117473744	78964.451758	S	0.082733
01516119062216	78964.534490	W	0.085736
01516120708344	78964.620226	S	0.409878
01516128577992	78965.030104	W	0.015364
01516128872984	78965.045468	S	0.376742
01516136106432	78965.422210	W	0.019015
01516136471512	78965.441225	S	0.117443
01516138726408	78965.558667	W	0.023085
01516139169644	78965.581752	S	1.120448
01516160682252	78966.702201	W	0.018936
01516161045816	78966.721136	S	0.379072
01516168324008	78967.100209	W	0.014750
01516168607208	78967.114959	S	0.867237
01516185258152	78967.982195	W	0.019008
01516185623096	78968.001203	S	0.052775
01516186636380	78968.053978	W	0.014788
01516186920308	78968.068766	S	1.193454
01516209834632	78969.262220	W	0.018905
01516210197600	78969.281125	S	0.065921
01516211463284	78969.347046	W	0.086020
01516213114868	78969.433066	S	0.333819
01516219524184	78969.766885	W	0.120273
01516221833432	78969.887158	S	0.655041
01516234410216	78970.542199	W	0.018242
01516234760468	78970.560441	S	0.118223
01516237030348	78970.678664	W	0.014573
01516237310144	78970.693237	S	0.292498
01516242926100	78970.985734	W	0.014774
01516243209764	78971.000509	S	0.076899
01516244686232	78971.077408	W	0.014959
01516244973440	78971.092367	S	0.200559
01516248824172	78971.292926	W	0.014383
01516249100332	78971.307309	S	0.190616
01516252760160	78971.497925	W	0.014793
01516253044180	78971.512718	S	0.309478
01516258986160	78971.822196	W	0.019024
01516259351416	78971.841220	S	0.066083
01516260620200	78971.907302	W	0.014401
01516260896696	78971.921703	S	0.088280
01516262591664	78972.009983	W	0.014426
01516262868648	78972.024409	S	1.077748
01516283561416	78973.102157	W	0.018565
01516283917860	78973.120722	S	0.117773
01516286179092	78973.238494	W	0.014036
01516286448588	78973.252531	S	0.805200
01516301908432	78974.057731	W	0.023377
01516302357268	78974.081108	S	0.022283
01516302785108	78974.103391	W	0.014868
01516303070564	78974.118259	S	0.263916
01516308137744	78974.382174	W	0.019202
01516308506424	78974.401376	S	0.373143
01516315670772	78974.774519	W	0.014793
01516315954792	78974.789312	S	0.872865
01516332713804	78975.662177	W	0.019052
01516333079604	78975.681229	S	1.260903
01516357288948	78976.942133	W	0.021954
01516357710460	78976.964086	S	0.156805
01516360721112	78977.120891	W	0.015020
01516361009496	78977.135911	S	1.086241
01516381865316	78978.222152	W	0.019065
01516382231360	78978.241217	S	1.260920
01516406441024	78979.502137	W	0.018912
01516406804144	78979.521049	S	0.614158
01516418595972	78980.135207	W	0.023524
01516419047640	78980.158731	S	0.623405
01516431017024	78980.782137	W	0.018516
01516431372532	78980.800653	S	0.944719
01516449511136	78981.745372	W	0.014922
01516449797640	78981.760294	S	0.288843
01516455343428	78982.049137	W	0.031499
01516455948200	78982.080635	S	1.079479
01516476674192	78983.160114	W	0.014939
01516476961020	78983.175053	S	0.167081
01516480168984	78983.342135	W	0.018539
01516480524940	78983.360674	S	1.261476
01516504745288	78984.622150	W	0.018522
01516505100916	78984.640673	S	1.261469
01516529321112	78985.902141	W	0.018925
01516529684464	78985.921066	S	0.117440
01516531939308	78986.038506	W	0.014259
01516532213072	78986.052764	S	0.132936
01516534765448	78986.185700	W	0.022885
01516535204840	78986.208585	S	0.853979
01516551601244	78987.062565	W	0.014801
01516551885424	78987.077366	S	0.104748
01516553896592	78987.182114	W	0.018546
01516554252676	78987.200660	S	0.338979
01516560761072	78987.539639	W	0.002961
01516560817928	78987.542600	S	0.002123
01516560858692	78987.544724	W	0.001018
01516560878240	78987.545742	S	0.095522
01516562712272	78987.641264	W	0.002357
01516562757536	78987.643622	S	0.101247
01516564701472	78987.744868	W	0.002685
01516564753028	78987.747554	S	0.404969
01516572528428	78988.152522	W	0.007045
01516572663692	78988.159567	S	0.197450
01516576454740	78988.357018	W	0.001316
01516576480004	78988.358334	S	0.002041
01516576519188	78988.360374	W	0.001005
01516576538476	78988.361379	S	0.032342
01516577159436	78988.393721	W	0.013388
01516577416492	78988.407109	S	0.050659
01516578389152	78988.457768	W	0.022933
01516578829464	78988.480701	S	0.083006
01516580423184	78988.563707	W	0.001090
01516580444104	78988.564797	S	0.098965
01516582344236	78988.663762	W	0.000516
01516582354140	78988.664278	S	0.445320
01516590904292	78989.109599	W	5.050482
01516687873544	78994.160080	S	0.002193
01516687915656	78994.162274	W	0.001069
01516687936188	78994.163343	S	0.049110
01516688879108	78994.212454	W	0.001364
01516688905292	78994.213817	S	0.031388
01516689507936	78994.245205	W	0.014688
01516689789944	78994.259893	S	0.602193
01516701352056	78994.862086	W	0.018334
01516701704064	78994.880420	S	0.359019
01516708597236	78995.239439	W	0.029824
01516709169856	78995.269263	S	0.292699
01516714789672	78995.561962	W	0.022290
01516715217632	78995.584252	S	0.550379
01516725784916	78996.134631	W	0.087084
01516727456924	78996.221715	S	0.039739
01516728219908	78996.261454	W	0.022221
01516728646544	78996.283674	S	0.363219
01516735620340	78996.646893	W	0.236785
01516740166604	78996.883677	S	0.014544
01516740445856	78996.898222	W	0.062831
01516741652216	78996.961053	S	0.034079
01516742306532	78996.995132	W	0.235189
01516746822168	78997.230321	S	0.014240
01516747095572	78997.244561	W	0.085272
01516748732800	78997.329833	S	0.092251
01516750504024	78997.422085	W	0.018726
01516750863564	78997.440811	S	0.271858
01516756083244	78997.712669	W	0.014363
01516756359008	78997.727032	S	0.087556
01516758040084	78997.814588	W	0.014237
01516758313436	78997.828825	S	0.437435
01516766712180	78998.266259	W	0.031201
01516767311248	78998.297461	S	0.404616
01516775079876	78998.702077	W	0.018958
01516775443872	78998.721035	S	0.562434
01516786242612	78999.283469	W	0.023497
01516786693748	78999.306966	S	0.675095
01516799655564	78999.982061	W	0.018898
01516800018412	79000.000959	S	0.128710
01516802489648	79000.129669	W	4.739418
01516893486468	79004.869087	S	0.215866
01516897631088	79005.084952	W	0.035837
01516898319164	79005.120790	S	0.216477
01516902475520	79005.337267	W	0.014596
01516902755764	79005.351863	S	0.778502
01516917703004	79006.130365	W	0.000875
01516917719796	79006.131239	S	0.216165
01516921870164	79006.347404	W	0.022607
01516922304220	79006.370011	S	0.012359
01516922541512	79006.382370	W	0.018597
01516922898584	79006.400968	S	0.932514
01516940802860	79007.333482	W	0.014114
01516941073848	79007.347596	S	0.011877
01516941301888	79007.359473	W	0.014725
01516941584600	79007.374198	S	0.287838
01516947111088	79007.662036	W	0.018828
01516947472576	79007.680863	S	0.689518
01516960711320	79008.370381	W	0.023124
01516961155308	79008.393506	S	0.548515
01516971686804	79008.942021	W	0.021939
01516972108040	79008.963960	S	0.418445
01516980142192	79009.382406	W	0.013467
01516980400756	79009.395873	S	0.826155
01516996262928	79010.222027	W	0.018866
01516996625164	79010.240894	S	0.114084
01516998815568	79010.354977	W	0.014982
01516999103228	79010.369960	S	0.022039
01516999526380	79010.391999	W	0.022838
01516999964864	79010.414837	S	0.989468
01517018962640	79011.404304	W	0.014291
01517019237024	79011.418595	S	0.083751
01517020845044	79011.502346	W	0.018572
01517021201636	79011.520919	S	0.895242
01517038390288	79012.416161	W	0.024024
01517038851552	79012.440185	S	0.121910
01517041192224	79012.562095	W	0.017485
01517041527928	79012.579580	S	0.202430
01517045414584	79012.782010	W	0.018936
01517045778148	79012.800945	S	0.576827
01517056853228	79013.377772	W	0.013332
01517057109208	79013.391105	S	0.040596
01517057888652	79013.431701	W	0.022713
01517058324736	79013.454413	S	0.607594
01517069990548	79014.062008	W	0.018892
01517070353272	79014.080900	S	0.362307
01517077309564	79014.443206	W	0.023842
01517077767332	79014.467049	S	0.874946
01517094566292	79015.341994	W	0.018808
01517094927396	79015.360802	S	1.040212
01517114899476	79016.401014	W	0.014850
01517115184588	79016.415864	S	0.035544
01517115867024	79016.451408	W	0.014488
01517116145200	79016.465896	S	0.156087
01517119142080	79016.621983	W	0.018941
01517119505740	79016.640924	S	1.039247
01517139459284	79017.680171	W	0.014476
01517139737220	79017.694647	S	0.207324
01517143717844	79017.901971	W	0.018897
01517144080668	79017.920868	S	0.783301
01517159120044	79018.704169	W	0.014789
01517159403984	79018.718957	S	0.463020
01517168293968	79019.181978	W	0.018926
01517168657340	79019.200903	S	0.227611
01517173027480	79019.428515	W	0.014870
01517173312984	79019.443385	S	0.080047
01517174849888	79019.523432	W	0.014590
01517175130020	79019.538022	S	0.021369
01517175540296	79019.559390	W	0.086918
01517177209128	79019.646309	S	0.081683
01517178777432	79019.727991	W	0.085119
01517180411712	79019.813110	S	0.324713
01517186646204	79020.137823	W	0.014577
01517186926080	79020.152400	S	0.309565
01517192869736	79020.461965	W	0.018811
01517193230904	79020.480776	S	1.261168
01517217445328	79021.741944	W	0.018907
01517217808344	79021.760851	S	0.015608
01517218108024	79021.776460	W	0.014610
01517218388536	79021.791070	S	0.663713
01517231131816	79022.454782	W	0.014739
01517231414804	79022.469521	S	0.331037
01517237770708	79022.800558	W	0.014366
01517238046544	79022.814924	S	0.200980
01517241905352	79023.015904	W	0.024972
01517242384820	79023.040876	S	0.682866
01517255495856	79023.723743	W	0.014687
01517255777848	79023.738430	S	0.563531
01517266597640	79024.301960	W	0.021758
01517267015396	79024.323719	S	0.484277
01517276313516	79024.807996	W	0.310700
01517282278964	79025.118696	S	0.363214
01517289252680	79025.481910	W	0.014836
01517289537524	79025.496746	S	0.085200
01517291173372	79025.581946	W	0.018731
01517291533004	79025.600677	S	1.261245
01517315748916	79026.861923	W	0.018948
01517316112712	79026.880870	S	0.637475
01517328352240	79027.518346	W	0.017266
01517328683744	79027.535612	S	0.179810
01517332136096	79027.715422	W	0.015224
01517332428392	79027.730645	S	0.292823
01517338050592	79028.023468	W	0.017034
01517338377648	79028.040502	S	0.101440
01517340325288	79028.141942	W	0.018906
01517340688280	79028.160848	S	0.347796
01517347365964	79028.508644	W	0.023054
01517347808604	79028.531698	S	0.890228
01517364900988	79029.421926	W	0.018938
01517365264604	79029.440865	S	0.487273
01517374620240	79029.928137	W	0.087087
01517376292304	79030.015224	S	0.055170
01517377351568	79030.070394	W	0.085949
01517379001792	79030.156343	S	0.545602
01517389477344	79030.701945	W	0.018226
01517389827280	79030.720171	S	0.067397
01517391121308	79030.787568	W	0.014200
01517391393940	79030.801768	S	0.733569
01517405478464	79031.535337	W	0.014841
01517405763420	79031.550178	S	0.056984
01517406857516	79031.607162	W	0.014232
01517407130776	79031.621395	S	0.087635
01517408813368	79031.709030	W	0.014571
01517409093132	79031.723601	S	0.258326
01517414052984	79031.981926	W	0.018816
01517414414244	79032.000742	S	0.241736
01517419055568	79032.242477	W	0.108096
01517421131004	79032.350573	S	0.075035
01517422571672	79032.425608	W	0.134139
01517425147132	79032.559746	S	0.014079
01517425417456	79032.573826	W	0.123525
01517427789136	79032.697351	S	0.013992
01517428057792	79032.711343	W	0.063704
01517429280908	79032.775047	S	0.060181
01517430436384	79032.835228	W	0.093005
01517432222080	79032.928233	S	0.009600
01517432406396	79032.937833	W	0.014263
01517432680244	79032.952096	S	0.087926
01517434368424	79033.040022	W	0.088490
01517436067428	79033.128512	S	0.014200
01517436340068	79033.142712	W	0.063545
01517437560132	79033.206257	S	0.038530
01517438299904	79033.244787	W	0.084905
01517439930076	79033.329691	S	0.014246
01517440203604	79033.343938	W	0.060199
01517441359416	79033.404136	S	0.044547
01517442214716	79033.448683	W	0.124986
01517444614440	79033.573669	S	0.014176
01517444886620	79033.587845	W	0.086419
01517446545856	79033.674263	S	0.389094
01517454016456	79034.063357	W	0.015437
01517454312840	79034.078794	S	0.037446
01517455031796	79034.116239	W	9.016425
01517628147152	79043.132664	S	0.369168
01517635235172	79043.501832	W	0.018971
01517635599412	79043.520803	S	0.066591
01517636877964	79043.587394	W	0.015387
01517637173388	79043.602781	S	0.040171
01517637944664	79043.642951	W	0.015525
01517638242740	79043.658476	S	0.015978
01517638549524	79043.674454	W	0.015576
01517638848592	79043.690031	S	0.101341
01517640794340	79043.791372	W	0.014825
01517641078984	79043.806197	S	0.781636
01517656086400	79044.587833	W	0.005987
01517656201352	79044.593820	S	0.090254
01517657934236	79044.684075	W	0.039090
01517658684772	79044.723165	S	0.059025
01517659818048	79044.782190	W	0.018641
01517660175948	79044.800831	S	0.834362
01517676195700	79045.635193	W	0.123757
01517678571828	79045.758949	S	0.014176
01517678844008	79045.773125	W	0.086771
01517680510004	79045.859896	S	0.202029
01517684388968	79046.061925	W	0.018873
01517684751336	79046.080799	S	0.578639
01517695861204	79046.659438	W	0.014652
01517696142520	79046.674090	S	0.002264
01517696185984	79046.676353	W	0.014076
01517696456248	79046.690430	S	0.012952
01517696704924	79046.703381	W	0.014669
01517696986576	79046.718051	S	0.623791
01517708963368	79047.341842	W	0.018936
01517709326944	79047.360778	S	0.323066
01517715529812	79047.683844	W	0.014798
01517715813940	79047.698643	S	0.015786
01517716117028	79047.714429	W	0.014918
01517716403452	79047.729346	S	0.892480
01517733539068	79048.621826	W	0.019028
01517733904408	79048.640855	S	0.085865
01517735553008	79048.726719	W	0.015033
01517735841632	79048.741752	S	0.170935
01517739123592	79048.912687	W	0.014438
01517739400804	79048.927125	S	0.701915
01517752877568	79049.629040	W	0.014522
01517753156384	79049.643562	S	0.050659
01517754129032	79049.694220	W	0.014750
01517754412224	79049.708970	S	0.027921
01517754948304	79049.736891	W	0.014857
01517755233552	79049.751748	S	0.082141
01517756810660	79049.833889	W	0.013659
01517757072912	79049.847548	S	0.054617
01517758121560	79049.902165	W	0.018436
01517758475528	79049.920600	S	0.630025
01517770572008	79050.550625	W	0.014558
01517770851516	79050.565183	S	0.182521
01517774355928	79050.747705	W	0.014949
01517774642956	79050.762654	S	0.157516
01517777667268	79050.920170	W	0.086986
01517779337396	79051.007156	S	0.174711
01517782691844	79051.181867	W	0.018905
01517783054828	79051.200772	S	0.559524
01517793797684	79051.760296	W	0.024179
01517794261928	79051.784475	S	0.677342
01517807266900	79052.461818	W	0.018977
01517807631252	79052.480794	S	0.015442
01517807927740	79052.496236	W	0.022988
01517808369100	79052.519224	S	0.199228
01517812194272	79052.718452	W	0.014696
01517812476436	79052.733148	S	0.040230
01517813248860	79052.773378	W	0.015110
01517813538980	79052.788489	S	0.953336
01517831843032	79053.741825	W	0.018783
01517832203656	79053.760607	S	0.022308
01517832631960	79053.782915	W	0.014774
01517832915624	79053.797689	S	0.337165
01517839389200	79054.134854	W	0.014457
01517839666780	79054.149311	S	0.643748
01517852026744	79054.793060	W	0.022710
01517852462768	79054.815769	S	0.206040
01517856418744	79055.021810	W	0.021808
01517856837452	79055.043617	S	0.698198
01517870242856	79055.741815	W	0.014923
01517870529384	79055.756739	S	0.046751
01517871427008	79055.803490	W	0.014933
01517871713724	79055.818423	S	0.483384
01517880994692	79056.301807	W	0.018807
01517881355792	79056.320614	S	0.493546
01517890831868	79056.814160	W	0.014752
01517891115104	79056.828912	S	0.752894
01517905570660	79057.581805	W	0.018916
01517905933856	79057.600722	S	0.225476
01517910262988	79057.826197	W	0.014963
01517910550276	79057.841160	S	0.289261
01517916104084	79058.130421	W	0.014568
01517916383796	79058.144989	S	0.622897
01517928343428	79058.767887	W	0.014360
01517928619132	79058.782246	S	0.053095
01517929638560	79058.835342	W	0.045278
01517930507900	79058.880620	S	0.965854
01517949052296	79059.846474	W	0.015002
01517949340332	79059.861476	S	0.280322
01517954722524	79060.141798	W	0.018929
01517955085968	79060.160727	S	0.699146
01517968509564	79060.859873	W	0.015004
01517968797648	79060.874877	S	0.546917
01517979298452	79061.421794	W	0.018891
01517979661156	79061.440685	S	0.352810
01517986435116	79061.793496	W	0.022974
01517986876212	79061.816469	S	0.101122
01517988817760	79061.917592	W	0.014454
01517989095276	79061.932046	S	0.087449
01517990774296	79062.019495	W	0.014452
01517991051772	79062.033946	S	0.667817
01518003873868	79062.701764	W	0.018939
01518004237496	79062.720703	S	0.117937
01518006501888	79062.838640	W	0.014479
01518006779884	79062.853119	S	0.907227
01518024198644	79063.760346	W	0.019046
01518024564336	79063.779393	S	0.202376
01518028449948	79063.981768	W	0.018931
01518028813428	79064.000699	S	0.066769
01518030095396	79064.067469	W	0.014457
01518030372972	79064.081926	S	0.702353
01518043858140	79064.784278	W	0.014650
01518044139412	79064.798928	S	0.021564
01518044553444	79064.820492	W	0.014724
01518044836152	79064.835216	S	0.153875
01518047790544	79064.989091	W	0.014446
01518048067900	79065.003536	S	0.258218
01518053025692	79065.261755	W	0.019005
01518053390592	79065.280760	S	0.322702
01518059586464	79065.603462	W	0.014574
01518059866276	79065.618035	S	0.923752
01518077602320	79066.541787	W	0.018811
01518077963492	79066.560599	S	0.579443
01518089088804	79067.140042	W	0.014628
01518089369664	79067.154670	S	0.087399
01518091047716	79067.242069	W	0.014302
01518091322312	79067.256370	S	0.565403
01518102178052	79067.821774	W	0.018904
01518102541004	79067.840677	S	0.006951
01518102674468	79067.847629	W	0.015003
01518102962524	79067.862631	S	1.239114
01518126753512	79069.101745	W	0.018957
01518127117488	79069.120703	S	1.261026
01518151329192	79070.381729	W	0.021971
01518151751036	79070.403700	S	0.470493
01518160784508	79070.874193	W	0.014893
01518161070456	79070.889086	S	0.772658
01518175905496	79071.661745	W	0.018921
01518176268776	79071.680665	S	0.476402
01518185415692	79072.157067	W	0.014575
01518185695532	79072.171642	S	0.292856
01518191318372	79072.464499	W	0.029202
01518191879056	79072.493701	S	0.380939
01518199193084	79072.874640	W	0.016600
01518199511800	79072.891240	S	0.050810
01518200487356	79072.942050	W	0.018645
01518200845336	79072.960695	S	0.015666
01518201146124	79072.976361	W	0.028459
01518201692536	79073.004820	S	0.074083
01518203114932	79073.078903	W	0.014176
01518203387108	79073.093079	S	0.088018
01518205077052	79073.181096	W	0.014340
01518205352380	79073.195436	S	0.088069
01518207043304	79073.283505	W	0.016439
01518207358936	79073.299945	S	0.188543
01518210978956	79073.488487	W	0.014286
01518211253248	79073.502773	S	0.396013
01518218856700	79073.898786	W	0.014886
01518219142504	79073.913672	S	0.308111
01518225058240	79074.221783	W	0.018897
01518225421056	79074.240680	S	0.374177
01518232605264	79074.614857	W	0.014500
01518232883672	79074.629358	S	0.872369
01518249633164	79075.501727	W	0.018931
01518249996644	79075.520659	S	1.261037
01518274208552	79076.781695	W	0.018967
01518274572720	79076.800662	S	0.067012
01518275859352	79076.867675	W	0.014573
01518276139144	79076.882247	S	0.038379
01518276876028	79076.920626	W	0.014652
01518277157352	79076.935279	S	0.546642
01518287652880	79077.481921	W	0.014467
01518287930644	79077.496388	S	0.565317
01518298784728	79078.061705	W	0.018740
01518299144544	79078.080445	S	0.120669
01518301461380	79078.201114	W	0.014504
01518301739848	79078.215617	S	0.290280
01518307313228	79078.505897	W	0.014327
01518307588308	79078.520224	S	0.600776
01518319123204	79079.121000	W	0.014681
01518319405084	79079.135681	S	0.087062
01518321076680	79079.222744	W	0.014394
01518321353044	79079.237138	S	0.088189
01518323046264	79079.325326	W	0.035319
01518323724380	79079.360645	S	0.067040
01518325011544	79079.427685	W	0.014507
01518325290088	79079.442192	S	0.500182
01518334893592	79079.942375	W	0.014695
01518335175736	79079.957070	S	0.084864
01518336805132	79080.041934	W	0.014353
01518337080704	79080.056287	S	0.016134
01518337390484	79080.072421	W	0.091489
01518339147076	79080.163910	S	0.082574
01518340732488	79080.246484	W	0.084497
01518342354824	79080.330980	S	0.222949
01518346635440	79080.553929	W	0.013656
01518346897636	79080.567585	S	0.054449
01518347943060	79080.622034	W	0.018028
01518348289200	79080.640062	S	0.016211
01518348600448	79080.656273	W	0.014071
01518348870616	79080.670345	S	0.088396
01518350567824	79080.758741	W	0.014514
01518350846492	79080.773255	S	0.497982
01518360407756	79081.271237	W	0.014604
01518360688152	79081.285841	S	0.087277
01518362363876	79081.373119	W	0.014357
01518362639524	79081.387475	S	0.514236
01518372512860	79081.901711	W	0.018918
01518372876092	79081.920630	S	0.682126
01518385972912	79082.602756	W	0.017231
01518386303744	79082.619987	S	0.345391
01518392935248	79082.965378	W	0.014516
01518393213956	79082.979894	S	0.134892
01518395803876	79083.114785	W	0.016283
01518396116516	79083.131069	S	0.050949
01518397094744	79083.182018	W	0.018539
01518397450684	79083.200556	S	0.388128
01518404902748	79083.588685	W	7.546309
01518549791888	79091.134994	S	0.376105
01518557013104	79091.511099	W	0.014609
01518557293596	79091.525708	S	0.292230
01518562904420	79091.817939	W	0.014521
01518563183224	79091.832460	S	0.190289
01518566836776	79092.022749	W	0.014471
01518567114624	79092.037220	S	0.002493
01518567162484	79092.039713	W	0.022516
01518567594788	79092.062229	S	0.079426
01518569119772	79092.141655	W	0.018984
01518569484256	79092.160638	S	0.169475
01518572738180	79092.330114	W	0.014495
01518573016476	79092.344608	S	1.077046
01518593695756	79093.421654	W	0.019004
01518594060636	79093.440658	S	0.118736
01518596340360	79093.559394	W	0.014373
01518596616328	79093.573767	S	1.112079
01518617968244	79094.685846	W	0.043621
01518618805760	79094.729467	S	0.002456
01518618852912	79094.731922	W	0.000909
01518618870368	79094.732832	S	0.096069
01518620714896	79094.828901	W	0.001165
01518620737256	79094.830065	S	0.234516
01518625239972	79095.064582	W	0.014793
01518625523992	79095.079375	S	0.322589
01518631717700	79095.401964	W	0.014331
01518631992852	79095.416294	S	0.565423
01518642848972	79095.981717	W	0.018687
01518643207772	79096.000405	S	0.323100
01518649411288	79096.323505	W	0.014564
01518649690916	79096.338069	S	0.088061
01518651381680	79096.426129	W	0.014321
01518651656640	79096.440450	S	0.087910
01518653344504	79096.528360	W	0.014471
01518653622340	79096.542830	S	0.718800
01518667423292	79097.261630	W	0.018745
01518667783192	79097.280375	S	0.810048
01518683336120	79098.090423	W	0.015021
01518683624524	79098.105444	S	0.436188
01518691999324	79098.541631	W	0.046070
01518692883876	79098.587702	S	1.223906
01518716382868	79099.811608	W	0.038321
01518717118640	79099.849929	S	1.251655
01518741150416	79101.101584	W	0.025358
01518741637292	79101.126942	S	1.244660
01518765534764	79102.371602	W	0.038256
01518766269280	79102.409858	S	1.251747
01518790302820	79103.661605	W	0.018726
01518790662352	79103.680331	S	0.453927
01518799377756	79104.134258	W	0.014962
01518799665032	79104.149220	S	0.366345
01518806698852	79104.515565	W	0.014486
01518806976976	79104.530051	S	0.411555
01518814878836	79104.941606	W	0.018918
01518815242060	79104.960524	S	0.579004
01518826358928	79105.539528	W	0.014618
01518826639588	79105.554145	S	0.667459
01518839454796	79106.221604	W	0.018941
01518839818456	79106.240545	S	0.917729
01518857438860	79107.158274	W	0.015288
01518857732388	79107.173562	S	0.328028
01518864030532	79107.501590	W	0.018930
01518864393988	79107.520520	S	1.091015
01518885341468	79108.611535	W	0.014676
01518885623244	79108.626211	S	0.155367
01518888606296	79108.781578	W	0.018952
01518888970176	79108.800530	S	0.734216
01518903067124	79109.534746	W	0.014481
01518903345164	79109.549227	S	0.512352
01518913182316	79110.061579	W	0.018970
01518913546544	79110.080549	S	0.101681
01518915498824	79110.182230	W	0.014651
01518915780132	79110.196882	S	0.872304
01518932528368	79111.069186	W	0.014607
01518932808816	79111.083792	S	0.257776
01518937758120	79111.341569	W	0.018951
01518938121988	79111.360520	S	0.323010
01518944323780	79111.683530	W	0.014772
01518944607408	79111.698302	S	0.804487
01518960053560	79112.502790	W	0.014708
01518960335960	79112.517498	S	0.104053
01518962333784	79112.621551	W	0.018820
01518962695132	79112.640371	S	0.564170
01518973527188	79113.204541	W	0.014993
01518973815044	79113.219534	S	0.682026
01518986909948	79113.901560	W	0.018723
01518987269432	79113.920283	S	1.244882
01519011171164	79115.165165	W	0.035275
01519011848448	79115.200440	S	0.784082
01519026902824	79115.984522	W	0.022276
01519027330532	79116.006799	S	0.222468
01519031601908	79116.229266	W	0.022828
01519032040200	79116.252094	S	0.209459
01519036061804	79116.461552	W	0.018920
01519036425064	79116.480472	S	1.261051
01519060637244	79117.741523	W	0.021919
01519061058088	79117.763442	S	0.576287
01519072122808	79118.339730	W	0.014757
01519072406136	79118.354486	S	0.667047
01519085213444	79119.021534	W	0.018925
01519085576796	79119.040458	S	0.215746
01519089719124	79119.256204	W	0.022320
01519090147672	79119.278525	S	0.085132
01519091782208	79119.363657	W	0.022316
01519092210668	79119.385972	S	0.800921
01519107588348	79120.186893	W	0.014429
01519107865380	79120.201322	S	0.100224
01519109789676	79120.301546	W	0.018889
01519110152340	79120.320434	S	0.067150
01519111441624	79120.387585	W	0.025238
01519111926200	79120.412823	S	0.132599
01519114472092	79120.545421	W	0.066399
01519115746960	79120.611821	S	0.969721
01519134365612	79121.581542	W	0.018255
01519134716100	79121.599797	S	0.679979
01519147771696	79122.279776	W	0.014893
01519148057648	79122.294669	S	0.566851
01519158941188	79122.861520	W	0.018809
01519159302324	79122.880329	S	0.784559
01519174365856	79123.664888	W	0.014494
01519174644148	79123.679383	S	0.087417
01519176322556	79123.766800	W	0.014440
01519176599804	79123.781240	S	0.360272
01519183517020	79124.141511	W	0.018795
01519183877884	79124.160306	S	0.529670
01519194047552	79124.689977	W	0.014434
01519194324680	79124.704410	S	0.598380
01519205813568	79125.302790	W	0.014778
01519206097304	79125.317568	S	0.103932
01519208092800	79125.421500	W	0.018952
01519208456680	79125.440452	S	0.681505
01519221541580	79126.121957	W	0.014573
01519221821380	79126.136530	S	0.564953
01519232668484	79126.701484	W	0.018960
01519233032520	79126.720444	S	0.015927
01519233338324	79126.736371	W	0.014655
01519233619700	79126.751026	S	0.804593
01519249067884	79127.555619	W	0.014602
01519249348236	79127.570221	S	0.411273
01519257244672	79127.981493	W	0.054111
01519258283608	79128.035605	S	0.288736
01519263827344	79128.324341	W	0.014902
01519264113460	79128.339243	S	0.912255
01519281628764	79129.251498	W	0.047165
01519282534340	79129.298664	S	1.242792
01519306395952	79130.541456	W	0.018982
01519306760404	79130.560438	S	0.558455
01519317482748	79131.118893	W	6.014224
01519432955844	79137.133117	S	0.258816
01519437925104	79137.391933	W	0.023225
01519438371016	79137.415157	S	0.806304
01519453852060	79138.221461	W	0.018778
01519454212604	79138.240240	S	0.477451
01519463379668	79138.717691	W	0.014221
01519463652720	79138.731913	S	0.087718
01519465336904	79138.819630	W	0.014353
01519465612472	79138.833983	S	0.667459
01519478427692	79139.501442	W	0.018933
01519478791212	79139.520376	S	0.323730
01519485006824	79139.844105	W	0.014346
01519485282272	79139.858452	S	0.087570
01519486963620	79139.946022	W	0.014136
01519487235028	79139.960158	S	0.397152
01519494860340	79140.357309	W	0.014589
01519495140448	79140.371898	S	0.047605
01519496054468	79140.419504	W	0.022505
01519496486568	79140.442009	S	0.339422
01519503003476	79140.781431	W	0.019015
01519503368564	79140.800446	S	0.374353
01519510556144	79141.174799	W	0.014526
01519510835044	79141.189325	S	0.366992
01519517881296	79141.556317	W	0.086829
01519519548404	79141.643146	S	0.146607
01519522363252	79141.789753	W	0.014507
01519522641780	79141.804259	S	0.087166
01519524315372	79141.891426	W	0.084494
01519525937648	79141.975919	S	0.018141
01519526285960	79141.994060	W	0.013611
01519526547284	79142.007671	S	0.054101
01519527586020	79142.061772	W	0.018547
01519527942116	79142.080319	S	0.630504
01519540047788	79142.710822	W	0.014532
01519540326804	79142.725354	S	0.616095
01519552155828	79143.341449	W	0.018722
01519552515300	79143.360172	S	0.086951
01519554184768	79143.447123	W	0.014718
01519554467348	79143.461841	S	1.092381
01519575441072	79144.554222	W	0.016694
01519575761600	79144.570917	S	0.050853
01519576737972	79144.621769	W	0.021587
01519577152452	79144.643357	S	1.252534
01519601201112	79145.895891	W	0.025447
01519601689700	79145.921339	S	0.548188
01519612214912	79146.469527	W	0.014868
01519612500376	79146.484395	S	0.179638
01519615949420	79146.664032	W	0.311149
01519621923484	79146.975181	S	0.036244
01519622619376	79147.011426	W	0.085839
01519624267492	79147.097265	S	0.084194
01519625884024	79147.181460	W	0.019827
01519626264700	79147.201286	S	1.260102
01519650458668	79148.461389	W	0.019804
01519650838908	79148.481193	S	0.271658
01519656054740	79148.752851	W	0.017571
01519656392112	79148.770423	S	0.495316
01519665902176	79149.265738	W	0.017487
01519666237932	79149.283226	S	0.207709
01519670225940	79149.490934	W	0.015137
01519670516580	79149.506072	S	0.235326
01519675034840	79149.741398	W	0.019870
01519675416340	79149.761268	S	0.324218
01519681641324	79150.085486	W	0.014554
01519681920756	79150.100039	S	0.921342
01519699610528	79151.021382	W	0.019814
01519699990956	79151.041196	S	0.066398
01519701265800	79151.107594	W	0.014238
01519701539160	79151.121831	S	0.804779
01519716990920	79151.926610	W	0.085749
01519718637304	79152.012360	S	0.027852
01519719172060	79152.040211	W	0.111092
01519721305020	79152.151303	S	0.150142
01519724187752	79152.301445	W	0.019787
01519724567656	79152.321232	S	0.195160
01519728314724	79152.516392	W	0.014900
01519728600812	79152.531292	S	1.050078
01519748762304	79153.581370	W	0.019696
01519749140472	79153.601066	S	0.783360
01519764180984	79154.384426	W	0.014890
01519764466872	79154.399316	S	0.462064
01519773338508	79154.861381	W	0.019823
01519773719104	79154.881203	S	0.424814
01519781875532	79155.306017	W	0.014449
01519782152952	79155.320466	S	0.219506
01519786367460	79155.539972	W	0.015008
01519786655616	79155.554980	S	0.586391
01519797914316	79156.141371	W	0.019968
01519798297704	79156.161339	S	0.066277
01519799570216	79156.227615	W	0.014581
01519799850176	79156.242197	S	0.907075
01519817266012	79157.149271	W	0.014601
01519817546352	79157.163872	S	0.087801
01519819232140	79157.251674	W	0.014311
01519819506916	79157.265985	S	0.155381
01519822490224	79157.421366	W	0.019857
01519822871476	79157.441223	S	0.322422
01519829061972	79157.763644	W	0.014485
01519829340080	79157.778129	S	0.702246
01519842823200	79158.480375	W	0.014660
01519843104672	79158.495035	S	0.067256
01519844395992	79158.562291	W	0.014866
01519844681416	79158.577157	S	0.124204
01519847066132	79158.701361	W	0.019906
01519847448332	79158.721267	S	0.066130
01519848718020	79158.787397	W	0.088975
01519850426336	79158.876372	S	0.218267
01519854617068	79159.094639	W	0.085687
01519856262252	79159.180326	S	0.801033
01519871642076	79159.981358	W	0.022919
01519872082116	79160.004277	S	0.319383
01519878214272	79160.323660	W	0.014374
01519878490260	79160.338034	S	0.923317
01519896217940	79161.261351	W	0.019909
01519896600188	79161.281260	S	0.304627
01519902449032	79161.585887	W	0.014928
01519902735652	79161.600815	S	0.940533
01519920793888	79162.541348	W	0.039212
01519921546760	79162.580560	S	1.240771
01519945369556	79163.821331	W	0.019720
01519945748172	79163.841051	S	0.066357
01519947022232	79163.907408	W	0.086035
01519948674104	79163.993443	S	0.615867
01519960498752	79164.609310	W	0.014929
01519960785396	79164.624239	S	0.477112
01519969945952	79165.101352	W	0.019942
01519970328840	79165.121294	S	1.260018
01519994521192	79166.381312	W	0.019739
01519994900176	79166.401051	S	0.271300
01520000109132	79166.672351	W	0.014528
01520000388076	79166.686879	S	0.946986
01520018570212	79167.633865	W	0.014299
01520018844756	79167.648164	S	0.013501
01520019103980	79167.661666	W	0.019151
01520019471676	79167.680816	S	1.260478
01520043672852	79168.941294	W	0.019918
01520044055276	79168.961212	S	0.476034
01520053195124	79169.437246	W	0.014565
01520053474776	79169.451811	S	0.769549
01520068250112	79170.221360	W	0.019830
01520068630848	79170.241190	S	0.118012
01520070896676	79170.359202	W	0.014670
01520071178336	79170.373872	S	0.286089
01520076671240	79170.659960	W	0.023655
01520077125424	79170.683616	S	0.817674
01520092824772	79171.501290	W	0.019974
01520093208268	79171.521264	S	0.066406
01520094483272	79171.587670	W	0.014533
01520094762308	79171.602204	S	0.907092
01520112178480	79172.509296	W	0.014883
01520112464240	79172.524179	S	0.257125
01520117401036	79172.781304	W	0.019914
01520117783384	79172.801218	S	0.322437
01520123974168	79173.123655	W	0.014504
01520124252648	79173.138159	S	0.549999
01520134812624	79173.688158	W	0.031008
01520135407976	79173.719165	S	0.342133
01520141976920	79174.061298	W	0.019757
01520142356252	79174.081055	S	1.260216
01520166552400	79175.341271	W	0.022933
01520166992704	79175.364203	S	0.524155
01520177056484	79175.888359	W	0.014590
01520177336604	79175.902948	S	0.718344
01520191128804	79176.621292	W	0.018952
01520191492684	79176.640244	S	0.071271
01520192861092	79176.711515	W	0.014648
01520193142324	79176.726163	S	0.390242
01520200634968	79177.116405	W	8.007558
01520354380080	79185.123963	S	0.457273
01520363159716	79185.581235	W	0.019002
01520363524552	79185.600237	S	0.187568
01520367125860	79185.787805	W	0.014867
01520367411312	79185.802672	S	1.042639
01520387429976	79186.845311	W	0.034853
01520388099152	79186.880164	S	0.681923
01520401192068	79187.562087	W	0.015092
01520401481836	79187.577179	S	0.433309
01520409801364	79188.010488	W	0.005952
01520409915640	79188.016440	S	0.124785
01520412311512	79188.141225	W	0.018865
01520412673724	79188.160090	S	0.221213
01520416921008	79188.381302	W	0.014454
01520417198528	79188.395757	S	0.420146
01520425265324	79188.815902	W	0.022625
01520425699728	79188.838528	S	0.582689
01520436887348	79189.421216	W	0.018866
01520437249580	79189.440082	S	1.261165
01520461463944	79190.701247	W	0.021902
01520461884464	79190.723149	S	1.119148
01520483372112	79191.842297	W	0.014759
01520483655492	79191.857057	S	0.124183
01520486039800	79191.981240	W	0.018926
01520486403188	79192.000166	S	1.261042
01520510615192	79193.261208	W	0.018742
01520510975032	79193.279950	S	0.688388
01520524192072	79193.968337	W	0.064492
01520525430316	79194.032829	S	0.508389
01520535191376	79194.541217	W	0.018311
01520535542952	79194.559529	S	0.308317
01520541462632	79194.867845	W	0.022582
01520541896204	79194.890427	S	0.930785
01520559767268	79195.821212	W	0.018973
01520560131544	79195.840185	S	0.938091
01520578142896	79196.778276	W	0.014706
01520578425244	79196.792981	S	0.308216
01520584343000	79197.101198	W	0.018951
01520584706852	79197.120149	S	0.770770
01520599505640	79197.890919	W	0.014799
01520599789784	79197.905718	S	0.475466
01520608918728	79198.381184	W	0.019010
01520609283724	79198.400194	S	1.260977
01520633494488	79199.661171	W	0.018870
01520633856792	79199.680041	S	0.682105
01520646953208	79200.362146	W	0.014575
01520647233040	79200.376721	S	0.536677
01520657537240	79200.913398	W	0.046694
01520658433760	79200.960092	S	0.733218
01520672511544	79201.693310	W	0.014506
01520672790060	79201.707816	S	0.513370
01520682646756	79202.221185	W	0.018985
01520683011268	79202.240170	S	0.374729
01520690206056	79202.614899	W	0.014963
01520690493344	79202.629862	S	0.599467
01520702003108	79203.229329	W	0.014580
01520702283048	79203.243909	S	0.257266
01520707222556	79203.501175	W	0.018958
01520707586552	79203.520133	S	0.416901
01520715591056	79203.937034	W	0.014879
01520715876732	79203.951913	S	0.096645
01520717732320	79204.048558	W	0.014244
01520718005808	79204.062803	S	0.002166
01520718047400	79204.064969	W	0.113624
01520720228984	79204.178593	S	0.074541
01520721660172	79204.253134	W	0.084721
01520723286808	79204.337855	S	0.427501
01520731494836	79204.765356	W	0.034728
01520732161604	79204.800084	S	1.261060
01520756373956	79206.061144	W	0.022038
01520756797088	79206.083182	S	0.880238
01520773697656	79206.963420	W	0.022108
01520774122124	79206.985527	S	0.355627
01520780950172	79207.341155	W	0.033209
01520781587788	79207.374364	S	1.246773
01520805525828	79208.621137	W	0.018744
01520805885716	79208.639881	S	0.488086
01520815256968	79209.127967	W	0.236825
01520819804008	79209.364792	S	0.013983
01520820072488	79209.378775	W	0.063547
01520821292584	79209.442322	S	0.033191
01520821929852	79209.475513	W	0.086025
01520823581528	79209.561538	S	0.339656
01520830102928	79209.901194	W	0.018275
01520830453804	79209.919469	S	0.072862
01520831852760	79209.992331	W	0.022808
01520832290668	79210.015139	S	1.165992
01520854677724	79211.181131	W	0.018973
01520855042008	79211.200105	S	1.245416
01520878953992	79212.445520	W	0.028764
01520879506256	79212.474284	S	0.073411
01520880915748	79212.547695	W	0.032636
01520881542360	79212.580331	S	0.276225
01520886845872	79212.856556	W	0.014626
01520887126684	79212.871181	S	0.144097
01520889893356	79213.015279	W	0.022624
01520890327736	79213.037903	S	0.021845
01520890747168	79213.059748	W	0.015318
01520891041276	79213.075066	S	0.666054
01520903829504	79213.741120	W	0.018969
01520904193712	79213.760089	S	0.630614
01520916301496	79214.390703	W	0.086109
01520917954780	79214.476811	S	0.027364
01520918480168	79214.504175	W	0.119401
01520920772664	79214.623576	S	0.397607
01520928406720	79215.021183	W	0.018176
01520928755692	79215.039359	S	0.581626
01520939922916	79215.620985	W	0.014483
01520940200996	79215.635469	S	0.086867
01520941868844	79215.722336	W	0.014396
01520942145252	79215.736732	S	0.295195
01520947813000	79216.031927	W	0.031130
01520948410688	79216.063057	S	0.068819
01520949732012	79216.131876	W	0.014504
01520950010488	79216.146380	S	0.154732
01520952981336	79216.301111	W	0.018923
01520953344652	79216.320034	S	0.426106
01520961525880	79216.746140	W	0.014411
01520961802564	79216.760550	S	0.820546
01520977557044	79217.581096	W	0.019004
01520977921912	79217.600100	S	0.068026
01520979228016	79217.668126	W	0.022465
01520979659344	79217.690591	S	1.170508
01521002133100	79218.861099	W	0.018947
01521002496884	79218.880046	S	0.016522
01521002814108	79218.896568	W	0.014401
01521003090608	79218.910969	S	0.162032
01521006201616	79219.073001	W	0.014834
01521006486432	79219.087835	S	0.628446
01521018552592	79219.716281	W	0.014595
01521018832808	79219.730875	S	0.190331
01521022487164	79219.921206	W	0.017330
01521022819900	79219.938536	S	0.202560
01521026709056	79220.141097	W	0.018947
01521027072836	79220.160044	S	0.272564
01521032306056	79220.432607	W	0.019343
01521032677436	79220.451950	S	0.185426
01521036237624	79220.637376	W	0.014354
01521036513228	79220.651731	S	0.769359
01521051284928	79221.421090	W	0.021786
01521051703216	79221.442876	S	0.218452
01521055897488	79221.661327	W	0.014663
01521056179020	79221.675991	S	0.421934
01521064280152	79222.097925	W	0.014949
01521064567176	79222.112874	S	0.588214
01521075860876	79222.701087	W	0.018973
01521076225160	79222.720060	S	0.890967
01521093331724	79223.611027	W	0.014658
01521093613160	79223.625685	S	0.083707
01521095220332	79223.709392	W	0.014473
01521095498212	79223.723865	S	0.257215
01521100436740	79223.981080	W	0.018762
01521100796968	79223.999842	S	1.115076
01521122206424	79225.114918	W	5.009144
01521218381992	79230.124062	S	0.256975
01521223315920	79230.381038	W	0.018891
01521223678636	79230.399929	S	0.768249
01521238429024	79231.168178	W	0.015328
01521238723316	79231.183506	S	0.477551
01521247892296	79231.661057	W	0.018744
01521248252172	79231.679801	S	0.119673
01521250549892	79231.799474	W	0.024724
01521251024584	79231.824197	S	0.896410
01521268235656	79232.720607	W	0.014361
01521268511388	79232.734968	S	0.206055
01521272467652	79232.941024	W	0.018855
01521272829676	79232.959879	S	1.230230
01521296450084	79234.190109	W	0.014443
01521296727384	79234.204551	S	0.016815
01521297050224	79234.221366	W	0.018322
01521297402008	79234.239688	S	0.631247
01521309521944	79234.870935	W	0.024558
01521309993464	79234.895493	S	0.180323
01521313455672	79235.075816	W	0.014372
01521313731620	79235.090189	S	0.410825
01521321619452	79235.501013	W	0.019021
01521321984664	79235.520035	S	0.272533
01521327217292	79235.792567	W	0.014302
01521327491888	79235.806869	S	0.974175
01521346196048	79236.781044	W	0.021465
01521346608176	79236.802509	S	0.402989
01521354345560	79237.205498	W	0.014756
01521354628868	79237.220254	S	0.840786
01521370771952	79238.061039	W	0.018772
01521371132372	79238.079811	S	0.989749
01521390135560	79239.069560	W	0.014582
01521390415540	79239.084143	S	0.002224
01521390458232	79239.086366	W	0.014201
01521390730900	79239.100568	S	0.240439
01521395347336	79239.341007	W	0.018929
01521395710768	79239.359936	S	0.860115
01521412224968	79240.220050	W	0.014910
01521412511236	79240.234960	S	0.165722
01521415693100	79240.400682	W	0.014488
01521415971268	79240.415170	S	0.205845
01521419923500	79240.621016	W	0.018849
01521420285392	79240.639864	S	1.261122
01521444498944	79241.900987	W	0.018806
01521444860012	79241.919792	S	1.261179
01521469074644	79243.180971	W	0.018988
01521469439220	79243.199959	S	0.046260
01521470327420	79243.246220	W	0.014688
01521470609424	79243.260907	S	1.200057
01521493650524	79244.460965	W	0.018445
01521494004664	79244.479410	S	0.086278
01521495661200	79244.565687	W	0.051982
01521496659260	79244.617670	S	1.123310
01521518226816	79245.740980	W	0.017881
01521518570128	79245.758861	S	0.510970
01521528380752	79246.269831	W	0.014921
01521528667244	79246.284752	S	0.736251
01521542803256	79247.021003	W	0.018854
01521543165260	79247.039857	S	1.261089
01521567378176	79248.300947	W	0.018820
01521567739512	79248.319766	S	0.170416
01521571011508	79248.490183	W	0.014285
01521571285772	79248.504467	S	0.790902
01521586471084	79249.295369	W	0.023254
01521586917552	79249.318622	S	0.093222
01521588707408	79249.411844	W	0.018135
01521589055592	79249.429979	S	0.150976
01521591954336	79249.580955	W	0.018922
01521592317648	79249.599878	S	1.040709
01521612299256	79250.640586	W	0.014608
01521612579736	79250.655195	S	0.205754
01521616530212	79250.860949	W	0.018952
01521616894084	79250.879900	S	0.579912
01521628028400	79251.459813	W	0.014814
01521628312824	79251.474626	S	0.599616
01521639825448	79252.074242	W	0.013763
01521640089692	79252.088005	S	0.053286
01521641112792	79252.141291	W	0.021523
01521641526036	79252.162814	S	0.161447
01521644625812	79252.324261	W	0.023363
01521645074384	79252.347624	S	1.077344
01521665759392	79253.424968	W	0.014211
01521666032236	79253.439179	S	0.538601
01521676373384	79253.977780	W	0.001347
01521676399248	79253.979128	S	0.000610
01521676410964	79253.979738	W	0.000057
01521676412060	79253.979795	S	0.098480
01521678302872	79254.078275	W	0.000216
01521678307020	79254.078491	S	0.099812
01521680223420	79254.178303	W	0.000473
01521680232508	79254.178776	S	0.526137
01521690334340	79254.704914	W	0.013390
01521690591436	79254.718304	S	0.632110
01521702727940	79255.350414	W	0.013070
01521702978892	79255.363484	S	0.615622
01521714798828	79255.979106	W	0.019693
01521715176936	79255.998799	S	0.002156
01521715218328	79256.000955	W	0.001058
01521715238632	79256.002012	S	0.027813
01521715772640	79256.029825	W	0.000601
01521715784172	79256.030426	S	0.001256
01521715808296	79256.031682	W	0.000331
01521715814648	79256.032013	S	0.000276
01521715819944	79256.032289	W	0.002830
01521715874284	79256.035119	S	0.000306
01521715880168	79256.035425	W	0.005030
01521715976744	79256.040455	S	0.000333
01521715983128	79256.040788	W	0.000067
01521715984416	79256.040855	S	0.001050
01521716004576	79256.041905	W	0.000329
01521716010892	79256.042234	S	0.000275
01521716016176	79256.042509	W	0.001995
01521716054476	79256.044504	S	0.035184
01521716730004	79256.079688	W	0.000247
01521716734744	79256.079935	S	0.058494
01521717857824	79256.138428	W	0.001699
01521717890436	79256.140127	S	0.039619
01521718651120	79256.179746	W	0.000485
01521718660440	79256.180231	S	0.060779
01521719827404	79256.241011	W	0.002138
01521719868456	79256.243149	S	0.002156
01521719909856	79256.245305	W	0.000901
01521719927152	79256.246206	S	0.604059
01521731525092	79256.850265	W	0.001777
01521731559212	79256.852042	S	0.002206
01521731601560	79256.854248	W	0.002731
01521731653992	79256.856979	S	0.002097
01521731694252	79256.859076	W	0.003149
01521731754704	79256.862224	S	0.002108
01521731795172	79256.864332	W	0.002741
01521731847804	79256.867073	S	0.002066
01521731887476	79256.869139	W	0.000886
01521731904480	79256.870025	S	0.002986
01521731961816	79256.873011	W	0.002521
01521732010212	79256.875532	S	0.002085
01521732050244	79256.877617	W	0.003018
01521732108192	79256.880635	S	0.002077
01521732148076	79256.882712	W	0.002477
01521732195640	79256.885190	S	0.002094
01521732235840	79256.887283	W	0.000978
01521732254608	79256.888261	S	0.001926
01521732291588	79256.890187	W	0.002035
01521732330664	79256.892222	S	0.002057
01521732370152	79256.894279	W	0.001778
01521732404296	79256.896057	S	0.002008
01521732442852	79256.898065	W	0.001805
01521732477516	79256.899871	S	0.002059
01521732517040	79256.901929	W	0.000912
01521732534548	79256.902841	S	0.004113
01521732613524	79256.906954	W	0.003234
01521732675624	79256.910189	S	0.002098
01521732715908	79256.912287	W	0.000936
01521732733876	79256.913223	S	0.005371
01521732837000	79256.918594	W	0.002229
01521732879788	79256.920822	S	0.002298
01521732923912	79256.923120	W	0.002200
01521732966144	79256.925320	S	0.002069
01521733005864	79256.927389	W	0.002670
01521733057132	79256.930059	S	0.002070
01521733096880	79256.932129	W	0.000940
01521733114936	79256.933070	S	0.006296
01521733235828	79256.939366	W	0.001318
01521733261132	79256.940684	S	0.002035
01521733300212	79256.942719	W	0.000924
01521733317956	79256.943644	S	0.002411
01521733364256	79256.946055	W	0.002509
01521733412424	79256.948564	S	0.002142
01521733453560	79256.950706	W	0.000905
01521733470936	79256.951611	S	0.003161
01521733531624	79256.954772	W	0.001241
01521733555444	79256.956013	S	0.001977
01521733593396	79256.957989	W	0.001946
01521733630768	79256.959936	S	0.002025
01521733669648	79256.961961	W	0.002506
01521733717768	79256.964467	S	0.002243
01521733760836	79256.966710	W	0.000915
01521733778412	79256.967626	S	0.054326
01521734821468	79257.021951	W	0.006624
01521734948652	79257.028576	S	0.002173
01521734990376	79257.030749	W	0.002437
01521735037176	79257.033186	S	0.002105
01521735077588	79257.035291	W	0.014276
01521735351688	79257.049567	S	0.215340
01521739486216	79257.264907	W	0.013682
01521739748916	79257.278589	S	1.093201
01521760738384	79258.371791	W	0.014806
01521761022668	79258.386597	S	0.158374
01521764063452	79258.544971	W	0.013673
01521764325964	79258.558644	S	1.266271
01521788638360	79259.824915	W	0.012861
01521788885288	79259.837775	S	0.530875
01521799078080	79260.368650	W	0.014301
01521799352668	79260.382951	S	0.721970
01521813214500	79261.104922	W	0.013535
01521813474380	79261.118457	S	0.267646
01521818613192	79261.386104	W	0.014937
01521818899980	79261.401041	S	0.983887
01521837790604	79262.384927	W	0.014175
01521838062772	79262.399103	S	1.041689
01521858063200	79263.440792	W	0.014623
01521858343956	79263.455414	S	0.209507
01521862366488	79263.664921	W	0.014151
01521862638192	79263.679073	S	0.724013
01521876539240	79264.403085	W	0.014988
01521876827016	79264.418074	S	0.149141
01521879690516	79264.567214	W	0.014381
01521879966624	79264.581595	S	0.363301
01521886942004	79264.944896	W	0.014138
01521887213456	79264.959034	S	0.939190
01521905245896	79265.898224	W	0.014391
01521905522204	79265.912615	S	0.312290
01521911518168	79266.224905	W	0.013410
01521911775632	79266.238314	S	0.274795
01521917051696	79266.513109	W	0.014428
01521917328720	79266.527538	S	0.007624
01521917475092	79266.535161	W	0.099365
01521919382904	79266.634526	S	0.082690
01521920970560	79266.717217	W	0.084169
01521922586608	79266.801386	S	0.428096
01521930806048	79267.229482	W	0.020361
01521931196972	79267.249842	S	0.131921
01521933729860	79267.381764	W	0.004025
01521933807144	79267.385789	S	0.003667
01521933877548	79267.389456	W	0.001157
01521933899760	79267.390613	S	0.001947
01521933937148	79267.392560	W	0.010685
01521934142300	79267.403245	S	0.002259
01521934185672	79267.405504	W	0.000567
01521934196568	79267.406071	S	0.001390
01521934223260	79267.407461	W	0.000350
01521934229988	79267.407812	S	0.001361
01521934256116	79267.409173	W	0.001114
01521934277504	79267.410287	S	0.001379
01521934303988	79267.411666	W	0.000287
01521934309496	79267.411953	S	0.002758
01521934362456	79267.414711	W	0.000212
01521934366524	79267.414923	S	0.001357
01521934392584	79267.416280	W	0.000329
01521934398900	79267.416609	S	0.001659
01521934430760	79267.418269	W	0.000944
01521934448892	79267.419213	S	0.001371
01521934475216	79267.420584	W	0.000282
01521934480640	79267.420867	S	0.004575
01521934568476	79267.425441	W	0.000214
01521934572580	79267.425655	S	0.001351
01521934598528	79267.427007	W	0.015724
01521934900436	79267.442731	S	0.002581
01521934950000	79267.445313	W	0.000371
01521934957128	79267.445684	S	0.001436
01521934984708	79267.447120	W	0.000393
01521934992260	79267.447514	S	0.001351
01521935018192	79267.448864	W	0.000285
01521935023656	79267.449149	S	0.001374
01521935050040	79267.450523	W	0.000916
01521935067632	79267.451439	S	0.001390
01521935094312	79267.452829	W	0.000287
01521935099832	79267.453116	S	0.001677
01521935132036	79267.454794	W	0.000163
01521935135160	79267.454956	S	0.001664
01521935167112	79267.456620	W	0.000361
01521935174044	79267.456981	S	0.001679
01521935206284	79267.458661	W	0.000311
01521935212260	79267.458972	S	0.001348
01521935238136	79267.460320	W	0.001051
01521935258316	79267.461371	S	0.001401
01521935285212	79267.462771	W	0.000286
01521935290696	79267.463057	S	0.001366
01521935316928	79267.464423	W	0.000338
01521935323424	79267.464762	S	0.001414
01521935350572	79267.466176	W	0.000467
01521935359532	79267.466642	S	0.001396
01521935386328	79267.468038	W	0.000289
01521935391880	79267.468327	S	0.001375
01521935418288	79267.469703	W	0.000958
01521935436680	79267.470660	S	0.001366
01521935462916	79267.472027	W	0.000283
01521935468344	79267.472310	S	0.002756
01521935521256	79267.475065	W	0.000166
01521935524448	79267.475232	S	0.001351
01521935550388	79267.476583	W	0.000279
01521935555748	79267.476862	S	0.001362
01521935581896	79267.478224	W	0.000856
01521935598324	79267.479079	S	0.001356
01521935624360	79267.480435	W	0.000337
01521935630836	79267.480773	S	0.002629
01521935681308	79267.483401	W	0.000186
01521935684888	79267.483588	S	0.001359
01521935710984	79267.484947	W	0.000293
01521935716608	79267.485240	S	0.001348
01521935742484	79267.486588	W	0.000911
01521935759980	79267.487499	S	0.001393
01521935786716	79267.488891	W	0.000275
01521935792000	79267.489167	S	0.002216
01521935834552	79267.491383	W	0.000164
01521935837708	79267.491547	S	0.001351
01521935863640	79267.492898	W	0.027052
01521936383040	79267.519950	S	0.001642
01521936414568	79267.521592	W	0.001078
01521936435264	79267.522670	S	0.001943
01521936472568	79267.524613	W	0.002011
01521936511180	79267.526624	S	0.002067
01521936550876	79267.528691	W	0.001011
01521936570288	79267.529703	S	0.001901
01521936606796	79267.531604	W	0.002776
01521936660092	79267.534380	S	0.002097
01521936700356	79267.536477	W	0.002849
01521936755052	79267.539326	S	0.002064
01521936794676	79267.541389	W	0.002904
01521936850440	79267.544294	S	0.002063
01521936890044	79267.546356	W	0.002877
01521936945276	79267.549233	S	0.002052
01521936984680	79267.551285	W	0.001021
01521937004276	79267.552306	S	0.002496
01521937052204	79267.554802	W	0.002816
01521937106280	79267.557619	S	0.002059
01521937145820	79267.559678	W	0.002701
01521937197680	79267.562379	S	0.002054
01521937237116	79267.564433	W	0.001040
01521937257088	79267.565473	S	0.001889
01521937293348	79267.567362	W	0.002596
01521937343184	79267.569958	S	0.002051
01521937382568	79267.572009	W	0.003164
01521937443308	79267.575172	S	0.002140
01521937484404	79267.577313	W	0.002828
01521937538708	79267.580141	S	0.002056
01521937578180	79267.582197	W	0.003301
01521937641564	79267.585498	S	0.002091
01521937681716	79267.587589	W	0.001298
01521937706628	79267.588887	S	0.001922
01521937743528	79267.590809	W	0.002514
01521937791796	79267.593323	S	0.002064
01521937831420	79267.595386	W	0.000912
01521937848928	79267.596298	S	0.001893
01521937885264	79267.598191	W	0.003017
01521937943196	79267.601208	S	0.002134
01521937984176	79267.603343	W	0.001017
01521938003700	79267.604359	S	0.001961
01521938041352	79267.606320	W	0.002727
01521938093708	79267.609047	S	0.002157
01521938135120	79267.611204	W	0.001092
01521938156092	79267.612296	S	0.002172
01521938197796	79267.614469	W	0.001002
01521938217028	79267.615470	S	0.002024
01521938255892	79267.617494	W	0.002275
01521938299580	79267.619770	S	0.002158
01521938341004	79267.621927	W	0.001023
01521938360652	79267.622951	S	0.001959
01521938398264	79267.624910	W	0.003196
01521938459624	79267.628105	S	0.002150
01521938500912	79267.630256	W	0.000973
01521938519588	79267.631229	S	0.001995
01521938557888	79267.633223	W	0.001887
01521938594116	79267.635110	S	0.002351
01521938639252	79267.637461	W	0.002814
01521938693272	79267.640275	S	0.002046
01521938732556	79267.642321	W	0.002674
01521938783888	79267.644994	S	0.002034
01521938822944	79267.647028	W	0.003055
01521938881604	79267.650084	S	0.002059
01521938921144	79267.652143	W	0.002826
01521938975404	79267.654969	S	0.002051
01521939014776	79267.657020	W	0.001144
01521939036736	79267.658163	S	0.001928
01521939073752	79267.660091	W	0.001367
01521939099992	79267.661458	S	0.002020
01521939138768	79267.663477	W	0.000945
01521939156916	79267.664423	S	0.001906
01521939193504	79267.666328	W	0.002731
01521939245932	79267.669059	S	0.002109
01521939286428	79267.671168	W	0.001387
01521939313052	79267.672555	S	0.001939
01521939350284	79267.674494	W	0.001329
01521939375808	79267.675823	S	0.002017
01521939414540	79267.677841	W	0.001424
01521939441872	79267.679264	S	0.001959
01521939479492	79267.681224	W	0.001305
01521939504548	79267.682529	S	0.002016
01521939543248	79267.684544	W	0.003431
01521939609132	79267.687976	S	0.002105
01521939649556	79267.690081	W	0.003036
01521939707852	79267.693117	S	0.002055
01521939747312	79267.695172	W	0.001137
01521939769136	79267.696309	S	0.001938
01521939806344	79267.698247	W	0.001323
01521939831744	79267.699570	S	0.002011
01521939870360	79267.701581	W	0.001234
01521939894044	79267.702815	S	0.001942
01521939931332	79267.704757	W	0.002318
01521939975828	79267.707074	S	0.002061
01521940015396	79267.709135	W	0.001122
01521940036936	79267.710257	S	0.001943
01521940074236	79267.712200	W	0.002346
01521940119288	79267.714546	S	0.002958
01521940176088	79267.717505	W	0.002920
01521940232160	79267.720425	S	0.002052
01521940271564	79267.722477	W	0.001499
01521940300348	79267.723976	S	0.001919
01521940337200	79267.725896	W	0.001573
01521940367408	79267.727469	S	0.002101
01521940407752	79267.729570	W	0.002691
01521940459420	79267.732261	S	0.002049
01521940498752	79267.734310	W	0.003127
01521940558792	79267.737437	S	0.002168
01521940600420	79267.739605	W	0.002805
01521940654272	79267.742410	S	0.002061
01521940693852	79267.744471	W	0.002979
01521940751044	79267.747450	S	0.002059
01521940790576	79267.749509	W	0.002751
01521940843404	79267.752261	S	0.002055
01521940882860	79267.754316	W	0.002830
01521940937200	79267.757146	S	0.002041
01521940976384	79267.759187	W	0.002860
01521941031296	79267.762047	S	0.002068
01521941070996	79267.764114	W	0.003062
01521941129780	79267.767176	S	0.002059
01521941169316	79267.769235	W	0.000901
01521941186624	79267.770137	S	0.001877
01521941222660	79267.772014	W	0.002710
01521941274700	79267.774724	S	0.002050
01521941314052	79267.776774	W	0.002911
01521941369940	79267.779684	S	0.002057
01521941409428	79267.781741	W	0.002712
01521941461496	79267.784453	S	0.002053
01521941500904	79267.786505	W	0.002726
01521941553248	79267.789232	S	0.002071
01521941593008	79267.791303	W	0.001032
01521941612828	79267.792335	S	0.001885
01521941649012	79267.794219	W	0.002685
01521941700568	79267.796905	S	0.002061
01521941740132	79267.798965	W	0.002853
01521941794900	79267.801818	S	0.002062
01521941834492	79267.803880	W	0.001036
01521941854384	79267.804916	S	0.001884
01521941890552	79267.806800	W	0.002776
01521941943848	79267.809575	S	0.002154
01521941985200	79267.811729	W	0.001043
01521942005216	79267.812772	S	0.001885
01521942041408	79267.814657	W	0.003150
01521942101896	79267.817807	S	0.002104
01521942142284	79267.819911	W	0.001070
01521942162820	79267.820980	S	0.001910
01521942199492	79267.822890	W	0.001762
01521942233332	79267.824653	S	0.002041
01521942272516	79267.826694	W	0.002708
01521942324512	79267.829402	S	0.002060
01521942364068	79267.831462	W	0.002848
01521942418740	79267.834309	S	0.002048
01521942458056	79267.836357	W	0.003181
01521942519132	79267.839538	S	0.002094
01521942559328	79267.841632	W	0.002934
01521942615664	79267.844566	S	0.002050
01521942655028	79267.846616	W	0.002915
01521942710988	79267.849531	S	0.002054
01521942750420	79267.851584	W	0.001258
01521942774568	79267.852842	S	0.001929
01521942811604	79267.854771	W	0.002276
01521942855296	79267.857047	S	0.002184
01521942897232	79267.859231	W	0.001364
01521942923416	79267.860595	S	0.002031
01521942962416	79267.862626	W	0.001374
01521942988788	79267.863999	S	0.002096
01521943029040	79267.866096	W	0.001520
01521943058224	79267.867616	S	0.002018
01521943096976	79267.869634	W	0.001381
01521943123488	79267.871015	S	0.002078
01521943163388	79267.873093	W	0.001066
01521943183852	79267.874159	S	0.004367
01521943267692	79267.878526	W	0.003031
01521943325896	79267.881557	S	0.002183
01521943367804	79267.883740	W	0.002752
01521943420648	79267.886492	S	0.002130
01521943461552	79267.888623	W	0.003011
01521943519364	79267.891634	S	0.002219
01521943561968	79267.893852	W	0.001097
01521943583028	79267.894949	S	0.002018
01521943621768	79267.896967	W	0.002990
01521943679172	79267.899957	S	0.002164
01521943720720	79267.902121	W	0.001035
01521943740596	79267.903156	S	0.001942
01521943777888	79267.905098	W	0.001119
01521943799376	79267.906217	S	0.001995
01521943837684	79267.908213	W	0.001452
01521943865560	79267.909665	S	0.002040
01521943904728	79267.911705	W	0.000953
01521943923024	79267.912657	S	0.001988
01521943961196	79267.914646	W	0.001020
01521943980784	79267.915666	S	0.001973
01521944018664	79267.917639	W	0.002405
01521944064836	79267.920044	S	0.002088
01521944104928	79267.922132	W	0.000975
01521944123648	79267.923107	S	0.002172
01521944165352	79267.925279	W	0.001038
01521944185284	79267.926317	S	0.001908
01521944221924	79267.928225	W	0.002766
01521944275028	79267.930991	S	0.002081
01521944314980	79267.933072	W	0.000971
01521944333632	79267.934043	S	0.001995
01521944371928	79267.936038	W	0.001211
01521944395180	79267.937249	S	0.001920
01521944432036	79267.939169	W	0.001481
01521944460480	79267.940650	S	0.002097
01521944500740	79267.942747	W	0.001110
01521944522048	79267.943857	S	0.004665
01521944611616	79267.948522	W	0.001277
01521944636132	79267.949799	S	0.001927
01521944673124	79267.951725	W	0.001429
01521944700564	79267.953154	S	0.002060
01521944740116	79267.955214	W	0.000975
01521944758828	79267.956189	S	0.002622
01521944809172	79267.958811	W	0.003046
01521944867664	79267.961858	S	0.002161
01521944909160	79267.964019	W	0.003052
01521944967760	79267.967071	S	0.002060
01521945007308	79267.969131	W	0.002800
01521945061060	79267.971930	S	0.002046
01521945100336	79267.973976	W	0.001017
01521945119860	79267.974993	S	0.001888
01521945156104	79267.976880	W	0.002791
01521945209688	79267.979671	S	0.002035
01521945248760	79267.981706	W	0.002702
01521945300644	79267.984409	S	0.002054
01521945340080	79267.986463	W	0.002827
01521945394364	79267.989290	S	0.002075
01521945434204	79267.991365	W	0.002962
01521945491072	79267.994327	S	0.002080
01521945531016	79267.996407	W	0.001120
01521945552512	79267.997527	S	0.002041
01521945591708	79267.999568	W	0.001761
01521945625528	79268.001330	S	0.002038
01521945664656	79268.003368	W	0.003103
01521945724236	79268.006471	S	0.002043
01521945763464	79268.008514	W	0.003172
01521945824360	79268.011685	S	0.002067
01521945864052	79268.013753	W	0.001087
01521945884924	79268.014840	S	0.001939
01521945922160	79268.016779	W	0.002704
01521945974072	79268.019483	S	0.002099
01521946014368	79268.021582	W	0.001034
01521946034228	79268.022616	S	0.001895
01521946070604	79268.024511	W	0.003247
01521946132956	79268.027758	S	0.002053
01521946172376	79268.029811	W	0.002604
01521946222376	79268.032415	S	0.002061
01521946261948	79268.034476	W	0.001016
01521946281448	79268.035492	S	0.001889
01521946317724	79268.037381	W	0.002993
01521946375196	79268.040375	S	0.002280
01521946418976	79268.042655	W	0.001168
01521946441408	79268.043823	S	0.001927
01521946478412	79268.045751	W	0.001762
01521946512240	79268.047512	S	0.002049
01521946551572	79268.049561	W	0.001008
01521946570932	79268.050569	S	0.001869
01521946606820	79268.052439	W	0.002986
01521946664148	79268.055424	S	0.002049
01521946703484	79268.057473	W	0.003180
01521946764544	79268.060653	S	0.002061
01521946804116	79268.062714	W	0.002817
01521946858204	79268.065531	S	0.002046
01521946897484	79268.067577	W	0.002406
01521946943688	79268.069984	S	0.002036
01521946982776	79268.072020	W	0.001006
01521947002096	79268.073026	S	0.001930
01521947039160	79268.074956	W	0.002544
01521947088004	79268.077500	S	0.002037
01521947127108	79268.079537	W	0.002658
01521947178140	79268.082195	S	0.002063
01521947217744	79268.084257	W	0.003292
01521947280944	79268.087549	S	0.002062
01521947320540	79268.089611	W	0.002953
01521947377236	79268.092564	S	0.002131
01521947418160	79268.094696	W	0.001059
01521947438496	79268.095755	S	0.001949
01521947475912	79268.097704	W	0.003098
01521947535388	79268.100801	S	0.002137
01521947576412	79268.102938	W	0.001156
01521947598604	79268.104094	S	0.001985
01521947636716	79268.106079	W	0.001391
01521947663416	79268.107470	S	0.002036
01521947702500	79268.109505	W	0.001176
01521947725088	79268.110682	S	0.001924
01521947762032	79268.112606	W	0.002105
01521947802440	79268.114710	S	0.002046
01521947841728	79268.116757	W	0.002821
01521947895888	79268.119577	S	0.002049
01521947935220	79268.121626	W	0.002826
01521947989484	79268.124452	S	0.002059
01521948029008	79268.126511	W	0.002749
01521948081784	79268.129260	S	0.002057
01521948121288	79268.131317	W	0.002825
01521948175520	79268.134142	S	0.002068
01521948215224	79268.136210	W	0.001225
01521948238752	79268.137435	S	0.001899
01521948275216	79268.139334	W	0.001787
01521948309528	79268.141121	S	0.002044
01521948348772	79268.143165	W	0.001361
01521948374908	79268.144526	S	0.001958
01521948412504	79268.146485	W	0.001373
01521948438872	79268.147858	S	0.002024
01521948477732	79268.149882	W	0.001064
01521948498160	79268.150946	S	0.001902
01521948534672	79268.152847	W	0.003062
01521948593460	79268.155909	S	0.002072
01521948633240	79268.157981	W	0.001351
01521948659188	79268.159333	S	0.001908
01521948695824	79268.161241	W	0.001951
01521948733284	79268.163192	S	0.002045
01521948772540	79268.165236	W	0.000938
01521948790548	79268.166174	S	0.001895
01521948826932	79268.168069	W	0.003021
01521948884940	79268.171091	S	0.002032
01521948923956	79268.173123	W	0.002951
01521948980612	79268.176074	S	0.002060
01521949020172	79268.178134	W	0.001092
01521949041140	79268.179226	S	0.001940
01521949078392	79268.181166	W	0.001534
01521949107840	79268.182700	S	0.002064
01521949147460	79268.184764	W	0.001136
01521949169272	79268.185900	S	0.001967
01521949207032	79268.187866	W	0.002741
01521949259668	79268.190608	S	0.002107
01521949300124	79268.192715	W	0.000959
01521949318544	79268.193674	S	0.001900
01521949355016	79268.195574	W	0.000923
01521949372740	79268.196497	S	0.001920
01521949409600	79268.198417	W	0.002745
01521949462312	79268.201162	S	0.002077
01521949502184	79268.203239	W	0.001134
01521949523964	79268.204373	S	0.001953
01521949561456	79268.206326	W	0.003051
01521949620040	79268.209377	S	0.002105
01521949660464	79268.211483	W	0.003080
01521949719596	79268.214562	S	0.002048
01521949758920	79268.216610	W	0.000922
01521949776616	79268.217532	S	0.001910
01521949813292	79268.219442	W	0.001895
01521949849676	79268.221337	S	0.002041
01521949888868	79268.223379	W	0.001062
01521949909252	79268.224440	S	0.001899
01521949945720	79268.226340	W	0.001201
01521949968784	79268.227541	S	0.001912
01521950005496	79268.229453	W	0.007147
01521950142724	79268.236600	S	0.002246
01521950185848	79268.238846	W	0.001505
01521950214740	79268.240351	S	0.002085
01521950254764	79268.242436	W	0.001107
01521950276012	79268.243542	S	0.001918
01521950312840	79268.245460	W	0.001223
01521950336324	79268.246684	S	0.001931
01521950373396	79268.248614	W	0.001545
01521950403068	79268.250160	S	0.002088
01521950443156	79268.252248	W	0.001081
01521950463912	79268.253329	S	0.001921
01521950500792	79268.255250	W	0.001020
01521950520376	79268.256270	S	0.001918
01521950557200	79268.258188	W	0.002125
01521950598008	79268.260313	S	0.002118
01521950638664	79268.262430	W	0.001103
01521950659848	79268.263534	S	0.002854
01521950714652	79268.266388	W	0.001156
01521950736840	79268.267544	S	0.001942
01521950774124	79268.269486	W	0.001490
01521950802732	79268.270976	S	0.002066
01521950842408	79268.273042	W	0.001346
01521950868260	79268.274389	S	0.001965
01521950905988	79268.276354	W	0.002349
01521950951084	79268.278702	S	0.002078
01521950990980	79268.280780	W	0.000953
01521951009272	79268.281733	S	0.002057
01521951048760	79268.283790	W	0.002209
01521951091176	79268.285999	S	0.002036
01521951130272	79268.288035	W	0.003002
01521951187916	79268.291037	S	0.002060
01521951227468	79268.293097	W	0.001292
01521951252280	79268.294390	S	0.001989
01521951290464	79268.296378	W	0.002207
01521951332832	79268.298585	S	0.002077
01521951372708	79268.300662	W	0.002968
01521951429688	79268.303630	S	0.002079
01521951469600	79268.305708	W	0.003096
01521951529048	79268.308805	S	0.002069
01521951568768	79268.310873	W	0.002880
01521951624064	79268.313753	S	0.002061
01521951663636	79268.315814	W	0.002985
01521951720944	79268.318799	S	0.002042
01521951760156	79268.320841	W	0.002801
01521951813944	79268.323643	S	0.002067
01521951853636	79268.325710	W	0.002841
01521951908188	79268.328551	S	0.002060
01521951947744	79268.330612	W	0.001021
01521951967340	79268.331632	S	0.002009
01521952005912	79268.333641	W	0.002851
01521952060656	79268.336493	S	0.002096
01521952100892	79268.338588	W	0.002849
01521952155588	79268.341437	S	0.002055
01521952195040	79268.343492	W	0.003181
01521952256124	79268.346673	S	0.002047
01521952295428	79268.348720	W	0.003344
01521952359628	79268.352064	S	0.002068
01521952399332	79268.354132	W	0.002871
01521952454456	79268.357003	S	0.002100
01521952494768	79268.359103	W	0.002808
01521952548676	79268.361910	S	0.002039
01521952587824	79268.363949	W	0.001280
01521952612392	79268.365229	S	0.001924
01521952649324	79268.367152	W	0.001784
01521952683580	79268.368936	S	0.002033
01521952722620	79268.370970	W	0.002774
01521952775884	79268.373744	S	0.002034
01521952814936	79268.375778	W	0.001170
01521952837404	79268.376948	S	0.001931
01521952874484	79268.378879	W	0.001329
01521952899996	79268.380208	S	0.002014
01521952938664	79268.382222	W	0.001339
01521952964364	79268.383561	S	0.001951
01521953001832	79268.385512	W	0.001334
01521953027452	79268.386846	S	0.002027
01521953066372	79268.388874	W	0.001096
01521953087420	79268.389970	S	0.001941
01521953124692	79268.391911	W	0.002405
01521953170872	79268.394316	S	0.002065
01521953210512	79268.396381	W	0.001021
01521953230112	79268.397402	S	0.002351
01521953275244	79268.399752	W	0.001092
01521953296204	79268.400844	S	0.001927
01521953333196	79268.402771	W	0.002289
01521953377140	79268.405059	S	0.002138
01521953418196	79268.407198	W	0.001101
01521953439332	79268.408299	S	0.001944
01521953476652	79268.410242	W	0.001884
01521953512824	79268.412126	S	0.002105
01521953553240	79268.414231	W	0.002898
01521953608876	79268.417129	S	0.002078
01521953648768	79268.419207	W	0.000996
01521953667888	79268.420202	S	0.002015
01521953706568	79268.422217	W	0.002841
01521953761112	79268.425058	S	0.002129
01521953801984	79268.427187	W	0.001054
01521953822216	79268.428240	S	0.001959
01521953859824	79268.430199	W	0.002112
01521953900376	79268.432311	S	0.002108
01521953940848	79268.434419	W	0.001121
01521953962376	79268.435540	S	0.001946
01521953999744	79268.437487	W	0.001158
01521954021980	79268.438645	S	0.001924
01521954058928	79268.440569	W	0.001981
01521954096972	79268.442551	S	0.002091
01521954137120	79268.444642	W	0.002937
01521954193512	79268.447579	S	0.002086
01521954233564	79268.449665	W	0.001650
01521954265244	79268.451315	S	0.001987
01521954303400	79268.453302	W	0.001884
01521954339580	79268.455186	S	0.002092
01521954379740	79268.457278	W	0.001226
01521954403280	79268.458504	S	0.002064
01521954442908	79268.460568	W	0.001304
01521954467948	79268.461872	S	0.002008
01521954506492	79268.463880	W	0.003216
01521954568240	79268.467096	S	0.002052
01521954607636	79268.469148	W	0.003026
01521954665740	79268.472174	S	0.002058
01521954705256	79268.474232	W	0.001453
01521954733156	79268.475685	S	0.001950
01521954770600	79268.477635	W	0.001737
01521954803952	79268.479373	S	0.002044
01521954843204	79268.481417	W	0.001105
01521954864424	79268.482522	S	0.001925
01521954901376	79268.484447	W	0.001349
01521954927280	79268.485796	S	0.002011
01521954965896	79268.487807	W	0.001090
01521954986832	79268.488898	S	0.001925
01521955023796	79268.490823	W	0.002213
01521955066284	79268.493036	S	0.002052
01521955105680	79268.495088	W	0.003208
01521955167280	79268.498296	S	0.002060
01521955206836	79268.500356	W	0.001350
01521955232764	79268.501706	S	0.001947
01521955270144	79268.503653	W	0.001325
01521955295588	79268.504979	S	0.002021
01521955334396	79268.507000	W	0.001078
01521955355088	79268.508077	S	0.001901
01521955391592	79268.509979	W	0.002674
01521955442936	79268.512653	S	0.002060
01521955482480	79268.514712	W	0.003341
01521955546636	79268.518054	S	0.002169
01521955588280	79268.520223	W	0.001060
01521955608632	79268.521283	S	0.001907
01521955645244	79268.523190	W	0.003026
01521955703344	79268.526216	S	0.002073
01521955743148	79268.528289	W	0.003012
01521955800980	79268.531301	S	0.002153
01521955842316	79268.533454	W	0.003049
01521955900848	79268.536503	S	0.002142
01521955941980	79268.538645	W	0.003272
01521956004800	79268.541917	S	0.002079
01521956044712	79268.543995	W	0.001033
01521956064552	79268.545029	S	0.001928
01521956101572	79268.546957	W	0.001344
01521956127380	79268.548301	S	0.001914
01521956164120	79268.550215	W	0.001399
01521956190980	79268.551614	S	0.002055
01521956230436	79268.553669	W	0.001130
01521956252136	79268.554799	S	0.001953
01521956289628	79268.556751	W	0.002521
01521956338024	79268.559272	S	0.002104
01521956378428	79268.561376	W	0.001099
01521956399520	79268.562475	S	0.001935
01521956436680	79268.564410	W	0.001431
01521956464160	79268.565842	S	0.002062
01521956503744	79268.567903	W	0.003481
01521956570580	79268.571384	S	0.002149
01521956611832	79268.573533	W	0.003034
01521956670088	79268.576567	S	0.002146
01521956711292	79268.578713	W	0.003186
01521956772472	79268.581900	S	0.002146
01521956813668	79268.584045	W	0.002733
01521956866136	79268.586778	S	0.002132
01521956907076	79268.588910	W	0.002940
01521956963524	79268.591850	S	0.002109
01521957004024	79268.593960	W	0.002971
01521957061072	79268.596931	S	0.002167
01521957102680	79268.599098	W	0.001030
01521957122456	79268.600128	S	0.001932
01521957159560	79268.602060	W	0.003197
01521957220948	79268.605258	S	0.002162
01521957262456	79268.607420	W	0.001430
01521957289916	79268.608850	S	0.001998
01521957328268	79268.610847	W	0.001753
01521957361924	79268.612600	S	0.002200
01521957404160	79268.614800	W	0.001028
01521957423904	79268.615828	S	0.001884
01521957460084	79268.617713	W	0.003039
01521957518436	79268.620752	S	0.002083
01521957558432	79268.622835	W	0.003351
01521957622764	79268.626186	S	0.002161
01521957664256	79268.628347	W	0.003056
01521957722924	79268.631402	S	0.002179
01521957764768	79268.633582	W	0.003375
01521957829560	79268.636956	S	0.002071
01521957869328	79268.639028	W	0.002993
01521957926796	79268.642021	S	0.002055
01521957966260	79268.644076	W	0.003019
01521958024228	79268.647095	S	0.002065
01521958063868	79268.649160	W	0.003050
01521958122432	79268.652210	S	0.002074
01521958162256	79268.654284	W	0.001321
01521958187616	79268.655605	S	0.001926
01521958224596	79268.657531	W	0.001371
01521958250912	79268.658902	S	0.002024
01521958289776	79268.660926	W	0.001218
01521958313168	79268.662144	S	0.001936
01521958350340	79268.664080	W	0.002228
01521958393120	79268.666308	S	0.002072
01521958432896	79268.668380	W	0.008193
01521958590208	79268.676573	S	0.002069
01521958629932	79268.678642	W	0.003576
01521958698584	79268.682218	S	0.002171
01521958740272	79268.684389	W	0.000426
01521958748448	79268.684815	S	0.001381
01521958774964	79268.686196	W	0.000305
01521958780824	79268.686501	S	0.001374
01521958807200	79268.687875	W	0.000972
01521958825868	79268.688847	S	0.001395
01521958852644	79268.690242	W	0.000293
01521958858268	79268.690535	S	0.004154
01521958938016	79268.694688	W	0.000182
01521958941512	79268.694870	S	0.001362
01521958967668	79268.696233	W	0.000302
01521958973472	79268.696535	S	0.001429
01521959000912	79268.697964	W	0.000892
01521959018040	79268.698856	S	0.001432
01521959045536	79268.700288	W	0.000043
01521959046368	79268.700332	S	0.001434
01521959073908	79268.701766	W	0.000267
01521959079036	79268.702033	S	0.001001
01521959098256	79268.703034	W	0.000171
01521959101544	79268.703205	S	0.000997
01521959120680	79268.704202	W	0.000307
01521959126576	79268.704509	S	0.000991
01521959145604	79268.705500	W	0.000894
01521959162772	79268.706394	S	0.001015
01521959182260	79268.707409	W	0.000284
01521959187712	79268.707693	S	0.000999
01521959206884	79268.708692	W	0.000039
01521959207636	79268.708731	S	0.001609
01521959238528	79268.710340	W	0.000172
01521959241824	79268.710512	S	0.001435
01521959269384	79268.711947	W	0.000284
01521959274832	79268.712231	S	0.001417
01521959302044	79268.713648	W	0.000890
01521959319128	79268.714538	S	0.001500
01521959347928	79268.716038	W	0.000043
01521959348760	79268.716081	S	0.001374
01521959375132	79268.717455	W	0.000039
01521959375872	79268.717493	S	0.002106
01521959416304	79268.719599	W	0.000294
01521959421944	79268.719893	S	0.001411
01521959449040	79268.721304	W	0.000285
01521959454504	79268.721589	S	0.001427
01521959481904	79268.723016	W	0.000852
01521959498272	79268.723868	S	0.001450
01521959526108	79268.725318	W	0.000276
01521959531408	79268.725594	S	0.002495
01521959579312	79268.728089	W	0.000161
01521959582400	79268.728250	S	0.001375
01521959608800	79268.729625	W	0.000293
01521959614416	79268.729917	S	0.001348
01521959640296	79268.731265	W	0.000872
01521959657032	79268.732137	S	0.001369
01521959683308	79268.733506	W	0.000042
01521959684120	79268.733548	S	0.001364
01521959710308	79268.734912	W	0.000264
01521959715380	79268.735176	S	0.001657
01521959747192	79268.736833	W	0.000165
01521959750356	79268.736998	S	0.001384
01521959776932	79268.738382	W	0.000308
01521959782844	79268.738690	S	0.001349
01521959808744	79268.740039	W	0.000891
01521959825852	79268.740930	S	0.001380
01521959852356	79268.742310	W	0.000290
01521959857924	79268.742600	S	0.001952
01521959895400	79268.744552	W	0.000205
01521959899336	79268.744757	S	0.001352
01521959925304	79268.746110	W	0.000282
01521959930720	79268.746392	S	0.001354
01521959956724	79268.747746	W	0.000915
01521959974284	79268.748661	S	0.001381
01521960000792	79268.750041	W	0.000283
01521960006220	79268.750324	S	0.002308
01521960050524	79268.752631	W	0.000165
01521960053684	79268.752796	S	0.001351
01521960079620	79268.754147	W	0.000311
01521960085588	79268.754458	S	0.001375
01521960111984	79268.755832	W	0.000896
01521960129188	79268.756729	S	0.001404
01521960156144	79268.758133	W	0.000277
01521960161460	79268.758409	S	0.003676
01521960232044	79268.762086	W	0.000160
01521960235112	79268.762245	S	0.001429
01521960262544	79268.763674	W	0.000287
01521960268056	79268.763961	S	0.000992
01521960287096	79268.764953	W	0.000861
01521960303620	79268.765814	S	0.001442
01521960331308	79268.767256	W	0.000272
01521960336532	79268.767528	S	0.002622
01521960386884	79268.770150	W	0.000161
01521960389972	79268.770311	S	0.001426
01521960417356	79268.771737	W	0.000285
01521960422824	79268.772022	S	0.000996
01521960441952	79268.773018	W	0.027072
01521960961732	79268.800090	S	0.001692
01521960994216	79268.801782	W	0.001033
01521961014056	79268.802815	S	0.003438
01521961080056	79268.806253	W	0.001000
01521961099264	79268.807253	S	0.001965
01521961136988	79268.809218	W	0.001862
01521961172736	79268.811080	S	0.002428
01521961219352	79268.813508	W	0.002935
01521961275700	79268.816443	S	0.002106
01521961316144	79268.818549	W	0.003499
01521961383316	79268.822048	S	0.002064
01521961422952	79268.824112	W	0.002789
01521961476492	79268.826901	S	0.002052
01521961515892	79268.828953	W	0.001025
01521961535580	79268.829978	S	0.001885
01521961571776	79268.831863	W	0.001107
01521961593028	79268.832970	S	0.001915
01521961629804	79268.834886	W	0.001834
01521961665016	79268.836720	S	0.002055
01521961704468	79268.838774	W	0.002886
01521961759876	79268.841660	S	0.002043
01521961799096	79268.843703	W	0.002901
01521961854800	79268.846604	S	0.002069
01521961894524	79268.848673	W	0.002945
01521961951068	79268.851618	S	0.002066
01521961990744	79268.853685	W	0.001379
01521962017224	79268.855064	S	0.001936
01521962054396	79268.857000	W	0.001391
01521962081096	79268.858390	S	0.002028
01521962120028	79268.860418	W	0.001458
01521962148024	79268.861876	S	0.001937
01521962185224	79268.863814	W	0.001711
01521962218068	79268.865524	S	0.002076
01521962257936	79268.867601	W	0.004236
01521962339276	79268.871837	S	0.002140
01521962380356	79268.873977	W	0.003378
01521962445208	79268.877355	S	0.002059
01521962484744	79268.879414	W	0.001165
01521962507104	79268.880578	S	0.001926
01521962544088	79268.882505	W	0.002073
01521962583892	79268.884578	S	0.002046
01521962623172	79268.886624	W	0.001030
01521962642952	79268.887654	S	0.001983
01521962681028	79268.889637	W	0.002772
01521962734252	79268.892409	S	0.002052
01521962773656	79268.894461	W	0.002706
01521962825616	79268.897168	S	0.002048
01521962864940	79268.899216	W	0.001095
01521962885972	79268.900311	S	0.001919
01521962922812	79268.902230	W	0.001349
01521962948704	79268.903578	S	0.002021
01521962987512	79268.905600	W	0.000968
01521963006092	79268.906567	S	0.001931
01521963043164	79268.908498	W	0.002644
01521963093936	79268.911143	S	0.002056
01521963133416	79268.913199	W	0.001381
01521963159932	79268.914580	S	0.001925
01521963196884	79268.916504	W	0.001312
01521963222072	79268.917816	S	0.002018
01521963260824	79268.919835	W	0.001298
01521963285736	79268.921132	S	0.001945
01521963323076	79268.923077	W	0.001308
01521963348196	79268.924385	S	0.002015
01521963386892	79268.926401	W	0.003344
01521963451092	79268.929744	S	0.002058
01521963490600	79268.931802	W	0.002346
01521963535644	79268.934148	S	0.002034
01521963574704	79268.936182	W	0.003035
01521963632972	79268.939217	S	0.002038
01521963672108	79268.941256	W	0.000889
01521963689184	79268.942145	S	0.001886
01521963725396	79268.944031	W	0.002794
01521963779040	79268.946825	S	0.002059
01521963818580	79268.948884	W	0.001021
01521963838188	79268.949906	S	0.001890
01521963874472	79268.951795	W	0.002890
01521963929964	79268.954686	S	0.002060
01521963969512	79268.956745	W	0.002796
01521964023196	79268.959541	S	0.002052
01521964062588	79268.961593	W	0.002780
01521964115960	79268.964373	S	0.002054
01521964155396	79268.966427	W	0.003188
01521964216612	79268.969615	S	0.002056
01521964256084	79268.971671	W	0.002808
01521964309996	79268.974479	S	0.002067
01521964349692	79268.976546	W	0.002982
01521964406940	79268.979528	S	0.002047
01521964446240	79268.981575	W	0.002929
01521964502476	79268.984504	S	0.002062
01521964542060	79268.986566	W	0.002865
01521964597068	79268.989431	S	0.002029
01521964636032	79268.991460	W	0.002975
01521964693148	79268.994435	S	0.002063
01521964732764	79268.996498	W	0.003045
01521964791220	79268.999543	S	0.002050
01521964830576	79269.001593	W	0.003034
01521964888824	79269.004626	S	0.002062
01521964928416	79269.006688	W	0.003431
01521964994288	79269.010119	S	0.002087
01521965034356	79269.012206	W	0.002847
01521965089016	79269.015053	S	0.002054
01521965128456	79269.017107	W	0.001029
01521965148212	79269.018136	S	0.001885
01521965184412	79269.020021	W	0.001013
01521965203868	79269.021035	S	0.001919
01521965240708	79269.022954	W	0.002554
01521965289744	79269.025508	S	0.002052
01521965329144	79269.027560	W	0.001066
01521965349620	79269.028626	S	0.001902
01521965386140	79269.030528	W	0.001112
01521965407496	79269.031640	S	0.001907
01521965444112	79269.033548	W	0.001537
01521965473616	79269.035084	S	0.002083
01521965513612	79269.037167	W	0.001099
01521965534704	79269.038266	S	0.001929
01521965571740	79269.040195	W	0.001177
01521965594348	79269.041372	S	0.001983
01521965632428	79269.043356	W	0.001416
01521965659608	79269.044771	S	0.002092
01521965699768	79269.046863	W	0.001117
01521965721212	79269.047980	S	0.001930
01521965758272	79269.049910	W	0.001894
01521965794644	79269.051804	S	0.002036
01521965833740	79269.053841	W	0.003216
01521965895480	79269.057056	S	0.002071
01521965935248	79269.059128	W	0.002906
01521965991048	79269.062034	S	0.002047
01521966030360	79269.064081	W	0.002839
01521966084864	79269.066920	S	0.002056
01521966124336	79269.068976	W	0.002857
01521966179184	79269.071833	S	0.002061
01521966218756	79269.073894	W	0.001080
01521966239496	79269.074974	S	0.001885
01521966275692	79269.076859	W	0.002380
01521966321396	79269.079239	S	0.002036
01521966360480	79269.081275	W	0.001008
01521966379832	79269.082283	S	0.001945
01521966417176	79269.084228	W	0.002946
01521966473740	79269.087174	S	0.002060
01521966513288	79269.089234	W	0.001049
01521966533436	79269.090283	S	0.001909
01521966570084	79269.092192	W	0.002063
01521966609700	79269.094255	S	0.002052
01521966649100	79269.096307	W	0.003165
01521966709860	79269.099472	S	0.002067
01521966749556	79269.101539	W	0.002851
01521966804292	79269.104390	S	0.002052
01521966843692	79269.106442	W	0.002742
01521966896336	79269.109184	S	0.002055
01521966935800	79269.111240	W	0.003148
01521966996248	79269.114388	S	0.002056
01521967035732	79269.116444	W	0.001142
01521967057652	79269.117586	S	0.002000
01521967096056	79269.119586	W	0.001405
01521967123024	79269.120991	S	0.002107
01521967163472	79269.123098	W	0.003331
01521967227428	79269.126429	S	0.002234
01521967270328	79269.128663	W	0.003222
01521967332184	79269.131885	S	0.002136
01521967373196	79269.134021	W	0.002866
01521967428232	79269.136887	S	0.002048
01521967467556	79269.138935	W	0.002876
01521967522776	79269.141811	S	0.002045
01521967562048	79269.143857	W	0.002944
01521967618576	79269.146801	S	0.002042
01521967657780	79269.148843	W	0.001299
01521967682728	79269.150142	S	0.001932
01521967719816	79269.152074	W	0.002288
01521967763740	79269.154361	S	0.002049
01521967803080	79269.156410	W	0.001434
01521967830608	79269.157844	S	0.001906
01521967867200	79269.159750	W	0.001754
01521967900872	79269.161504	S	0.002052
01521967940268	79269.163556	W	0.002475
01521967987788	79269.166031	S	0.002049
01521968027120	79269.168079	W	0.003233
01521968089184	79269.171312	S	0.002074
01521968129000	79269.173385	W	0.002649
01521968179864	79269.176035	S	0.002043
01521968219096	79269.178078	W	0.003133
01521968279244	79269.181211	S	0.002067
01521968318924	79269.183277	W	0.003046
01521968377400	79269.186323	S	0.002035
01521968416480	79269.188358	W	0.001004
01521968435756	79269.189362	S	0.001886
01521968471972	79269.191249	W	0.002747
01521968524716	79269.193996	S	0.002053
01521968564140	79269.196049	W	0.002898
01521968619788	79269.198947	S	0.002074
01521968659616	79269.201022	W	0.002961
01521968716476	79269.203983	S	0.002068
01521968756188	79269.206051	W	0.002877
01521968811420	79269.208928	S	0.002041
01521968850600	79269.210969	W	0.002907
01521968906420	79269.213876	S	0.002067
01521968946108	79269.215943	W	0.002995
01521969003604	79269.218938	S	0.002044
01521969042840	79269.220981	W	0.003071
01521969101808	79269.224052	S	0.002054
01521969141248	79269.226107	W	0.001049
01521969161392	79269.227156	S	0.001898
01521969197836	79269.229054	W	0.008058
01521969352548	79269.237112	S	0.002687
01521969404132	79269.239799	W	0.003070
01521969463072	79269.242868	S	0.002084
01521969503076	79269.244952	W	0.003046
01521969561568	79269.247998	S	0.002070
01521969601320	79269.250069	W	0.001052
01521969621520	79269.251121	S	0.001894
01521969657880	79269.253015	W	0.003058
01521969716588	79269.256072	S	0.002169
01521969758232	79269.258241	W	0.003093
01521969817612	79269.261334	S	0.002042
01521969856824	79269.263376	W	0.003034
01521969915068	79269.266410	S	0.002051
01521969954456	79269.268461	W	0.002832
01521970008828	79269.271293	S	0.002134
01521970049792	79269.273427	W	0.003283
01521970112832	79269.276710	S	0.002077
01521970152712	79269.278787	W	0.001053
01521970172936	79269.279840	S	0.001911
01521970209632	79269.281752	W	0.002027
01521970248544	79269.283778	S	0.002043
01521970287772	79269.285821	W	0.001087
01521970308652	79269.286909	S	0.001899
01521970345120	79269.288808	W	0.002904
01521970400880	79269.291712	S	0.002034
01521970439940	79269.293747	W	0.001246
01521970463860	79269.294993	S	0.001936
01521970501024	79269.296928	W	0.001335
01521970526656	79269.298263	S	0.002008
01521970565212	79269.300271	W	0.001087
01521970586084	79269.301359	S	0.001905
01521970622652	79269.303263	W	0.001014
01521970642116	79269.304277	S	0.001898
01521970678560	79269.306175	W	0.002506
01521970726668	79269.308681	S	0.002056
01521970766144	79269.310737	W	0.002962
01521970823024	79269.313699	S	0.002069
01521970862752	79269.315768	W	0.001366
01521970888984	79269.317135	S	0.001945
01521970926328	79269.319080	W	0.001318
01521970951636	79269.320398	S	0.002005
01521970990136	79269.322403	W	0.001307
01521971015232	79269.323710	S	0.001958
01521971052828	79269.325668	W	0.002616
01521971103060	79269.328284	S	0.002105
01521971143480	79269.330390	W	0.001014
01521971162952	79269.331404	S	0.001890
01521971199240	79269.333294	W	0.002798
01521971252956	79269.336091	S	0.002045
01521971292216	79269.338136	W	0.002840
01521971346740	79269.340976	S	0.002049
01521971386080	79269.343025	W	0.002863
01521971441048	79269.345888	S	0.002037
01521971480160	79269.347925	W	0.002756
01521971533072	79269.350681	S	0.002074
01521971572884	79269.352754	W	0.002770
01521971626076	79269.355525	S	0.002049
01521971665420	79269.357574	W	0.002761
01521971718436	79269.360335	S	0.002060
01521971757980	79269.362395	W	0.002860
01521971812892	79269.365255	S	0.002063
01521971852492	79269.367317	W	0.002506
01521971900612	79269.369824	S	0.002053
01521971940020	79269.371876	W	0.003404
01521972005372	79269.375280	S	0.002056
01521972044844	79269.377336	W	0.002771
01521972098056	79269.380107	S	0.002064
01521972137684	79269.382171	W	0.001013
01521972157136	79269.383184	S	0.001893
01521972193476	79269.385077	W	0.000990
01521972212476	79269.386066	S	0.001904
01521972249040	79269.387971	W	0.001341
01521972274788	79269.389312	S	0.002023
01521972313628	79269.391335	W	0.003288
01521972376748	79269.394622	S	0.002054
01521972416188	79269.396676	W	0.002991
01521972473624	79269.399668	S	0.002063
01521972513224	79269.401730	W	0.002817
01521972567304	79269.404547	S	0.002137
01521972608340	79269.406684	W	0.002785
01521972661812	79269.409469	S	0.002047
01521972701112	79269.411516	W	0.002561
01521972750284	79269.414077	S	0.002054
01521972789728	79269.416132	W	0.003300
01521972853092	79269.419432	S	0.002061
01521972892664	79269.421493	W	0.003025
01521972950752	79269.424518	S	0.002055
01521972990208	79269.426573	W	0.001013
01521973009652	79269.427586	S	0.001875
01521973045660	79269.429461	W	0.002715
01521973097796	79269.432177	S	0.002043
01521973137028	79269.434220	W	0.001019
01521973156600	79269.435240	S	0.001954
01521973194116	79269.437194	W	0.002886
01521973249532	79269.440080	S	0.002050
01521973288884	79269.442129	W	0.001019
01521973308456	79269.443149	S	0.001890
01521973344736	79269.445038	W	0.002769
01521973397900	79269.447807	S	0.002055
01521973437356	79269.449862	W	0.000932
01521973455252	79269.450794	S	0.001916
01521973492040	79269.452710	W	0.002357
01521973537288	79269.455067	S	0.002038
01521973576416	79269.457105	W	0.001060
01521973596760	79269.458165	S	0.001898
01521973633204	79269.460063	W	0.002722
01521973685472	79269.462785	S	0.002049
01521973724804	79269.464834	W	0.000954
01521973743116	79269.465787	S	0.002291
01521973787100	79269.468078	W	0.002923
01521973843212	79269.471001	S	0.002101
01521973883548	79269.473101	W	0.003152
01521973944068	79269.476254	S	0.002169
01521973985704	79269.478422	W	0.002960
01521974042536	79269.481382	S	0.002050
01521974081896	79269.483432	W	0.002748
01521974134656	79269.486180	S	0.002059
01521974174196	79269.488239	W	0.003270
01521974236976	79269.491509	S	0.002066
01521974276640	79269.493575	W	0.002845
01521974331264	79269.496420	S	0.002060
01521974370824	79269.498480	W	0.002819
01521974424952	79269.501300	S	0.002062
01521974464544	79269.503362	W	0.002772
01521974517768	79269.506134	S	0.002046
01521974557052	79269.508180	W	0.002913
01521974612980	79269.511093	S	0.002073
01521974652776	79269.513165	W	0.002829
01521974707096	79269.515995	S	0.002061
01521974746672	79269.518056	W	0.003094
01521974806076	79269.521150	S	0.002055
01521974845524	79269.523204	W	0.002898
01521974901160	79269.526102	S	0.002041
01521974940340	79269.528143	W	0.002811
01521974994312	79269.530954	S	0.002065
01521975033960	79269.533019	W	0.001017
01521975053484	79269.534036	S	0.001871
01521975089412	79269.535907	W	0.002735
01521975141924	79269.538642	S	0.002046
01521975181208	79269.540688	W	0.000902
01521975198528	79269.541590	S	0.001906
01521975235124	79269.543496	W	0.002841
01521975289676	79269.546337	S	0.002042
01521975328876	79269.548379	W	0.001015
01521975348372	79269.549394	S	0.001885
01521975384560	79269.551279	W	0.003114
01521975444344	79269.554393	S	0.002071
01521975484108	79269.556464	W	0.001055
01521975504368	79269.557519	S	0.001910
01521975541044	79269.559429	W	0.003046
01521975599528	79269.562475	S	0.002059
01521975639056	79269.564534	W	0.001375
01521975665464	79269.565910	S	0.001945
01521975702816	79269.567855	W	0.001342
01521975728592	79269.569197	S	0.002008
01521975767140	79269.571205	W	0.001114
01521975788536	79269.572320	S	0.001999
01521975826912	79269.574318	W	0.001990
01521975865124	79269.576309	S	0.002132
01521975906060	79269.578441	W	0.001068
01521975926556	79269.579508	S	0.001972
01521975964416	79269.581480	W	0.001295
01521975989288	79269.582775	S	0.002006
01521976027796	79269.584781	W	0.001373
01521976054148	79269.586154	S	0.002126
01521976094968	79269.588280	W	0.001075
01521976115600	79269.589354	S	0.002036
01521976154688	79269.591390	W	0.002811
01521976208664	79269.594201	S	0.002119
01521976249344	79269.596320	W	0.001103
01521976270520	79269.597423	S	0.001949
01521976307940	79269.599372	W	0.000917
01521976325552	79269.600289	S	0.001966
01521976363308	79269.602256	W	0.002367
01521976408764	79269.604623	S	0.002126
01521976449588	79269.606749	W	0.001155
01521976471772	79269.607905	S	0.001902
01521976508300	79269.609807	W	0.002346
01521976553340	79269.612153	S	0.002059
01521976592868	79269.614212	W	0.000985
01521976611788	79269.615197	S	0.001924
01521976648736	79269.617122	W	0.001851
01521976684272	79269.618973	S	0.002043
01521976723488	79269.621015	W	0.002726
01521976775828	79269.623741	S	0.002108
01521976816304	79269.625849	W	0.000895
01521976833480	79269.626744	S	0.001949
01521976870908	79269.628693	W	0.003126
01521976930928	79269.631819	S	0.002119
01521976971612	79269.633938	W	0.003325
01521977035456	79269.637263	S	0.002063
01521977075060	79269.639326	W	0.001339
01521977100776	79269.640665	S	0.001902
01521977137288	79269.642567	W	0.001943
01521977174600	79269.644510	S	0.002036
01521977213692	79269.646546	W	0.000939
01521977231724	79269.647486	S	0.001913
01521977268448	79269.649398	W	0.002864
01521977323432	79269.652262	S	0.002056
01521977362916	79269.654319	W	0.001032
01521977382724	79269.655350	S	0.003896
01521977457532	79269.659246	W	0.001051
01521977477704	79269.660297	S	0.001922
01521977514600	79269.662219	W	0.001316
01521977539872	79269.663535	S	0.002012
01521977578504	79269.665547	W	0.001280
01521977603088	79269.666827	S	0.002000
01521977641496	79269.668828	W	0.002341
01521977686440	79269.671169	S	0.002075
01521977726276	79269.673244	W	0.003067
01521977785168	79269.676311	S	0.002071
01521977824924	79269.678381	W	0.002734
01521977877408	79269.681115	S	0.002078
01521977917312	79269.683193	W	0.001024
01521977936972	79269.684217	S	0.001902
01521977973496	79269.686120	W	0.002711
01521978025544	79269.688830	S	0.002040
01521978064720	79269.690871	W	0.002591
01521978114476	79269.693462	S	0.002047
01521978153780	79269.695509	W	0.002640
01521978204460	79269.698149	S	0.002045
01521978243732	79269.700194	W	0.002680
01521978295184	79269.702874	S	0.002059
01521978334708	79269.704933	W	0.002762
01521978387744	79269.707695	S	0.002063
01521978427360	79269.709758	W	0.002807
01521978481256	79269.712565	S	0.002053
01521978520668	79269.714618	W	0.002798
01521978574380	79269.717416	S	0.002047
01521978613692	79269.719463	W	0.001311
01521978638868	79269.720774	S	0.001929
01521978675904	79269.722703	W	0.002131
01521978716812	79269.724834	S	0.002040
01521978755988	79269.726874	W	0.002856
01521978810832	79269.729731	S	0.002043
01521978850052	79269.731774	W	0.002763
01521978903100	79269.734536	S	0.002046
01521978942380	79269.736582	W	0.002841
01521978996928	79269.739423	S	0.002051
01521979036300	79269.741474	W	0.002847
01521979090968	79269.744321	S	0.002072
01521979130756	79269.746394	W	0.002880
01521979186060	79269.749274	S	0.002041
01521979225256	79269.751315	W	0.002530
01521979273832	79269.753845	S	0.002037
01521979312936	79269.755882	W	0.003210
01521979374560	79269.759092	S	0.002050
01521979413916	79269.761141	W	0.002766
01521979467016	79269.763907	S	0.002060
01521979506568	79269.765967	W	0.002871
01521979561696	79269.768838	S	0.002035
01521979600768	79269.770873	W	0.002836
01521979655228	79269.773710	S	0.002073
01521979695032	79269.775783	W	0.002710
01521979747072	79269.778493	S	0.002057
01521979786568	79269.780550	W	0.001021
01521979806164	79269.781571	S	0.001882
01521979842296	79269.783453	W	0.003291
01521979905476	79269.786744	S	0.002063
01521979945092	79269.788807	W	0.001023
01521979964728	79269.789830	S	0.001883
01521980000880	79269.791712	W	0.002851
01521980055628	79269.794564	S	0.002075
01521980095460	79269.796639	W	0.001109
01521980116752	79269.797747	S	0.001923
01521980153672	79269.799670	W	0.001342
01521980179436	79269.801012	S	0.002026
01521980218332	79269.803038	W	0.001096
01521980239384	79269.804135	S	0.001925
01521980276340	79269.806059	W	0.001859
01521980312032	79269.807918	S	0.002036
01521980351132	79269.809955	W	0.001063
01521980371536	79269.811018	S	0.001906
01521980408124	79269.812923	W	0.003003
01521980465784	79269.815926	S	0.002065
01521980505432	79269.817991	W	0.003201
01521980566896	79269.821193	S	0.002077
01521980606772	79269.823269	W	0.002674
01521980658116	79269.825944	S	0.002048
01521980697436	79269.827991	W	0.001019
01521980717004	79269.829011	S	0.002121
01521980757724	79269.831131	W	0.002612
01521980807876	79269.833744	S	0.002026
01521980846768	79269.835769	W	0.000999
01521980865944	79269.836768	S	0.001935
01521980903096	79269.838703	W	0.001002
01521980922344	79269.839705	S	0.001893
01521980958688	79269.841598	W	0.001364
01521980984884	79269.842963	S	0.002016
01521981023588	79269.844979	W	0.001069
01521981044104	79269.846047	S	0.001919
01521981080940	79269.847966	W	0.001009
01521981100316	79269.848975	S	0.001895
01521981136704	79269.850870	W	0.002386
01521981182512	79269.853256	S	0.002063
01521981222120	79269.855319	W	0.001232
01521981245780	79269.856551	S	0.001979
01521981283772	79269.858530	W	0.002495
01521981331684	79269.861025	S	0.002055
01521981371132	79269.863080	W	0.001065
01521981391580	79269.864145	S	0.001896
01521981427988	79269.866041	W	0.001017
01521981447524	79269.867059	S	0.001899
01521981483976	79269.868957	W	0.001864
01521981519768	79269.870821	S	0.002034
01521981558824	79269.872855	W	0.001095
01521981579844	79269.873950	S	0.001903
01521981616388	79269.875854	W	0.002855
01521981671212	79269.878709	S	0.002077
01521981711100	79269.880786	W	0.001112
01521981732452	79269.881899	S	0.001948
01521981769860	79269.883847	W	0.002294
01521981813912	79269.886141	S	0.002048
01521981853240	79269.888190	W	0.001273
01521981877688	79269.889463	S	0.001959
01521981915304	79269.891422	W	0.001342
01521981941068	79269.892764	S	0.002018
01521981979808	79269.894782	W	0.000937
01521981997792	79269.895718	S	0.001909
01521982034444	79269.897627	W	0.001276
01521982058948	79269.898904	S	0.001947
01521982096324	79269.900850	W	0.001326
01521982121792	79269.902177	S	0.002009
01521982160368	79269.904186	W	0.003252
01521982222804	79269.907438	S	0.002099
01521982263100	79269.909536	W	0.001034
01521982282952	79269.910570	S	0.001887
01521982319184	79269.912458	W	0.003491
01521982386220	79269.915949	S	0.002074
01521982426036	79269.918023	W	0.003110
01521982485752	79269.921133	S	0.002068
01521982525452	79269.923201	W	0.002897
01521982581072	79269.926098	S	0.002049
01521982620404	79269.928146	W	0.002952
01521982677084	79269.931098	S	0.002038
01521982716208	79269.933136	W	0.003176
01521982777180	79269.936311	S	0.002414
01521982823532	79269.938726	W	0.002476
01521982871064	79269.941201	S	0.002049
01521982910404	79269.943250	W	0.003230
01521982972428	79269.946481	S	0.002048
01521983011748	79269.948529	W	0.003079
01521983070856	79269.951607	S	0.002055
01521983110312	79269.953662	W	0.002772
01521983163536	79269.956434	S	0.002052
01521983202932	79269.958486	W	0.003281
01521983265924	79269.961767	S	0.002062
01521983305512	79269.963829	W	0.000415
01521983313476	79269.964244	S	0.001361
01521983339612	79269.965605	W	0.000283
01521983345040	79269.965888	S	0.001379
01521983371512	79269.967266	W	0.000944
01521983389628	79269.968210	S	0.001381
01521983416136	79269.969590	W	0.000308
01521983422052	79269.969899	S	0.003540
01521983490012	79269.973438	W	0.000172
01521983493312	79269.973610	S	0.001388
01521983519956	79269.974998	W	0.000306
01521983525836	79269.975304	S	0.001371
01521983552164	79269.976675	W	0.000867
01521983568808	79269.977542	S	0.001364
01521983594988	79269.978906	W	0.000271
01521983600200	79269.979177	S	0.002198
01521983642400	79269.981375	W	0.000168
01521983645624	79269.981543	S	0.001369
01521983671912	79269.982912	W	0.000724
01521983685816	79269.983636	S	0.001360
01521983711920	79269.984996	W	0.000400
01521983719604	79269.985396	S	0.001385
01521983746196	79269.986781	W	0.000040
01521983746964	79269.986821	S	0.074348
01521985174448	79270.061169	W	0.018301
01521985525836	79270.079471	S	0.035281
01521986203232	79270.114752	W	6.019472
01522101777100	79276.134224	S	0.326674
01522108049232	79276.460898	W	0.018899
01522108412092	79276.479796	S	0.013979
01522108680496	79276.493776	W	0.014795
01522108964556	79276.508571	S	0.143469
01522111719156	79276.652039	W	0.014627
01522112000004	79276.666667	S	0.044405
01522112852588	79276.711072	W	0.086949
01522114522016	79276.798022	S	0.056835
01522115613256	79276.854857	W	0.085826
01522117261112	79276.940683	S	0.800162
01522132624216	79277.740845	W	0.018395
01522132977404	79277.759240	S	1.261592
01522157199964	79279.020831	W	0.018958
01522157563964	79279.039790	S	0.474960
01522166683204	79279.514750	W	0.020726
01522167081140	79279.535476	S	0.289184
01522172633468	79279.824660	W	0.014529
01522172912428	79279.839189	S	0.461646
01522181776032	79280.300835	W	0.018906
01522182139032	79280.319741	S	0.120987
01522184461980	79280.440728	W	0.015108
01522184752048	79280.455836	S	0.393387
01522192305084	79280.849223	W	0.014724
01522192587792	79280.863947	S	0.087150
01522194261064	79280.951097	W	0.014577
01522194540948	79280.965674	S	0.615155
01522206351928	79281.580830	W	0.019031
01522206717316	79281.599860	S	0.272806
01522211955200	79281.872667	W	0.014612
01522212235744	79281.887278	S	0.649179
01522224699976	79282.536457	W	0.014835
01522224984812	79282.551292	S	0.038183
01522225717924	79282.589475	W	0.014711
01522226000380	79282.604186	S	0.256645
01522230927964	79282.860831	W	0.022056
01522231351448	79282.882888	S	0.014240
01522231624852	79282.897128	W	0.014605
01522231905272	79282.911733	S	0.087345
01522233582304	79282.999078	W	0.014451
01522233859768	79283.013530	S	0.395167
01522241446980	79283.408697	W	0.014654
01522241728336	79283.423351	S	0.190301
01522245382108	79283.613651	W	0.024172
01522245846216	79283.637824	S	0.079986
01522247381956	79283.717810	W	0.014401
01522247658452	79283.732211	S	0.408591
01522255503392	79284.140802	W	0.018747
01522255863340	79284.159549	S	0.684285
01522269001620	79284.843834	W	0.015346
01522269296268	79284.859181	S	0.561660
01522280080132	79285.420840	W	0.019003
01522280444988	79285.439843	S	0.118980
01522282729396	79285.558823	W	0.014961
01522283016648	79285.573784	S	1.127020
01522304655424	79286.700803	W	0.019023
01522305020664	79286.719826	S	1.260948
01522329230868	79287.980774	W	0.018843
01522329592648	79287.999617	S	0.579853
01522340725824	79288.579470	W	0.015009
01522341013988	79288.594479	S	0.104329
01522343017104	79288.698807	W	0.014989
01522343304892	79288.713796	S	0.546996
01522353807224	79289.260793	W	0.018991
01522354171848	79289.279784	S	1.260983
01522378382728	79290.540767	W	0.019038
01522378748252	79290.559805	S	0.836039
01522394800208	79291.395844	W	0.014842
01522395085184	79291.410687	S	0.189715
01522398727720	79291.600402	W	0.013248
01522398982080	79291.613650	S	0.207150
01522402959364	79291.820800	W	0.019007
01522403324292	79291.839807	S	1.195316
01522426274368	79293.035123	W	0.014076
01522426544632	79293.049200	S	0.051901
01522427541124	79293.101100	W	0.018676
01522427899700	79293.119776	S	0.017296
01522428231776	79293.137072	W	0.016520
01522428548960	79293.153592	S	0.495962
01522438071424	79293.649553	W	0.017331
01522438404184	79293.666885	S	0.713874
01522452110572	79294.380759	W	0.019020
01522452475764	79294.399779	S	0.222721
01522456752008	79294.622500	W	0.014916
01522457038400	79294.637417	S	0.137675
01522459681756	79294.775091	W	0.024721
01522460156408	79294.799813	S	0.860943
01522476686520	79295.660756	W	0.018990
01522477051136	79295.679747	S	0.222398
01522481321180	79295.902145	W	0.014690
01522481603228	79295.916835	S	1.023940
01522501262880	79296.940775	W	0.018966
01522501627036	79296.959741	S	0.170547
01522504901544	79297.130289	W	0.014631
01522505182468	79297.144920	S	0.002226
01522505225204	79297.147146	W	0.001074
01522505245816	79297.148220	S	0.496469
01522514778020	79297.644689	W	0.014946
01522515064988	79297.659635	S	0.085078
01522516698488	79297.744713	W	0.014617
01522516979136	79297.759330	S	0.087767
01522518664256	79297.847097	W	0.014541
01522518943452	79297.861638	S	0.359118
01522525838524	79298.220756	W	0.021878
01522526258572	79298.242634	S	0.321233
01522532426248	79298.563867	W	0.014726
01522532708992	79298.578593	S	0.922153
01522550414320	79299.500746	W	0.019000
01522550779128	79299.519746	S	0.887726
01522567823464	79300.407472	W	0.014780
01522568107232	79300.422252	S	0.243392
01522572780352	79300.665643	W	0.015111
01522573070492	79300.680755	S	0.099992
01522574990344	79300.780747	W	0.018909
01522575353392	79300.799656	S	1.251051
01522599373564	79302.050706	W	0.037161
01522600087060	79302.087868	S	1.252839
01522624141568	79303.340707	W	0.018976
01522624505912	79303.359683	S	0.328418
01522630811536	79303.688101	W	0.023964
01522631271644	79303.712065	S	0.908662
01522648717948	79304.620726	W	0.018859
01522649080040	79304.639585	S	1.261119
01522673293520	79305.900704	W	0.018796
01522673654408	79305.919500	S	0.120076
01522675959860	79306.039576	W	0.015183
01522676251368	79306.054759	S	0.085858
01522677899832	79306.140616	W	0.018711
01522678259092	79306.159328	S	0.289220
01522683812108	79306.448547	W	0.015157
01522684103120	79306.463704	S	0.086603
01522685765896	79306.550307	W	0.014797
01522686049992	79306.565104	S	0.147900
01522688889668	79306.713004	W	0.015746
01522689192000	79306.728750	S	0.026993
01522689710272	79306.755743	W	0.023204
01522690155780	79306.778947	S	0.136034
01522692767628	79306.914981	W	0.065400
01522694023300	79306.980380	S	0.082864
01522695614284	79307.063244	W	0.014242
01522695887724	79307.077486	S	0.088587
01522697588592	79307.166072	W	0.033614
01522698233980	79307.199686	S	1.194794
01522721174020	79308.394480	W	0.016931
01522721499100	79308.411411	S	0.049616
01522722451728	79308.461028	W	0.018503
01522722806980	79308.479530	S	1.246136
01522746732788	79309.725666	W	0.047445
01522747643728	79309.773111	S	0.259744
01522752630812	79310.032855	W	0.014321
01522752905776	79310.047176	S	0.600147
01522764428600	79310.647323	W	0.014555
01522764708064	79310.661878	S	0.358902
01522771598984	79311.020780	W	0.018829
01522771960492	79311.039609	S	0.017257
01522772291828	79311.056866	W	0.015710
01522772593460	79311.072576	S	0.188966
01522776221600	79311.261542	W	0.014517
01522776500332	79311.276059	S	0.907058
01522793915844	79312.183117	W	0.014641
01522794196956	79312.197758	S	0.087780
01522795882328	79312.285538	W	0.034116
01522796537360	79312.319654	S	0.273059
01522801780088	79312.592713	W	0.014633
01522802061036	79312.607346	S	0.156643
01522805068584	79312.763989	W	0.015131
01522805359092	79312.779119	S	0.120795
01522807678364	79312.899915	W	0.014285
01522807952640	79312.914200	S	0.395496
01522815546172	79313.309696	W	0.022905
01522815985948	79313.332601	S	0.181763
01522819475800	79313.514365	W	0.013698
01522819738808	79313.528063	S	0.052940
01522820755248	79313.581002	W	0.021641
01522821170760	79313.602644	S	0.526080
01522831271488	79314.128723	W	0.014746
01522831554604	79314.143469	S	0.087791
01522833240196	79314.231260	W	0.024630
01522833713084	79314.255890	S	0.604775
01522845324764	79314.860665	W	0.018943
01522845688460	79314.879607	S	0.906589
01522863094968	79315.786196	W	0.014856
01522863380212	79315.801053	S	0.314321
01522869415180	79316.115374	W	5.021810
01522965833928	79321.137184	S	0.123504
01522968205196	79321.260687	W	0.018808
01522968566304	79321.279495	S	0.552163
01522979167824	79321.831658	W	0.015040
01522979456596	79321.846698	S	0.271376
01522984667020	79322.118074	W	0.019717
01522985045580	79322.137791	S	0.402857
01522992780436	79322.540648	W	0.055042
01522993837236	79322.595689	S	1.214939
01523017164072	79323.810629	W	0.038204
01523017897584	79323.848833	S	1.003923
01523037172904	79324.852755	W	0.019354
01523037544496	79324.872109	S	0.228529
01523041932248	79325.100638	W	0.018930
01523042295708	79325.119568	S	0.887885
01523059343096	79326.007453	W	0.014824
01523059627724	79326.022277	S	0.358353
01523066508104	79326.380630	W	0.019014
01523066873168	79326.399644	S	0.632137
01523079010192	79327.031781	W	0.014911
01523079296492	79327.046692	S	0.613926
01523091083864	79327.660618	W	0.018957
01523091447832	79327.679575	S	0.198611
01523095261164	79327.878186	W	0.014931
01523095547832	79327.893116	S	0.571735
01523106525148	79328.464851	W	0.020273
01523106914396	79328.485125	S	0.455483
01523115659664	79328.940608	W	0.019081
01523116026024	79328.959689	S	0.048819
01523116963348	79329.008508	W	0.090288
01523118696872	79329.098795	S	0.082551
01523120281848	79329.181346	W	0.085221
01523121918096	79329.266568	S	0.836595
01523137980716	79330.103162	W	0.014617
01523138261368	79330.117780	S	0.096751
01523140118996	79330.214531	W	0.025163
01523140602132	79330.239694	S	0.658928
01523153253548	79330.898622	W	0.015046
01523153542440	79330.913669	S	0.586933
01523164811560	79331.500602	W	0.018840
01523165173284	79331.519442	S	1.261133
01523189387044	79332.780575	W	0.018892
01523189749764	79332.799467	S	0.273443
01523194999864	79333.072910	W	0.014757
01523195283208	79333.087667	S	0.292322
01523200895796	79333.379989	W	0.014464
01523201173500	79333.394453	S	0.292731
01523206793940	79333.687184	W	0.014385
01523207070128	79333.701569	S	0.190942
01523210736224	79333.892512	W	0.016478
01523211052604	79333.908990	S	0.012604
01523211294596	79333.921594	W	0.014929
01523211581236	79333.936523	S	0.117892
01523213844764	79334.054415	W	0.236377
01523218383196	79334.290791	S	0.014132
01523218654528	79334.304923	W	0.063732
01523219878184	79334.368655	S	0.971967
01523238539948	79335.340622	W	0.018306
01523238891416	79335.358928	S	1.261613
01523263114376	79336.620540	W	0.019042
01523263479980	79336.639582	S	0.304575
01523269327824	79336.944157	W	0.015444
01523269624352	79336.959602	S	0.940964
01523287690864	79337.900566	W	0.018938
01523288054468	79337.919504	S	1.098167
01523309139276	79339.017671	W	0.020296
01523309528956	79339.037966	S	0.136995
01523312159264	79339.174962	W	0.087352
01523313836428	79339.262314	S	0.010306
01523314034300	79339.272620	W	0.037106
01523314746744	79339.309726	S	0.009166
01523314922736	79339.318892	W	0.085602
01523316566304	79339.404495	S	0.562163
01523327359836	79339.966658	W	0.014879
01523327645512	79339.981537	S	0.054446
01523328690872	79340.035983	W	0.014792
01523328974872	79340.050775	S	0.394841
01523336555828	79340.445616	W	0.033888
01523337206468	79340.479504	S	1.261033
01523361418300	79341.740536	W	0.019146
01523361785896	79341.759682	S	1.231269
01523385426252	79342.990951	W	0.048443
01523386356360	79343.039394	S	0.068530
01523387672128	79343.107923	W	0.014520
01523387950912	79343.122443	S	0.294626
01523393607728	79343.417069	W	0.014507
01523393886260	79343.431576	S	0.803317
01523409309940	79344.234893	W	0.013909
01523409576988	79344.248801	S	0.052070
01523410576724	79344.300871	W	0.018595
01523410933740	79344.319466	S	0.017303
01523411265964	79344.336769	W	0.014354
01523411541552	79344.351122	S	0.907262
01523428960980	79345.258384	W	0.014832
01523429245752	79345.273216	S	0.307332
01523435146532	79345.580549	W	0.018897
01523435509360	79345.599446	S	0.416279
01523443501920	79346.015725	W	0.014920
01523443788388	79346.030645	S	0.046931
01523444689468	79346.077576	W	0.014538
01523444968596	79346.092114	S	0.497472
01523454520068	79346.589587	W	0.014692
01523454802148	79346.604279	S	0.256261
01523459722356	79346.860539	W	0.018969
01523460086552	79346.879508	S	1.246214
01523484013860	79348.125722	W	0.033569
01523484658380	79348.159291	S	0.878869
01523501532668	79349.038160	W	0.014997
01523501820604	79349.053156	S	0.367350
01523508873716	79349.420506	W	0.018955
01523509237660	79349.439461	S	1.261005
01523533448960	79350.700467	W	0.018721
01523533808404	79350.719188	S	1.261288
01523558025136	79351.980476	W	0.019065
01523558391176	79351.999540	S	0.058259
01523559509744	79352.057799	W	0.014723
01523559792424	79352.072522	S	1.188005
01523582602124	79353.260527	W	0.018909
01523582965184	79353.279437	S	0.785302
01523598042976	79354.064738	W	0.014314
01523598317796	79354.079052	S	0.461441
01523607177456	79354.540493	W	0.021705
01523607594184	79354.562197	S	0.519949
01523617577196	79355.082146	W	0.015221
01523617869436	79355.097366	S	0.723104
01523631753040	79355.820471	W	0.018522
01523632108660	79355.838993	S	1.261464
01523656328776	79357.100457	W	0.018636
01523656686588	79357.119093	S	0.428397
01523664911808	79357.547490	W	0.014905
01523665197988	79357.562395	S	0.394395
01523672770368	79357.956790	W	0.014587
01523673050440	79357.971377	S	0.128647
01523675520460	79358.100024	W	0.014742
01523675803504	79358.114766	S	0.265711
01523680905160	79358.380477	W	0.018898
01523681267996	79358.399375	S	0.478689
01523690458824	79358.878064	W	0.014628
01523690739684	79358.892692	S	0.087296
01523692415776	79358.979988	W	0.014304
01523692690420	79358.994293	S	0.666190
01523705481272	79359.660483	W	0.019056
01523705847140	79359.679539	S	0.734063
01523719941156	79360.413602	W	0.014775
01523720224828	79360.428376	S	0.395202
01523727812708	79360.823579	W	0.014842
01523728097684	79360.838421	S	0.102029
01523730056632	79360.940450	W	0.018858
01523730418704	79360.959308	S	0.068666
01523731737088	79361.027973	W	0.015159
01523732028132	79361.043132	S	0.073354
01523733436520	79361.116485	W	7.022602
01523868270484	79368.139088	S	0.481342
01523877512256	79368.620430	W	0.018965
01523877876388	79368.639395	S	0.375776
01523885091296	79369.015172	W	0.014942
01523885378188	79369.030114	S	0.348802
01523892075184	79369.378916	W	0.065197
01523893326964	79369.444113	S	0.456321
01523902088324	79369.900434	W	0.022098
01523902512612	79369.922532	S	0.116638
01523904752060	79370.039170	W	0.014408
01523905028688	79370.053578	S	0.139751
01523907711916	79370.193329	W	0.014928
01523907998528	79370.208257	S	0.972154
01523926663884	79371.180411	W	0.054048
01523927701600	79371.234458	S	1.215924
01523951047348	79372.450383	W	0.038009
01523951777124	79372.488392	S	0.622795
01523963734788	79373.111187	W	0.014585
01523964014816	79373.125772	S	0.093519
01523965810376	79373.219290	W	0.014805
01523966094640	79373.234096	S	0.506303
01523975815664	79373.740399	W	0.018753
01523976175720	79373.759152	S	0.136419
01523978794964	79373.895571	W	4.800376
01524070962176	79378.695947	S	0.164428
01524074119184	79378.860374	W	0.018721
01524074478636	79378.879096	S	0.384949
01524081869656	79379.264045	W	0.029651
01524082438964	79379.293696	S	0.601348
01524093984836	79379.895044	W	0.005799
01524094096176	79379.900843	S	0.239539
01524098695324	79380.140381	W	0.018978
01524099059704	79380.159360	S	0.223887
01524103358328	79380.383246	W	0.014438
01524103635536	79380.397684	S	1.022696
01524123271308	79381.420381	W	0.018974
01524123635604	79381.439354	S	0.859540
01524140138780	79382.298895	W	0.014769
01524140422352	79382.313664	S	0.386710
01524147847176	79382.700374	W	0.018900
01524148210060	79382.719274	S	1.261060
01524172422420	79383.980334	W	0.018752
01524172782468	79383.999087	S	0.482771
01524182051672	79384.481858	W	0.014650
01524182332944	79384.496507	S	0.083779
01524183941508	79384.580287	W	0.014483
01524184219584	79384.594770	S	0.665579
01524196998696	79385.260349	W	0.018917
01524197361896	79385.279265	S	0.047937
01524198282280	79385.327202	W	0.014849
01524198567384	79385.342051	S	1.198297
01524221574688	79386.540348	W	0.018893
01524221937436	79386.559241	S	1.261078
01524246150124	79387.820319	W	0.018744
01524246510016	79387.839063	S	0.325148
01524252752860	79388.164211	W	0.029338
01524253316156	79388.193550	S	0.157629
01524256342636	79388.351179	W	0.015262
01524256635660	79388.366441	S	0.105660
01524258664340	79388.472101	W	0.014337
01524258939608	79388.486438	S	0.604926
01524270554188	79389.091364	W	0.027866
01524271089224	79389.119230	S	0.371779
01524278227376	79389.491009	W	0.095891
01524280068480	79389.586900	S	0.112918
01524282236512	79389.699818	W	0.084479
01524283858500	79389.784297	S	0.327775
01524290151780	79390.112072	W	0.014634
01524290432748	79390.126706	S	0.253636
01524295302564	79390.380342	W	0.018936
01524295666128	79390.399277	S	0.324760
01524301901516	79390.724037	W	0.014492
01524302179764	79390.738529	S	0.599933
01524313698484	79391.338463	W	0.014671
01524313980164	79391.353134	S	0.024260
01524314445956	79391.377394	W	0.014696
01524314728124	79391.392090	S	0.268225
01524319878040	79391.660315	W	0.022144
01524320303212	79391.682459	S	0.372761
01524327460232	79392.055220	W	0.014426
01524327737220	79392.069647	S	0.870665
01524344453988	79392.940312	W	0.021924
01524344874928	79392.962236	S	1.258054
01524369029560	79394.220290	W	0.018908
01524369392600	79394.239198	S	0.160879
01524372481468	79394.400076	W	0.014893
01524372767412	79394.414969	S	0.311863
01524378755184	79394.726833	W	0.236738
01524383300556	79394.963571	S	0.013953
01524383568448	79394.977523	W	0.074445
01524384997800	79395.051969	S	0.448370
01524393606496	79395.500338	W	0.018250
01524393956896	79395.518588	S	1.261685
01524418181256	79396.780274	W	0.018920
01524418544520	79396.799194	S	0.623955
01524430524464	79397.423149	W	0.014934
01524430811192	79397.438083	S	0.622205
01524442757520	79398.060288	W	0.018845
01524443119336	79398.079132	S	1.261136
01524467333148	79399.340268	W	0.018943
01524467696848	79399.359211	S	0.277715
01524473028976	79399.636926	W	0.014553
01524473308392	79399.651479	S	0.196700
01524477085040	79399.848179	W	0.142381
01524479818748	79399.990560	S	0.014237
01524480092104	79400.004797	W	0.063547
01524481312204	79400.068344	S	0.380829
01524488624116	79400.449173	W	0.020221
01524489012364	79400.469394	S	0.150880
01524491909268	79400.620274	W	0.018943
01524492272968	79400.639217	S	1.261054
01524516485212	79401.900271	W	0.018893
01524516847964	79401.919165	S	1.261101
01524541061112	79403.180266	W	0.018899
01524541423964	79403.199165	S	0.275864
01524546720548	79403.475029	W	0.014953
01524547007636	79403.489981	S	0.136499
01524549628424	79403.626480	W	0.014410
01524549905100	79403.640891	S	0.819375
01524565637096	79404.460265	W	0.018819
01524565998424	79404.479085	S	0.275823
01524571294232	79404.754908	W	0.014519
01524571572996	79404.769427	S	0.970832
01524590212972	79405.740259	W	0.018669
01524590571420	79405.758928	S	0.222726
01524594847764	79405.981654	W	0.014432
01524595124860	79405.996086	S	0.509753
01524604912124	79406.505840	W	0.015060
01524605201284	79406.520900	S	0.075166
01524606644476	79406.596066	W	0.014388
01524606920728	79406.610455	S	0.409801
01524614788908	79407.020256	W	0.018838
01524615150588	79407.039093	S	0.273745
01524620406488	79407.312838	W	0.015101
01524620696424	79407.327939	S	0.787735
01524635820928	79408.115673	W	8.015006
01524789709044	79416.130679	S	1.129504
01524811395524	79417.260184	W	0.018976
01524811759868	79417.279160	S	1.261024
01524835971520	79418.540183	W	0.018915
01524836334688	79418.559098	S	0.053361
01524837359216	79418.612459	W	0.021939
01524837780448	79418.634398	S	1.185799
01524860547788	79419.820197	W	0.018732
01524860907444	79419.838929	S	0.581176
01524872066016	79420.420105	W	0.014615
01524872346624	79420.434720	S	0.497402
01524881896744	79420.932122	W	0.020369
01524882287836	79420.952491	S	0.147698
01524885123640	79421.100190	W	0.018963
01524885487732	79421.119153	S	0.017900
01524885831408	79421.137052	W	0.014469
01524886109208	79421.151521	S	0.488972
01524895497472	79421.640493	W	0.023352
01524895945824	79421.663845	S	0.497247
01524905492968	79422.161092	W	0.014841
01524905777920	79422.175933	S	0.189795
01524909421992	79422.365729	W	0.033328
01524910061896	79422.399057	S	1.261108
01524934275164	79423.660165	W	0.021847
01524934694620	79423.682011	S	0.424435
01524942843772	79424.106446	W	0.014496
01524943122096	79424.120942	S	0.547164
01524953627648	79424.668107	W	0.014880
01524953913352	79424.682987	S	0.257189
01524958851388	79424.940176	W	0.018947
01524959215168	79424.959123	S	1.261021
01524983426768	79426.220144	W	0.018899
01524983789628	79426.239043	S	1.261125
01525008003232	79427.500168	W	0.018729
01525008362832	79427.518898	S	0.176573
01525011753028	79427.695470	W	0.022880
01525012192328	79427.718350	S	1.061826
01525032579384	79428.780176	W	0.018907
01525032942404	79428.799084	S	1.243964
01525056826520	79430.043048	W	0.043554
01525057662764	79430.086602	S	0.637030
01525069893732	79430.723632	W	0.022993
01525070335200	79430.746625	S	0.593505
01525081730500	79431.340130	W	0.018945
01525082094252	79431.359076	S	1.261042
01525106306264	79432.620118	W	0.018926
01525106669636	79432.639044	S	1.113183
01525128042752	79433.752227	W	0.022985
01525128484060	79433.775211	S	0.124922
01525130882560	79433.900133	W	0.018955
01525131246500	79433.919089	S	1.261014
01525155457968	79435.180103	W	0.044921
01525156320448	79435.225023	S	0.248040
01525161082808	79435.473063	W	0.014701
01525161365068	79435.487764	S	0.962391
01525179842972	79436.450155	W	0.047199
01525180749196	79436.497354	S	0.101925
01525182706148	79436.599279	W	0.014507
01525182984688	79436.613786	S	0.166592
01525186183248	79436.780378	W	0.022559
01525186616380	79436.802936	S	0.206006
01525190571688	79437.008942	W	0.014400
01525190848164	79437.023342	S	0.716763
01525204610020	79437.740105	W	0.019002
01525204974856	79437.759107	S	0.068999
01525206299640	79437.828106	W	0.014442
01525206576928	79437.842548	S	0.599991
01525218096748	79438.442539	W	0.014685
01525218378696	79438.457224	S	0.562878
01525229185952	79439.020102	W	0.018822
01525229547328	79439.038923	S	0.770282
01525244336744	79439.809205	W	0.014883
01525244622492	79439.824088	S	0.466012
01525253569928	79440.290100	W	0.047274
01525254477592	79440.337375	S	0.051340
01525255463312	79440.388714	W	0.014492
01525255741564	79440.403206	S	0.087493
01525257421436	79440.490700	W	0.014259
01525257695204	79440.504959	S	1.075129
01525278337684	79441.580088	W	0.018929
01525278701112	79441.599016	S	0.735546
01525292823596	79442.334562	W	0.017278
01525293155336	79442.351840	S	0.483150
01525302431824	79442.834991	W	0.014734
01525302714720	79442.849725	S	0.010689
01525302919948	79442.860414	W	0.018555
01525303276212	79442.878969	S	0.069561
01525304611788	79442.948531	W	0.017351
01525304944920	79442.965881	S	1.164226
01525327298056	79444.130107	W	0.037250
01525328013264	79444.167358	S	1.238337
01525351789332	79445.405694	W	0.033171
01525352426208	79445.438865	S	0.420908
01525360507644	79445.859773	W	0.023235
01525360953760	79445.883008	S	0.546732
01525371451012	79446.429740	W	0.014413
01525371727748	79446.444154	S	0.088006
01525373417464	79446.532160	W	0.014305
01525373692112	79446.546464	S	0.153608
01525376641384	79446.700072	W	0.018941
01525377005056	79446.719013	S	0.531533
01525387210492	79447.250546	W	0.014585
01525387490520	79447.265131	S	0.714928
01525401217144	79447.980060	W	0.018925
01525401580496	79447.998984	S	0.376345
01525408806312	79448.375329	W	0.014629
01525409087184	79448.389957	S	0.087791
01525410772776	79448.477749	W	0.014279
01525411046932	79448.492028	S	0.394885
01525418628716	79448.886912	W	0.014118
01525418899788	79448.901031	S	0.358992
01525425792440	79449.260023	W	0.018322
01525426144228	79449.278345	S	1.261716
01525450369168	79450.540061	W	0.018775
01525450729656	79450.558836	S	1.261223
01525474945132	79451.820059	W	0.045034
01525475809784	79451.865093	S	0.043471
01525476644428	79451.908564	W	0.014872
01525476929976	79451.923436	S	1.166640
01525499329464	79453.090076	W	0.047327
01525500238136	79453.137403	S	0.050731
01525501212168	79453.188134	W	0.014310
01525501486928	79453.202444	S	0.190504
01525505144604	79453.392948	W	0.014359
01525505420304	79453.407308	S	0.293016
01525511046204	79453.700323	W	0.014307
01525511320900	79453.714630	S	0.190517
01525514978832	79453.905148	W	0.014474
01525515256736	79453.919622	S	0.113908
01525517443768	79454.033530	W	0.095240
01525519272384	79454.128770	S	0.083143
01525520868724	79454.211913	W	0.083803
01525522477736	79454.295715	S	0.084297
01525524096232	79454.380012	W	0.019548
01525524471552	79454.399560	S	0.017849
01525524814244	79454.417409	W	0.014261
01525525088048	79454.431669	S	0.292676
01525530707428	79454.724345	W	0.014474
01525530985320	79454.738819	S	0.186047
01525534557424	79454.924866	W	0.013946
01525534825184	79454.938812	S	0.195145
01525538571976	79455.133957	W	0.029012
01525539129004	79455.162969	S	0.487025
01525548479892	79455.649994	W	0.046959
01525549381512	79455.696954	S	0.417413
01525557395848	79456.114367	W	7.016101
01525692104996	79463.130469	S	0.199477
01525695934960	79463.329946	W	0.037293
01525696650984	79463.367239	S	0.628786
01525708723672	79463.996025	W	0.014859
01525709008968	79464.010884	S	0.347654
01525715683928	79464.358538	W	0.169769
01525718943496	79464.528307	S	0.091635
01525720702892	79464.619942	W	0.019344
01525721074300	79464.639286	S	1.260711
01525745279956	79465.899998	W	0.019824
01525745660576	79465.919822	S	0.273452
01525750910860	79466.193274	W	0.013859
01525751176944	79466.207132	S	0.818183
01525766886048	79467.025315	W	0.014842
01525767171016	79467.040157	S	0.076331
01525768636568	79467.116488	W	0.013619
01525768898060	79467.130107	S	0.050202
01525769861944	79467.180310	W	0.019391
01525770234260	79467.199701	S	1.143669
01525792192700	79468.343370	W	0.014497
01525792471036	79468.357866	S	0.102104
01525794431424	79468.459970	W	0.019872
01525794812960	79468.479842	S	0.580334
01525805955376	79469.060176	W	0.014506
01525806233892	79469.074682	S	0.190822
01525809897676	79469.265504	W	0.014316
01525810172536	79469.279820	S	0.087559
01525811853676	79469.367379	W	0.014347
01525812129144	79469.381726	S	0.358258
01525819007700	79469.739984	W	0.019822
01525819388292	79469.759807	S	0.119548
01525821683604	79469.879354	W	0.014462
01525821961268	79469.893816	S	0.152670
01525824892540	79470.046486	W	0.014879
01525825178212	79470.061365	S	0.958592
01525843583176	79471.019957	W	0.022828
01525844021480	79471.042785	S	1.257147
01525868158704	79472.299932	W	0.018957
01525868522676	79472.318889	S	0.743218
01525882792456	79473.062107	W	0.014774
01525883076112	79473.076881	S	0.503088
01525892735408	79473.579969	W	0.018827
01525893096884	79473.598796	S	0.754119
01525907575968	79474.352915	W	0.001298
01525907600892	79474.354213	S	0.000924
01525907618636	79474.355137	W	0.000067
01525907619924	79474.355204	S	0.098211
01525909505584	79474.453416	W	0.000221
01525909509832	79474.453637	S	0.099814
01525911426252	79474.553451	W	0.000715
01525911439972	79474.554165	S	0.305772
01525917310788	79474.859937	W	0.018670
01525917669260	79474.878607	S	1.201329
01525940734784	79476.079937	W	0.022274
01525941162436	79476.102210	S	0.038051
01525941893008	79476.140261	W	0.018477
01525942247760	79476.158737	S	0.194602
01525945984116	79476.353339	W	0.001142
01525946006036	79476.354481	S	0.002126
01525946046864	79476.356607	W	0.004564
01525946134484	79476.361171	S	0.000340
01525946141020	79476.361511	W	0.000067
01525946142308	79476.361579	S	0.002170
01525946183976	79476.363749	W	0.000454
01525946192696	79476.364203	S	0.003895
01525946267472	79476.368098	W	0.004657
01525946356888	79476.372755	S	0.000325
01525946363124	79476.373079	W	0.000061
01525946364304	79476.373141	S	0.000691
01525946377576	79476.373832	W	0.000452
01525946386256	79476.374284	S	0.028936
01525946941828	79476.403220	W	0.000574
01525946952848	79476.403794	S	0.000302
01525946958648	79476.404096	W	0.000052
01525946959652	79476.404149	S	0.001767
01525946993576	79476.405915	W	0.004220
01525947074604	79476.410136	S	0.000321
01525947080768	79476.410457	W	0.000068
01525947082076	79476.410525	S	0.001125
01525947103680	79476.411650	W	0.000315
01525947109724	79476.411965	S	0.000273
01525947114964	79476.412238	W	0.002195
01525947157100	79476.414432	S	0.000295
01525947162756	79476.414727	W	0.000092
01525947164524	79476.414819	S	0.000271
01525947169728	79476.415090	W	0.000048
01525947170652	79476.415138	S	0.000983
01525947189524	79476.416121	W	0.000305
01525947195384	79476.416426	S	0.000273
01525947200616	79476.416699	W	0.002146
01525947241816	79476.418845	S	0.000291
01525947247396	79476.419135	W	0.000076
01525947248848	79476.419211	S	0.001236
01525947272576	79476.420447	W	0.000323
01525947278776	79476.420770	S	0.000272
01525947283996	79476.421041	W	0.002153
01525947325328	79476.423194	S	0.000291
01525947330912	79476.423485	W	0.000080
01525947332448	79476.423565	S	0.000270
01525947337640	79476.423835	W	0.000058
01525947338756	79476.423894	S	0.000826
01525947354616	79476.424720	W	0.000316
01525947360680	79476.425035	S	0.000271
01525947365876	79476.425306	W	0.002218
01525947408464	79476.427524	S	0.000293
01525947414088	79476.427817	W	0.000054
01525947415120	79476.427871	S	0.001110
01525947436424	79476.428980	W	0.000325
01525947442660	79476.429305	S	0.000272
01525947447884	79476.429577	W	0.002292
01525947491892	79476.431869	S	0.000315
01525947497932	79476.432184	W	0.000062
01525947499120	79476.432246	S	0.001501
01525947527948	79476.433747	W	0.000330
01525947534284	79476.434077	S	0.000299
01525947540024	79476.434376	W	0.000384
01525947547396	79476.434760	S	0.000295
01525947553068	79476.435056	W	0.001792
01525947587480	79476.436848	S	0.000316
01525947593548	79476.437164	W	0.000062
01525947594732	79476.437226	S	0.000294
01525947600368	79476.437519	W	0.000057
01525947601456	79476.437576	S	0.001330
01525947626988	79476.438906	W	0.000308
01525947632908	79476.439214	S	0.000295
01525947638564	79476.439509	W	0.002376
01525947684180	79476.441884	S	0.001694
01525947716700	79476.443578	W	0.000398
01525947724340	79476.443976	S	0.000273
01525947729580	79476.444249	W	0.002276
01525947773284	79476.446525	S	0.000287
01525947778792	79476.446812	W	0.007271
01525947918392	79476.454083	S	0.000335
01525947924820	79476.454418	W	0.000388
01525947932264	79476.454805	S	0.000296
01525947937952	79476.455102	W	0.001549
01525947967696	79476.456651	S	0.000357
01525947974544	79476.457007	W	0.000064
01525947975776	79476.457072	S	0.000453
01525947984468	79476.457524	W	0.000479
01525947993660	79476.458003	S	0.000951
01525948011924	79476.458954	W	0.000305
01525948017772	79476.459259	S	0.000296
01525948023464	79476.459555	W	0.002300
01525948067628	79476.461856	S	0.000314
01525948073660	79476.462170	W	0.000068
01525948074960	79476.462238	S	0.000295
01525948080624	79476.462532	W	0.000048
01525948081544	79476.462580	S	0.001181
01525948104220	79476.463761	W	0.000309
01525948110156	79476.464071	S	0.000298
01525948115868	79476.464368	W	0.001898
01525948152304	79476.466266	S	0.000293
01525948157920	79476.466558	W	0.000061
01525948159088	79476.466619	S	0.000604
01525948170684	79476.467223	W	0.000475
01525948179808	79476.467698	S	0.000697
01525948193192	79476.468395	W	0.000305
01525948199048	79476.468700	S	0.000271
01525948204260	79476.468972	W	0.000058
01525948205364	79476.469029	S	0.000560
01525948216116	79476.469589	W	0.000386
01525948223524	79476.469975	S	0.000271
01525948228732	79476.470246	W	0.001869
01525948264616	79476.472115	S	0.000291
01525948270196	79476.472406	W	0.000093
01525948271980	79476.472499	S	0.000271
01525948277192	79476.472770	W	0.000066
01525948278456	79476.472836	S	0.001895
01525948314840	79476.474731	W	0.000314
01525948320864	79476.475045	S	0.000272
01525948326080	79476.475317	W	0.002181
01525948367964	79476.477498	S	0.000290
01525948373536	79476.477788	W	0.000067
01525948374824	79476.477855	S	0.000269
01525948379980	79476.478124	W	0.000048
01525948380892	79476.478171	S	0.001089
01525948401800	79476.479260	W	0.000306
01525948407676	79476.479566	S	0.000270
01525948412864	79476.479837	W	0.001874
01525948448852	79476.481711	S	0.000291
01525948454432	79476.482002	W	0.000517
01525948464364	79476.482519	S	0.001710
01525948497188	79476.484229	W	0.000305
01525948503040	79476.484533	S	0.000273
01525948508272	79476.484806	W	0.002209
01525948550676	79476.487014	S	0.000291
01525948556272	79476.487306	W	0.000061
01525948557440	79476.487367	S	0.000269
01525948562604	79476.487636	W	0.000057
01525948563704	79476.487693	S	0.001674
01525948595852	79476.489367	W	0.000314
01525948601876	79476.489681	S	0.000271
01525948607076	79476.489952	W	0.002170
01525948648744	79476.492122	S	0.000291
01525948654336	79476.492413	W	0.000082
01525948655916	79476.492496	S	0.000270
01525948661108	79476.492766	W	0.000048
01525948662032	79476.492814	S	0.001190
01525948684888	79476.494005	W	0.000329
01525948691212	79476.494334	S	0.000273
01525948696448	79476.494607	W	0.002230
01525948739264	79476.496837	S	0.000290
01525948744840	79476.497127	W	0.000062
01525948746028	79476.497189	S	0.000272
01525948751248	79476.497461	W	0.000064
01525948752468	79476.497524	S	0.001202
01525948775548	79476.498726	W	0.000320
01525948781688	79476.499046	S	0.000271
01525948786896	79476.499317	W	0.002246
01525948830020	79476.501564	S	0.000289
01525948835564	79476.501852	W	0.000060
01525948836712	79476.501912	S	0.001339
01525948862416	79476.503251	W	0.000305
01525948868280	79476.503556	S	0.000273
01525948873520	79476.503829	W	0.002339
01525948918424	79476.506168	S	0.000615
01525948930236	79476.506783	W	0.000322
01525948936416	79476.507105	S	0.000273
01525948941652	79476.507378	W	0.003547
01525949009748	79476.510924	S	0.000619
01525949021640	79476.511544	W	0.000334
01525949028060	79476.511878	S	0.000297
01525949033768	79476.512175	W	0.001658
01525949065600	79476.513833	S	0.000306
01525949071480	79476.514140	W	0.000431
01525949079760	79476.514571	S	0.039221
01525949832800	79476.553792	W	0.000709
01525949846404	79476.554500	S	0.056525
01525950931684	79476.611025	W	0.002564
01525950980908	79476.613589	S	0.099411
01525952889604	79476.713000	W	0.001940
01525952926844	79476.714940	S	0.537233
01525963241708	79477.252172	W	0.014153
01525963513448	79477.266325	S	0.153622
01525966462988	79477.419947	W	0.018362
01525966815544	79477.438310	S	0.633033
01525978969780	79478.071343	W	0.014101
01525979240512	79478.085443	S	0.614542
01525991039728	79478.699986	W	0.018366
01525991392364	79478.718352	S	0.384909
01525998782608	79479.103261	W	0.014782
01525999066420	79479.118043	S	0.861832
01526015613600	79479.979875	W	0.018717
01526015972968	79479.998592	S	0.428014
01526024190832	79480.426606	W	0.014052
01526024460628	79480.440658	S	0.805121
01526039918944	79481.245778	W	0.032792
01526040548548	79481.278570	S	0.842781
01526056729952	79482.121352	W	0.014798
01526057014080	79482.136150	S	0.135259
01526059611060	79482.271409	W	0.014039
01526059880616	79482.285449	S	0.254423
01526064765540	79482.539872	W	0.018920
01526065128808	79482.558792	S	1.144588
01526087104900	79483.703380	W	0.014474
01526087382796	79483.717854	S	0.102002
01526089341228	79483.819856	W	0.018897
01526089704056	79483.838753	S	0.479032
01526098901472	79484.317785	W	0.014594
01526099181672	79484.332379	S	0.767539
01526113918428	79485.099918	W	0.018758
01526114278588	79485.118676	S	0.017711
01526114618644	79485.136388	W	0.012926
01526114866824	79485.149314	S	0.090080
01526116596364	79485.239394	W	0.014176
01526116868540	79485.253570	S	1.126308
01526138493648	79486.379878	W	0.021855
01526138913268	79486.401733	S	0.136104
01526141526468	79486.537837	W	0.001118
01526141547936	79486.538955	S	0.002028
01526141586880	79486.540983	W	0.001558
01526141616800	79486.542542	S	0.001983
01526141654876	79486.544525	W	0.001143
01526141676828	79486.545668	S	0.004100
01526141755552	79486.549768	W	0.001124
01526141777132	79486.550892	S	0.001928
01526141814152	79486.552820	W	0.001698
01526141846748	79486.554518	S	0.002112
01526141887296	79486.556630	W	0.001296
01526141912180	79486.557926	S	0.002774
01526141965436	79486.560700	W	0.001188
01526141988240	79486.561887	S	0.002000
01526142026644	79486.563888	W	0.001474
01526142054936	79486.565361	S	0.002126
01526142095752	79486.567487	W	0.001475
01526142124072	79486.568962	S	0.002070
01526142163824	79486.571032	W	0.002493
01526142211688	79486.573525	S	0.002147
01526142252912	79486.575672	W	0.001541
01526142282508	79486.577214	S	0.001992
01526142320764	79486.579206	W	0.001873
01526142356716	79486.581079	S	0.002183
01526142398636	79486.583262	W	0.001129
01526142420312	79486.584391	S	0.002472
01526142467768	79486.586863	W	0.002218
01526142510352	79486.589081	S	0.002163
01526142551884	79486.591244	W	0.001703
01526142584588	79486.592947	S	0.001988
01526142622748	79486.594935	W	0.003377
01526142687592	79486.598312	S	0.002132
01526142728532	79486.600444	W	0.003024
01526142786592	79486.603468	S	0.002116
01526142827224	79486.605585	W	0.002745
01526142879928	79486.608330	S	0.002073
01526142919724	79486.610402	W	0.001026
01526142939428	79486.611429	S	0.001887
01526142975652	79486.613315	W	0.002775
01526143028932	79486.616090	S	0.002070
01526143068684	79486.618161	W	0.002944
01526143125204	79486.621104	S	0.002094
01526143165412	79486.623199	W	0.002281
01526143209212	79486.625480	S	0.001993
01526143247476	79486.627473	W	0.000926
01526143265252	79486.628399	S	0.071731
01526144642492	79486.700130	W	0.001545
01526144672148	79486.701674	S	0.002085
01526144712172	79486.703759	W	0.001062
01526144732560	79486.704821	S	0.001920
01526144769424	79486.706741	W	0.001009
01526144788788	79486.707749	S	0.001916
01526144825576	79486.709665	W	0.001010
01526144844972	79486.710676	S	0.001902
01526144881484	79486.712577	W	0.002753
01526144934336	79486.715330	S	0.006065
01526145050780	79486.721395	W	0.001315
01526145076036	79486.722710	S	0.002997
01526145133584	79486.725707	W	0.001442
01526145161280	79486.727150	S	0.002092
01526145201452	79486.729242	W	0.001031
01526145221252	79486.730274	S	0.003242
01526145283492	79486.733515	W	0.000965
01526145302012	79486.734480	S	0.001956
01526145339572	79486.736436	W	0.002465
01526145386908	79486.738901	S	0.002146
01526145428120	79486.741048	W	0.001904
01526145464672	79486.742952	S	0.004725
01526145555400	79486.747677	W	0.003308
01526145618912	79486.750985	S	0.002163
01526145660436	79486.753148	W	0.001291
01526145685224	79486.754439	S	0.001937
01526145722424	79486.756376	W	0.003573
01526145791020	79486.759949	S	0.002169
01526145832672	79486.762118	W	0.001160
01526145854948	79486.763279	S	0.001938
01526145892156	79486.765216	W	0.002332
01526145936936	79486.767549	S	0.002186
01526145978916	79486.769735	W	0.000941
01526145996992	79486.770677	S	0.001918
01526146033812	79486.772594	W	0.002381
01526146079524	79486.774975	S	0.002078
01526146119428	79486.777054	W	0.003395
01526146184612	79486.780449	S	0.002130
01526146225504	79486.782578	W	0.002872
01526146280640	79486.785450	S	0.002050
01526146320004	79486.787500	W	0.002892
01526146375524	79486.790392	S	0.002053
01526146414940	79486.792445	W	0.003296
01526146478220	79486.795741	S	0.002081
01526146518172	79486.797821	W	0.002990
01526146575584	79486.800812	S	0.002066
01526146615252	79486.802878	W	0.003240
01526146677452	79486.806117	S	0.002058
01526146716968	79486.808175	W	0.002925
01526146773128	79486.811100	S	0.002076
01526146812992	79486.813177	W	0.002780
01526146866360	79486.815956	S	0.002057
01526146905852	79486.818013	W	0.001025
01526146925524	79486.819038	S	0.001889
01526146961800	79486.820927	W	0.002899
01526147017452	79486.823826	S	0.002053
01526147056868	79486.825879	W	0.001014
01526147076336	79486.826893	S	0.001879
01526147112412	79486.828771	W	0.002962
01526147169288	79486.831734	S	0.002072
01526147209068	79486.833806	W	0.003121
01526147268988	79486.836926	S	0.002112
01526147309544	79486.839039	W	0.001073
01526147330148	79486.840112	S	0.001972
01526147368008	79486.842084	W	0.002231
01526147410848	79486.844315	S	0.002131
01526147451756	79486.846446	W	0.002843
01526147506348	79486.849289	S	0.002076
01526147546204	79486.851365	W	0.002812
01526147600200	79486.854177	S	0.002075
01526147640040	79486.856252	W	0.002885
01526147695436	79486.859137	S	0.002086
01526147735496	79486.861224	W	0.002881
01526147790804	79486.864104	S	0.002054
01526147830248	79486.866159	W	0.003320
01526147893984	79486.869478	S	0.002062
01526147933572	79486.871540	W	0.002512
01526147981804	79486.874052	S	0.002051
01526148021184	79486.876103	W	0.001319
01526148046508	79486.877422	S	0.001952
01526148083980	79486.879374	W	0.001317
01526148109264	79486.880691	S	0.002018
01526148148008	79486.882709	W	0.003265
01526148210692	79486.885974	S	0.002053
01526148250112	79486.888027	W	0.002726
01526148302448	79486.890752	S	0.002035
01526148341520	79486.892787	W	0.001010
01526148360912	79486.893798	S	0.001930
01526148397964	79486.895727	W	0.001015
01526148417444	79486.896742	S	0.001895
01526148453832	79486.898637	W	0.002242
01526148496880	79486.900879	S	0.002052
01526148536284	79486.902931	W	0.002929
01526148592520	79486.905860	S	0.002077
01526148632408	79486.907938	W	0.001100
01526148653520	79486.909037	S	0.001886
01526148689728	79486.910923	W	0.001326
01526148715180	79486.912249	S	0.002105
01526148755588	79486.914354	W	0.000970
01526148774204	79486.915323	S	0.001914
01526148810948	79486.917237	W	0.002836
01526148865408	79486.920073	S	0.002049
01526148904740	79486.922122	W	0.002923
01526148960852	79486.925044	S	0.002063
01526149000456	79486.927107	W	0.002843
01526149055036	79486.929950	S	0.002147
01526149096252	79486.932096	W	0.003339
01526149160368	79486.935436	S	0.002157
01526149201776	79486.937593	W	0.001030
01526149221552	79486.938623	S	0.001940
01526149258796	79486.940562	W	0.003230
01526149320808	79486.943792	S	0.002054
01526149360252	79486.945846	W	0.002700
01526149412100	79486.948547	S	0.002037
01526149451208	79486.950584	W	0.002792
01526149504820	79486.953376	S	0.002074
01526149544636	79486.955450	W	0.002704
01526149596556	79486.958154	S	0.002061
01526149636136	79486.960215	W	0.001179
01526149658768	79486.961394	S	0.001929
01526149695812	79486.963324	W	0.002829
01526149750132	79486.966153	S	0.002058
01526149789640	79486.968210	W	0.000906
01526149807040	79486.969117	S	0.002009
01526149845608	79486.971125	W	0.003058
01526149904324	79486.974184	S	0.002140
01526149945416	79486.976324	W	0.001025
01526149965100	79486.977349	S	0.002527
01526150013628	79486.979876	W	0.002857
01526150068492	79486.982734	S	0.002055
01526150107948	79486.984789	W	0.001081
01526150128696	79486.985870	S	0.001916
01526150165480	79486.987785	W	0.001357
01526150191544	79486.989143	S	0.002018
01526150230292	79486.991161	W	0.000942
01526150248384	79486.992103	S	0.002568
01526150297696	79486.994672	W	0.000893
01526150314840	79486.995565	S	0.001889
01526150351112	79486.997454	W	0.001837
01526150386380	79486.999291	S	0.002031
01526150425368	79487.001321	W	0.001127
01526150447004	79487.002448	S	0.001942
01526150484292	79487.004390	W	0.002303
01526150528516	79487.006694	S	0.002072
01526150568296	79487.008765	W	0.001020
01526150587884	79487.009786	S	0.001876
01526150623908	79487.011662	W	0.003015
01526150681804	79487.014677	S	0.002059
01526150721332	79487.016736	W	0.003252
01526150783772	79487.019988	S	0.002049
01526150823112	79487.022037	W	0.001163
01526150845448	79487.023200	S	0.001921
01526150882336	79487.025122	W	0.001310
01526150907492	79487.026432	S	0.002021
01526150946292	79487.028453	W	0.001454
01526150974200	79487.029906	S	0.001956
01526151011748	79487.031862	W	0.001411
01526151038844	79487.033273	S	0.002063
01526151078456	79487.035336	W	0.001087
01526151099336	79487.036424	S	0.001921
01526151136228	79487.038345	W	0.001409
01526151163276	79487.039754	S	0.001927
01526151200276	79487.041681	W	0.001496
01526151228996	79487.043177	S	0.002059
01526151268524	79487.045236	W	0.001130
01526151290224	79487.046366	S	0.001951
01526151327684	79487.048317	W	0.002332
01526151372464	79487.050649	S	0.002063
01526151412072	79487.052712	W	0.001036
01526151431960	79487.053748	S	0.001889
01526151468232	79487.055637	W	0.002681
01526151519704	79487.058318	S	0.002061
01526151559276	79487.060379	W	0.001069
01526151579804	79487.061448	S	0.001905
01526151616388	79487.063354	W	0.001234
01526151640084	79487.064588	S	0.001921
01526151676960	79487.066508	W	0.001811
01526151711736	79487.068320	S	0.003393
01526151776884	79487.071713	W	0.002921
01526151832972	79487.074634	S	0.002077
01526151872860	79487.076711	W	0.001018
01526151892412	79487.077730	S	0.001883
01526151928560	79487.079613	W	0.003083
01526151987744	79487.082695	S	0.002052
01526152027136	79487.084747	W	0.001058
01526152047448	79487.085805	S	0.001914
01526152084196	79487.087719	W	0.002302
01526152128400	79487.090021	S	0.002075
01526152168248	79487.092096	W	0.001094
01526152189244	79487.093190	S	0.001911
01526152225936	79487.095101	W	0.000922
01526152243640	79487.096023	S	0.001897
01526152280068	79487.097920	W	0.002424
01526152326616	79487.100345	S	0.002229
01526152369416	79487.102574	W	0.002911
01526152425312	79487.105485	S	0.002080
01526152465248	79487.107565	W	0.003013
01526152523100	79487.110578	S	0.002103
01526152563468	79487.112681	W	0.001030
01526152583244	79487.113711	S	0.002191
01526152625304	79487.115901	W	0.002979
01526152682496	79487.118880	S	0.002056
01526152721972	79487.120936	W	0.001025
01526152741648	79487.121961	S	0.002452
01526152788732	79487.124413	W	0.003098
01526152848208	79487.127511	S	0.002064
01526152887832	79487.129575	W	0.001051
01526152908016	79487.130626	S	0.001900
01526152944500	79487.132526	W	0.002260
01526152987884	79487.134786	S	0.002045
01526153027148	79487.136831	W	0.002943
01526153083656	79487.139774	S	0.002052
01526153123052	79487.141826	W	0.002969
01526153180060	79487.144795	S	0.002047
01526153219368	79487.146842	W	0.002811
01526153273348	79487.149654	S	0.002061
01526153312928	79487.151715	W	0.003347
01526153377188	79487.155062	S	0.002057
01526153416688	79487.157119	W	0.003114
01526153476480	79487.160233	S	0.002080
01526153516424	79487.162314	W	0.001368
01526153542684	79487.163681	S	0.001932
01526153579784	79487.165614	W	0.001901
01526153616288	79487.167515	S	0.002089
01526153656400	79487.169604	W	0.003026
01526153714508	79487.172631	S	0.002194
01526153756624	79487.174824	W	0.003001
01526153814236	79487.177825	S	0.002041
01526153853432	79487.179866	W	0.003111
01526153913172	79487.182978	S	0.002050
01526153952540	79487.185028	W	0.002958
01526154009324	79487.187986	S	0.002057
01526154048824	79487.190043	W	0.002846
01526154103464	79487.192889	S	0.002088
01526154143552	79487.194977	W	0.001059
01526154163888	79487.196036	S	0.002080
01526154203816	79487.198115	W	0.002860
01526154258732	79487.200976	S	0.002062
01526154298316	79487.203037	W	0.002866
01526154353344	79487.205903	S	0.002172
01526154395048	79487.208075	W	0.002728
01526154447428	79487.210804	S	0.002066
01526154487092	79487.212869	W	0.001028
01526154506836	79487.213898	S	0.001877
01526154542880	79487.215775	W	0.002612
01526154593028	79487.218387	S	0.002044
01526154632280	79487.220431	W	0.001074
01526154652900	79487.221505	S	0.001903
01526154689440	79487.223408	W	0.003041
01526154747828	79487.226449	S	0.002054
01526154787268	79487.228504	W	0.003032
01526154845484	79487.231536	S	0.002041
01526154884668	79487.233576	W	0.002851
01526154939408	79487.236427	S	0.002040
01526154978576	79487.238468	W	0.002877
01526155033820	79487.241345	S	0.002048
01526155073148	79487.243393	W	0.003154
01526155133696	79487.246547	S	0.002061
01526155173272	79487.248608	W	0.003037
01526155231584	79487.251645	S	0.002057
01526155271076	79487.253702	W	0.002761
01526155324092	79487.256463	S	0.002037
01526155363204	79487.258500	W	0.001066
01526155383664	79487.259566	S	0.001917
01526155420464	79487.261483	W	0.002509
01526155468636	79487.263991	S	0.002056
01526155508116	79487.266048	W	0.001099
01526155529212	79487.267146	S	0.001899
01526155565672	79487.269045	W	0.002932
01526155621968	79487.271978	S	0.002033
01526155661004	79487.274011	W	0.001012
01526155680444	79487.275023	S	0.002400
01526155726528	79487.277423	W	0.003037
01526155784836	79487.280460	S	0.002068
01526155824544	79487.282528	W	0.002876
01526155879764	79487.285404	S	0.002038
01526155918892	79487.287442	W	0.002893
01526155974440	79487.290335	S	0.002055
01526156013888	79487.292390	W	0.003227
01526156075840	79487.295617	S	0.002042
01526156115052	79487.297659	W	0.001031
01526156134856	79487.298690	S	0.001896
01526156171252	79487.300586	W	0.001250
01526156195248	79487.301836	S	0.001921
01526156232128	79487.303757	W	0.001388
01526156258776	79487.305145	S	0.002029
01526156297736	79487.307174	W	0.001117
01526156319176	79487.308290	S	0.001945
01526156356512	79487.310235	W	0.002079
01526156396432	79487.312314	S	0.002073
01526156436240	79487.314387	W	0.001021
01526156455852	79487.315409	S	0.001871
01526156491776	79487.317280	W	0.002860
01526156546696	79487.320140	S	0.002054
01526156586124	79487.322194	W	0.000934
01526156604056	79487.323128	S	0.001957
01526156641632	79487.325085	W	0.002426
01526156688204	79487.327511	S	0.002119
01526156728892	79487.329630	W	0.003149
01526156789360	79487.332779	S	0.002147
01526156830576	79487.334926	W	0.002993
01526156888044	79487.337919	S	0.002076
01526156927912	79487.339995	W	0.002921
01526156984000	79487.342917	S	0.002083
01526157024000	79487.345000	W	0.002772
01526157077216	79487.347772	S	0.002036
01526157116312	79487.349808	W	0.002782
01526157169732	79487.352590	S	0.002051
01526157209116	79487.354641	W	0.002838
01526157263604	79487.357479	S	0.002091
01526157303752	79487.359570	W	0.002932
01526157360052	79487.362503	S	0.002107
01526157400516	79487.364610	W	0.001086
01526157421376	79487.365697	S	0.001899
01526157457836	79487.367596	W	0.003098
01526157517320	79487.370694	S	0.002041
01526157556516	79487.372735	W	0.002581
01526157606064	79487.375316	S	0.002048
01526157645384	79487.377364	W	0.001064
01526157665808	79487.378428	S	0.001902
01526157702328	79487.380330	W	0.008258
01526157860880	79487.388587	S	0.002186
01526157902852	79487.390774	W	0.003163
01526157963584	79487.393937	S	0.002926
01526158019772	79487.396863	W	0.003440
01526158085824	79487.400303	S	0.002050
01526158125192	79487.402354	W	0.002900
01526158180880	79487.405254	S	0.002071
01526158220640	79487.407325	W	0.001033
01526158240472	79487.408358	S	0.001934
01526158277596	79487.410291	W	0.003302
01526158340992	79487.413593	S	0.002263
01526158384444	79487.415856	W	0.001225
01526158407972	79487.417082	S	0.001919
01526158444820	79487.419001	W	0.001837
01526158480084	79487.420838	S	0.003701
01526158551144	79487.424539	W	0.002764
01526158604216	79487.427303	S	0.002051
01526158643596	79487.429354	W	0.002726
01526158695944	79487.432080	S	0.002037
01526158735056	79487.434118	W	0.002927
01526158791248	79487.437044	S	0.002059
01526158830772	79487.439103	W	0.002765
01526158883868	79487.441868	S	0.002030
01526158922848	79487.443898	W	0.002799
01526158976596	79487.446698	S	0.002053
01526159016004	79487.448750	W	0.003054
01526159074644	79487.451804	S	0.002044
01526159113896	79487.453849	W	0.002807
01526159167796	79487.456656	S	0.002047
01526159207092	79487.458703	W	0.002914
01526159263032	79487.461616	S	0.002074
01526159302848	79487.463690	W	0.001315
01526159328104	79487.465005	S	0.001943
01526159365408	79487.466948	W	0.001762
01526159399240	79487.468710	S	0.002030
01526159438208	79487.470740	W	0.002941
01526159494680	79487.473681	S	0.002048
01526159534000	79487.475729	W	0.003378
01526159598856	79487.479107	S	0.002053
01526159638268	79487.481160	W	0.003082
01526159697444	79487.484242	S	0.002046
01526159736720	79487.486287	W	0.003046
01526159795212	79487.489334	S	0.002081
01526159835176	79487.491415	W	0.003156
01526159895776	79487.494572	S	0.002059
01526159935304	79487.496630	W	0.001160
01526159957580	79487.497791	S	0.001929
01526159994620	79487.499720	W	0.001364
01526160020800	79487.501083	S	0.002014
01526160059464	79487.503097	W	0.001099
01526160080556	79487.504196	S	0.001937
01526160117740	79487.506132	W	0.002608
01526160167808	79487.508740	S	0.002064
01526160207428	79487.510804	W	0.002962
01526160264304	79487.513766	S	0.002072
01526160304080	79487.515838	W	0.001164
01526160326428	79487.517001	S	0.001908
01526160363056	79487.518909	W	0.002006
01526160401576	79487.520915	S	0.002039
01526160440716	79487.522954	W	0.001090
01526160461636	79487.524044	S	0.001926
01526160498624	79487.525970	W	0.001851
01526160534160	79487.527821	S	0.002036
01526160573256	79487.529857	W	0.000944
01526160591372	79487.530801	S	0.002003
01526160629832	79487.532804	W	0.002853
01526160684616	79487.535657	S	0.002060
01526160724160	79487.537717	W	0.003199
01526160785572	79487.540915	S	0.002057
01526160825072	79487.542972	W	0.002790
01526160878636	79487.545762	S	0.002047
01526160917936	79487.547809	W	0.002843
01526160972528	79487.550652	S	0.002067
01526161012212	79487.552719	W	0.002940
01526161068668	79487.555660	S	0.002046
01526161107948	79487.557706	W	0.002944
01526161164464	79487.560649	S	0.002052
01526161203868	79487.562701	W	0.000491
01526161213304	79487.563193	S	0.001381
01526161239812	79487.564574	W	0.000286
01526161245312	79487.564860	S	0.001378
01526161271760	79487.566237	W	0.000978
01526161290544	79487.567216	S	0.001369
01526161316820	79487.568584	W	0.000278
01526161322164	79487.568863	S	0.002633
01526161372724	79487.571496	W	0.000173
01526161376044	79487.571669	S	0.001373
01526161402412	79487.573042	W	0.000286
01526161407900	79487.573328	S	0.001360
01526161434008	79487.574688	W	0.000900
01526161451292	79487.575588	S	0.001372
01526161477628	79487.576960	W	0.000286
01526161483112	79487.577245	S	0.002369
01526161528592	79487.579614	W	0.000172
01526161531888	79487.579786	S	0.001351
01526161557836	79487.581137	W	0.000320
01526161563972	79487.581457	S	0.001353
01526161589952	79487.582810	W	0.000912
01526161607460	79487.583722	S	0.001370
01526161633772	79487.585092	W	0.000271
01526161638972	79487.585363	S	0.001691
01526161671448	79487.587055	W	0.000166
01526161674644	79487.587221	S	0.001373
01526161701000	79487.588594	W	0.000352
01526161707756	79487.588946	S	0.001356
01526161733784	79487.590301	W	0.000919
01526161751432	79487.591220	S	0.001375
01526161777828	79487.592595	W	0.000299
01526161783564	79487.592894	S	0.002868
01526161838632	79487.595762	W	0.000173
01526161841956	79487.595935	S	0.001350
01526161867876	79487.597285	W	0.000351
01526161874616	79487.597636	S	0.001389
01526161901292	79487.599026	W	0.000886
01526161918308	79487.599912	S	0.001439
01526161945928	79487.601350	W	0.000284
01526161951372	79487.601634	S	0.002207
01526161993740	79487.603841	W	0.000174
01526161997076	79487.604014	S	0.001430
01526162024524	79487.605444	W	0.000298
01526162030240	79487.605742	S	0.001530
01526162059608	79487.607271	W	0.000977
01526162078364	79487.608248	S	0.001378
01526162104820	79487.609626	W	0.000304
01526162110656	79487.609930	S	0.002495
01526162158556	79487.612425	W	0.000168
01526162161776	79487.612592	S	0.001356
01526162187816	79487.613949	W	0.000358
01526162194688	79487.614307	S	0.001354
01526162220680	79487.615660	W	0.000967
01526162239252	79487.616628	S	0.001379
01526162265720	79487.618006	W	0.000043
01526162266540	79487.618049	S	0.001350
01526162292468	79487.619399	W	0.000031
01526162293056	79487.619430	S	0.002079
01526162332976	79487.621509	W	0.000168
01526162336200	79487.621677	S	0.001379
01526162362668	79487.623056	W	0.000301
01526162368444	79487.623356	S	0.001451
01526162396312	79487.624808	W	0.001088
01526162417204	79487.625896	S	0.001393
01526162443944	79487.627289	W	0.000288
01526162449476	79487.627577	S	0.002448
01526162496480	79487.630025	W	0.000162
01526162499588	79487.630187	S	0.001351
01526162525532	79487.631538	W	0.000303
01526162531344	79487.631841	S	0.001368
01526162557600	79487.633208	W	0.000849
01526162573908	79487.634058	S	0.001360
01526162600028	79487.635418	W	0.000280
01526162605396	79487.635698	S	0.002406
01526162651588	79487.638104	W	0.000162
01526162654692	79487.638265	S	0.001353
01526162680672	79487.639618	W	0.000283
01526162686100	79487.639901	S	0.001364
01526162712288	79487.641265	W	0.000856
01526162728716	79487.642121	S	0.001372
01526162755060	79487.643493	W	0.000293
01526162760676	79487.643785	S	0.003136
01526162820884	79487.646921	W	0.000166
01526162824072	79487.647087	S	0.001339
01526162849776	79487.648426	W	0.000300
01526162855532	79487.648726	S	0.001350
01526162881460	79487.650076	W	0.000884
01526162898436	79487.650960	S	0.001359
01526162924528	79487.652319	W	0.026775
01526163438616	79487.679095	S	0.001504
01526163467496	79487.680599	W	0.000979
01526163486284	79487.681577	S	0.000619
01526163498168	79487.682196	W	0.000360
01526163505088	79487.682557	S	0.000273
01526163510324	79487.682829	W	0.002315
01526163554776	79487.685145	S	0.000297
01526163560484	79487.685442	W	0.000064
01526163561720	79487.685506	S	0.000272
01526163566944	79487.685778	W	0.000057
01526163568040	79487.685835	S	0.001065
01526163588480	79487.686900	W	0.000336
01526163594932	79487.687236	S	0.000338
01526163601412	79487.687574	W	0.002139
01526163642472	79487.689712	S	0.000293
01526163648100	79487.690005	W	0.000089
01526163649804	79487.690094	S	0.000271
01526163655004	79487.690365	W	0.000048
01526163655932	79487.690413	S	0.000270
01526163661112	79487.690683	W	0.000055
01526163662160	79487.690738	S	0.001398
01526163689004	79487.692136	W	0.000329
01526163695316	79487.692464	S	0.000273
01526163700564	79487.692738	W	0.002002
01526163739008	79487.694740	S	0.000301
01526163744784	79487.695041	W	0.000062
01526163745976	79487.695103	S	0.000273
01526163751212	79487.695376	W	0.000058
01526163752320	79487.695433	S	0.000446
01526163760888	79487.695880	W	0.000495
01526163770392	79487.696375	S	0.000874
01526163787164	79487.697248	W	0.000355
01526163793980	79487.697603	S	0.000339
01526163800492	79487.697942	W	0.002413
01526163846820	79487.700355	S	0.000296
01526163852496	79487.700651	W	0.000062
01526163853684	79487.700713	S	0.000270
01526163858860	79487.700982	W	0.000058
01526163859964	79487.701040	S	0.001223
01526163883440	79487.702262	W	0.000313
01526163889452	79487.702576	S	0.000272
01526163894668	79487.702847	W	0.002251
01526163937896	79487.705099	S	0.000298
01526163943612	79487.705396	W	0.000075
01526163945044	79487.705471	S	0.000271
01526163950240	79487.705742	W	0.000058
01526163951348	79487.705799	S	0.001290
01526163976112	79487.707089	W	0.000331
01526163982460	79487.707420	S	0.000277
01526163987776	79487.707697	W	0.002312
01526164032164	79487.710009	S	0.000297
01526164037860	79487.710305	W	0.000086
01526164039512	79487.710391	S	0.000271
01526164044724	79487.710663	W	0.000057
01526164045816	79487.710720	S	0.001247
01526164069760	79487.711967	W	0.000329
01526164076084	79487.712296	S	0.000295
01526164081756	79487.712591	W	0.002195
01526164123892	79487.714786	S	0.000330
01526164130228	79487.715116	W	0.000091
01526164131968	79487.715207	S	0.000295
01526164137636	79487.715502	W	0.000059
01526164138768	79487.715561	S	0.001223
01526164162244	79487.716784	W	0.000311
01526164168216	79487.717095	S	0.000296
01526164173900	79487.717391	W	0.000394
01526164181460	79487.717784	S	0.000299
01526164187192	79487.718083	W	0.001961
01526164224844	79487.720044	S	0.000292
01526164230448	79487.720336	W	0.000060
01526164231604	79487.720396	S	0.001882
01526164267740	79487.722278	W	0.000310
01526164273688	79487.722588	S	0.000272
01526164278904	79487.722860	W	0.002275
01526164322580	79487.725134	S	0.000294
01526164328228	79487.725429	W	0.000062
01526164329416	79487.725490	S	0.001185
01526164352172	79487.726676	W	0.000322
01526164358360	79487.726998	S	0.000272
01526164363584	79487.727270	W	0.000384
01526164370952	79487.727654	S	0.000271
01526164376164	79487.727925	W	0.001863
01526164411936	79487.729788	S	0.000290
01526164417500	79487.730078	W	0.000080
01526164419040	79487.730158	S	0.000270
01526164424216	79487.730428	W	0.000056
01526164425300	79487.730484	S	0.001439
01526164452932	79487.731924	W	0.000307
01526164458828	79487.732231	S	0.000271
01526164464036	79487.732502	W	0.000412
01526164471944	79487.732914	S	0.000274
01526164477204	79487.733188	W	0.001943
01526164514508	79487.735131	S	0.000292
01526164520108	79487.735422	W	0.000061
01526164521272	79487.735483	S	0.001309
01526164546400	79487.736792	W	0.000312
01526164552396	79487.737104	S	0.000273
01526164557628	79487.737376	W	0.000057
01526164558724	79487.737434	S	0.000270
01526164563912	79487.737704	W	0.002266
01526164607416	79487.739970	S	0.000295
01526164613084	79487.740265	W	0.000088
01526164614776	79487.740353	S	0.000270
01526164619960	79487.740623	W	0.000066
01526164621224	79487.740689	S	0.001327
01526164646712	79487.742016	W	0.000310
01526164652672	79487.742327	S	0.000271
01526164657876	79487.742598	W	0.002301
01526164702052	79487.744899	S	0.000304
01526164707896	79487.745203	W	0.000063
01526164709104	79487.745266	S	0.000269
01526164714276	79487.745535	W	0.000057
01526164715376	79487.745592	S	0.001521
01526164744584	79487.747114	W	0.000320
01526164750736	79487.747434	S	0.000273
01526164755968	79487.747707	W	0.002343
01526164800960	79487.750050	S	0.000296
01526164806640	79487.750346	W	0.000062
01526164807828	79487.750408	S	0.000271
01526164813028	79487.750679	W	0.000057
01526164814116	79487.750735	S	0.001132
01526164835852	79487.751867	W	0.000325
01526164842088	79487.752192	S	0.000271
01526164847292	79487.752463	W	0.001875
01526164883288	79487.754338	S	0.000289
01526164888836	79487.754627	W	0.000511
01526164898640	79487.755138	S	0.001344
01526164924436	79487.756481	W	0.000309
01526164930376	79487.756790	S	0.000271
01526164935572	79487.757061	W	0.000392
01526164943104	79487.757453	S	0.000273
01526164948340	79487.757726	W	0.001926
01526164985312	79487.759652	S	0.000354
01526164992116	79487.760006	W	0.000060
01526164993272	79487.760066	S	0.001450
01526165021120	79487.761517	W	0.000309
01526165027056	79487.761826	S	0.000273
01526165032288	79487.762098	W	0.000049
01526165033220	79487.762147	S	0.000434
01526165041548	79487.762581	W	0.000425
01526165049712	79487.763006	S	0.000272
01526165054936	79487.763278	W	0.001898
01526165091368	79487.765175	S	0.000326
01526165097628	79487.765501	W	0.000556
01526165108308	79487.766058	S	0.000275
01526165113588	79487.766333	W	0.000059
01526165114720	79487.766392	S	0.001131
01526165136432	79487.767522	W	0.000317
01526165142512	79487.767839	S	0.000274
01526165147776	79487.768113	W	0.000073
01526165149184	79487.768187	S	0.000273
01526165154420	79487.768459	W	0.000432
01526165162720	79487.768892	S	0.000275
01526165168000	79487.769167	W	0.001595
01526165198616	79487.770761	S	0.000298
01526165204332	79487.771059	W	0.000072
01526165205708	79487.771131	S	0.000272
01526165210936	79487.771403	W	0.000500
01526165220528	79487.771902	S	0.001410
01526165247604	79487.773313	W	0.000312
01526165253600	79487.773625	S	0.000274
01526165258864	79487.773899	W	0.002381
01526165304588	79487.776281	S	0.000296
01526165310268	79487.776576	W	0.000062
01526165311460	79487.776639	S	0.000273
01526165316696	79487.776911	W	0.000061
01526165317876	79487.776973	S	0.001721
01526165350924	79487.778694	W	0.000329
01526165357232	79487.779023	S	0.000274
01526165362488	79487.779296	W	0.002324
01526165407104	79487.781620	S	0.000304
01526165412940	79487.781924	W	0.000066
01526165414204	79487.781990	S	0.000272
01526165419420	79487.782261	W	0.000057
01526165420512	79487.782318	S	0.001195
01526165443460	79487.783514	W	0.000317
01526165449544	79487.783830	S	0.000275
01526165454820	79487.784105	W	0.002465
01526165502152	79487.786570	S	0.002160
01526165543624	79487.788730	W	0.000346
01526165550268	79487.789076	S	0.000277
01526165555592	79487.789354	W	0.002280
01526165599360	79487.791633	S	0.000293
01526165604976	79487.791926	W	0.000085
01526165606600	79487.792010	S	0.000272
01526165611816	79487.792282	W	0.000048
01526165612728	79487.792330	S	0.000269
01526165617896	79487.792599	W	0.000058
01526165619016	79487.792657	S	0.001607
01526165649872	79487.794264	W	0.000318
01526165655980	79487.794582	S	0.000272
01526165661196	79487.794854	W	0.002294
01526165705232	79487.797147	S	0.000292
01526165710844	79487.797440	W	0.000060
01526165712000	79487.797500	S	0.000271
01526165717212	79487.797771	W	0.000048
01526165718132	79487.797819	S	0.000271
01526165723344	79487.798091	W	0.000057
01526165724432	79487.798147	S	0.002472
01526165771896	79487.800620	W	0.000321
01526165778060	79487.800941	S	0.000276
01526165783356	79487.801216	W	0.002122
01526165824104	79487.803339	S	0.000291
01526165829700	79487.803630	W	0.000075
01526165831148	79487.803706	S	0.000270
01526165836336	79487.803976	W	0.000057
01526165837436	79487.804033	S	0.001985
01526165875556	79487.806019	W	0.000309
01526165881480	79487.806327	S	0.000272
01526165886708	79487.806599	W	0.000432
01526165894996	79487.807031	S	0.000270
01526165900188	79487.807301	W	0.001930
01526165937236	79487.809231	S	0.000291
01526165942824	79487.809522	W	0.000060
01526165943984	79487.809583	S	0.001746
01526165977500	79487.811328	W	0.000323
01526165983708	79487.811651	S	0.000275
01526165988984	79487.811926	W	0.001926
01526166025968	79487.813852	S	0.000293
01526166031592	79487.814145	W	0.000558
01526166042304	79487.814703	S	0.001741
01526166075724	79487.816444	W	0.000319
01526166081856	79487.816763	S	0.000272
01526166087076	79487.817035	W	0.000057
01526166088172	79487.817092	S	0.000269
01526166093344	79487.817362	W	0.000417
01526166101348	79487.817779	S	0.000272
01526166106568	79487.818050	W	0.001931
01526166143644	79487.819981	S	0.000291
01526166149240	79487.820273	W	0.000061
01526166150420	79487.820334	S	0.000269
01526166155592	79487.820604	W	0.000058
01526166156712	79487.820662	S	0.001551
01526166186500	79487.822214	W	0.000320
01526166192644	79487.822534	S	0.000275
01526166197932	79487.822809	W	0.000058
01526166199048	79487.822867	S	0.000269
01526166204204	79487.823136	W	0.000430
01526166212468	79487.823566	S	0.000273
01526166217708	79487.823839	W	0.002048
01526166257036	79487.825887	S	0.000299
01526166262780	79487.826186	W	0.000063
01526166263996	79487.826250	S	0.001719
01526166297008	79487.827969	W	0.000332
01526166303380	79487.828301	S	0.000274
01526166308644	79487.828575	W	0.002357
01526166353896	79487.830932	S	0.000299
01526166359628	79487.831231	W	0.000063
01526166360832	79487.831293	S	0.002450
01526166407876	79487.833744	W	0.000324
01526166414104	79487.834068	S	0.000273
01526166419344	79487.834341	W	0.000058
01526166420456	79487.834399	S	0.000420
01526166428516	79487.834819	W	0.000434
01526166436848	79487.835252	S	0.000272
01526166442064	79487.835524	W	0.001626
01526166473288	79487.837150	S	0.000293
01526166478904	79487.837443	W	0.000538
01526166489228	79487.837981	S	0.002547
01526166538128	79487.840527	W	0.000315
01526166544180	79487.840843	S	0.000273
01526166549428	79487.841116	W	0.000058
01526166550532	79487.841174	S	0.000528
01526166560664	79487.841701	W	0.000430
01526166568924	79487.842131	S	0.000516
01526166578832	79487.842648	W	0.001545
01526166608500	79487.844193	S	0.000317
01526166614588	79487.844510	W	0.000503
01526166624248	79487.845013	S	0.002018
01526166662984	79487.847030	W	0.000314
01526166669012	79487.847344	S	0.000296
01526166674704	79487.847641	W	0.000057
01526166675800	79487.847698	S	0.000296
01526166681476	79487.847994	W	0.000415
01526166689448	79487.848409	S	0.000295
01526166695116	79487.848704	W	0.001517
01526166724240	79487.850221	S	0.000313
01526166730256	79487.850534	W	0.000065
01526166731496	79487.850599	S	0.000294
01526166737144	79487.850893	W	0.000515
01526166747024	79487.851407	S	0.001951
01526166784484	79487.853359	W	0.000324
01526166790700	79487.853682	S	0.000274
01526166795964	79487.853956	W	0.000062
01526166797160	79487.854019	S	0.000274
01526166802412	79487.854292	W	0.002310
01526166846760	79487.856602	S	0.000294
01526166852396	79487.856896	W	0.000204
01526166856308	79487.857099	S	0.002331
01526166901064	79487.859430	W	0.000318
01526166907172	79487.859749	S	0.000272
01526166912388	79487.860020	W	0.001890
01526166948684	79487.861911	S	0.000291
01526166954276	79487.862202	W	0.000069
01526166955608	79487.862271	S	0.000269
01526166960780	79487.862541	W	0.000063
01526166961988	79487.862604	S	0.000674
01526166974936	79487.863278	W	0.000475
01526166984048	79487.863752	S	0.002404
01526167030200	79487.866156	W	0.000340
01526167036720	79487.866496	S	0.000276
01526167042020	79487.866772	W	0.000057
01526167043116	79487.866829	S	0.000270
01526167048304	79487.867099	W	0.000413
01526167056240	79487.867513	S	0.000272
01526167061468	79487.867785	W	0.001568
01526167091576	79487.869353	S	0.000293
01526167097192	79487.869645	W	0.000506
01526167106904	79487.870151	S	0.001898
01526167143340	79487.872049	W	0.000314
01526167149376	79487.872363	S	0.000274
01526167154632	79487.872637	W	0.002259
01526167198004	79487.874896	S	0.000290
01526167203572	79487.875186	W	0.000081
01526167205132	79487.875267	S	0.000271
01526167210340	79487.875539	W	0.000057
01526167211440	79487.875596	S	0.001762
01526167245264	79487.877357	W	0.000317
01526167251356	79487.877675	S	0.000271
01526167256568	79487.877946	W	0.002326
01526167301224	79487.880272	S	0.000295
01526167306892	79487.880567	W	0.000063
01526167308092	79487.880630	S	0.000272
01526167313320	79487.880902	W	0.000059
01526167314456	79487.880961	S	0.000275
01526167319744	79487.881237	W	0.000060
01526167320892	79487.881296	S	0.001667
01526167352900	79487.882964	W	0.000313
01526167358916	79487.883277	S	0.000273
01526167364160	79487.883550	W	0.000048
01526167365084	79487.883598	S	0.000272
01526167370312	79487.883870	W	0.002284
01526167414168	79487.886155	S	0.000291
01526167419756	79487.886446	W	0.000063
01526167420972	79487.886509	S	0.000991
01526167439992	79487.887500	W	0.000333
01526167446392	79487.887833	S	0.000273
01526167451632	79487.888106	W	0.000384
01526167459000	79487.888490	S	0.000273
01526167464236	79487.888762	W	0.001960
01526167501872	79487.890723	S	0.000293
01526167507496	79487.891015	W	0.000060
01526167508648	79487.891075	S	0.001122
01526167530184	79487.892197	W	0.000327
01526167536460	79487.892524	S	0.000336
01526167542912	79487.892860	W	0.002129
01526167583792	79487.894989	S	0.000294
01526167589432	79487.895283	W	0.000084
01526167591040	79487.895367	S	0.000270
01526167596224	79487.895637	W	0.000056
01526167597292	79487.895692	S	0.001047
01526167617400	79487.896740	W	0.000309
01526167623332	79487.897049	S	0.000297
01526167629028	79487.897345	W	0.000057
01526167630116	79487.897402	S	0.000293
01526167635748	79487.897695	W	0.000390
01526167643244	79487.898086	S	0.000274
01526167648512	79487.898360	W	0.001955
01526167686052	79487.900315	S	0.000293
01526167691684	79487.900609	W	0.000061
01526167692852	79487.900669	S	0.001339
01526167718568	79487.902009	W	0.000313
01526167724576	79487.902322	S	0.000273
01526167729808	79487.902594	W	0.000057
01526167730900	79487.902651	S	0.000269
01526167736068	79487.902920	W	0.000392
01526167743604	79487.903313	S	0.000271
01526167748816	79487.903584	W	0.001559
01526167778740	79487.905143	S	0.000296
01526167784432	79487.905439	W	0.000541
01526167794820	79487.905980	S	0.001751
01526167828448	79487.907732	W	0.000317
01526167834528	79487.908048	S	0.000273
01526167839764	79487.908321	W	0.000394
01526167847336	79487.908715	S	0.000272
01526167852552	79487.908987	W	0.001972
01526167890416	79487.910959	S	0.000289
01526167895964	79487.911248	W	0.000061
01526167897140	79487.911309	S	0.001643
01526167928688	79487.912953	W	0.000320
01526167934840	79487.913273	S	0.000272
01526167940060	79487.913545	W	0.002328
01526167984756	79487.915873	S	0.000289
01526167990296	79487.916161	W	0.000141
01526167993012	79487.916303	S	0.000635
01526168005208	79487.916938	W	0.000333
01526168011600	79487.917271	S	0.000275
01526168016888	79487.917546	W	0.000400
01526168024560	79487.917946	S	0.000272
01526168029788	79487.918218	W	0.001955
01526168067328	79487.920173	S	0.001571
01526168097484	79487.921744	W	0.000310
01526168103444	79487.922054	S	0.000273
01526168108684	79487.922327	W	0.002302
01526168152884	79487.924629	S	0.002157
01526168194296	79487.926786	W	0.000309
01526168200232	79487.927095	S	0.000275
01526168205504	79487.927370	W	0.002269
01526168249060	79487.929639	S	0.000292
01526168254668	79487.929931	W	0.000078
01526168256168	79487.930009	S	0.000270
01526168261352	79487.930279	W	0.000056
01526168262432	79487.930335	S	0.000790
01526168277596	79487.931125	W	0.000309
01526168283536	79487.931434	S	0.000272
01526168288752	79487.931706	W	0.002236
01526168331680	79487.933942	S	0.000289
01526168337236	79487.934231	W	0.000080
01526168338768	79487.934311	S	0.000271
01526168343964	79487.934581	W	0.000057
01526168345052	79487.934638	S	0.001058
01526168365360	79487.935696	W	0.000320
01526168371508	79487.936016	S	0.000273
01526168376752	79487.936289	W	0.002281
01526168420544	79487.938570	S	0.000294
01526168426188	79487.938864	W	0.000061
01526168427356	79487.938925	S	0.001446
01526168455128	79487.940371	W	0.000316
01526168461204	79487.940688	S	0.000271
01526168466408	79487.940959	W	0.000057
01526168467500	79487.941016	S	0.000349
01526168474196	79487.941364	W	0.001879
01526168510280	79487.943244	S	0.000288
01526168515812	79487.943532	W	0.000529
01526168525960	79487.944060	S	0.001415
01526168553120	79487.945475	W	0.000318
01526168559220	79487.945793	S	0.000272
01526168564440	79487.946065	W	0.002262
01526168607876	79487.948327	S	0.000294
01526168613512	79487.948620	W	0.000060
01526168614668	79487.948681	S	0.001634
01526168646040	79487.950315	W	0.000334
01526168652460	79487.950649	S	0.000272
01526168657676	79487.950921	W	0.000391
01526168665184	79487.951312	S	0.000271
01526168670380	79487.951582	W	0.001844
01526168705792	79487.953427	S	0.000291
01526168711384	79487.953718	W	0.000081
01526168712944	79487.953799	S	0.000271
01526168718156	79487.954071	W	0.000084
01526168719760	79487.954154	S	0.001418
01526168746988	79487.955572	W	0.000312
01526168752976	79487.955884	S	0.000272
01526168758200	79487.956156	W	0.002298
01526168802312	79487.958454	S	0.000295
01526168807972	79487.958749	W	0.000062
01526168809160	79487.958810	S	0.000271
01526168814364	79487.959081	W	0.000057
01526168815460	79487.959139	S	0.001616
01526168846496	79487.960755	W	0.000310
01526168852456	79487.961065	S	0.000270
01526168857648	79487.961336	W	0.002295
01526168901704	79487.963630	S	0.000293
01526168907336	79487.963924	W	0.000081
01526168908888	79487.964005	S	0.000270
01526168914072	79487.964275	W	0.000057
01526168915168	79487.964332	S	0.001880
01526168951256	79487.966211	W	0.000374
01526168958440	79487.966585	S	0.000280
01526168963820	79487.966866	W	0.002380
01526169009524	79487.969246	S	0.000297
01526169015228	79487.969543	W	0.000061
01526169016404	79487.969604	S	0.001674
01526169048540	79487.971278	W	0.000313
01526169054540	79487.971591	S	0.000273
01526169059776	79487.971863	W	0.002179
01526169101612	79487.974042	S	0.000294
01526169107252	79487.974336	W	0.000093
01526169109032	79487.974429	S	0.000270
01526169114212	79487.974699	W	0.000057
01526169115304	79487.974755	S	0.001917
01526169152120	79487.976673	W	0.000308
01526169158040	79487.976981	S	0.000270
01526169163228	79487.977251	W	0.000391
01526169170728	79487.977642	S	0.000338
01526169177208	79487.977980	W	0.001884
01526169213388	79487.979864	S	0.000351
01526169220124	79487.980215	W	0.000080
01526169221668	79487.980295	S	0.000271
01526169226868	79487.980566	W	0.000064
01526169228088	79487.980630	S	0.001224
01526169251592	79487.981854	W	0.000308
01526169257500	79487.982161	S	0.000271
01526169262704	79487.982432	W	0.002113
01526169303280	79487.984546	S	0.000289
01526169308832	79487.984835	W	0.000061
01526169310008	79487.984896	S	0.000270
01526169315184	79487.985166	W	0.000048
01526169316104	79487.985214	S	0.000623
01526169328072	79487.985837	W	0.000058
01526169329188	79487.985895	S	0.000782
01526169344208	79487.986677	W	0.000327
01526169350480	79487.987004	S	0.000273
01526169355724	79487.987277	W	0.002198
01526169397932	79487.989476	S	0.000293
01526169403564	79487.989769	W	0.000061
01526169404732	79487.989830	S	0.000270
01526169409908	79487.990099	W	0.000056
01526169410988	79487.990156	S	0.001488
01526169439560	79487.991644	W	0.000315
01526169445616	79487.991959	S	0.000272
01526169450844	79487.992231	W	0.002259
01526169494220	79487.994491	S	0.000293
01526169499852	79487.994784	W	0.000092
01526169501628	79487.994876	S	0.001356
01526169527660	79487.996232	W	0.000328
01526169533964	79487.996561	S	0.000272
01526169539188	79487.996833	W	0.002260
01526169582588	79487.999093	S	0.000299
01526169588320	79487.999392	W	0.000062
01526169589512	79487.999454	S	0.000990
01526169608512	79488.000443	W	0.000326
01526169614780	79488.000770	S	0.000368
01526169621840	79488.001138	W	0.002200
01526169664080	79488.003338	S	0.000263
01526169669128	79488.003600	W	0.000087
01526169670796	79488.003687	S	0.000313
01526169676812	79488.004001	W	0.007974
01526169829916	79488.011975	S	0.002213
01526169872412	79488.014188	W	0.002791
01526169926004	79488.016979	S	0.002101
01526169966336	79488.019080	W	0.002658
01526170017376	79488.021738	S	0.002059
01526170056904	79488.023797	W	0.002621
01526170107228	79488.026418	S	0.002055
01526170146680	79488.028473	W	0.000894
01526170163848	79488.029367	S	0.001903
01526170200388	79488.031270	W	0.002675
01526170251748	79488.033945	S	0.002060
01526170291296	79488.036005	W	0.002775
01526170344576	79488.038780	S	0.002055
01526170384024	79488.040835	W	0.002865
01526170439024	79488.043699	S	0.002157
01526170480436	79488.045856	W	0.003079
01526170539544	79488.048935	S	0.002153
01526170580876	79488.051087	W	0.000899
01526170598128	79488.051986	S	0.001909
01526170634788	79488.053895	W	0.002742
01526170687436	79488.056637	S	0.002056
01526170726916	79488.058694	W	0.003144
01526170787288	79488.061838	S	0.002061
01526170826856	79488.063899	W	0.001393
01526170853596	79488.065291	S	0.001936
01526170890772	79488.067228	W	0.001056
01526170911044	79488.068284	S	0.002023
01526170949888	79488.070307	W	0.003146
01526171010288	79488.073453	S	0.002062
01526171049876	79488.075514	W	0.002849
01526171104572	79488.078363	S	0.002070
01526171144320	79488.080433	W	0.002669
01526171195560	79488.083102	S	0.002046
01526171234840	79488.085148	W	0.002821
01526171289008	79488.087969	S	0.002058
01526171328528	79488.090028	W	0.003157
01526171389140	79488.093184	S	0.002055
01526171428588	79488.095239	W	0.002612
01526171478732	79488.097851	S	0.002134
01526171519712	79488.099985	W	0.000904
01526171537076	79488.100889	S	0.001968
01526171574864	79488.102857	W	0.003352
01526171639220	79488.106209	S	0.002142
01526171680344	79488.108351	W	0.002928
01526171736568	79488.111280	S	0.002237
01526171779528	79488.113517	W	0.000924
01526171797272	79488.114441	S	0.002156
01526171838660	79488.116597	W	0.003340
01526171902792	79488.119937	S	0.002172
01526171944496	79488.122109	W	0.000921
01526171962184	79488.123030	S	0.001923
01526171999100	79488.124953	W	0.002207
01526172041480	79488.127160	S	0.002075
01526172081312	79488.129235	W	0.001081
01526172102060	79488.130316	S	0.001937
01526172139248	79488.132252	W	0.002171
01526172180936	79488.134424	S	0.002045
01526172220200	79488.136469	W	0.001611
01526172251140	79488.138080	S	0.002046
01526172290420	79488.140126	W	0.001382
01526172316956	79488.141508	S	0.002040
01526172356120	79488.143548	W	0.001269
01526172380480	79488.144817	S	0.001939
01526172417716	79488.146756	W	0.001338
01526172443404	79488.148094	S	0.002041
01526172482596	79488.150135	W	0.001263
01526172506852	79488.151399	S	0.001953
01526172544348	79488.153351	W	0.015818
01526172848052	79488.169169	S	0.002161
01526172889536	79488.171330	W	0.001401
01526172916444	79488.172731	S	0.002044
01526172955696	79488.174776	W	0.001262
01526172979924	79488.176038	S	0.001934
01526173017060	79488.177972	W	0.001332
01526173042636	79488.179304	S	0.002026
01526173081528	79488.181330	W	0.003234
01526173143616	79488.184563	S	0.002078
01526173183512	79488.186641	W	0.002857
01526173238360	79488.189498	S	0.002069
01526173278084	79488.191567	W	0.002665
01526173329256	79488.194232	S	0.002062
01526173368844	79488.196294	W	0.000889
01526173385920	79488.197183	S	0.001909
01526173422564	79488.199092	W	0.002743
01526173475228	79488.201835	S	0.002055
01526173514676	79488.203889	W	0.002907
01526173570496	79488.206797	S	0.002063
01526173610112	79488.208860	W	0.002865
01526173665128	79488.211725	S	0.002069
01526173704844	79488.213794	W	0.003114
01526173764624	79488.216907	S	0.002059
01526173804148	79488.218966	W	0.002708
01526173856140	79488.221674	S	0.002077
01526173896012	79488.223751	W	0.002879
01526173951288	79488.226630	S	0.002050
01526173990640	79488.228679	W	0.002977
01526174047804	79488.231656	S	0.002067
01526174087484	79488.233723	W	0.000898
01526174104732	79488.234621	S	0.001894
01526174141104	79488.236516	W	0.002761
01526174194112	79488.239277	S	0.002055
01526174233576	79488.241332	W	0.002764
01526174286636	79488.244096	S	0.002043
01526174325856	79488.246138	W	0.000900
01526174343136	79488.247038	S	0.001888
01526174379392	79488.248927	W	0.002851
01526174434128	79488.251778	S	0.002071
01526174473896	79488.253849	W	0.001085
01526174494732	79488.254934	S	0.001938
01526174531944	79488.256872	W	0.001357
01526174558004	79488.258229	S	0.002020
01526174596780	79488.260249	W	0.000973
01526174615456	79488.261222	S	0.001930
01526174652516	79488.263152	W	0.000871
01526174669236	79488.264023	S	0.001916
01526174706024	79488.265939	W	0.001393
01526174732776	79488.267332	S	0.002062
01526174772360	79488.269394	W	0.001005
01526174791664	79488.270399	S	0.001943
01526174828972	79488.272342	W	0.002832
01526174883356	79488.275175	S	0.002077
01526174923228	79488.277251	W	0.000933
01526174941140	79488.278184	S	0.001907
01526174977748	79488.280091	W	0.002235
01526175020656	79488.282326	S	0.002052
01526175060048	79488.284377	W	0.000889
01526175077120	79488.285267	S	0.001889
01526175113396	79488.287156	W	0.002650
01526175164280	79488.289806	S	0.002060
01526175203824	79488.291866	W	0.000944
01526175221952	79488.292810	S	0.001921
01526175258832	79488.294731	W	0.002695
01526175310572	79488.297426	S	0.002070
01526175350324	79488.299496	W	0.002711
01526175402380	79488.302207	S	0.002101
01526175442712	79488.304308	W	0.002998
01526175500268	79488.307306	S	0.002170
01526175541936	79488.309476	W	0.002739
01526175594524	79488.312215	S	0.002066
01526175634188	79488.314281	W	0.002615
01526175684396	79488.316896	S	0.002064
01526175724020	79488.318959	W	0.002712
01526175776088	79488.321671	S	0.002094
01526175816300	79488.323766	W	0.002905
01526175872072	79488.326670	S	0.002150
01526175913348	79488.328820	W	0.000905
01526175930716	79488.329725	S	0.002521
01526175979116	79488.332246	W	0.002831
01526176033480	79488.335077	S	0.002056
01526176072952	79488.337133	W	0.002676
01526176124332	79488.339809	S	0.002057
01526176163820	79488.341866	W	0.002779
01526176217172	79488.344644	S	0.002049
01526176256512	79488.346693	W	0.002572
01526176305888	79488.349265	S	0.002054
01526176345320	79488.351319	W	0.002712
01526176397396	79488.354031	S	0.002046
01526176436672	79488.356077	W	0.002685
01526176488232	79488.358762	S	0.002100
01526176528544	79488.360862	W	0.003183
01526176589652	79488.364044	S	0.002066
01526176629320	79488.366110	W	0.000932
01526176647220	79488.367043	S	0.001928
01526176684232	79488.368970	W	0.002602
01526176734188	79488.371572	S	0.002085
01526176774212	79488.373657	W	0.000902
01526176791528	79488.374559	S	0.001877
01526176827568	79488.376436	W	0.002812
01526176881564	79488.379248	S	0.002064
01526176921196	79488.381312	W	0.005739
01526177031388	79488.387051	S	0.002656
01526177082380	79488.389707	W	0.002793
01526177136008	79488.392500	S	0.002071
01526177175780	79488.394572	W	0.000927
01526177193580	79488.395499	S	0.001902
01526177230096	79488.397401	W	0.002934
01526177286436	79488.400335	S	0.002110
01526177326948	79488.402445	W	0.000908
01526177344388	79488.403354	S	0.001897
01526177380812	79488.405251	W	0.003178
01526177441828	79488.408429	S	0.002141
01526177482932	79488.410569	W	0.001262
01526177507164	79488.411831	S	0.002010
01526177545756	79488.413841	W	0.001408
01526177572796	79488.415250	S	0.002134
01526177613776	79488.417384	W	0.000949
01526177631996	79488.418333	S	0.002087
01526177672076	79488.420421	W	0.003025
01526177730148	79488.423445	S	0.002144
01526177771304	79488.425589	W	0.000925
01526177789064	79488.426514	S	0.001900
01526177825548	79488.428414	W	0.001193
01526177848456	79488.429607	S	0.001953
01526177885960	79488.431560	W	0.001526
01526177915264	79488.433087	S	0.002073
01526177955072	79488.435160	W	0.000958
01526177973456	79488.436117	S	0.001924
01526178010388	79488.438041	W	0.000881
01526178027300	79488.438922	S	0.001966
01526178065052	79488.440888	W	0.002465
01526178112380	79488.443353	S	0.002160
01526178153852	79488.445513	W	0.001244
01526178177728	79488.446757	S	0.001982
01526178215788	79488.448739	W	0.002406
01526178261980	79488.451145	S	0.002041
01526178301172	79488.453186	W	0.000888
01526178318224	79488.454074	S	0.001889
01526178354500	79488.455964	W	0.001059
01526178374836	79488.457023	S	0.001923
01526178411752	79488.458945	W	0.001842
01526178447116	79488.460787	S	0.002059
01526178486644	79488.462846	W	0.002493
01526178534508	79488.465339	S	0.002056
01526178573988	79488.467395	W	0.003250
01526178636392	79488.470645	S	0.002100
01526178676716	79488.472746	W	0.000901
01526178694020	79488.473647	S	0.001894
01526178730384	79488.475541	W	0.002820
01526178784532	79488.478361	S	0.002069
01526178824264	79488.480430	W	0.002812
01526178878260	79488.483243	S	0.002051
01526178917644	79488.485294	W	0.001083
01526178938440	79488.486377	S	0.001931
01526178975508	79488.488308	W	0.002265
01526179018992	79488.490572	S	0.002059
01526179058520	79488.492631	W	0.000930
01526179076376	79488.493561	S	0.002200
01526179118620	79488.495761	W	0.000948
01526179136820	79488.496709	S	0.001929
01526179173856	79488.498638	W	0.001959
01526179211464	79488.500597	S	0.002083
01526179251460	79488.502680	W	0.001130
01526179273152	79488.503810	S	0.001945
01526179310496	79488.505755	W	0.001515
01526179339584	79488.507270	S	0.002090
01526179379708	79488.509360	W	0.003462
01526179446184	79488.512822	S	0.002091
01526179486328	79488.514913	W	0.002881
01526179541652	79488.517794	S	0.002185
01526179583608	79488.519980	W	0.000979
01526179602404	79488.520959	S	0.002010
01526179640992	79488.522968	W	0.001833
01526179676192	79488.524802	S	0.002156
01526179717584	79488.526957	W	0.002846
01526179772220	79488.529803	S	0.002088
01526179812316	79488.531891	W	0.000942
01526179830412	79488.532834	S	0.006230
01526179950020	79488.539064	W	0.003064
01526180008856	79488.542128	S	0.002056
01526180048328	79488.544184	W	0.000886
01526180065336	79488.545070	S	0.001934
01526180102472	79488.547004	W	0.000897
01526180119696	79488.547901	S	0.001907
01526180156312	79488.549808	W	0.001752
01526180189944	79488.551560	S	0.002066
01526180229620	79488.553626	W	0.002841
01526180284168	79488.556467	S	0.002060
01526180323724	79488.558527	W	0.002813
01526180377736	79488.561340	S	0.002061
01526180417300	79488.563401	W	0.002709
01526180469304	79488.566110	S	0.002060
01526180508852	79488.568169	W	0.003099
01526180568360	79488.571269	S	0.002088
01526180608444	79488.573356	W	0.002900
01526180664116	79488.576256	S	0.002063
01526180703728	79488.578319	W	0.002782
01526180757136	79488.581101	S	0.002076
01526180797004	79488.583177	W	0.002666
01526180848192	79488.585843	S	0.002054
01526180887628	79488.587897	W	0.002688
01526180939236	79488.590585	S	0.002075
01526180979076	79488.592660	W	0.000891
01526180996184	79488.593551	S	0.001886
01526181032400	79488.595438	W	0.002689
01526181084024	79488.598126	S	0.002062
01526181123616	79488.600188	W	0.001201
01526181146680	79488.601390	S	0.001920
01526181183536	79488.603309	W	0.001317
01526181208824	79488.604626	S	0.002017
01526181247552	79488.606643	W	0.003310
01526181311096	79488.609953	S	0.002063
01526181350696	79488.612015	W	0.000929
01526181368524	79488.612944	S	0.001923
01526181405448	79488.614867	W	0.002059
01526181444988	79488.616926	S	0.002065
01526181484628	79488.618991	W	0.000884
01526181501592	79488.619875	S	0.001939
01526181538816	79488.621813	W	0.002825
01526181593064	79488.624639	S	0.002094
01526181633268	79488.626733	W	0.000903
01526181650600	79488.627635	S	0.001896
01526181687004	79488.629531	W	0.002925
01526181743160	79488.632456	S	0.002157
01526181784568	79488.634613	W	0.000912
01526181802080	79488.635525	S	0.001964
01526181839796	79488.637489	W	0.000896
01526181857008	79488.638386	S	0.001970
01526181894828	79488.640356	W	0.000871
01526181911560	79488.641227	S	0.001970
01526181949384	79488.643197	W	0.001446
01526181977140	79488.644643	S	0.002137
01526182018176	79488.646780	W	0.000956
01526182036536	79488.647736	S	0.002321
01526182081096	79488.650057	W	0.002928
01526182137320	79488.652985	S	0.002081
01526182177272	79488.655066	W	0.001178
01526182199896	79488.656245	S	0.001935
01526182237052	79488.658180	W	0.000895
01526182254228	79488.659074	S	0.001935
01526182291384	79488.661010	W	0.001473
01526182319672	79488.662483	S	0.002068
01526182359380	79488.664551	W	0.000955
01526182377720	79488.665506	S	0.002306
01526182422000	79488.667813	W	0.001027
01526182441716	79488.668839	S	0.001975
01526182479628	79488.670814	W	0.001566
01526182509688	79488.672380	S	0.002119
01526182550364	79488.674498	W	0.001030
01526182570136	79488.675528	S	0.001978
01526182608116	79488.677506	W	0.002465
01526182655436	79488.679971	S	0.002085
01526182695476	79488.682056	W	0.000928
01526182713292	79488.682984	S	0.001909
01526182749948	79488.684893	W	0.000865
01526182766556	79488.685758	S	0.001898
01526182803004	79488.687656	W	0.001335
01526182828632	79488.688991	S	0.002041
01526182867816	79488.691032	W	0.000900
01526182885092	79488.691932	S	0.002128
01526182925956	79488.694060	W	0.000930
01526182943804	79488.694990	S	0.003939
01526183019424	79488.698928	W	0.002998
01526183076984	79488.701926	S	0.002106
01526183117420	79488.704032	W	0.000939
01526183135440	79488.704971	S	0.001915
01526183172208	79488.706886	W	0.003098
01526183231688	79488.709984	S	0.002106
01526183272116	79488.712089	W	0.008425
01526183433876	79488.720514	S	0.002188
01526183475876	79488.722702	W	0.000950
01526183494108	79488.723651	S	0.001906
01526183530700	79488.725557	W	0.003118
01526183590568	79488.728675	S	0.002110
01526183631084	79488.730786	W	0.002968
01526183688068	79488.733754	S	0.002118
01526183728732	79488.735871	W	0.000913
01526183746252	79488.736784	S	0.001903
01526183782784	79488.738687	W	0.002792
01526183836400	79488.741479	S	0.002113
01526183876976	79488.743593	W	0.000931
01526183894848	79488.744523	S	0.002528
01526183943384	79488.747051	W	0.002874
01526183998556	79488.749925	S	0.002088
01526184038648	79488.752013	W	0.000958
01526184057036	79488.752971	S	0.001917
01526184093844	79488.754888	W	0.002019
01526184132604	79488.756906	S	0.002071
01526184172376	79488.758978	W	0.000966
01526184190924	79488.759944	S	0.001929
01526184227952	79488.761873	W	0.002255
01526184271252	79488.764128	S	0.002073
01526184311060	79488.766201	W	0.000901
01526184328356	79488.767102	S	0.001953
01526184365856	79488.769055	W	0.003185
01526184427008	79488.772240	S	0.002173
01526184468728	79488.774413	W	0.003207
01526184530296	79488.777620	S	0.002195
01526184572440	79488.779815	W	0.000942
01526184590536	79488.780757	S	0.001975
01526184628452	79488.782732	W	0.002825
01526184682696	79488.785557	S	0.002115
01526184723308	79488.787672	W	0.000932
01526184741200	79488.788604	S	0.001901
01526184777692	79488.790505	W	0.000905
01526184795072	79488.791410	S	0.001913
01526184831800	79488.793323	W	0.002471
01526184879252	79488.795794	S	0.002137
01526184920288	79488.797932	W	0.001212
01526184943564	79488.799144	S	0.001936
01526184980740	79488.801080	W	0.002563
01526185029948	79488.803643	S	0.002064
01526185069584	79488.805707	W	0.001252
01526185093628	79488.806960	S	0.001926
01526185130612	79488.808886	W	0.002944
01526185187144	79488.811830	S	0.002051
01526185226532	79488.813882	W	0.000921
01526185244212	79488.814803	S	0.001926
01526185281196	79488.816729	W	0.002184
01526185323120	79488.818913	S	0.002087
01526185363184	79488.820999	W	0.000961
01526185381644	79488.821961	S	0.003102
01526185441208	79488.825063	W	0.001110
01526185462520	79488.826173	S	0.001945
01526185499860	79488.828118	W	0.001456
01526185527820	79488.829574	S	0.002071
01526185567588	79488.831645	W	0.000962
01526185586056	79488.832607	S	0.002470
01526185633484	79488.835077	W	0.000992
01526185652524	79488.836069	S	0.001940
01526185689764	79488.838009	W	0.002033
01526185728796	79488.840041	S	0.002112
01526185769344	79488.842153	W	0.000285
01526185774824	79488.842439	S	0.001374
01526185801200	79488.843812	W	0.000349
01526185807900	79488.844161	S	0.001348
01526185833776	79488.845509	W	0.001028
01526185853508	79488.846537	S	0.001444
01526185881224	79488.847980	W	0.000281
01526185886612	79488.848261	S	0.003100
01526185946136	79488.851361	W	0.000168
01526185949364	79488.851529	S	0.001421
01526185976640	79488.852950	W	0.000283
01526185982068	79488.853233	S	0.000994
01526186001144	79488.854226	W	0.000880
01526186018044	79488.855106	S	0.001432
01526186045540	79488.856539	W	0.000384
01526186052908	79488.856922	S	0.002540
01526186101668	79488.859462	W	0.000170
01526186104936	79488.859632	S	0.001371
01526186131252	79488.861003	W	0.000314
01526186137284	79488.861317	S	0.001378
01526186163744	79488.862695	W	0.000892
01526186180876	79488.863587	S	0.001380
01526186207368	79488.864967	W	0.000272
01526186212592	79488.865239	S	0.002185
01526186254536	79488.867424	W	0.000167
01526186257736	79488.867590	S	0.001337
01526186283412	79488.868928	W	0.000276
01526186288708	79488.869204	S	0.001344
01526186314508	79488.870547	W	0.000898
01526186331752	79488.871445	S	0.001439
01526186359380	79488.872884	W	0.000298
01526186365108	79488.873183	S	0.001416
01526186392304	79488.874599	W	0.000173
01526186395624	79488.874772	S	0.001424
01526186422960	79488.876196	W	0.000285
01526186428428	79488.876481	S	0.001410
01526186455504	79488.877891	W	0.000902
01526186472824	79488.878793	S	0.001451
01526186500688	79488.880244	W	0.000287
01526186506204	79488.880531	S	0.002449
01526186553232	79488.882981	W	0.000170
01526186556488	79488.883150	S	0.001356
01526186582516	79488.884506	W	0.000281
01526186587904	79488.884787	S	0.001380
01526186614392	79488.886166	W	0.000858
01526186630868	79488.887024	S	0.001363
01526186657032	79488.888387	W	0.000284
01526186662488	79488.888671	S	0.003102
01526186722052	79488.891774	W	0.000162
01526186725156	79488.891935	S	0.001362
01526186751312	79488.893298	W	0.000303
01526186757124	79488.893600	S	0.001378
01526186783584	79488.894978	W	0.000879
01526186800452	79488.895857	S	0.001361
01526186826584	79488.897218	W	0.000273
01526186831816	79488.897490	S	0.002144
01526186872984	79488.899635	W	0.000161
01526186876084	79488.899796	S	0.001352
01526186902048	79488.901148	W	0.000299
01526186907796	79488.901448	S	0.001383
01526186934340	79488.902830	W	0.000896
01526186951552	79488.903727	S	0.001363
01526186977728	79488.905090	W	0.000281
01526186983124	79488.905371	S	0.002362
01526187028472	79488.907733	W	0.000176
01526187031860	79488.907909	S	0.001369
01526187058144	79488.909278	W	0.000328
01526187064448	79488.909607	S	0.001497
01526187093188	79488.911104	W	0.000965
01526187111716	79488.912069	S	0.001381
01526187138224	79488.913449	W	0.000296
01526187143908	79488.913745	S	0.001376
01526187170332	79488.915121	W	0.000040
01526187171096	79488.915161	S	0.001661
01526187202992	79488.916823	W	0.000168
01526187206216	79488.916990	S	0.001347
01526187232072	79488.918337	W	0.000349
01526187238776	79488.918686	S	0.001372
01526187265112	79488.920058	W	0.000927
01526187282916	79488.920985	S	0.001365
01526187309120	79488.922350	W	0.000296
01526187314800	79488.922646	S	0.002925
01526187370960	79488.925571	W	0.000169
01526187374200	79488.925740	S	0.001376
01526187400628	79488.927116	W	0.000350
01526187407356	79488.927466	S	0.001360
01526187433460	79488.928826	W	0.000953
01526187451748	79488.929779	S	0.001362
01526187477908	79488.931141	W	0.027659
01526188008968	79488.958800	S	0.001663
01526188040904	79488.960464	W	0.000968
01526188059488	79488.961432	S	0.001926
01526188096476	79488.963358	W	0.002968
01526188153456	79488.966326	S	0.002106
01526188193888	79488.968432	W	0.003034
01526188252132	79488.971465	S	0.002063
01526188291748	79488.973529	W	0.003209
01526188353364	79488.976738	S	0.002167
01526188394972	79488.978905	W	0.002982
01526188452236	79488.981887	S	0.002085
01526188492264	79488.983972	W	0.002955
01526188549000	79488.986927	S	0.002058
01526188588516	79488.988985	W	0.002947
01526188645096	79488.991932	S	0.002047
01526188684396	79488.993979	W	0.001121
01526188705928	79488.995100	S	0.002225
01526188748648	79488.997325	W	0.001377
01526188775088	79488.998703	S	0.002024
01526188813952	79489.000727	W	0.003276
01526188876856	79489.004003	S	0.002066
01526188916520	79489.006069	W	0.000898
01526188933768	79489.006967	S	0.001873
01526188969724	79489.008840	W	0.002951
01526189026388	79489.011791	S	0.002055
01526189065852	79489.013846	W	0.001101
01526189087000	79489.014948	S	0.001922
01526189123904	79489.016870	W	0.001726
01526189157044	79489.018596	S	0.002052
01526189196448	79489.020648	W	0.001096
01526189217484	79489.021744	S	0.001905
01526189254056	79489.023649	W	0.001452
01526189281936	79489.025101	S	0.002068
01526189321644	79489.027169	W	0.001115
01526189343048	79489.028284	S	0.001936
01526189380216	79489.030220	W	0.002791
01526189433796	79489.033010	S	0.002134
01526189474776	79489.035145	W	0.001144
01526189496740	79489.036289	S	0.001918
01526189533568	79489.038207	W	0.001420
01526189560836	79489.039627	S	0.002044
01526189600080	79489.041671	W	0.000964
01526189618596	79489.042635	S	0.002404
01526189664748	79489.045039	W	0.003007
01526189722476	79489.048046	S	0.002078
01526189762380	79489.050124	W	0.001074
01526189783008	79489.051198	S	0.001897
01526189819424	79489.053095	W	0.002182
01526189861312	79489.055277	S	0.002041
01526189900496	79489.057318	W	0.003147
01526189960924	79489.060465	S	0.002051
01526190000312	79489.062516	W	0.002950
01526190056956	79489.065466	S	0.002142
01526190098088	79489.067609	W	0.003146
01526190158496	79489.070755	S	0.002082
01526190198472	79489.072837	W	0.002885
01526190253864	79489.075722	S	0.002105
01526190294276	79489.077827	W	0.003073
01526190353284	79489.080900	S	0.002069
01526190393008	79489.082969	W	0.000955
01526190411336	79489.083924	S	0.001882
01526190447468	79489.085806	W	0.003019
01526190505436	79489.088825	S	0.002046
01526190544724	79489.090871	W	0.001260
01526190568920	79489.092131	S	0.001899
01526190605388	79489.094031	W	0.001877
01526190641428	79489.095908	S	0.002053
01526190680840	79489.097960	W	0.003394
01526190746000	79489.101354	S	0.002200
01526190788236	79489.103554	W	0.003151
01526190848740	79489.106705	S	0.002123
01526190889504	79489.108828	W	0.002897
01526190945120	79489.111725	S	0.002069
01526190984840	79489.113794	W	0.002824
01526191039056	79489.116617	S	0.002061
01526191078620	79489.118678	W	0.002968
01526191135596	79489.121646	S	0.002080
01526191175524	79489.123725	W	0.003447
01526191241700	79489.127172	S	0.002091
01526191281852	79489.129263	W	0.003027
01526191339968	79489.132290	S	0.002099
01526191380276	79489.134389	W	0.000995
01526191399388	79489.135385	S	0.001932
01526191436476	79489.137316	W	0.002566
01526191485740	79489.139882	S	0.002079
01526191525664	79489.141962	W	0.001078
01526191546368	79489.143040	S	0.001907
01526191582992	79489.144947	W	0.002076
01526191622848	79489.147023	S	0.002075
01526191662688	79489.149098	W	0.001114
01526191684072	79489.150212	S	0.001951
01526191721540	79489.152164	W	0.002161
01526191763036	79489.154325	S	0.002037
01526191802144	79489.156362	W	0.000971
01526191820792	79489.157333	S	0.002403
01526191866932	79489.159736	W	0.002925
01526191923100	79489.162661	S	0.002044
01526191962352	79489.164706	W	0.002965
01526192019272	79489.167670	S	0.002076
01526192059136	79489.169747	W	0.002942
01526192115624	79489.172689	S	0.002043
01526192154856	79489.174732	W	0.002359
01526192200144	79489.177091	S	0.002038
01526192239272	79489.179129	W	0.001040
01526192259232	79489.180168	S	1.039659
01526212220676	79490.219827	W	0.018988
01526212585248	79490.238815	S	0.932105
01526230481668	79491.170920	W	0.015267
01526230774800	79491.186188	S	0.313748
01526236798768	79491.499936	W	0.018940
01526237162420	79491.518876	S	1.260968
01526261373008	79492.779844	W	0.019051
01526261738792	79492.798895	S	0.222869
01526266017880	79493.021765	W	0.020004
01526266401960	79493.041769	S	1.018073
01526285948960	79494.059842	W	0.018858
01526286311028	79494.078699	S	0.116664
01526288550972	79494.195363	W	0.014868
01526288836444	79494.210231	S	0.293261
01526294467048	79494.503492	W	0.038574
01526295207672	79494.542066	S	0.797782
01526310525092	79495.339849	W	0.018382
01526310878020	79495.358230	S	1.261577
01526335100296	79496.619807	W	0.019065
01526335466352	79496.638872	S	0.376483
01526342694820	79497.015355	W	0.014703
01526342977124	79497.030059	S	0.087748
01526344661880	79497.117806	W	0.014462
01526344939552	79497.132268	S	0.088947
01526346647332	79497.221215	W	0.014870
01526346932828	79497.236085	S	0.663750
01526359676832	79497.899835	W	0.018923
01526360040152	79497.918758	S	0.020109
01526360426244	79497.938867	W	0.014467
01526360704012	79497.953334	S	1.212502
01526383984052	79499.165836	W	0.032935
01526384616396	79499.198771	S	0.786205
01526399711532	79499.984976	W	0.023508
01526400162880	79500.008483	S	0.233692
01526404649772	79500.242176	W	0.014823
01526404934368	79500.256998	S	0.202834
01526408828780	79500.459832	W	0.018961
01526409192828	79500.478793	S	0.018258
01526409543376	79500.497051	W	0.014458
01526409820976	79500.511509	S	0.190328
01526413475268	79500.701837	W	0.014498
01526413753628	79500.716335	S	1.023481
01526433404456	79501.739815	W	0.022046
01526433827736	79501.761861	S	1.257941
01526457980200	79503.019802	W	0.018950
01526458344036	79503.038752	S	0.075904
01526459801388	79503.114656	W	9.016935
01526632926544	79512.131591	S	0.114845
01526635131572	79512.246436	W	0.014943
01526635418472	79512.261379	S	0.011654
01526635642236	79512.273033	W	0.014597
01526635922496	79512.287630	S	0.035648
01526636606932	79512.323278	W	0.014823
01526636891540	79512.338101	S	0.921660
01526654587404	79513.259761	W	0.019059
01526654953336	79513.278820	S	0.122488
01526657305100	79513.401307	W	0.014623
01526657585852	79513.415930	S	1.007535
01526676930532	79514.423465	W	0.014654
01526677211888	79514.438119	S	0.096412
01526679062996	79514.534531	W	0.024212
01526679527868	79514.558743	S	0.683889
01526692658544	79515.242632	W	0.014661
01526692940044	79515.257294	S	0.082543
01526694524860	79515.339836	W	0.014940
01526694811704	79515.354776	S	0.114659
01526697013152	79515.469435	W	0.129899
01526699507212	79515.599334	S	0.014238
01526699780588	79515.613572	W	0.063774
01526701005044	79515.677346	S	0.142431
01526703739712	79515.819777	W	0.018959
01526704103728	79515.838736	S	0.018289
01526704454868	79515.857024	W	0.014536
01526704733964	79515.871561	S	1.228189
01526728315188	79517.099749	W	0.022070
01526728738932	79517.121819	S	0.374468
01526735928720	79517.496288	W	0.017154
01526736258076	79517.513441	S	0.494872
01526745759616	79518.008313	W	0.017281
01526746091408	79518.025594	S	0.335256
01526752528328	79518.360850	W	0.037681
01526753251804	79518.398531	S	1.261192
01526777466692	79519.659724	W	0.018990
01526777831300	79519.678714	S	0.786368
01526792929572	79520.465082	W	0.014701
01526793211836	79520.479783	S	0.198983
01526797032304	79520.678766	W	0.236806
01526801578988	79520.915572	S	0.014035
01526801848456	79520.929607	W	0.067833
01526803150844	79520.997440	S	0.383502
01526810514076	79521.380941	W	0.014980
01526810801688	79521.395921	S	0.823813
01526826618904	79522.219735	W	0.018944
01526826982636	79522.238679	S	1.261010
01526851194032	79523.499689	W	0.019097
01526851560692	79523.518786	S	0.124723
01526853955368	79523.643509	W	0.014521
01526854234168	79523.658030	S	0.745523
01526868548208	79524.403553	W	0.014927
01526868834816	79524.418480	S	0.361274
01526875771284	79524.779754	W	0.018950
01526876135128	79524.798705	S	1.000214
01526895339244	79525.798919	W	0.171014
01526898622712	79525.969933	S	0.089788
01526900346640	79526.059721	W	0.018960
01526900710672	79526.078681	S	1.247150
01526924655960	79527.325831	W	0.032734
01526925284452	79527.358565	S	0.067438
01526926579268	79527.426004	W	0.020534
01526926973524	79527.446538	S	0.700655
01526940426104	79528.147193	W	0.014705
01526940708440	79528.161898	S	0.457781
01526949497836	79528.619679	W	0.019104
01526949864628	79528.638783	S	0.939863
01526967910000	79529.578646	W	0.015101
01526968199948	79529.593747	S	0.305935
01526974073900	79529.899682	W	0.019021
01526974439112	79529.918704	S	0.274308
01526979705828	79530.193012	W	0.014650
01526979987112	79530.207662	S	0.190208
01526983639096	79530.397870	W	0.014637
01526983920120	79530.412506	S	0.038405
01526984657504	79530.450912	W	0.015027
01526984946024	79530.465939	S	0.546329
01526995435548	79531.012268	W	0.014678
01526995717368	79531.026946	S	0.152727
01526998649724	79531.179673	W	0.018907
01526999012736	79531.198580	S	1.261101
01527023225884	79532.459681	W	0.022035
01527023648948	79532.481716	S	0.991458
01527042684936	79533.473174	W	0.015194
01527042976660	79533.488368	S	0.251326
01527047802128	79533.739694	W	0.018922
01527048165432	79533.758616	S	0.530618
01527058353300	79534.289234	W	0.017269
01527058684868	79534.306504	S	0.188457
01527062303236	79534.494960	W	0.014601
01527062583584	79534.509562	S	0.191459
01527066259588	79534.701020	W	0.014458
01527066537180	79534.715478	S	0.188188
01527070150396	79534.903666	W	0.014398
01527070426844	79534.918065	S	0.101599
01527072377540	79535.019664	W	0.019025
01527072742812	79535.038688	S	0.888949
01527089810632	79535.927637	W	0.014732
01527090093488	79535.942369	S	0.357277
01527096953212	79536.299646	W	0.019066
01527097319272	79536.318712	S	0.176279
01527100703828	79536.494991	W	0.014971
01527100991264	79536.509962	S	1.069680
01527121529120	79537.579642	W	0.018933
01527121892628	79537.598574	S	0.377245
01527129135740	79537.975820	W	0.022774
01527129573008	79537.998594	S	0.694195
01527142901548	79538.692789	W	0.014667
01527143183156	79538.707456	S	0.152171
01527146104848	79538.859628	W	0.018971
01527146469088	79538.878598	S	0.325639
01527152721360	79539.204238	W	0.014883
01527153007116	79539.219121	S	0.296100
01527158692240	79539.515221	W	0.015017
01527158980560	79539.530238	S	0.609399
01527170681024	79540.139637	W	0.018794
01527171041864	79540.158430	S	0.069803
01527172382072	79540.228233	W	0.014478
01527172660056	79540.242711	S	0.087987
01527174349400	79540.330698	W	0.014392
01527174625720	79540.345090	S	0.088040
01527176316084	79540.433129	W	0.014525
01527176594956	79540.447654	S	0.971983
01527195257032	79541.419637	W	0.018825
01527195618480	79541.438462	S	0.735378
01527209737740	79542.173841	W	0.014708
01527210020140	79542.188549	S	0.087729
01527211704536	79542.276278	W	0.014391
01527211980844	79542.290669	S	0.088527
01527213680572	79542.379196	W	0.014705
01527213962900	79542.393901	S	0.087190
01527215636956	79542.481091	W	0.014417
01527215913772	79542.495509	S	0.040119
01527216684056	79542.535628	W	0.014946
01527216971020	79542.550574	S	0.149051
01527219832792	79542.699625	W	0.018934
01527220196324	79542.718559	S	0.583294
01527231395564	79543.301852	W	0.014856
01527231680808	79543.316709	S	0.662902
01527244408528	79543.979611	W	0.019036
01527244774012	79543.998646	S	0.837630
01527260856516	79544.836277	W	0.014716
01527261139060	79544.850993	S	0.408621
01527268984580	79545.259614	W	0.018969
01527269348788	79545.278583	S	0.172059
01527272652320	79545.450642	W	0.014754
01527272935604	79545.465396	S	0.093557
01527274731896	79545.558953	W	0.014831
01527275016644	79545.573784	S	0.491329
01527284450164	79546.065113	W	0.014586
01527284730224	79546.079699	S	0.190201
01527288382092	79546.269901	W	0.014758
01527288665448	79546.284659	S	0.254943
01527293560344	79546.539601	W	0.018955
01527293924284	79546.558556	S	0.430888
01527302197328	79546.989444	W	0.014677
01527302479124	79547.004121	S	0.700335
01527315925556	79547.704456	W	0.014624
01527316206344	79547.719080	S	0.086958
01527317875932	79547.806038	W	0.035436
01527318556300	79547.841474	S	0.740824
01527332780124	79548.582298	W	0.014998
01527333068080	79548.597296	S	0.502309
01527342712412	79549.099605	W	0.018954
01527343076324	79549.118559	S	0.121076
01527345400976	79549.239634	W	0.029775
01527345972660	79549.269409	S	1.110178
01527367288072	79550.379587	W	0.019041
01527367653664	79550.398628	S	0.001672
01527367685776	79550.400301	W	0.000950
01527367704016	79550.401251	S	1.202617
01527390794260	79551.603868	W	0.014611
01527391074796	79551.618479	S	0.041434
01527391870332	79551.659913	W	0.018575
01527392226976	79551.678488	S	0.437437
01527400625768	79552.115925	W	13.006064
01527650342204	79565.121990	S	0.617557
01527662199308	79565.739547	W	0.018777
01527662559832	79565.758325	S	0.963506
01527681059144	79566.721830	W	0.015184
01527681350680	79566.737015	S	0.282507
01527686774816	79567.019522	W	0.018840
01527687136544	79567.038362	S	0.491631
01527696575856	79567.529992	W	0.014891
01527696861772	79567.544884	S	0.002946
01527696918336	79567.547830	W	0.001113
01527696939700	79567.548943	S	0.750528
01527711349844	79568.299471	W	0.018529
01527711705592	79568.318000	S	0.482280
01527720965376	79568.800280	W	0.017095
01527721293604	79568.817375	S	0.762130
01527735926492	79569.579505	W	0.019109
01527736293384	79569.598614	S	0.144519
01527739068152	79569.743133	W	0.015128
01527739358616	79569.758261	S	1.101230
01527760502232	79570.859491	W	0.018877
01527760864664	79570.878368	S	1.261073
01527785077260	79572.139441	W	0.018593
01527785434252	79572.158034	S	0.599370
01527796942160	79572.757404	W	0.014747
01527797225308	79572.772151	S	0.647327
01527809653996	79573.419479	W	0.019024
01527810019248	79573.438502	S	0.069786
01527811359132	79573.508288	W	0.014336
01527811634392	79573.522625	S	1.009693
01527831020500	79574.532318	W	0.019845
01527831401524	79574.552163	S	0.147307
01527834229820	79574.699470	W	0.018460
01527834584244	79574.717929	S	0.019527
01527834959164	79574.737456	W	0.014185
01527835231520	79574.751642	S	0.190285
01527838884984	79574.941926	W	0.014279
01527839159132	79574.956205	S	0.292926
01527844783308	79575.249131	W	0.014055
01527845053172	79575.263186	S	0.190935
01527848719132	79575.454121	W	0.014182
01527848991424	79575.468303	S	0.292820
01527854613564	79575.761123	W	0.023771
01527855069976	79575.784895	S	0.100585
01527857001212	79575.885480	W	0.252555
01527861850272	79576.138035	S	0.339901
01527868376372	79576.477936	W	0.014896
01527868662368	79576.492832	S	0.766656
01527883382160	79577.259488	W	0.018941
01527883745828	79577.278429	S	1.261001
01527907957048	79578.539430	W	0.018995
01527908321760	79578.558425	S	0.225391
01527912649260	79578.783816	W	0.015147
01527912940084	79578.798963	S	1.020478
01527932533260	79579.819441	W	0.019080
01527932899596	79579.838521	S	1.256361
01527957021720	79581.094881	W	0.236226
01527961557260	79581.331107	S	0.014216
01527961830212	79581.345324	W	0.067436
01527963124988	79581.412760	S	0.392763
01527970666040	79581.805523	W	0.014809
01527970950372	79581.820332	S	0.258748
01527975918328	79582.079080	W	0.002973
01527975975412	79582.082053	S	0.002167
01527976017012	79582.084219	W	0.001087
01527976037884	79582.085306	S	0.095287
01527977867388	79582.180593	W	0.006810
01527977998136	79582.187403	S	0.095031
01527979822732	79582.282434	W	0.001128
01527979844388	79582.283562	S	0.096163
01527981690720	79582.379725	W	0.018558
01527982047028	79582.398283	S	0.499895
01527991645012	79582.898178	W	0.002379
01527991690688	79582.900557	S	0.099697
01527993604876	79583.000254	W	0.001193
01527993627776	79583.001447	S	0.002166
01527993669364	79583.003613	W	0.001194
01527993692292	79583.004807	S	0.009310
01527993871048	79583.014117	W	0.000253
01527993875912	79583.014370	S	0.000301
01527993881692	79583.014671	W	0.000059
01527993882820	79583.014730	S	0.000427
01527993891016	79583.015157	W	0.000060
01527993892172	79583.015217	S	0.000294
01527993897812	79583.015511	W	0.000074
01527993899228	79583.015585	S	0.000508
01527993908976	79583.016092	W	0.000156
01527993911980	79583.016249	S	0.000301
01527993917760	79583.016550	W	0.000057
01527993918856	79583.016607	S	0.000701
01527993932316	79583.017308	W	0.000068
01527993933624	79583.017376	S	0.086682
01527995597912	79583.104058	W	0.000293
01527995603536	79583.104351	S	0.000722
01527995617400	79583.105073	W	0.000082
01527995618980	79583.105155	S	0.098997
01527997519720	79583.204152	W	0.006477
01527997644076	79583.210629	S	0.448813
01528006261288	79583.659442	W	0.018454
01528006615612	79583.677896	S	0.586486
01528017876152	79584.264383	W	0.014522
01528018154976	79584.278905	S	0.545582
01528028630152	79584.824487	W	0.014943
01528028917052	79584.839430	S	0.100015
01528030837344	79584.939445	W	0.018780
01528031197912	79584.958225	S	1.256070
01528055314452	79586.214294	W	0.171301
01528058603428	79586.385595	S	0.036536
01528059304912	79586.422131	W	0.002126
01528059345724	79586.424256	S	0.610233
01528071062200	79587.034490	W	0.018072
01528071409192	79587.052562	S	0.446915
01528079989956	79587.499477	W	0.018393
01528080343100	79587.517870	S	0.326441
01528086610764	79587.844311	W	0.014316
01528086885628	79587.858626	S	0.804919
01528102340064	79588.663545	W	0.014394
01528102616436	79588.677939	S	0.088513
01528104315888	79588.766453	W	0.031596
01528104922528	79588.798048	S	1.261359
01528129140616	79590.059407	W	0.018703
01528129499704	79590.078110	S	0.018996
01528129864424	79590.097105	W	0.014125
01528130135632	79590.111231	S	0.600323
01528141661840	79590.711554	W	0.014393
01528141938180	79590.725947	S	0.137072
01528144569956	79590.863019	W	0.024233
01528145035228	79590.887251	S	0.029106
01528145594072	79590.916358	W	0.014564
01528145873708	79590.930922	S	0.408478
01528153716484	79591.339400	W	0.021487
01528154129028	79591.360887	S	0.170684
01528157406160	79591.531571	W	0.014031
01528157675560	79591.545602	S	0.087986
01528159364892	79591.633588	W	0.017278
01528159696620	79591.650866	S	0.495149
01528169203484	79592.146015	W	0.016944
01528169528804	79592.162959	S	0.456459
01528178292812	79592.619417	W	0.018871
01528178655144	79592.638289	S	1.255302
01528202756944	79593.893591	W	0.024598
01528203229224	79593.918189	S	0.761427
01528217848616	79594.679615	W	4.653965
01528307204744	79599.333580	S	0.001626
01528307235956	79599.335206	W	0.000911
01528307253444	79599.336117	S	0.595844
01528318693648	79599.931961	W	0.025024
01528319174116	79599.956985	S	0.342357
01528325747372	79600.299342	W	0.018886
01528326109992	79600.318229	S	0.362048
01528333061320	79600.680277	W	0.001179
01528333083964	79600.681456	S	0.897868
01528350323024	79601.579324	W	0.018990
01528350687636	79601.598314	S	1.261057
01528374899936	79602.859372	W	0.059432
01528376041040	79602.918804	S	0.042975
01528376866152	79602.961779	W	0.014700
01528377148388	79602.976479	S	0.023085
01528377591616	79602.999563	W	0.014420
01528377868488	79603.013984	S	0.810663
01528393433216	79603.824647	W	0.014447
01528393710604	79603.839094	S	0.300267
01528399475736	79604.139361	W	0.018918
01528399838952	79604.158279	S	1.196460
01528422810980	79605.354739	W	0.016277
01528423123492	79605.371015	S	0.048640
01528424057376	79605.419655	W	0.018579
01528424414084	79605.438234	S	0.530928
01528434607896	79605.969161	W	0.014393
01528434884236	79605.983554	S	0.190410
01528438540100	79606.173964	W	0.014206
01528438812864	79606.188170	S	0.511119
01528448626356	79606.699289	W	0.021344
01528449036164	79606.720634	S	0.014482
01528449314216	79606.735115	W	0.079420
01528450839076	79606.814535	S	0.009608
01528451023548	79606.824143	W	0.014433
01528451300660	79606.838576	S	1.140717
01528473202420	79607.979293	W	0.018308
01528473553932	79607.997601	S	0.819820
01528489294472	79608.817420	W	0.200802
01528493149876	79609.018223	S	0.014787
01528493433792	79609.033010	W	0.089752
01528495157024	79609.122762	S	0.100679
01528497090060	79609.223441	W	0.102954
01528499066776	79609.326395	S	0.014079
01528499337092	79609.340474	W	0.164245
01528502490604	79609.504719	S	0.005256
01528502591520	79609.509975	W	0.503353
01528512255892	79610.013328	S	0.015132
01528512546424	79610.028460	W	0.231486
01528516990956	79610.259946	S	0.050334
01528517957360	79610.310279	W	1.588732
01528548461016	79611.899011	S	0.103811
01528550454180	79612.002822	W	0.089635
01528552175180	79612.092457	S	0.024283
01528552641416	79612.116740	W	0.000393
01528552648968	79612.117134	S	0.103038
01528554627296	79612.220172	W	0.086921
01528556296172	79612.307092	S	0.113036
01528558466460	79612.420128	W	0.083980
01528560078868	79612.504108	S	0.127188
01528562520868	79612.631295	W	0.086473
01528564181148	79612.717768	S	0.112001
01528566331564	79612.829769	W	0.083864
01528567941752	79612.913633	S	0.014439
01528568218980	79612.928072	W	0.059560
01528569362536	79612.987632	S	0.040260
01528570135532	79613.027892	W	0.093883
01528571938092	79613.121776	S	0.015369
01528572233172	79613.137144	W	0.063198
01528573446568	79613.200342	S	0.038983
01528574195040	79613.239325	W	0.083611
01528575800368	79613.322936	S	0.014441
01528576077628	79613.337376	W	0.059519
01528577220396	79613.396896	S	0.053450
01528578246628	79613.450345	W	0.086172
01528579901140	79613.536518	S	0.069824
01528581241768	79613.606342	W	0.097379
01528583111448	79613.703721	S	0.014400
01528583387928	79613.718121	W	0.063233
01528584602008	79613.781355	S	0.049785
01528585557872	79613.831139	W	0.458017
01528594351800	79614.289156	S	0.014064
01528594621820	79614.303220	W	0.094955
01528596444952	79614.398175	S	0.069916
01528597787332	79614.468090	W	0.084241
01528599404764	79614.552331	S	0.014184
01528599677104	79614.566516	W	0.066422
01528600952400	79614.632938	S	0.039976
01528601719932	79614.672913	W	0.089275
01528603434016	79614.762188	S	0.015077
01528603723496	79614.777265	W	0.061990
01528604913712	79614.839256	S	0.050239
01528605878308	79614.889495	W	0.158085
01528608913536	79615.047580	S	0.034948
01528609584540	79615.082528	W	0.082755
01528611173428	79615.165283	S	0.015003
01528611461476	79615.180285	W	0.063873
01528612687832	79615.244158	S	0.008109
01528612843532	79615.252267	W	0.114520
01528615042316	79615.366787	S	0.015066
01528615331584	79615.381853	W	0.137195
01528617965736	79615.519049	S	0.015118
01528618256004	79615.534167	W	0.951126
01528636517628	79616.485293	S	0.015168
01528636808852	79616.500461	W	0.075054
01528638249892	79616.575515	S	0.014314
01528638524720	79616.589829	W	0.064328
01528639759812	79616.654157	S	0.014456
01528640037372	79616.668613	W	0.088871
01528641743704	79616.757485	S	0.014321
01528642018672	79616.771806	W	0.070872
01528643379408	79616.842677	S	0.096617
01528645234464	79616.939295	W	0.018235
01528645584584	79616.957530	S	0.090561
01528647323360	79617.048092	W	0.014585
01528647603400	79617.062677	S	0.004832
01528647696184	79617.067510	W	0.014497
01528647974528	79617.082007	S	0.950191
01528666218188	79618.032197	W	0.015069
01528666507504	79618.047266	S	0.008587
01528666672372	79618.055853	W	0.014607
01528666952824	79618.070460	S	0.143690
01528669711672	79618.214150	W	0.085102
01528671345640	79618.299252	S	0.010987
01528671556596	79618.310239	W	0.069102
01528672883360	79618.379342	S	0.011423
01528673102688	79618.390765	W	0.090414
01528674838644	79618.481179	S	0.287999
01528680368232	79618.769179	W	0.013859
01528680634332	79618.783038	S	0.281718
01528686043324	79619.064756	W	0.014689
01528686325352	79619.079445	S	0.419909
01528694387604	79619.499354	W	0.018776
01528694748096	79619.518130	S	0.275010
01528700028292	79619.793140	W	0.014501
01528700306716	79619.807641	S	0.266227
01528705418268	79620.073868	W	0.014941
01528705705132	79620.088809	S	0.173481
01528709035972	79620.262290	W	0.086374
01528710694348	79620.348664	S	0.430563
01528718961152	79620.779227	W	0.018067
01528719308040	79620.797294	S	0.019852
01528719689196	79620.817146	W	0.014057
01528719959088	79620.831203	S	0.212902
01528724046800	79621.044104	W	0.014991
01528724334632	79621.059095	S	0.023944
01528724794356	79621.083039	W	0.014624
01528725075140	79621.097664	S	0.538744
01528735419024	79621.636408	W	0.014441
01528735696292	79621.650849	S	0.190845
01528739360512	79621.841693	W	0.014286
01528739634808	79621.855980	S	0.087737
01528741319360	79621.943717	W	0.014453
01528741596856	79621.958170	S	0.101060
01528743537208	79622.059230	W	0.021820
01528743956148	79622.081049	S	0.011588
01528744178632	79622.092637	W	0.014954
01528744465744	79622.107591	S	0.143216
01528747215496	79622.250807	W	0.014219
01528747488504	79622.265026	S	0.835430
01528763528752	79623.100456	W	0.014926
01528763815332	79623.115382	S	0.223849
01528768113224	79623.339230	W	0.018897
01528768476048	79623.358128	S	0.700407
01528781923856	79624.058534	W	0.014800
01528782208012	79624.073334	S	0.035575
01528782891060	79624.108909	W	0.014825
01528783175704	79624.123735	S	0.495498
01528792689272	79624.619233	W	0.018933
01528793052788	79624.638166	S	0.480506
01528802278504	79625.118672	W	0.014752
01528802561736	79625.133424	S	0.765794
01528817264988	79625.899218	W	0.018800
01528817625952	79625.918018	S	0.213782
01528821730572	79626.131801	W	0.023427
01528822180364	79626.155227	S	0.934666
01528840125960	79627.089894	W	0.022230
01528840552772	79627.112124	S	0.033719
01528841200184	79627.145843	W	0.014828
01528841484876	79627.160671	S	0.018877
01528841847324	79627.179548	W	0.018407
01528842200740	79627.197955	S	0.232904
01528846672488	79627.430859	W	0.086965
01528848342212	79627.517824	S	0.140922
01528851047908	79627.658745	W	0.015261
01528851340916	79627.674006	S	0.484367
01528860640768	79628.158373	W	0.014936
01528860927540	79628.173309	S	0.285921
01528866417224	79628.459230	W	0.018862
01528866779380	79628.478093	S	0.225163
01528871102504	79628.703255	W	0.017249
01528871433676	79628.720504	S	0.450924
01528880091408	79629.171427	W	0.014931
01528880378080	79629.186358	S	0.029277
01528880940192	79629.215635	W	0.017610
01528881278300	79629.233245	S	0.505952
01528890992576	79629.739197	W	0.018947
01528891356368	79629.758144	S	0.358119
01528898232256	79630.116263	W	0.015207
01528898524228	79630.131470	S	0.050710
01528899497852	79630.182180	W	0.014900
01528899783940	79630.197080	S	0.046660
01528900679812	79630.243740	W	0.014319
01528900954736	79630.258059	S	0.761120
01528915568248	79631.019180	W	0.018627
01528915925884	79631.037806	S	0.075773
01528917380732	79631.113580	W	0.322916
01528923580716	79631.436496	S	0.756107
01528938097968	79632.192602	W	0.029847
01528938671028	79632.222449	S	0.076740
01528940144436	79632.299189	W	0.018957
01528940508420	79632.318147	S	0.823528
01528956320164	79633.141675	W	0.014894
01528956606136	79633.156570	S	0.051024
01528957585804	79633.207594	W	0.015031
01528957874396	79633.222625	S	0.356598
01528964721084	79633.579223	W	0.018849
01528965082988	79633.598072	S	0.223891
01528969381704	79633.821964	W	0.014651
01528969663008	79633.836615	S	0.381650
01528976990692	79634.218265	W	0.022103
01528977415072	79634.240368	S	0.605631
01528989043180	79634.845999	W	0.031973
01528989657060	79634.877972	S	0.351868
01528996412924	79635.229840	W	0.015047
01528996701828	79635.244887	S	0.891189
01529013812660	79636.136076	W	0.290711
01529019394312	79636.426787	S	0.014311
01529019669092	79636.441099	W	0.063565
01529020889532	79636.504663	S	0.389349
01529028365024	79636.894012	W	0.014467
01529028642788	79636.908479	S	0.190362
01529032297736	79637.098840	W	0.014459
01529032575356	79637.113300	S	0.135458
01529035176144	79637.248757	W	0.023305
01529035623608	79637.272063	S	0.020553
01529036018232	79637.292616	W	0.092262
01529037789660	79637.384878	S	0.020910
01529038191128	79637.405788	W	0.083950
01529039802968	79637.489738	S	0.428283
01529048026004	79637.918021	W	0.014526
01529048304896	79637.932547	S	0.329332
01529054628076	79638.261879	W	0.014841
01529054913024	79638.276720	S	0.422437
01529063023820	79638.699157	W	0.018889
01529063386492	79638.718046	S	0.465037
01529072315196	79639.183083	W	0.023245
01529072761508	79639.206329	S	0.068223
01529074071384	79639.274551	W	0.014647
01529074352604	79639.289198	S	0.690044
01529087601444	79639.979242	W	0.018648
01529087959476	79639.997889	S	0.286556
01529093461344	79640.284445	W	0.023332
01529093909312	79640.307777	S	0.951373
01529112175672	79641.259150	W	0.018965
01529112539796	79641.278114	S	0.019257
01529112909532	79641.297371	W	0.021340
01529113319252	79641.318711	S	0.798347
01529128647508	79642.117058	W	6.013381
01529244104416	79648.130438	S	0.124571
01529246496184	79648.255010	W	0.015006
01529246784308	79648.270016	S	0.105100
01529248802220	79648.375116	W	0.023438
01529249252236	79648.398554	S	0.540541
01529259630616	79648.939095	W	0.018932
01529259994112	79648.958027	S	0.430691
01529268263376	79649.388717	W	0.014844
01529268548388	79649.403562	S	0.188093
01529272159772	79649.591655	W	0.014427
01529272436780	79649.606082	S	0.613015
01529284206660	79650.219097	W	0.018899
01529284569528	79650.237996	S	0.162447
01529287688516	79650.400444	W	0.023871
01529288146844	79650.424315	S	0.294244
01529293796336	79650.718559	W	0.014397
01529294072756	79650.732956	S	0.544085
01529304519180	79651.277041	W	0.014945
01529304806128	79651.291986	S	0.123096
01529307169568	79651.415082	W	0.022072
01529307593352	79651.437154	S	0.062279
01529308789116	79651.499433	W	0.021547
01529309202812	79651.520980	S	0.221037
01529313446720	79651.742017	W	0.014563
01529313726336	79651.756580	S	0.600180
01529325249788	79652.356760	W	0.014265
01529325523672	79652.371025	S	0.002085
01529325563700	79652.373109	W	0.014107
01529325834548	79652.387216	S	0.039035
01529326584028	79652.426251	W	0.014907
01529326870240	79652.441158	S	0.120544
01529329184680	79652.561702	W	0.014345
01529329460096	79652.576047	S	0.087604
01529331142088	79652.663650	W	0.014347
01529331417560	79652.677998	S	0.101101
01529333358704	79652.779099	W	0.018847
01529333720560	79652.797946	S	0.070220
01529335068776	79652.868165	W	0.086216
01529336724124	79652.954381	S	0.426076
01529344904784	79653.380457	W	0.014446
01529345182148	79653.394904	S	0.042163
01529345991672	79653.437066	W	0.014950
01529346278704	79653.452016	S	0.440410
01529354734584	79653.892426	W	0.016930
01529355059632	79653.909356	S	0.149731
01529357934464	79654.059087	W	0.018992
01529358299116	79654.078079	S	0.019181
01529358667392	79654.097260	W	0.014538
01529358946516	79654.111798	S	0.195062
01529362691716	79654.306860	W	0.014779
01529362975464	79654.321639	S	0.125459
01529365384276	79654.447098	W	0.014843
01529365669268	79654.461941	S	0.877153
01529382510612	79655.339094	W	0.018828
01529382872108	79655.357922	S	0.100214
01529384796224	79655.458137	W	0.022494
01529385228112	79655.480631	S	0.991102
01529404257280	79656.471733	W	0.023085
01529404700520	79656.494819	S	0.124259
01529407086300	79656.619078	W	0.018918
01529407449524	79656.637996	S	0.693751
01529420769540	79657.331747	W	0.023542
01529421221548	79657.355289	S	0.129215
01529423702484	79657.484504	W	0.014845
01529423987516	79657.499350	S	0.399723
01529431662196	79657.899073	W	0.018935
01529432025740	79657.918007	S	0.577898
01529443121388	79658.495906	W	0.023206
01529443566948	79658.519112	S	0.659959
01529456238160	79659.179071	W	0.018888
01529456600808	79659.197959	S	0.313930
01529462628268	79659.511889	W	0.023125
01529463072276	79659.535014	S	0.826315
01529478937520	79660.361329	W	0.014422
01529479214416	79660.375751	S	0.083649
01529480820476	79660.459400	W	0.018537
01529481176396	79660.477937	S	0.047578
01529482089888	79660.525515	W	0.023195
01529482535224	79660.548710	S	0.102332
01529484499992	79660.651041	W	0.029132
01529485059320	79660.680173	S	0.858458
01529501541708	79661.538631	W	0.014913
01529501828036	79661.553544	S	0.185534
01529505390280	79661.739077	W	0.018913
01529505753404	79661.757990	S	0.792870
01529520976508	79662.550860	W	0.014793
01529521260524	79662.565652	S	0.453396
01529529965732	79663.019049	W	0.018895
01529530328508	79663.037943	S	0.349414
01529537037248	79663.387357	W	0.022462
01529537468524	79663.409819	S	0.152119
01529540389204	79663.561938	W	0.023845
01529540847020	79663.585782	S	0.713249
01529554541396	79664.299031	W	0.018905
01529554904368	79664.317936	S	0.224584
01529559216380	79664.542520	W	0.014523
01529559495228	79664.557043	S	0.019012
01529559860264	79664.576055	W	0.023363
01529560308832	79664.599418	S	0.045058
01529561173936	79664.644476	W	0.014429
01529561450972	79664.658905	S	0.907161
01529578868472	79665.566066	W	0.036208
01529579563672	79665.602275	S	0.811624
01529595146856	79666.413899	W	0.014905
01529595433032	79666.428804	S	0.170163
01529598700164	79666.598967	W	0.023348
01529599148440	79666.622315	S	0.236721
01529603693488	79666.859036	W	0.021976
01529604115428	79666.881012	S	0.118626
01529606393040	79666.999638	W	0.014526
01529606671948	79667.014164	S	0.597284
01529618139804	79667.611448	W	0.021426
01529618551192	79667.632875	S	0.083587
01529620156068	79667.716462	W	0.014493
01529620434328	79667.730955	S	0.088031
01529622124516	79667.818985	W	0.014481
01529622402548	79667.833466	S	0.305541
01529628268928	79668.139007	W	0.018927
01529628632320	79668.157933	S	0.464691
01529637554388	79668.622624	W	0.022941
01529637994856	79668.645565	S	0.773440
01529652844900	79669.419005	W	0.031019
01529653440460	79669.450024	S	0.185738
01529657006628	79669.635762	W	0.015010
01529657294828	79669.650772	S	0.995451
01529676407492	79670.646224	W	0.024138
01529676870936	79670.670361	S	0.028991
01529677427568	79670.699352	W	0.018463
01529677782052	79670.717815	S	0.944447
01529695915444	79671.662263	W	0.023133
01529696359588	79671.685395	S	0.293616
01529701997024	79671.979012	W	0.018783
01529702357656	79671.997795	S	0.463832
01529711263224	79672.461626	W	0.014954
01529711550336	79672.476580	S	0.199526
01529715381240	79672.676106	W	0.023089
01529715824556	79672.699196	S	0.559795
01529726572624	79673.258991	W	0.018825
01529726934060	79673.277816	S	0.411222
01529734829520	79673.689037	W	0.023119
01529735273396	79673.712156	S	0.826811
01529751148168	79674.538967	W	0.018955
01529751512096	79674.557922	S	0.145894
01529754313256	79674.703815	W	0.022844
01529754751860	79674.726659	S	0.757279
01529769291616	79675.483938	W	0.014728
01529769574388	79675.498666	S	0.218264
01529773765056	79675.716930	W	0.014882
01529774050784	79675.731812	S	0.087178
01529775724600	79675.818990	W	0.018892
01529776087332	79675.837882	S	0.892517
01529793223664	79676.730399	W	0.022746
01529793660388	79676.753145	S	0.183428
01529797182204	79676.936573	W	0.014495
01529797460508	79676.951068	S	0.147916
01529800300500	79677.098984	W	0.018771
01529800660900	79677.117755	S	0.625114
01529812663084	79677.742869	W	0.014912
01529812949400	79677.757781	S	0.621184
01529824876128	79678.378965	W	0.018935
01529825239688	79678.397900	S	0.107753
01529827308544	79678.505653	W	0.023248
01529827754896	79678.528901	S	0.222650
01529832029780	79678.751551	W	0.014812
01529832314176	79678.766363	S	0.892641
01529849452880	79679.659004	W	0.018655
01529849811056	79679.677659	S	0.740486
01529864028392	79680.418145	W	0.014527
01529864307312	79680.432672	S	0.495780
01529873826288	79680.928452	W	0.029375
01529874390280	79680.957827	S	0.574328
01529885417372	79681.532155	W	0.023404
01529885866720	79681.555558	S	0.496977
01529895408676	79682.052535	W	0.014301
01529895683248	79682.066836	S	0.152118
01529898603916	79682.218954	W	0.021856
01529899023556	79682.240810	S	0.016459
01529899339576	79682.257270	W	0.015132
01529899630112	79682.272402	S	0.198444
01529903440232	79682.470845	W	0.113341
01529905616388	79682.584187	S	0.187812
01529909222380	79682.771999	W	0.086378
01529910880844	79682.858377	S	0.115482
01529913098104	79682.973860	W	0.093159
01529914886748	79683.067018	S	0.009499
01529915069136	79683.076517	W	0.014331
01529915344300	79683.090849	S	0.087830
01529917030640	79683.178679	W	0.122703
01529919386536	79683.301382	S	0.013693
01529919649436	79683.315075	W	0.096378
01529921499900	79683.411453	S	0.074426
01529922928872	79683.485879	W	0.085531
01529924571072	79683.571410	S	0.119240
01529926860484	79683.690650	W	0.187312
01529930456872	79683.877962	S	0.017502
01529930792916	79683.895464	W	0.093474
01529932587612	79683.988938	S	0.014264
01529932861476	79684.003202	W	0.064656
01529934102868	79684.067858	S	0.032389
01529934724740	79684.100247	W	0.084310
01529936343484	79684.184556	S	0.014282
01529936617692	79684.198838	W	0.059516
01529937760408	79684.258355	S	0.301337
01529943546084	79684.559692	W	0.022952
01529943986768	79684.582644	S	0.193320
01529947698504	79684.775964	W	0.021858
01529948118184	79684.797822	S	0.988550
01529967098336	79685.786372	W	0.022806
01529967536216	79685.809178	S	0.032735
01529968164724	79685.841913	W	0.017519
01529968501088	79685.859432	S	0.199578
01529972332980	79686.059009	W	0.018805
01529972694032	79686.077814	S	0.276050
01529977994200	79686.353865	W	0.017725
01529978334520	79686.371590	S	0.428115
01529986554332	79686.799705	W	0.020307
01529986944228	79686.820012	S	0.518925
01529996907580	79687.338936	W	0.018874
01529997269960	79687.357810	S	0.226964
01530001627668	79687.584774	W	0.014796
01530001911756	79687.599571	S	0.211864
01530005979544	79687.811435	W	0.022820
01530006417688	79687.834255	S	0.279370
01530011781596	79688.113625	W	5.016835
01530108104824	79693.130460	S	0.514869
01530117990312	79693.645329	W	0.014641
01530118271428	79693.659970	S	0.079266
01530119793344	79693.739237	W	0.018619
01530120150820	79693.757855	S	0.138111
01530122802556	79693.895966	W	0.023503
01530123253820	79693.919470	S	0.988121
01530142225748	79694.907591	W	0.024070
01530142687888	79694.931661	S	0.087246
01530144363004	79695.018906	W	0.018857
01530144725068	79695.037764	S	0.019496
01530145099400	79695.057260	W	0.014484
01530145377488	79695.071744	S	0.395334
01530152967908	79695.467079	W	0.014421
01530153244792	79695.481500	S	0.294227
01530158893948	79695.775726	W	0.014224
01530159167048	79695.789950	S	0.131037
01530161682964	79695.920988	W	0.023579
01530162135676	79695.944566	S	0.136758
01530164761428	79696.081324	W	0.014458
01530165039020	79696.095782	S	0.089860
01530166764332	79696.185642	W	0.014369
01530167040216	79696.200011	S	0.088198
01530168733624	79696.288210	W	0.029606
01530169302056	79696.317815	S	0.355425
01530176126216	79696.673240	W	0.014773
01530176409864	79696.688014	S	0.246357
01530181139920	79696.934371	W	0.019726
01530181518664	79696.954097	S	0.458431
01530190320536	79697.412528	W	0.014676
01530190602312	79697.427204	S	0.151727
01530193515472	79697.578931	W	0.021832
01530193934644	79697.600763	S	0.344566
01530200550312	79697.945329	W	0.022614
01530200984500	79697.967943	S	0.161359
01530204082592	79698.129302	W	0.014419
01530204359444	79698.143721	S	0.664410
01530217116124	79698.808131	W	0.085702
01530218761600	79698.893833	S	0.054441
01530219806864	79698.948274	W	0.085326
01530221445124	79699.033600	S	0.663597
01530234186192	79699.697198	W	0.022585
01530234619824	79699.719783	S	0.245220
01530239328052	79699.965003	W	0.022891
01530239767552	79699.987893	S	0.150987
01530242666504	79700.138880	W	0.018903
01530243029436	79700.157783	S	0.820394
01530258780996	79700.978177	W	0.023568
01530259233508	79701.001745	S	0.417118
01530267242172	79701.418863	W	0.018896
01530267604980	79701.437759	S	0.555149
01530278263848	79701.992909	W	0.024607
01530278736296	79702.017515	S	0.681344
01530291818108	79702.698860	W	0.018813
01530292179324	79702.717673	S	0.005432
01530292283612	79702.723105	W	0.014703
01530292565904	79702.737808	S	0.271239
01530297773700	79703.009047	W	0.022634
01530298208276	79703.031681	S	0.012876
01530298455500	79703.044557	W	0.014149
01530298727164	79703.058706	S	0.917254
01530316338444	79703.975961	W	0.363038
01530323308768	79704.338998	S	0.688643
01530336530708	79705.027641	W	0.022875
01530336969912	79705.050516	S	0.208385
01530340970908	79705.258901	W	0.018865
01530341333112	79705.277766	S	0.469246
01530350342644	79705.747013	W	0.022440
01530350773484	79705.769452	S	0.269368
01530355945356	79706.038821	W	0.014844
01530356230368	79706.053665	S	0.485170
01530365545624	79706.538835	W	0.054118
01530366584688	79706.592952	S	0.138110
01530369236408	79706.731063	W	0.014339
01530369511716	79706.745402	S	0.303829
01530375345232	79707.049231	W	0.022326
01530375773892	79707.071557	S	0.737293
01530389929916	79707.808850	W	0.038194
01530390663232	79707.847043	S	0.213256
01530394757752	79708.060300	W	0.013156
01530395010344	79708.073455	S	0.699977
01530408449908	79708.773433	W	0.023515
01530408901396	79708.796948	S	0.272791
01530414138976	79709.069738	W	0.014790
01530414422944	79709.084528	S	0.014640
01530414704028	79709.099168	W	0.018567
01530415060508	79709.117735	S	0.070529
01530416414660	79709.188264	W	0.088854
01530418120664	79709.277118	S	0.805201
01530433580528	79710.082319	W	0.015053
01530433869544	79710.097372	S	0.281441
01530439273204	79710.378813	W	0.018907
01530439636212	79710.397719	S	0.696979
01530453018200	79711.094698	W	0.024472
01530453488060	79711.119170	S	0.539673
01530463849784	79711.658843	W	0.018671
01530464208268	79711.677514	S	0.119800
01530466508436	79711.797314	W	0.014821
01530466793008	79711.812136	S	0.294553
01530472448424	79712.106689	W	0.014863
01530472733800	79712.121552	S	0.344314
01530479344620	79712.465866	W	0.014469
01530479622424	79712.480335	S	0.087386
01530481300244	79712.567721	W	0.014269
01530481574204	79712.581990	S	0.356812
01530488425004	79712.938802	W	0.018869
01530488787296	79712.957672	S	0.122059
01530491130828	79713.079731	W	0.014344
01530491406232	79713.094075	S	0.026154
01530491908384	79713.120228	W	0.022765
01530492345476	79713.142994	S	0.346864
01530499005260	79713.489857	W	0.014466
01530499283004	79713.504323	S	0.087422
01530500961500	79713.591745	W	0.014427
01530501238500	79713.606172	S	0.190362
01530504893460	79713.796534	W	0.014342
01530505168832	79713.810877	S	0.322546
01530511361720	79714.133423	W	0.014417
01530511638524	79714.147840	S	0.067798
01530512940244	79714.215638	W	0.122368
01530515289700	79714.338005	S	0.380102
01530522587660	79714.718107	W	0.014494
01530522865952	79714.732602	S	0.091678
01530524626164	79714.824279	W	0.014857
01530524911412	79714.839136	S	0.307106
01530530807856	79715.146243	W	0.022268
01530531235396	79715.168510	S	0.330287
01530537576900	79715.498797	W	0.018894
01530537939664	79715.517691	S	0.019604
01530538316060	79715.537295	W	0.014495
01530538594368	79715.551790	S	0.607908
01530550266204	79716.159698	W	0.024435
01530550735364	79716.184134	S	0.594659
01530562152816	79716.778793	W	0.018930
01530562516268	79716.797722	S	0.377321
01530569760832	79717.175043	W	0.020091
01530570146580	79717.195134	S	0.661098
01530582839668	79717.856233	W	0.022979
01530583280868	79717.879212	S	0.179594
01530586729064	79718.058805	W	0.018883
01530587091624	79718.077689	S	0.107865
01530589162628	79718.185554	W	0.014764
01530589446096	79718.200317	S	0.997903
01530608605828	79719.198220	W	0.015090
01530608895564	79719.213311	S	0.125482
01530611304828	79719.338793	W	0.018942
01530611668512	79719.357735	S	0.070537
01530613022820	79719.428272	W	0.085979
01530614673612	79719.514251	S	0.695523
01530628027648	79720.209773	W	0.023548
01530628479764	79720.233321	S	0.385456
01530635880516	79720.618777	W	0.018916
01530636243700	79720.637693	S	0.244125
01530640930896	79720.881818	W	0.023962
01530641390972	79720.905780	S	0.317228
01530647481752	79721.223008	W	0.014841
01530647766708	79721.237849	S	0.660927
01530660456504	79721.898776	W	0.018837
01530660818180	79721.917614	S	0.317540
01530666914948	79722.235154	W	0.023503
01530667366200	79722.258656	S	0.753952
01530681842084	79723.012609	W	0.014535
01530682121148	79723.027143	S	0.151616
01530685032184	79723.178760	W	0.021867
01530685452024	79723.200626	S	0.047075
01530686355860	79723.247701	W	0.014719
01530686638472	79723.262420	S	0.647900
01530699078144	79723.910320	W	0.023322
01530699525936	79723.933642	S	0.325220
01530705770164	79724.258863	W	0.014757
01530706053496	79724.273620	S	0.069917
01530707395896	79724.343536	W	0.224631
01530711708820	79724.568168	S	0.697166
01530725094412	79725.265334	W	0.014489
01530725372596	79725.279823	S	0.087916
01530727060592	79725.367739	W	0.016618
01530727379648	79725.384357	S	0.354414
01530734184396	79725.738771	W	0.018922
01530734547692	79725.757692	S	0.429222
01530742788748	79726.186914	W	0.014502
01530743067196	79726.201416	S	0.074650
01530744500484	79726.276067	W	0.015050
01530744789436	79726.291116	S	0.643801
01530757150424	79726.934918	W	0.014417
01530757427236	79726.949335	S	0.069755
01530758766528	79727.019090	W	0.018598
01530759123608	79727.037688	S	0.249497
01530763913952	79727.287185	W	0.019905
01530764296136	79727.307090	S	0.990783
01530783319164	79728.297873	W	0.019802
01530783699368	79728.317675	S	0.989092
01530802689928	79729.306767	W	0.014844
01530802974924	79729.321611	S	0.141931
01530805699996	79729.463541	W	0.086263
01530807356240	79729.549804	S	0.028976
01530807912580	79729.578780	W	0.018879
01530808275056	79729.597659	S	0.359858
01530815184328	79729.957517	W	0.015210
01530815476352	79729.972727	S	0.344765
01530822095840	79730.317492	W	0.015009
01530822384008	79730.332500	S	0.052848
01530823398684	79730.385348	W	0.014403
01530823675224	79730.399751	S	0.458972
01530832487492	79730.858724	W	0.018816
01530832848764	79730.877540	S	0.429376
01530841092776	79731.306915	W	0.017583
01530841430360	79731.324498	S	0.003580
01530841499104	79731.328078	W	0.014868
01530841784576	79731.342947	S	0.582818
01530852974688	79731.925765	W	0.014451
01530853252144	79731.940216	S	0.198490
01530857063144	79732.138705	W	0.018894
01530857425904	79732.157599	S	0.181710
01530860914732	79732.339309	W	0.014687
01530861196724	79732.353996	S	0.182998
01530864710276	79732.536994	W	0.015066
01530864999540	79732.552059	S	0.187610
01530868601656	79732.739670	W	0.014925
01530868888224	79732.754595	S	0.224409
01530873196876	79732.979004	W	0.023632
01530873650616	79733.002636	S	0.111225
01530875786144	79733.113862	W	6.014756
01530991269460	79739.128618	S	0.307241
01530997168496	79739.435859	W	0.022947
01530997609088	79739.458807	S	0.359879
01531004518768	79739.818686	W	0.021882
01531004938900	79739.840568	S	0.609742
01531016645952	79740.450310	W	0.022426
01531017076532	79740.472736	S	0.625976
01531029095276	79741.098712	W	0.018928
01531029458692	79741.117640	S	0.343269
01531036049456	79741.460909	W	0.022669
01531036484696	79741.483578	S	0.562616
01531047286932	79742.046194	W	0.025448
01531047775536	79742.071642	S	0.307036
01531053670628	79742.378679	W	0.018923
01531054033944	79742.397601	S	0.074486
01531055464068	79742.472087	W	0.022846
01531055902720	79742.494933	S	0.690509
01531069160484	79743.185442	W	0.014538
01531069439604	79743.199979	S	0.458684
01531078246340	79743.658664	W	0.018937
01531078609936	79743.677601	S	1.261001
01531102821156	79744.938602	W	0.018934
01531103184696	79744.957536	S	0.117242
01531105435752	79745.074779	W	0.014713
01531105718236	79745.089491	S	0.963083
01531124209428	79746.052574	W	0.014544
01531124488672	79746.067118	S	0.151530
01531127398048	79746.218648	W	0.018855
01531127760064	79746.237503	S	0.941423
01531145835380	79747.178926	W	0.014732
01531146118232	79747.193658	S	0.304988
01531151974008	79747.498646	W	0.018965
01531152338144	79747.517612	S	0.582497
01531163522088	79748.100109	W	0.022399
01531163952140	79748.122507	S	0.080522
01531165498160	79748.203029	W	0.014374
01531165774136	79748.217403	S	0.561266
01531176550436	79748.778669	W	0.018915
01531176913608	79748.797584	S	0.224585
01531181225636	79749.022169	W	0.014581
01531181505592	79749.036750	S	0.087841
01531183192140	79749.124591	W	0.014297
01531183466636	79749.138887	S	0.600125
01531194989044	79749.739013	W	0.014693
01531195271140	79749.753705	S	0.304931
01531201125808	79750.058636	W	0.018890
01531201488488	79750.077525	S	1.049956
01531221647636	79751.127481	W	0.022932
01531222087936	79751.150413	S	0.021966
01531222509684	79751.172379	W	0.091173
01531224260208	79751.263552	S	0.075073
01531225701616	79751.338626	W	0.018954
01531226065524	79751.357579	S	0.019554
01531226440952	79751.377133	W	0.085254
01531228077824	79751.462387	S	0.427847
01531236292480	79751.890233	W	0.018059
01531236639208	79751.908292	S	0.493288
01531246110332	79752.401580	W	0.014525
01531246389208	79752.416105	S	0.088109
01531248080904	79752.504214	W	0.019271
01531248450908	79752.523485	S	0.095144
01531250277680	79752.618629	W	0.018818
01531250638976	79752.637447	S	1.261144
01531274852944	79753.898591	W	0.018975
01531275217260	79753.917566	S	0.237458
01531279776456	79754.155024	W	0.014704
01531280058768	79754.169728	S	1.008901
01531299429676	79755.178629	W	0.021939
01531299850908	79755.200568	S	1.258003
01531324004572	79756.458571	W	0.018979
01531324368960	79756.477550	S	0.636831
01531336596120	79757.114381	W	0.014635
01531336877116	79757.129016	S	0.051196
01531337860080	79757.180212	W	0.014682
01531338141980	79757.194895	S	0.543701
01531348581032	79757.738595	W	0.019020
01531348946212	79757.757615	S	0.787546
01531364067092	79758.545161	W	0.027387
01531364592916	79758.572548	S	0.446050
01531373157072	79759.018598	W	0.018226
01531373507020	79759.036824	S	0.941926
01531391591996	79759.978750	W	0.037610
01531392314104	79760.016360	S	0.188374
01531395930892	79760.204734	W	0.014526
01531396209792	79760.219260	S	0.079670
01531397739464	79760.298930	W	0.026427
01531398246860	79760.325357	S	0.267781
01531403388248	79760.593138	W	0.085761
01531405034860	79760.678899	S	0.528898
01531415189708	79761.207797	W	0.014517
01531415468436	79761.222314	S	0.116939
01531417713664	79761.339253	W	0.092821
01531419495832	79761.432075	S	0.082704
01531421083744	79761.514778	W	0.088349
01531422780040	79761.603127	S	0.629154
01531434859800	79762.232281	W	0.014539
01531435138948	79762.246820	S	0.087374
01531436816528	79762.334194	W	0.014381
01531437092644	79762.348575	S	0.510034
01531446885292	79762.858609	W	0.037161
01531447598792	79762.895770	S	0.257725
01531452547108	79763.153495	W	0.014624
01531452827892	79763.168119	S	0.060628
01531453991944	79763.228747	W	0.023375
01531454440748	79763.252122	S	0.310927
01531460410544	79763.563049	W	0.014401
01531460687044	79763.577450	S	0.561133
01531471460804	79764.138584	W	0.018943
01531471824512	79764.157527	S	0.019858
01531472205780	79764.177384	W	0.014354
01531472481376	79764.191738	S	0.292891
01531478104884	79764.484629	W	0.014711
01531478387328	79764.499340	S	0.497280
01531487935108	79764.996620	W	0.014587
01531488215188	79765.011208	S	0.407351
01531496036328	79765.418559	W	0.018729
01531496395928	79765.437288	S	0.173457
01531499726300	79765.610745	W	0.123248
01531502092660	79765.733993	S	0.014139
01531502364124	79765.748131	W	0.087312
01531504040512	79765.835443	S	0.419366
01531512092336	79766.254809	W	0.014832
01531512377112	79766.269641	S	0.168921
01531515620404	79766.438563	W	0.364223
01531522613488	79766.802786	S	1.175777
01531545188412	79767.978563	W	0.018252
01531545538844	79767.996815	S	1.261691
01531569763320	79769.258506	W	0.018761
01531570123540	79769.277268	S	0.003151
01531570184048	79769.280419	W	0.015267
01531570477168	79769.295686	S	1.242844
01531594339768	79770.538530	W	0.021820
01531594758708	79770.560349	S	0.068027
01531596064832	79770.628377	W	0.085743
01531597711096	79770.714120	S	0.938264
01531615725764	79771.652384	W	0.086323
01531617383172	79771.738707	S	0.079881
01531618916884	79771.818588	W	0.018884
01531619279464	79771.837472	S	0.470108
01531628305540	79772.307580	W	0.014885
01531628591328	79772.322465	S	0.149364
01531631459124	79772.471829	W	0.014481
01531631737164	79772.486311	S	0.088169
01531633430000	79772.574479	W	0.017295
01531633762060	79772.591774	S	0.506749
01531643491640	79773.098523	W	0.018868
01531643853908	79773.117391	S	1.261084
01531668066724	79774.378475	W	0.045172
01531668934024	79774.423647	S	0.914121
01531686485152	79775.337768	W	0.021103
01531686890336	79775.358872	S	0.289648
01531692451576	79775.648520	W	0.047245
01531693358672	79775.695764	S	0.462928
01531702246884	79776.158692	W	0.014557
01531702526376	79776.173249	S	0.765248
01531717219144	79776.938497	W	0.018690
01531717577992	79776.957187	S	0.126912
01531720014708	79777.084099	W	0.014461
01531720292368	79777.098561	S	1.109978
01531741603944	79778.208539	W	0.047206
01531742510304	79778.255745	S	0.107654
01531744577268	79778.363399	W	0.014649
01531744858528	79778.378048	S	0.236886
01531749406748	79778.614935	W	0.015052
01531749695752	79778.629987	S	0.482005
01531758950256	79779.111992	W	6.019339
01531874521560	79785.131331	S	0.767109
01531889250056	79785.898440	W	0.018952
01531889613940	79785.917393	S	1.261019
01531913825500	79787.178411	W	0.018928
01531914188912	79787.197339	S	0.248415
01531918958484	79787.445754	W	0.014692
01531919240576	79787.460447	S	0.550735
01531929814696	79788.011182	W	0.000481
01531929823932	79788.011663	S	0.436472
01531938204204	79788.448136	W	0.029118
01531938763264	79788.477253	S	1.261156
01531962977460	79789.738409	W	0.018882
01531963340000	79789.757292	S	0.720159
01531977167048	79790.477450	W	0.023469
01531977617648	79790.500919	S	0.517574
01531987555072	79791.018493	W	0.018945
01531987918820	79791.037439	S	0.685571
01532001081788	79791.723010	W	0.024803
01532001558004	79791.747813	S	0.550640
01532012130300	79792.298453	W	0.018904
01532012493260	79792.317357	S	0.430140
01532020751948	79792.747497	W	0.014534
01532021030992	79792.762031	S	0.604465
01532032636724	79793.366496	W	0.014638
01532032917776	79793.381134	S	0.122683
01532035273296	79793.503817	W	0.014281
01532035547500	79793.518099	S	0.060671
01532036712380	79793.578770	W	0.021422
01532037123676	79793.600191	S	0.580444
01532048268196	79794.180635	W	0.014515
01532048546880	79794.195150	S	0.190372
01532052202020	79794.385522	W	0.014446
01532052479380	79794.399968	S	0.395599
01532060074884	79794.795567	W	0.013629
01532060336568	79794.809196	S	0.049572
01532061288352	79794.858768	W	0.018566
01532061644816	79794.877334	S	0.020075
01532062030260	79794.897409	W	0.014380
01532062306356	79794.911789	S	0.088097
01532063997828	79794.999887	W	0.014357
01532064273476	79795.014244	S	0.292849
01532069896176	79795.307093	W	0.014327
01532070171264	79795.321420	S	0.497674
01532079726604	79795.819094	W	0.014561
01532080006184	79795.833655	S	0.304836
01532085859044	79796.138492	W	0.018891
01532086221756	79796.157383	S	0.378528
01532093489496	79796.535911	W	0.022491
01532093921324	79796.558402	S	0.860025
01532110433800	79797.418427	W	0.018927
01532110797200	79797.437354	S	1.261023
01532135008840	79798.698377	W	0.019011
01532135373852	79798.717388	S	0.847484
01532151645544	79799.564872	W	0.014910
01532151931808	79799.579782	S	0.398637
01532159585648	79799.978419	W	0.018836
01532159947300	79799.997255	S	1.261106
01532184160544	79801.258362	W	0.018765
01532184520824	79801.277126	S	0.436108
01532192894092	79801.713234	W	0.064552
01532194133492	79801.777786	S	0.760612
01532208737240	79802.538398	W	0.018284
01532209088296	79802.556682	S	0.031505
01532209693192	79802.588187	W	0.014844
01532209978204	79802.603031	S	1.102745
01532231150912	79803.705777	W	0.014653
01532231432256	79803.720430	S	0.097956
01532233313020	79803.818386	W	0.018966
01532233677164	79803.837352	S	1.261004
01532257888444	79805.098356	W	0.019025
01532258253728	79805.117382	S	0.497751
01532267810556	79805.615133	W	0.014971
01532268098004	79805.630104	S	0.748297
01532282465312	79806.378402	W	0.018705
01532282824456	79806.397107	S	0.788844
01532297970260	79807.185951	W	0.014613
01532298250824	79807.200564	S	0.087333
01532299927612	79807.287896	W	0.014369
01532300203492	79807.302265	S	0.356102
01532307040648	79807.658367	W	0.018944
01532307404372	79807.677311	S	0.431617
01532315691412	79808.108928	W	0.022906
01532316131212	79808.131834	S	0.510325
01532325929456	79808.642159	W	0.014996
01532326217384	79808.657155	S	0.281216
01532331616732	79808.938371	W	0.021991
01532332038964	79808.960363	S	0.682804
01532345148792	79809.643166	W	0.014546
01532345428076	79809.657712	S	0.560642
01532356192396	79810.218354	W	0.019001
01532356557212	79810.237355	S	0.020279
01532356946568	79810.257634	W	0.014356
01532357222196	79810.271989	S	0.087936
01532358910576	79810.359926	W	0.014372
01532359186512	79810.374298	S	0.088162
01532360879228	79810.462460	W	0.014353
01532361154808	79810.476813	S	0.088051
01532362845380	79810.564864	W	0.014396
01532363121776	79810.579259	S	0.599826
01532374638436	79811.179085	W	0.014618
01532374919104	79811.193703	S	0.304641
01532380768204	79811.498344	W	0.018922
01532381131508	79811.517266	S	0.151152
01532384033636	79811.668419	W	0.022479
01532384465228	79811.690897	S	1.087463
01532405344520	79812.778360	W	0.018900
01532405707408	79812.797261	S	0.634798
01532417895532	79813.432059	W	0.022685
01532418331080	79813.454744	S	0.603598
01532429920156	79814.058341	W	0.018942
01532430283844	79814.077284	S	0.071540
01532431657416	79814.148824	W	0.017366
01532431990844	79814.166190	S	0.529073
01532442149044	79814.695263	W	0.014706
01532442431396	79814.709969	S	0.628366
01532454496020	79815.338334	W	0.018867
01532454858260	79815.357201	S	0.020484
01532455251552	79815.377685	W	0.014457
01532455529124	79815.392142	S	0.907147
01532472946344	79816.299289	W	0.014624
01532473227124	79816.313913	S	0.292399
01532478841184	79816.606312	W	0.030911
01532479434672	79816.637222	S	0.173864
01532482772860	79816.811086	W	0.014652
01532483054176	79816.825738	S	0.292764
01532488675236	79817.118502	W	0.014488
01532488953404	79817.132990	S	0.293148
01532494581852	79817.426138	W	0.014332
01532494857028	79817.440470	S	0.278692
01532500207908	79817.719162	W	0.014983
01532500495580	79817.734145	S	0.164189
01532503648012	79817.898334	W	0.018954
01532504011928	79817.917288	S	1.260993
01532528222992	79819.178281	W	0.018900
01532528585872	79819.197181	S	0.173887
01532531924508	79819.371068	W	0.014520
01532532203288	79819.385588	S	1.072763
01532552800328	79820.458350	W	0.018960
01532553164356	79820.477310	S	0.267772
01532558305576	79820.745082	W	0.014831
01532558590324	79820.759913	S	0.976938
01532577347536	79821.736851	W	0.020367
01532577738584	79821.757218	S	0.277118
01532583059240	79822.034335	W	0.017096
01532583387476	79822.051431	S	0.495111
01532592893616	79822.546543	W	0.018510
01532593249016	79822.565053	S	0.453251
01532601951432	79823.018304	W	0.018744
01532602311320	79823.037048	S	0.532401
01532612533424	79823.569449	W	0.014578
01532612813328	79823.584027	S	0.184877
01532616362972	79823.768905	W	0.015063
01532616652184	79823.783968	S	0.514332
01532626527368	79824.298300	W	0.021765
01532626945264	79824.320066	S	0.478207
01532636126836	79824.798273	W	0.015037
01532636415544	79824.813310	S	0.300201
01532642179396	79825.113510	W	11.015465
01532853676328	79836.128975	S	0.035490
01532854357744	79836.164466	W	0.086145
01532856011732	79836.250611	S	0.014149
01532856283392	79836.264760	W	0.063478
01532857502172	79836.328238	S	0.577829
01532868596480	79836.906067	W	0.014923
01532868883000	79836.920990	S	0.177254
01532872286268	79837.098243	W	0.018811
01532872647432	79837.117054	S	0.788930
01532887794880	79837.905983	W	0.014497
01532888073228	79837.920481	S	0.002261
01532888116648	79837.922742	W	0.014883
01532888402408	79837.937625	S	0.070296
01532889752092	79838.007921	W	0.014460
01532890029732	79838.022382	S	0.355831
01532896861680	79838.378212	W	0.018931
01532897225164	79838.397144	S	0.503035
01532906883440	79838.900179	W	0.014784
01532907167292	79838.914963	S	0.009018
01532907340436	79838.923981	W	0.033875
01532907990836	79838.957856	S	0.700364
01532921437828	79839.658220	W	0.021982
01532921859880	79839.680202	S	0.256973
01532926793760	79839.937175	W	0.015170
01532927085016	79839.952345	S	0.103350
01532929069340	79840.055695	W	0.086026
01532930721036	79840.141721	S	0.016644
01532931040600	79840.158365	W	0.014496
01532931318916	79840.172860	S	0.599859
01532942836204	79840.772719	W	0.014311
01532943110980	79840.787030	S	0.151215
01532946014312	79840.938245	W	0.032084
01532946630328	79840.970330	S	0.007174
01532946768068	79840.977504	W	0.014302
01532947042664	79840.991805	S	0.600134
01532958565236	79841.591939	W	0.014502
01532958843668	79841.606441	S	0.322134
01532965028644	79841.928575	W	0.023115
01532965472460	79841.951691	S	0.007701
01532965620324	79841.959392	W	0.014719
01532965902920	79841.974110	S	0.244095
01532970589552	79842.218206	W	0.018946
01532970953312	79842.237152	S	0.734584
01532985057320	79842.971735	W	0.023473
01532985507992	79842.995208	S	0.503009
01532995165764	79843.498217	W	0.018857
01532995527816	79843.517074	S	0.469715
01533004546340	79843.986789	W	0.014890
01533004832220	79844.001678	S	0.776534
01533019741676	79844.778212	W	0.018806
01533020102748	79844.797018	S	0.155822
01533023094536	79844.952840	W	0.023570
01533023547084	79844.976411	S	0.022412
01533023977400	79844.998823	W	0.014835
01533024262236	79845.013658	S	0.994414
01533043354980	79846.008072	W	0.021991
01533043777208	79846.030063	S	0.028463
01533044323696	79846.058526	W	0.018563
01533044680112	79846.077089	S	0.943520
01533062795688	79847.020609	W	0.014875
01533063081292	79847.035484	S	0.302703
01533068893192	79847.338187	W	0.018883
01533069255740	79847.357070	S	0.623538
01533081227672	79847.980608	W	0.014790
01533081511632	79847.995397	S	0.036062
01533082204016	79848.031459	W	0.023029
01533082646172	79848.054488	S	0.563731
01533093469812	79848.618219	W	0.018791
01533093830608	79848.637011	S	0.406525
01533101635888	79849.043536	W	0.014842
01533101920848	79849.058377	S	0.008773
01533102089284	79849.067150	W	0.014168
01533102361312	79849.081318	S	0.088465
01533104059848	79849.169784	W	0.014297
01533104334356	79849.184081	S	0.394825
01533111915004	79849.578906	W	0.103291
01533113898200	79849.682198	S	0.101526
01533115847492	79849.783724	W	0.086045
01533117499548	79849.869768	S	0.018408
01533117852988	79849.888176	W	0.037184
01533118566924	79849.925361	S	0.129920
01533121061396	79850.055281	W	0.022611
01533121495532	79850.077892	S	0.926075
01533139276176	79851.003968	W	0.014864
01533139561556	79851.018831	S	0.048038
01533140483888	79851.066869	W	0.014870
01533140769388	79851.081739	S	0.096434
01533142620920	79851.178173	W	0.018841
01533142982676	79851.197014	S	0.880797
01533159893984	79852.077812	W	0.024241
01533160359412	79852.102053	S	0.356103
01533167196584	79852.458155	W	0.018839
01533167558300	79852.476995	S	0.379286
01533174840588	79852.856281	W	0.014635
01533175121576	79852.870915	S	0.220846
01533179361812	79853.091761	W	0.014843
01533179646796	79853.106604	S	0.631563
01533191772804	79853.738167	W	0.018903
01533192135748	79853.757070	S	0.126954
01533194573272	79853.884025	W	0.014508
01533194851828	79853.898533	S	0.129983
01533197347492	79854.028515	W	0.023325
01533197795324	79854.051840	S	0.049678
01533198749136	79854.101518	W	0.014913
01533199035468	79854.116431	S	0.901728
01533216348640	79855.018158	W	0.021886
01533216768860	79855.040045	S	0.072836
01533218167308	79855.112881	W	0.029767
01533218738832	79855.142648	S	0.170939
01533222020868	79855.313587	W	0.014464
01533222298568	79855.328050	S	0.600410
01533233826436	79855.928460	W	0.014314
01533234101268	79855.942774	S	0.087595
01533235783100	79856.030370	W	0.014184
01533236055432	79856.044554	S	0.085759
01533237701996	79856.130312	W	0.086659
01533239365844	79856.216971	S	0.081179
01533240924488	79856.298150	W	0.018673
01533241283012	79856.316824	S	0.430289
01533249544568	79856.747113	W	0.014343
01533249819960	79856.761456	S	0.292608
01533255438024	79857.054064	W	0.014796
01533255722112	79857.068860	S	0.075895
01533257179296	79857.144755	W	0.015027
01533257467816	79857.159782	S	0.418369
01533265500496	79857.578151	W	0.018962
01533265864560	79857.597113	S	0.558495
01533276587660	79858.155607	W	0.023302
01533277035060	79858.178909	S	0.679229
01533290076256	79858.858138	W	0.018750
01533290436252	79858.876888	S	0.291140
01533296026136	79859.168028	W	0.014821
01533296310708	79859.182849	S	0.895891
01533313511824	79860.078741	W	0.014361
01533313787556	79860.093102	S	0.045357
01533314658408	79860.138459	W	0.018642
01533315016344	79860.157101	S	0.020572
01533315411328	79860.177673	W	0.014837
01533315696208	79860.192511	S	0.957630
01533334082704	79861.150141	W	0.123763
01533336458948	79861.273904	S	0.014166
01533336730940	79861.288070	W	0.086630
01533338394228	79861.374699	S	0.043428
01533339228044	79861.418127	W	0.018946
01533339591816	79861.437074	S	0.754410
01533354076488	79862.191484	W	0.022958
01533354517288	79862.214442	S	0.483721
01533363804736	79862.698163	W	0.018930
01533364168188	79862.717093	S	0.391885
01533371692376	79863.108978	W	0.023595
01533372145400	79863.132573	S	0.070410
01533373497268	79863.202983	W	0.014834
01533373782072	79863.217816	S	0.760296
01533388379764	79863.978113	W	0.018707
01533388738948	79863.996820	S	0.216794
01533392901400	79864.213615	W	0.023120
01533393345296	79864.236734	S	0.499425
01533402934264	79864.736160	W	0.014493
01533403212520	79864.750652	S	0.476321
01533412357880	79865.226973	W	0.050005
01533413317984	79865.276978	S	0.071526
01533414691276	79865.348504	W	0.190270
01533418344464	79865.538774	S	0.014564
01533418624096	79865.553338	W	0.083762
01533420232332	79865.637101	S	0.099519
01533422143088	79865.736619	W	0.087040
01533423814252	79865.823659	S	0.139269
01533426488220	79865.962928	W	0.089760
01533428211616	79866.052688	S	0.085900
01533429860892	79866.138588	W	0.014979
01533430148496	79866.153568	S	0.014190
01533430420944	79866.167758	W	0.168261
01533433651548	79866.336018	S	0.036584
01533434353960	79866.372602	W	0.089298
01533436068488	79866.461900	S	0.012130
01533436301384	79866.474030	W	0.089705
01533438023716	79866.563735	S	0.013562
01533438284116	79866.577298	W	0.130809
01533440795644	79866.708106	S	0.014284
01533441069888	79866.722390	W	0.102435
01533443036644	79866.824825	S	0.006346
01533443158484	79866.831171	W	0.087096
01533444830728	79866.918267	S	0.014450
01533445108172	79866.932717	W	0.221096
01533449353224	79867.153814	S	0.014099
01533449623932	79867.167913	W	0.145897
01533452425152	79867.313810	S	0.001036
01533452445040	79867.314846	W	0.265840
01533457549160	79867.580685	S	0.014289
01533457823500	79867.594974	W	0.145185
01533460611056	79867.740159	S	0.014270
01533460885048	79867.754430	W	0.079374
01533462409032	79867.833804	S	0.074719
01533463843632	79867.908523	W	0.088797
01533465548528	79867.997319	S	0.014374
01533465824516	79868.011694	W	0.063197
01533467037900	79868.074891	S	0.038471
01533467776540	79868.113361	W	0.084136
01533469391952	79868.197498	S	0.014233
01533469665228	79868.211731	W	0.060271
01533470822428	79868.272001	S	0.456306
01533479583512	79868.728308	W	0.014676
01533479865284	79868.742984	S	0.355098
01533486683156	79869.098081	W	0.018904
01533487046108	79869.116985	S	0.046279
01533487934672	79869.163264	W	0.022214
01533488361172	79869.185478	S	0.071465
01533489733292	79869.256942	W	0.023708
01533490188480	79869.280650	S	0.473525
01533499280152	79869.754175	W	0.015595
01533499579580	79869.769770	S	0.502262
01533509223016	79870.272032	W	0.023451
01533509673268	79870.295483	S	0.082658
01533511260300	79870.378141	W	0.021860
01533511680012	79870.400001	S	0.478363
01533520864572	79870.878363	W	0.014667
01533521146188	79870.893031	S	0.391666
01533528666172	79871.284696	W	0.022035
01533529089244	79871.306731	S	0.288663
01533534631568	79871.595394	W	0.013713
01533534894864	79871.609108	S	0.049303
01533535841488	79871.658411	W	0.018575
01533536198120	79871.676985	S	0.123116
01533538561944	79871.800101	W	0.014570
01533538841680	79871.814671	S	0.371609
01533545976576	79872.186280	W	0.022529
01533546409124	79872.208809	S	0.086622
01533548072268	79872.295431	W	0.015466
01533548369208	79872.310896	S	0.002250
01533548412404	79872.313146	W	0.014371
01533548688320	79872.327517	S	0.291680
01533554288568	79872.619196	W	0.022535
01533554721244	79872.641731	S	0.296317
01533560410528	79872.938048	W	0.019000
01533560775336	79872.957049	S	0.347392
01533567445260	79873.304441	W	0.022630
01533567879752	79873.327070	S	0.890995
01533584986864	79874.218066	W	0.018884
01533585349436	79874.236950	S	0.080208
01533586889432	79874.317158	W	0.029721
01533587460080	79874.346879	S	0.863395
01533604037268	79875.210274	W	0.023166
01533604482056	79875.233440	S	0.099819
01533606398580	79875.333259	W	0.023305
01533606846032	79875.356564	S	0.027494
01533607373912	79875.384058	W	0.014346
01533607649352	79875.398404	S	0.099695
01533609563504	79875.498099	W	0.018822
01533609924884	79875.516921	S	0.595677
01533621361884	79876.112598	W	5.009038
01533717535420	79881.121636	S	0.140783
01533720238456	79881.262420	W	0.022083
01533720662456	79881.284503	S	0.125075
01533723063904	79881.409578	W	0.015256
01533723356820	79881.424834	S	0.473206
01533732442380	79881.898041	W	0.018936
01533732805944	79881.916976	S	0.505142
01533742504668	79882.422118	W	0.023281
01533742951660	79882.445399	S	0.729296
01533756954148	79883.174695	W	0.022239
01533757381128	79883.196934	S	1.089204
01533778293836	79884.286137	W	0.022381
01533778723544	79884.308518	S	0.149488
01533781593720	79884.458006	W	0.018898
01533781956552	79884.476904	S	1.249652
01533805949872	79885.726556	W	0.033353
01533806590248	79885.759909	S	0.664630
01533819351152	79886.424539	W	0.110606
01533821474780	79886.535145	S	0.009328
01533821653884	79886.544473	W	0.084628
01533823278736	79886.629101	S	0.121821
01533825617700	79886.750922	W	0.014470
01533825895528	79886.765392	S	0.087409
01533827573776	79886.852801	W	0.014184
01533827846112	79886.866985	S	0.150995
01533830745208	79887.017980	W	0.018328
01533831097096	79887.036307	S	0.021331
01533831506656	79887.057638	W	0.014072
01533831776848	79887.071711	S	0.238689
01533836359672	79887.310400	W	0.014935
01533836646432	79887.325335	S	0.347201
01533843312684	79887.672536	W	0.014557
01533843592184	79887.687093	S	0.292131
01533849201092	79887.979224	W	0.014448
01533849478488	79887.993671	S	0.304389
01533855322764	79888.298061	W	0.018769
01533855683132	79888.316830	S	1.261115
01533879896548	79889.577945	W	0.018822
01533880257932	79889.596767	S	0.123703
01533882633032	79889.720470	W	0.014384
01533882909212	79889.734855	S	0.087558
01533884590324	79889.822413	W	0.014336
01533884865568	79889.836748	S	0.496892
01533894405896	79890.333640	W	0.014986
01533894693628	79890.348626	S	0.509364
01533904473412	79890.857990	W	0.018788
01533904834144	79890.876778	S	0.747231
01533919180984	79891.624010	W	0.302590
01533924990716	79891.926600	S	0.014177
01533925262912	79891.940777	W	0.063544
01533926482960	79892.004321	S	0.133655
01533929049140	79892.137976	W	0.018697
01533929408116	79892.156673	S	0.226140
01533933749996	79892.382812	W	0.014738
01533934032964	79892.397550	S	0.957931
01533952425240	79893.355481	W	0.021600
01533952839956	79893.377081	S	0.041244
01533953631840	79893.418325	W	0.018619
01533953989332	79893.436944	S	1.096414
01533975040484	79894.533359	W	0.014514
01533975319152	79894.547872	S	0.150124
01533978201536	79894.697997	W	0.018865
01533978563736	79894.716861	S	0.329017
01533984880856	79895.045878	W	0.014492
01533985159100	79895.060370	S	0.087023
01533986829944	79895.147393	W	0.020243
01533987218616	79895.167636	S	0.084788
01533988846536	79895.252424	W	0.014354
01533989122140	79895.266778	S	0.085271
01533990759340	79895.352049	W	0.014690
01533991041380	79895.366739	S	0.292976
01533996666516	79895.659714	W	0.020610
01533997062228	79895.680324	S	0.297654
01534002777192	79895.977979	W	0.018791
01534003137972	79895.996769	S	0.380266
01534010439072	79896.377035	W	0.014861
01534010724404	79896.391896	S	0.352045
01534017483672	79896.743941	W	0.087538
01534019164400	79896.831479	S	0.056291
01534020245192	79896.887770	W	0.085570
01534021888144	79896.973341	S	0.284619
01534027352824	79897.257960	W	0.018360
01534027705344	79897.276320	S	1.261590
01534051927868	79898.537910	W	0.018973
01534052292144	79898.556882	S	0.842805
01534068474008	79899.399688	W	0.023286
01534068921104	79899.422974	S	0.127465
01534071368432	79899.550439	W	0.014434
01534071645572	79899.564874	S	0.253066
01534076504432	79899.817939	W	0.018900
01534076867312	79899.836839	S	0.635320
01534089065452	79900.472159	W	0.014461
01534089343096	79900.486620	S	0.611318
01534101080396	79901.097937	W	0.021909
01534101501052	79901.119846	S	0.683881
01534114631564	79901.803727	W	0.014473
01534114909440	79901.818200	S	0.563752
01534125733488	79902.381952	W	0.013333
01534125989472	79902.395285	S	0.029700
01534126559712	79902.424985	W	0.022927
01534126999904	79902.447912	S	0.072148
01534128385136	79902.520059	W	0.014421
01534128662016	79902.534480	S	0.190337
01534132316480	79902.724817	W	0.014462
01534132594144	79902.739278	S	0.497574
01534142147564	79903.236852	W	0.014422
01534142424468	79903.251274	S	0.410665
01534150309240	79903.661940	W	0.013954
01534150577156	79903.675894	S	0.482527
01534159841676	79904.158421	W	0.014653
01534160123020	79904.173074	S	0.702176
01534173604792	79904.875250	W	0.023960
01534174064828	79904.899210	S	0.043049
01534174891360	79904.942258	W	0.012982
01534175140616	79904.955240	S	0.124772
01534177536240	79905.080012	W	0.014336
01534177811492	79905.094349	S	0.355880
01534184644388	79905.450229	W	0.014965
01534184931708	79905.465193	S	0.756726
01534199460848	79906.221919	W	0.014061
01534199730820	79906.235980	S	1.265888
01534224035860	79907.501868	W	0.014271
01534224309864	79907.516139	S	0.635893
01534236519016	79908.152032	W	0.014488
01534236797192	79908.166520	S	0.309008
01534242730140	79908.475528	W	0.022114
01534243154720	79908.497642	S	0.284312
01534248613504	79908.781953	W	0.013261
01534248868120	79908.795215	S	1.266648
01534273187768	79910.061863	W	0.013357
01534273444220	79910.075220	S	1.266630
01534297763508	79911.341849	W	0.018164
01534298112248	79911.360013	S	0.145274
01534300901500	79911.505286	W	0.014944
01534301188416	79911.520230	S	1.101660
01534322340292	79912.621890	W	0.014114
01534322611280	79912.636004	S	1.265835
01534346915304	79913.901839	W	0.013199
01534347168728	79913.915038	S	0.615128
01534358979184	79914.530166	W	0.014960
01534359266412	79914.545126	S	0.160698
01534362351808	79914.705823	W	0.014412
01534362628524	79914.720236	S	0.447686
01534371224104	79915.167922	W	0.030179
01534371803540	79915.198101	S	0.121977
01534374145492	79915.320078	W	0.014483
01534374423572	79915.334561	S	0.092489
01534376199360	79915.427050	W	0.086680
01534377863612	79915.513730	S	0.113300
01534380038968	79915.627030	W	0.178617
01534383468420	79915.805647	S	0.026194
01534383971344	79915.831841	W	0.123073
01534386334336	79915.954913	S	0.014019
01534386603500	79915.968932	W	0.146222
01534389410964	79916.115154	S	0.126252
01534391835000	79916.241406	W	0.180978
01534395309780	79916.422384	S	0.023842
01534395767556	79916.446227	W	0.092192
01534397537644	79916.538419	S	0.014234
01534397810944	79916.552653	W	0.138932
01534400478436	79916.691585	S	0.014281
01534400752632	79916.705866	W	0.067316
01534402045104	79916.773182	S	0.082620
01534403631404	79916.855802	W	0.084305
01534405250052	79916.940107	S	0.014118
01534405521112	79916.954225	W	0.059713
01534406667608	79917.013938	S	0.014396
01534406944016	79917.028334	W	0.063549
01534408164152	79917.091883	S	0.073004
01534409565824	79917.164887	W	0.014301
01534409840396	79917.179187	S	0.374684
01534417034332	79917.553871	W	0.015313
01534417328344	79917.569185	S	0.010071
01534417521700	79917.579255	W	0.014646
01534417802900	79917.593901	S	0.081337
01534419364572	79917.675238	W	0.013478
01534419623356	79917.688716	S	0.039506
01534420381876	79917.728223	W	0.046858
01534421281548	79917.775081	S	0.104951
01534423296612	79917.880032	W	0.014396
01534423573020	79917.894428	S	0.600041
01534435093816	79918.494470	W	0.014539
01534435372960	79918.509008	S	0.079332
01534436896136	79918.588340	W	0.015125
01534437186528	79918.603465	S	0.414394
01534445142900	79919.017859	W	0.018900
01534445505788	79919.036760	S	0.561976
01534456295728	79919.598736	W	0.023124
01534456739708	79919.621860	S	0.676050
01534469719876	79920.297910	W	0.018802
01534470080880	79920.316713	S	0.260760
01534475087480	79920.577473	W	0.014656
01534475368872	79920.592129	S	0.018329
01534475720792	79920.610458	W	0.025044
01534476201640	79920.635502	S	0.008196
01534476359012	79920.643699	W	0.086374
01534478017384	79920.730072	S	0.382246
01534485356504	79921.112318	W	7.015586
01534620055764	79928.127904	S	0.401934
01534627772900	79928.529839	W	0.024601
01534628245232	79928.554439	S	0.164783
01534631409068	79928.719222	W	0.015372
01534631704204	79928.734594	S	0.002271
01534631747808	79928.736865	W	0.014269
01534632021772	79928.751134	S	0.085722
01534633667640	79928.836856	W	0.016559
01534633985572	79928.853415	S	0.086850
01534635653100	79928.940266	W	0.014444
01534635930420	79928.954709	S	0.292498
01534641546372	79929.247207	W	0.029516
01534642113080	79929.276723	S	0.072222
01534643499744	79929.348945	W	0.014366
01534643775568	79929.363311	S	0.088158
01534645468200	79929.451469	W	0.014271
01534645742204	79929.465740	S	0.192064
01534649429824	79929.657803	W	0.023339
01534649877936	79929.681143	S	0.048662
01534650812244	79929.729804	W	0.014727
01534651095008	79929.744532	S	0.193159
01534654803660	79929.937691	W	0.014924
01534655090204	79929.952615	S	0.019736
01534655469128	79929.972350	W	0.001198
01534655492128	79929.973548	S	0.501892
01534665128464	79930.475441	W	0.014044
01534665398104	79930.489485	S	0.048671
01534666332580	79930.538155	W	0.018576
01534666689248	79930.556732	S	0.182457
01534670192432	79930.739189	W	0.022428
01534670623048	79930.761617	S	0.990950
01534689649292	79931.752567	W	0.016318
01534689962592	79931.768885	S	0.049257
01534690908320	79931.818142	W	0.018551
01534691264500	79931.836693	S	0.386996
01534698694824	79932.223689	W	0.016436
01534699010400	79932.240125	S	0.386162
01534706424708	79932.626287	W	0.014381
01534706700816	79932.640668	S	0.042632
01534707519356	79932.683300	W	0.022290
01534707947320	79932.705590	S	0.059399
01534709087784	79932.764989	W	0.014750
01534709370992	79932.779739	S	0.318097
01534715478448	79933.097836	W	0.021871
01534715898372	79933.119707	S	0.018122
01534716246316	79933.137829	W	0.014340
01534716521648	79933.152169	S	0.087904
01534718209396	79933.240073	W	0.014398
01534718485836	79933.254471	S	0.292805
01534724107684	79933.547275	W	0.014386
01534724383904	79933.561662	S	0.215345
01534728518532	79933.777007	W	0.022562
01534728951732	79933.799569	S	0.259732
01534733938580	79934.059301	W	0.014406
01534734215172	79934.073707	S	0.304079
01534740053484	79934.377786	W	0.018887
01534740416116	79934.396673	S	0.174557
01534743767612	79934.571230	W	0.014473
01534744045488	79934.585703	S	0.087967
01534745734460	79934.673670	W	0.014518
01534746013204	79934.688188	S	0.101240
01534747957008	79934.789427	W	0.014883
01534748242764	79934.804311	S	0.483773
01534757531200	79935.288083	W	0.014673
01534757812916	79935.302756	S	0.088023
01534759502952	79935.390779	W	0.014358
01534759778632	79935.405137	S	0.252636
01534764629240	79935.657773	W	0.018905
01534764992208	79935.676677	S	0.033776
01534765640704	79935.710453	W	0.014762
01534765924132	79935.725215	S	0.073465
01534767334652	79935.798680	W	0.013070
01534767585604	79935.811750	S	0.807536
01534783090300	79936.619286	W	0.014468
01534783368092	79936.633755	S	0.087911
01534785055984	79936.721666	W	0.014166
01534785327968	79936.735832	S	0.071805
01534786706616	79936.807636	W	0.015352
01534787001380	79936.822989	S	0.114779
01534789205132	79936.937767	W	0.018925
01534789568496	79936.956692	S	0.174732
01534792923356	79937.131425	W	0.014566
01534793203032	79937.145991	S	0.190291
01534796856628	79937.336283	W	0.014349
01534797132124	79937.350631	S	0.292678
01534802751548	79937.643310	W	0.014577
01534803031424	79937.657887	S	0.161893
01534806139764	79937.819779	W	0.022978
01534806580932	79937.842757	S	0.107918
01534808652956	79937.950675	W	0.014472
01534808930824	79937.965147	S	0.252630
01534813781328	79938.217778	W	0.018886
01534814143932	79938.236663	S	0.502348
01534823789020	79938.739011	W	0.014871
01534824074552	79938.753883	S	0.077686
01534825566124	79938.831569	W	0.023908
01534826025148	79938.855476	S	0.642285
01534838357024	79939.497762	W	0.018898
01534838719856	79939.516659	S	0.329975
01534845055384	79939.846635	W	0.014767
01534845338912	79939.861402	S	0.916372
01534862933252	79940.777774	W	0.018849
01534863295152	79940.796622	S	0.062142
01534864488284	79940.858765	W	0.023757
01534864944424	79940.882522	S	0.881133
01534881862184	79941.763655	W	0.018779
01534882222736	79941.782434	S	0.088157
01534883915344	79941.870591	W	0.022800
01534884353112	79941.893391	S	0.164359
01534887508800	79942.057750	W	0.018919
01534887872048	79942.076669	S	0.806215
01534903351372	79942.882884	W	0.023506
01534903802692	79942.906390	S	0.368903
01534910885624	79943.275293	W	0.013826
01534911151088	79943.289119	S	0.048958
01534912091080	79943.338077	W	0.018646
01534912449076	79943.356723	S	0.540746
01534922831408	79943.897469	W	0.014982
01534923119064	79943.912451	S	0.284640
01534928584160	79944.197092	W	0.014335
01534928859400	79944.211427	S	0.406314
01534936660636	79944.617741	W	0.018937
01534937024232	79944.636679	S	0.039799
01534937788376	79944.676478	W	0.014772
01534938072004	79944.691250	S	0.094047
01534939877704	79944.785297	W	0.022578
01534940311204	79944.807875	S	0.101419
01534942258452	79944.909294	W	0.014433
01534942535568	79944.923728	S	0.974043
01534961237184	79945.897770	W	0.018698
01534961596192	79945.916468	S	0.743732
01534975875840	79946.660200	W	0.014583
01534976155840	79946.674783	S	0.502957
01534985812608	79947.177740	W	0.018907
01534986175620	79947.196647	S	0.379413
01534993460344	79947.576060	W	0.014500
01534993738736	79947.590559	S	0.219609
01534997955228	79947.810168	W	0.014847
01534998240284	79947.825015	S	0.632694
01535010388000	79948.457708	W	0.021683
01535010804312	79948.479391	S	0.018279
01535011155260	79948.497670	W	0.014208
01535011428060	79948.511878	S	0.428844
01535019661868	79948.940722	W	0.088363
01535021358440	79949.029085	S	0.082793
01535022948072	79949.111879	W	0.084341
01535024567428	79949.196220	S	0.530269
01535034748600	79949.726490	W	0.030177
01535035327996	79949.756666	S	0.174601
01535038680344	79949.931268	W	0.014500
01535038958752	79949.945768	S	0.888246
01535056013068	79950.834014	W	0.015288
01535056306604	79950.849302	S	0.168410
01535059540076	79951.017712	W	0.018950
01535059903924	79951.036663	S	1.046051
01535079988112	79952.082714	W	0.021494
01535080400800	79952.104208	S	0.193505
01535084116088	79952.297713	W	0.018913
01535084479220	79952.316626	S	1.261068
01535108691724	79953.577694	W	0.018970
01535109055956	79953.596664	S	0.127713
01535111508052	79953.724378	W	0.014333
01535111783248	79953.738711	S	0.124456
01535114172800	79953.863167	W	0.014636
01535114453820	79953.877803	S	0.209931
01535118484496	79954.087734	W	0.293551
01535124120676	79954.381285	S	0.014264
01535124394544	79954.395549	W	0.063683
01535125617260	79954.459232	S	0.398492
01535133268300	79954.857724	W	0.018322
01535133620092	79954.876046	S	0.687285
01535146815968	79955.563332	W	0.014379
01535147092052	79955.577711	S	0.559983
01535157843716	79956.137694	W	0.018720
01535158203136	79956.156413	S	0.730484
01535172228428	79956.886897	W	0.014895
01535172514420	79956.901793	S	0.515902
01535182419744	79957.417695	W	0.018906
01535182782736	79957.436601	S	0.994689
01535201880772	79958.431290	W	0.016981
01535202206816	79958.448272	S	0.249411
01535206995512	79958.697683	W	0.018976
01535207359844	79958.716659	S	0.491593
01535216798436	79959.208252	W	0.087272
01535218474056	79959.295524	S	0.056370
01535219556368	79959.351894	W	0.086565
01535221218416	79959.438459	S	0.474028
01535230319756	79959.912487	W	0.014337
01535230595028	79959.926824	S	0.051186
01535231577808	79959.978011	W	0.018561
01535231934188	79959.996572	S	1.261041
01535256146172	79961.257613	W	0.018980
01535256510592	79961.276593	S	0.430695
01535264779928	79961.707288	W	0.014468
01535265057712	79961.721756	S	0.815961
01535280724156	79962.537716	W	0.018902
01535281087068	79962.556618	S	0.072753
01535282483920	79962.629371	W	0.014289
01535282758272	79962.643660	S	0.087646
01535284441068	79962.731306	W	0.014168
01535284713100	79962.745474	S	0.190696
01535288374464	79962.936170	W	0.020777
01535288773388	79962.956947	S	0.696018
01535302136928	79963.652965	W	0.014689
01535302418948	79963.667654	S	0.149998
01535305298908	79963.817651	W	0.021990
01535305721120	79963.839642	S	0.632456
01535317864280	79964.472098	W	0.014551
01535318143660	79964.486649	S	0.190793
01535321806880	79964.677442	W	0.014400
01535322083364	79964.691842	S	0.087472
01535323762828	79964.779314	W	0.014475
01535324040744	79964.793789	S	0.303845
01535329874572	79965.097634	W	0.018958
01535330238572	79965.116592	S	0.072413
01535331628900	79965.189005	W	0.014519
01535331907660	79965.203524	S	0.755361
01535346410592	79965.958885	W	0.015093
01535346700372	79965.973978	S	0.003187
01535346761572	79965.977165	W	0.001097
01535346782640	79965.978262	S	0.399330
01535354449768	79966.377592	W	0.018803
01535354810780	79966.396395	S	1.261201
01535379025836	79967.657596	W	0.018765
01535379386116	79967.676360	S	0.435068
01535387739416	79968.111428	W	6.017252
01535503270656	79974.128680	S	0.893906
01535520433648	79975.022586	W	0.014739
01535520716644	79975.037325	S	0.300302
01535526482444	79975.337627	W	0.018996
01535526847176	79975.356624	S	0.072341
01535528236132	79975.428965	W	0.014388
01535528512384	79975.443353	S	0.088750
01535530216376	79975.532103	W	0.014408
01535530493008	79975.546511	S	0.906649
01535547900664	79976.453160	W	0.014281
01535548174860	79976.467441	S	0.150140
01535551057540	79976.617580	W	0.018426
01535551411324	79976.636006	S	0.840979
01535567558112	79977.476985	W	0.014266
01535567832020	79977.491251	S	0.191010
01535571499408	79977.682261	W	0.014018
01535571768560	79977.696279	S	0.087845
01535573455188	79977.784124	W	0.014203
01535573727880	79977.798327	S	0.099268
01535575633820	79977.897595	W	0.019009
01535575998784	79977.916603	S	0.130981
01535578513616	79978.047584	W	0.014746
01535578796744	79978.062330	S	0.541016
01535589184252	79978.603346	W	0.026167
01535589686652	79978.629513	S	0.548067
01535600209544	79979.177580	W	0.021824
01535600628556	79979.199404	S	0.735119
01535614742844	79979.934523	W	0.014505
01535615021344	79979.949028	S	0.508549
01535624785488	79980.457577	W	0.018804
01535625146528	79980.476382	S	0.072550
01535626539480	79980.548931	W	0.014584
01535626819492	79980.563515	S	0.507715
01535636567620	79981.071230	W	0.015030
01535636856204	79981.086261	S	0.281914
01535642268960	79981.368175	W	0.014223
01535642542048	79981.382398	S	0.355182
01535649361548	79981.737581	W	0.018938
01535649725164	79981.756519	S	1.261009
01535673936544	79983.017528	W	0.019001
01535674301364	79983.036529	S	1.059744
01535694648440	79984.096273	W	0.014919
01535694934892	79984.111192	S	0.186397
01535698513720	79984.297590	W	0.018970
01535698877944	79984.316560	S	1.260956
01535723088300	79985.577516	W	0.018987
01535723452844	79985.596502	S	1.261008
01535747664196	79986.857510	W	0.018967
01535748028356	79986.876477	S	0.242133
01535752677300	79987.118609	W	0.014929
01535752963928	79987.133538	S	1.003992
01535772240568	79988.137530	W	0.018930
01535772604032	79988.156460	S	1.255929
01535796717872	79989.412389	W	0.064889
01535797963744	79989.477278	S	0.031146
01535798561748	79989.508424	W	0.027324
01535799086368	79989.535748	S	0.607205
01535810744704	79990.142953	W	0.015010
01535811032896	79990.157963	S	0.119011
01535813317904	79990.276974	W	0.014516
01535813596604	79990.291490	S	0.405985
01535821391520	79990.697475	W	0.019006
01535821756436	79990.716481	S	1.260953
01535845966732	79991.977434	W	0.018942
01535846330424	79991.996376	S	1.173984
01535868870916	79993.170360	W	0.016794
01535869193364	79993.187154	S	0.070709
01535870550968	79993.257863	W	0.018609
01535870908252	79993.276471	S	0.379688
01535878198268	79993.656160	W	0.014552
01535878477664	79993.670712	S	0.866839
01535895120972	79994.537551	W	0.021974
01535895542868	79994.559524	S	0.223030
01535899825052	79994.782555	W	0.014412
01535900101772	79994.796967	S	0.702445
01535913588724	79995.499413	W	0.017920
01535913932784	79995.517333	S	0.300172
01535919696088	79995.817505	W	0.018930
01535920059540	79995.836434	S	0.277340
01535925384464	79996.113774	W	0.014472
01535925662336	79996.128247	S	0.066939
01535926947568	79996.195186	W	0.014795
01535927231636	79996.209981	S	0.518196
01535937180996	79996.728177	W	0.014503
01535937459452	79996.742680	S	0.292738
01535943080016	79997.035417	W	0.013714
01535943343316	79997.049131	S	0.048697
01535944278296	79997.097828	W	0.018446
01535944632464	79997.116274	S	0.533490
01535954875464	79997.649764	W	0.014492
01535955153716	79997.664256	S	0.713234
01535968847808	79998.377490	W	0.018935
01535969211368	79998.396425	S	0.821959
01535984992976	79999.218384	W	0.014985
01535985280696	79999.233370	S	0.424167
01535993424700	79999.657536	W	0.018907
01535993787716	79999.676444	S	1.261002
01536017998952	80000.937445	W	0.018954
01536018362868	80000.956399	S	1.261049
01536042575000	80002.217448	W	0.018843
01536042936792	80002.236291	S	0.005829
01536043048712	80002.242120	W	0.015052
01536043337708	80002.257172	S	1.240291
01536067151300	80003.497464	W	0.018957
01536067515280	80003.516421	S	1.261001
01536091726492	80004.777421	W	0.018907
01536092089512	80004.796329	S	0.473200
01536101174960	80005.269529	W	0.014796
01536101459044	80005.284325	S	0.770409
01536116250888	80006.054734	W	0.021561
01536116664864	80006.076295	S	1.261158
01536140879104	80007.337453	W	0.018947
01536141242892	80007.356401	S	0.938677
01536159265484	80008.295077	W	0.014293
01536159539916	80008.309371	S	0.308111
01536165455644	80008.617481	W	0.018914
01536165818784	80008.636395	S	1.261020
01536190030376	80009.897415	W	0.021991
01536190452596	80009.919406	S	1.257995
01536214606100	80011.177401	W	0.018968
01536214970280	80011.196369	S	0.122745
01536217326988	80011.319114	W	0.014883
01536217612736	80011.333997	S	0.447011
01536226195340	80011.781007	W	0.017440
01536226530196	80011.798448	S	0.596958
01536237991784	80012.395405	W	0.013884
01536238258356	80012.409289	S	0.042096
01536239066600	80012.451385	W	0.168882
01536242309136	80012.620267	S	0.013778
01536242573676	80012.634046	W	0.096099
01536244418780	80012.730145	S	0.484477
01536253720740	80013.214622	W	0.014464
01536253998456	80013.229086	S	0.508392
01536263759576	80013.737478	W	0.018882
01536264122108	80013.756360	S	0.175519
01536267492064	80013.931878	W	0.015019
01536267780424	80013.946897	S	0.085989
01536269431408	80014.032886	W	0.014848
01536269716492	80014.047734	S	0.063444
01536270934620	80014.111178	W	5.010012
01536367126852	80019.121190	S	1.016194
01536386637768	80020.137384	W	0.018989
01536387002364	80020.156373	S	0.243314
01536391673988	80020.399687	W	0.014942
01536391960876	80020.414629	S	0.684803
01536405109088	80021.099432	W	0.014636
01536405390108	80021.114068	S	0.303339
01536411214220	80021.417407	W	0.018903
01536411577164	80021.436311	S	0.687067
01536424768848	80022.123378	W	0.014774
01536425052508	80022.138151	S	0.558039
01536435766852	80022.696190	W	0.215142
01536439897572	80022.911332	S	0.515027
01536449786100	80023.426359	W	0.014801
01536450070276	80023.441160	S	0.422851
01536458189008	80023.864011	W	0.087464
01536459868312	80023.951475	S	0.025900
01536460365600	80023.977375	W	0.018890
01536460728292	80023.996265	S	0.072498
01536462120244	80024.068763	W	0.085848
01536463768532	80024.154611	S	1.102820
01536484942672	80025.257431	W	0.021892
01536485363000	80025.279323	S	0.940598
01536503422480	80026.219921	W	0.014588
01536503702572	80026.234509	S	0.087308
01536505378888	80026.321817	W	0.014343
01536505654272	80026.336160	S	0.115769
01536507877032	80026.451929	W	0.014267
01536508150952	80026.466195	S	0.071507
01536509523884	80026.537702	W	0.018617
01536509881336	80026.556320	S	0.482641
01536519148052	80027.038961	W	0.014516
01536519426768	80027.053477	S	0.599750
01536530941972	80027.653228	W	0.014530
01536531220948	80027.667758	S	0.149580
01536534092876	80027.817337	W	0.018974
01536534457180	80027.836311	S	0.021503
01536534870028	80027.857814	W	0.014437
01536535147220	80027.872251	S	0.804832
01536550600004	80028.677084	W	0.014433
01536550877112	80028.691516	S	0.292490
01536556492916	80028.984006	W	0.085997
01536558144064	80029.070003	S	0.027353
01536558669244	80029.097356	W	0.019010
01536559034232	80029.116366	S	0.175525
01536562404320	80029.291892	W	0.014433
01536562681428	80029.306324	S	0.087505
01536564361532	80029.393830	W	0.014419
01536564638372	80029.408249	S	0.066473
01536565914644	80029.474721	W	0.014816
01536566199112	80029.489537	S	0.006692
01536566327600	80029.496229	W	0.014437
01536566604784	80029.510666	S	0.866726
01536583245932	80030.377392	W	0.018948
01536583609732	80030.396340	S	1.260972
01536607820388	80031.657312	W	0.018965
01536608184520	80031.676277	S	0.820970
01536623947152	80032.497247	W	0.014950
01536624234192	80032.512197	S	0.425148
01536632397036	80032.937346	W	0.018860
01536632759156	80032.956206	S	1.261079
01536656971864	80034.217285	W	0.019050
01536657337632	80034.236335	S	1.260954
01536681547940	80035.497289	W	0.053491
01536682574960	80035.550779	S	1.216521
01536705932160	80036.767300	W	0.038219
01536706665968	80036.805519	S	1.251798
01536730700496	80038.057318	W	0.018858
01536731062572	80038.076176	S	0.124029
01536733443920	80038.200204	W	0.014878
01536733729580	80038.215082	S	0.330814
01536740081200	80038.545896	W	0.023486
01536740532136	80038.569382	S	0.767972
01536755277204	80039.337354	W	0.018707
01536755636376	80039.356061	S	1.261196
01536779851348	80040.617258	W	0.018995
01536780216048	80040.636253	S	0.937074
01536798207860	80041.573326	W	0.023216
01536798653604	80041.596542	S	0.300765
01536804428292	80041.897307	W	0.018945
01536804792036	80041.916252	S	0.790082
01536819961608	80042.706334	W	0.014609
01536820242104	80042.720943	S	0.087333
01536821918904	80042.808276	W	0.014303
01536822193520	80042.822579	S	0.354710
01536829003956	80043.177289	W	0.018922
01536829367268	80043.196212	S	0.534140
01536839622752	80043.730352	W	0.014662
01536839904256	80043.745013	S	0.087249
01536841579432	80043.832262	W	0.014540
01536841858604	80043.846802	S	0.610476
01536853579744	80044.457278	W	0.018954
01536853943660	80044.476232	S	0.073174
01536855348600	80044.549406	W	0.014336
01536855623848	80044.563742	S	0.042003
01536856430304	80044.605745	W	0.014773
01536856713948	80044.620518	S	0.645771
01536869112756	80045.266289	W	0.014585
01536869392796	80045.280875	S	0.087817
01536871078880	80045.368692	W	0.017729
01536871419284	80045.386421	S	0.290656
01536876999876	80045.677077	W	0.013618
01536877261344	80045.690695	S	0.046922
01536878162248	80045.737617	W	0.018579
01536878518968	80045.756196	S	0.126776
01536880953076	80045.882973	W	0.017579
01536881290600	80045.900552	S	0.185091
01536884844348	80046.085643	W	0.014568
01536885124044	80046.100211	S	0.087465
01536886803376	80046.187676	W	0.014358
01536887079052	80046.202034	S	0.815250
01536902731856	80047.017284	W	0.018709
01536903091072	80047.035993	S	0.595939
01536914533108	80047.631933	W	0.014829
01536914817824	80047.646762	S	0.650512
01536927307660	80048.297274	W	0.018885
01536927670252	80048.316159	S	1.261080
01536951882996	80049.577239	W	0.018754
01536952243080	80049.595994	S	1.063200
01536972656520	80050.659194	W	0.029696
01536973226676	80050.688889	S	0.168376
01536976459488	80050.857265	W	0.018894
01536976822244	80050.876159	S	0.226469
01536981170448	80051.102628	W	0.017661
01536981509544	80051.120289	S	0.903982
01536998866000	80052.024271	W	0.014493
01536999144272	80052.038764	S	0.087908
01537000832104	80052.126672	W	0.032503
01537001456164	80052.159175	S	1.258102
01537025611732	80053.417278	W	0.018873
01537025974092	80053.436151	S	0.247779
01537030731456	80053.683930	W	0.014871
01537031016976	80053.698801	S	0.373485
01537038187884	80054.072286	W	0.014626
01537038468700	80054.086911	S	0.087783
01537040154128	80054.174694	W	0.014446
01537040431492	80054.189140	S	0.508145
01537050187884	80054.697286	W	0.018860
01537050550004	80054.716146	S	0.382011
01537057884612	80055.098157	W	0.014670
01537058166280	80055.112827	S	0.292623
01537063784644	80055.405450	W	0.014339
01537064059948	80055.419789	S	0.557448
01537074762952	80055.977237	W	0.018750
01537075122956	80055.995987	S	0.711276
01537088779448	80056.707263	W	0.024040
01537089241024	80056.731303	S	0.525932
01537099338924	80057.257236	W	0.018869
01537099701208	80057.276105	S	0.585149
01537110936060	80057.861253	W	0.014554
01537111215500	80057.875807	S	0.292497
01537116831436	80058.168304	W	0.014192
01537117103928	80058.182496	S	0.293011
01537122729748	80058.475508	W	0.013688
01537122992564	80058.489196	S	0.048365
01537123921172	80058.537561	W	0.018565
01537124277612	80058.556126	S	0.124312
01537126664404	80058.680438	W	0.015241
01537126957032	80058.695679	S	0.348997
01537133657780	80059.044676	W	3.075349
01537192704480	80062.120025	S	0.257145
01537197641656	80062.377170	W	0.018923
01537198004972	80062.396092	S	0.072948
01537199405572	80062.469040	W	0.014312
01537199680368	80062.483352	S	0.190553
01537203338980	80062.673905	W	0.014306
01537203613652	80062.688211	S	0.071659
01537204989512	80062.759870	W	0.023221
01537205435360	80062.783092	S	0.874153
01537222219096	80063.657245	W	0.037155
01537222932480	80063.694400	S	1.242755
01537246793380	80064.937155	W	0.018972
01537247157644	80064.956127	S	0.828512
01537263065072	80065.784639	W	0.023427
01537263514872	80065.808066	S	0.409121
01537271370000	80066.217188	W	0.018983
01537271734480	80066.236171	S	1.258270
01537295893264	80067.494441	W	0.024494
01537296363548	80067.518935	S	1.258196
01537320520916	80068.777131	W	0.018786
01537320881608	80068.795917	S	0.019101
01537321248344	80068.815018	W	0.020648
01537321644788	80068.835666	S	1.221545
01537345098452	80070.057211	W	0.018875
01537345460848	80070.076086	S	0.075125
01537346903248	80070.151211	W	0.017353
01537347236432	80070.168564	S	1.168624
01537369674004	80071.337188	W	0.018901
01537370036896	80071.356088	S	0.484920
01537379347368	80071.841009	W	0.014799
01537379631508	80071.855808	S	0.761354
01537394249512	80072.617162	W	0.018761
01537394609724	80072.635923	S	0.175547
01537397980232	80072.811470	W	0.014603
01537398260604	80072.826073	S	0.702261
01537411744024	80073.528335	W	0.014470
01537412021848	80073.542805	S	0.190285
01537415675312	80073.733089	W	0.014407
01537415951928	80073.747496	S	0.088752
01537417655976	80073.836249	W	0.013737
01537417919736	80073.849986	S	0.047494
01537418831612	80073.897480	W	0.018558
01537419187932	80073.916038	S	0.054866
01537420241352	80073.970904	W	0.089033
01537421950784	80074.059937	S	0.082541
01537423535564	80074.142477	W	0.084907
01537425165776	80074.227384	S	0.017744
01537425506464	80074.245128	W	0.014442
01537425783744	80074.259570	S	0.604026
01537437381040	80074.863596	W	0.022461
01537437812296	80074.886057	S	0.291100
01537443401424	80075.177158	W	0.018911
01537443764524	80075.196069	S	0.072765
01537445161604	80075.268834	W	0.085650
01537446806084	80075.354484	S	0.119500
01537449100480	80075.473983	W	0.014456
01537449378040	80075.488440	S	0.968701
01537467977092	80076.457140	W	0.018134
01537468325268	80076.475274	S	0.125009
01537470725444	80076.600284	W	0.014290
01537470999816	80076.614574	S	0.292931
01537476624084	80076.907504	W	0.014311
01537476898848	80076.921815	S	0.292923
01537482522964	80077.214738	W	0.014482
01537482801020	80077.229220	S	0.507936
01537492553400	80077.737156	W	0.018634
01537492911172	80077.755790	S	0.129650
01537495400460	80077.885441	W	0.014627
01537495681300	80077.900068	S	0.031460
01537496285336	80077.931528	W	0.014157
01537496557156	80077.945685	S	1.068518
01537517072704	80079.014203	W	0.235226
01537521589040	80079.249429	S	0.015045
01537521877900	80079.264474	W	0.063626
01537523099524	80079.328100	S	0.036769
01537523805480	80079.364869	W	0.084139
01537525420952	80079.449008	S	0.041836
01537526224200	80079.490844	W	0.118960
01537528508224	80079.609803	S	0.014426
01537528785208	80079.624230	W	0.107123
01537530841968	80079.731353	S	0.014249
01537531115544	80079.745601	W	0.063652
01537532337656	80079.809253	S	0.067635
01537533636244	80079.876888	W	0.159199
01537536692856	80080.036086	S	0.013957
01537536960840	80080.050044	W	0.177298
01537540364968	80080.227342	S	0.014074
01537540635180	80080.241416	W	0.192022
01537544322004	80080.433438	S	0.014099
01537544592708	80080.447537	W	0.063437
01537545810700	80080.510974	S	0.082721
01537547398940	80080.593695	W	0.125607
01537549810596	80080.719302	S	0.014126
01537550081816	80080.733428	W	0.084727
01537551708576	80080.818155	S	0.091558
01537553466488	80080.909713	W	0.014794
01537553750532	80080.924507	S	0.003425
01537553816284	80080.927931	W	0.014596
01537554096528	80080.942527	S	0.060753
01537555262976	80081.003280	W	0.531632
01537565470304	80081.534912	S	0.012101
01537565702648	80081.547013	W	0.090248
01537567435412	80081.637261	S	0.013138
01537567687660	80081.650399	W	0.344341
01537574299008	80081.994740	S	0.014242
01537574572464	80082.008983	W	0.090247
01537576305204	80082.099229	S	0.004134
01537576384576	80082.103363	W	0.087119
01537578057252	80082.190482	S	0.014422
01537578334148	80082.204904	W	0.162129
01537581447024	80082.367032	S	0.014276
01537581721124	80082.381309	W	0.075201
01537583164980	80082.456509	S	0.082776
01537584754288	80082.539286	W	0.136632
01537587377620	80082.675918	S	0.014119
01537587648708	80082.690037	W	0.138034
01537590298964	80082.828071	S	0.014307
01537590573652	80082.842378	W	0.060205
01537591729584	80082.902582	S	0.046318
01537592618892	80082.948901	W	0.127553
01537595067900	80083.076453	S	0.014261
01537595341716	80083.090714	W	0.244103
01537600028484	80083.334817	S	0.023672
01537600482988	80083.358489	W	0.135240
01537603079596	80083.493729	S	0.014118
01537603350656	80083.507847	W	0.107394
01537605412616	80083.615240	S	0.014091
01537605683164	80083.629331	W	0.063340
01537606899300	80083.692672	S	0.240486
01537611516640	80083.933158	W	0.014862
01537611801996	80083.948021	S	0.015662
01537612102708	80083.963683	W	0.014760
01537612386092	80083.978442	S	0.158660
01537615432360	80084.137102	W	0.018870
01537615794668	80084.155972	S	0.124078
01537618176960	80084.280050	W	0.085663
01537619821680	80084.365713	S	0.014440
01537620098928	80084.380153	W	0.063324
01537621314748	80084.443476	S	0.532541
01537631539532	80084.976017	W	0.014850
01537631824660	80084.990868	S	0.416033
01537639812488	80085.406900	W	0.032072
01537640428280	80085.438973	S	0.078460
01537641934720	80085.517433	W	0.014357
01537642210368	80085.531790	S	0.079847
01537643743428	80085.611637	W	0.017637
01537644082060	80085.629274	S	0.291813
01537649684872	80085.921087	W	0.017158
01537650014300	80085.938245	S	0.050009
01537650974472	80085.988254	W	0.022936
01537651414848	80086.011190	S	0.009936
01537651605616	80086.021126	W	0.014320
01537651880568	80086.035446	S	0.088212
01537653574248	80086.123659	W	0.014229
01537653847440	80086.137887	S	0.092703
01537655627332	80086.230590	W	0.014409
01537655903988	80086.244999	S	0.452115
01537664584604	80086.697115	W	0.018843
01537664946384	80086.715957	S	0.239929
01537669553024	80086.955887	W	0.014871
01537669838552	80086.970758	S	0.028029
01537670376704	80086.998787	W	0.023766
01537670833020	80087.022553	S	0.227559
01537675202144	80087.250112	W	0.014358
01537675477824	80087.264470	S	0.712621
01537689160144	80087.977091	W	0.018804
01537689521172	80087.995894	S	0.015914
01537689826716	80088.011808	W	0.025945
01537690324868	80088.037754	S	0.989868
01537709330336	80089.027622	W	0.023210
01537709775972	80089.050832	S	0.206294
01537713736812	80089.257126	W	0.018866
01537714099040	80089.275992	S	0.022095
01537714523268	80089.298087	W	0.014382
01537714799408	80089.312469	S	0.497986
01537724360736	80089.810455	W	0.014456
01537724638292	80089.824911	S	0.087428
01537726316912	80089.912339	W	0.014263
01537726590768	80089.926602	S	0.056571
01537727676932	80089.983174	W	0.014671
01537727958608	80089.997844	S	0.042998
01537728784160	80090.040842	W	0.014990
01537729071972	80090.055832	S	0.368504
01537736147248	80090.424336	W	0.014402
01537736423772	80090.438738	S	0.098352
01537738312128	80090.537090	W	0.018774
01537738672592	80090.555864	S	0.278013
01537744010448	80090.833878	W	0.024737
01537744485408	80090.858615	S	0.193568
01537748201916	80091.052183	W	0.014776
01537748485616	80091.066959	S	0.381384
01537755808192	80091.448343	W	0.022606
01537756242228	80091.470949	S	0.346134
01537762888008	80091.817084	W	0.018909
01537763251068	80091.835993	S	0.021917
01537763671872	80091.857910	W	0.014391
01537763948184	80091.872301	S	0.189955
01537767595312	80092.062256	W	0.021426
01537768006700	80092.083682	S	0.593472
01537779401368	80092.677155	W	0.014321
01537779676324	80092.691475	S	0.190465
01537783333260	80092.881941	W	0.014415
01537783610032	80092.896356	S	0.110410
01537785729900	80093.006766	W	0.014299
01537786004432	80093.021064	S	0.050927
01537786982236	80093.071991	W	0.043942
01537787825916	80093.115933	S	0.380378
01537795129172	80093.496311	W	0.014582
01537795409144	80093.510893	S	0.574066
01537806431220	80094.084959	W	0.014933
01537806717932	80094.099892	S	0.277172
01537812039636	80094.377064	W	0.018881
01537812402152	80094.395945	S	0.699673
01537825835868	80095.095618	W	0.022923
01537826275996	80095.118541	S	0.323461
01537832486444	80095.442002	W	0.014476
01537832764380	80095.456478	S	0.200562
01537836615176	80095.657040	W	0.018866
01537836977412	80095.675907	S	0.355778
01537843808340	80096.031684	W	0.023945
01537844268088	80096.055630	S	0.051832
01537845263264	80096.107462	W	0.014787
01537845547168	80096.122248	S	0.814791
01537861191164	80096.937040	W	0.018909
01537861554224	80096.955949	S	0.164014
01537864703284	80097.119963	W	0.014948
01537864990292	80097.134911	S	0.996179
01537884116920	80098.131090	W	0.029317
01537884679808	80098.160407	S	0.056968
01537885773588	80098.217374	W	0.021598
01537886188268	80098.238972	S	0.828857
01537902102320	80099.067829	W	0.014768
01537902385860	80099.082597	S	0.062176
01537903579632	80099.144773	W	0.014942
01537903866512	80099.159714	S	0.337349
01537910343608	80099.497063	W	0.018633
01537910701360	80099.515696	S	0.126244
01537913125240	80099.641940	W	0.014479
01537913403240	80099.656419	S	0.005094
01537913501036	80099.661512	W	0.001097
01537913522096	80099.662609	S	0.490560
01537922940844	80100.153169	W	0.014643
01537923221996	80100.167812	S	0.609230
01537934919212	80100.777042	W	0.018703
01537935278300	80100.795745	S	0.278151
01537940618808	80101.073896	W	0.014443
01537940896120	80101.088340	S	0.073828
01537942313620	80101.162168	W	0.014667
01537942595220	80101.176834	S	0.880205
01537959495164	80102.057040	W	0.018922
01537959858460	80102.075961	S	0.018661
01537960216756	80102.094623	W	8.033260
01538114455348	80110.127883	S	0.889097
01538131526008	80111.016980	W	0.018948
01538131889812	80111.035928	S	0.113568
01538134070312	80111.149495	W	0.014921
01538134356788	80111.164416	S	1.132540
01538156101560	80112.296956	W	0.018765
01538156461856	80112.315722	S	1.261216
01538180677204	80113.576938	W	0.021976
01538181099148	80113.598914	S	0.580016
01538192235448	80114.178930	W	0.013936
01538192503012	80114.192865	S	0.225260
01538196828000	80114.418125	W	0.038293
01538197563232	80114.456418	S	0.019248
01538197932796	80114.475666	W	0.068626
01538199250408	80114.544292	S	0.312666
01538205253604	80114.856959	W	0.018120
01538205601504	80114.875078	S	0.637458
01538217840696	80115.512536	W	0.013701
01538218103752	80115.526237	S	0.610728
01538229829736	80116.136965	W	0.018482
01538230184584	80116.155447	S	0.280129
01538235563056	80116.435576	W	0.014514
01538235841720	80116.450090	S	0.759755
01538250429024	80117.209845	W	0.023088
01538250872308	80117.232933	S	0.184050
01538254406060	80117.416982	W	0.018895
01538254768848	80117.435878	S	1.261019
01538278980412	80118.696896	W	0.018794
01538279341260	80118.715691	S	0.690666
01538292602056	80119.406357	W	0.017532
01538292938664	80119.423889	S	0.492565
01538302395904	80119.916453	W	0.016572
01538302714084	80119.933025	S	0.044250
01538303563680	80119.977275	W	0.018604
01538303920880	80119.995879	S	0.227796
01538308294556	80120.223675	W	0.029248
01538308856112	80120.252923	S	0.072280
01538310243896	80120.325203	W	0.014411
01538310520592	80120.339614	S	0.804765
01538325972084	80121.144379	W	0.014764
01538326255552	80121.159143	S	0.097781
01538328132956	80121.256925	W	0.018869
01538328495236	80121.275794	S	1.097341
01538349564188	80122.373135	W	0.014423
01538349841112	80122.387558	S	0.149433
01538352710232	80122.536991	W	0.018909
01538353073288	80122.555900	S	0.534054
01538363327116	80123.089954	W	0.014597
01538363607380	80123.104551	S	0.156923
01538366620308	80123.261474	W	0.014986
01538366908036	80123.276460	S	0.018322
01538367259828	80123.294783	W	0.014201
01538367532484	80123.308984	S	0.507937
01538377284868	80123.816920	W	0.018920
01538377648124	80123.835840	S	0.175706
01538381021672	80124.011545	W	0.014176
01538381293844	80124.025721	S	0.812579
01538396895360	80124.838300	W	0.007352
01538397036528	80124.845652	S	0.093171
01538398825408	80124.938823	W	0.000229
01538398829804	80124.939052	S	0.099858
01538400747072	80125.038910	W	0.000460
01538400755896	80125.039370	S	0.057504
01538401859976	80125.096874	W	0.018705
01538402219120	80125.115579	S	1.173106
01538424742748	80126.288685	W	0.022357
01538425172000	80126.311042	S	0.066200
01538426443048	80126.377242	W	0.018440
01538426797092	80126.395682	S	0.443257
01538435307620	80126.838939	W	0.001219
01538435331028	80126.840158	S	0.002972
01538435388100	80126.843130	W	0.004601
01538435476440	80126.847731	S	0.000394
01538435484000	80126.848125	W	0.000493
01538435493460	80126.848618	S	0.008157
01538435650084	80126.856775	W	0.003630
01538435719772	80126.860405	S	0.000334
01538435726184	80126.860739	W	0.000463
01538435735076	80126.861202	S	0.032165
01538436352640	80126.893367	W	0.000549
01538436363184	80126.893916	S	0.000296
01538436368876	80126.894212	W	0.000464
01538436377780	80126.894676	S	0.000274
01538436383032	80126.894950	W	0.003476
01538436449768	80126.898425	S	0.000321
01538436455936	80126.898747	W	0.000088
01538436457632	80126.898835	S	0.001775
01538436491708	80126.900610	W	0.000306
01538436497592	80126.900916	S	0.000274
01538436502860	80126.901191	W	0.000057
01538436503956	80126.901248	S	0.000270
01538436509132	80126.901517	W	0.002200
01538436551372	80126.903717	S	0.000299
01538436557116	80126.904016	W	0.000066
01538436558376	80126.904082	S	0.001619
01538436589456	80126.905701	W	0.000324
01538436595668	80126.906024	S	0.000274
01538436600924	80126.906298	W	0.002203
01538436643216	80126.908501	S	0.000291
01538436648800	80126.908792	W	0.000090
01538436650532	80126.908882	S	0.000996
01538436669648	80126.909878	W	0.000317
01538436675732	80126.910194	S	0.000272
01538436680952	80126.910466	W	0.002224
01538436723652	80126.912690	S	0.000289
01538436729200	80126.912979	W	0.000054
01538436730232	80126.913033	S	0.001221
01538436753668	80126.914254	W	0.000314
01538436759700	80126.914568	S	0.000272
01538436764916	80126.914839	W	0.002196
01538436807084	80126.917036	S	0.000290
01538436812660	80126.917326	W	0.000103
01538436814640	80126.917429	S	0.001118
01538436836096	80126.918547	W	0.000314
01538436842120	80126.918860	S	0.000271
01538436847328	80126.919132	W	0.002168
01538436888944	80126.921299	S	0.000288
01538436894476	80126.921587	W	0.000061
01538436895656	80126.921649	S	0.000988
01538436914616	80126.922636	W	0.000326
01538436920880	80126.922963	S	0.000350
01538436927600	80126.923313	W	0.002259
01538436970980	80126.925572	S	0.000319
01538436977112	80126.925891	W	0.000061
01538436978288	80126.925952	S	0.000850
01538436994600	80126.926802	W	0.000305
01538437000464	80126.927107	S	0.000299
01538437006200	80126.927406	W	0.002203
01538437048488	80126.929609	S	0.000287
01538437054004	80126.929896	W	0.000061
01538437055184	80126.929958	S	0.000995
01538437074288	80126.930952	W	0.000312
01538437080276	80126.931264	S	0.000275
01538437085560	80126.931540	W	0.008129
01538437241640	80126.939669	S	0.005447
01538437346216	80126.945115	W	0.001272
01538437370632	80126.946387	S	0.000328
01538437376932	80126.946715	W	0.000061
01538437378108	80126.946776	S	0.000294
01538437383756	80126.947071	W	0.000523
01538437393792	80126.947593	S	0.002385
01538437439584	80126.949978	W	0.000323
01538437445792	80126.950302	S	0.000336
01538437452240	80126.950638	W	0.002110
01538437492760	80126.952748	S	0.000294
01538437498408	80126.953042	W	0.000087
01538437500088	80126.953130	S	0.000271
01538437505292	80126.953401	W	0.000057
01538437506384	80126.953457	S	0.001876
01538437542404	80126.955334	W	0.000354
01538437549192	80126.955687	S	0.000273
01538437554440	80126.955960	W	0.002278
01538437598184	80126.958239	S	0.000293
01538437603812	80126.958532	W	0.000060
01538437604972	80126.958592	S	0.000926
01538437622756	80126.959519	W	0.000314
01538437628776	80126.959832	S	0.000271
01538437633976	80126.960103	W	0.002148
01538437675212	80126.962251	S	0.000291
01538437680808	80126.962542	W	0.000081
01538437682372	80126.962624	S	0.001138
01538437704216	80126.963761	W	0.000318
01538437710324	80126.964079	S	0.000338
01538437716820	80126.964418	W	0.001846
01538437752268	80126.966264	S	0.000290
01538437757836	80126.966554	W	0.000061
01538437759008	80126.966615	S	0.000687
01538437772204	80126.967302	W	0.000484
01538437781504	80126.967787	S	0.000776
01538437796404	80126.968563	W	0.000309
01538437802344	80126.968872	S	0.000273
01538437807576	80126.969145	W	0.000057
01538437808668	80126.969201	S	0.000490
01538437818068	80126.969691	W	0.002194
01538437860188	80126.971885	S	0.000292
01538437865788	80126.972176	W	0.000088
01538437867472	80126.972264	S	0.000271
01538437872684	80126.972536	W	0.000066
01538437873948	80126.972601	S	0.001427
01538437901348	80126.974029	W	0.000329
01538437907672	80126.974358	S	0.000273
01538437912912	80126.974631	W	0.002157
01538437954328	80126.976788	S	0.000291
01538437959920	80126.977079	W	0.000062
01538437961112	80126.977141	S	0.000269
01538437966276	80126.977410	W	0.000056
01538437967344	80126.977466	S	0.000988
01538437986316	80126.978454	W	0.000331
01538437992664	80126.978785	S	0.000273
01538437997900	80126.979057	W	0.002224
01538438040604	80126.981281	S	0.000295
01538438046272	80126.981577	W	0.000062
01538438047464	80126.981639	S	0.000270
01538438052640	80126.981908	W	0.000059
01538438053768	80126.981967	S	0.000817
01538438069452	80126.982784	W	0.000320
01538438075588	80126.983104	S	0.000339
01538438082088	80126.983442	W	0.002162
01538438123600	80126.985604	S	0.000289
01538438129140	80126.985893	W	0.000077
01538438130616	80126.985970	S	0.001719
01538438163624	80126.987689	W	0.000310
01538438169568	80126.987998	S	0.000273
01538438174816	80126.988272	W	0.002166
01538438216396	80126.990437	S	0.000287
01538438221904	80126.990724	W	0.000062
01538438223100	80126.990786	S	0.001088
01538438243992	80126.991875	W	0.000321
01538438250164	80126.992196	S	0.000273
01538438255400	80126.992469	W	0.002235
01538438298308	80126.994704	S	0.000321
01538438304476	80126.995025	W	0.000064
01538438305704	80126.995089	S	0.001340
01538438331424	80126.996428	W	0.000435
01538438339768	80126.996863	S	0.000302
01538438345560	80126.997165	W	0.003358
01538438410032	80127.000523	S	0.001569
01538438440152	80127.002091	W	0.000315
01538438446200	80127.002406	S	0.000296
01538438451892	80127.002703	W	0.000397
01538438459508	80127.003099	S	0.000295
01538438465176	80127.003395	W	0.001290
01538438489948	80127.004685	S	0.000303
01538438495760	80127.004987	W	0.000440
01538438504200	80127.005427	S	0.034094
01538439158808	80127.039521	W	0.000401
01538439166504	80127.039922	S	0.060271
01538440323700	80127.100193	W	0.002565
01538440372948	80127.102758	S	0.100235
01538442297468	80127.202993	W	0.001941
01538442334736	80127.204934	S	0.451984
01538451012820	80127.656918	W	0.018391
01538451365932	80127.675309	S	1.259264
01538475543796	80128.934573	W	0.023788
01538476000528	80128.958361	S	0.357985
01538482873844	80129.316346	W	0.015087
01538483163508	80129.331433	S	0.885500
01538500165116	80130.216933	W	0.018571
01538500521684	80130.235504	S	1.254486
01538524607820	80131.489991	W	0.025664
01538525100576	80131.515655	S	0.814665
01538540742144	80132.330320	W	0.014777
01538541025864	80132.345097	S	0.431783
01538549316088	80132.776880	W	0.018480
01538549670912	80132.795360	S	1.261545
01538573892584	80134.056905	W	0.018659
01538574250836	80134.075564	S	1.097591
01538595324584	80135.173155	W	0.014604
01538595604976	80135.187759	S	0.149148
01538598468612	80135.336907	W	0.027160
01538598990080	80135.364067	S	0.116340
01538601223808	80135.480407	W	0.014199
01538601496432	80135.494606	S	0.708588
01538615101324	80136.203194	W	0.014335
01538615376564	80136.217529	S	0.082064
01538616952200	80136.299594	W	0.018961
01538617316248	80136.318555	S	0.298320
01538623043992	80136.616875	W	0.018871
01538623406316	80136.635746	S	0.388771
01538630870728	80137.024517	W	0.001633
01538630902072	80137.026150	S	0.002159
01538630943516	80137.028308	W	0.001476
01538630971848	80137.029784	S	0.010802
01538631179240	80137.040585	W	0.001467
01538631207400	80137.042052	S	0.001964
01538631245104	80137.044016	W	0.000991
01538631264128	80137.045007	S	0.004358
01538631347800	80137.049365	W	0.003184
01538631408928	80137.052548	S	0.002114
01538631449516	80137.054662	W	0.001115
01538631470920	80137.055777	S	0.002456
01538631518068	80137.058233	W	0.001283
01538631542708	80137.059516	S	0.001927
01538631579716	80137.061444	W	0.001058
01538631600020	80137.062501	S	0.001916
01538631636800	80137.064417	W	0.003191
01538631698076	80137.067608	S	0.002089
01538631738192	80137.069698	W	0.002382
01538631783932	80137.072080	S	0.002042
01538631823132	80137.074121	W	0.002275
01538631866812	80137.076396	S	0.002116
01538631907440	80137.078512	W	0.001936
01538631944608	80137.080448	S	0.001982
01538631982656	80137.082430	W	0.002625
01538632033064	80137.085055	S	0.002080
01538632073004	80137.087136	W	0.001217
01538632096376	80137.088353	S	0.002014
01538632135036	80137.090366	W	0.002910
01538632190904	80137.093276	S	0.002075
01538632230752	80137.095352	W	0.001247
01538632254692	80137.096599	S	0.001907
01538632291316	80137.098506	W	0.002408
01538632337544	80137.100914	S	0.002210
01538632379972	80137.103124	W	0.002974
01538632437064	80137.106097	S	0.002067
01538632476760	80137.108165	W	0.002868
01538632531828	80137.111033	S	0.002070
01538632571580	80137.113103	W	0.002747
01538632624332	80137.115851	S	0.002026
01538632663224	80137.117876	W	0.002716
01538632715368	80137.120592	S	0.082296
01538634295460	80137.202889	W	0.001522
01538634324680	80137.204410	S	0.002037
01538634363792	80137.206447	W	0.005988
01538634478756	80137.212435	S	0.002153
01538634520100	80137.214589	W	0.001091
01538634541052	80137.215680	S	0.001912
01538634577772	80137.217592	W	0.002340
01538634622692	80137.219932	S	0.002141
01538634663796	80137.222073	W	0.001275
01538634688276	80137.223348	S	0.003046
01538634746756	80137.226394	W	0.001249
01538634770728	80137.227642	S	0.001939
01538634807964	80137.229581	W	0.001453
01538634835868	80137.231035	S	0.002051
01538634875248	80137.233086	W	0.001239
01538634899040	80137.234325	S	0.001942
01538634936332	80137.236267	W	0.001667
01538634968340	80137.237934	S	0.002075
01538635008184	80137.240010	W	0.002164
01538635049724	80137.242173	S	0.002093
01538635089916	80137.244266	W	0.001110
01538635111224	80137.245376	S	0.001910
01538635147904	80137.247287	W	0.000909
01538635165360	80137.248196	S	0.001918
01538635202180	80137.250114	W	0.002207
01538635244564	80137.252321	S	0.002084
01538635284572	80137.254405	W	0.001134
01538635306336	80137.255538	S	0.003286
01538635369432	80137.258825	W	0.002875
01538635424636	80137.261700	S	0.002096
01538635464872	80137.263795	W	0.003215
01538635526600	80137.267010	S	0.002062
01538635566192	80137.269072	W	0.002760
01538635619176	80137.271832	S	0.002045
01538635658432	80137.273877	W	0.002838
01538635712924	80137.276715	S	0.002048
01538635752248	80137.278763	W	0.002861
01538635807184	80137.281624	S	0.002059
01538635846720	80137.283683	W	0.002810
01538635900680	80137.286494	S	0.002033
01538635939716	80137.288527	W	0.002771
01538635992920	80137.291298	S	0.002047
01538636032220	80137.293345	W	0.003150
01538636092692	80137.296494	S	0.002062
01538636132280	80137.298556	W	0.003127
01538636192312	80137.301683	S	0.002062
01538636231908	80137.303745	W	0.001032
01538636251732	80137.304778	S	0.001944
01538636289052	80137.306721	W	0.003105
01538636348660	80137.309826	S	0.002059
01538636388192	80137.311885	W	0.003305
01538636451640	80137.315190	S	0.002047
01538636490952	80137.317237	W	0.003018
01538636548900	80137.320255	S	0.002039
01538636588048	80137.322294	W	0.000937
01538636606036	80137.323231	S	0.001914
01538636642784	80137.325145	W	0.002244
01538636685860	80137.327389	S	0.002049
01538636725208	80137.329438	W	0.001172
01538636747704	80137.330610	S	0.001920
01538636784568	80137.332530	W	0.001346
01538636810416	80137.333876	S	0.002022
01538636849236	80137.335898	W	0.001093
01538636870224	80137.336991	S	0.001919
01538636907068	80137.338910	W	0.002336
01538636951920	80137.341246	S	0.002040
01538636991080	80137.343285	W	0.000971
01538637009720	80137.344256	S	0.001939
01538637046944	80137.346195	W	0.002824
01538637101160	80137.349019	S	0.002046
01538637140452	80137.351065	W	0.001355
01538637166464	80137.352420	S	0.001909
01538637203116	80137.354329	W	0.001375
01538637229520	80137.355704	S	0.002027
01538637268440	80137.357731	W	0.001043
01538637288472	80137.358775	S	0.001938
01538637325680	80137.360712	W	0.002197
01538637367868	80137.362910	S	0.002041
01538637407064	80137.364951	W	0.000922
01538637424772	80137.365874	S	0.001914
01538637461516	80137.367787	W	0.001850
01538637497036	80137.369637	S	0.002031
01538637536024	80137.371668	W	0.001338
01538637561716	80137.373006	S	0.001937
01538637598916	80137.374944	W	0.001798
01538637633428	80137.376741	S	0.002512
01538637681664	80137.379253	W	0.002530
01538637730232	80137.381783	S	0.002041
01538637769416	80137.383824	W	0.003110
01538637829124	80137.386934	S	0.002039
01538637868276	80137.388973	W	0.002849
01538637922968	80137.391821	S	0.002049
01538637962312	80137.393870	W	0.002894
01538638017880	80137.396765	S	0.002065
01538638057532	80137.398830	W	0.003002
01538638115180	80137.401832	S	0.002043
01538638154400	80137.403875	W	0.001503
01538638183256	80137.405378	S	0.001944
01538638220588	80137.407322	W	0.001347
01538638246452	80137.408669	S	0.002022
01538638285284	80137.410692	W	0.001423
01538638312600	80137.412115	S	0.001939
01538638349828	80137.414054	W	0.001781
01538638384020	80137.415834	S	0.002174
01538638425760	80137.418008	W	0.003163
01538638486484	80137.421171	S	0.002145
01538638527672	80137.423316	W	0.001022
01538638547292	80137.424338	S	0.001876
01538638583304	80137.426214	W	0.001032
01538638603128	80137.427246	S	0.001929
01538638640168	80137.429175	W	0.001410
01538638667232	80137.430585	S	0.002017
01538638705952	80137.432602	W	0.003146
01538638766356	80137.435748	S	0.002031
01538638805356	80137.437779	W	0.001055
01538638825608	80137.438834	S	0.002015
01538638864304	80137.440849	W	0.002448
01538638911300	80137.443297	S	0.002052
01538638950696	80137.445349	W	0.002868
01538639005756	80137.448216	S	0.002054
01538639045184	80137.450270	W	0.001020
01538639064760	80137.451290	S	0.002019
01538639103520	80137.453308	W	0.002729
01538639155924	80137.456038	S	0.002070
01538639195668	80137.458108	W	0.003039
01538639254008	80137.461146	S	0.002071
01538639293780	80137.463218	W	0.003104
01538639353368	80137.466321	S	0.002058
01538639392884	80137.468379	W	0.001419
01538639420124	80137.469798	S	0.001926
01538639457104	80137.471724	W	0.001134
01538639478876	80137.472858	S	0.001988
01538639517036	80137.474846	W	0.000958
01538639535432	80137.475804	S	0.001935
01538639572592	80137.477739	W	0.002370
01538639618088	80137.480109	S	0.002051
01538639657464	80137.482160	W	0.001089
01538639678380	80137.483249	S	0.001928
01538639715404	80137.485177	W	0.002451
01538639762464	80137.487628	S	0.002131
01538639803372	80137.489759	W	0.001089
01538639824280	80137.490848	S	0.001964
01538639861980	80137.492811	W	0.003133
01538639922136	80137.495945	S	0.002070
01538639961872	80137.498014	W	0.003279
01538640024832	80137.501293	S	0.002034
01538640063884	80137.503327	W	0.001081
01538640084648	80137.504409	S	0.002550
01538640133616	80137.506959	W	0.001364
01538640159812	80137.508324	S	0.002036
01538640198908	80137.510360	W	0.001115
01538640220324	80137.511475	S	0.001922
01538640257220	80137.513397	W	0.001828
01538640292316	80137.515225	S	0.002032
01538640331332	80137.517257	W	0.003348
01538640395604	80137.520604	S	0.002072
01538640435384	80137.522676	W	0.002833
01538640489776	80137.525509	S	0.002057
01538640529276	80137.527566	W	0.003009
01538640587048	80137.530575	S	0.002061
01538640626612	80137.532636	W	0.003129
01538640686684	80137.535765	S	0.002036
01538640725768	80137.537800	W	0.002981
01538640783008	80137.540782	S	0.002070
01538640822748	80137.542851	W	0.002646
01538640873548	80137.545497	S	0.002046
01538640912836	80137.547544	W	0.003168
01538640973660	80137.550711	S	0.002052
01538641013056	80137.552763	W	0.002830
01538641067384	80137.555593	S	0.002044
01538641106632	80137.557637	W	0.002935
01538641162976	80137.560572	S	0.002068
01538641202676	80137.562639	W	0.002886
01538641258084	80137.565525	S	0.002039
01538641297232	80137.567564	W	0.002967
01538641354204	80137.570531	S	0.002040
01538641393372	80137.572571	W	0.003172
01538641454280	80137.575744	S	0.002041
01538641493460	80137.577784	W	0.003301
01538641556832	80137.581085	S	0.002073
01538641596632	80137.583158	W	0.002920
01538641652692	80137.586078	S	0.002038
01538641691824	80137.588116	W	0.001213
01538641715120	80137.589329	S	0.001930
01538641752172	80137.591259	W	0.001378
01538641778636	80137.592637	S	0.002028
01538641817572	80137.594665	W	0.000974
01538641836268	80137.595639	S	0.002040
01538641875440	80137.597679	W	0.002255
01538641918732	80137.599934	S	0.002158
01538641960164	80137.602092	W	0.001044
01538641980204	80137.603136	S	0.001881
01538642016320	80137.605017	W	0.002119
01538642057012	80137.607136	S	0.002043
01538642096244	80137.609179	W	0.003479
01538642163044	80137.612659	S	0.002079
01538642202960	80137.614738	W	0.002944
01538642259476	80137.617681	S	0.002044
01538642298712	80137.619725	W	0.002852
01538642353472	80137.622577	S	0.002049
01538642392816	80137.624626	W	0.002964
01538642449724	80137.627590	S	0.002041
01538642488920	80137.629631	W	0.015016
01538642777220	80137.644647	S	0.002161
01538642818712	80137.646808	W	0.002726
01538642871060	80137.649534	S	0.002062
01538642910652	80137.651596	W	0.002734
01538642963152	80137.654331	S	0.002063
01538643002756	80137.656394	W	0.001026
01538643022460	80137.657420	S	0.001896
01538643058864	80137.659316	W	0.002779
01538643112216	80137.662095	S	0.002085
01538643152256	80137.664180	W	0.001024
01538643171908	80137.665204	S	0.001902
01538643208436	80137.667106	W	0.002796
01538643262120	80137.669902	S	0.002047
01538643301432	80137.671950	W	0.002958
01538643358220	80137.674907	S	0.002057
01538643397720	80137.676965	W	0.003149
01538643458184	80137.680114	S	0.002067
01538643497864	80137.682180	W	0.001032
01538643517684	80137.683213	S	0.001888
01538643553936	80137.685101	W	0.003230
01538643615960	80137.688331	S	0.002043
01538643655176	80137.690374	W	0.001046
01538643675260	80137.691420	S	0.001906
01538643711852	80137.693326	W	0.001927
01538643748848	80137.695252	S	0.002044
01538643788084	80137.697296	W	0.001110
01538643809400	80137.698406	S	0.001920
01538643846256	80137.700326	W	0.002247
01538643889392	80137.702572	S	0.002041
01538643928580	80137.704614	W	0.003095
01538643988012	80137.707709	S	0.002067
01538644027692	80137.709776	W	0.001151
01538644049792	80137.710927	S	0.001955
01538644087324	80137.712881	W	0.001320
01538644112676	80137.714202	S	0.002008
01538644151228	80137.716210	W	0.000964
01538644169740	80137.717174	S	0.001950
01538644207184	80137.719124	W	0.002971
01538644264232	80137.722095	S	0.002045
01538644303500	80137.724141	W	0.002742
01538644356144	80137.726883	S	0.002057
01538644395648	80137.728940	W	0.001022
01538644415272	80137.729962	S	0.002033
01538644454300	80137.731995	W	0.003019
01538644512264	80137.735014	S	0.002038
01538644551396	80137.737052	W	0.002927
01538644607600	80137.739979	S	0.002041
01538644646792	80137.742020	W	0.003157
01538644707404	80137.745177	S	0.002092
01538644747568	80137.747269	W	0.003058
01538644806280	80137.750327	S	0.002038
01538644845408	80137.752365	W	0.003056
01538644904092	80137.755421	S	0.002035
01538644943156	80137.757456	W	0.002930
01538644999412	80137.760386	S	0.002077
01538645039284	80137.762463	W	0.002974
01538645096392	80137.765437	S	0.002053
01538645135812	80137.767490	W	0.002778
01538645189148	80137.770268	S	0.002053
01538645228572	80137.772321	W	0.002864
01538645283568	80137.775186	S	0.002041
01538645322752	80137.777227	W	0.001034
01538645342612	80137.778261	S	0.001903
01538645379152	80137.780164	W	0.007175
01538645516904	80137.787339	S	0.002102
01538645557268	80137.789441	W	0.003172
01538645618176	80137.792613	S	0.002065
01538645657824	80137.794678	W	0.001034
01538645677684	80137.795713	S	0.001895
01538645714076	80137.797608	W	0.000995
01538645733180	80137.798603	S	0.001891
01538645769484	80137.800494	W	0.000395
01538645777072	80137.800889	S	0.001358
01538645803148	80137.802247	W	0.001019
01538645822708	80137.803266	S	0.001397
01538645849532	80137.804663	W	0.000299
01538645855268	80137.804962	S	0.002249
01538645898444	80137.807211	W	0.000171
01538645901736	80137.807382	S	0.001374
01538645928112	80137.808756	W	0.000289
01538645933660	80137.809045	S	0.001350
01538645959580	80137.810395	W	0.000912
01538645977084	80137.811306	S	0.001456
01538646005048	80137.812763	W	0.000296
01538646010740	80137.813059	S	0.003009
01538646068504	80137.816068	W	0.000170
01538646071776	80137.816238	S	0.001415
01538646098944	80137.817653	W	0.000292
01538646104556	80137.817946	S	0.001346
01538646130392	80137.819291	W	0.000886
01538646147404	80137.820177	S	0.001366
01538646173624	80137.821543	W	0.000294
01538646179268	80137.821837	S	0.001370
01538646205568	80137.823207	W	0.000039
01538646206316	80137.823246	S	0.001868
01538646242176	80137.825113	W	0.000163
01538646245300	80137.825276	S	0.001382
01538646271836	80137.826658	W	0.000298
01538646277560	80137.826956	S	0.001660
01538646309440	80137.828617	W	0.000881
01538646326348	80137.829497	S	0.001373
01538646352700	80137.830870	W	0.000297
01538646358396	80137.831166	S	0.002366
01538646403820	80137.833532	W	0.000195
01538646407568	80137.833727	S	0.001381
01538646434088	80137.835109	W	0.000298
01538646439812	80137.835407	S	0.001350
01538646465736	80137.836757	W	0.000880
01538646482628	80137.837637	S	0.001362
01538646508780	80137.838999	W	0.000295
01538646514452	80137.839294	S	0.002214
01538646556956	80137.841508	W	0.000164
01538646560104	80137.841672	S	0.001339
01538646585808	80137.843011	W	0.000281
01538646591212	80137.843292	S	0.001380
01538646617704	80137.844672	W	0.000874
01538646634492	80137.845546	S	0.001366
01538646660716	80137.846912	W	0.000280
01538646666096	80137.847193	S	0.002126
01538646706908	80137.849318	W	0.000164
01538646710052	80137.849482	S	0.001339
01538646735768	80137.850821	W	0.000294
01538646741404	80137.851115	S	0.001345
01538646767236	80137.852460	W	0.000889
01538646784312	80137.853350	S	0.001361
01538646810444	80137.854711	W	0.000294
01538646816088	80137.855005	S	0.003647
01538646886108	80137.858651	W	0.000175
01538646889464	80137.858826	S	0.001384
01538646916028	80137.860210	W	0.000297
01538646921732	80137.860507	S	0.001380
01538646948236	80137.861887	W	0.000958
01538646966628	80137.862845	S	0.001388
01538646993276	80137.864233	W	0.000284
01538646998736	80137.864517	S	0.001407
01538647025756	80137.865925	W	0.000043
01538647026572	80137.865967	S	0.001368
01538647052844	80137.867336	W	0.000169
01538647056084	80137.867504	S	0.001347
01538647081940	80137.868851	W	0.000321
01538647088112	80137.869172	S	0.001494
01538647116792	80137.870666	W	0.000862
01538647133336	80137.871528	S	0.001387
01538647159960	80137.872915	W	0.000286
01538647165460	80137.873201	S	0.002535
01538647214132	80137.875736	W	0.000161
01538647217224	80137.875897	S	0.001360
01538647243336	80137.877257	W	0.000281
01538647248724	80137.877538	S	0.001349
01538647274620	80137.878886	W	0.000876
01538647291432	80137.879762	S	0.001365
01538647317636	80137.881127	W	0.000283
01538647323076	80137.881410	S	0.002978
01538647380260	80137.884389	W	0.000163
01538647383392	80137.884552	S	0.001371
01538647409708	80137.885922	W	0.000286
01538647415204	80137.886209	S	0.001384
01538647441768	80137.887592	W	0.028112
01538647981520	80137.915704	S	0.001789
01538648015872	80137.917493	W	0.002714
01538648067988	80137.920208	S	0.002126
01538648108804	80137.922334	W	0.001024
01538648128468	80137.923358	S	0.001876
01538648164488	80137.925234	W	0.002851
01538648219220	80137.928084	S	0.002076
01538648259084	80137.930161	W	0.002812
01538648313068	80137.932972	S	0.002051
01538648352452	80137.935024	W	0.002756
01538648405372	80137.937780	S	0.002025
01538648444252	80137.939805	W	0.002676
01538648495636	80137.942481	S	0.002047
01538648534936	80137.944528	W	0.002889
01538648590396	80137.947416	S	0.002040
01538648629556	80137.949456	W	0.003087
01538648688820	80137.952543	S	0.002056
01538648728296	80137.954599	W	0.002855
01538648783112	80137.957454	S	0.002027
01538648822032	80137.959481	W	0.002827
01538648876316	80137.962308	S	0.002051
01538648915700	80137.964359	W	0.002881
01538648971020	80137.967241	S	0.002041
01538649010208	80137.969282	W	0.002770
01538649063400	80137.972052	S	0.002044
01538649102648	80137.974096	W	0.002876
01538649157864	80137.976972	S	0.002042
01538649197068	80137.979014	W	0.002751
01538649249892	80137.981765	S	0.002050
01538649289252	80137.983815	W	0.001026
01538649308952	80137.984841	S	0.001880
01538649345048	80137.986721	W	0.002823
01538649399244	80137.989544	S	0.002051
01538649438620	80137.991595	W	0.002820
01538649492772	80137.994415	S	0.002117
01538649533412	80137.996532	W	0.001347
01538649559284	80137.997879	S	0.001905
01538649595852	80137.999784	W	0.001345
01538649621676	80138.001129	S	0.002018
01538649660412	80138.003146	W	0.001242
01538649684260	80138.004389	S	0.001949
01538649721684	80138.006338	W	0.001781
01538649755880	80138.008119	S	0.002037
01538649794996	80138.010156	W	0.001020
01538649814572	80138.011176	S	0.001892
01538649850896	80138.013067	W	0.002774
01538649904152	80138.015841	S	0.002074
01538649943980	80138.017916	W	0.002831
01538649998344	80138.020747	S	0.002038
01538650037476	80138.022785	W	0.003311
01538650101040	80138.026096	S	0.002061
01538650140604	80138.028156	W	0.001059
01538650160928	80138.029215	S	0.002005
01538650199424	80138.031220	W	0.002947
01538650256008	80138.034167	S	0.002054
01538650295444	80138.036221	W	0.002582
01538650345024	80138.038803	S	0.002031
01538650384024	80138.040835	W	0.000990
01538650403036	80138.041825	S	0.001937
01538650440232	80138.043762	W	0.002714
01538650492344	80138.046476	S	0.002053
01538650531764	80138.048529	W	0.001105
01538650552984	80138.049635	S	0.001895
01538650589372	80138.051530	W	0.001306
01538650614456	80138.052836	S	0.002007
01538650652992	80138.054843	W	0.001233
01538650676656	80138.056076	S	0.001942
01538650713936	80138.058018	W	0.002161
01538650755424	80138.060178	S	0.002031
01538650794420	80138.062209	W	0.001115
01538650815820	80138.063324	S	0.001915
01538650852580	80138.065239	W	0.002199
01538650894800	80138.067437	S	0.002054
01538650934228	80138.069491	W	0.001346
01538650960064	80138.070837	S	0.001927
01538650997056	80138.072763	W	0.001724
01538651030152	80138.074487	S	0.002025
01538651069032	80138.076512	W	0.002757
01538651121964	80138.079269	S	0.002045
01538651161228	80138.081314	W	0.000907
01538651178652	80138.082221	S	0.001885
01538651214844	80138.084106	W	0.003164
01538651275592	80138.087270	S	0.002057
01538651315084	80138.089327	W	0.002940
01538651371536	80138.092268	S	0.002044
01538651410776	80138.094311	W	0.003064
01538651469604	80138.097375	S	0.002063
01538651509220	80138.099439	W	0.003165
01538651569996	80138.102604	S	0.002032
01538651609012	80138.104636	W	0.001028
01538651628752	80138.105664	S	0.001891
01538651665056	80138.107555	W	0.003165
01538651725832	80138.110720	S	0.002051
01538651765216	80138.112772	W	0.003204
01538651826732	80138.115976	S	0.002096
01538651866980	80138.118072	W	0.002829
01538651921304	80138.120901	S	0.002044
01538651960540	80138.122945	W	0.002899
01538652016200	80138.125844	S	0.002050
01538652055556	80138.127894	W	0.002765
01538652108640	80138.130658	S	0.002047
01538652147944	80138.132705	W	0.003055
01538652206604	80138.135761	S	0.002050
01538652245964	80138.137811	W	0.003298
01538652309280	80138.141108	S	0.002060
01538652348828	80138.143168	W	0.001026
01538652368520	80138.144194	S	0.001897
01538652404936	80138.146090	W	0.002736
01538652457464	80138.148826	S	0.002037
01538652496580	80138.150864	W	0.002810
01538652550540	80138.153674	S	0.002042
01538652589748	80138.155716	W	0.003108
01538652649412	80138.158824	S	0.002044
01538652688656	80138.160868	W	0.002763
01538652741708	80138.163631	S	0.002070
01538652781452	80138.165701	W	0.002882
01538652836780	80138.168582	S	0.002049
01538652876128	80138.170632	W	0.002831
01538652930492	80138.173463	S	0.002046
01538652969784	80138.175510	W	0.002763
01538653022836	80138.178273	S	0.002044
01538653062072	80138.180316	W	0.000982
01538653080932	80138.181299	S	0.001930
01538653117984	80138.183228	W	0.001360
01538653144092	80138.184588	S	0.002020
01538653182876	80138.186608	W	0.003169
01538653243724	80138.189777	S	0.002048
01538653283040	80138.191825	W	0.002991
01538653340468	80138.194816	S	0.002069
01538653380184	80138.196885	W	0.001041
01538653400176	80138.197926	S	0.001901
01538653436672	80138.199827	W	0.001860
01538653472384	80138.201687	S	0.002037
01538653511504	80138.203724	W	0.000996
01538653530636	80138.204721	S	0.001972
01538653568508	80138.206693	W	0.007604
01538653714508	80138.214297	S	0.002169
01538653756160	80138.216467	W	0.002899
01538653811816	80138.219365	S	0.002055
01538653851268	80138.221420	W	0.001168
01538653873700	80138.222589	S	0.001914
01538653910452	80138.224503	W	0.002728
01538653962836	80138.227231	S	0.002065
01538654002480	80138.229296	W	0.002726
01538654054812	80138.232021	S	0.002035
01538654093888	80138.234057	W	0.001268
01538654118232	80138.235325	S	0.001931
01538654155316	80138.237256	W	0.002950
01538654211952	80138.240206	S	0.002036
01538654251040	80138.242242	W	0.000933
01538654268960	80138.243175	S	0.001909
01538654305608	80138.245084	W	0.014367
01538654581456	80138.259451	S	0.002121
01538654622184	80138.261572	W	0.003194
01538654683508	80138.264766	S	0.002081
01538654723460	80138.266847	W	0.002574
01538654772872	80138.269420	S	0.002043
01538654812104	80138.271464	W	0.001437
01538654839692	80138.272901	S	0.001954
01538654877212	80138.274855	W	0.001815
01538654912052	80138.276669	S	0.002039
01538654951208	80138.278709	W	0.003057
01538655009912	80138.281766	S	0.002086
01538655049972	80138.283853	W	0.001310
01538655075132	80138.285163	S	0.002057
01538655114628	80138.287220	W	0.001147
01538655136652	80138.288367	S	0.002129
01538655177536	80138.290497	W	0.001376
01538655203964	80138.291873	S	0.002031
01538655242952	80138.293904	W	0.001401
01538655269852	80138.295305	S	0.002108
01538655310324	80138.297413	W	0.001065
01538655330772	80138.298478	S	0.001967
01538655368544	80138.300445	W	0.001225
01538655392068	80138.301670	S	0.002020
01538655430848	80138.303690	W	0.001403
01538655457792	80138.305093	S	0.002101
01538655498128	80138.307194	W	0.001334
01538655523748	80138.308529	S	0.002004
01538655562224	80138.310533	W	0.001385
01538655588816	80138.311918	S	0.002102
01538655629176	80138.314020	W	0.001455
01538655657112	80138.315475	S	0.002056
01538655696584	80138.317530	W	0.002485
01538655744296	80138.320015	S	0.002158
01538655785732	80138.322174	W	0.000894
01538655802904	80138.323068	S	0.007903
01538655954648	80138.330971	W	0.001334
01538655980264	80138.332305	S	0.001921
01538656017148	80138.334226	W	0.001334
01538656042752	80138.335560	S	0.002001
01538656081172	80138.337561	W	0.001439
01538656108796	80138.339000	S	0.001957
01538656146368	80138.340957	W	0.003059
01538656205100	80138.344016	S	0.002123
01538656245868	80138.346139	W	0.015250
01538656538660	80138.361389	S	0.002157
01538656580076	80138.363546	W	0.001156
01538656602264	80138.364701	S	0.001948
01538656639656	80138.366649	W	0.017995
01538656985156	80138.384644	S	0.002156
01538657026544	80138.386799	W	0.001129
01538657048220	80138.387928	S	0.001909
01538657084880	80138.389837	W	0.002371
01538657130400	80138.392208	S	0.002048
01538657169728	80138.394257	W	0.002695
01538657221468	80138.396951	S	0.002054
01538657260896	80138.399005	W	0.001027
01538657280620	80138.400032	S	0.001883
01538657316768	80138.401915	W	0.002850
01538657371488	80138.404765	S	0.002048
01538657410812	80138.406813	W	0.003277
01538657473736	80138.410090	S	0.002057
01538657513236	80138.412148	W	0.002808
01538657567156	80138.414956	S	0.002074
01538657606980	80138.417030	W	0.001053
01538657627200	80138.418083	S	0.001910
01538657663872	80138.419993	W	0.002216
01538657706420	80138.422209	S	0.002042
01538657745620	80138.424251	W	0.001041
01538657765616	80138.425293	S	0.001903
01538657802156	80138.427196	W	0.002233
01538657845028	80138.429429	S	0.002039
01538657884176	80138.431468	W	0.002736
01538657936712	80138.434204	S	0.002045
01538657975968	80138.436248	W	0.002664
01538658027120	80138.438913	S	0.002045
01538658066392	80138.440958	W	0.002985
01538658123712	80138.443943	S	0.002050
01538658163076	80138.445994	W	0.001066
01538658183544	80138.447060	S	0.001902
01538658220064	80138.448962	W	0.015702
01538658521536	80138.464663	S	0.002178
01538658563352	80138.466841	W	0.003127
01538658623392	80138.469968	S	0.002081
01538658663352	80138.472050	W	0.001161
01538658685640	80138.473210	S	0.001914
01538658722392	80138.475125	W	0.002119
01538658763072	80138.477243	S	0.002042
01538658802276	80138.479285	W	0.002819
01538658856392	80138.482104	S	0.002059
01538658895928	80138.484163	W	0.090453
01538660632616	80138.574615	S	0.002584
01538660682224	80138.577199	W	0.002944
01538660738740	80138.580143	S	0.002074
01538660778552	80138.582216	W	0.003202
01538660840028	80138.585418	S	0.002051
01538660879400	80138.587469	W	0.002962
01538660936264	80138.590430	S	0.002058
01538660975776	80138.592488	W	0.001022
01538660995400	80138.593510	S	0.001885
01538661031596	80138.595396	W	0.002445
01538661078544	80138.597841	S	0.002046
01538661117832	80138.599887	W	0.001321
01538661143196	80138.601208	S	0.001946
01538661180564	80138.603154	W	0.001783
01538661214800	80138.604938	S	0.002738
01538661267376	80138.607676	W	0.002788
01538661320908	80138.610464	S	0.002050
01538661360272	80138.612514	W	0.000898
01538661377512	80138.613412	S	0.001889
01538661413788	80138.615301	W	0.003109
01538661473484	80138.618411	S	0.002068
01538661513192	80138.620479	W	0.002827
01538661567472	80138.623306	S	0.002056
01538661606948	80138.625362	W	0.002760
01538661659936	80138.628122	S	0.002040
01538661699100	80138.630161	W	0.002706
01538661751064	80138.632868	S	0.002056
01538661790544	80138.634924	W	0.002616
01538661840764	80138.637540	S	0.002027
01538661879684	80138.639567	W	0.001405
01538661906656	80138.640972	S	0.001947
01538661944036	80138.642919	W	0.001740
01538661977448	80138.644659	S	0.002048
01538662016768	80138.646707	W	0.002754
01538662069652	80138.649461	S	0.002046
01538662108928	80138.651507	W	0.001036
01538662128824	80138.652543	S	0.001879
01538662164900	80138.654422	W	0.087085
01538663836936	80138.741507	S	0.002146
01538663878136	80138.743653	W	0.002880
01538663933436	80138.746533	S	0.002081
01538663973392	80138.748614	W	0.001077
01538663994064	80138.749691	S	0.001889
01538664030336	80138.751580	W	0.002585
01538664079968	80138.754165	S	0.002051
01538664119356	80138.756216	W	0.002651
01538664170256	80138.758868	S	0.002053
01538664209672	80138.760920	W	0.002901
01538664265364	80138.763821	S	0.002052
01538664304760	80138.765873	W	0.003213
01538664366456	80138.769086	S	0.002075
01538664406292	80138.771161	W	0.002904
01538664462040	80138.774065	S	0.002047
01538664501348	80138.776112	W	0.002811
01538664555320	80138.778923	S	0.002063
01538664594924	80138.780986	W	0.002842
01538664649500	80138.783828	S	0.002063
01538664689104	80138.785891	W	0.002887
01538664744532	80138.788778	S	0.002054
01538664783972	80138.790832	W	0.002867
01538664839028	80138.793699	S	0.002041
01538664878216	80138.795740	W	0.001044
01538664898256	80138.796784	S	0.001908
01538664934892	80138.798692	W	0.001859
01538664970588	80138.800551	S	0.002041
01538665009768	80138.802592	W	0.001082
01538665030536	80138.803674	S	0.001898
01538665066984	80138.805572	W	0.002740
01538665119596	80138.808312	S	0.002062
01538665159180	80138.810374	W	0.002740
01538665211788	80138.813114	S	0.002038
01538665250924	80138.815152	W	0.002502
01538665298964	80138.817654	S	0.002053
01538665338384	80138.819708	W	0.003070
01538665397324	80138.822777	S	0.002076
01538665437192	80138.824854	W	0.003375
01538665501988	80138.828229	S	0.002061
01538665541560	80138.830290	W	0.003336
01538665605620	80138.833626	S	0.002061
01538665645192	80138.835687	W	0.003113
01538665704956	80138.838800	S	0.002050
01538665744308	80138.840849	W	0.003051
01538665802896	80138.843901	S	0.002055
01538665842360	80138.845956	W	0.002940
01538665898800	80138.848896	S	0.002038
01538665937932	80138.850934	W	0.003004
01538665995604	80138.853938	S	0.002060
01538666035152	80138.855997	W	0.002982
01538666092412	80138.858980	S	0.002078
01538666132316	80138.861058	W	0.002849
01538666187016	80138.863907	S	0.002041
01538666226208	80138.865948	W	0.003001
01538666283832	80138.868950	S	0.002046
01538666323120	80138.870996	W	0.003206
01538666384668	80138.874201	S	0.002059
01538666424204	80138.876261	W	0.003114
01538666484000	80138.879375	S	0.002071
01538666523760	80138.881446	W	0.001143
01538666545704	80138.882589	S	0.001920
01538666582564	80138.884509	W	0.001857
01538666618228	80138.886366	S	0.002037
01538666657348	80138.888404	W	0.001061
01538666677724	80138.889465	S	0.001896
01538666714136	80138.891361	W	0.003171
01538666775020	80138.894532	S	0.002063
01538666814632	80138.896595	W	0.002890
01538666870120	80138.899485	S	0.002038
01538666909244	80138.901523	W	0.002965
01538666966176	80138.904488	S	0.002043
01538667005404	80138.906531	W	0.002906
01538667061200	80138.909437	S	0.002067
01538667100884	80138.911504	W	0.001265
01538667125168	80138.912769	S	0.001915
01538667161944	80138.914685	W	0.002256
01538667205268	80138.916941	S	0.002088
01538667245356	80138.919029	W	0.002667
01538667296568	80138.921696	S	0.002069
01538667336296	80138.923765	W	0.001128
01538667357956	80138.924894	S	0.001930
01538667395004	80138.926823	W	0.002352
01538667440172	80138.929176	S	0.002049
01538667479520	80138.931225	W	0.002957
01538667536288	80138.934182	S	0.002060
01538667575844	80138.936242	W	0.001419
01538667603084	80138.937661	S	0.001933
01538667640200	80138.939594	W	0.001306
01538667665280	80138.940900	S	0.002016
01538667703980	80138.942916	W	0.001079
01538667724700	80138.943995	S	0.002011
01538667763320	80138.946006	W	0.003047
01538667821816	80138.949053	S	0.002054
01538667861256	80138.951107	W	0.003105
01538667920876	80138.954212	S	0.002070
01538667960624	80138.956283	W	0.003130
01538668020712	80138.959412	S	0.002043
01538668059928	80138.961455	W	0.001283
01538668084564	80138.962738	S	0.001932
01538668121652	80138.964669	W	0.001322
01538668147040	80138.965992	S	0.002013
01538668185696	80138.968005	W	0.001087
01538668206568	80138.969092	S	0.001902
01538668243096	80138.970995	W	0.001071
01538668263652	80138.972065	S	0.001941
01538668300920	80138.974006	W	0.001351
01538668326852	80138.975357	S	0.002030
01538668365828	80138.977387	W	0.003445
01538668431980	80138.980832	S	0.003240
01538668494192	80138.984072	W	0.002929
01538668550428	80138.987001	S	0.002049
01538668589764	80138.989050	W	0.003054
01538668648408	80138.992105	S	0.002044
01538668687656	80138.994149	W	0.018226
01538669037604	80139.012375	S	0.002161
01538669079096	80139.014536	W	0.001115
01538669100500	80139.015651	S	0.001909
01538669137152	80139.017560	W	0.001429
01538669164580	80139.018989	S	0.002066
01538669204252	80139.021055	W	0.001005
01538669223556	80139.022060	S	0.001947
01538669260936	80139.024007	W	0.002581
01538669310488	80139.026588	S	0.002066
01538669350164	80139.028654	W	0.001053
01538669370380	80139.029707	S	0.001881
01538669406492	80139.031588	W	0.002802
01538669460300	80139.034391	S	0.002057
01538669499800	80139.036448	W	0.002923
01538669555912	80139.039370	S	0.002057
01538669595400	80139.041427	W	0.003016
01538669653316	80139.044444	S	0.002059
01538669692848	80139.046503	W	0.003011
01538669750660	80139.049514	S	0.002058
01538669790176	80139.051572	W	0.001021
01538669809772	80139.052592	S	0.001882
01538669845908	80139.054474	W	0.003075
01538669904944	80139.057549	S	0.002057
01538669944436	80139.059606	W	0.001036
01538669964328	80139.060642	S	0.001880
01538670000432	80139.062522	W	0.003027
01538670058548	80139.065549	S	0.002043
01538670097776	80139.067592	W	0.001034
01538670117632	80139.068627	S	0.001894
01538670153988	80139.070520	W	0.003151
01538670214480	80139.073671	S	0.002068
01538670254184	80139.075739	W	0.001058
01538670274488	80139.076796	S	0.001903
01538670311028	80139.078699	W	0.000323
01538670317228	80139.079022	S	0.001657
01538670349036	80139.080679	W	0.000994
01538670368112	80139.081673	S	0.001394
01538670394868	80139.083066	W	0.000288
01538670400404	80139.083354	S	0.002681
01538670451876	80139.086035	W	0.000189
01538670455512	80139.086225	S	0.001375
01538670481920	80139.087600	W	0.000332
01538670488292	80139.087932	S	0.001359
01538670514380	80139.089291	W	0.000945
01538670532532	80139.090236	S	0.001377
01538670558968	80139.091613	W	0.000291
01538670564548	80139.091904	S	0.004022
01538670641772	80139.095926	W	0.000170
01538670645036	80139.096096	S	0.001426
01538670672412	80139.097521	W	0.000303
01538670678236	80139.097825	S	0.001429
01538670705680	80139.099254	W	0.000867
01538670722328	80139.100121	S	0.001436
01538670749904	80139.101558	W	0.000276
01538670755212	80139.101834	S	0.001421
01538670782496	80139.103255	W	0.000039
01538670783248	80139.103294	S	0.002452
01538670830320	80139.105746	W	0.000165
01538670833480	80139.105910	S	0.001351
01538670859428	80139.107262	W	0.000291
01538670865020	80139.107553	S	0.001376
01538670891440	80139.108929	W	0.000871
01538670908172	80139.109801	S	0.001403
01538670935100	80139.111203	W	0.000289
01538670940652	80139.111492	S	0.002971
01538670997688	80139.114463	W	0.000163
01538671000812	80139.114626	S	0.001396
01538671027612	80139.116021	W	0.000344
01538671034208	80139.116365	S	0.001366
01538671060440	80139.117731	W	0.001002
01538671079680	80139.118733	S	0.001363
01538671105844	80139.120096	W	0.000301
01538671111628	80139.120397	S	0.002311
01538671155992	80139.122708	W	0.000173
01538671159308	80139.122881	S	0.001383
01538671185864	80139.124264	W	0.000326
01538671192124	80139.124590	S	0.001355
01538671218140	80139.125945	W	0.000925
01538671235896	80139.126870	S	0.001392
01538671262624	80139.128262	W	0.000293
01538671268248	80139.128555	S	0.002522
01538671316668	80139.131076	W	0.000170
01538671319936	80139.131247	S	0.001344
01538671345732	80139.132590	W	0.000286
01538671351220	80139.132876	S	0.001351
01538671377168	80139.134228	W	0.000869
01538671393848	80139.135096	S	0.001391
01538671420560	80139.136487	W	0.000272
01538671425780	80139.136759	S	0.002475
01538671473300	80139.139234	W	0.000160
01538671476364	80139.139394	S	0.001366
01538671502592	80139.140760	W	0.000290
01538671508160	80139.141050	S	0.001350
01538671534072	80139.142400	W	0.000879
01538671550956	80139.143279	S	0.001399
01538671577812	80139.144678	W	0.000284
01538671583268	80139.144962	S	0.001346
01538671609112	80139.146308	W	0.000039
01538671609860	80139.146347	S	0.002032
01538671648876	80139.148379	W	0.000161
01538671651976	80139.148540	S	0.001373
01538671678340	80139.149914	W	0.000285
01538671683808	80139.150198	S	0.001354
01538671709796	80139.151552	W	0.000860
01538671726312	80139.152412	S	0.001359
01538671752404	80139.153771	W	0.000039
01538671753156	80139.153810	S	0.001348
01538671779044	80139.155159	W	0.000276
01538671784336	80139.155434	S	0.001846
01538671819776	80139.157280	W	0.000165
01538671822944	80139.157445	S	0.001349
01538671848840	80139.158794	W	0.000336
01538671855296	80139.159130	S	0.001344
01538671881108	80139.160474	W	0.000917
01538671898716	80139.161391	S	0.001390
01538671925408	80139.162782	W	0.000288
01538671930944	80139.163070	S	0.003950
01538672006788	80139.167020	W	0.000166
01538672009984	80139.167187	S	0.001347
01538672035844	80139.168534	W	0.027030
01538672554812	80139.195563	S	0.001640
01538672586296	80139.197203	W	0.002309
01538672630632	80139.199512	S	0.002084
01538672670648	80139.201596	W	0.002821
01538672724816	80139.204418	S	0.002093
01538672764992	80139.206510	W	0.006691
01538672893464	80139.213201	S	0.002165
01538672935040	80139.215367	W	0.002856
01538672989868	80139.218222	S	0.002065
01538673029524	80139.220288	W	0.002828
01538673083828	80139.223116	S	0.002080
01538673123768	80139.225196	W	0.002752
01538673176612	80139.227949	S	0.002053
01538673216032	80139.230002	W	0.003140
01538673276312	80139.233141	S	0.002063
01538673315928	80139.235205	W	0.003022
01538673373956	80139.238227	S	0.002054
01538673413384	80139.240280	W	0.001227
01538673436944	80139.241508	S	0.001916
01538673473740	80139.243424	W	0.001377
01538673500184	80139.244801	S	0.002021
01538673538996	80139.246823	W	0.001080
01538673559740	80139.247903	S	0.001966
01538673597496	80139.249870	W	0.003068
01538673656404	80139.252938	S	0.002110
01538673696920	80139.255048	W	0.001202
01538673719996	80139.256250	S	0.001911
01538673756684	80139.258161	W	0.002511
01538673804900	80139.260672	S	0.002083
01538673844900	80139.262755	W	0.000938
01538673862912	80139.263693	S	0.001912
01538673899632	80139.265606	W	0.002343
01538673944616	80139.267949	S	0.002130
01538673985520	80139.270079	W	0.001071
01538674006076	80139.271150	S	0.001909
01538674042732	80139.273059	W	0.002305
01538674086988	80139.275364	S	0.002049
01538674126336	80139.277413	W	0.001167
01538674148752	80139.278581	S	0.001921
01538674185644	80139.280502	W	0.001388
01538674212296	80139.281890	S	0.002029
01538674251256	80139.283920	W	0.001340
01538674276992	80139.285260	S	0.001949
01538674314416	80139.287209	W	0.001323
01538674339816	80139.288532	S	0.002005
01538674378312	80139.290537	W	0.002972
01538674435380	80139.293509	S	0.002054
01538674474824	80139.295564	W	0.000958
01538674493220	80139.296522	S	0.001900
01538674529696	80139.298422	W	0.001001
01538674548912	80139.299423	S	0.001900
01538674585392	80139.301323	W	0.002965
01538674642328	80139.304288	S	0.002108
01538674682808	80139.306396	W	0.000961
01538674701252	80139.307357	S	0.001926
01538674738232	80139.309283	W	0.002686
01538674789812	80139.311969	S	0.002057
01538674829300	80139.314026	W	0.001082
01538674850072	80139.315108	S	0.001920
01538674886936	80139.317028	W	0.002447
01538674933920	80139.319475	S	0.002033
01538674972960	80139.321508	W	0.001316
01538674998224	80139.322824	S	0.001942
01538675035508	80139.324766	W	0.002410
01538675081776	80139.327176	S	0.002062
01538675121360	80139.329238	W	0.000997
01538675140508	80139.330235	S	0.001877
01538675176552	80139.332112	W	0.003087
01538675235824	80139.335199	S	0.002048
01538675275152	80139.337248	W	0.001372
01538675301500	80139.338620	S	0.001909
01538675338160	80139.340529	W	0.001333
01538675363760	80139.341863	S	0.002014
01538675402424	80139.343876	W	0.001381
01538675428944	80139.345257	S	0.001942
01538675466228	80139.347199	W	0.001744
01538675499708	80139.348943	S	0.002038
01538675538840	80139.350981	W	0.002552
01538675587836	80139.353533	S	0.002046
01538675627116	80139.355579	W	0.001098
01538675648196	80139.356677	S	0.001916
01538675684988	80139.358593	W	0.002255
01538675728284	80139.360848	S	0.002041
01538675767480	80139.362890	W	0.001068
01538675787976	80139.363957	S	0.001915
01538675824744	80139.365872	W	0.002953
01538675881440	80139.368825	S	0.002054
01538675920884	80139.370879	W	0.023233
01538676366956	80139.394112	S	0.002115
01538676407560	80139.396227	W	0.003188
01538676468764	80139.399415	S	0.002081
01538676508724	80139.401496	W	0.002791
01538676562320	80139.404288	S	0.002042
01538676601532	80139.406330	W	0.002751
01538676654344	80139.409080	S	0.002062
01538676693936	80139.411143	W	0.003042
01538676752348	80139.414185	S	0.002049
01538676791680	80139.416233	W	0.002793
01538676845300	80139.419026	S	0.002051
01538676884672	80139.421077	W	0.002682
01538676936168	80139.423759	S	0.002040
01538676975332	80139.425799	W	0.001016
01538676994840	80139.426815	S	0.001934
01538677031976	80139.428749	W	0.001951
01538677069428	80139.430699	S	0.002051
01538677108800	80139.432750	W	0.003383
01538677173744	80139.436133	S	0.002058
01538677213260	80139.438191	W	0.001023
01538677232896	80139.439213	S	0.001945
01538677270236	80139.441158	W	0.002985
01538677327548	80139.444143	S	0.002136
01538677368564	80139.446279	W	0.001205
01538677391704	80139.447485	S	0.001984
01538677429792	80139.449468	W	0.001355
01538677455816	80139.450824	S	0.002093
01538677496008	80139.452917	W	0.000947
01538677514188	80139.453864	S	0.001958
01538677551784	80139.455822	W	0.001131
01538677573496	80139.456953	S	0.001992
01538677611736	80139.458945	W	0.001388
01538677638388	80139.460333	S	0.002153
01538677679724	80139.462486	W	0.001085
01538677700556	80139.463571	S	0.001923
01538677737476	80139.465494	W	0.001123
01538677759028	80139.466616	S	0.001919
01538677795880	80139.468535	W	0.001453
01538677823768	80139.469988	S	0.002045
01538677863028	80139.472033	W	0.001143
01538677884972	80139.473176	S	0.001950
01538677922420	80139.475126	W	0.002621
01538677972740	80139.477747	S	0.002061
01538678012320	80139.479808	W	0.001184
01538678035048	80139.480992	S	0.001908
01538678071680	80139.482900	W	0.001289
01538678096432	80139.484189	S	0.002002
01538678134876	80139.486191	W	0.000937
01538678152876	80139.487129	S	0.001905
01538678189460	80139.489034	W	0.001159
01538678211712	80139.490193	S	0.001905
01538678248288	80139.492098	W	0.001363
01538678274464	80139.493462	S	0.002017
01538678313192	80139.495479	W	0.000958
01538678331576	80139.496436	S	0.001910
01538678368240	80139.498346	W	0.001065
01538678388684	80139.499411	S	0.001935
01538678425840	80139.501346	W	0.001478
01538678454220	80139.502824	S	0.002059
01538678493760	80139.504883	W	0.001100
01538678514884	80139.505984	S	0.002896
01538678570496	80139.508880	W	0.003210
01538678632136	80139.512090	S	0.002103
01538678672516	80139.514194	W	0.003595
01538678741532	80139.517788	S	0.002148
01538678782768	80139.519936	W	0.000980
01538678801584	80139.520916	S	0.001984
01538678839684	80139.522900	W	0.001408
01538678866712	80139.524308	S	0.002201
01538678908972	80139.526509	W	0.001016
01538678928488	80139.527525	S	0.001920
01538678965348	80139.529445	W	0.003042
01538679023760	80139.532487	S	0.002115
01538679064364	80139.534602	W	0.001052
01538679084568	80139.535655	S	0.001877
01538679120600	80139.537531	W	0.001360
01538679146716	80139.538891	S	0.001908
01538679183352	80139.540800	W	0.001469
01538679211552	80139.542268	S	0.002059
01538679251080	80139.544327	W	0.003146
01538679311476	80139.547473	S	0.002045
01538679350732	80139.549517	W	0.001019
01538679370304	80139.550537	S	0.001891
01538679406620	80139.552428	W	0.002929
01538679462848	80139.555357	S	0.002043
01538679502064	80139.557399	W	0.002912
01538679557968	80139.560311	S	0.002029
01538679596920	80139.562340	W	0.002828
01538679651212	80139.565167	S	0.002052
01538679690604	80139.567219	W	0.002737
01538679743160	80139.569956	S	0.002036
01538679782252	80139.571992	W	0.002410
01538679828520	80139.574402	S	0.002071
01538679868276	80139.576473	W	0.001143
01538679890212	80139.577615	S	0.001950
01538679927644	80139.579565	W	0.002940
01538679984092	80139.582505	S	0.002088
01538680024188	80139.584593	W	0.003013
01538680082044	80139.587606	S	0.002058
01538680121552	80139.589664	W	0.002084
01538680161572	80139.591749	S	0.002006
01538680200084	80139.593754	W	0.001083
01538680220880	80139.594838	S	0.861974
01538696770784	80140.456812	W	0.018667
01538697129184	80140.475478	S	0.912370
01538714646696	80141.387849	W	0.015004
01538714934780	80141.402853	S	0.334066
01538721348852	80141.736919	W	0.018971
01538721713096	80141.755890	S	1.260917
01538745922708	80143.016808	W	0.018961
01538746286752	80143.035768	S	0.490844
01538755710964	80143.526613	W	0.236584
01538760253376	80143.763197	S	0.014091
01538760523916	80143.777287	W	0.063682
01538761746612	80143.840969	S	0.036007
01538762437956	80143.876977	W	0.085546
01538764080432	80143.962523	S	0.334317
01538770499324	80144.296840	W	0.022103
01538770923696	80144.318943	S	0.091758
01538772685440	80144.410700	W	0.014861
01538772970768	80144.425561	S	0.002154
01538773012128	80144.427715	W	0.001045
01538773032192	80144.428760	S	1.148016
01538795074096	80145.576776	W	0.019088
01538795440592	80145.595864	S	1.047997
01538815562140	80146.643861	W	0.020289
01538815951680	80146.664150	S	0.192675
01538819651048	80146.856825	W	0.018743
01538820010908	80146.875568	S	0.556364
01538830693088	80147.431932	W	0.015028
01538830981628	80147.446960	S	0.014262
01538831255456	80147.461222	W	0.014280
01538831529636	80147.475502	S	0.294053
01538837175460	80147.769555	W	0.014785
01538837459336	80147.784340	S	0.352470
01538844226756	80148.136810	W	0.018967
01538844590920	80148.155777	S	0.636369
01538856809204	80148.792146	W	0.086513
01538858470252	80148.878659	S	0.024497
01538858940592	80148.903156	W	0.113788
01538861125320	80149.016944	S	0.399858
01538868802600	80149.416802	W	0.018375
01538869155392	80149.435177	S	0.676388
01538882142048	80150.111565	W	7.005483
01539016647328	80157.117048	S	1.259699
01539040833556	80158.376748	W	0.019016
01539041198668	80158.395764	S	0.227218
01539045561248	80158.622982	W	0.014691
01539045843316	80158.637673	S	0.394944
01539053426232	80159.032616	W	0.014528
01539053705160	80159.047144	S	0.190264
01539057358232	80159.237408	W	0.024640
01539057831320	80159.262048	S	0.257923
01539062783448	80159.519971	W	0.014814
01539063067868	80159.534785	S	0.009808
01539063256184	80159.544593	W	0.013962
01539063524264	80159.558555	S	0.089395
01539065240656	80159.647951	W	0.030717
01539065830432	80159.678668	S	0.115477
01539068047588	80159.794145	W	0.014860
01539068332892	80159.809005	S	0.657235
01539080951804	80160.466240	W	0.014550
01539081231172	80160.480790	S	0.455977
01539089985924	80160.936767	W	0.019004
01539090350800	80160.955771	S	1.260941
01539114560868	80162.216712	W	0.019033
01539114926296	80162.235745	S	0.177648
01539118337144	80162.413393	W	0.015724
01539118639036	80162.429116	S	0.002200
01539118681280	80162.431317	W	0.001042
01539118701292	80162.432359	S	0.114629
01539120902168	80162.546988	W	0.014821
01539121186736	80162.561809	S	0.934937
01539139137524	80163.496746	W	0.019023
01539139502768	80163.515769	S	1.121546
01539161036452	80164.637315	W	0.457523
01539169820892	80165.094838	S	0.051409
01539170807944	80165.146247	W	52.943833
01540187329536	80218.090080	S	0.007649
01540187476400	80218.097729	W	0.000815
01540187492044	80218.098544	S	0.003288
01540187555176	80218.101832	W	0.000145
01540187557952	80218.101977	S	0.000173
01540187561272	80218.102150	W	0.000030
01540187561844	80218.102179	S	0.003921
01540187637132	80218.106101	W	0.000124
01540187639512	80218.106225	S	0.000172
01540187642820	80218.106397	W	0.000039
01540187643564	80218.106436	S	0.010498
01540187845124	80218.116934	W	0.000201
01540187848988	80218.117135	S	0.051596
01540188839640	80218.168731	W	0.005990
01540188954652	80218.174721	S	0.094134
01540190762020	80218.268855	W	0.000849
01540190778324	80218.269704	S	0.002217
01540190820888	80218.271921	W	0.000982
01540190839748	80218.272904	S	0.241875
01540195483756	80218.514779	W	0.059826
01540196632416	80218.574605	S	1.230160
01540220251484	80219.804765	W	0.031682
01540220859772	80219.836446	S	0.210565
01540224902616	80220.047011	W	0.015212
01540225194692	80220.062224	S	1.022547
01540244827600	80221.084771	W	0.031679
01540245435832	80221.116450	S	1.248266
01540269402536	80222.364715	W	0.031652
01540270010252	80222.396367	S	0.674678
01540282964068	80223.071045	W	0.014917
01540283250468	80223.085962	S	0.558785
01540293979132	80223.644746	W	0.031681
01540294587408	80223.676428	S	0.898030
01540311829584	80224.574457	W	0.014864
01540312114964	80224.589321	S	0.335397
01540318554584	80224.924718	W	0.031590
01540319161112	80224.956308	S	1.143148
01540341109548	80226.099456	W	0.023169
01540341554392	80226.122625	S	0.082108
01540343130864	80226.204733	W	0.031706
01540343739620	80226.236439	S	1.259522
01540367922448	80227.495961	W	0.020243
01540368311108	80227.516204	S	0.636276
01540380527608	80228.152480	W	0.014846
01540380812656	80228.167326	S	0.608670
01540392499128	80228.775996	W	0.020261
01540392888136	80228.796257	S	0.331752
01540399257780	80229.128009	W	0.014907
01540399543996	80229.142916	S	0.035503
01540400225656	80229.178420	W	0.014466
01540400503412	80229.192886	S	0.086003
01540402154668	80229.278889	W	0.014204
01540402427388	80229.293093	S	0.762920
01540417075452	80230.056013	W	0.020319
01540417465584	80230.076333	S	0.533732
01540427713236	80230.610064	W	0.014647
01540427994464	80230.624712	S	0.599758
01540439509820	80231.224470	W	0.014347
01540439785276	80231.238816	S	0.097150
01540441650564	80231.335967	W	0.019911
01540442032852	80231.355878	S	0.073398
01540443442088	80231.429275	W	0.014145
01540443713672	80231.443420	S	0.706698
01540457282268	80232.150118	W	0.014803
01540457566484	80232.164921	S	0.083575
01540459171128	80232.248496	W	0.014119
01540459442204	80232.262615	S	0.353353
01540466226584	80232.615968	W	0.020077
01540466612064	80232.636045	S	1.259903
01540490802196	80233.895948	W	0.023538
01540491254124	80233.919486	S	1.246631
01540515189436	80235.166116	W	0.028965
01540515745556	80235.195081	S	1.260869
01540539954248	80236.455950	W	0.019039
01540540319804	80236.474990	S	1.260984
01540564530704	80237.735974	W	0.019173
01540564898820	80237.755147	S	0.430385
01540573162204	80238.185531	W	0.021680
01540573578464	80238.207212	S	0.808768
01540589106808	80239.015980	W	0.018971
01540589471052	80239.034951	S	0.586835
01540600738284	80239.621786	W	0.014662
01540601019792	80239.636448	S	0.087282
01540602695612	80239.723730	W	0.015477
01540602992764	80239.739206	S	0.556756
01540613682480	80240.295962	W	0.018868
01540614044744	80240.314830	S	0.894860
01540631226064	80241.209691	W	0.014692
01540631508152	80241.224383	S	0.295270
01540637177340	80241.519653	W	0.037608
01540637899416	80241.557261	S	0.018659
01540638257664	80241.575920	W	0.018999
01540638622452	80241.594919	S	1.260973
01540662833124	80242.855892	W	0.018786
01540663193820	80242.874678	S	0.637800
01540675439576	80243.512478	W	0.014314
01540675714412	80243.526792	S	0.609141
01540687409928	80244.135934	W	0.019339
01540687781228	80244.155272	S	0.075383
01540689228580	80244.230655	W	0.015000
01540689516580	80244.245655	S	0.494779
01540699016340	80244.740434	W	0.018796
01540699377216	80244.759230	S	0.351209
01540706120420	80245.110439	W	7.017686
01540840859992	80252.128125	S	0.967726
01540859440340	80253.095851	W	0.020114
01540859826536	80253.115965	S	0.178375
01540863251332	80253.294340	W	0.014975
01540863538860	80253.309316	S	0.648203
01540875984356	80253.957519	W	0.014290
01540876258724	80253.971809	S	0.003243
01540876320980	80253.975051	W	0.014592
01540876601144	80253.989643	S	0.386243
01540884017012	80254.375886	W	0.020118
01540884403280	80254.396004	S	0.585270
01540895640468	80254.981274	W	0.014399
01540895916928	80254.995673	S	0.660235
01540908593440	80255.655908	W	0.019918
01540908975856	80255.675826	S	0.639328
01540921250952	80256.315154	W	0.022290
01540921678928	80256.337444	S	0.598411
01540933168412	80256.935855	W	0.020134
01540933554976	80256.955988	S	1.259824
01540957743592	80258.215812	W	0.020221
01540958131840	80258.236033	S	0.333528
01540964535580	80258.569561	W	 - 

End : 2629948725, 80259.665690sec
