Start : 973674716, 29714.194220sec

Sleep Statics
===== Client : 0 - MPSS =====
Time Sleep : 66494430684
Time Awake : 5966475280
Sleep : 91.765939% Awake : 8.234061%
Log available 25940 ~ 29714sec
Client : 0, Discarded : 0
Client : 0, Discarded Time : 0

Time sclk	Time sec	Status	Duration
===== Client : 0 - MPSS =====
00498051635364	25940.189342	S	0.619317
00498063526260	25940.808659	W	0.013642
00498063788188	25940.822301	S	0.627261
00498075831600	25941.449563	W	0.015234
00498076124100	25941.464797	S	0.626655
00498088155880	25942.091452	W	0.014820
00498088440432	25942.106273	S	0.625992
00498100459476	25942.732264	W	0.015045
00498100748344	25942.747310	S	0.626339
00498112774052	25943.373649	W	0.015313
00498113068068	25943.388962	S	0.626874
00498125104048	25944.015836	W	0.012154
00498125337404	25944.027990	S	0.624256
00498137323112	25944.652245	W	0.017304
00498137655348	25944.669549	S	0.618160
00498149524020	25945.287709	W	0.015358
00498149818888	25945.303067	S	0.625674
00498161831824	25945.928741	W	0.016142
00498162141756	25945.944883	S	0.626312
00498174166944	25946.571195	W	0.014832
00498174451720	25946.586027	S	0.627005
00498186490220	25947.213032	W	0.014585
00498186770248	25947.227617	S	0.626990
00498198808460	25947.854607	W	0.012133
00498199041416	25947.866740	S	0.627840
00498211095952	25948.494581	W	0.015005
00498211384048	25948.509586	S	0.622420
00498223334508	25949.132006	W	0.041846
00498224137956	25949.173852	S	0.594287
00498235548260	25949.768139	W	0.014120
00498235819360	25949.782258	S	0.626540
00498247848928	25950.408798	W	0.013447
00498248107104	25950.422245	S	0.628718
00498260178484	25951.050963	W	0.013982
00498260446940	25951.064945	S	0.627752
00498272499772	25951.692696	W	0.015137
00498272790400	25951.707833	S	0.624389
00498284778660	25952.332222	W	0.015249
00498285071436	25952.347471	S	0.624753
00498297066692	25952.972224	W	0.015908
00498297372116	25952.988131	S	0.624178
00498309356340	25953.612309	W	0.016933
00498309681448	25953.629242	S	0.618454
00498321555756	25954.247696	W	0.014963
00498321843040	25954.262658	S	0.626109
00498333864328	25954.888767	W	0.016172
00498334174840	25954.904940	S	0.625165
00498346178000	25955.530104	W	0.015049
00498346466940	25955.545153	S	0.625992
00498358485988	25956.171145	W	0.016463
00498358802080	25956.187608	S	0.624536
00498370793176	25956.812145	W	0.015069
00498371082492	25956.827213	S	0.624962
00498383081768	25957.452175	W	0.015983
00498383388636	25957.468158	S	0.624013
00498395369688	25958.092171	W	0.016995
00498395695988	25958.109166	S	0.618537
00498407571908	25958.727704	W	0.015108
00498407861980	25958.742811	S	0.625982
00498419880832	25959.368793	W	0.015299
00498420174572	25959.384092	S	0.625958
00498432192960	25960.010050	W	0.016204
00498432504068	25960.026254	S	0.624892
00498444502004	25960.651146	W	0.015177
00498444793396	25960.666323	S	0.627042
00498456832608	25961.293365	W	0.013506
00498457091920	25961.306871	S	0.627416
00498469138308	25961.934287	W	0.014011
00498469407328	25961.948298	S	0.626710
00498481440168	25962.575009	W	0.015920
00498481745836	25962.590929	S	0.617692
00498493605516	25963.208621	W	0.012167
00498493839132	25963.220788	S	0.628649
00498505909200	25963.849438	W	0.014721
00498506191844	25963.864159	S	0.625869
00498518208520	25964.490027	W	0.013542
00498518468520	25964.503569	S	0.627516
00498530516824	25965.131085	W	0.015367
00498530811872	25965.146452	S	0.625963
00498542830360	25965.772415	W	0.013367
00498543087000	25965.785781	S	0.626398
00498555113848	25966.412180	W	0.015469
00498555410844	25966.427648	S	0.624460
00498567400468	25967.052108	W	0.017256
00498567731780	25967.069364	S	0.618254
00498579602264	25967.687618	W	0.015427
00498579898456	25967.703045	S	0.625659
00498591911116	25968.328704	W	0.015039
00498592199868	25968.343743	S	0.063868
00498593426132	25968.407611	W	0.015363
00498593721108	25968.422974	S	0.547153
00498604226436	25968.970127	W	0.016762
00498604548276	25968.986889	S	0.624181
00498616532556	25969.611071	W	0.015285
00498616826032	25969.626356	S	0.625776
00498628840928	25970.252132	W	0.015754
00498629143396	25970.267885	S	0.621782
00498641081612	25970.889667	W	0.018501
00498641436836	25970.908169	S	0.622343
00498653385816	25971.530511	W	0.019100
00498653752532	25971.549611	S	0.616732
00498665593792	25972.166343	W	0.017527
00498665930308	25972.183870	S	0.623667
00498677904720	25972.807538	W	0.019012
00498678269748	25972.826549	S	0.622378
00498690219404	25973.448927	W	0.017527
00498690555928	25973.466455	S	0.623689
00498702530764	25974.090144	W	0.018672
00498702889268	25974.108816	S	0.622908
00498714849104	25974.731724	W	0.015638
00498715149356	25974.747362	S	0.621869
00498727089236	25975.369231	W	0.018607
00498727446492	25975.387838	S	0.622953
00498739407180	25976.010791	W	0.017460
00498739742412	25976.028251	S	0.626220
00498751765828	25976.654470	W	0.015667
00498752066640	25976.670138	S	0.617487
00498763922396	25977.287625	W	0.015147
00498764213212	25977.302771	S	0.626738
00498776246580	25977.929509	W	0.015424
00498776542720	25977.944933	S	0.625777
00498788557632	25978.570710	W	0.015105
00498788847652	25978.585815	S	0.626128
00498800869316	25979.211944	W	0.052989
00498801886696	25979.264932	S	0.587063
00498813158296	25979.851995	W	0.015189
00498813449928	25979.867184	S	0.622353
00498825399108	25980.489537	W	0.019974
00498825782612	25980.509511	S	0.621432
00498837714108	25981.130943	W	0.018348
00498838066392	25981.149291	S	0.617100
00498849914704	25981.766391	W	0.015346
00498850209352	25981.781737	S	0.627675
00498862260712	25982.409412	W	0.015416
00498862556708	25982.424829	S	0.623305
00498874524172	25983.048134	W	0.017854
00498874866968	25983.065988	S	0.624181
00498886851236	25983.690169	W	0.016980
00498887177248	25983.707148	S	0.623825
00498899154696	25984.330974	W	0.017912
00498899498604	25984.348886	S	0.622146
00498911443816	25984.971032	W	0.018463
00498911798308	25984.989495	S	0.621558
00498923732220	25985.611053	W	0.019817
00498924112708	25985.630870	S	0.615672
00498935933604	25986.246542	W	0.017449
00498936268616	25986.263990	S	0.623685
00498948243368	25986.887675	W	0.018760
00498948603564	25986.906436	S	0.623654
00498960577724	25987.530090	W	0.017670
00498960916988	25987.547760	S	0.623417
00498972886596	25988.171177	W	0.017985
00498973231904	25988.189162	S	0.622015
00498985174592	25988.811177	W	0.017472
00498985510052	25988.828649	S	0.622620
00498997464364	25989.451269	W	0.017933
00498997808668	25989.469201	S	0.622511
00499009760884	25990.091713	W	0.017550
00499010097844	25990.109263	S	0.617903
00499021961576	25990.727165	W	0.015463
00499022258472	25990.742629	S	0.623227
00499034224432	25991.365856	W	0.017680
00499034563896	25991.383536	S	0.624660
00499046557360	25992.008196	W	0.016516
00499046874464	25992.024712	S	0.627113
00499058915028	25992.651824	W	0.017596
00499059252880	25992.669421	S	0.622233
00499071199748	25993.291654	W	0.015495
00499071497260	25993.307149	S	0.624503
00499083487712	25993.931652	W	0.016885
00499083811900	25993.948536	S	0.620780
00499095730884	25994.569317	W	0.021552
00499096144684	25994.590869	S	0.614864
00499107950064	25995.205732	W	0.017539
00499108286808	25995.223271	S	0.624463
00499120276492	25995.847734	W	0.015425
00499120572648	25995.863159	S	0.625897
00499132589872	25996.489056	W	0.015669
00499132890720	25996.504725	S	0.623301
00499144858108	25997.128026	W	0.017964
00499145203024	25997.145991	S	0.624102
00499157185788	25997.770093	W	0.017977
00499157530944	25997.788070	S	0.623034
00499169493196	25998.411104	W	0.017145
00499169822372	25998.428249	S	0.622820
00499181780512	25999.051068	W	0.018032
00499182126736	25999.069101	S	0.617996
00499193992268	25999.687097	W	0.015452
00499194288952	25999.702550	S	0.625722
00499206302816	26000.328272	W	0.015341
00499206597368	26000.343613	S	0.623581
00499218570116	26000.967194	W	0.017703
00499218910008	26000.984896	S	0.624250
00499230895612	26001.609146	W	0.017429
00499231230256	26001.626576	S	0.624145
00499243213844	26002.250721	W	0.017542
00499243550660	26002.268264	S	0.622540
00499255503428	26002.890804	W	0.018294
00499255854680	26002.909098	S	0.624928
00499267853296	26003.534026	W	0.016745
00499268174804	26003.550771	S	0.616075
00499280003444	26004.166846	W	0.014931
00499280290120	26004.181777	S	0.626580
00499292320448	26004.808357	W	0.016655
00499292640228	26004.825012	S	0.622207
00499304586604	26005.447219	W	0.017579
00499304924112	26005.464798	S	0.624390
00499316912400	26006.089188	W	0.017420
00499317246860	26006.106607	S	0.624585
00499329238900	26006.731193	W	0.015263
00499329531952	26006.746456	S	0.624761
00499341527356	26007.371216	W	0.015649
00499341827812	26007.386865	S	0.628393
00499353892960	26008.015258	W	0.013564
00499354153384	26008.028822	S	0.617649
00499366012236	26008.646471	W	0.015381
00499366307544	26008.661851	S	0.626195
00499378330480	26009.288046	W	0.039522
00499379089304	26009.327568	S	0.602153
00499390650644	26009.929721	W	0.015619
00499390950536	26009.945340	S	0.626442
00499402978220	26010.571782	W	0.012222
00499403212888	26010.584005	S	0.628815
00499415286128	26011.212819	W	0.014369
00499415562004	26011.227188	S	0.624781
00499427557792	26011.851968	W	0.015326
00499427852048	26011.867294	S	0.624669
00499439845692	26012.491963	W	0.016216
00499440157040	26012.508179	S	0.619178
00499452045256	26013.127357	W	0.015276
00499452338552	26013.142633	S	0.626325
00499464364000	26013.768958	W	0.014419
00499464640836	26013.783377	S	0.627432
00499476687536	26014.410809	W	0.012064
00499476919160	26014.422873	S	0.627659
00499488970216	26015.050532	W	0.015436
00499489266588	26015.065968	S	0.625743
00499501280856	26015.691711	W	0.015366
00499501575888	26015.707077	S	0.626551
00499513605676	26016.333629	W	0.014372
00499513881628	26016.348001	S	0.626597
00499525912284	26016.974598	W	0.013678
00499526174892	26016.988276	S	0.626313
00499538200108	26017.614589	W	0.015336
00499538494552	26017.629925	S	0.619372
00499550386500	26018.249297	W	0.012291
00499550622480	26018.261588	S	0.628304
00499562685912	26018.889891	W	0.014719
00499562968516	26018.904610	S	0.626294
00499574993364	26019.530904	W	0.013529
00499575253128	26019.544434	S	0.628763
00499587325372	26020.173196	W	0.013345
00499587581600	26020.186542	S	0.627129
00499599622476	26020.813671	W	0.013474
00499599881176	26020.827145	S	0.627974
00499611938268	26021.455118	W	0.014159
00499612210124	26021.469277	S	0.624225
00499624195244	26022.093502	W	0.015364
00499624490236	26022.108866	S	0.618949
00499636374052	26022.727815	W	0.014122
00499636645204	26022.741938	S	0.628704
00499648716316	26023.370641	W	0.012248
00499648951484	26023.382890	S	0.627946
00499661008048	26024.010836	W	0.015182
00499661299544	26024.026018	S	0.626102
00499673320700	26024.652120	W	0.013287
00499673575812	26024.665407	S	0.627843
00499685630400	26025.293250	W	0.014655
00499685911780	26025.307905	S	0.626694
00499697944308	26025.934599	W	0.013432
00499698202212	26025.948032	S	0.623897
00499710181036	26026.571929	W	0.017244
00499710512116	26026.589173	S	0.618146
00499722380516	26027.207319	W	0.015243
00499722673172	26027.222561	S	0.625856
00499734689600	26027.848417	W	0.016194
00499735000532	26027.864611	S	0.626217
00499747023904	26028.490828	W	0.015256
00499747316812	26028.506084	S	0.625845
00499759333044	26029.131929	W	0.015238
00499759625612	26029.147167	S	0.624771
00499771621220	26029.771939	W	0.015420
00499771917292	26029.787359	S	0.077614
00499773407472	26029.864972	W	0.015534
00499773705720	26029.880506	S	0.529004
00499783862588	26030.409510	W	0.019802
00499784242788	26030.429312	S	0.620953
00499796165088	26031.050265	W	0.020005
00499796549176	26031.070270	S	0.615825
00499808373012	26031.686094	W	0.017526
00499808709504	26031.703620	S	0.624103
00499820692272	26032.327722	W	0.015175
00499820983640	26032.342898	S	0.627069
00499833023368	26032.969967	W	0.014808
00499833307680	26032.984775	S	0.623898
00499845286520	26033.608673	W	0.018458
00499845640908	26033.627131	S	0.623794
00499857617752	26034.250925	W	0.017361
00499857951080	26034.268285	S	0.623613
00499869924456	26034.891899	W	0.016000
00499870231656	26034.907899	S	0.623058
00499882194360	26035.530956	W	0.018188
00499882543568	26035.549144	S	0.617741
00499894404188	26036.166885	W	0.015282
00499894697600	26036.182167	S	0.625912
00499906715116	26036.808079	W	0.016773
00499907037156	26036.824852	S	0.622127
00499918981996	26037.446979	W	0.017642
00499919320732	26037.464621	S	0.624352
00499931308292	26038.088974	W	0.017899
00499931651948	26038.106872	S	0.623589
00499943624856	26038.730461	W	0.017764
00499943965916	26038.748225	S	0.622367
00499955915372	26039.370592	W	0.043041
00499956741760	26039.413633	S	0.597047
00499968205056	26040.010680	W	0.019922
00499968587560	26040.030602	S	0.616002
00499980414800	26040.646604	W	0.018940
00499980778440	26040.665544	S	0.621909
00499992719084	26041.287452	W	0.017564
00499993056320	26041.305017	S	0.624198
00500005040924	26041.929215	W	0.015369
00500005336004	26041.944584	S	0.625690
00500017349252	26042.570274	W	0.015579
00500017648360	26042.585852	S	0.623103
00500029611940	26043.208955	W	0.018129
00500029960024	26043.227085	S	0.622852
00500041918776	26043.849936	W	0.019512
00500042293400	26043.869448	S	0.621020
00500054216976	26044.490467	W	0.020228
00500054605352	26044.510695	S	0.615352
00500066420108	26045.126047	W	0.016902
00500066744628	26045.142949	S	0.625161
00500078747720	26045.768110	W	0.016296
00500079060600	26045.784406	S	0.625036
00500091061300	26046.409443	W	0.015061
00500091350480	26046.424504	S	0.626091
00500103371420	26047.050595	W	0.015518
00500103669368	26047.066113	S	0.623089
00500115632680	26047.689202	W	0.017294
00500115964716	26047.706496	S	0.624050
00500127946472	26048.330545	W	0.016129
00500128256144	26048.346674	S	0.626484
00500140284636	26048.973158	W	0.015868
00500140589300	26048.989026	S	0.617622
00500152447648	26049.606648	W	0.015422
00500152743748	26049.622070	S	0.625804
00500164759180	26050.247874	W	0.015085
00500165048804	26050.262959	S	0.624199
00500177033424	26050.887158	W	0.017634
00500177371988	26050.904791	S	0.624251
00500189357616	26051.529042	W	0.017446
00500189692580	26051.546489	S	0.624049
00500201674316	26052.170537	W	0.017564
00500202011548	26052.188101	S	0.622509
00500213963716	26052.810610	W	0.017234
00500214294600	26052.827844	S	0.624009
00500226275572	26053.451853	W	0.017730
00500226615992	26053.469583	S	0.616791
00500238458380	26054.086374	W	0.017520
00500238794768	26054.103894	S	0.623561
00500250767136	26054.727455	W	0.018706
00500251126296	26054.746161	S	0.622561
00500263079468	26055.368722	W	0.017079
00500263407380	26055.385801	S	0.624148
00500275391016	26056.009949	W	0.018840
00500275752736	26056.028788	S	0.622116
00500287697368	26056.650905	W	0.017560
00500288034512	26056.668464	S	0.623435
00500300004472	26057.291900	W	0.014493
00500300282732	26057.306392	S	0.623560
00500312255076	26057.929952	W	0.017934
00500312599416	26057.947886	S	0.622939
00500324559840	26058.570825	W	0.018516
00500324915352	26058.589341	S	0.615989
00500336742336	26059.205330	W	0.017649
00500337081188	26059.222979	S	0.624791
00500349077176	26059.847770	W	0.016604
00500349395968	26059.864373	S	0.626002
00500361415208	26060.490375	W	0.017274
00500361746868	26060.507649	S	0.623785
00500373723544	26061.131435	W	0.018653
00500374081688	26061.150088	S	0.620761
00500386000304	26061.770849	W	0.017593
00500386338084	26061.788442	S	0.622406
00500398288288	26062.410848	W	0.018585
00500398645128	26062.429434	S	0.621396
00500410575940	26063.050830	W	0.019309
00500410946664	26063.070139	S	0.616071
00500422775232	26063.686210	W	0.017921
00500423119312	26063.704131	S	0.624552
00500435110716	26064.328683	W	0.017738
00500435451284	26064.346421	S	0.623333
00500447419284	26064.969754	W	0.019071
00500447785452	26064.988826	S	0.621977
00500459727416	26065.610803	W	0.017288
00500460059340	26065.628091	S	0.622866
00500472018368	26066.250957	W	0.017430
00500472353032	26066.268387	S	0.622505
00500484305124	26066.890892	W	0.018453
00500484659420	26066.909345	S	0.621405
00500496590388	26067.530749	W	0.019477
00500496964340	26067.550226	S	0.616008
00500508791700	26068.166234	W	0.017773
00500509132940	26068.184007	S	0.623275
00500521099824	26068.807283	W	0.018504
00500521455092	26068.825786	S	0.624436
00500533444256	26069.450222	W	0.039973
00500534211728	26069.490194	S	0.598600
00500545704844	26070.088794	W	0.018066
00500546051708	26070.106860	S	0.622977
00500558012876	26070.729837	W	0.018154
00500558361436	26070.747991	S	0.622581
00500570314992	26071.370572	W	0.018783
00500570675616	26071.389355	S	0.621271
00500582604028	26072.010626	W	0.019779
00500582983780	26072.030405	S	0.616890
00500594828072	26072.647295	W	0.018722
00500595187536	26072.666017	S	0.621262
00500607115768	26073.287280	W	0.017821
00500607457940	26073.305101	S	0.623502
00500619429172	26073.928603	W	0.018793
00500619789996	26073.947396	S	0.623375
00500631758792	26074.570770	W	0.017754
00500632099676	26074.588525	S	0.622184
00500644045600	26075.210708	W	0.017563
00500644382808	26075.228271	S	0.622469
00500656334208	26075.850740	W	0.018571
00500656690772	26075.869311	S	0.621564
00500668624800	26076.490875	W	0.019308
00500668995508	26076.510183	S	0.616020
00500680823096	26077.126203	W	0.017718
00500681163272	26077.143920	S	0.623391
00500693132388	26077.767312	W	0.018705
00500693491528	26077.786017	S	0.622599
00500705445432	26078.408616	W	0.017449
00500705780444	26078.426065	S	0.623697
00500717755424	26079.049762	W	0.018850
00500718117344	26079.068612	S	0.622165
00500730062904	26079.690776	W	0.017816
00500730404972	26079.708592	S	0.622177
00500742350776	26080.330770	W	0.018640
00500742708656	26080.349409	S	0.621345
00500754638484	26080.970754	W	0.019656
00500755015880	26080.990410	S	0.615953
00500766842176	26081.606363	W	0.018716
00500767201516	26081.625079	S	0.622642
00500779156244	26082.247721	W	0.015269
00500779449412	26082.262990	S	0.623569
00500791421940	26082.886559	W	0.018000
00500791767548	26082.904560	S	0.624069
00500803749664	26083.528628	W	0.017537
00500804086372	26083.546165	S	0.624029
00500816067736	26084.170195	W	0.017972
00500816412808	26084.188167	S	0.622184
00500828358740	26084.810351	W	0.018913
00500828721868	26084.829264	S	0.621140
00500840647756	26085.450404	W	0.020091
00500841033504	26085.470495	S	0.615457
00500852850276	26086.085952	W	0.017218
00500853180860	26086.103170	S	0.624275
00500865166940	26086.727445	W	0.018931
00500865530408	26086.746375	S	0.622706
00500877486356	26087.369081	W	0.015525
00500877784440	26087.384606	S	0.623041
00500889746820	26088.007647	W	0.017966
00500890091768	26088.025613	S	0.624064
00500902073800	26088.649677	W	0.017484
00500902409492	26088.667161	S	0.623044
00500914371932	26089.290205	W	0.017746
00500914712652	26089.307951	S	0.622376
00500926662276	26089.930327	W	0.019739
00500927041272	26089.950066	S	0.615829
00500938865188	26090.565895	W	0.017589
00500939202900	26090.583484	S	0.623606
00500951176128	26091.207090	W	0.016779
00500951498280	26091.223869	S	0.067347
00500952791336	26091.291215	W	0.015248
00500953084104	26091.306464	S	0.542359
00500963497400	26091.848823	W	0.017713
00500963837492	26091.866536	S	0.623066
00500975800360	26092.489602	W	0.017785
00500976141824	26092.507387	S	0.623283
00500988108856	26093.130670	W	0.017862
00500988451804	26093.148531	S	0.622164
00501000397344	26093.770695	W	0.017532
00501000733968	26093.788228	S	0.622456
00501012685116	26094.410683	W	0.018363
00501013037676	26094.429046	S	0.617141
00501024886776	26095.046186	W	0.017623
00501025225144	26095.063810	S	0.623471
00501037195796	26095.687281	W	0.018690
00501037554644	26095.705971	S	0.622576
00501049508112	26096.328548	W	0.017121
00501049836836	26096.345669	S	0.624289
00501061823192	26096.969958	W	0.019332
00501062194368	26096.989290	S	0.621401
00501074125260	26097.610691	W	0.016076
00501074433912	26097.626766	S	0.625021
00501086434308	26098.251787	W	0.017804
00501086776152	26098.269591	S	0.621211
00501098703412	26098.890803	W	0.018408
00501099056840	26098.909210	S	0.621504
00501110989724	26099.530715	W	0.043345
00501111821956	26099.574060	S	0.593128
00501123210004	26100.167188	W	0.017455
00501123545132	26100.184642	S	0.623883
00501135523676	26100.808525	W	1.526175
00501164826232	26102.334700	S	0.383444
00501172188364	26102.718144	W	0.071814
00501173567200	26102.789958	S	0.572909
00501184567052	26103.362867	W	0.095335
00501186397476	26103.458202	S	0.545020
00501196861852	26104.003221	W	0.921733
00501214559124	26104.924954	S	0.001685
00501214591476	26104.926639	W	0.001043
00501214611492	26104.927682	S	0.002819
00501214665612	26104.930501	W	0.000959
00501214684020	26104.931459	S	0.001806
00501214718692	26104.933265	W	0.000905
00501214736064	26104.934170	S	0.004042
00501214813664	26104.938212	W	0.000935
00501214831612	26104.939146	S	0.004801
00501214923784	26104.943947	W	0.000954
00501214942092	26104.944901	S	0.012123
00501215174848	26104.957023	W	0.000934
00501215192788	26104.957958	S	0.006439
00501215316424	26104.964397	W	0.001070
00501215336968	26104.965467	S	0.168652
00501218575080	26105.134119	W	0.071746
00501219952608	26105.205865	S	0.715242
00501233685256	26105.921107	W	0.088396
00501235382468	26106.009504	S	1.195611
00501258338208	26107.205115	W	0.026879
00501258854276	26107.231994	S	0.010222
00501259050544	26107.242216	W	0.001187
00501259073340	26107.243403	S	0.007257
00501259212680	26107.250660	W	0.001007
00501259232016	26107.251668	S	0.003451
00501259298272	26107.255118	W	0.000906
00501259315672	26107.256025	S	0.004876
00501259409284	26107.260900	W	0.001049
00501259429432	26107.261950	S	0.002057
00501259468920	26107.264006	W	0.001023
00501259488560	26107.265029	S	0.001969
00501259526372	26107.266999	W	0.001001
00501259545588	26107.267999	S	0.003370
00501259610284	26107.271369	W	0.001085
00501259631112	26107.272454	S	0.002040
00501259670284	26107.274494	W	0.001030
00501259690056	26107.275524	S	0.011844
00501259917460	26107.287368	W	0.000950
00501259935708	26107.288318	S	0.009362
00501260115468	26107.297681	W	0.000977
00501260134228	26107.298658	S	0.007062
00501260269820	26107.305720	W	0.001174
00501260292364	26107.306894	S	0.008910
00501260463444	26107.315804	W	0.001162
00501260485748	26107.316966	S	0.009826
00501260674408	26107.326792	W	0.000961
00501260692852	26107.327753	S	0.008280
00501260851828	26107.336033	W	0.001077
00501260872508	26107.337110	S	0.007844
00501261023120	26107.344954	W	0.001139
00501261044996	26107.346094	S	0.006639
00501261172468	26107.352733	W	0.000970
00501261191084	26107.353702	S	0.007131
00501261327996	26107.360833	W	0.001195
00501261350940	26107.362028	S	0.017659
00501261689984	26107.379687	W	0.001172
00501261712480	26107.380858	S	0.010385
00501261911880	26107.391244	W	0.000998
00501261931040	26107.392242	S	0.009311
00501262109820	26107.401553	W	0.001091
00501262130776	26107.402645	S	0.008658
00501262297008	26107.411303	W	0.001221
00501262320456	26107.412524	S	0.008075
00501262475500	26107.420599	W	0.001210
00501262498728	26107.421809	S	1.055037
00501282755440	26108.476846	W	0.035289
00501283432984	26108.512135	S	0.698004
00501296834668	26109.210139	W	0.001538
00501296864196	26109.211677	S	0.553494
00501307491288	26109.765171	W	0.026996
00501308009604	26109.792167	S	1.252899
00501332065272	26111.045066	W	0.027038
00501332584400	26111.072104	S	1.264091
00501356854944	26112.336195	W	0.015973
00501357161616	26112.352168	S	1.264041
00501381431204	26113.616209	W	0.015943
00501381737316	26113.632152	S	0.747657
00501396092324	26114.379809	W	0.001476
00501396120660	26114.381284	S	0.475381
00501405247968	26114.856665	W	0.012289
00501405483912	26114.868954	S	0.002848
00501405538584	26114.871801	W	0.000366
00501405545604	26114.872167	S	0.001388
00501405572244	26114.873554	W	0.000050
00501405573208	26114.873605	S	0.001353
00501405599180	26114.874957	W	0.000120
00501405601492	26114.875078	S	0.003012
00501405659320	26114.878090	W	0.000062
00501405660516	26114.878152	S	0.002061
00501405700080	26114.880213	W	0.000371
00501405707200	26114.880583	S	0.001371
00501405733524	26114.881954	W	0.000050
00501405734484	26114.882004	S	0.014549
00501406013828	26114.896554	W	0.692538
00501419310548	26115.589091	S	0.007858
00501419461416	26115.596949	W	0.001158
00501419483656	26115.598107	S	0.006981
00501419617684	26115.605088	W	0.000969
00501419636284	26115.606056	S	0.001683
00501419668600	26115.607740	W	0.000919
00501419686248	26115.608659	S	0.005034
00501419782896	26115.613692	W	0.001019
00501419802460	26115.614711	S	0.015341
00501420097004	26115.630052	W	0.001027
00501420116724	26115.631079	S	0.531174
00501430315256	26116.162253	W	0.078346
00501431819492	26116.240599	S	1.215626
00501455159516	26117.456225	W	0.015944
00501455465636	26117.472169	S	0.390570
00501462964588	26117.862739	W	0.001423
00501462991912	26117.864162	S	0.872074
00501479735740	26118.736236	W	0.015902
00501480041064	26118.752139	S	1.264046
00501504310752	26120.016185	W	0.015667
00501504611564	26120.031852	S	1.264329
00501528886688	26121.296182	W	0.015658
00501529187320	26121.311840	S	1.264325
00501553462368	26122.576165	W	0.015841
00501553766524	26122.592006	S	1.264166
00501578038508	26123.856172	W	0.015630
00501578338600	26123.871802	S	1.264383
00501602614748	26125.136185	W	0.015668
00501602915568	26125.151852	S	0.367706
00501609975528	26125.519559	W	3.534871
00501677845048	26129.054430	S	0.543566
00501688281520	26129.597996	W	0.028206
00501688823068	26129.626201	S	0.617597
00501700680928	26130.243798	W	0.092839
00501702463436	26130.336637	S	0.548470
00501712994064	26130.885107	W	0.024023
00501713455312	26130.909131	S	0.613185
00501725228464	26131.522316	W	0.017839
00501725570964	26131.540154	S	0.625483
00501737580244	26132.165638	W	0.015490
00501737877656	26132.181128	S	0.626987
00501749915804	26132.808115	W	0.014966
00501750203152	26132.823081	S	0.626823
00501762238156	26133.449904	W	0.015119
00501762528444	26133.465023	S	0.626043
00501774548472	26134.091066	W	0.015301
00501774842252	26134.106367	S	0.338447
00501781340432	26134.444814	W	0.001496
00501781369164	26134.446311	S	0.002213
00501781411660	26134.448524	W	0.001156
00501781433864	26134.449680	S	0.281427
00501786837272	26134.731108	W	0.015222
00501787129544	26134.746330	S	0.624899
00501799127608	26135.371230	W	0.016170
00501799438068	26135.387399	S	0.619327
00501811329148	26136.006726	W	0.015147
00501811619968	26136.021873	S	0.626796
00501823654456	26136.648670	W	0.014127
00501823925696	26136.662797	S	0.625495
00501835935196	26137.288291	W	0.014171
00501836207284	26137.302463	S	0.628238
00501848269452	26137.930701	W	0.014102
00501848540208	26137.944802	S	0.613236
00501860314348	26138.558039	W	0.005562
00501860421140	26138.563601	S	0.009426
00501860602116	26138.573027	W	0.011707
00501860826888	26138.584734	S	0.627136
00501872867892	26139.211869	W	0.015175
00501873159248	26139.227044	S	0.627632
00501885209776	26139.854676	W	0.012698
00501885453576	26139.867374	S	0.626627
00501897484816	26140.494001	W	0.016069
00501897793348	26140.510070	S	0.617792
00501909654952	26141.127862	W	0.013475
00501909913672	26141.141337	S	0.627886
00501921969080	26141.769223	W	0.016180
00501922279728	26141.785403	S	0.624860
00501934277032	26142.410262	W	0.014802
00501934561232	26142.425064	S	0.626300
00501946586196	26143.051364	W	0.014927
00501946872792	26143.066291	S	0.625162
00501958875896	26143.691453	W	0.014976
00501959163432	26143.706429	S	0.624943
00501971162332	26144.331371	W	0.015935
00501971468284	26144.347306	S	0.624551
00501983459668	26144.971858	W	0.016578
00501983777964	26144.988436	S	0.617314
00501995630400	26145.605750	W	0.015229
00501995922800	26145.620979	S	0.627766
00502007975900	26146.248745	W	0.014968
00502008263288	26146.263713	S	0.627231
00502020306120	26146.890944	W	0.013811
00502020571300	26146.904755	S	0.627266
00502032614808	26147.532021	W	0.012967
00502032863784	26147.544989	S	0.627797
00502044917484	26148.172786	W	0.014655
00502045198856	26148.187440	S	0.626730
00502057232068	26148.814170	W	0.013391
00502057489168	26148.827561	S	0.626527
00502069518484	26149.454088	W	0.015315
00502069812532	26149.469403	S	0.617991
00502081677968	26150.087394	W	0.012715
00502081922092	26150.100109	S	0.627881
00502093977416	26150.727990	W	0.015197
00502094269204	26150.743188	S	0.627057
00502106308704	26151.370245	W	0.015125
00502106599112	26151.385370	S	0.625986
00502118618044	26152.011356	W	0.015400
00502118913716	26152.026756	S	0.624598
00502130905992	26152.651354	W	0.015302
00502131199792	26152.666656	S	0.078646
00502132709792	26152.745302	W	0.015317
00502133003876	26152.760619	S	0.530743
00502143194148	26153.291362	W	0.016214
00502143505452	26153.307576	S	0.624221
00502155490500	26153.931797	W	0.016569
00502155808620	26153.948366	S	0.617354
00502167661812	26154.565719	W	0.015749
00502167964184	26154.581468	S	0.623327
00502179932068	26155.204795	W	0.017419
00502180266516	26155.222214	S	0.625500
00502192276108	26155.847714	W	0.015688
00502192577316	26155.863402	S	0.623974
00502204557624	26156.487376	W	0.018594
00502204914636	26156.505971	S	0.623445
00502216884788	26157.129416	W	0.017115
00502217213388	26157.146531	S	0.620373
00502229124552	26157.766904	W	0.021357
00502229534604	26157.788261	S	0.620886
00502241455612	26158.409146	W	0.019848
00502241836696	26158.428995	S	0.613117
00502253608536	26159.042111	W	0.019387
00502253980772	26159.061499	S	0.623588
00502265953656	26159.685086	W	0.017538
00502266290384	26159.702624	S	0.624760
00502278285772	26160.327384	W	0.041781
00502279087960	26160.369165	S	0.599829
00502290604676	26160.968994	W	0.017746
00502290945400	26160.986740	S	0.623370
00502302914100	26161.610109	W	0.017617
00502303252352	26161.627727	S	0.622429
00502315202980	26162.250155	W	0.018549
00502315559112	26162.268704	S	0.621542
00502327492716	26162.890246	W	0.018980
00502327857136	26162.909226	S	0.616994
00502339703416	26163.526220	W	0.015249
00502339996204	26163.541469	S	0.626662
00502352028108	26164.168131	W	0.012792
00502352273716	26164.180923	S	0.627605
00502364323736	26164.808528	W	0.015689
00502364624972	26164.824217	S	0.623031
00502376587164	26165.447248	W	0.017325
00502376919808	26165.464573	S	0.625257
00502388924736	26166.089830	W	0.015373
00502389219892	26166.105203	S	0.624625
00502401212688	26166.729827	W	0.017858
00502401555564	26166.747686	S	0.620346
00502413466208	26167.368032	W	0.021735
00502413883528	26167.389767	S	0.614943
00502425690428	26168.004710	W	0.017548
00502426027340	26168.022257	S	0.624044
00502438008992	26168.646302	W	0.016919
00502438333828	26168.663220	S	0.624995
00502450333724	26169.288215	W	0.017634
00502450672300	26169.305849	S	0.623481
00502462643136	26169.929330	W	0.017154
00502462972492	26169.946484	S	0.624435
00502474961636	26170.570919	W	0.015776
00502475264532	26170.586694	S	0.621757
00502487202276	26171.208452	W	0.018884
00502487564840	26171.227335	S	0.622016
00502499507548	26171.849351	W	0.020366
00502499898584	26171.869718	S	0.615667
00502511719384	26172.485385	W	0.017709
00502512059400	26172.503094	S	0.623455
00502524029732	26173.126549	W	0.017151
00502524359024	26173.143699	S	0.624303
00502536345640	26173.768002	W	0.017154
00502536674996	26173.785156	S	0.624317
00502548661876	26174.409473	W	0.017198
00502548992080	26174.426671	S	0.623721
00502560967528	26175.050392	W	0.017520
00502561303916	26175.067912	S	0.622397
00502573253944	26175.690310	W	0.017580
00502573591488	26175.707890	S	0.622431
00502585542164	26176.330321	W	0.018470
00502585896780	26176.348791	S	0.617012
00502597743420	26176.965803	W	0.017611
00502598081552	26176.983414	S	0.623442
00502610051640	26177.606856	W	0.018742
00502610411488	26177.625598	S	0.622602
00502622365452	26178.248201	W	0.017377
00502622699092	26178.265578	S	0.623673
00502634673616	26178.889251	W	0.017140
00502635002704	26178.906391	S	0.624100
00502646985420	26179.530491	W	0.017471
00502647320864	26179.547962	S	0.622295
00502659268920	26180.170256	W	0.017420
00502659603380	26180.187676	S	0.623096
00502671566816	26180.810772	W	0.016558
00502671884732	26180.827330	S	0.623455
00502683855076	26181.450785	W	0.017984
00502684200360	26181.468769	S	0.616142
00502696030284	26182.084911	W	0.017590
00502696368004	26182.102500	S	0.624749
00502708363192	26182.727250	W	0.017672
00502708702496	26182.744922	S	0.623813
00502720679700	26183.368734	W	0.017977
00502721024852	26183.386711	S	0.623191
00502732990116	26184.009902	W	0.017414
00502733324464	26184.027316	S	0.623112
00502745288224	26184.650428	W	0.017516
00502745624536	26184.667945	S	0.622373
00502757574104	26185.290318	W	0.018590
00502757931028	26185.308908	S	0.621414
00502769862180	26185.930322	W	0.019545
00502770237448	26185.949867	S	0.615810
00502782060992	26186.565677	W	0.017007
00502782387524	26186.582684	S	0.625550
00502794398080	26187.208233	W	0.017312
00502794730472	26187.225545	S	0.624125
00502806713680	26187.849671	W	0.015260
00502807006680	26187.864931	S	0.625791
00502819021864	26188.490722	W	0.015455
00502819318592	26188.506177	S	0.622166
00502831264184	26189.128343	W	0.019001
00502831629008	26189.147344	S	0.622252
00502843576248	26189.769596	W	0.018925
00502843939612	26189.788521	S	0.621431
00502855871084	26190.409952	W	0.043765
00502856711364	26190.453717	S	0.591808
00502868074068	26191.045524	W	0.017791
00502868415664	26191.063316	S	0.623315
00502880383320	26191.686631	W	0.018865
00502880745528	26191.705496	S	0.623556
00502892717804	26192.329052	W	0.017756
00502893058720	26192.346808	S	0.623350
00502905027032	26192.970158	W	0.017899
00502905370696	26192.988057	S	0.622117
00502917315344	26193.610174	W	0.017397
00502917649364	26193.627571	S	0.622616
00502929603600	26194.250188	W	0.018630
00502929961296	26194.268818	S	0.621746
00502941898828	26194.890564	W	0.077919
00502943394872	26194.968483	S	0.001711
00502943427732	26194.970194	W	0.001236
00502943451464	26194.971430	S	0.097602
00502945325432	26195.069033	W	0.001376
00502945351852	26195.070409	S	0.455297
00502954093548	26195.525706	W	0.019006
00502954458472	26195.544712	S	0.622035
00502966401552	26196.166747	W	0.017945
00502966746096	26196.184692	S	0.623350
00502978714412	26196.808042	W	0.018796
00502979075292	26196.826838	S	0.623353
00502991043668	26197.450191	W	0.015810
00502991347216	26197.466001	S	0.625296
00503003352896	26198.091297	W	0.018077
00503003699972	26198.109374	S	0.620811
00503015619544	26198.730185	W	0.018563
00503015975948	26198.748747	S	0.621365
00503027906152	26199.370112	W	0.019840
00503028287088	26199.389953	S	0.615993
00503040114156	26200.005946	W	0.017724
00503040454456	26200.023670	S	0.623138
00503052418700	26200.646807	W	0.018734
00503052778384	26200.665541	S	0.622600
00503064732296	26201.288140	W	0.017824
00503065074508	26201.305964	S	0.623148
00503077038944	26201.929112	W	0.019013
00503077404000	26201.948125	S	0.622091
00503089348152	26202.570216	W	0.017739
00503089688744	26202.587955	S	0.622258
00503101636100	26203.210214	W	0.018526
00503101991804	26203.228740	S	0.621503
00503113924668	26203.850243	W	0.019349
00503114296172	26203.869592	S	0.615946
00503126122328	26204.485538	W	0.017404
00503126456480	26204.502942	S	0.624027
00503138437808	26205.126969	W	0.017756
00503138778724	26205.144725	S	0.623410
00503150748200	26205.768135	W	0.018644
00503151106156	26205.786779	S	0.622277
00503163053876	26206.409056	W	0.017641
00503163392592	26206.426697	S	0.623479
00503175363396	26207.050177	W	0.016831
00503175686552	26207.067008	S	0.623188
00503187651764	26207.690196	W	0.018054
00503187998396	26207.708250	S	0.621980
00503199940416	26208.330230	W	0.019712
00503200318884	26208.349942	S	0.616838
00503212162180	26208.966780	W	0.017837
00503212504656	26208.984617	S	0.622093
00503224448836	26209.606710	W	0.017062
00503224776428	26209.623772	S	0.624425
00503236765392	26210.248198	W	0.017504
00503237101468	26210.265701	S	0.623416
00503249071048	26210.889117	W	0.018852
00503249433012	26210.907969	S	0.622156
00503261378400	26211.530125	W	0.017858
00503261721268	26211.547983	S	0.622131
00503273666176	26212.170113	W	0.017553
00503274003192	26212.187666	S	0.622499
00503285955176	26212.810165	W	0.018983
00503286319652	26212.829149	S	0.616431
00503298155132	26213.445580	W	0.017998
00503298500688	26213.463577	S	0.623073
00503310463684	26214.086650	W	0.017655
00503310802656	26214.104305	S	0.061097
00503311975712	26214.165402	W	0.015474
00503312272820	26214.180876	S	0.547130
00503322777716	26214.728006	W	0.018582
00503323134484	26214.746588	S	0.622551
00503335087472	26215.369139	W	0.017670
00503335426740	26215.386809	S	0.623324
00503347394556	26216.010133	W	0.017549
00503347731488	26216.027682	S	0.622489
00503359683268	26216.650170	W	0.017589
00503360020976	26216.667759	S	0.622348
00503371970064	26217.290108	W	0.018372
00503372322804	26217.308479	S	0.617149
00503384172068	26217.925629	W	0.017822
00503384514248	26217.943450	S	0.623240
00503396480464	26218.566691	W	0.018642
00503396838388	26218.585333	S	0.622702
00503408794264	26219.208035	W	0.017324
00503409126892	26219.225359	S	0.623740
00503421102696	26219.849099	W	0.017186
00503421432672	26219.866285	S	0.624038
00503433414196	26220.490323	W	0.041869
00503434218080	26220.532192	S	0.597938
00503445698480	26221.130129	W	0.017358
00503446031748	26221.147487	S	0.622614
00503457985936	26221.770101	W	0.018307
00503458337436	26221.788408	S	0.621646
00503470273048	26222.410055	W	0.019565
00503470648692	26222.429619	S	0.616982
00503482494756	26223.046602	W	0.017685
00503482834312	26223.064287	S	0.623686
00503494809088	26223.687973	W	0.018495
00503495164192	26223.706468	S	0.622471
00503507115644	26224.328940	W	0.017570
00503507452992	26224.346510	S	0.623531
00503519424784	26224.970041	W	0.017120
00503519753488	26224.987161	S	0.623237
00503531719644	26225.610398	W	0.017474
00503532055136	26225.627872	S	0.622319
00503544003664	26226.250191	W	0.018196
00503544353024	26226.268387	S	0.621753
00503556290676	26226.890139	W	0.019205
00503556659408	26226.909344	S	0.616183
00503568490128	26227.525528	W	0.019075
00503568856372	26227.544603	S	0.623346
00503580824616	26228.167949	W	0.017395
00503581158596	26228.185344	S	0.624140
00503593142088	26228.809484	W	0.015551
00503593440676	26228.825035	S	0.623014
00503605402552	26229.448050	W	0.017737
00503605743112	26229.465787	S	0.623764
00503617719380	26230.089551	W	0.016466
00503618035528	26230.106017	S	0.621032
00503629959340	26230.727049	W	0.021223
00503630366828	26230.748272	S	0.620284
00503642276276	26231.368556	W	0.021672
00503642692372	26231.390228	S	0.615627
00503654512412	26232.005855	W	0.017510
00503654848612	26232.023365	S	0.624216
00503666833556	26232.647581	W	0.015578
00503667132648	26232.663159	S	0.622390
00503679082540	26233.285549	W	0.019214
00503679451452	26233.304763	S	0.624649
00503691444716	26233.929412	W	0.017750
00503691785520	26233.947163	S	0.622650
00503703740392	26234.569812	W	0.017365
00503704073796	26234.587177	S	0.622649
00503716028656	26235.209826	W	0.018354
00503716381052	26235.228180	S	0.622143
00503728326200	26235.850323	W	0.018692
00503728685092	26235.869015	S	0.616627
00503740524340	26236.485643	W	0.018917
00503740887552	26236.504560	S	0.622008
00503752830108	26237.126568	W	0.017542
00503753166908	26237.144110	S	0.623796
00503765143784	26237.767905	W	0.018546
00503765499868	26237.786451	S	0.623599
00503777472964	26238.410050	W	0.017434
00503777807704	26238.427485	S	0.622558
00503789760820	26239.050043	W	0.017840
00503790103348	26239.067883	S	0.622111
00503802047880	26239.689994	W	0.018257
00503802398412	26239.708251	S	0.621739
00503814335808	26240.329990	W	0.019471
00503814709660	26240.349461	S	0.616172
00503826540168	26240.965634	W	0.017879
00503826883444	26240.983513	S	0.623042
00503838845848	26241.606555	W	0.018669
00503839204288	26241.625223	S	0.622707
00503851160264	26242.247930	W	0.017463
00503851495552	26242.265393	S	0.623545
00503863467612	26242.888938	W	0.017419
00503863802060	26242.906357	S	0.623706
00503875777208	26243.530063	W	0.017514
00503876113468	26243.547576	S	0.622516
00503888065784	26244.170093	W	0.017964
00503888410696	26244.188057	S	0.621987
00503900352848	26244.810044	W	0.019224
00503900721952	26244.829268	S	0.616138
00503912551804	26245.445406	W	0.017422
00503912886304	26245.462828	S	0.624031
00503924867696	26246.086859	W	0.017779
00503925209044	26246.104638	S	0.623202
00503937174516	26246.727839	W	0.018579
00503937531224	26246.746418	S	0.622505
00503949483320	26247.368923	W	0.017544
00503949820164	26247.386467	S	0.623482
00503961791020	26248.009949	W	0.017566
00503962128280	26248.027515	S	0.622511
00503974080500	26248.650026	W	0.018158
00503974429140	26248.668184	S	0.621798
00503986367652	26249.289982	W	0.019102
00503986734416	26249.309084	S	0.616380
00503998568920	26249.925465	W	0.017732
00503998909368	26249.943196	S	0.623373
00504010878124	26250.566569	W	0.041537
00504011675644	26250.608106	S	0.599940
00504023194484	26251.208046	W	0.017479
00504023530084	26251.225525	S	0.623525
00504035501768	26251.849050	W	0.018614
00504035859148	26251.867664	S	0.622449
00504047810164	26252.490113	W	0.017591
00504048147904	26252.507703	S	0.622273
00504060095552	26253.129977	W	0.017680
00504060435008	26253.147657	S	0.622322
00504072383596	26253.769979	W	0.018988
00504072748156	26253.788966	S	0.616421
00504084583448	26254.405388	W	0.017770
00504084924632	26254.423158	S	0.623291
00504096891820	26255.046449	W	0.017775
00504097233100	26255.064224	S	0.623595
00504109206120	26255.687819	W	0.017260
00504109537508	26255.705079	S	0.623961
00504121517556	26256.329039	W	0.017520
00504121853940	26256.346559	S	0.623486
00504133824880	26256.970046	W	0.017441
00504134159744	26256.987487	S	0.622500
00504146111752	26257.609987	W	0.017650
00504146450624	26257.627637	S	0.622276
00504158398320	26258.249912	W	0.018290
00504158749480	26258.268202	S	0.617228
00504170600248	26258.885430	W	0.017795
00504170941904	26258.903224	S	0.623244
00504182908180	26259.526468	W	0.018444
00504183262312	26259.544912	S	0.623443
00504195232416	26260.168355	W	0.015105
00504195522428	26260.183460	S	0.625930
00504207540276	26260.809389	W	0.015449
00504207836892	26260.824838	S	0.625957
00504219855272	26261.450795	W	0.015201
00504220147136	26261.465997	S	0.624843
00504232144128	26262.090840	W	0.015316
00504232438204	26262.106156	S	0.624688
00504244432220	26262.730845	W	0.016028
00504244739952	26262.746872	S	0.623983
00504256720424	26263.370855	W	0.017202
00504257050700	26263.388057	S	0.619276
00504268940804	26264.007334	W	0.015338
00504269235300	26264.022672	S	0.625976
00504281254048	26264.648648	W	0.016358
00504281568120	26264.665006	S	0.622214
00504293514628	26265.287220	W	0.017667
00504293853828	26265.304887	S	0.624197
00504305838404	26265.929084	W	0.017195
00504306168540	26265.946278	S	0.623563
00504318140940	26266.569841	W	0.017361
00504318474276	26266.587202	S	0.622642
00504330429008	26267.209844	W	0.018183
00504330778120	26267.228027	S	0.621814
00504342716948	26267.849841	W	0.019032
00504343082368	26267.868873	S	0.616519
00504354919540	26268.485393	W	0.018385
00504355272540	26268.503778	S	0.624008
00504367253492	26269.127786	W	0.017395
00504367587480	26269.145181	S	0.623723
00504379562968	26269.768905	W	0.018729
00504379922560	26269.787633	S	0.622264
00504391870028	26270.409897	W	0.017461
00504392205284	26270.427359	S	0.622552
00504404158276	26271.049910	W	0.016866
00504404482108	26271.066776	S	0.623813
00504416459312	26271.690589	W	0.016219
00504416770716	26271.706808	S	0.623776
00504428747216	26272.330584	W	0.017558
00504429084332	26272.348142	S	0.615493
00504440901800	26272.963635	W	0.017485
00504441237520	26272.981121	S	0.625373
00504453244680	26273.606494	W	0.014512
00504453523312	26273.621006	S	0.623448
00504465493512	26274.244454	W	0.019735
00504465872424	26274.264189	S	0.623500
00504477843616	26274.887688	W	0.017789
00504478185156	26274.905477	S	0.623805
00504490162204	26275.529281	W	0.016205
00504490473332	26275.545486	S	0.062080
00504491665276	26275.607566	W	0.015368
00504491960348	26275.622935	S	0.546369
00504502450624	26276.169303	W	0.017571
00504502787980	26276.186874	S	0.623190
00504514753220	26276.810064	W	0.017762
00504515094248	26276.827825	S	0.618904
00504526977212	26277.446730	W	0.014155
00504527248988	26277.460885	S	0.624021
00504539230200	26278.084906	W	0.017869
00504539573292	26278.102776	S	0.624212
00504551558172	26278.726988	W	0.017886
00504551901584	26278.744874	S	0.624619
00504563894264	26279.369493	W	0.017483
00504564229928	26279.386975	S	0.622596
00504576183776	26280.009572	W	0.017548
00504576520704	26280.027120	S	0.622474
00504588472200	26280.649594	W	0.042989
00504589297588	26280.692583	S	0.597102
00504600761956	26281.289685	W	0.019605
00504601138372	26281.309290	S	0.616221
00504612969808	26281.925511	W	0.017276
00504613301516	26281.942787	S	0.412551
00504621222504	26282.355339	W	0.002381
00504621268220	26282.357720	S	0.033248
00504621906580	26282.390968	W	0.001103
00504621927764	26282.392071	S	0.005296
00504622029448	26282.397367	W	0.001159
00504622051700	26282.398526	S	0.001936
00504622088872	26282.400462	W	0.001276
00504622113372	26282.401738	S	0.001901
00504622149880	26282.403640	W	0.001072
00504622170456	26282.404711	S	0.002603
00504622220428	26282.407314	W	0.001097
00504622241496	26282.408411	S	0.158064
00504625276332	26282.566476	W	0.019397
00504625648748	26282.585872	S	0.368047
00504632715252	26282.953919	W	0.006251
00504632835276	26282.960171	S	0.247476
00504637586808	26283.207646	W	0.017849
00504637929512	26283.225495	S	0.623092
00504649892872	26283.848587	W	0.018631
00504650250588	26283.867218	S	0.622495
00504662202500	26284.489714	W	0.017710
00504662542536	26284.507424	S	0.168786
00504665783228	26284.676210	W	0.015709
00504666084840	26284.691919	S	0.002335
00504666129680	26284.694254	W	0.006610
00504666256600	26284.700865	S	0.428936
00504674492172	26285.129801	W	0.018551
00504674848356	26285.148352	S	0.621381
00504686778876	26285.769733	W	0.019605
00504687155284	26285.789338	S	0.615870
00504698979988	26286.405208	W	0.017423
00504699314504	26286.422630	S	0.623809
00504711291640	26287.046440	W	0.017832
00504711634012	26287.064271	S	0.623383
00504723602964	26287.687654	W	0.015894
00504723908124	26287.703548	S	0.626245
00504735932024	26288.329793	W	0.017493
00504736267888	26288.347286	S	0.622446
00504748218856	26288.969732	W	0.018041
00504748565236	26288.987773	S	0.621947
00504760506620	26289.609720	W	0.018511
00504760862024	26289.628230	S	0.621520
00504772795216	26290.249751	W	0.019709
00504773173628	26290.269460	S	0.615768
00504784996380	26290.885228	W	0.015775
00504785299252	26290.901003	S	0.626371
00504797325576	26291.527374	W	0.017487
00504797661320	26291.544860	S	0.623308
00504809628824	26292.168168	W	0.017759
00504809969796	26292.185927	S	0.622679
00504821925236	26292.808606	W	0.019239
00504822294624	26292.827845	S	0.621885
00504834234816	26293.449730	W	0.017739
00504834575396	26293.467469	S	0.622267
00504846522924	26294.089736	W	0.018083
00504846870116	26294.107819	S	0.621862
00504858809876	26294.729681	W	0.019592
00504859186044	26294.749273	S	0.615882
00504871010988	26295.365156	W	0.019377
00504871383036	26295.384533	S	0.621701
00504883319692	26296.006234	W	0.017843
00504883662272	26296.024077	S	0.623510
00504895633668	26296.647587	W	0.017398
00504895967708	26296.664985	S	0.623834
00504907945324	26297.288819	W	0.017889
00504908288792	26297.306708	S	0.622986
00504920250120	26297.929694	W	0.017913
00504920594044	26297.947606	S	0.622104
00504932538448	26298.569711	W	0.017873
00504932881604	26298.587584	S	0.622120
00504944826316	26299.209704	W	0.018616
00504945183752	26299.228320	S	0.616857
00504957027404	26299.845177	W	0.017866
00504957370424	26299.863043	S	0.623204
00504969335932	26300.486246	W	0.018965
00504969700056	26300.505211	S	0.622366
00504981649492	26301.127578	W	0.017894
00504981993056	26301.145472	S	0.623104
00504993956660	26301.768576	W	0.017404
00504994290808	26301.785980	S	0.624046
00505006272488	26302.410025	W	0.017839
00505006614988	26302.427864	S	0.621805
00505018553640	26303.049669	W	0.017246
00505018884760	26303.066915	S	0.623847
00505030862628	26303.690762	W	0.017901
00505031206324	26303.708663	S	0.620976
00505043129072	26304.329639	W	0.019689
00505043507100	26304.349328	S	0.616845
00505055350516	26304.966173	W	0.017829
00505055692828	26304.984001	S	0.623527
00505067664544	26305.607528	W	0.018957
00505068028512	26305.626485	S	0.622109
00505079972996	26306.248594	W	0.017862
00505080315956	26306.266456	S	0.623221
00505092281792	26306.889677	W	0.017391
00505092615696	26306.907068	S	0.622748
00505104572460	26307.529816	W	0.017827
00505104914748	26307.547643	S	0.622031
00505116857740	26308.169674	W	0.018590
00505117214672	26308.188264	S	0.621416
00505129145852	26308.809680	W	0.019509
00505129520416	26308.829188	S	0.615959
00505141346836	26309.445148	W	0.019285
00505141717104	26309.464433	S	0.623119
00505153680980	26310.087551	W	0.017863
00505154023956	26310.105414	S	0.623128
00505165988012	26310.728542	W	0.041193
00505166778912	26310.769735	S	0.599878
00505178296564	26311.369613	W	0.017886
00505178639980	26311.387499	S	0.622111
00505190584512	26312.009610	W	0.017381
00505190918236	26312.026991	S	0.622989
00505202879628	26312.649981	W	0.018161
00505203228328	26312.668142	S	0.621515
00505215161424	26313.289658	W	0.019651
00505215538716	26313.309308	S	0.615844
00505227362920	26313.925152	W	0.017937
00505227707316	26313.943089	S	0.623073
00505239670308	26314.566162	W	0.018951
00505240034164	26314.585113	S	0.623443
00505252004264	26315.208555	W	0.017847
00505252346936	26315.226403	S	0.623211
00505264312592	26315.849614	W	0.018041
00505264658984	26315.867655	S	0.621961
00505276600628	26316.489616	W	0.017861
00505276943556	26316.507477	S	0.622134
00505288888520	26317.129610	W	0.018654
00505289246668	26317.148264	S	0.621505
00505301179560	26317.769769	W	0.019401
00505301552064	26317.789170	S	0.615864
00505313376644	26318.405034	W	0.017885
00505313720040	26318.422919	S	0.623226
00505325685988	26319.046145	W	0.017712
00505326026060	26319.063857	S	0.623648
00505338000108	26319.687506	W	0.018905
00505338363076	26319.706410	S	0.623154
00505350327628	26320.329564	W	0.017829
00505350669948	26320.347393	S	0.622182
00505362615836	26320.969575	W	0.018079
00505362962952	26320.987654	S	0.621944
00505374904268	26321.609597	W	0.018495
00505375259380	26321.628093	S	0.621496
00505387192100	26322.249589	W	0.019733
00505387570964	26322.269321	S	0.615900
00505399396240	26322.885221	W	0.017892
00505399739772	26322.903113	S	0.622991
00505411701208	26323.526105	W	0.018949
00505412065028	26323.545054	S	0.622417
00505424015428	26324.167470	W	0.017830
00505424357764	26324.185300	S	0.623246
00505436324080	26324.808546	W	0.019166
00505436692068	26324.827712	S	0.621890
00505448632348	26325.449601	W	0.017914
00505448976296	26325.467515	S	0.622018
00505460919032	26326.089533	W	0.018694
00505461277948	26326.108226	S	0.621346
00505473207788	26326.729572	W	0.019549
00505473583136	26326.749122	S	0.615892
00505485408268	26327.365014	W	0.017481
00505485743904	26327.382495	S	0.623731
00505497719544	26328.006226	W	0.017872
00505498062688	26328.024098	S	0.623330
00505510030616	26328.647428	W	0.018961
00505510394668	26328.666389	S	0.622110
00505522339180	26329.288499	W	0.017843
00505522681768	26329.306342	S	0.623232
00505534647820	26329.929574	W	0.017992
00505534993264	26329.947566	S	0.621979
00505546935252	26330.569544	W	0.018536
00505547291140	26330.588080	S	0.621463
00505559223228	26331.209543	W	0.019719
00505559601836	26331.229262	S	0.615749
00505571424220	26331.845011	W	0.017848
00505571766896	26331.862859	S	0.623207
00505583732472	26332.486066	W	0.017418
00505584066896	26332.503484	S	0.624110
00505596049812	26333.127594	W	0.017888
00505596393256	26333.145482	S	0.622956
00505608354016	26333.768438	W	0.019255
00505608723716	26333.787694	S	0.621861
00505620663452	26334.409555	W	0.016042
00505620971460	26334.425597	S	0.625065
00505632972704	26335.050662	W	0.017959
00505633317520	26335.068621	S	0.620955
00505645239856	26335.689576	W	0.019518
00505645614592	26335.709093	S	0.615895
00505657439768	26336.324988	W	0.019345
00505657811192	26336.344333	S	0.621712
00505669748068	26336.966045	W	0.017846
00505670090720	26336.983892	S	0.623487
00505682061668	26337.607379	W	0.017108
00505682390148	26337.624487	S	0.624625
00505694382940	26338.249111	W	0.015773
00505694685780	26338.264884	S	0.622802
00505706643580	26338.887686	W	0.018064
00505706990400	26338.905750	S	0.622841
00505718948944	26339.528591	W	0.018081
00505719296108	26339.546672	S	0.623502
00505731267344	26340.170174	W	0.018003
00505731613000	26340.188177	S	0.616809
00505743455740	26340.804986	W	0.048805
00505744392788	26340.853791	S	0.592284
00505755764636	26341.446075	W	0.018965
00505756128760	26341.465040	S	0.622350
00505768077888	26342.087390	W	0.017808
00505768419804	26342.105198	S	0.623269
00505780386568	26342.728467	W	0.017451
00505780721624	26342.745918	S	0.623736
00505792697360	26343.369654	W	0.017935
00505793041704	26343.387589	S	0.621858
00505804981376	26344.009447	W	0.018031
00505805327568	26344.027477	S	0.621985
00505817269680	26344.649463	W	0.018518
00505817625224	26344.667980	S	0.621511
00505829558236	26345.289491	W	0.019681
00505829936116	26345.309173	S	0.616833
00505841779312	26345.926006	W	0.017821
00505842121472	26345.943827	S	0.623522
00505854093096	26346.567349	W	0.018953
00505854457000	26346.586302	S	0.622105
00505866401420	26347.208407	W	0.017492
00505866737264	26347.225899	S	0.624105
00505878720080	26347.850004	W	0.015661
00505879020780	26347.865666	S	0.621839
00505890960092	26348.487505	W	0.019157
00505891327904	26348.506662	S	0.621811
00505903266680	26349.128473	W	0.019618
00505903643348	26349.148091	S	0.620875
00505915564140	26349.768966	W	0.019764
00505915943616	26349.788730	S	0.616323
00505927777024	26350.405053	W	0.016014
00505928084496	26350.421067	S	0.623897
00505940063328	26351.044965	W	0.018479
00505940418132	26351.063444	S	0.623756
00505952394244	26351.687200	W	0.018277
00505952745168	26351.705477	S	0.623372
00505964713920	26352.328850	W	0.018052
00505965060512	26352.346902	S	0.622132
00505977005440	26352.969033	W	0.017707
00505977345416	26352.986740	S	0.623311
00505989312996	26353.610052	W	0.016881
00505989637112	26353.626933	S	0.620629
00506001553180	26354.247561	W	0.021844
00506001972584	26354.269405	S	0.614643
00506013773724	26354.884048	W	0.017831
00506014116088	26354.901880	S	0.623679
00506026090716	26355.525558	W	0.019363
00506026462480	26355.544921	S	0.623129
00506038426548	26356.168049	W	0.018135
00506038774736	26356.186184	S	0.623011
00506050736552	26356.809195	W	0.018254
00506051087028	26356.827449	S	0.621821
00506063025992	26357.449270	W	0.018151
00506063374488	26357.467421	S	0.621881
00506075314612	26358.089303	W	0.019079
00506075680936	26358.108382	S	0.621292
00506087609736	26358.729674	W	0.019615
00506087986336	26358.749288	S	0.615631
00506099806452	26359.364919	W	0.019289
00506100176804	26359.384209	S	0.621778
00506112114936	26360.005986	W	0.018077
00506112462024	26360.024064	S	0.623273
00506124428860	26360.647336	W	0.019577
00506124804732	26360.666913	S	0.622543
00506136757564	26361.289456	W	0.018103
00506137105144	26361.307560	S	0.621878
00506149045196	26361.929437	W	0.018237
00506149395344	26361.947674	S	0.621781
00506161333536	26362.569455	W	0.018737
00506161693288	26362.588192	S	0.621266
00506173621588	26363.209458	W	0.019698
00506173999796	26363.229156	S	0.615904
00506185825148	26363.845060	W	0.018137
00506186173376	26363.863197	S	0.622744
00506198130052	26364.485940	W	0.018917
00506198493252	26364.504857	S	0.622446
00506210444224	26365.127303	W	0.016067
00506210752704	26365.143370	S	0.626144
00506222774664	26365.769514	W	0.017610
00506223112772	26365.787124	S	0.622251
00506235060000	26366.409375	W	0.018100
00506235407516	26366.427475	S	0.621887
00506247347744	26367.049362	W	0.018920
00506247711000	26367.068281	S	0.621096
00506259636052	26367.689378	W	0.019865
00506260017452	26367.709242	S	0.615603
00506271837032	26368.324845	W	0.017680
00506272176480	26368.342525	S	0.623540
00506284148452	26368.966065	W	0.018075
00506284495484	26368.984140	S	0.623110
00506296459188	26369.607249	W	0.019289
00506296829532	26369.626538	S	0.622784
00506308786992	26370.249322	W	0.014173
00506309059120	26370.263496	S	0.624952
00506321058204	26370.888448	W	0.073883
00506322476756	26370.962331	S	0.564549
00506333316100	26371.526880	W	0.021298
00506333725028	26371.548179	S	0.619970
00506345628448	26372.168148	W	0.021235
00506346036168	26372.189384	S	0.614824
00506357840796	26372.804208	W	0.017742
00506358181436	26372.821950	S	0.623700
00506370156468	26373.445649	W	0.017772
00506370497684	26373.463421	S	0.624029
00506382479040	26374.087450	W	0.017843
00506382821628	26374.105293	S	0.623010
00506394783416	26374.728303	W	0.037199
00506395497632	26374.765502	S	0.603871
00506407091964	26375.369373	W	0.017918
00506407435984	26375.387291	S	0.622027
00506419378908	26376.009318	W	0.018037
00506419725220	26376.027355	S	0.621969
00506431667020	26376.649324	W	0.019601
00506432043368	26376.668925	S	0.615877
00506443868200	26377.284802	W	0.017914
00506444212156	26377.302716	S	0.623165
00506456176924	26377.925881	W	0.015854
00506456481312	26377.941735	S	0.626599
00506468512016	26378.568334	W	0.017380
00506468845704	26378.585714	S	0.623228
00506480811676	26379.208941	W	0.017663
00506481150796	26379.226604	S	0.622809
00506493108732	26379.849413	W	0.018036
00506493455024	26379.867449	S	0.621880
00506505395116	26380.489329	W	0.017862
00506505738060	26380.507191	S	0.622167
00506517683664	26381.129358	W	0.018569
00506518040196	26381.147927	S	0.616870
00506529884104	26381.764797	W	0.017869
00506530227180	26381.782666	S	0.623194
00506542192504	26382.405860	W	0.018994
00506542557188	26382.424854	S	0.622355
00506554506400	26383.047208	W	0.017860
00506554849304	26383.065068	S	0.623200
00506566814752	26383.688268	W	0.017430
00506567149404	26383.705698	S	0.623781
00506579126004	26384.329479	W	0.017885
00506579469388	26384.347364	S	0.621988
00506591411560	26384.969352	W	0.017819
00506591753676	26384.987171	S	0.622214
00506603700188	26385.609385	W	0.018450
00506604054436	26385.627835	S	0.621542
00506615988040	26386.249377	W	0.019609
00506616364540	26386.268986	S	0.616929
00506628209580	26386.885916	W	0.017843
00506628552156	26386.903758	S	0.623434
00506640522080	26387.527192	W	0.018924
00506640885420	26387.546116	S	0.622126
00506652830240	26388.168242	W	0.017869
00506653173328	26388.186111	S	0.623198
00506665138728	26388.809309	W	0.017440
00506665473572	26388.826749	S	0.205328
00506669415872	26389.032077	W	0.549132
00506679959208	26389.581209	S	0.008570
00506680123752	26389.589779	W	0.014969
00506680411160	26389.604748	S	0.484816
00506689719628	26390.089564	W	0.018400
00506690072908	26390.107964	S	0.621249
00506702000896	26390.729213	W	0.019660
00506702378368	26390.748873	S	0.615819
00506714202084	26391.364692	W	0.019400
00506714574568	26391.384092	S	0.623008
00506726536328	26392.007100	W	0.017835
00506726878760	26392.024935	S	0.623240
00506738844976	26392.648176	W	0.019322
00506739215956	26392.667498	S	0.621775
00506751154028	26393.289272	W	0.017864
00506751497008	26393.307136	S	0.622121
00506763441732	26393.929257	W	0.017526
00506763778224	26393.946782	S	0.622649
00506775733088	26394.569432	W	0.018356
00506776085524	26394.587788	S	0.621558
00506788019444	26395.209346	W	0.019607
00506788395896	26395.228953	S	0.615878
00506800220752	26395.844831	W	0.018011
00506800566568	26395.862842	S	0.623056
00506812529236	26396.485898	W	0.015836
00506812833296	26396.501734	S	0.627638
00506824883948	26397.129372	W	0.018091
00506825231292	26397.147463	S	0.621838
00506837170572	26397.769301	W	0.017990
00506837515976	26397.787290	S	0.622013
00506849458620	26398.409303	W	0.017121
00506849787344	26398.426424	S	0.623991
00506861767980	26399.050416	W	0.017805
00506862109828	26399.068220	S	0.621638
00506874045272	26399.689858	W	0.019254
00506874414944	26399.709112	S	0.615668
00506886235776	26400.324780	W	0.019291
00506886606156	26400.344071	S	0.621790
00506898544520	26400.965860	W	0.042319
00506899357044	26401.008179	S	0.598951
00506910856908	26401.607131	W	0.019594
00506911233112	26401.626725	S	0.622542
00506923185916	26402.249266	W	0.018101
00506923533464	26402.267368	S	0.621894
00506935473824	26402.889262	W	0.018102
00506935821388	26402.907364	S	0.621899
00506947761848	26403.529263	W	0.018453
00506948116148	26403.547716	S	0.622039
00506960059288	26404.169755	W	0.018365
00506960411892	26404.188119	S	0.614611
00506972212416	26404.802730	W	0.017805
00506972554280	26404.820535	S	0.624752
00506984549516	26405.445287	W	0.015852
00506984853872	26405.461139	S	0.622990
00506996815280	26406.084129	W	0.019081
00506997181640	26406.103210	S	0.624574
00507009173464	26406.727785	W	0.018249
00507009523840	26406.746033	S	0.622878
00507021483092	26407.368911	W	0.018120
00507021830996	26407.387031	S	0.621970
00507033772816	26408.009001	W	0.019123
00507034139972	26408.028124	S	0.620929
00507046061800	26408.649052	W	0.020035
00507046446480	26408.669087	S	0.615488
00507058263852	26409.284576	W	0.017463
00507058599144	26409.302039	S	0.624270
00507070585120	26409.926308	W	0.015683
00507070886236	26409.941991	S	0.623152
00507082850764	26410.565144	W	0.018206
00507083200312	26410.583350	S	0.623801
00507095177292	26411.207151	W	0.018106
00507095524932	26411.225257	S	0.623430
00507107494796	26411.848687	W	0.018443
00507107848908	26411.867131	S	0.621673
00507119785032	26412.488804	W	0.018894
00507120147792	26412.507698	S	0.621250
00507132075792	26413.128948	W	0.020013
00507132460048	26413.148961	S	0.615554
00507144278680	26413.764515	W	0.018163
00507144627400	26413.782677	S	0.622907
00507156587220	26414.405584	W	0.017770
00507156928400	26414.423354	S	0.623926
00507168907776	26415.047280	W	0.018100
00507169255300	26415.065380	S	0.622770
00507181212476	26415.688150	W	0.019175
00507181580640	26415.707325	S	0.621892
00507193520972	26416.329217	W	0.018100
00507193868488	26416.347317	S	0.621908
00507205809120	26416.969225	W	0.017536
00507206145820	26416.986761	S	0.623575
00507218118468	26417.610337	W	0.018400
00507218471752	26417.628737	S	0.615919
00507230297404	26418.244656	W	0.016189
00507230608240	26418.260846	S	0.626003
00507242627496	26418.886849	W	0.017410
00507242961760	26418.904258	S	0.622792
00507254919376	26419.527051	W	0.017443
00507255254276	26419.544494	S	0.623742
00507267230116	26420.168235	W	0.018083
00507267577312	26420.186318	S	0.622913
00507279537236	26420.809231	W	0.018014
00507279883112	26420.827245	S	0.621932
00507291824216	26421.449178	W	0.017826
00507292166484	26421.467004	S	0.622150
00507304111756	26422.089154	W	0.018604
00507304468956	26422.107758	S	0.616869
00507316312832	26422.724627	W	0.018114
00507316660616	26422.742740	S	0.622958
00507328621412	26423.365699	W	0.016182
00507328932104	26423.381880	S	0.626282
00507340956720	26424.008162	W	0.017984
00507341302012	26424.026146	S	0.622085
00507353246048	26424.648232	W	0.017831
00507353588412	26424.666063	S	0.623344
00507365556624	26425.289408	W	0.018051
00507365903196	26425.307458	S	0.621735
00507377840512	26425.929193	W	0.017980
00507378185732	26425.947174	S	0.622027
00507390128660	26426.569201	W	0.018461
00507390483104	26426.587662	S	0.621463
00507402415196	26427.209125	W	0.019706
00507402793552	26427.228831	S	0.617963
00507414658440	26427.846794	W	0.017535
00507414995108	26427.864329	S	0.622667
00507426950320	26428.486996	W	0.018965
00507427314440	26428.505960	S	0.622091
00507439258580	26429.128051	W	0.017876
00507439601808	26429.145928	S	0.623183
00507451566920	26429.769110	W	0.017436
00507451901700	26429.786547	S	0.622735
00507463858204	26430.409281	W	0.017927
00507464202396	26430.427208	S	0.621951
00507476143860	26431.049159	W	0.049590
00507477095984	26431.098749	S	0.590398
00507488431624	26431.689147	W	0.019560
00507488807168	26431.708707	S	0.615896
00507500632364	26432.324602	W	0.019331
00507501003524	26432.343934	S	0.623083
00507512966720	26432.967017	W	0.017781
00507513308120	26432.984798	S	0.623271
00507525274932	26433.608069	W	0.019232
00507525644192	26433.627302	S	0.621771
00507537582196	26434.249073	W	0.017838
00507537924684	26434.266911	S	0.622188
00507549870688	26434.889098	W	0.017567
00507550207980	26434.906666	S	0.622587
00507562161648	26435.529253	W	0.018359
00507562514136	26435.547611	S	0.622698
00507574469932	26436.170309	W	0.018458
00507574824316	26436.188766	S	0.617503
00507586680376	26436.806270	W	0.017444
00507587015292	26436.823713	S	0.621951
00507598956760	26437.445665	W	0.018567
00507599313252	26437.464232	S	0.624254
00507611298936	26438.088486	W	0.015817
00507611602620	26438.104303	S	0.622753
00507623559484	26438.727056	W	0.018248
00507623909840	26438.745304	S	0.622823
00507635868044	26439.368127	W	0.018142
00507636216364	26439.386269	S	0.623452
00507648186652	26440.009721	W	0.018023
00507648532696	26440.027745	S	0.621913
00507660473420	26440.649657	W	0.019025
00507660838700	26440.668682	S	0.615982
00507672665560	26441.284665	W	0.019221
00507673034600	26441.303885	S	0.621692
00507684971080	26441.925577	W	0.017888
00507685314528	26441.943465	S	0.623463
00507697285024	26442.566928	W	0.018965
00507697649156	26442.585894	S	0.623136
00507709613372	26443.209030	W	0.017942
00507709957860	26443.226972	S	0.622087
00507721901936	26443.849059	W	0.017894
00507722245504	26443.866953	S	0.622138
00507734190544	26444.489091	W	0.018408
00507734543972	26444.507499	S	0.622683
00507746499484	26445.130181	W	0.018654
00507746857648	26445.148836	S	0.616201
00507758688700	26445.765036	W	0.017887
00507759032124	26445.782923	S	0.622666
00507770987308	26446.405589	W	0.018924
00507771350652	26446.424513	S	0.622430
00507783301312	26447.046943	W	0.017811
00507783643280	26447.064754	S	0.623268
00507795610024	26447.688022	W	0.015977
00507795916780	26447.703999	S	0.626177
00507807939384	26448.330176	W	0.017869
00507808282460	26448.348045	S	0.620988
00507820205424	26448.969033	W	0.018616
00507820562844	26448.987648	S	0.621403
00507832493784	26449.609051	W	0.019578
00507832869680	26449.628629	S	0.615875
00507844694480	26450.244504	W	0.017498
00507845030444	26450.262002	S	0.623728
00507857006016	26450.885730	W	0.017835
00507857348452	26450.903565	S	0.623358
00507869316932	26451.526924	W	0.018934
00507869680464	26451.545858	S	0.622142
00507881625592	26452.168000	W	0.017909
00507881969444	26452.185909	S	0.623076
00507893932500	26452.808984	W	0.016268
00507894244852	26452.825253	S	0.624899
00507906242920	26453.450152	W	0.017800
00507906584688	26453.467952	S	0.621136
00507918510500	26454.089089	W	0.019672
00507918888200	26454.108760	S	0.615730
00507930710212	26454.724490	W	0.017757
00507931051148	26454.742247	S	0.623331
00507943019112	26455.365579	W	0.017473
00507943354588	26455.383051	S	0.623993
00507955335248	26456.007044	W	0.017817
00507955677340	26456.024861	S	0.623126
00507967641352	26456.647987	W	0.015903
00507967946688	26456.663890	S	0.626270
00507979971076	26457.290160	W	0.017470
00507980306496	26457.307630	S	0.621387
00507992237124	26457.929017	W	0.018032
00507992583336	26457.947049	S	0.621978
00508004525316	26458.569027	W	0.019584
00508004901328	26458.588611	S	0.617012
00508016747968	26459.205623	W	0.019516
00508017122676	26459.225139	S	0.620411
00508029034576	26459.845551	W	0.018103
00508029382144	26459.863653	S	0.623235
00508041348248	26460.486888	W	0.017718
00508041688424	26460.504605	S	0.623508
00508053659772	26461.128113	W	0.040162
00508054430888	26461.168275	S	0.602424
00508065997436	26461.770700	W	0.016746
00508066318964	26461.787446	S	0.623253
00508078285428	26462.410699	W	0.015396
00508078581032	26462.426095	S	0.623858
00508090559112	26463.049954	W	0.016314
00508090872344	26463.066268	S	0.619022
00508102757572	26463.685290	W	0.015474
00508103054664	26463.700764	S	0.625615
00508115066480	26464.326379	W	0.016421
00508115381764	26464.342800	S	0.624899
00508127379824	26464.967699	W	0.015466
00508127676768	26464.983165	S	0.625617
00508139688616	26465.608782	W	0.015792
00508139991828	26465.624574	S	0.622838
00508151950320	26466.247413	W	0.018091
00508152297660	26466.265503	S	0.622716
00508164253800	26466.888219	W	0.018010
00508164599584	26466.906228	S	0.622421
00508176550076	26467.528650	W	0.019117
00508176917120	26467.547767	S	0.622176
00508188862904	26468.169943	W	0.018389
00508189215964	26468.188331	S	0.617696
00508201075720	26468.806027	W	0.015371
00508201370852	26468.821399	S	0.625972
00508213389512	26469.447370	W	0.015968
00508213696092	26469.463338	S	0.622673
00508225651412	26470.086011	W	0.018142
00508225999744	26470.104153	S	0.623866
00508237977972	26470.728019	W	0.017827
00508238320252	26470.745846	S	0.622865
00508250279252	26471.368711	W	0.018082
00508250626432	26471.386793	S	0.621990
00508262568640	26472.008783	W	0.018805
00508262929704	26472.027589	S	0.621238
00508274857468	26472.648826	W	0.019619
00508275234156	26472.668446	S	0.615873
00508287058920	26473.284319	W	0.018056
00508287405596	26473.302375	S	0.624363
00508299393360	26473.926738	W	0.017789
00508299734908	26473.944526	S	0.623305
00508311702356	26474.567831	W	0.019303
00508312072972	26474.587134	S	0.621779
00508324011124	26475.208913	W	0.017746
00508324351856	26475.226659	S	0.622275
00508336299532	26475.848934	W	0.017493
00508336635396	26475.866427	S	0.622674
00508348590744	26476.489101	W	0.018315
00508348942400	26476.507417	S	0.622720
00508360898616	26477.130136	W	0.018433
00508361252532	26477.148569	S	0.615971
00508373079168	26477.764540	W	0.048426
00508374008952	26477.812966	S	0.593695
00508385407900	26478.406661	W	0.049945
00508386366848	26478.456607	S	0.591271
00508397719260	26479.047878	W	0.017839
00508398061764	26479.065717	S	0.623236
00508410027888	26479.688953	W	0.018020
00508410373868	26479.706972	S	0.621976
00508422315804	26480.328948	W	0.017949
00508422660420	26480.346897	S	0.622038
00508434603540	26480.968934	W	0.018690
00508434962388	26480.987624	S	0.621449
00508446894208	26481.609073	W	0.019418
00508447267040	26481.628492	S	0.615916
00508459092636	26482.244408	W	0.019298
00508459463156	26482.263706	S	0.621766
00508471401068	26482.885472	W	0.017997
00508471746620	26482.903470	S	0.623272
00508483713448	26483.526742	W	0.018966
00508484077604	26483.545709	S	0.623167
00508496042420	26484.168876	W	0.017912
00508496386328	26484.186788	S	0.622109
00508508330828	26484.808897	W	0.018102
00508508678388	26484.826999	S	0.621892
00508520618724	26485.448892	W	0.018556
00508520974996	26485.467448	S	0.621455
00508532906928	26486.088902	W	0.019708
00508533285320	26486.108610	S	0.615888
00508545110368	26486.724498	W	0.015665
00508545411128	26486.740163	S	0.626474
00508557439424	26487.366637	W	0.015796
00508557742704	26487.382432	S	0.626051
00508569762884	26488.008484	W	0.017321
00508570095440	26488.025804	S	0.622129
00508582040316	26488.647933	W	0.015836
00508582344376	26488.663770	S	0.626307
00508594369464	26489.290076	W	0.017847
00508594712132	26489.307924	S	0.620930
00508606633980	26489.928853	W	0.018625
00508606991576	26489.947478	S	0.621364
00508618921764	26490.568842	W	0.019889
00508619303636	26490.588731	S	0.615581
00508631122800	26491.204312	W	0.041550
00508631920556	26491.245862	S	0.599688
00508643434568	26491.845550	W	0.018109
00508643782264	26491.863660	S	0.623070
00508655745212	26492.486730	W	0.019607
00508656121660	26492.506336	S	0.621481
00508668054092	26493.127817	W	0.017840
00508668396620	26493.145657	S	0.623220
00508680362440	26493.768877	W	0.018243
00508680712712	26493.787120	S	0.621761
00508692650516	26494.408881	W	0.018773
00508693010948	26494.427654	S	0.622321
00508704959504	26495.049974	W	0.018582
00508705316284	26495.068556	S	0.615737
00508717138432	26495.684293	W	0.017864
00508717481420	26495.702157	S	0.623226
00508729447360	26496.325383	W	0.017850
00508729790072	26496.343233	S	0.623575
00508741762704	26496.966808	W	0.018104
00508742110300	26496.984911	S	0.622837
00508754068764	26497.607748	W	0.015946
00508754374936	26497.623695	S	0.626271
00508766399348	26498.249966	W	0.018049
00508766745880	26498.268015	S	0.620864
00508778666472	26498.888879	W	0.018240
00508779016680	26498.907119	S	0.621746
00508790954196	26499.528864	W	0.019548
00508791329524	26499.548413	S	0.615920
00508803155184	26500.164333	W	0.019290
00508803525548	26500.183622	S	0.621789
00508815463888	26500.805411	W	0.017692
00508815803572	26500.823103	S	0.623646
00508827777572	26501.446749	W	0.017754
00508828118444	26501.464502	S	0.623441
00508840088516	26502.087944	W	0.017987
00508840433860	26502.105930	S	0.623020
00508852395840	26502.728950	W	0.018214
00508852745544	26502.747164	S	0.621714
00508864682456	26503.368878	W	0.018094
00508865029868	26503.386972	S	0.621901
00508876970360	26504.008873	W	0.018532
00508877326168	26504.027405	S	0.616869
00508889170048	26504.644273	W	0.018043
00508889516480	26504.662317	S	0.623026
00508901478584	26505.285343	W	0.019651
00508901855880	26505.304994	S	0.621671
00508913791956	26505.926664	W	0.017958
00508914136748	26505.944622	S	0.623092
00508926100116	26506.567714	W	0.017641
00508926438824	26506.585355	S	0.623601
00508938411968	26507.208957	W	0.017924
00508938756100	26507.226880	S	0.621936
00508950697272	26507.848816	W	0.017917
00508951041280	26507.866733	S	0.622113
00508962985848	26508.488846	W	0.018478
00508963340624	26508.507324	S	0.621469
00508975272824	26509.128793	W	0.019681
00508975650704	26509.148474	S	0.616855
00508987494312	26509.765329	W	0.018068
00508987841224	26509.783397	S	0.623284
00508999808272	26510.406681	W	0.015922
00509000113984	26510.422603	S	0.626267
00509012138308	26511.048870	W	0.018111
00509012486032	26511.066981	S	0.621829
00509024425156	26511.688810	W	0.017777
00509024766472	26511.706587	S	0.622343
00509036715452	26512.328930	W	0.017831
00509037057812	26512.346761	S	0.622034
00509049000860	26512.968795	W	0.018885
00509049363456	26512.987680	S	0.621135
00509061289240	26513.608815	W	0.019825
00509061669888	26513.628640	S	0.615660
00509073490552	26514.244300	W	0.019277
00509073860672	26514.263577	S	0.623114
00509085824460	26514.886691	W	0.017842
00509086167024	26514.904533	S	0.623168
00509098131852	26515.527701	W	0.019263
00509098501696	26515.546963	S	0.621787
00509110440000	26516.168750	W	0.017741
00509110780636	26516.186491	S	0.622298
00509122728760	26516.808790	W	0.017726
00509123069096	26516.826515	S	0.622425
00509135019652	26517.448940	W	0.018604
00509135376840	26517.467544	S	0.621252
00509147304876	26518.088796	W	0.019935
00509147687624	26518.108730	S	0.615553
00509159506248	26518.724284	W	0.018020
00509159852224	26518.742303	S	0.623043
00509171814640	26519.365346	W	0.019575
00509172190488	26519.384921	S	0.622757
00509184147420	26520.007678	W	0.018065
00509184494264	26520.025743	S	0.623008
00509196456012	26520.648751	W	0.018166
00509196804804	26520.666917	S	0.621870
00509208744708	26521.288787	W	0.048880
00509209683204	26521.337667	S	0.591055
00509221031464	26521.928722	W	0.018937
00509221395056	26521.947659	S	0.621179
00509233321684	26522.568838	W	0.019773
00509233701328	26522.588611	S	0.615620
00509245521228	26523.204231	W	0.019312
00509245892012	26523.223542	S	0.621751
00509257829624	26523.845293	W	0.018097
00509258177096	26523.863390	S	0.623247
00509270143448	26524.486638	W	0.019580
00509270519380	26524.506218	S	0.622475
00509282470900	26525.128693	W	0.017810
00509282812852	26525.146503	S	0.622206
00509294759208	26525.768709	W	0.018273
00509295110048	26525.786982	S	0.621736
00509307047372	26526.408717	W	0.018493
00509307402444	26526.427211	S	0.621495
00509319335144	26527.048705	W	0.019705
00509319713480	26527.068410	S	0.615923
00509331539204	26527.684334	W	0.017849
00509331881900	26527.702182	S	0.623068
00509343844812	26528.325251	W	0.019590
00509344220940	26528.344841	S	0.621752
00509356158576	26528.966593	W	0.017828
00509356500868	26528.984420	S	0.623249
00509368467240	26529.607669	W	0.019168
00509368835272	26529.626837	S	0.621832
00509380774452	26530.248669	W	0.018095
00509381121872	26530.266764	S	0.621908
00509393062500	26530.888672	W	0.018942
00509393426184	26530.907614	S	0.621073
00509405350776	26531.528686	W	0.019581
00509405726736	26531.548267	S	0.615930
00509417552592	26532.164197	W	0.017643
00509417891344	26532.181841	S	0.623560
00509429863696	26532.805401	W	0.018076
00509430210752	26532.823477	S	0.623101
00509442174296	26533.446578	W	0.019583
00509442550288	26533.466161	S	0.621500
00509454483084	26534.087661	W	0.018144
00509454831440	26534.105804	S	0.622857
00509466790304	26534.728662	W	0.018242
00509467140556	26534.746904	S	0.621770
00509479078544	26535.368674	W	0.018529
00509479434300	26535.387203	S	0.622607
00509491388356	26536.009810	W	0.018631
00509491746072	26536.028441	S	0.615690
00509503567312	26536.644131	W	0.015841
00509503871460	26536.659972	S	0.626356
00509515897500	26537.286328	W	0.017437
00509516232296	26537.303765	S	0.623374
00509528201084	26537.927140	W	0.018060
00509528547844	26537.945200	S	0.622442
00509540498732	26538.567642	W	0.015914
00509540804284	26538.583556	S	0.626274
00509552828736	26539.209830	W	0.017425
00509553163304	26539.227255	S	0.621416
00509565094496	26539.848672	W	0.018008
00509565440252	26539.866680	S	0.621940
00509577381492	26540.488619	W	0.019586
00509577757548	26540.508206	S	0.615903
00509589582880	26541.124108	W	0.018206
00509589932436	26541.142314	S	0.622861
00509601891368	26541.765175	W	0.018117
00509602239220	26541.783293	S	0.623212
00509614204884	26542.406504	W	0.017761
00509614545888	26542.424265	S	0.623461
00509626516332	26543.047726	W	0.018149
00509626864792	26543.065875	S	0.622794
00509638822432	26543.688668	W	0.018151
00509639170932	26543.706819	S	0.621825
00509651109980	26544.328645	W	0.018090
00509651457304	26544.346735	S	0.621932
00509663398404	26544.968667	W	0.018873
00509663760768	26544.987540	S	0.616608
00509675599636	26545.604148	W	0.018146
00509675948048	26545.622294	S	0.622856
00509687906880	26546.245150	W	0.019670
00509688284540	26546.264820	S	0.621679
00509700220768	26546.886498	W	0.017697
00509700560552	26546.904195	S	0.623399
00509712529808	26547.527594	W	0.017765
00509712870888	26547.545359	S	0.623413
00509724840408	26548.168771	W	0.017850
00509725183136	26548.186622	S	0.622019
00509737125892	26548.808640	W	0.018090
00509737473220	26548.826730	S	0.621948
00509749414628	26549.448679	W	0.018745
00509749774524	26549.467423	S	0.621191
00509761701388	26550.088614	W	0.019653
00509762078728	26550.108267	S	0.617997
00509773944264	26550.726264	W	0.018080
00509774291408	26550.744344	S	0.622202
00509786237696	26551.366547	W	0.053671
00509787268176	26551.420217	S	0.588484
00509798567060	26552.008701	W	0.017429
00509798901688	26552.026130	S	0.622495
00509810853596	26552.648625	W	0.017373
00509811187152	26552.665998	S	0.622776
00509823144460	26553.288774	W	0.017918
00509823488492	26553.306692	S	0.621965
00509835430224	26553.928658	W	0.018835
00509835791864	26553.947493	S	0.621142
00509847717788	26554.568635	W	0.019824
00509848098400	26554.588458	S	0.615591
00509859917744	26555.204049	W	0.017914
00509860261692	26555.221963	S	0.624501
00509872252116	26555.846464	W	0.017858
00509872594996	26555.864323	S	0.623205
00509884560536	26556.487528	W	0.019274
00509884930588	26556.506801	S	0.621796
00509896869076	26557.128598	W	0.017919
00509897213128	26557.146517	S	0.622004
00509909155608	26557.768521	W	0.017481
00509909491244	26557.786002	S	0.622686
00509921446808	26558.408688	W	0.018419
00509921800460	26558.427107	S	0.621511
00509933733472	26559.048618	W	0.019635
00509934110456	26559.068253	S	0.615865
00509945935060	26559.684118	W	0.018066
00509946281924	26559.702184	S	0.623012
00509958243756	26560.325196	W	0.019530
00509958618732	26560.344726	S	0.622781
00509970576124	26560.967506	W	0.017850
00509970918844	26560.985356	S	0.623235
00509982884964	26561.608592	W	0.018271
00509983235764	26561.626863	S	0.621720
00509995172788	26562.248583	W	0.018119
00509995520664	26562.266701	S	0.621872
00510007460612	26562.888574	W	0.018942
00510007824296	26562.907515	S	0.621207
00510019751464	26563.528722	W	0.019393
00510020123808	26563.548115	S	0.615937
00510031949796	26564.164052	W	0.019324
00510032320820	26564.183376	S	0.621734
00510044258120	26564.805110	W	0.018121
00510044606040	26564.823231	S	0.623220
00510056571872	26565.446452	W	0.018921
00510056935164	26565.465373	S	0.623215
00510068900896	26566.088588	W	0.018094
00510069248304	26566.106683	S	0.621889
00510081188568	26566.728571	W	0.018312
00510081540164	26566.746884	S	0.621689
00510093476600	26567.368573	W	0.018477
00510093831360	26567.387050	S	0.621515
00510105764448	26568.008565	W	0.019715
00510106142976	26568.028280	S	0.615891
00510117968084	26568.644171	W	0.018114
00510118315880	26568.662285	S	0.622842
00510130274448	26569.285127	W	0.018868
00510130636708	26569.303995	S	0.622469
00510142588116	26569.926464	W	0.018071
00510142935088	26569.944536	S	0.622976
00510154896232	26570.567512	W	0.019163
00510155264164	26570.586675	S	0.621834
00510167203376	26571.208509	W	0.017201
00510167533628	26571.225710	S	0.623944
00510179513352	26571.849654	W	0.017773
00510179854584	26571.867426	S	0.622796
00510191812264	26572.490222	W	0.017839
00510192154772	26572.508061	S	0.617785
00510204016236	26573.125846	W	0.017116
00510204344856	26573.142961	S	0.622605
00510216298872	26573.765566	W	0.018238
00510216649036	26573.783804	S	0.622613
00510228603200	26574.406417	W	0.019566
00510228978864	26574.425983	S	0.621520
00510240912048	26575.047503	W	0.018142
00510241260368	26575.065644	S	0.622859
00510253219268	26575.688504	W	0.018293
00510253570492	26575.706796	S	0.621717
00510265507456	26576.328513	W	0.018778
00510265867988	26576.347291	S	0.622335
00510277816828	26576.969626	W	0.018903
00510278179764	26576.988529	S	0.615439
00510289996196	26577.603969	W	0.017980
00510290341404	26577.621948	S	0.623102
00510302304960	26578.245050	W	0.017670
00510302644220	26578.262720	S	0.623821
00510314621592	26578.886541	W	0.018088
00510314968880	26578.904629	S	0.622777
00510326926192	26579.527406	W	0.019202
00510327294876	26579.546608	S	0.621896
00510339235280	26580.168504	W	0.018119
00510339583172	26580.186624	S	0.621875
00510351523176	26580.808499	W	0.018278
00510351874120	26580.826777	S	0.621731
00510363811348	26581.448508	W	0.044232
00510364660608	26581.492740	S	0.591222
00510376012080	26582.083963	W	0.019324
00510376383096	26582.103286	S	0.621726
00510388320240	26582.725012	W	0.017841
00510388662796	26582.742854	S	0.623501
00510400634020	26583.366355	W	0.017898
00510400977668	26583.384254	S	0.623325
00510412945516	26584.007579	W	0.017963
00510413290412	26584.025542	S	0.623081
00510425253564	26584.648623	W	0.019321
00510425624536	26584.667945	S	0.620629
00510437540604	26585.288573	W	0.018109
00510437888288	26585.306682	S	0.621810
00510449827044	26585.928492	W	0.018599
00510450184152	26585.947091	S	0.616863
00510462027920	26586.563954	W	0.015785
00510462330992	26586.579739	S	0.626420
00510474358264	26587.206160	W	0.017642
00510474696996	26587.223802	S	0.622549
00510486649944	26587.846351	W	0.018128
00510486998004	26587.864479	S	0.622950
00510498958640	26588.487429	W	0.017920
00510499302712	26588.505350	S	0.623275
00510511269596	26589.128625	W	0.018089
00510511616900	26589.146714	S	0.621763
00510523554748	26589.768476	W	0.017526
00510523891248	26589.786003	S	0.623584
00510535864052	26590.409586	W	0.018123
00510536212008	26590.427709	S	0.620756
00510548130528	26591.048465	W	0.019950
00510548513572	26591.068415	S	0.616568
00510560351684	26591.684984	W	0.018070
00510560698632	26591.703054	S	0.623251
00510572665048	26592.326305	W	0.019614
00510573041640	26592.345919	S	0.621456
00510584973588	26592.967374	W	0.018132
00510585321720	26592.985506	S	0.622956
00510597282480	26593.608463	W	0.017519
00510597618844	26593.625981	S	0.622583
00510609572432	26594.248564	W	0.017777
00510609913744	26594.266341	S	0.622162
00510621859264	26594.888503	W	0.018510
00510622214652	26594.907013	S	0.621427
00510634146052	26595.528440	W	0.019847
00510634527108	26595.548287	S	0.615614
00510646346896	26596.163901	W	0.015928
00510646652720	26596.179829	S	0.627613
00510658702888	26596.807442	W	0.015834
00510659006892	26596.823276	S	0.625782
00510671021900	26597.449057	W	0.016007
00510671329240	26597.465065	S	0.625206
00510683333200	26598.090271	W	0.015878
00510683638060	26598.106149	S	0.624210
00510695622884	26598.730359	W	0.019103
00510695989652	26598.749461	S	0.619437
00510707882836	26599.368898	W	0.018295
00510708234100	26599.387193	S	0.621210
00510720161332	26600.008403	W	0.019955
00510720544476	26600.028358	S	0.615521
00510732362484	26600.643879	W	0.016106
00510732671712	26600.659985	S	0.626098
00510744692792	26601.286083	W	0.017612
00510745030944	26601.303695	S	0.623657
00510757005156	26601.927352	W	0.018049
00510757351704	26601.945401	S	0.623017
00510769313632	26602.568418	W	0.018258
00510769664184	26602.586676	S	0.621745
00510781601680	26603.208421	W	0.017188
00510781931696	26603.225609	S	0.623942
00510793911384	26603.849551	W	0.017844
00510794253980	26603.867395	S	0.621563
00510806187992	26604.488958	W	0.018991
00510806552628	26604.507949	S	0.616009
00510818380000	26605.123958	W	0.019224
00510818749104	26605.143182	S	0.621754
00510830686772	26605.764936	W	0.017771
00510831027980	26605.782707	S	0.623586
00510843000840	26606.406294	W	0.018906
00510843363840	26606.425200	S	0.623155
00510855328420	26607.048355	W	0.017884
00510855671792	26607.066239	S	0.622102
00510867616144	26607.688341	W	0.018149
00510867964596	26607.706489	S	0.621886
00510879904804	26608.328375	W	0.087736
00510881589336	26608.416111	S	0.552257
00510892192668	26608.968368	W	0.019764
00510892572136	26608.988132	S	0.615866
00510904396768	26609.603998	W	0.015667
00510904697576	26609.619665	S	0.626468
00510916725760	26610.246133	W	0.015788
00510917028892	26610.261921	S	0.626027
00510929048608	26610.887948	W	0.017489
00510929384388	26610.905437	S	0.621850
00510941323916	26611.527287	W	0.040956
00510942110276	26611.568244	S	0.600119
00510953632552	26612.168362	W	0.017868
00510953975608	26612.186230	S	0.622137
00510965920640	26612.808367	W	0.018626
00510966278252	26612.826992	S	0.621387
00510978208880	26613.448379	W	0.187411
00510981807172	26613.635790	S	0.448024
00510990409228	26614.083814	W	0.017411
00510990743524	26614.101225	S	0.623809
00511002720660	26614.725034	W	0.017844
00511003063268	26614.742879	S	0.623377
00511015032100	26615.366255	W	0.018929
00511015395536	26615.385184	S	0.622144
00511027340708	26616.007329	W	0.017917
00511027684720	26616.025246	S	0.623077
00511039647804	26616.648323	W	0.018057
00511039994496	26616.666380	S	0.621949
00511051935908	26617.288329	W	0.018532
00511052291728	26617.306861	S	0.621472
00511064223988	26617.928333	W	0.019739
00511064602984	26617.948072	S	0.615719
00511076424792	26618.563791	W	0.181237
00511079904536	26618.745028	S	0.460962
00511088755012	26619.205990	W	0.017423
00511089089532	26619.223413	S	0.623437
00511101059528	26619.846850	W	0.017762
00511101400556	26619.864612	S	0.622643
00511113355308	26620.487256	W	0.019206
00511113724056	26620.506461	S	0.621896
00511125664460	26621.128357	W	0.016104
00511125973652	26621.144461	S	0.624983
00511137973332	26621.769444	W	0.018052
00511138319928	26621.787496	S	0.620811
00511150239508	26622.408308	W	0.019578
00511150615396	26622.427885	S	0.615892
00511162440520	26623.043777	W	0.017978
00511162785696	26623.061755	S	0.623106
00511174749324	26623.684861	W	0.018033
00511175095556	26623.702894	S	0.623238
00511187061732	26624.326132	W	0.017456
00511187396888	26624.343588	S	0.623784
00511199373532	26624.967371	W	0.017892
00511199717052	26624.985263	S	0.623040
00511211679412	26625.608303	W	0.017940
00511212023868	26625.626243	S	0.622070
00511223967604	26626.248313	W	0.017855
00511224310424	26626.266168	S	0.622175
00511236256180	26626.888343	W	0.052132
00511237257120	26626.940475	S	0.583268
00511248455864	26627.523743	W	0.017898
00511248799500	26627.541641	S	0.623156
00511260764100	26628.164797	W	0.019207
00511261132872	26628.184004	S	0.622147
00511273078104	26628.806151	W	0.017862
00511273421048	26628.824013	S	0.623195
00511285386384	26629.447208	W	0.017374
00511285719960	26629.464581	S	0.624080
00511297702288	26630.088661	W	0.018063
00511298049096	26630.106724	S	0.621582
00511309983472	26630.728306	W	0.018136
00511310331688	26630.746442	S	0.621899
00511322272140	26631.368341	W	0.018721
00511322631584	26631.387062	S	0.621197
00511334558560	26632.008258	W	0.019980
00511334942172	26632.028238	S	0.617693
00511346801876	26632.645931	W	0.018066
00511347148748	26632.663997	S	0.622144
00511359093916	26633.286141	W	0.019616
00511359470544	26633.305757	S	0.621455
00511371402480	26633.927212	W	0.017873
00511371745636	26633.945085	S	0.623195
00511383710976	26634.568280	W	0.017667
00511384050184	26634.585947	S	0.622490
00511396001984	26635.208437	W	0.017747
00511396342728	26635.226184	S	0.622126
00511408287552	26635.848310	W	0.018527
00511408643280	26635.866838	S	0.621465
00511420575412	26636.488303	W	0.019851
00511420956556	26636.508154	S	0.615535
00511432774820	26637.123689	W	0.019374
00511433146800	26637.143062	S	0.623036
00511445109096	26637.766099	W	0.015845
00511445413312	26637.781943	S	0.626351
00511457439252	26638.408294	W	0.019692
00511457817332	26638.427986	S	0.620236
00511469725872	26639.048223	W	0.018096
00511470073320	26639.066319	S	0.621893
00511482013668	26639.688212	W	0.017638
00511482352324	26639.705850	S	0.622561
00511494305496	26640.328411	W	0.018620
00511494662996	26640.347031	S	0.621240
00511506590808	26640.968271	W	0.019947
00511506973800	26640.988219	S	0.615543
00511518792220	26641.603761	W	0.049415
00511519740996	26641.653177	S	0.591497
00511531097744	26642.244674	W	0.019002
00511531462584	26642.263676	S	0.623431
00511543432456	26642.887107	W	0.018126
00511543780476	26642.905233	S	0.622955
00511555741208	26643.528188	W	0.018259
00511556091772	26643.546446	S	0.621771
00511568029776	26644.168217	W	0.018145
00511568378164	26644.186363	S	0.621825
00511580317208	26644.808188	W	0.019154
00511580684960	26644.827342	S	0.621227
00511592612512	26645.448568	W	0.019203
00511592981208	26645.467771	S	0.615918
00511604806828	26646.083689	W	0.019317
00511605177716	26646.103006	S	0.621737
00511617115060	26646.724743	W	0.018039
00511617461404	26646.742781	S	0.623319
00511629429136	26647.366101	W	0.019600
00511629805452	26647.385701	S	0.622542
00511641758268	26648.008243	W	0.018110
00511642105984	26648.026353	S	0.621876
00511654045996	26648.648229	W	0.017622
00511654384344	26648.665851	S	0.623506
00511666355652	26649.289357	W	0.018148
00511666704096	26649.307505	S	0.620670
00511678620964	26649.928175	W	0.020012
00511679005192	26649.948187	S	0.615601
00511690824724	26650.563788	W	0.018074
00511691171740	26650.581861	S	0.622927
00511703131936	26651.204788	W	0.019541
00511703507120	26651.224329	S	0.621796
00511715445600	26651.846125	W	0.018145
00511715793976	26651.864270	S	0.622856
00511727752816	26652.487126	W	0.019200
00511728121448	26652.506325	S	0.621894
00511740061816	26653.128220	W	0.018106
00511740409444	26653.146325	S	0.621894
00511752349816	26653.768220	W	0.018549
00511752705964	26653.786769	S	0.621471
00511764638208	26654.408240	W	0.019799
00511765018348	26654.428039	S	0.615596
00511776837792	26655.043635	W	0.017618
00511777176064	26655.061253	S	0.623628
00511789149724	26655.684881	W	0.018099
00511789497228	26655.702981	S	0.623084
00511801460440	26656.326065	W	0.019586
00511801836488	26656.345650	S	0.621487
00511813769036	26656.967137	W	0.018119
00511814116928	26656.985257	S	0.622938
00511826077344	26657.608195	W	0.018011
00511826423160	26657.626206	S	0.621990
00511838365364	26658.248196	W	0.018459
00511838719772	26658.266655	S	0.622662
00511850674888	26658.889317	W	0.018601
00511851032036	26658.907919	S	0.615671
00511862852924	26659.523590	W	0.015866
00511863157548	26659.539456	S	0.626369
00511875183840	26660.165825	W	0.017773
00511875525080	26660.183598	S	0.623093
00511887488468	26660.806691	W	0.018081
00511887835616	26660.824772	S	0.622305
00511899783880	26661.447077	W	0.019220
00511900152896	26661.466297	S	0.621851
00511912092428	26662.088147	W	0.018142
00511912440760	26662.106290	S	0.621800
00511924379324	26662.728090	W	0.018201
00511924728780	26662.746291	S	0.621817
00511936667664	26663.368107	W	0.019618
00511937044328	26663.387725	S	0.615907
00511948869748	26664.003633	W	0.019307
00511949240452	26664.022940	S	0.621734
00511961177752	26664.644675	W	0.018131
00511961525868	26664.662806	S	0.623210
00511973491496	26665.286015	W	0.017576
00511973828952	26665.303591	S	0.623637
00511985802776	26665.927228	W	0.018120
00511986150676	26665.945348	S	0.622774
00511998107932	26666.568121	W	0.018241
00511998458160	26666.586362	S	0.621756
00512010395876	26667.208119	W	0.018121
00512010743796	26667.226239	S	0.621871
00512022683728	26667.848111	W	0.018906
00512023046716	26667.867016	S	0.616591
00512034885264	26668.483607	W	0.017862
00512035228208	26668.501469	S	0.623189
00512047193428	26669.124658	W	0.019660
00512047570892	26669.144317	S	0.621678
00512059507108	26669.765995	W	0.018146
00512059855504	26669.784141	S	0.622918
00512071815524	26670.407059	W	0.017666
00512072154712	26670.424725	S	0.623570
00512084127256	26671.048295	W	0.017948
00512084471848	26671.066242	S	0.622047
00512096415148	26671.688289	W	0.048752
00512097351180	26671.737041	S	0.591172
00512108701680	26672.328213	W	0.018676
00512109060260	26672.346889	S	0.621261
00512120988472	26672.968150	W	0.019913
00512121370804	26672.988063	S	0.616557
00512133208696	26673.604620	W	0.018076
00512133555756	26673.622696	S	0.623275
00512145522644	26674.245971	W	0.018978
00512145887020	26674.264949	S	0.622109
00512157831520	26674.887058	W	0.017842
00512158174080	26674.904900	S	0.623240
00512170140280	26675.528140	W	0.017503
00512170476332	26675.545642	S	0.622617
00512182430580	26676.168259	W	0.017863
00512182773552	26676.186122	S	0.622011
00512194716168	26676.808134	W	0.018611
00512195073496	26676.826745	S	0.622486
00512207025220	26677.449230	W	0.018447
00512207379412	26677.467678	S	0.615890
00512219204504	26678.083568	W	0.019310
00512219575252	26678.102878	S	0.623079
00512231538360	26678.725956	W	0.018052
00512231884956	26678.744008	S	0.623000
00512243846564	26679.367009	W	0.019280
00512244216732	26679.386288	S	0.621799
00512256155280	26680.008087	W	0.018159
00512256503928	26680.026246	S	0.621779
00512268442088	26680.648025	W	0.017363
00512268775460	26680.665389	S	0.622995
00512280736960	26681.288383	W	0.018228
00512281086928	26681.306611	S	0.621499
00512293019704	26681.928110	W	0.019613
00512293396272	26681.947723	S	0.615910
00512305221736	26682.563632	W	0.017857
00512305564588	26682.581489	S	0.623063
00512317527400	26683.204552	W	0.018977
00512317891764	26683.223529	S	0.623453
00512329862056	26683.846982	W	0.018084
00512330209268	26683.865066	S	0.622995
00512342170764	26684.488061	W	0.018226
00512342520696	26684.506286	S	0.621787
00512354459008	26685.128073	W	0.018123
00512354806964	26685.146196	S	0.621799
00512366745500	26685.767995	W	0.018712
00512367104768	26685.786707	S	0.621639
00512379040232	26686.408345	W	0.019310
00512379410988	26686.427656	S	0.615830
00512391234924	26687.043486	W	0.016252
00512391546956	26687.059737	S	0.625966
00512403565500	26687.685703	W	0.018157
00512403914112	26687.703860	S	0.622071
00512415857872	26688.325931	W	0.019579
00512416233796	26688.345510	S	0.622541
00512428186580	26688.968051	W	0.018139
00512428534840	26688.986190	S	0.621845
00512440474272	26689.608035	W	0.018215
00512440824008	26689.626250	S	0.621812
00512452762792	26690.248062	W	0.018758
00512453122940	26690.266820	S	0.621261
00512465051152	26690.888081	W	0.019976
00512465434696	26690.908057	S	0.615645
00512477255088	26691.523702	W	0.018130
00512477603180	26691.541832	S	0.622746
00512489559904	26692.164578	W	0.019585
00512489935944	26692.184164	S	0.621740
00512501873344	26692.805903	W	0.017681
00512502212828	26692.823585	S	0.623414
00512514182384	26693.446999	W	0.019172
00512514550496	26693.466172	S	0.621880
00512526490600	26694.088052	W	0.018112
00512526838348	26694.106164	S	0.621828
00512538777440	26694.727992	W	0.018637
00512539135264	26694.746628	S	0.621373
00512551065628	26695.368001	W	0.019875
00512551447236	26695.387877	S	0.615572
00512563266228	26696.003449	W	0.017357
00512563599476	26696.020806	S	0.623900
00512575578348	26696.644706	W	0.017760
00512575919348	26696.662466	S	0.623576
00512587892000	26697.286042	W	0.019426
00512588264980	26697.305468	S	0.621627
00512600200216	26697.927095	W	0.017821
00512600542388	26697.944916	S	0.623108
00512612506052	26698.568024	W	0.018226
00512612855992	26698.586250	S	0.621796
00512624794472	26699.208045	W	0.018452
00512625148744	26699.226497	S	0.621555
00512637082592	26699.848052	W	0.019971
00512637466032	26699.868022	S	0.615491
00512649283452	26700.483513	W	0.018140
00512649631748	26700.501654	S	0.622850
00512661590468	26701.124504	W	0.017750
00512661931272	26701.142254	S	0.623733
00512673906952	26701.765987	W	0.048983
00512674847424	26701.814970	S	0.591953
00512686212924	26702.406923	W	0.015925
00512686518688	26702.422848	S	0.626244
00512698542568	26703.049092	W	0.017471
00512698878016	26703.066563	S	0.621400
00512710808900	26703.687964	W	0.017972
00512711153964	26703.705936	S	0.622025
00512723096840	26704.327960	W	0.019574
00512723472660	26704.347534	S	0.615925
00512735298412	26704.963459	W	0.019326
00512735669480	26704.982785	S	0.621729
00512747606672	26705.604514	W	0.018171
00512747955552	26705.622685	S	0.623091
00512759918904	26706.245776	W	0.017623
00512760257272	26706.263400	S	0.623801
00512772234252	26706.887201	W	0.018038
00512772580580	26706.905239	S	0.622773
00512784537820	26707.528011	W	0.018258
00512784888376	26707.546270	S	0.621676
00512796824548	26708.167945	W	0.018041
00512797170940	26708.185986	S	0.621968
00512809112728	26708.807955	W	0.018636
00512809470536	26708.826590	S	0.616832
00512821313708	26709.443422	W	0.018071
00512821660680	26709.461494	S	0.623004
00512833622360	26710.084498	W	0.019643
00512833999496	26710.104140	S	0.621691
00512845935964	26710.725831	W	0.018057
00512846282664	26710.743889	S	0.623028
00512858244808	26711.366917	W	0.017382
00512858578544	26711.384299	S	0.623833
00512870556140	26712.008132	W	0.018130
00512870904244	26712.026263	S	0.621668
00512882840276	26712.647931	W	0.017992
00512883185716	26712.665923	S	0.622025
00512895128596	26713.287948	W	0.018494
00512895483688	26713.306442	S	0.621504
00512907416568	26713.927946	W	0.019966
00512907799916	26713.947912	S	0.616573
00512919638112	26714.564485	W	0.017961
00512919982956	26714.582446	S	0.623411
00512931952440	26715.205856	W	0.019546
00512932327732	26715.225403	S	0.621458
00512944259732	26715.846861	W	0.018004
00512944605412	26715.864865	S	0.623095
00512956568840	26716.487960	W	0.017634
00512956907404	26716.505594	S	0.622502
00512968859436	26717.128096	W	0.017807
00512969201332	26717.145903	S	0.622051
00512981144716	26717.767954	W	0.018867
00512981506972	26717.786821	S	0.621152
00512993433092	26718.407974	W	0.019820
00512993813628	26718.427793	S	0.615566
00513005632500	26719.043359	W	0.018279
00513005983460	26719.061639	S	0.624136
00513017966876	26719.685775	W	0.016111
00513018276204	26719.701886	S	0.626083
00513030296996	26720.327969	W	0.018768
00513030657336	26720.346736	S	0.621165
00513042583712	26720.967902	W	0.017865
00513042926724	26720.985767	S	0.622128
00513054871580	26721.607895	W	0.017634
00513055210160	26721.625529	S	0.622537
00513067162880	26722.248067	W	0.018622
00513067520416	26722.266688	S	0.621231
00513079448048	26722.887919	W	0.019929
00513079830684	26722.907848	S	0.615575
00513091649720	26723.523423	W	0.018068
00513091996628	26723.541491	S	0.622996
00513103958160	26724.164487	W	0.019554
00513104333592	26724.184041	S	0.622778
00513116290936	26724.806820	W	0.018004
00513116636612	26724.824824	S	0.623099
00513128600112	26725.447922	W	0.018137
00513128948336	26725.466059	S	0.621895
00513140888720	26726.087954	W	0.017836
00513141231172	26726.105790	S	0.622155
00513153176540	26726.727945	W	0.018930
00513153539988	26726.746874	S	0.621201
00513165467052	26727.368076	W	0.019371
00513165838976	26727.387447	S	0.617123
00513177687744	26728.004570	W	0.016008
00513177995096	26728.020578	S	0.625596
00513190006536	26728.646174	W	0.017434
00513190341264	26728.663607	S	0.622095
00513202285480	26729.285702	W	0.019629
00513202662352	26729.305331	S	0.622508
00513214614508	26729.927839	W	0.018078
00513214961600	26729.945917	S	0.621932
00513226902688	26730.567848	W	0.018042
00513227249092	26730.585890	S	0.621971
00513239190932	26731.207861	W	0.018799
00513239551868	26731.226660	S	0.621207
00513251479036	26731.847866	W	0.043819
00513252320356	26731.891685	S	0.591793
00513263682776	26732.483478	W	0.018109
00513264030460	26732.501586	S	0.622834
00513275988864	26733.124420	W	0.018908
00513276351900	26733.143328	S	0.622449
00513288302916	26733.765777	W	0.018124
00513288650900	26733.783901	S	0.622883
00513300610260	26734.406784	W	0.019193
00513300978768	26734.425977	S	0.621863
00513312918540	26735.047841	W	0.018085
00513313265780	26735.065926	S	0.621936
00513325206956	26735.687862	W	0.018863
00513325569132	26735.706726	S	0.621126
00513337494760	26736.327852	W	0.019842
00513337875724	26736.347694	S	0.616760
00513349717508	26736.964454	W	0.018262
00513350068140	26736.982716	S	0.622329
00513362016860	26737.605045	W	0.018043
00513362363284	26737.623088	S	0.622617
00513374317536	26738.245705	W	0.019612
00513374694080	26738.265317	S	0.621466
00513386626224	26738.886783	W	0.015825
00513386930068	26738.902608	S	0.626369
00513398956356	26739.528977	W	0.018993
00513399321024	26739.547970	S	0.619856
00513411222268	26740.167826	W	0.018792
00513411583072	26740.186618	S	0.621227
00513423510632	26740.807845	W	0.019715
00513423889160	26740.827560	S	0.615772
00513435711984	26741.443332	W	0.018109
00513436059668	26741.461441	S	0.622889
00513448019140	26742.084330	W	0.017643
00513448357880	26742.101973	S	0.623857
00513460335944	26742.725830	W	0.017841
00513460678492	26742.743671	S	0.623100
00513472642020	26743.366772	W	0.019186
00513473010384	26743.385957	S	0.621897
00513484950816	26744.007855	W	0.018184
00513485299940	26744.026039	S	0.621750
00513497237532	26744.647788	W	0.017918
00513497581552	26744.665706	S	0.622085
00513509525576	26745.287790	W	0.019875
00513509907168	26745.307665	S	0.615620
00513521727064	26745.923285	W	0.016203
00513522038168	26745.939488	S	0.625996
00513534057284	26746.565484	W	0.017465
00513534392608	26746.582948	S	0.622730
00513546349016	26747.205678	W	0.017659
00513546688064	26747.223337	S	0.623568
00513558660568	26747.846905	W	0.018086
00513559007820	26747.864991	S	0.622822
00513570966012	26748.487813	W	0.018267
00513571316744	26748.506080	S	0.621675
00513583252908	26749.127756	W	0.018041
00513583599296	26749.145797	S	0.621989
00513595541484	26749.767786	W	0.018600
00513595898608	26749.786386	S	0.616863
00513607742376	26750.403249	W	0.018004
00513608088060	26750.421253	S	0.623108
00513620051728	26751.044361	W	0.019604
00513620428124	26751.063965	S	0.621714
00513632365028	26751.685679	W	0.016053
00513632673240	26751.701731	S	0.626141
00513644695144	26752.327872	W	0.017709
00513645035148	26752.345581	S	0.622823
00513656993352	26752.968404	W	0.017806
00513657335224	26752.986210	S	0.621588
00513669269720	26753.607798	W	0.086150
00513670923792	26753.693947	S	0.554956
00513681578944	26754.248903	W	0.018154
00513681927496	26754.267057	S	0.620706
00513693845044	26754.887763	W	0.019663
00513694222576	26754.907426	S	0.616863
00513706066340	26755.524289	W	0.018062
00513706413140	26755.542351	S	0.623260
00513718379740	26756.165611	W	0.019650
00513718757020	26756.185261	S	0.621416
00513730688212	26756.806678	W	0.017858
00513731031080	26756.824535	S	0.623246
00513742997404	26757.447781	W	0.017582
00513743334976	26757.465363	S	0.622557
00513755288080	26758.087921	W	0.017769
00513755629248	26758.105690	S	0.622108
00513767573728	26758.727798	W	0.050647
00513768546156	26758.778446	S	0.590364
00513779881148	26759.368810	W	0.018549
00513780237284	26759.387359	S	0.615871
00513792062016	26760.003230	W	0.019328
00513792433120	26760.022558	S	0.623056
00513804395788	26760.645614	W	0.018125
00513804743780	26760.663739	S	0.622957
00513816704560	26761.286696	W	0.019247
00513817074096	26761.305942	S	0.621812
00513829012896	26761.927755	W	0.060948
00513830183104	26761.988703	S	0.580211
00513841323148	26762.568914	W	0.017646
00513841661952	26762.586560	S	0.621800
00513853600516	26763.208360	W	0.018171
00513853949400	26763.226531	S	0.621230
00513865877012	26763.847761	W	1.614528
00513896875956	26765.462289	S	0.369732
00513903974808	26765.832021	W	3.515808
00513971478320	26769.347829	S	0.250698
00513976291720	26769.598527	W	0.014820
00513976576264	26769.613347	S	0.298729
00513982311860	26769.912076	W	0.091503
00513984068724	26770.003579	S	0.065420
00513985324788	26770.068999	W	0.017781
00513985666180	26770.086780	S	0.060688
00513986831396	26770.147469	W	0.100772
00513988766212	26770.248240	S	0.074629
00513990199080	26770.322869	W	0.016604
00513990517884	26770.339473	S	0.200293
00513994363512	26770.539766	W	0.086926
00513996032492	26770.626692	S	0.206604
00513999999292	26770.833296	W	0.001508
00514000028252	26770.834805	S	0.175768
00514003402996	26771.010573	W	0.017661
00514003742096	26771.028234	S	0.453053
00514012440716	26771.481287	W	0.019072
00514012806896	26771.500359	S	0.294799
00514018467044	26771.795159	W	0.044904
00514019329208	26771.840063	S	0.111731
00514021474440	26771.951794	W	0.017952
00514021819128	26771.969746	S	0.060510
00514022980924	26772.030256	W	0.015312
00514023274920	26772.045569	S	0.377002
00514030513360	26772.422571	W	0.010844
00514030721564	26772.433415	S	0.459954
00514039552676	26772.893369	W	0.017965
00514039897608	26772.911334	S	0.452777
00514048590928	26773.364111	W	0.010926
00514048800716	26773.375037	S	0.302936
00514054617088	26773.677973	W	0.040700
00514055398528	26773.718673	S	0.116233
00514057630196	26773.834906	W	0.017907
00514057974020	26773.852814	S	0.083612
00514059579368	26773.936425	W	0.072984
00514060980652	26774.009409	S	0.296055
00514066664908	26774.305464	W	0.011031
00514066876712	26774.316495	S	0.090715
00514068618432	26774.407210	W	0.031488
00514069223000	26774.438698	S	0.337749
00514075707776	26774.776447	W	0.017972
00514076052844	26774.794419	S	0.037392
00514076770776	26774.831811	W	0.022414
00514077201124	26774.854225	S	0.176045
00514080581196	26775.030271	W	0.016917
00514080906008	26775.047188	S	0.080002
00514082442040	26775.127190	W	0.017840
00514082784568	26775.145030	S	0.102153
00514084745904	26775.247182	W	0.010876
00514084954732	26775.258059	S	0.459905
00514093784908	26775.717964	W	0.017907
00514094128724	26775.735871	S	0.037476
00514094848272	26775.773347	W	0.022429
00514095278912	26775.795777	S	0.236042
00514099810916	26776.031819	W	0.019685
00514100188868	26776.051504	S	0.137228
00514102823652	26776.188732	W	0.010864
00514103032248	26776.199596	S	0.459712
00514111858724	26776.659309	W	0.018114
00514112206520	26776.677423	S	0.083621
00514113812052	26776.761044	W	0.031447
00514114415840	26776.792492	S	0.337772
00514120901060	26777.130264	W	0.010854
00514121109456	26777.141117	S	0.459923
00514129939972	26777.601040	W	0.017932
00514130284264	26777.618972	S	0.452840
00514138978788	26778.071812	W	0.010873
00514139187544	26778.082685	S	0.460012
00514148019780	26778.542697	W	0.017816
00514148361844	26778.560513	S	0.452762
00514157054868	26779.013274	W	0.010918
00514157264484	26779.024192	S	0.090936
00514159010456	26779.115128	W	0.031185
00514159609212	26779.146313	S	0.338026
00514166099316	26779.484339	W	0.017743
00514166439988	26779.502083	S	0.453052
00514175138580	26779.955134	W	3.419829
00514240799292	26783.374963	S	0.060449
00514241959904	26783.435412	W	0.037218
00514242674484	26783.472629	S	0.601751
00514254228096	26784.074380	W	0.028876
00514254782508	26784.103256	S	0.616467
00514266618680	26784.719723	W	0.126150
00514269040764	26784.845873	S	0.517230
00514278971584	26785.363103	W	0.056802
00514280062188	26785.419906	S	0.586791
00514291328572	26786.006696	W	0.018476
00514291683316	26786.025173	S	0.623901
00514303662224	26786.649074	W	0.017979
00514304007412	26786.667053	S	0.622688
00514315963024	26787.289741	W	0.017892
00514316306560	26787.307633	S	0.622283
00514328254392	26787.929916	W	0.018954
00514328618308	26787.948870	S	0.617871
00514340481424	26788.566741	W	0.090077
00514342210908	26788.656818	S	0.550698
00514352784316	26789.207516	W	0.019105
00514353151128	26789.226621	S	0.621566
00514365085196	26789.848187	W	1.977040
00514403044368	26791.825228	S	0.369807
00514410144664	26792.195035	W	3.460398
00514476584300	26795.655432	S	0.305920
00514482457956	26795.961352	W	0.014929
00514482744592	26795.976281	S	0.077228
00514484227364	26796.053509	W	0.072723
00514485623652	26796.126232	S	0.148614
00514488477048	26796.274846	W	0.015227
00514488769416	26796.290074	S	0.141592
00514491487984	26796.431666	W	0.018057
00514491834672	26796.449723	S	0.060367
00514492993716	26796.510089	W	0.101102
00514494934868	26796.611191	S	0.074456
00514496364416	26796.685647	W	0.016822
00514496687404	26796.702469	S	0.199903
00514500525544	26796.902372	W	0.087279
00514502201296	26796.989651	S	0.151900
00514505117768	26797.141550	W	0.001421
00514505145056	26797.142972	S	0.230171
00514509564340	26797.373143	W	0.087275
00514511240016	26797.460417	S	0.383442
00514518602104	26797.843860	W	0.010988
00514518813068	26797.854847	S	0.090771
00514520555876	26797.945619	W	0.031438
00514521159488	26797.977057	S	0.180855
00514524631912	26798.157912	W	0.040519
00514525409868	26798.198431	S	0.116320
00514527643212	26798.314751	W	0.017961
00514527988060	26798.332711	S	0.060451
00514529148720	26798.393163	W	0.054695
00514530198856	26798.447857	S	0.337792
00514536684460	26798.785649	W	0.010810
00514536892020	26798.796459	S	0.460035
00514545724688	26799.256494	W	0.017781
00514546066084	26799.274275	S	0.453021
00514554764092	26799.727296	W	0.013120
00514555016004	26799.740417	S	0.300543
00514560786424	26800.040960	W	0.040518
00514561564364	26800.081477	S	0.116315
00514563797608	26800.197792	W	0.017985
00514564142916	26800.215777	S	0.083882
00514565753460	26800.299659	W	0.031186
00514566352228	26800.330845	S	0.338027
00514572842352	26800.668872	W	0.010543
00514573044776	26800.679415	S	0.081760
00514574614576	26800.761176	W	0.072738
00514576011140	26800.833914	S	0.305740
00514581881344	26801.139653	W	0.017678
00514582220756	26801.157331	S	0.453096
00514590920200	26801.610427	W	0.010223
00514591116484	26801.620650	S	0.045110
00514591982604	26801.665761	W	0.017652
00514592321528	26801.683413	S	0.074654
00514593754880	26801.758067	W	0.022218
00514594181460	26801.780284	S	0.300859
00514599957944	26802.081143	W	0.017710
00514600297984	26802.098853	S	0.236150
00514604832064	26802.335003	W	0.016637
00514605151500	26802.351641	S	0.200064
00514608992728	26802.551705	W	0.010803
00514609200140	26802.562507	S	0.090949
00514610946360	26802.653456	W	0.031266
00514611546664	26802.684722	S	0.337950
00514618035312	26803.022672	W	0.017726
00514618375648	26803.040398	S	0.453048
00514627074168	26803.493446	W	3.158959
00514687726172	26806.652405	S	0.061561
00514688908140	26806.713966	W	0.028057
00514689446844	26806.742023	S	0.015386
00514689742260	26806.757409	W	0.015726
00514690044208	26806.773136	S	0.587848
00514701330896	26807.360984	W	0.022209
00514701757312	26807.383193	S	0.619026
00514713642616	26808.002220	W	0.085050
00514715275572	26808.087269	S	0.556583
00514725961968	26808.643853	W	0.021439
00514726373588	26808.665291	S	0.620878
00514738294452	26809.286169	W	0.019405
00514738667036	26809.305575	S	0.617349
00514750520128	26809.922923	W	0.015667
00514750820940	26809.938591	S	0.623404
00514762790296	26810.561995	W	0.018028
00514763136440	26810.580023	S	0.624341
00514775123788	26811.204364	W	0.017887
00514775467216	26811.222251	S	0.624786
00514787463112	26811.847037	W	0.018088
00514787810408	26811.865125	S	0.622019
00514799753176	26812.487145	W	0.017855
00514800095996	26812.505000	S	0.622246
00514812043112	26813.127245	W	0.018898
00514812405960	26813.146144	S	0.621182
00514824332648	26813.767325	W	0.019777
00514824712360	26813.787102	S	0.615722
00514836534228	26814.402824	W	0.017485
00514836869944	26814.420310	S	0.623982
00514848850392	26815.044291	W	0.017893
00514849193932	26815.062184	S	0.623170
00514861158796	26815.685354	W	0.018966
00514861522944	26815.704320	S	0.622113
00514873467516	26816.326433	W	0.017870
00514873810624	26816.344303	S	0.623209
00514885776232	26816.967512	W	0.017892
00514886119764	26816.985404	S	0.622143
00514898064912	26817.607547	W	0.018470
00514898419540	26817.626018	S	0.621537
00514910353044	26818.247554	W	0.019636
00514910730064	26818.267191	S	0.615818
00514922553760	26818.883008	W	0.017962
00514922898632	26818.900970	S	0.623025
00514934860708	26819.523995	W	0.017504
00514935196776	26819.541499	S	0.624004
00514947177648	26820.165503	W	0.017860
00514947520560	26820.183362	S	0.623078
00514959483664	26820.806441	W	0.019204
00514959852372	26820.825644	S	0.621864
00514971792156	26821.447508	W	0.017950
00514972136788	26821.465458	S	0.621960
00514984078420	26822.087418	W	0.018769
00514984438784	26822.106187	S	0.621253
00514996366844	26822.727440	W	0.019678
00514996744656	26822.747117	S	0.615789
00515008567804	26823.362906	W	0.019383
00515008939948	26823.382289	S	0.621710
00515020876780	26824.003999	W	0.015900
00515021182060	26824.019899	S	0.626538
00515033211584	26824.646437	W	0.017456
00515033546744	26824.663893	S	0.623211
00515045512404	26825.287104	W	0.017695
00515045852148	26825.304799	S	0.622690
00515057807800	26825.927490	W	0.018060
00515058154548	26825.945549	S	0.621955
00515070096092	26826.567505	W	0.017643
00515070434836	26826.585148	S	0.622410
00515082385100	26827.207557	W	0.019582
00515082761072	26827.227139	S	0.615820
00515094584808	26827.842959	W	0.017885
00515094928200	26827.860844	S	0.623114
00515106891992	26828.483958	W	0.039664
00515107653536	26828.523622	S	0.601676
00515119205720	26829.125298	W	0.017778
00515119547056	26829.143076	S	0.623328
00515131514944	26829.766403	W	0.017541
00515131851736	26829.783945	S	0.623689
00515143826568	26830.407634	W	0.017992
00515144172012	26830.425626	S	0.621940
00515156113252	26831.047565	W	0.018238
00515156463424	26831.065803	S	0.621607
00515168398284	26831.687411	W	0.018564
00515168754720	26831.705975	S	0.616919
00515180599560	26832.322894	W	0.019407
00515180972168	26832.342300	S	0.621661
00515192908056	26832.963961	W	0.018215
00515193257792	26832.982177	S	0.623147
00515205222220	26833.605324	W	0.019598
00515205598504	26833.624922	S	0.621447
00515217530280	26834.246369	W	0.018208
00515217879872	26834.264577	S	0.622783
00515229837296	26834.887359	W	0.017677
00515230176700	26834.905036	S	0.622689
00515242132320	26835.527725	W	0.018160
00515242480988	26835.545885	S	0.621531
00515254414388	26836.167416	W	0.018591
00515254771332	26836.186007	S	0.621905
00515266711916	26836.807912	W	0.018088
00515267059208	26836.826000	S	0.615935
00515278885156	26837.441935	W	0.018045
00515279231620	26837.459980	S	0.624304
00515291218264	26838.084285	W	0.041389
00515292012928	26838.125673	S	0.601293
00515303557748	26838.726966	W	0.017945
00515303902296	26838.744911	S	0.623701
00515315877356	26839.368612	W	0.014477
00515316155312	26839.383089	S	0.621111
00515328080640	26840.004200	W	0.020818
00515328480340	26840.025018	S	0.621094
00515340405340	26840.646111	W	0.020107
00515340791400	26840.666219	S	0.620537
00515352705716	26841.286756	W	0.020636
00515353101932	26841.307392	S	0.615221
00515364914172	26841.922613	W	0.018133
00515365262320	26841.940746	S	0.624336
00515377249580	26842.565082	W	0.019159
00515377617428	26842.584241	S	0.621935
00515389558572	26843.206176	W	0.018121
00515389906496	26843.224297	S	0.622990
00515401867900	26843.847286	W	0.018275
00515402218788	26843.865562	S	0.621766
00515414156700	26844.487328	W	0.018052
00515414503296	26844.505380	S	0.621954
00515426444816	26845.127334	W	0.018972
00515426809072	26845.146306	S	0.621402
00515438739984	26845.767707	W	0.019518
00515439114720	26845.787225	S	0.615625
00515450934720	26846.402850	W	1.529416
00515480299500	26847.932266	S	0.382673
00515487646824	26848.314939	W	0.071345
00515489016652	26848.386284	S	0.573878
00515500035112	26848.960162	W	0.094099
00515501841812	26849.054261	S	0.545950
00515512324044	26849.600211	W	1.138351
00515534180380	26850.738561	S	0.020633
00515534576536	26850.759195	W	0.007026
00515534711444	26850.766221	S	0.101653
00515536663188	26850.867874	W	0.089654
00515538384544	26850.957528	S	1.204389
00515561508808	26852.161917	W	0.027802
00515562042600	26852.189719	S	0.010431
00515562242868	26852.200149	W	0.356310
00515569084012	26852.556459	S	0.015480
00515569381236	26852.571939	W	0.017345
00515569714260	26852.589284	S	0.852663
00515586085392	26853.441947	W	0.028086
00515586624652	26853.470034	S	0.696875
00515600004660	26854.166909	W	0.001590
00515600035196	26854.168500	S	0.539389
00515610391456	26854.707888	W	0.049571
00515611343228	26854.757460	S	1.244415
00515635236004	26856.001875	W	0.078369
00515636740684	26856.080244	S	0.017372
00515637074232	26856.097616	W	0.000982
00515637093084	26856.098598	S	0.012323
00515637329680	26856.110921	W	0.282527
00515642754204	26856.393448	S	0.335004
00515649186272	26856.728452	W	0.015934
00515649492212	26856.744386	S	0.009897
00515649682236	26856.754283	W	0.007114
00515649818832	26856.761397	S	0.520493
00515659812300	26857.281891	W	0.028170
00515660353168	26857.310061	S	1.251813
00515684387980	26858.561874	W	0.028205
00515684929524	26858.590079	S	1.262882
00515709176864	26859.852962	W	0.017036
00515709503960	26859.869998	S	0.629657
00515721593368	26860.499655	W	0.811239
00515737169156	26861.310894	S	0.025600
00515737660676	26861.336494	W	0.006361
00515737782804	26861.342854	S	1.056141
00515758060716	26862.398996	W	0.078392
00515759565836	26862.477387	S	1.027650
00515779296720	26863.505037	W	0.020821
00515779696492	26863.525859	S	0.167138
00515782905544	26863.692997	W	0.017030
00515783232524	26863.710027	S	1.262889
00515807480000	26864.972917	W	0.017148
00515807809240	26864.990065	S	1.262859
00515832056128	26866.252923	W	0.017151
00515832385428	26866.270074	S	1.262842
00515856631988	26867.532916	W	0.017087
00515856960060	26867.550003	S	1.262913
00515881207992	26868.812916	W	0.017077
00515881535868	26868.829993	S	1.262954
00515905784584	26870.092947	W	0.017054
00515906112020	26870.110001	S	0.983521
00515924995620	26871.093522	W	3.499699
00515992189848	26874.593221	S	0.009838
00515992378736	26874.603059	W	0.007944
00515992531260	26874.611003	S	0.580272
00516003672480	26875.191275	W	0.032115
00516004289088	26875.223390	S	0.614283
00516016083316	26875.837673	W	0.070246
00516017432036	26875.907919	S	0.573046
00516028434520	26876.480965	W	0.025014
00516028914788	26876.505979	S	0.616985
00516040760900	26877.122964	W	0.022906
00516041200704	26877.145870	S	0.619238
00516053090076	26877.765108	W	0.021735
00516053507380	26877.786843	S	0.615865
00516065331988	26878.402708	W	0.018065
00516065678844	26878.420773	S	0.623806
00516077655912	26879.044579	W	0.017861
00516077998848	26879.062440	S	0.623341
00516089966996	26879.685781	W	0.018032
00516090313216	26879.703813	S	0.623157
00516102277836	26880.326971	W	0.016375
00516102592244	26880.343346	S	0.624889
00516114590112	26880.968235	W	0.018062
00516114936900	26880.986297	S	0.620940
00516126858948	26881.607237	W	0.018558
00516127215260	26881.625795	S	0.621557
00516139149156	26882.247352	W	0.019564
00516139524788	26882.266916	S	0.615790
00516151347964	26882.882706	W	0.017950
00516151692596	26882.900656	S	0.624456
00516163682152	26883.525112	W	0.022580
00516164115680	26883.547692	S	0.619663
00516176013216	26884.167355	W	0.017549
00516176350148	26884.184904	S	0.622225
00516188296876	26884.807129	W	0.018011
00516188642692	26884.825140	S	0.622021
00516200585488	26885.447161	W	0.017941
00516200929952	26885.465102	S	0.622065
00516212873600	26886.087167	W	0.018667
00516213232008	26886.105834	S	0.621365
00516225162208	26886.727198	W	0.019661
00516225539696	26886.746859	S	0.615923
00516237365416	26887.362782	W	0.019395
00516237737808	26887.382177	S	0.621590
00516249672344	26888.003768	W	0.017933
00516250016652	26888.021701	S	0.624411
00516262005344	26888.646112	W	0.019228
00516262374528	26888.665340	S	0.621854
00516274314128	26889.287194	W	0.017978
00516274659304	26889.305172	S	0.622029
00516286602268	26889.927201	W	0.017982
00516286947520	26889.945183	S	0.622022
00516298890344	26890.567205	W	0.018500
00516299245552	26890.585706	S	0.621513
00516311178608	26891.207219	W	0.019647
00516311555836	26891.226866	S	0.615783
00516323378868	26891.842649	W	0.017516
00516323715176	26891.860165	S	0.623727
00516335690744	26892.483893	W	0.018065
00516336037588	26892.501958	S	0.623080
00516348000720	26893.125038	W	0.017867
00516348343760	26893.142904	S	0.624285
00516360330024	26893.767189	W	0.018260
00516360680620	26893.785449	S	0.621715
00516372617552	26894.407164	W	0.017817
00516372959632	26894.424981	S	0.622196
00516384905788	26895.047176	W	0.018576
00516385262448	26895.065752	S	0.621452
00516397194320	26895.687204	W	0.019831
00516397575072	26895.707035	S	0.615572
00516409394052	26896.322607	W	0.015993
00516409701112	26896.338600	S	0.626262
00516421725344	26896.964862	W	0.017487
00516422061096	26896.982349	S	0.623369
00516434029788	26897.605718	W	0.019602
00516434406140	26897.625320	S	0.620780
00516446325120	26898.246100	W	0.018135
00516446673320	26898.264235	S	0.622940
00516458633760	26898.887175	W	0.018263
00516458984404	26898.905438	S	0.621740
00516470921808	26899.527178	W	0.018766
00516471282116	26899.545944	S	0.621216
00516483209472	26900.167160	W	0.019959
00516483592676	26900.187119	S	0.615518
00516495410624	26900.802637	W	0.018131
00516495758748	26900.820768	S	0.622897
00516507718364	26901.443665	W	0.019618
00516508095036	26901.463283	S	0.621730
00516520032248	26902.085013	W	0.017683
00516520371756	26902.102696	S	0.623552
00516532343964	26902.726248	W	0.019693
00516532722068	26902.745941	S	0.621234
00516544649768	26903.367175	W	0.018094
00516544997172	26903.385269	S	0.621909
00516556937824	26904.007178	W	0.018916
00516557301016	26904.026095	S	0.621075
00516569225652	26904.647169	W	0.019530
00516569600620	26904.666699	S	0.615934
00516581426548	26905.282633	W	0.017882
00516581769884	26905.300515	S	0.623236
00516593736008	26905.923750	W	0.040390
00516594511500	26905.964141	S	0.602048
00516606070828	26906.566189	W	0.017651
00516606409732	26906.583840	S	0.622263
00516618357176	26907.206103	W	0.017344
00516618690188	26907.223447	S	0.623879
00516630668660	26907.847326	W	0.019283
00516631038884	26907.866609	S	0.620633
00516642955040	26908.487242	W	0.017885
00516643298428	26908.505126	S	0.621991
00516655240648	26909.127117	W	0.019676
00516655618432	26909.146793	S	0.615795
00516667441696	26909.762588	W	0.015832
00516667745680	26909.778421	S	0.626378
00516679772128	26910.404798	W	0.017621
00516680110452	26910.422419	S	0.622570
00516692063796	26911.044989	W	0.017861
00516692406736	26911.062851	S	0.623202
00516704372224	26911.686053	W	0.019181
00516704740496	26911.705234	S	0.621890
00516716680792	26912.327125	W	0.017550
00516717017752	26912.344675	S	0.622592
00516728971520	26912.967267	W	0.018120
00516729319428	26912.985387	S	0.621874
00516741259404	26913.607261	W	0.018625
00516741617008	26913.625886	S	0.616710
00516753457848	26914.242596	W	0.019364
00516753829628	26914.261960	S	0.621688
00516765766036	26914.883648	W	0.018096
00516766113480	26914.901744	S	0.623259
00516778080044	26915.525002	W	0.018862
00516778442192	26915.543864	S	0.622233
00516790389064	26916.166097	W	0.015742
00516790691316	26916.181839	S	0.626439
00516802718936	26916.808278	W	0.019625
00516803095728	26916.827903	S	0.619218
00516814984708	26917.447120	W	0.017234
00516815315604	26917.464354	S	0.622908
00516827275436	26918.087262	W	0.018416
00516827629024	26918.105678	S	0.621387
00516839559656	26918.727065	W	0.019872
00516839941204	26918.746938	S	0.616686
00516851781584	26919.363624	W	0.019581
00516852157544	26919.383205	S	0.621689
00516864093976	26920.004895	W	0.015850
00516864398304	26920.020745	S	0.626378
00516876424752	26920.647122	W	0.019439
00516876797976	26920.666561	S	0.620562
00516888712764	26921.287123	W	0.018086
00516889060008	26921.305209	S	0.621841
00516900999360	26921.927050	W	0.018078
00516901346452	26921.945128	S	0.621956
00516913288004	26922.567084	W	0.018808
00516913649112	26922.585891	S	0.621320
00516925578460	26923.207211	W	0.019808
00516925958772	26923.227019	S	0.615568
00516937777672	26923.842587	W	0.018069
00516938124604	26923.860656	S	0.624314
00516950111440	26924.484971	W	0.019620
00516950488136	26924.504590	S	0.621382
00516962418676	26925.125973	W	0.018079
00516962765800	26925.144052	S	0.622974
00516974726892	26925.767026	W	0.018241
00516975077128	26925.785267	S	0.621790
00516987015488	26926.407057	W	0.017838
00516987357984	26926.424895	S	0.622162
00516999303504	26927.047057	W	0.018585
00516999660332	26927.065642	S	0.621421
00517011591616	26927.687063	W	0.019872
00517011973160	26927.706935	S	0.615727
00517023795116	26928.322662	W	0.016072
00517024103704	26928.338735	S	0.626066
00517036124164	26928.964800	W	0.016004
00517036431436	26928.980804	S	0.626889
00517048467704	26929.607693	W	0.019494
00517048841988	26929.627187	S	0.619906
00517060744184	26930.247093	W	0.018074
00517061091196	26930.265166	S	0.621940
00517073032448	26930.887107	W	0.018127
00517073380480	26930.905233	S	0.621869
00517085320372	26931.527103	W	0.018429
00517085674208	26931.545532	S	0.621491
00517097606840	26932.167023	W	0.019712
00517097985304	26932.186735	S	0.615762
00517109807932	26932.802496	W	0.017320
00517110140484	26932.819817	S	0.623896
00517122119280	26933.443713	W	0.015812
00517122422876	26933.459525	S	0.626583
00517134453264	26934.086107	W	0.017571
00517134790620	26934.103678	S	0.623377
00517146759460	26934.727055	W	0.048598
00517147692540	26934.775653	S	0.591385
00517159047136	26935.367038	W	0.017788
00517159388668	26935.384826	S	0.622227
00517171335432	26936.007054	W	0.049589
00517172287544	26936.056643	S	0.590413
00517183623472	26936.647056	W	0.019833
00517184004260	26936.666889	S	0.615584
00517195823464	26937.282472	W	0.019329
00517196194588	26937.301801	S	0.621735
00517208131896	26937.923536	W	0.017583
00517208469492	26937.941119	S	0.623897
00517220448308	26938.565016	W	0.019468
00517220822092	26938.584484	S	0.621464
00517232754204	26939.205948	W	0.018172
00517233103100	26939.224120	S	0.622815
00517245061152	26939.846935	W	0.018339
00517245413264	26939.865274	S	0.621680
00517257349516	26940.486954	W	0.018554
00517257705760	26940.505508	S	0.621480
00517269638172	26941.126988	W	0.019652
00517270015484	26941.146640	S	0.615810
00517281839032	26941.762450	W	0.017982
00517282184296	26941.780432	S	0.623113
00517294148064	26942.403545	W	0.019575
00517294523912	26942.423120	S	0.621756
00517306461628	26943.044876	W	0.017487
00517306797384	26943.062364	S	0.623739
00517318773168	26943.686102	W	0.019028
00517319138504	26943.705130	S	0.621833
00517331077696	26944.326963	W	0.018079
00517331424812	26944.345042	S	0.621941
00517343366076	26944.966983	W	0.018917
00517343729288	26944.985900	S	0.621089
00517355654192	26945.606989	W	0.019837
00517356035064	26945.626826	S	0.615632
00517367855196	26946.242458	W	0.018077
00517368202276	26946.260535	S	0.623022
00517380164300	26946.883557	W	0.018059
00517380511036	26946.901616	S	0.623275
00517392477912	26947.524891	W	0.019531
00517392852916	26947.544423	S	0.621550
00517404786668	26948.165972	W	0.017487
00517405122416	26948.183459	S	0.623723
00517417097904	26948.807183	W	0.019254
00517417467580	26948.826436	S	0.620495
00517429381088	26949.446932	W	0.017752
00517429721932	26949.464684	S	0.622264
00517441669396	26950.086948	W	0.019973
00517442052880	26950.106921	S	0.616629
00517453892148	26950.723549	W	0.080609
00517455439840	26950.804158	S	0.017822
00517455782024	26950.821980	W	0.001019
00517455801580	26950.822999	S	0.010668
00517456006400	26950.833667	W	0.360171
00517462921680	26951.193837	S	0.091584
00517464680092	26951.285421	W	0.015115
00517464970308	26951.300537	S	0.011974
00517465200200	26951.312510	W	0.014975
00517465487728	26951.327486	S	0.036362
00517466185880	26951.363848	W	0.019034
00517466551328	26951.382882	S	0.621858
00517478490996	26952.004739	W	0.018072
00517478837984	26952.022812	S	0.623081
00517490801136	26952.645893	W	0.019181
00517491169404	26952.665073	S	0.621842
00517503108772	26953.286915	W	0.017600
00517503446684	26953.304515	S	0.622541
00517515399468	26953.927056	W	0.017972
00517515744528	26953.945028	S	0.621895
00517527684908	26954.566922	W	0.018808
00517528046020	26954.585730	S	0.616682
00517539886312	26955.202412	W	0.016261
00517540198520	26955.218673	S	0.625936
00517552216488	26955.844609	W	0.017552
00517552553496	26955.862161	S	0.622590
00517564507232	26956.484752	W	0.018980
00517564871656	26956.503732	S	0.622109
00517576816152	26957.125841	W	0.018093
00517577163536	26957.143934	S	0.622981
00517589124780	26957.766916	W	0.016481
00517589441212	26957.783396	S	0.624647
00517601434440	26958.408044	W	0.017714
00517601774548	26958.425758	S	0.621617
00517613709588	26959.047374	W	0.018440
00517614063640	26959.065815	S	0.622460
00517626014880	26959.688275	W	0.018521
00517626370480	26959.706796	S	0.618445
00517638244628	26960.325241	W	0.018240
00517638594844	26960.343481	S	0.621360
00517650524956	26960.964841	W	0.018076
00517650872012	26960.982917	S	0.622914
00517662831964	26961.605831	W	0.019202
00517663200636	26961.625033	S	0.621790
00517675138996	26962.246823	W	0.018084
00517675486200	26962.264906	S	0.621958
00517687427796	26962.886864	W	0.018123
00517687775760	26962.904987	S	0.621927
00517699716768	26963.526915	W	0.018990
00517700081372	26963.545905	S	0.621126
00517712007000	26964.167031	W	0.019809
00517712387324	26964.186840	S	0.615664
00517724208068	26964.802504	W	0.018069
00517724554988	26964.820572	S	0.624266
00517736540900	26965.444839	W	0.018892
00517736903620	26965.463730	S	0.622110
00517748848140	26966.085841	W	0.039973
00517749615612	26966.125813	S	0.602214
00517761178112	26966.728027	W	0.018164
00517761526860	26966.746191	S	0.620837
00517773446932	26967.367028	W	0.018184
00517773796060	26967.385211	S	0.621678
00517785732280	26968.006890	W	0.018581
00517786089028	26968.025470	S	0.621419
00517798020272	26968.646889	W	0.019906
00517798402468	26968.666795	S	0.615710
00517810224100	26969.282505	W	0.019172
00517810592204	26969.301677	S	0.621761
00517822530020	26969.923439	W	0.016095
00517822839040	26969.939533	S	0.627393
00517834884992	26970.566927	W	0.015700
00517835186428	26970.582626	S	0.625934
00517847204364	26971.208561	W	0.017431
00517847539032	26971.225991	S	0.620902
00517859460348	26971.846893	W	0.017971
00517859805400	26971.864865	S	0.622011
00517871748020	26972.486876	W	0.018477
00517872102780	26972.505353	S	0.621534
00517884036232	26973.126887	W	0.019659
00517884413692	26973.146546	S	0.615809
00517896237220	26973.762355	W	0.017532
00517896573832	26973.779887	S	0.623677
00517908548440	26974.403565	W	0.016037
00517908856344	26974.419601	S	0.626334
00517920881952	26975.045935	W	0.017454
00517921217076	26975.063389	S	0.623474
00517933187768	26975.686863	W	0.016291
00517933500560	26975.703154	S	0.624830
00517945497288	26976.327984	W	0.017852
00517945840052	26976.345836	S	0.621010
00517957763448	26976.966846	W	0.018921
00517958126740	26976.985768	S	0.621133
00517970052492	26977.606901	W	0.019817
00517970432988	26977.626718	S	0.615581
00517982252148	26978.242299	W	0.019354
00517982623736	26978.261653	S	0.621739
00517994561116	26978.883391	W	0.017563
00517994898316	26978.900954	S	0.623882
00518006876856	26979.524836	W	0.019457
00518007250436	26979.544294	S	0.621531
00518019183836	26980.165825	W	0.018139
00518019532100	26980.183964	S	0.622871
00518031491224	26980.806835	W	0.018289
00518031842368	26980.825123	S	0.621717
00518043779328	26981.446840	W	0.018765
00518044139616	26981.465605	S	0.621229
00518056067216	26982.086834	W	0.019646
00518056444416	26982.106480	S	0.615824
00518068268232	26982.722304	W	0.018109
00518068615920	26982.740412	S	0.622949
00518080576532	26983.363361	W	0.019599
00518080952840	26983.382960	S	0.621729
00518092890040	26984.004690	W	0.017627
00518093228484	26984.022317	S	0.623574
00518105201108	26984.645891	W	0.019049
00518105566852	26984.664940	S	0.622021
00518117509660	26985.286961	W	0.016225
00518117821184	26985.303187	S	0.624821
00518129817756	26985.928008	W	0.018099
00518130165260	26985.946107	S	0.620714
00518142082972	26986.566821	W	0.019851
00518142464116	26986.586673	S	0.615639
00518154284376	26987.202311	W	0.018045
00518154630840	26987.220356	S	0.623049
00518166593384	26987.843405	W	0.015738
00518166895560	26987.859144	S	0.626706
00518178928324	26988.485850	W	0.017514
00518179264592	26988.503364	S	0.622410
00518191214860	26989.125774	W	0.017654
00518191553824	26989.143428	S	0.623475
00518203524544	26989.766903	W	0.019357
00518203896204	26989.786261	S	0.620523
00518215810252	26990.406784	W	0.017856
00518216153080	26990.424640	S	0.622160
00518228098556	26991.046800	W	0.019639
00518228475620	26991.066439	S	0.615810
00518240299176	26991.682249	W	0.017845
00518240641792	26991.700093	S	0.623245
00518252608100	26992.323339	W	0.019589
00518252984212	26992.342928	S	0.621736
00518264921540	26992.964664	W	0.018052
00518265268132	26992.982715	S	0.623000
00518277229740	26993.605716	W	0.016205
00518277540876	26993.621921	S	0.625997
00518289560020	26994.247918	W	0.017546
00518289896904	26994.265464	S	0.621918
00518301837724	26994.887381	W	0.018139
00518302185984	26994.905520	S	0.621390
00518314116668	26995.526910	W	0.018612
00518314474016	26995.545522	S	0.617921
00518326338108	26996.163443	W	0.042573
00518327155516	26996.206016	S	0.597296
00518338623592	26996.803312	W	0.017983
00518338968860	26996.821295	S	0.623351
00518350937204	26997.444646	W	0.018903
00518351300136	26997.463549	S	0.622201
00518363246404	26998.085750	W	0.018148
00518363594852	26998.103899	S	0.622841
00518375553404	26998.726740	W	0.018230
00518375903420	26998.744970	S	0.621804
00518387842056	26999.366774	W	0.017745
00518388182764	26999.384519	S	0.622401
00518400132860	27000.006920	W	0.018736
00518400492584	27000.025655	S	0.622300
00518412440752	27000.647956	W	0.018355
00518412793168	27000.666311	S	0.618715
00518424672504	27001.285026	W	0.017493
00518425008376	27001.302520	S	0.622232
00518436955232	27001.924752	W	0.017843
00518437297824	27001.942595	S	0.623110
00518449261536	27002.565705	W	0.019189
00518449629968	27002.584894	S	0.621886
00518461570180	27003.206780	W	0.018103
00518461917748	27003.224883	S	0.621920
00518473858612	27003.846803	W	0.138373
00518476515376	27003.985176	S	0.502721
00518486167620	27004.487897	W	0.017395
00518486501600	27004.505292	S	0.622052
00518498444996	27005.127344	W	0.019366
00518498816828	27005.146710	S	0.615513
00518510634684	27005.762223	W	0.018110
00518510982396	27005.780333	S	0.624288
00518522968720	27006.404621	W	0.019635
00518523345716	27006.424256	S	0.621424
00518535277048	27007.045680	W	0.018186
00518535626212	27007.063865	S	0.622821
00518547584376	27007.686686	W	0.018060
00518547931120	27007.704746	S	0.621976
00518559873064	27008.326722	W	0.017874
00518560216244	27008.344596	S	0.622129
00518572161120	27008.966725	W	0.018593
00518572518108	27008.985318	S	0.622546
00518584470992	27009.607864	W	0.052539
00518585479740	27009.660403	S	0.582419
00518596662188	27010.242822	W	0.019357
00518597033848	27010.262180	S	0.621038
00518608957784	27010.883218	W	0.018082
00518609304956	27010.901300	S	0.624335
00518621292196	27011.525635	W	0.019208
00518621660988	27011.544843	S	0.621883
00518633601140	27012.166726	W	0.017831
00518633943492	27012.184557	S	0.622186
00518645889460	27012.806743	W	0.017858
00518646232332	27012.824601	S	0.622142
00518658177460	27013.446743	W	0.018744
00518658537352	27013.465487	S	0.621208
00518670464544	27014.086695	W	0.019678
00518670842368	27014.106373	S	0.615760
00518682664952	27014.722133	W	0.017646
00518683003764	27014.739779	S	0.623577
00518694976440	27015.363356	W	0.019477
00518695350408	27015.382834	S	0.621732
00518707287664	27016.004566	W	0.015776
00518707590560	27016.020342	S	0.627493
00518719638416	27016.647834	W	0.018203
00518719987912	27016.666037	S	0.620721
00518731905756	27017.286758	W	0.018106
00518732253392	27017.304864	S	0.621832
00518744192572	27017.926696	W	0.018881
00518744555088	27017.945577	S	0.621152
00518756481208	27018.566730	W	0.019783
00518756861048	27018.586513	S	0.615597
00518768680512	27019.202110	W	0.018268
00518769031252	27019.220378	S	0.622835
00518780989692	27019.843213	W	0.017641
00518781328408	27019.860855	S	0.623807
00518793305500	27020.484661	W	0.019474
00518793679404	27020.504136	S	0.621462
00518805611472	27021.125597	W	0.018145
00518805959856	27021.143743	S	0.622910
00518817919720	27021.766652	W	0.018101
00518818267264	27021.784753	S	0.621929
00518830208304	27022.406683	W	0.018467
00518830562868	27022.425149	S	0.621464
00518842494980	27023.046614	W	0.019694
00518842873104	27023.066308	S	0.615795
00518854696372	27023.682103	W	0.018035
00518855042648	27023.700138	S	0.623064
00518867005480	27024.323202	W	0.019599
00518867381788	27024.342801	S	0.621716
00518879318744	27024.964518	W	0.017230
00518879649560	27024.981748	S	0.624008
00518891630504	27025.605755	W	0.018996
00518891995236	27025.624752	S	0.621931
00518903936320	27026.246683	W	0.040881
00518904721244	27026.287565	S	0.600225
00518916245556	27026.887789	W	0.017982
00518916590804	27026.905771	S	0.620877
00518928511652	27027.526649	W	0.019861
00518928892976	27027.546509	S	0.615621
00518940712900	27028.162130	W	0.016186
00518941023672	27028.178316	S	0.625968
00518953042252	27028.804284	W	0.017407
00518953376464	27028.821691	S	0.622867
00518965335504	27029.444557	W	0.019542
00518965710704	27029.464099	S	0.621530
00518977644080	27030.085629	W	0.017512
00518977980304	27030.103141	S	0.623694
00518989955224	27030.726835	W	0.019258
00518990324976	27030.746093	S	0.620537
00519002239296	27031.366630	W	0.050166
00519003202476	27031.416796	S	0.589964
00519014529776	27032.006759	W	0.019818
00519014910280	27032.026577	S	0.615357
00519026725128	27032.641934	W	0.018145
00519027073512	27032.660079	S	0.622949
00519039034124	27033.283027	W	0.019696
00519039412280	27033.302723	S	0.621642
00519051347816	27033.924365	W	0.018026
00519051693924	27033.942392	S	0.623155
00519063658492	27034.565546	W	0.019221
00519064027532	27034.584767	S	0.621843
00519075966920	27035.206610	W	0.017579
00519076304436	27035.224189	S	0.622575
00519088257876	27035.846764	W	0.017976
00519088603012	27035.864740	S	0.621880
00519100543112	27036.486620	W	0.018798
00519100904024	27036.505418	S	0.616716
00519112744964	27037.122134	W	0.019308
00519113115672	27037.141441	S	0.621681
00519125051940	27037.763122	W	0.084964
00519126683256	27037.848086	S	0.557488
00519137387032	27038.405575	W	0.017446
00519137721988	27038.423020	S	0.622632
00519149676520	27039.045652	W	0.017807
00519150018420	27039.063459	S	0.623191
00519161983688	27039.686650	W	0.018309
00519162335220	27039.704959	S	0.621615
00519174270220	27040.326574	W	0.017437
00519174605004	27040.344011	S	0.622722
00519186561268	27040.966733	W	0.018486
00519186916208	27040.985219	S	0.621353
00519198846192	27041.606573	W	0.019574
00519199222020	27041.626147	S	0.616985
00519211068128	27042.243132	W	0.018922
00519211431432	27042.262054	S	0.622440
00519223382288	27042.884494	W	0.047641
00519224297000	27042.932135	S	0.593556
00519235693276	27043.525691	W	0.019035
00519236058756	27043.544727	S	0.621733
00519247996032	27044.166460	W	0.018121
00519248343948	27044.184581	S	0.621954
00519260285456	27044.806534	W	0.018324
00519260637268	27044.824858	S	0.621661
00519272573152	27045.446518	W	0.018630
00519272930856	27045.465149	S	0.621495
00519284863560	27046.086644	W	0.019909
00519285245812	27046.106553	S	0.615551
00519297064388	27046.722104	W	0.018164
00519297413128	27046.740267	S	0.624170
00519309397196	27047.364437	W	0.019154
00519309764960	27047.383592	S	0.621930
00519321706020	27048.005522	W	0.018209
00519322055624	27048.023730	S	0.622781
00519334013020	27048.646511	W	0.050219
00519334977228	27048.696731	S	0.589921
00519346303708	27049.286651	W	0.018024
00519346649772	27049.304676	S	0.621742
00519358587216	27049.926417	W	0.019045
00519358952884	27049.945463	S	0.620963
00519370875376	27050.566426	W	0.019754
00519371254652	27050.586180	S	0.615903
00519383079996	27051.202083	W	0.019263
00519383449848	27051.221346	S	0.621673
00519395385976	27051.843020	W	0.018057
00519395732668	27051.861076	S	0.624379
00519407720740	27052.485455	W	0.019189
00519408089160	27052.504644	S	0.621863
00519420028932	27053.126507	W	0.018171
00519420377824	27053.144678	S	0.621819
00519432316744	27053.766497	W	0.048676
00519433251328	27053.815173	S	0.591460
00519444607352	27054.406633	W	0.018404
00519444960708	27054.425037	S	0.621382
00519456891240	27055.046419	W	0.020071
00519457276612	27055.066490	S	0.615408
00519469092444	27055.681898	W	0.017682
00519469431940	27055.699580	S	0.623525
00519481403612	27056.323105	W	0.041279
00519482196164	27056.364384	S	0.599951
00519493715224	27056.964335	W	0.018244
00519494065516	27056.982579	S	0.623949
00519506045344	27057.606528	W	0.018340
00519506397472	27057.624868	S	0.621658
00519518333304	27058.246526	W	0.017777
00519518674624	27058.264303	S	0.622238
00519530621592	27058.886541	W	0.052083
00519531621592	27058.938625	S	0.587917
00519542909596	27059.526541	W	0.019841
00519543290544	27059.546383	S	0.615636
00519555110748	27060.162018	W	0.019277
00519555480860	27060.181295	S	0.621799
00519567419408	27060.803094	W	0.017576
00519567756876	27060.820671	S	0.623873
00519579735232	27061.444543	W	0.019440
00519580108480	27061.463983	S	0.621559
00519592042404	27062.085542	W	0.018078
00519592389500	27062.103620	S	0.622915
00519604349468	27062.726535	W	0.018238
00519604699640	27062.744773	S	0.621760
00519616637432	27063.366533	W	0.018462
00519616991900	27063.384995	S	0.621565
00519628925956	27064.006560	W	0.019883
00519629307716	27064.026444	S	0.615504
00519641125388	27064.641947	W	0.047018
00519642028136	27064.688965	S	0.595300
00519653457892	27065.284265	W	0.017517
00519653794212	27065.301782	S	0.622461
00519665745468	27065.924243	W	0.017680
00519666084916	27065.941923	S	0.623532
00519678056732	27066.565455	W	0.019148
00519678424368	27066.584602	S	0.621785
00519690362640	27067.206387	W	0.017813
00519690704648	27067.224200	S	0.622291
00519702652632	27067.846491	W	0.052304
00519703656864	27067.898795	S	0.587691
00519714940540	27068.486486	W	0.019842
00519715321504	27068.506328	S	0.615627
00519727141544	27069.121955	W	0.018138
00519727489788	27069.140093	S	0.622959
00519739450608	27069.763052	W	0.018226
00519739800556	27069.781279	S	0.623060
00519751763300	27070.404339	W	0.019601
00519752139640	27070.423940	S	0.621499
00519764072420	27071.045439	W	0.017739
00519764413012	27071.063178	S	0.623477
00519776383764	27071.686654	W	0.018153
00519776732296	27071.704807	S	0.621782
00519788670508	27072.326589	W	0.051580
00519789660836	27072.378169	S	0.588474
00519800959528	27072.966642	W	0.019766
00519801339036	27072.986408	S	0.615460
00519813155872	27073.601868	W	0.016176
00519813466460	27073.618045	S	0.625926
00519825484248	27074.243971	W	0.017659
00519825823304	27074.261630	S	0.622669
00519837778556	27074.884300	W	0.018153
00519838127100	27074.902453	S	0.622923
00519850087228	27075.525376	W	0.019210
00519850456056	27075.544586	S	0.621866
00519862395880	27076.166452	W	0.017878
00519862739132	27076.184330	S	0.622305
00519874687392	27076.806635	W	0.017928
00519875031616	27076.824563	S	0.621870
00519886971524	27077.446434	W	0.018781
00519887332124	27077.465215	S	0.617811
00519899194100	27078.083026	W	0.018908
00519899557140	27078.101934	S	0.621026
00519911480844	27078.722961	W	0.018133
00519911829004	27078.741094	S	0.623195
00519923794344	27079.364289	W	0.015929
00519924100184	27079.380218	S	0.626256
00519936124292	27080.006474	W	0.017460
00519936459516	27080.023933	S	0.622478
00519948411088	27080.646411	W	0.016505
00519948727976	27080.662915	S	0.624630
00519960720868	27081.287545	W	0.017511
00519961057080	27081.305056	S	0.621966
00519972998836	27081.927023	W	0.018282
00519973349848	27081.945305	S	0.621171
00519985276324	27082.566475	W	0.019790
00519985656300	27082.586266	S	0.617842
00519997518876	27083.204108	W	0.017627
00519997857320	27083.221735	S	0.622567
00520009810612	27083.844303	W	0.018109
00520010158304	27083.862412	S	0.622951
00520022118964	27084.485363	W	0.015935
00520022424908	27084.501297	S	0.626274
00520034449364	27085.127571	W	0.017487
00520034785112	27085.145058	S	0.621374
00520046715484	27085.766431	W	0.017528
00520047052016	27085.783959	S	0.623596
00520059025052	27086.407555	W	0.041831
00520059828208	27086.449386	S	0.597628
00520071302660	27087.047014	W	0.050064
00520072263892	27087.097078	S	0.584738
00520083490864	27087.681816	W	0.018253
00520083841316	27087.700069	S	0.624158
00520095825148	27088.324226	W	0.019685
00520096203108	27088.343912	S	0.621385
00520108133696	27088.965297	W	0.017817
00520108475784	27088.983114	S	0.623261
00520120442400	27089.606375	W	0.018098
00520120789888	27089.624473	S	0.621953
00520132731376	27090.246426	W	0.018105
00520133078996	27090.264531	S	0.621919
00520145019844	27090.886450	W	0.018834
00520145381452	27090.905284	S	0.621146
00520157307456	27091.526430	W	0.019547
00520157682768	27091.545978	S	0.616037
00520169510680	27092.162015	W	0.016115
00520169820092	27092.178130	S	0.625974
00520181838800	27092.804104	W	0.015601
00520182138344	27092.819705	S	0.627344
00520194183348	27093.447049	W	0.018821
00520194544708	27093.465870	S	0.620506
00520206458416	27094.086376	W	0.018120
00520206806324	27094.104496	S	0.621889
00520218746596	27094.726385	W	0.018280
00520219097580	27094.744666	S	0.621708
00520231034372	27095.366374	W	0.018790
00520231395144	27095.385164	S	0.621211
00520243322396	27096.006375	W	0.019654
00520243699752	27096.026029	S	0.615815
00520255523396	27096.641844	W	0.017600
00520255861312	27096.659443	S	0.623591
00520267834264	27097.283035	W	0.019455
00520268207792	27097.302489	S	0.621751
00520280145412	27097.924240	W	0.018037
00520280491724	27097.942277	S	0.624128
00520292474984	27098.566405	W	0.018301
00520292826360	27098.584706	S	0.621680
00520304762608	27099.206386	W	0.017140
00520305091688	27099.223525	S	0.623961
00520317071748	27099.847487	W	0.018064
00520317418584	27099.865551	S	0.620982
00520329341440	27100.486533	W	0.019683
00520329719348	27100.506216	S	0.615659
00520341540000	27101.121875	W	0.019247
00520341909540	27101.141122	S	0.621828
00520353848632	27101.762950	W	0.017571
00520354185996	27101.780521	S	0.623883
00520366164556	27102.404404	W	0.019406
00520366537144	27102.423810	S	0.621504
00520378470016	27103.045313	W	0.018154
00520378818576	27103.063468	S	0.622845
00520390777204	27103.686313	W	0.018234
00520391127304	27103.704547	S	0.621785
00520403065584	27104.326333	W	0.018785
00520403426248	27104.345117	S	0.621234
00520415353932	27104.966351	W	0.019626
00520415730748	27104.985976	S	0.615818
00520427554460	27105.601795	W	0.016146
00520427864456	27105.617940	S	0.626060
00520439884800	27106.244000	W	0.017548
00520440221724	27106.261548	S	0.622644
00520452176492	27106.884192	W	0.017489
00520452512284	27106.901681	S	0.623727
00520464487852	27107.525409	W	0.019702
00520464866124	27107.545111	S	0.621231
00520476793768	27108.166342	W	0.018095
00520477141200	27108.184438	S	0.621894
00520489081564	27108.806331	W	0.018907
00520489444580	27108.825239	S	0.621094
00520501369592	27109.446333	W	0.019828
00520501750280	27109.466160	S	0.615636
00520513570488	27110.081796	W	0.018155
00520513919068	27110.099951	S	0.622943
00520525879576	27110.722895	W	0.018140
00520526227872	27110.741035	S	0.623127
00520538191912	27111.364162	W	0.018937
00520538555500	27111.383099	S	0.622126
00520550500320	27112.005225	W	0.017579
00520550837832	27112.022804	S	0.623628
00520562811488	27112.646432	W	0.019335
00520563182712	27112.665766	S	0.620540
00520575097084	27113.286306	W	0.017769
00520575438256	27113.304076	S	0.622226
00520587384992	27113.926302	W	0.019658
00520587762420	27113.945959	S	0.616955
00520599607964	27114.562915	W	0.017435
00520599942724	27114.580350	S	0.622497
00520611894668	27115.202847	W	0.019578
00520612270568	27115.222425	S	0.621749
00520624208148	27115.844174	W	0.018100
00520624555664	27115.862274	S	0.622974
00520636516764	27116.485248	W	0.040624
00520637296748	27116.525872	S	0.601553
00520648846560	27117.127425	W	0.017616
00520649184796	27117.145041	S	0.621792
00520661123196	27117.766833	W	0.018221
00520661473048	27117.785055	S	0.621261
00520673401256	27118.406315	W	0.086054
00520675053484	27118.492369	S	0.549387
00520685601712	27119.041756	W	0.018261
00520685952332	27119.060017	S	0.622803
00520697910144	27119.682820	W	0.017968
00520698255128	27119.700788	S	0.623395
00520710224308	27120.324183	W	0.019550
00520710599672	27120.343733	S	0.621544
00520722533308	27120.965276	W	0.018117
00520722881160	27120.983394	S	0.622876
00520734840372	27121.606269	W	0.018139
00520735188632	27121.624408	S	0.621901
00520747129124	27122.246309	W	0.017593
00520747466908	27122.263901	S	0.622503
00520759418960	27122.886404	W	0.018736
00520759778688	27122.905140	S	0.621118
00520771704156	27123.526258	W	0.019864
00520772085548	27123.546122	S	0.616714
00520783926464	27124.162837	W	0.050501
00520784896088	27124.213338	S	0.590947
00520796242264	27124.804285	W	0.018017
00520796588192	27124.822302	S	0.622746
00520808544916	27125.445048	W	0.019318
00520808915824	27125.464366	S	0.621754
00520820853508	27126.086120	W	0.018170
00520821202372	27126.104290	S	0.621860
00520833142080	27126.726150	W	0.018041
00520833488460	27126.744191	S	0.621951
00520845429928	27127.366142	W	0.018616
00520845787352	27127.384758	S	0.621618
00520857722424	27128.006376	W	0.019804
00520858102668	27128.026181	S	0.615543
00520869921100	27128.641724	W	0.018034
00520870267356	27128.659758	S	0.624370
00520882255268	27129.284129	W	0.019622
00520882632012	27129.303751	S	0.621448
00520894563820	27129.925199	W	0.016065
00520894872268	27129.941264	S	0.626107
00520906893520	27130.567371	W	0.017627
00520907231960	27130.584998	S	0.621432
00520919163456	27131.206430	W	0.017825
00520919505704	27131.224255	S	0.621977
00520931447668	27131.846233	W	0.018615
00520931805084	27131.864848	S	0.621374
00520943735468	27132.486222	W	0.019628
00520944112324	27132.505850	S	0.615996
00520955939456	27133.121847	W	0.019162
00520956307360	27133.141008	S	0.621768
00520968245304	27133.762776	W	0.017820
00520968587440	27133.780596	S	0.624594
00520980579640	27134.405190	W	0.019161
00520980947528	27134.424350	S	0.621915
00520992888288	27135.046265	W	0.017976
00520993233436	27135.064241	S	0.622037
00521005176540	27135.686278	W	0.017476
00521005512072	27135.703754	S	0.623619
00521017485556	27136.327373	W	0.017620
00521017823856	27136.344992	S	0.622957
00521029784636	27136.967950	W	0.018197
00521030134024	27136.986147	S	0.615518
00521041951976	27137.601665	W	0.017299
00521042284108	27137.618964	S	0.623906
00521054263104	27138.242870	W	0.019466
00521054636852	27138.262336	S	0.621744
00521066574344	27138.884080	W	0.018106
00521066921984	27138.902187	S	0.623958
00521078901984	27139.526145	W	0.018234
00521079252080	27139.544379	S	0.621771
00521091190088	27140.166150	W	0.017866
00521091533108	27140.184016	S	0.622170
00521103478772	27140.806186	W	0.018888
00521103841416	27140.825074	S	0.621130
00521115767108	27141.446204	W	0.019541
00521116142296	27141.465745	S	0.615940
00521127968348	27142.081685	W	0.019296
00521128338836	27142.100981	S	0.621691
00521140275312	27142.722673	W	0.017540
00521140612084	27142.740213	S	0.623966
00521152592232	27143.364179	W	0.019451
00521152965692	27143.383630	S	0.621623
00521164900848	27144.005252	W	0.018103
00521165248428	27144.023356	S	0.622819
00521177206560	27144.646175	W	0.017561
00521177543740	27144.663736	S	0.623559
00521189516080	27145.287296	W	0.017858
00521189858960	27145.305154	S	0.621019
00521201782516	27145.926173	W	0.019649
00521202159776	27145.945822	S	0.615814
00521213983408	27146.561636	W	0.053481
00521215010240	27146.615117	S	0.588707
00521226313408	27147.203823	W	0.018242
00521226663652	27147.222065	S	0.621974
00521238605548	27147.844039	W	0.017558
00521238942668	27147.861597	S	0.623647
00521250916696	27148.485245	W	0.019705
00521251295036	27148.504950	S	0.621218
00521263222416	27149.126167	W	0.018045
00521263568884	27149.144213	S	0.621971
00521275510732	27149.766184	W	0.018668
00521275869164	27149.784852	S	0.622436
00521287819928	27150.407288	W	0.018415
00521288173488	27150.425703	S	0.617618
00521300031744	27151.043320	W	0.017390
00521300365632	27151.060710	S	0.622140
00521312310716	27151.682850	W	0.015933
00521312616628	27151.698783	S	0.626437
00521324644216	27152.325220	W	0.017622
00521324982568	27152.342842	S	0.622234
00521336929456	27152.965076	W	0.017667
00521337268672	27152.982743	S	0.623557
00521349240960	27153.606300	W	0.018131
00521349589076	27153.624431	S	0.621798
00521361527592	27154.246229	W	0.017355
00521361860800	27154.263583	S	0.623717
00521373836160	27154.887300	W	0.018781
00521374196756	27154.906081	S	0.615557
00521386015452	27155.521638	W	0.016072
00521386324028	27155.537710	S	0.626087
00521398344900	27156.163797	W	0.018121
00521398692824	27156.181918	S	0.622200
00521410639064	27156.804118	W	0.015982
00521410945924	27156.820100	S	0.626156
00521422968120	27157.446256	W	0.019285
00521423338392	27157.465541	S	0.620641
00521435254700	27158.086182	W	0.017640
00521435593392	27158.103823	S	0.622468
00521447544776	27158.726290	W	0.017959
00521447889588	27158.744249	S	0.621915
00521459830348	27159.366164	W	0.018466
00521460184900	27159.384630	S	0.616909
00521472029556	27160.001539	W	0.018224
00521472379452	27160.019763	S	0.622903
00521484339188	27160.642666	W	0.018101
00521484686728	27160.660767	S	0.623208
00521496652328	27161.283975	W	0.018925
00521497015684	27161.302900	S	0.622185
00521508961632	27161.925085	W	0.016045
00521509269700	27161.941130	S	0.626121
00521521291232	27162.567252	W	0.018959
00521521655248	27162.586211	S	0.619898
00521533557292	27163.206109	W	0.017658
00521533896324	27163.223767	S	0.622494
00521545848204	27163.846261	W	0.018405
00521546201580	27163.864666	S	0.621435
00521558133136	27164.486101	W	0.019822
00521558513724	27164.505923	S	0.617815
00521570375780	27165.123739	W	0.017660
00521570714852	27165.141399	S	0.622538
00521582667588	27165.763937	W	0.015840
00521582971716	27165.779777	S	0.626356
00521594997756	27166.406133	W	0.017738
00521595338320	27166.423871	S	0.622208
00521607284708	27167.046079	W	0.017852
00521607627460	27167.063930	S	0.622134
00521619572432	27167.686064	W	0.018046
00521619918920	27167.704110	S	0.621961
00521631860564	27168.326071	W	0.018548
00521632216676	27168.344619	S	0.621590
00521644151200	27168.966208	W	0.019522
00521644526024	27168.985730	S	0.615925
00521656351792	27169.601656	W	0.018078
00521656698888	27169.619734	S	0.624276
00521668684996	27170.244010	W	0.019583
00521669060992	27170.263593	S	0.621482
00521680993444	27170.885075	W	0.084040
00521682607016	27170.969115	S	0.556948
00521693300412	27171.526063	W	0.018229
00521693650416	27171.544292	S	0.621796
00521705588892	27172.166088	W	0.017823
00521705931084	27172.183911	S	0.622171
00521717876768	27172.806082	W	0.018843
00521718238560	27172.824925	S	0.621146
00521730164572	27173.446071	W	0.019890
00521730546456	27173.465961	S	0.615737
00521742368600	27174.081698	W	0.019164
00521742736540	27174.100861	S	0.621708
00521754673332	27174.722569	W	0.018080
00521755020464	27174.740649	S	0.624330
00521767007596	27175.364979	W	0.019195
00521767376132	27175.384174	S	0.621877
00521779316180	27176.006051	W	0.016097
00521779625244	27176.022148	S	0.625028
00521791625776	27176.647176	W	0.042466
00521792441124	27176.689642	S	0.596402
00521803892036	27177.286044	W	0.018490
00521804247040	27177.304533	S	0.622635
00521816201636	27177.927169	W	0.018829
00521816563160	27177.945998	S	0.615506
00521828380884	27178.561504	W	0.017524
00521828717340	27178.579028	S	0.623719
00521840692740	27179.202747	W	0.015726
00521840994672	27179.218473	S	0.626622
00521853025808	27179.845094	W	0.017387
00521853359636	27179.862481	S	0.623628
00521865333288	27180.486109	W	0.018175
00521865682244	27180.504284	S	0.621810
00521877620996	27181.126094	W	0.018096
00521877968436	27181.144189	S	0.621846
00521889907884	27181.766036	W	0.018857
00521890269932	27181.784892	S	0.621166
00521902196324	27182.406059	W	0.019825
00521902576960	27182.425883	S	0.615651
00521914397464	27183.041535	W	0.019260
00521914767260	27183.060795	S	0.621821
00521926706232	27183.682616	W	0.017556
00521927043304	27183.700172	S	0.623886
00521939021908	27184.324058	W	0.017388
00521939355764	27184.341446	S	0.623515
00521951327256	27184.964961	W	0.018105
00521951674868	27184.983066	S	0.622970
00521963635892	27185.606036	W	0.018209
00521963985496	27185.624245	S	0.621789
00521975923852	27186.246034	W	0.018768
00521976284204	27186.264802	S	0.621236
00521988211928	27186.886038	W	0.019896
00521988593936	27186.905934	S	0.615512
00522000411760	27187.521446	W	0.018021
00522000757756	27187.539466	S	0.623064
00522012720580	27188.162530	W	0.019593
00522013096772	27188.182124	S	0.621745
00522025034280	27188.803869	W	0.017525
00522025370752	27188.821393	S	0.623680
00522037345416	27189.445074	W	0.016081
00522037654168	27189.461155	S	0.626051
00522049674348	27190.087206	W	0.017445
00522050009292	27190.104651	S	0.621356
00522061939320	27190.726006	W	0.018918
00522062302540	27190.744924	S	0.621010
00522074225936	27191.365934	W	0.019893
00522074607880	27191.385827	S	0.615596
00522086427320	27192.001423	W	0.018138
00522086775576	27192.019561	S	0.622965
00522098736496	27192.642526	W	0.018123
00522099084456	27192.660649	S	0.623193
00522111049752	27193.283841	W	0.019597
00522111426020	27193.303439	S	0.621470
00522123358240	27193.924908	W	0.017621
00522123696560	27193.942529	S	0.623561
00522135668936	27194.566090	W	0.019353
00522136040508	27194.585443	S	0.620471
00522147953552	27195.205914	W	0.018109
00522148301236	27195.224023	S	0.621899
00522160241696	27195.845922	W	0.020012
00522160625928	27195.865934	S	0.615474
00522172443036	27196.481408	W	0.018088
00522172790328	27196.499496	S	0.622980
00522184751540	27197.122476	W	0.019646
00522185128748	27197.142122	S	0.621669
00522197064784	27197.763791	W	0.018152
00522197413312	27197.781943	S	0.622924
00522209373460	27198.404868	W	0.019213
00522209742348	27198.424081	S	0.621900
00522221682832	27199.045981	W	0.017560
00522222019980	27199.063541	S	0.622578
00522233973476	27199.686119	W	0.017410
00522234307744	27199.703528	S	0.623625
00522246281352	27200.327154	W	0.018125
00522246629360	27200.345279	S	0.616136
00522258459180	27200.961416	W	0.019369
00522258831060	27200.980784	S	0.621636
00522270766468	27201.602420	W	0.091185
00522272517212	27201.693605	S	0.550194
00522283080940	27202.243799	W	0.016217
00522283392308	27202.260016	S	0.625980
00522295411132	27202.885996	W	0.017482
00522295746780	27202.903478	S	0.622449
00522307697804	27203.525927	W	0.018245
00522308048108	27203.544172	S	0.621751
00522319985720	27204.165923	W	0.017771
00522320326932	27204.183694	S	0.622373
00522332276492	27204.806067	W	0.018774
00522332636956	27204.824841	S	0.621149
00522344563024	27205.445991	W	0.019811
00522344943404	27205.465802	S	0.616665
00522356783380	27206.082468	W	0.019589
00522357159488	27206.102057	S	0.621728
00522369096672	27206.723785	W	0.042398
00522369910716	27206.766183	S	0.598684
00522381405456	27207.364868	W	0.019164
00522381773400	27207.384031	S	0.621887
00522393713624	27208.005918	W	0.018109
00522394061320	27208.024027	S	0.621879
00522406001388	27208.645906	W	0.018279
00522406352344	27208.664185	S	0.621725
00522418289464	27209.285910	W	0.018839
00522418651164	27209.304748	S	0.621282
00522430579788	27209.926031	W	0.019823
00522430960396	27209.945854	S	0.615531
00522442778592	27210.561385	W	0.018104
00522443126184	27210.579489	S	0.624294
00522455112620	27211.203782	W	0.019011
00522455477624	27211.222793	S	0.622041
00522467420812	27211.844834	W	0.017789
00522467762360	27211.862623	S	0.623307
00522479729852	27212.485930	W	0.017866
00522480072872	27212.503795	S	0.622188
00522492018880	27213.125983	W	0.017896
00522492362492	27213.143880	S	0.621966
00522504304248	27213.765846	W	0.018645
00522504662224	27213.784491	S	0.621391
00522516592924	27214.405881	W	0.019618
00522516969596	27214.425500	S	0.615989
00522528796592	27215.041489	W	0.019197
00522529165172	27215.060686	S	0.621740
00522541102580	27215.682426	W	0.016126
00522541412196	27215.698552	S	0.627413
00522553458516	27216.325964	W	0.018711
00522553817776	27216.344676	S	0.621214
00522565745092	27216.965890	W	0.017981
00522566090320	27216.983871	S	0.622039
00522578033468	27217.605910	W	0.018171
00522578382348	27217.624081	S	0.621835
00522590321588	27218.245916	W	0.018751
00522590681608	27218.264667	S	0.621264
00522602609884	27218.885931	W	0.019904
00522602992036	27218.905835	S	0.615553
00522614810652	27219.521388	W	0.017766
00522615151764	27219.539154	S	0.623427
00522627121560	27220.162581	W	0.018302
00522627472960	27220.180883	S	0.622839
00522639431472	27220.803723	W	0.018065
00522639778316	27220.821787	S	0.624086
00522651760776	27221.445874	W	0.016278
00522652073312	27221.462152	S	0.624847
00522664070376	27222.086999	W	0.018095
00522664417804	27222.105094	S	0.620768
00522676336540	27222.725861	W	0.018591
00522676693496	27222.744453	S	0.621438
00522688625112	27223.365891	W	0.019530
00522689000096	27223.385422	S	0.617031
00522700847100	27224.002453	W	0.018861
00522701209232	27224.021314	S	0.621067
00522713133712	27224.642381	W	0.017307
00522713466000	27224.659687	S	0.624185
00522725450356	27225.283873	W	0.019453
00522725823844	27225.303325	S	0.621481
00522737756272	27225.924806	W	0.017839
00522738098784	27225.942645	S	0.623221
00522750064628	27226.565866	W	0.017993
00522750410100	27226.583859	S	0.622007
00522762352640	27227.205867	W	0.018753
00522762712700	27227.224620	S	0.621248
00522774640668	27227.845868	W	0.019627
00522775017516	27227.865496	S	0.615850
00522786841836	27228.481346	W	0.017812
00522787183828	27228.499158	S	0.623233
00522799149896	27229.122390	W	0.019575
00522799525732	27229.141965	S	0.621774
00522811463792	27229.763739	W	0.017740
00522811804392	27229.781479	S	0.623468
00522823774976	27230.404947	W	0.019666
00522824152568	27230.424613	S	0.621230
00522836080176	27231.045842	W	0.018106
00522836427808	27231.063948	S	0.621907
00522848368424	27231.685855	W	0.018900
00522848731300	27231.704755	S	0.621031
00522860655092	27232.325786	W	0.019896
00522861037100	27232.345682	S	0.616696
00522872877668	27232.962379	W	0.017416
00522873212056	27232.979795	S	0.622730
00522885168468	27233.602524	W	0.018077
00522885515544	27233.620601	S	0.623120
00522897479444	27234.243721	W	0.019559
00522897854968	27234.263280	S	0.621519
00522909788140	27234.884799	W	0.017518
00522910124488	27234.902317	S	0.623691
00522922099348	27235.526008	W	0.090529
00522923837500	27235.616536	S	0.549282
00522934383708	27236.165818	W	0.018121
00522934731628	27236.183939	S	0.621855
00522946671244	27236.805794	W	0.057600
00522947777172	27236.863394	S	0.577856
00522958872004	27237.441250	W	0.018125
00522959220008	27237.459375	S	0.622963
00522971180896	27238.082338	W	0.019576
00522971556760	27238.101915	S	0.621754
00522983494436	27238.723669	W	0.018092
00522983841804	27238.741761	S	0.622975
00522995802920	27239.364735	W	0.019178
00522996171140	27239.383914	S	0.621816
00523008110004	27240.005729	W	0.017199
00523008440232	27240.022929	S	0.622967
00523020401200	27240.645896	W	0.050041
00523021361980	27240.695936	S	0.589941
00523032688840	27241.285877	W	0.018423
00523033042552	27241.304300	S	0.616805
00523044885208	27241.921105	W	0.018320
00523045236948	27241.939424	S	0.622783
00523057194388	27242.562208	W	0.018355
00523057546804	27242.580563	S	0.622851
00523069505544	27243.203414	W	0.019850
00523069886656	27243.223263	S	0.621319
00523081815972	27243.844582	W	0.018118
00523082163832	27243.862700	S	0.622967
00523094124800	27244.485667	W	0.018316
00523094476464	27244.503982	S	0.621721
00523106413500	27245.125703	W	0.017567
00523106750788	27245.143270	S	0.622586
00523118704448	27245.765857	W	0.018791
00523119065232	27245.784648	S	0.621166
00523130991628	27246.405814	W	0.019815
00523131372076	27246.425629	S	0.616653
00523143211812	27247.042282	W	0.018929
00523143575248	27247.061211	S	0.622431
00523155525920	27247.683642	W	0.015821
00523155829684	27247.699463	S	0.626374
00523167856068	27248.325837	W	0.015988
00523168163044	27248.341825	S	0.625654
00523180175592	27248.967479	W	0.018053
00523180522208	27248.985532	S	0.620214
00523192430308	27249.605745	W	0.017946
00523192774872	27249.623691	S	0.622053
00523204718280	27250.245744	W	0.018865
00523205080496	27250.264609	S	0.621273
00523217008944	27250.885882	W	0.019785
00523217388808	27250.905667	S	0.615482
00523229206068	27251.521149	W	0.018064
00523229552900	27251.539214	S	0.624351
00523241540432	27252.163564	W	0.019880
00523241922124	27252.183444	S	0.621193
00523253849028	27252.804637	W	0.016135
00523254158824	27252.820772	S	0.626071
00523266179388	27253.446843	W	0.018242
00523266529640	27253.465085	S	0.620682
00523278446736	27254.085768	W	0.017940
00523278791176	27254.103707	S	0.622097
00523290735432	27254.725804	W	0.018522
00523291091052	27254.744326	S	0.621404
00523303022004	27255.365729	W	0.019928
00523303404628	27255.385658	S	0.615691
00523315225900	27256.001349	W	0.019167
00523315593900	27256.020516	S	0.621695
00523327530452	27256.642211	W	0.018101
00523327878000	27256.660313	S	0.624311
00523339864776	27257.284624	W	0.019231
00523340234012	27257.303855	S	0.621870
00523352173920	27257.925725	W	0.017988
00523352519296	27257.943713	S	0.622044
00523364462532	27258.565757	W	0.017973
00523364807616	27258.583730	S	0.621954
00523376749128	27259.205684	W	0.018520
00523377104716	27259.224204	S	0.622616
00523389058940	27259.846820	W	0.018859
00523389421024	27259.865678	S	0.615533
00523401239248	27260.481211	W	0.017664
00523401578396	27260.498875	S	0.623509
00523413549776	27261.122384	W	0.019435
00523413922920	27261.141819	S	0.621774
00523425860984	27261.763593	W	0.018118
00523426208852	27261.781711	S	0.624008
00523438189796	27262.405719	W	0.018199
00523438539224	27262.423918	S	0.621819
00523450478152	27263.045737	W	0.018088
00523450825444	27263.063825	S	0.621903
00523462765988	27263.685729	W	0.018847
00523463127848	27263.704575	S	0.621209
00523475055056	27264.325784	W	0.019742
00523475434112	27264.345527	S	0.615654
00523487254676	27264.961181	W	0.019294
00523487625112	27264.980475	S	0.621768
00523499563052	27265.602242	W	0.017682
00523499902544	27265.619924	S	0.623761
00523511878748	27266.243685	W	0.019453
00523512252236	27266.263137	S	0.621547
00523524185940	27266.884684	W	0.048608
00523525119212	27266.933292	S	0.592477
00523536494764	27267.525769	W	0.018247
00523536845116	27267.544016	S	0.621681
00523548781392	27268.165698	W	0.018773
00523549141840	27268.184471	S	0.621227
00523561069404	27268.805698	W	0.019931
00523561452080	27268.825629	S	0.615451
00523573268736	27269.441080	W	0.018086
00523573615988	27269.459166	S	0.623005
00523585577676	27270.082171	W	0.019632
00523585954612	27270.101803	S	0.621727
00523597891764	27270.723529	W	0.017539
00523598228516	27270.741069	S	0.623646
00523610202516	27271.364714	W	0.019066
00523610568580	27271.383780	S	0.621867
00523622508432	27272.005647	W	0.018050
00523622854992	27272.023698	S	0.621960
00523634796616	27272.645657	W	0.018685
00523635155364	27272.664342	S	0.622446
00523647106336	27273.286788	W	0.018716
00523647465684	27273.305504	S	0.615629
00523659285768	27273.921134	W	0.017800
00523659627532	27273.938934	S	0.623309
00523671595072	27274.562243	W	0.017726
00523671935416	27274.579970	S	0.623618
00523683908884	27275.203588	W	0.015886
00523684213896	27275.219474	S	0.626259
00523696238060	27275.845732	W	0.017294
00523696570112	27275.863027	S	0.623774
00523708546568	27276.486800	W	0.018978
00523708910944	27276.505778	S	0.619900
00523720813024	27277.125678	W	0.017909
00523721156884	27277.143588	S	0.622030
00523733099852	27277.765617	W	0.019974
00523733483360	27277.785592	S	0.615518
00523745301308	27278.401110	W	0.017981
00523745646548	27278.419091	S	0.623113
00523757610320	27279.042204	W	0.016169
00523757920772	27279.058374	S	0.626266
00523769945076	27279.684639	W	0.017461
00523770280332	27279.702101	S	0.622459
00523782231544	27280.324560	W	0.019188
00523782599956	27280.343748	S	0.621885
00523794540152	27280.965633	W	0.017738
00523794880724	27280.983371	S	0.622389
00523806830588	27281.605760	W	0.018220
00523807180408	27281.623980	S	0.621648
00523819116048	27282.245628	W	0.018500
00523819471252	27282.264128	S	0.616955
00523831316796	27282.881083	W	0.018204
00523831666320	27282.899288	S	0.622904
00523843626076	27283.522191	W	0.017753
00523843966940	27283.539945	S	0.623580
00523855939672	27284.163525	W	0.019544
00523856314908	27284.183068	S	0.621522
00523868248132	27284.804590	W	0.016089
00523868557048	27284.820680	S	0.626081
00523880577800	27285.446760	W	0.018138
00523880926040	27285.464898	S	0.620862
00523892846584	27286.085760	W	0.017489
00523893182368	27286.103248	S	0.622630
00523905136868	27286.725879	W	0.018618
00523905494340	27286.744497	S	0.621116
00523917419772	27287.365613	W	0.019545
00523917795036	27287.385158	S	0.616983
00523929641108	27288.002141	W	0.019578
00523930017000	27288.021719	S	0.621748
00523941954560	27288.643467	W	0.018119
00523942302436	27288.661585	S	0.622940
00523954262876	27289.284525	W	0.019200
00523954631520	27289.303725	S	0.621866
00523966571352	27289.925591	W	0.018079
00523966918476	27289.943671	S	0.621933
00523978859592	27290.565604	W	0.017544
00523979196428	27290.583147	S	0.623583
00523991169216	27291.206730	W	0.017687
00523991508808	27291.224417	S	0.621722
00524003445876	27291.846139	W	0.019094
00524003812472	27291.865233	S	0.615768
00524015635212	27292.481001	W	0.018093
00524015982592	27292.499093	S	0.624319
00524027969508	27293.123412	W	0.016297
00524028282408	27293.139709	S	0.625892
00524040299540	27293.765601	W	0.017416
00524040633928	27293.783017	S	0.622535
00524052586592	27294.405552	W	0.018150
00524052935080	27294.423702	S	0.621863
00524064874852	27295.045565	W	0.018141
00524065223168	27295.063707	S	0.621867
00524077163012	27295.685574	W	0.018608
00524077520292	27295.704182	S	0.621430
00524089451744	27296.325612	W	0.019600
00524089828060	27296.345211	S	0.615954
00524101654372	27296.961165	W	0.038905
00524102401348	27297.000070	S	0.601967
00524113959116	27297.602037	W	0.017906
00524114302916	27297.619944	S	0.624507
00524126293456	27298.244451	W	0.019231
00524126662684	27298.263681	S	0.621870
00524138602592	27298.885552	W	0.016124
00524138912168	27298.901675	S	0.625001
00524150912196	27299.526677	W	0.016152
00524151222316	27299.542829	S	0.624385
00524163210504	27300.167214	W	0.017887
00524163553928	27300.185100	S	0.620465
00524175466860	27300.805566	W	0.019928
00524175849468	27300.825493	S	0.615539
00524187667820	27301.441032	W	0.017553
00524188004844	27301.458586	S	0.623664
00524199979200	27302.082250	W	0.019428
00524200352208	27302.101677	S	0.621701
00524212288864	27302.723378	W	0.018097
00524212636320	27302.741475	S	0.624050
00524224618084	27303.365525	W	0.018426
00524224971856	27303.383951	S	0.621598
00524236906544	27304.005549	W	0.017948
00524237251140	27304.023497	S	0.622072
00524249194916	27304.645569	W	0.018827
00524249556388	27304.664395	S	0.621171
00524261482872	27305.285566	W	0.019814
00524261863308	27305.305381	S	0.615638
00524273683564	27305.921019	W	0.019287
00524274053884	27305.940306	S	0.621784
00524285992132	27306.562090	W	0.017751
00524286332944	27306.579841	S	0.623718
00524298308324	27307.203559	W	0.019440
00524298681576	27307.222999	S	0.621424
00524310612920	27307.844423	W	0.018087
00524310960192	27307.862510	S	0.622989
00524322921572	27308.485499	W	0.018302
00524323272964	27308.503800	S	0.621705
00524335209700	27309.125505	W	0.018785
00524335570368	27309.144290	S	0.621222
00524347497824	27309.765512	W	0.019974
00524347881332	27309.785486	S	0.615499
00524359698908	27310.400985	W	0.016120
00524360008416	27310.417105	S	0.626541
00524372037996	27311.043646	W	0.016889
00524372362256	27311.060534	S	0.621839
00524384301564	27311.682373	W	0.017542
00524384638364	27311.699915	S	0.624322
00524396625348	27312.324237	W	0.018258
00524396975896	27312.342495	S	0.622850
00524408934620	27312.965345	W	0.018110
00524409282324	27312.983454	S	0.621936
00524421223496	27313.605390	W	0.019044
00524421589144	27313.624435	S	0.622143
00524433534288	27314.246577	W	0.018461
00524433888732	27314.265038	S	0.617596
00524445746572	27314.882634	W	0.019653
00524446123912	27314.902287	S	0.619827
00524458024584	27315.522114	W	0.016039
00524458332540	27315.538153	S	0.626384
00524470359112	27316.164537	W	0.018251
00524470709536	27316.182788	S	0.621612
00524482644488	27316.804400	W	0.017576
00524482981944	27316.821976	S	0.623631
00524494955652	27317.445607	W	0.019330
00524495326780	27317.464936	S	0.620545
00524507241236	27318.085481	W	0.018117
00524507589076	27318.103598	S	0.621854
00524519528668	27318.725451	W	0.019974
00524519912168	27318.745425	S	0.615513
00524531730024	27319.360939	W	0.017982
00524532075288	27319.378921	S	0.623114
00524544039080	27320.002035	W	0.019568
00524544414784	27320.021603	S	0.621691
00524556351260	27320.643295	W	0.018078
00524556698352	27320.661372	S	0.623017
00524568660280	27321.284390	W	0.019184
00524569028620	27321.303574	S	0.621916
00524580969400	27321.925490	W	0.017527
00524581305916	27321.943016	S	0.622592
00524593259676	27322.565608	W	0.018244
00524593609952	27322.583852	S	0.621623
00524605545116	27323.205475	W	0.018770
00524605905508	27323.224245	S	0.616637
00524617744948	27323.840883	W	0.018304
00524618096392	27323.859187	S	0.622756
00524630053304	27324.481943	W	0.018108
00524630400980	27324.500051	S	0.623251
00524642367408	27325.123303	W	0.018942
00524642731088	27325.142244	S	0.622143
00524654676232	27325.764387	W	0.018129
00524655024300	27325.782516	S	0.622945
00524666984836	27326.405460	W	0.017942
00524667329320	27326.423402	S	0.622059
00524679272856	27327.045461	W	0.041673
00524680072980	27327.087134	S	0.598481
00524691563824	27327.685616	W	0.018435
00524691917772	27327.704051	S	0.621374
00524703848148	27328.325424	W	0.019588
00524704224228	27328.345012	S	0.616939
00524716069460	27328.961951	W	0.018935
00524716433004	27328.980886	S	0.622427
00524728383596	27329.603312	W	0.015806
00524728687076	27329.619119	S	0.626401
00524740713972	27330.245519	W	0.017636
00524741052592	27330.263156	S	0.622287
00524753000500	27330.885443	W	0.017842
00524753343072	27330.903285	S	0.622169
00524765288716	27331.525454	W	0.017986
00524765634044	27331.543440	S	0.622001
00524777576464	27332.165441	W	0.018527
00524777932188	27332.183968	S	0.621628
00524789867444	27332.805596	W	0.019496
00524790241772	27332.825092	S	0.615763
00524802064424	27333.440855	W	0.017811
00524802406388	27333.458666	S	0.624604
00524814398788	27334.083270	W	0.018990
00524814763400	27334.102260	S	0.622065
00524826707048	27334.724325	W	0.017920
00524827051112	27334.742245	S	0.623145
00524839015504	27335.365391	W	0.017983
00524839360784	27335.383374	S	0.622039
00524851303940	27336.005414	W	0.017879
00524851647216	27336.023292	S	0.622116
00524863591836	27336.645408	W	0.018621
00524863949352	27336.664029	S	0.621376
00524875879772	27337.285405	W	0.019628
00524876256632	27337.305033	S	0.615990
00524888083648	27337.921023	W	0.019178
00524888451872	27337.940202	S	0.621749
00524900389456	27338.561951	W	0.017854
00524900732248	27338.579805	S	0.624545
00524912723516	27339.204350	W	0.019170
00524913091584	27339.223520	S	0.621915
00524925032344	27339.845435	W	0.018068
00524925379240	27339.863502	S	0.621923
00524937320164	27340.485425	W	0.018238
00524937670340	27340.503664	S	0.621690
00524949606784	27341.125353	W	0.018551
00524949962956	27341.143904	S	0.621466
00524961895112	27341.765370	W	0.019954
00524962278236	27341.785325	S	0.615514
00524974096112	27342.400839	W	0.017574
00524974433540	27342.418414	S	0.623638
00524986407388	27343.042051	W	0.019453
00524986780876	27343.061504	S	0.621745
00524998718388	27343.683249	W	0.018124
00524999066372	27343.701374	S	0.623989
00525011046968	27344.325363	W	0.018331
00525011398928	27344.343694	S	0.621686
00525023335304	27344.965380	W	0.017823
00525023677504	27344.983203	S	0.622165
00525035623072	27345.605368	W	0.018869
00525035985352	27345.624237	S	0.621150
00525047911432	27346.245387	W	0.019833
00525048292224	27346.265220	S	0.616766
00525060134128	27346.881986	W	0.018813
00525060495336	27346.900799	S	0.621123
00525072420888	27347.521921	W	0.017675
00525072760248	27347.539596	S	0.623765
00525084736536	27348.163361	W	0.018807
00525085097632	27348.182168	S	0.622113
00525097042208	27348.804282	W	0.018130
00525097390300	27348.822411	S	0.622949
00525109350924	27349.445361	W	0.018221
00525109700764	27349.463581	S	0.621765
00525121638648	27350.085346	W	0.018797
00525121999544	27350.104143	S	0.621141
00525133925448	27350.725284	W	0.020005
00525134309548	27350.745289	S	0.615478
00525146126724	27351.360767	W	0.018120
00525146474624	27351.378887	S	0.622950
00525158435268	27352.001837	W	0.018964
00525158799368	27352.020800	S	0.622411
00525170749656	27352.643211	W	0.017500
00525171085660	27352.660711	S	0.623685
00525183060416	27353.284397	W	0.019731
00525183439252	27353.304128	S	0.621209
00525195366472	27353.925337	W	0.016369
00525195680756	27353.941706	S	0.624753
00525207676016	27354.566459	W	0.018108
00525208023696	27354.584567	S	0.620833
00525219943684	27355.205400	W	0.019505
00525220318184	27355.224905	S	0.617023
00525232165024	27355.841928	W	0.018852
00525232526988	27355.860781	S	0.621156
00525244453188	27356.481937	W	0.018110
00525244800908	27356.500047	S	0.623213
00525256766596	27357.123260	W	0.041255
00525257558684	27357.164515	S	0.599733
00525269073560	27357.764248	W	0.017679
00525269412988	27357.781926	S	0.623548
00525281385108	27358.405474	W	0.019286
00525281755404	27358.424761	S	0.620605
00525293671020	27359.045366	W	0.017887
00525294014452	27359.063253	S	0.622102
00525305958812	27359.685355	W	0.019657
00525306336220	27359.705011	S	0.615834
00525318160232	27360.320845	W	0.017848
00525318502920	27360.338694	S	0.623155
00525330467500	27360.961849	W	0.018937
00525330831096	27360.980786	S	0.622374
00525342780680	27361.603160	W	0.017860
00525343123588	27361.621020	S	0.623202
00525355089076	27362.244223	W	0.019219
00525355458088	27362.263442	S	0.621858
00525367397756	27362.885300	W	0.017496
00525367733676	27362.902796	S	0.622681
00525379689160	27363.525477	W	0.018228
00525380039132	27363.543705	S	0.621554
00525391972964	27364.165259	W	0.018522
00525392328580	27364.183780	S	0.616960
00525404174216	27364.800740	W	0.019394
00525404546572	27364.820134	S	0.472518
00525413618924	27365.292652	W	0.005293
00525413720552	27365.297945	S	0.143890
00525416483248	27365.441836	W	0.018161
00525416831936	27365.459997	S	0.623056
00525428794612	27366.083053	W	0.019694
00525429172728	27366.102746	S	0.621408
00525441103756	27366.724154	W	0.017872
00525441446908	27366.742026	S	0.623213
00525453412604	27367.365240	W	0.018247
00525453762948	27367.383487	S	0.621772
00525465700972	27368.005259	W	0.017523
00525466037416	27368.022782	S	0.622622
00525477991756	27368.645404	W	0.018480
00525478346564	27368.663884	S	0.621457
00525490278540	27369.285341	W	0.019779
00525490658292	27369.305119	S	0.616694
00525502498812	27369.921813	W	0.019585
00525502874836	27369.941398	S	0.621748
00525514812392	27370.563145	W	0.018110
00525515160108	27370.581256	S	0.622945
00525527120656	27371.204201	W	0.019204
00525527489368	27371.223405	S	0.621860
00525539429088	27371.845265	W	0.018127
00525539777124	27371.863392	S	0.621887
00525551717348	27372.485279	W	0.018136
00525552065564	27372.503415	S	0.621898
00525564006000	27373.125313	W	0.018788
00525564366736	27373.144101	S	0.621350
00525576296652	27373.765451	W	0.019747
00525576675800	27373.785198	S	0.615515
00525588493688	27374.400713	W	0.017847
00525588836360	27374.418560	S	0.624543
00525600827576	27375.043103	W	0.019674
00525601205308	27375.062776	S	0.621399
00525613136168	27375.684175	W	0.018059
00525613482892	27375.702234	S	0.623020
00525625444884	27376.325254	W	0.018080
00525625792016	27376.343334	S	0.621942
00525637733300	27376.965276	W	0.017818
00525638075400	27376.983094	S	0.622183
00525650021320	27377.605277	W	0.018835
00525650382956	27377.624112	S	0.621164
00525662309304	27378.245276	W	0.019571
00525662685060	27378.264847	S	0.616029
00525674512808	27378.880875	W	0.019154
00525674880568	27378.900030	S	0.621714
00525686817480	27379.521744	W	0.018084
00525687164696	27379.539828	S	0.624320
00525699151636	27380.164148	W	0.016217
00525699463008	27380.180365	S	0.625970
00525711481632	27380.806335	W	0.015877
00525711786464	27380.822212	S	0.624707
00525723780832	27381.446918	W	0.019069
00525724146948	27381.465987	S	0.619253
00525736036604	27382.085240	W	0.018489
00525736391592	27382.103729	S	0.621520
00525748324784	27382.725249	W	0.019662
00525748702296	27382.744911	S	0.615815
00525760525936	27383.360726	W	0.017273
00525760857576	27383.377999	S	0.623932
00525772837072	27384.001931	W	0.018124
00525773185048	27384.020055	S	0.623008
00525785146792	27384.643062	W	0.017898
00525785490432	27384.660960	S	0.624257
00525797476172	27385.285217	W	0.016321
00525797789536	27385.301538	S	0.624809
00525809785864	27385.926347	W	0.017775
00525810127140	27385.944122	S	0.621227
00525822054692	27386.565349	W	0.018423
00525822408408	27386.583771	S	0.621587
00525834342884	27387.205359	W	0.044107
00525835189744	27387.249466	S	0.591152
00525846539868	27387.840618	W	0.016261
00525846852076	27387.856879	S	0.625961
00525858870532	27388.482840	W	0.087014
00525860541192	27388.569854	S	0.553862
00525871175348	27389.123716	W	0.018174
00525871524280	27389.141890	S	0.622367
00525883473728	27389.764257	W	0.018060
00525883820472	27389.782316	S	0.622921
00525895780552	27390.405237	W	0.017978
00525896125720	27390.423215	S	0.622022
00525908068536	27391.045236	W	0.018733
00525908428212	27391.063969	S	0.621202
00525920355284	27391.685171	W	0.019676
00525920733060	27391.704847	S	0.615785
00525932556124	27392.320631	W	0.018003
00525932901780	27392.338634	S	0.623110
00525944865492	27392.961744	W	0.019563
00525945241096	27392.981307	S	0.621762
00525957178928	27393.603069	W	0.017759
00525957519892	27393.620828	S	0.623401
00525969489192	27394.244229	W	0.019067
00525969855280	27394.263296	S	0.621854
00525981794872	27394.885150	W	0.018130
00525982142968	27394.903280	S	0.621873
00525994082920	27395.525152	W	0.018952
00525994446804	27395.544104	S	0.621053
00526006371024	27396.165157	W	0.019875
00526006752620	27396.185032	S	0.616720
00526018593652	27396.801753	W	0.018079
00526018940776	27396.819832	S	0.622066
00526030884448	27397.441898	W	0.017996
00526031229976	27397.459895	S	0.623244
00526043196260	27398.083139	W	0.016127
00526043505900	27398.099266	S	0.626001
00526055525112	27398.725266	W	0.017736
00526055865648	27398.743002	S	0.622546
00526067818540	27399.365549	W	0.019054
00526068184384	27399.384603	S	0.620530
00526080098564	27400.005134	W	0.017469
00526080433964	27400.022602	S	0.623669
00526092408412	27400.646271	W	0.018827
00526092769884	27400.665098	S	0.615563
00526104588692	27401.280661	W	0.018085
00526104935928	27401.298746	S	0.622981
00526116897156	27401.921727	W	0.019551
00526117272536	27401.941278	S	0.621725
00526129209648	27402.563002	W	0.018040
00526129556020	27402.581043	S	0.623007
00526141517760	27403.204050	W	0.019198
00526141886356	27403.223248	S	0.621821
00526153825328	27403.845069	W	0.017903
00526154169068	27403.862972	S	0.622235
00526166115972	27404.485207	W	0.018121
00526166463896	27404.503328	S	0.621891
00526178404204	27405.125219	W	0.018682
00526178762904	27405.143901	S	0.616728
00526190604080	27405.760629	W	0.016000
00526190911288	27405.776630	S	0.626150
00526202933364	27406.402779	W	0.018119
00526203281252	27406.420899	S	0.622078
00526215225156	27407.042977	W	0.018925
00526215588516	27407.061902	S	0.622174
00526227534260	27407.684076	W	0.018111
00526227882000	27407.702187	S	0.622951
00526239842652	27408.325138	W	0.018264
00526240193312	27408.343402	S	0.621745
00526252130816	27408.965147	W	0.017627
00526252469260	27408.982774	S	0.622498
00526264421216	27409.605272	W	0.018723
00526264780696	27409.623995	S	0.621270
00526276709088	27410.245265	W	0.019694
00526277087216	27410.264959	S	0.616831
00526288930376	27410.881790	W	0.019454
00526289303900	27410.901245	S	0.621750
00526301241508	27411.522995	W	0.018018
00526301587456	27411.541013	S	0.623055
00526313550116	27412.164069	W	0.019172
00526313918212	27412.183240	S	0.621904
00526325858764	27412.805144	W	0.017956
00526326203520	27412.823100	S	0.622056
00526338147004	27413.445156	W	0.018079
00526338494112	27413.463235	S	0.621934
00526350435240	27414.085169	W	0.018775
00526350795728	27414.103944	S	0.621293
00526362724548	27414.725237	W	0.019802
00526363104748	27414.745039	S	0.615535
00526374923016	27415.360574	W	0.018022
00526375269036	27415.378596	S	0.624368
00526387256904	27416.002964	W	0.019640
00526387633992	27416.022604	S	0.621381
00526399564508	27416.643985	W	0.018097
00526399911976	27416.662082	S	0.622956
00526411872724	27417.285038	W	0.046979
00526412774724	27417.332017	S	0.594166
00526424182712	27417.926183	W	0.018095
00526424530136	27417.944278	S	0.620821
00526436449896	27418.565099	W	0.018566
00526436806360	27418.583665	S	0.621385
00526448736944	27419.205049	W	0.019929
00526449119580	27419.224978	S	0.615656
00526460940176	27419.840634	W	0.019236
00526461309516	27419.859871	S	0.621758
00526473247268	27420.481629	W	0.018023
00526473593304	27420.499651	S	0.624392
00526485581632	27421.124043	W	0.019160
00526485949496	27421.143203	S	0.621899
00526497889964	27421.765102	W	0.018153
00526498238504	27421.783255	S	0.621783
00526510176740	27422.405039	W	0.018296
00526510528016	27422.423334	S	0.621681
00526522464300	27423.045016	W	0.018831
00526522825856	27423.063847	S	0.621201
00526534752912	27423.685047	W	0.019664
00526535130464	27423.704712	S	0.615770
00526546953248	27424.320482	W	0.017838
00526547295732	27424.338319	S	0.623363
00526559264292	27424.961682	W	0.019494
00526559638584	27424.981176	S	0.621766
00526571576492	27425.602942	W	0.018115
00526571924292	27425.621057	S	0.624021
00526583905500	27426.245078	W	0.018308
00526584257004	27426.263386	S	0.621682
00526596193292	27426.885067	W	0.018080
00526596540420	27426.903147	S	0.621916
00526608481208	27427.525063	W	0.018860
00526608843328	27427.543923	S	0.621151
00526620769428	27428.165074	W	0.019837
00526621150292	27428.184911	S	0.615625
00526632970284	27428.800536	W	0.019296
00526633340768	27428.819832	S	0.621771
00526645278768	27429.441602	W	0.017389
00526645612632	27429.458991	S	0.624061
00526657594612	27430.083053	W	0.019435
00526657967756	27430.102487	S	0.621629
00526669903032	27430.724116	W	0.017965
00526670247964	27430.742081	S	0.623090
00526682211284	27431.365171	W	0.017914
00526682555224	27431.383085	S	0.622041
00526694498408	27432.005125	W	0.018401
00526694851716	27432.023527	S	0.621577
00526706786000	27432.645104	W	0.019582
00526707161968	27432.664686	S	0.615902
00526718987284	27433.280588	W	0.017875
00526719330484	27433.298463	S	0.623113
00526731294260	27433.921576	W	0.018899
00526731657128	27433.940475	S	0.622446
00526743608100	27434.562922	W	0.017407
00526743942316	27434.580329	S	0.623777
00526755918840	27435.204106	W	0.019040
00526756284400	27435.223146	S	0.621888
00526768224652	27435.845034	W	0.018080
00526768571792	27435.863114	S	0.621914
00526780512532	27436.485028	W	0.018915
00526780875696	27436.503942	S	0.621083
00526792800492	27437.125026	W	0.019821
00526793181056	27437.144847	S	0.616775
00526805023144	27437.761622	W	0.018056
00526805369828	27437.779679	S	0.622071
00526817313596	27438.401750	W	0.015896
00526817618804	27438.417646	S	0.626479
00526829647196	27439.044125	W	0.018168
00526829996016	27439.062292	S	0.621682
00526841932308	27439.683974	W	0.017618
00526842270580	27439.701593	S	0.623568
00526854243084	27440.325161	W	0.019267
00526854613016	27440.344428	S	0.620598
00526866528496	27440.965026	W	0.018016
00526866874408	27440.983042	S	0.621994
00526878816696	27441.605036	W	0.019892
00526879198624	27441.624928	S	0.615518
00526891016576	27442.240447	W	0.018140
00526891364860	27442.258586	S	0.622913
00526903324796	27442.881500	W	0.018959
00526903688800	27442.900458	S	0.622385
00526915638592	27443.522843	W	0.016111
00526915947916	27443.538954	S	0.626090
00526927968844	27444.165044	W	0.019417
00526928341644	27444.184461	S	0.620646
00526940258044	27444.805106	W	0.017703
00526940597944	27444.822810	S	0.622382
00526952547688	27445.445192	W	0.017845
00526952890304	27445.463037	S	0.622081
00526964834268	27446.085118	W	0.018642
00526965192192	27446.103760	S	0.616699
00526977032820	27446.720459	W	0.019333
00526977404008	27446.739792	S	0.621734
00526989341292	27447.361526	W	0.047034
00526990244336	27447.408559	S	0.595392
00527001675860	27448.003951	W	0.017481
00527002011488	27448.021432	S	0.622577
00527013964972	27448.644009	W	0.018015
00527014310868	27448.662024	S	0.623049
00527026273400	27449.285073	W	0.019335
00527026644632	27449.304408	S	0.620539
00527038558988	27449.924947	W	0.017786
00527038900480	27449.942733	S	0.622305
00527050848736	27450.565038	W	0.018776
00527051209244	27450.583815	S	0.621157
00527063135464	27451.204972	W	0.019824
00527063516076	27451.224796	S	0.616723
00527075357152	27451.841518	W	0.019554
00527075732596	27451.861073	S	0.621775
00527087670684	27452.482848	W	0.017791
00527088012272	27452.500639	S	0.623256
00527099978784	27453.123895	W	0.015914
00527100284328	27453.139809	S	0.626303
00527112309352	27453.766112	W	0.018018
00527112655296	27453.784130	S	0.620902
00527124576612	27454.405032	W	0.017911
00527124920496	27454.422943	S	0.622031
00527136863492	27455.044974	W	0.018492
00527137218548	27455.063466	S	0.621599
00527149153240	27455.685065	W	0.019814
00527149533676	27455.704879	S	0.616724
00527161374768	27456.321603	W	0.018096
00527161722208	27456.339698	S	0.623095
00527173685632	27456.962793	W	0.019654
00527174062980	27456.982447	S	0.621425
00527185994348	27457.603872	W	0.017781
00527186335748	27457.621654	S	0.623292
00527198302956	27458.244946	W	0.018051
00527198649532	27458.262996	S	0.621987
00527210591676	27458.884983	W	0.017863
00527210934652	27458.902846	S	0.622068
00527222878364	27459.524915	W	0.018882
00527223240908	27459.543797	S	0.621120
00527235166404	27460.164917	W	0.019912
00527235548724	27460.184829	S	0.615682
00527247369812	27460.800511	W	0.015784
00527247672872	27460.816295	S	0.626358
00527259698952	27461.442654	W	0.017321
00527260031516	27461.459975	S	0.623994
00527272012208	27462.083969	W	0.019068
00527272378308	27462.103037	S	0.621871
00527284318236	27462.724908	W	0.018113
00527284666000	27462.743021	S	0.621880
00527296606096	27463.364901	W	0.018143
00527296954448	27463.383044	S	0.621885
00527308894648	27464.004930	W	0.018466
00527309249196	27464.023396	S	0.621547
00527321182904	27464.644943	W	0.019911
00527321565196	27464.664854	S	0.615576
00527333384264	27465.280430	W	0.017631
00527333722780	27465.298061	S	0.623537
00527345694684	27465.921598	W	0.019454
00527346068192	27465.941052	S	0.621807
00527358006884	27466.562859	W	0.017960
00527358351716	27466.580819	S	0.624172
00527370335812	27467.204990	W	0.018230
00527370685832	27467.223220	S	0.621693
00527382622336	27467.844913	W	0.018171
00527382971224	27467.863085	S	0.621769
00527394909184	27468.484853	W	0.018918
00527395272404	27468.503771	S	0.621132
00527407198144	27469.124903	W	0.019833
00527407578940	27469.144736	S	0.615621
00527419398872	27469.760358	W	0.019297
00527419769368	27469.779655	S	0.621772
00527431707396	27470.401427	W	0.017700
00527432047232	27470.419127	S	0.623753
00527444023292	27471.042880	W	0.019467
00527444397052	27471.062346	S	0.621523
00527456330292	27471.683869	W	0.018120
00527456678188	27471.701989	S	0.622878
00527468637452	27472.324867	W	0.018222
00527468987320	27472.343090	S	0.621775
00527480925396	27472.964864	W	0.018791
00527481286192	27472.983656	S	0.621209
00527493213396	27473.604864	W	0.019944
00527493596324	27473.624809	S	0.615516
00527505414236	27474.240325	W	0.017983
00527505759512	27474.258308	S	0.623119
00527517723400	27474.881427	W	0.016192
00527518034284	27474.897619	S	0.626242
00527530058132	27475.523861	W	0.017798
00527530399844	27475.541659	S	0.622520
00527542352236	27476.164179	W	0.019456
00527542725784	27476.183635	S	0.621218
00527554653176	27476.804853	W	0.017960
00527554998012	27476.822813	S	0.622066
00527566941684	27477.444879	W	0.042948
00527567766292	27477.487828	S	0.597069
00527579230008	27478.084896	W	0.019816
00527579610472	27478.104712	S	0.615582
00527591429648	27478.720294	W	0.018074
00527591776660	27478.738368	S	0.623030
00527603738840	27479.361398	W	0.018033
00527604085072	27479.379431	S	0.623311
00527616052648	27480.002742	W	0.015899
00527616357916	27480.018641	S	0.626264
00527628382180	27480.644905	W	0.017590
00527628719904	27480.662495	S	0.622938
00527640680308	27481.285433	W	0.019524
00527641055168	27481.304957	S	0.619881
00527652956884	27481.924838	W	0.017674
00527653296224	27481.942512	S	0.622337
00527665245088	27482.564848	W	0.019926
00527665627672	27482.584775	S	0.615546
00527677446148	27483.200320	W	0.018091
00527677793500	27483.218411	S	0.622980
00527689754716	27483.841391	W	0.019535
00527690129780	27483.860926	S	0.621784
00527702068024	27484.482710	W	0.018098
00527702415504	27484.500808	S	0.622987
00527714376848	27485.123794	W	0.019144
00527714744412	27485.142938	S	0.621910
00527726685084	27485.764848	W	0.017789
00527727026632	27485.782637	S	0.622344
00527738975640	27486.404981	W	0.018240
00527739325852	27486.423221	S	0.621547
00527751259552	27487.044768	W	0.018825
00527751621000	27487.063594	S	0.616660
00527763460876	27487.680254	W	0.019418
00527763833708	27487.699672	S	0.621656
00527775769512	27488.321329	W	0.017773
00527776110748	27488.339101	S	0.623570
00527788083284	27488.962671	W	0.016213
00527788394572	27488.978884	S	0.625995
00527800413668	27489.604879	W	0.018114
00527800761456	27489.622993	S	0.621804
00527812700092	27490.244796	W	0.016174
00527813010640	27490.260971	S	0.624964
00527825009956	27490.885935	W	0.017307
00527825342256	27490.903243	S	0.622578
00527837295744	27491.525820	W	0.016546
00527837613436	27491.542366	S	0.620962
00527849535916	27492.163329	W	0.021299
00527849944864	27492.184628	S	0.615958
00527861771260	27492.800586	W	0.018286
00527862122356	27492.818873	S	0.623408
00527874091780	27493.442280	W	0.018111
00527874439512	27493.460391	S	0.623052
00527886402112	27494.083443	W	0.018298
00527886753432	27494.101741	S	0.622835
00527898711868	27494.724576	W	0.018031
00527899058068	27494.742608	S	0.622048
00527911001384	27495.364655	W	0.017962
00527911346256	27495.382617	S	0.622071
00527923290016	27496.004688	W	0.018615
00527923647420	27496.023303	S	0.621483
00527935579884	27496.644786	W	0.019632
00527935956812	27496.664417	S	0.616967
00527947802580	27497.281384	W	0.018106
00527948150216	27497.299490	S	0.623161
00527960114904	27497.922651	W	0.019636
00527960491920	27497.942287	S	0.621433
00527972423436	27498.563721	W	0.018102
00527972771000	27498.581823	S	0.622941
00527984731464	27499.204764	W	0.017802
00527985073260	27499.222566	S	0.622243
00527997020320	27499.844808	W	0.017807
00527997362220	27499.862616	S	0.622184
00528009308148	27500.484799	W	0.018846
00528009669984	27500.503645	S	0.621170
00528021596440	27501.124815	W	0.019847
00528021977508	27501.144662	S	0.615710
00528033799148	27501.760372	W	0.019150
00528034166828	27501.779522	S	0.621774
00528046104892	27502.401296	W	0.018043
00528046451320	27502.419340	S	0.624356
00528058438960	27503.043696	W	0.019170
00528058807024	27503.062866	S	0.621932
00528070748128	27503.684798	W	0.017990
00528071093532	27503.702788	S	0.622031
00528083036524	27504.324819	W	0.017988
00528083381896	27504.342807	S	0.621935
00528095323048	27504.964742	W	0.018785
00528095683712	27504.983527	S	0.621215
00528107611036	27505.604741	W	0.019954
00528107994152	27505.624695	S	0.616635
00528119833548	27506.241331	W	0.017824
00528120175760	27506.259154	S	0.622646
00528132130560	27506.881800	W	0.018268
00528132481308	27506.900068	S	0.622538
00528144434040	27507.522606	W	0.042370
00528145247548	27507.564976	S	0.599776
00528156763248	27508.164753	W	0.018311
00528157114828	27508.183064	S	0.621689
00528169051264	27508.804753	W	0.017418
00528169385684	27508.822171	S	0.623672
00528181360196	27509.445844	W	0.018232
00528181710252	27509.464076	S	0.620634
00528193626416	27510.084709	W	0.019559
00528194001952	27510.104268	S	0.615919
00528205827588	27510.720187	W	0.019333
00528206198776	27510.739520	S	0.621735
00528218136080	27511.361254	W	0.017630
00528218474584	27511.378885	S	0.623828
00528230452084	27512.002713	W	0.019476
00528230826016	27512.022188	S	0.621456
00528242757972	27512.643644	W	0.018119
00528243105856	27512.661763	S	0.622942
00528255066352	27513.284706	W	0.034774
00528255734020	27513.319480	S	0.605255
00528267354912	27513.924735	W	0.018761
00528267715132	27513.943496	S	0.621229
00528279642728	27514.564725	W	0.019648
00528280019968	27514.584373	S	0.615867
00528291844620	27515.200241	W	0.017954
00528292189336	27515.218195	S	0.623104
00528304152940	27515.841299	W	0.019511
00528304527556	27515.860810	S	0.621836
00528316466800	27516.482646	W	0.017793
00528316808432	27516.500439	S	0.623387
00528328777464	27517.123826	W	0.019008
00528329142408	27517.142834	S	0.621849
00528341081908	27517.764683	W	0.018058
00528341428620	27517.782741	S	0.621972
00528353370476	27518.404712	W	0.018662
00528353728780	27518.423374	S	0.622432
00528365679480	27519.045806	W	0.018412
00528366033000	27519.064219	S	0.615898
00528377858244	27519.680117	W	0.015950
00528378164480	27519.696067	S	0.626255
00528390188568	27520.322321	W	0.018077
00528390535644	27520.340398	S	0.622182
00528402481540	27520.962580	W	0.016170
00528402791996	27520.978750	S	0.626012
00528414811436	27521.604762	W	0.017204
00528415141744	27521.621966	S	0.623266
00528427108452	27522.245232	W	0.019553
00528427483860	27522.264784	S	0.619903
00528439386000	27522.884688	W	0.017840
00528439728520	27522.902527	S	0.622146
00528451673720	27523.524673	W	0.019634
00528452050684	27523.544306	S	0.615838
00528463874772	27524.160144	W	0.017869
00528464217848	27524.178013	S	0.623128
00528476181900	27524.801141	W	0.016272
00528476494316	27524.817412	S	0.626233
00528488517996	27525.443646	W	0.017411
00528488852288	27525.461057	S	0.622586
00528500805940	27526.083643	W	0.016171
00528501116416	27526.099813	S	0.625994
00528513135508	27526.725808	W	0.017746
00528513476240	27526.743554	S	0.621448
00528525408040	27527.365002	W	0.018247
00528525758384	27527.383249	S	0.621416
00528537689564	27528.004665	W	0.018750
00528538049560	27528.023415	S	0.616714
00528549890460	27528.640128	W	0.019530
00528550265436	27528.659658	S	0.621539
00528562198984	27529.281197	W	0.015777
00528562501896	27529.296974	S	0.626655
00528574533664	27529.923628	W	0.017472
00528574869132	27529.941101	S	0.622512
00528586821368	27530.563613	W	0.018141
00528587169684	27530.581754	S	0.622860
00528599128592	27531.204614	W	0.016205
00528599439728	27531.220819	S	0.624938
00528611438536	27531.845757	W	0.017655
00528611777504	27531.863412	S	0.621730
00528623714716	27532.485141	W	0.018359
00528624067212	27532.503501	S	0.621100
00528635992336	27533.124601	W	0.019881
00528636374060	27533.144482	S	0.616672
00528648214172	27533.761155	W	0.019609
00528648590668	27533.780764	S	0.621738
00528660528028	27534.402501	W	0.018029
00528660874184	27534.420530	S	0.623044
00528672836620	27535.043574	W	0.019142
00528673204144	27535.062716	S	0.621922
00528685145044	27535.684638	W	0.034750
00528685812252	27535.719388	S	0.605243
00528697432920	27536.324631	W	0.017988
00528697778284	27536.342619	S	0.622014
00528709720948	27536.964633	W	0.018957
00528710084916	27536.983589	S	0.621170
00528722011372	27537.604759	W	0.043436
00528722845344	27537.648195	S	0.593095
00528734232772	27538.241290	W	0.018107
00528734580432	27538.259398	S	0.623089
00528746543744	27538.882487	W	0.019626
00528746920572	27538.902113	S	0.621434
00528758852096	27539.523547	W	0.016102
00528759161248	27539.539648	S	0.626071
00528771181812	27540.165719	W	0.018077
00528771528892	27540.183796	S	0.620989
00528783451884	27540.804786	W	0.018146
00528783800296	27540.822932	S	0.621637
00528795735736	27541.444570	W	0.018898
00528796098568	27541.463467	S	0.621138
00528808024424	27542.084605	W	0.019900
00528808406496	27542.104505	S	0.615709
00528820228100	27542.720214	W	0.019163
00528820596028	27542.739376	S	0.621766
00528832533928	27543.361142	W	0.017962
00528832878792	27543.379104	S	0.624464
00528844868492	27544.003567	W	0.016142
00528845178424	27544.019710	S	0.626029
00528857198188	27544.645739	W	0.015826
00528857502052	27544.661565	S	0.624679
00528869495892	27545.286244	W	0.019106
00528869862724	27545.305350	S	0.619232
00528881751972	27545.924582	W	0.018767
00528882112296	27545.943349	S	0.621253
00528894040348	27546.564601	W	0.019532
00528894415364	27546.584134	S	0.615933
00528906241280	27547.200067	W	0.017663
00528906580412	27547.217730	S	0.623527
00528918552136	27547.841257	W	0.019435
00528918925296	27547.860692	S	0.621756
00528930863004	27548.482448	W	0.017972
00528931208072	27548.500420	S	0.624188
00528943192480	27549.124608	W	0.018305
00528943543928	27549.142913	S	0.621616
00528955478956	27549.764529	W	0.017461
00528955814212	27549.781990	S	0.623666
00528967788600	27550.405656	W	0.018099
00528968136108	27550.423756	S	0.620966
00528980058664	27551.044722	W	0.019681
00528980436536	27551.064403	S	0.615655
00528992257120	27551.680058	W	0.019290
00528992627484	27551.699348	S	0.621772
00529004565508	27552.321120	W	0.017797
00529004907208	27552.338917	S	0.623616
00529016880644	27552.962534	W	0.019487
00529017254788	27552.982020	S	0.621436
00529029186364	27553.603456	W	0.017797
00529029528068	27553.621254	S	0.623299
00529041495408	27554.244553	W	0.018009
00529041841172	27554.262561	S	0.621976
00529053783112	27554.884537	W	0.018789
00529054143852	27554.903326	S	0.621212
00529066071120	27555.524538	W	0.019956
00529066454284	27555.544494	S	0.615525
00529078272360	27556.160019	W	0.018105
00529078619980	27556.178124	S	0.622946
00529090580552	27556.801070	W	0.019580
00529090956484	27556.820650	S	0.621758
00529102894236	27557.442408	W	0.017567
00529103231532	27557.459976	S	0.623642
00529115205468	27558.083618	W	0.082407
00529116787688	27558.166025	S	0.559707
00529127534068	27558.725733	W	0.017444
00529127869000	27558.743177	S	0.621360
00529139799104	27559.364537	W	0.018675
00529140157660	27559.383211	S	0.621331
00529152087216	27560.004542	W	0.019833
00529152468008	27560.024375	S	0.615626
00529164288024	27560.640001	W	0.018057
00529164634720	27560.658058	S	0.623067
00529176597604	27561.281125	W	0.018101
00529176945148	27561.299226	S	0.623152
00529188909676	27561.922379	W	0.019596
00529189285916	27561.941975	S	0.621459
00529201217928	27562.563434	W	0.017718
00529201558108	27562.581151	S	0.623475
00529213528820	27563.204626	W	0.019312
00529213899616	27563.223938	S	0.620552
00529225814220	27563.844491	W	0.051721
00529226807256	27563.896211	S	0.588284
00529238102312	27564.484495	W	0.019965
00529238485644	27564.504461	S	0.615518
00529250303588	27565.119979	W	0.017971
00529250648628	27565.137949	S	0.623121
00529262612544	27565.761070	W	0.019553
00529262987956	27565.780623	S	0.621786
00529274926240	27566.402408	W	0.018095
00529275273660	27566.420503	S	0.622911
00529287233548	27567.043414	W	0.019199
00529287602176	27567.062613	S	0.621874
00529299542152	27567.684487	W	0.041668
00529300342176	27567.726155	S	0.598446
00529311832348	27568.324601	W	0.018250
00529312182748	27568.342851	S	0.621621
00529324117880	27568.964473	W	0.018783
00529324478516	27568.983256	S	0.616681
00529336318796	27569.599937	W	0.018236
00529336668928	27569.618173	S	0.622826
00529348627188	27570.240999	W	0.047484
00529349538884	27570.288484	S	0.595104
00529360964884	27570.883588	W	0.017385
00529361298672	27570.900972	S	0.622451
00529373249740	27571.523424	W	0.018172
00529373598644	27571.541596	S	0.622833
00529385557028	27572.164429	W	0.018321
00529385908784	27572.182749	S	0.621676
00529397844964	27572.804425	W	0.017421
00529398179456	27572.821847	S	0.622686
00529410135024	27573.444533	W	0.018526
00529410490732	27573.463059	S	0.621441
00529422422392	27574.084500	W	0.019526
00529422797292	27574.104026	S	0.617007
00529434643820	27574.721032	W	0.019574
00529435019644	27574.740606	S	0.621755
00529446957348	27575.362362	W	0.049180
00529447901612	27575.411542	S	0.593112
00529459289360	27576.004654	W	0.018590
00529459646296	27576.023245	S	0.621105
00529471571508	27576.644349	W	0.018175
00529471920472	27576.662525	S	0.621880
00529483860576	27577.284405	W	0.017916
00529484204564	27577.302321	S	0.622096
00529496148816	27577.924417	W	0.018594
00529496505816	27577.943011	S	0.621550
00529508439576	27578.564561	W	0.019835
00529508820408	27578.584396	S	0.615561
00529520639176	27579.199957	W	0.018063
00529520985988	27579.218020	S	0.624397
00529532974416	27579.842418	W	0.018855
00529533336432	27579.861272	S	0.622153
00529545281768	27580.483425	W	0.018193
00529545631072	27580.501618	S	0.622808
00529557588984	27581.124426	W	0.018034
00529557935244	27581.142461	S	0.622023
00529569878092	27581.764484	W	0.017802
00529570219884	27581.782286	S	0.622130
00529582164780	27582.404416	W	0.018902
00529582527708	27582.423318	S	0.621098
00529594452796	27583.044416	W	0.019903
00529594834936	27583.064320	S	0.615655
00529606655504	27583.679974	W	0.019225
00529607024624	27583.699199	S	0.621868
00529618964484	27584.321067	W	0.018081
00529619311644	27584.339148	S	0.624240
00529631297044	27584.963388	W	0.019141
00529631664548	27584.982529	S	0.621919
00529643605388	27585.604447	W	0.018174
00529643954320	27585.622621	S	0.621768
00529655892268	27586.244389	W	0.017575
00529656229708	27586.261964	S	0.623582
00529668202488	27586.885546	W	0.017840
00529668545020	27586.903386	S	0.621032
00529680468828	27587.524418	W	0.019940
00529680851668	27587.544358	S	0.615523
00529692669708	27588.159881	W	0.017333
00529693002500	27588.177214	S	0.623853
00529704980476	27588.801066	W	0.019473
00529705354360	27588.820540	S	0.621727
00529717291528	27589.442267	W	0.018132
00529717639672	27589.460400	S	0.624002
00529729620504	27590.084401	W	0.016517
00529729937632	27590.100918	S	0.624594
00529741929836	27590.725512	W	0.018127
00529742277872	27590.743639	S	0.620751
00529754196300	27591.364391	W	0.018865
00529754558508	27591.383256	S	0.621190
00529766485356	27592.004446	W	1.524856
00529795762592	27593.529302	S	0.380424
00529803066740	27593.909726	W	0.074212
00529804491616	27593.983938	S	0.010086
00529804685276	27593.994025	W	0.006671
00529804813360	27594.000696	S	0.553056
00529815432028	27594.553751	W	0.096465
00529817284152	27594.650216	S	0.547739
00529827800732	27595.197955	W	1.064273
00529848234768	27596.262227	S	0.209677
00529852260572	27596.471905	W	0.964469
00529870778380	27597.436374	S	0.111621
00529872921500	27597.547995	W	0.018482
00529873276364	27597.566477	S	0.003913
00529873351484	27597.570390	W	0.006361
00529873473612	27597.576751	S	0.580945
00529884627764	27598.157696	W	0.029762
00529885199188	27598.187458	S	1.254212
00529909280064	27599.441670	W	0.027512
00529909808304	27599.469183	S	0.019508
00529910182860	27599.488691	W	0.393969
00529917747072	27599.882660	S	0.007387
00529917888896	27599.890047	W	0.006472
00529918013168	27599.896519	S	0.825162
00529933856272	27600.721681	W	0.028198
00529934397668	27600.749879	S	0.696917
00529947778476	27601.446796	W	0.001574
00529947808692	27601.448369	S	0.553331
00529958432652	27602.001701	W	0.028192
00529958973948	27602.029893	S	1.251749
00529983007532	27603.281642	W	0.028286
00529983550632	27603.309929	S	1.251710
00530007583472	27604.561639	W	0.028234
00530008125560	27604.589873	S	1.251762
00530032159384	27605.841635	W	0.028239
00530032701572	27605.869874	S	1.262854
00530056948376	27607.132728	W	0.017081
00530057276336	27607.149809	S	0.160761
00530060362948	27607.310570	W	0.682687
00530073470536	27607.993257	S	0.136583
00530076092924	27608.129840	W	0.015358
00530076387796	27608.145198	S	0.009109
00530076562692	27608.154307	W	0.006407
00530076685712	27608.160714	S	0.238050
00530081256276	27608.398764	W	0.050531
00530082226468	27608.449295	S	1.243437
00530106100464	27609.692732	W	0.017084
00530106428484	27609.709817	S	0.605802
00530118059888	27610.315619	W	0.001606
00530118090720	27610.317225	S	0.655527
00530130676836	27610.972752	W	0.016063
00530130985248	27610.988815	S	1.263917
00530155252460	27612.252732	W	0.017155
00530155581836	27612.269887	S	1.262814
00530179827864	27613.532701	W	0.017238
00530180158828	27613.549939	S	1.262761
00530204403844	27614.812700	W	0.017129
00530204732716	27614.829829	S	1.262878
00530228979976	27616.092707	W	0.017151
00530229309268	27616.109858	S	1.262855
00530253556080	27617.372713	W	0.017096
00530253884332	27617.389809	S	0.523538
00530263936260	27617.913347	W	3.534883
00530331806012	27621.448230	S	0.114900
00530334012092	27621.563130	W	0.015647
00530334312516	27621.578777	S	0.010597
00530334515984	27621.589374	W	0.015619
00530334815876	27621.604994	S	0.464340
00530343731204	27622.069334	W	0.032384
00530344352984	27622.101718	S	0.321303
00530350522000	27622.423021	W	0.502512
00530360170228	27622.925533	S	0.017230
00530360501040	27622.942762	W	0.015329
00530360795360	27622.958092	S	0.396490
00530368407960	27623.354581	W	0.029655
00530368977340	27623.384236	S	0.613622
00530380758884	27623.997859	W	0.027354
00530381284072	27624.025212	S	0.610075
00530392997504	27624.635287	W	0.020315
00530393387552	27624.655602	S	0.622939
00530405347984	27625.278541	W	0.018214
00530405697684	27625.296754	S	0.625316
00530417703756	27625.922071	W	0.017885
00530418047152	27625.939956	S	0.623754
00530430023220	27626.563709	W	0.018056
00530430369888	27626.581765	S	0.622072
00530442313668	27627.203837	W	0.017874
00530442656844	27627.221711	S	0.622220
00530454603472	27627.843931	W	0.018933
00530454966984	27627.862864	S	0.621154
00530466893140	27628.484018	W	0.019738
00530467272100	27628.503755	S	0.615792
00530479095308	27629.119547	W	0.017573
00530479432700	27629.137120	S	0.623663
00530491407032	27629.760783	W	0.017920
00530491751100	27629.778703	S	0.623398
00530503720336	27630.402101	W	0.018970
00530504084560	27630.421071	S	0.623179
00530516049600	27631.044250	W	0.017895
00530516393184	27631.062145	S	0.622096
00530528337436	27631.684241	W	0.018022
00530528683460	27631.702264	S	0.621989
00530540625644	27632.324252	W	0.018510
00530540981028	27632.342762	S	0.621422
00530552912324	27632.964184	W	0.019734
00530553291216	27632.983918	S	0.615727
00530565113180	27633.599645	W	0.017841
00530565455728	27633.617486	S	0.623229
00530577421720	27634.240715	W	0.017562
00530577758904	27634.258276	S	0.623908
00530589737936	27634.882184	W	0.017895
00530590081520	27634.900079	S	0.623035
00530602043800	27635.523115	W	0.019229
00530602412996	27635.542344	S	0.621863
00530614352764	27636.164206	W	0.017978
00530614697932	27636.182184	S	0.622034
00530626640992	27636.804218	W	0.018607
00530626998256	27636.822826	S	0.621374
00530638928636	27637.444200	W	0.019599
00530639304944	27637.463799	S	0.615887
00530651129968	27638.079686	W	0.017928
00530651474184	27638.097614	S	0.623146
00530663438596	27638.720760	W	0.017823
00530663780788	27638.738583	S	0.623510
00530675752180	27639.362093	W	0.017724
00530676092484	27639.379817	S	0.623461
00530688062944	27640.003278	W	0.017905
00530688406720	27640.021183	S	0.622962
00530700367600	27640.644146	W	0.018075
00530700714636	27640.662221	S	0.621924
00530712655572	27641.284144	W	0.018609
00530713012872	27641.302754	S	0.621434
00530724944412	27641.924188	W	0.019666
00530725322008	27641.943855	S	0.615778
00530737144948	27642.559633	W	0.017809
00530737486876	27642.577441	S	0.623275
00530749453760	27643.200717	W	0.015930
00530749759624	27643.216647	S	0.626531
00530761789028	27643.843179	W	0.017487
00530762124788	27643.860666	S	0.622517
00530774077120	27644.483183	W	0.017554
00530774414152	27644.500737	S	0.623619
00530786387628	27645.124356	W	0.017830
00530786729960	27645.142185	S	0.622053
00530798673380	27645.764239	W	0.018031
00530799019580	27645.782270	S	0.621874
00530810959556	27646.404144	W	0.086105
00530812612772	27646.490249	S	0.549382
00530823160900	27647.039630	W	0.019335
00530823532136	27647.058965	S	0.621750
00530835469740	27647.680716	W	0.017876
00530835812968	27647.698592	S	0.623446
00530847783128	27648.322038	W	0.015945
00530848089280	27648.337983	S	0.626230
00530860112904	27648.964214	W	0.017410
00530860447168	27648.981623	S	0.622588
00530872400856	27649.604211	W	0.017625
00530872739260	27649.621836	S	0.622487
00530884691020	27650.244324	W	0.017808
00530885032936	27650.262132	S	0.622051
00530896976308	27650.884183	W	0.018563
00530897332720	27650.902746	S	0.616921
00530909177600	27651.519667	W	0.017950
00530909522240	27651.537617	S	0.623110
00530921485960	27652.160727	W	0.018918
00530921849184	27652.179645	S	0.622326
00530933797844	27652.801971	W	0.049150
00530934741524	27652.851121	S	0.591943
00530946106824	27653.443064	W	0.015953
00530946413112	27653.459016	S	0.626240
00530958436916	27654.085256	W	0.017563
00530958774120	27654.102819	S	0.621373
00530970704484	27654.724192	W	0.017573
00530971041880	27654.741765	S	0.622548
00530982994804	27655.364313	W	0.018344
00530983347012	27655.382657	S	0.621512
00530995280044	27656.004169	W	0.019652
00530995657364	27656.023821	S	0.616881
00531007501476	27656.640702	W	0.017819
00531007843604	27656.658521	S	0.623510
00531019815004	27657.282031	W	0.015891
00531020120116	27657.297923	S	0.626279
00531032144664	27657.924201	W	0.017477
00531032480216	27657.941678	S	0.622519
00531044432588	27658.564197	W	0.016111
00531044741912	27658.580308	S	0.624985
00531056741624	27659.205293	W	0.017784
00531057083076	27659.223077	S	0.621076
00531069007740	27659.844153	W	0.018819
00531069369068	27659.862972	S	0.621303
00531081298088	27660.484275	W	0.019424
00531081671036	27660.503700	S	0.615900
00531093496312	27661.119600	W	0.019324
00531093867324	27661.138923	S	0.623074
00531105830336	27661.761997	W	0.017923
00531106174448	27661.779919	S	0.623136
00531118138652	27662.403055	W	0.019204
00531118507376	27662.422259	S	0.621873
00531130447340	27663.044132	W	0.017841
00531130789884	27663.061973	S	0.622155
00531142735252	27663.684128	W	0.017246
00531143066380	27663.701374	S	0.623874
00531155044760	27664.325248	W	0.017849
00531155387468	27664.343097	S	0.621088
00531167312360	27664.964185	W	0.019814
00531167692780	27664.983999	S	0.615751
00531179515208	27665.599750	W	0.017885
00531179858596	27665.617635	S	0.623032
00531191820808	27666.240667	W	0.018911
00531192183908	27666.259579	S	0.623502
00531204155140	27666.883080	W	0.017820
00531204497280	27666.900900	S	0.623246
00531216463604	27667.524146	W	0.016163
00531216773928	27667.540309	S	0.624931
00531228772596	27668.165239	W	0.017841
00531229115152	27668.183081	S	0.621084
00531241039956	27668.804164	W	0.018521
00531241395564	27668.822686	S	0.622553
00531253348588	27669.445239	W	0.018416
00531253702184	27669.463655	S	0.615961
00531265528636	27670.079616	W	0.017598
00531265866520	27670.097215	S	0.623609
00531277839808	27670.720823	W	0.017857
00531278182672	27670.738681	S	0.623325
00531290150512	27671.362006	W	0.018891
00531290513212	27671.380896	S	0.623171
00531302478092	27672.004067	W	0.017894
00531302821664	27672.021962	S	0.622112
00531314766216	27672.644074	W	0.017940
00531315110672	27672.662014	S	0.622071
00531327054444	27673.284086	W	0.018477
00531327409204	27673.302563	S	0.621528
00531339342544	27673.924091	W	0.019663
00531339720076	27673.943754	S	0.616889
00531351564344	27674.560643	W	0.017448
00531351899348	27674.578091	S	0.622556
00531363852416	27675.200647	W	0.018911
00531364215504	27675.219558	S	0.622519
00531376167860	27675.842076	W	0.017832
00531376510240	27675.859908	S	0.623166
00531388475032	27676.483075	W	0.019130
00531388842324	27676.502204	S	0.621771
00531400780328	27677.123975	W	0.017866
00531401123356	27677.141841	S	0.622200
00531413069604	27677.764042	W	0.018625
00531413427196	27677.782666	S	0.622504
00531425379268	27678.405170	W	0.018460
00531425733704	27678.423630	S	0.615932
00531437559600	27679.039562	W	0.015888
00531437864648	27679.055450	S	0.626274
00531449889112	27679.681725	W	0.017451
00531450224180	27679.699176	S	0.622797
00531462181888	27680.321973	W	0.018941
00531462545564	27680.340915	S	0.622235
00531474492468	27680.963149	W	0.017823
00531474834664	27680.980972	S	0.623119
00531486798552	27681.604091	W	0.019412
00531487171260	27681.623503	S	0.620510
00531499085052	27682.244013	W	0.018603
00531499442232	27682.262616	S	0.621411
00531511373324	27682.884027	W	0.057027
00531512468244	27682.941054	S	0.578464
00531523574748	27683.519518	W	0.017844
00531523917356	27683.537362	S	0.623227
00531535883320	27684.160590	W	0.018939
00531536246940	27684.179528	S	0.622329
00531548195660	27684.801857	W	0.017814
00531548537684	27684.819671	S	0.623275
00531560504564	27685.442946	W	0.017531
00531560841156	27685.460477	S	0.623656
00531572815348	27686.084133	W	0.017814
00531573157368	27686.101946	S	0.622104
00531585101768	27686.724050	W	0.018052
00531585448364	27686.742102	S	0.621901
00531597388860	27687.364003	W	0.080154
00531598927808	27687.444157	S	0.024067
00531599389892	27687.468224	W	0.001216
00531599413232	27687.469439	S	0.013205
00531599666764	27687.482644	W	0.172924
00531602986904	27687.655568	S	0.013971
00531603255144	27687.669539	W	0.014953
00531603542244	27687.684492	S	0.314988
00531609590020	27687.999480	W	0.019320
00531609960972	27688.018801	S	0.621741
00531621898400	27688.640542	W	0.017907
00531622242216	27688.658449	S	0.623417
00531634211828	27689.281866	W	0.018953
00531634575724	27689.300819	S	0.622102
00531646520080	27689.922921	W	0.017901
00531646863784	27689.940822	S	0.623194
00531658829104	27690.564016	W	0.017738
00531659169676	27690.581754	S	0.622377
00531671119312	27691.204131	W	0.017877
00531671462552	27691.222008	S	0.622073
00531683406352	27691.844081	W	0.018532
00531683762172	27691.862613	S	0.616844
00531695605580	27692.479457	W	0.017883
00531695948928	27692.497340	S	0.623199
00531707914340	27693.120539	W	0.018917
00531708277544	27693.139455	S	0.622430
00531720228200	27693.761885	W	0.017798
00531720569924	27693.779684	S	0.623269
00531732536684	27694.402952	W	0.015889
00531732841744	27694.418841	S	0.626273
00531744866184	27695.045114	W	0.017543
00531745203004	27695.062656	S	0.621388
00531757133660	27695.684045	W	0.017541
00531757470440	27695.701585	S	0.622565
00531769423696	27696.324151	W	0.018334
00531769775708	27696.342485	S	0.621542
00531781709324	27696.964027	W	0.019634
00531782086292	27696.983661	S	0.616828
00531793929396	27697.600489	W	0.017800
00531794271164	27697.618290	S	0.623551
00531806243340	27698.241841	W	0.015855
00531806547748	27698.257695	S	0.626333
00531818573340	27698.884028	W	0.017557
00531818910440	27698.901585	S	0.622386
00531830860244	27699.523971	W	0.018046
00531831206720	27699.542017	S	0.621949
00531843148148	27700.163966	W	0.017881
00531843491460	27700.181847	S	0.622119
00531855436136	27700.803965	W	0.018655
00531855794312	27700.822620	S	0.621445
00531867726048	27701.444065	W	0.089043
00531869435680	27701.533108	S	0.546370
00531879925980	27702.079478	W	0.019276
00531880296072	27702.098754	S	0.623048
00531892258600	27702.721802	W	0.018043
00531892605024	27702.739845	S	0.623045
00531904567480	27703.362890	W	0.019164
00531904935436	27703.382054	S	0.621904
00531916876000	27704.003958	W	0.018053
00531917222624	27704.022012	S	0.621962
00531929164300	27704.643974	W	0.017525
00531929500788	27704.661499	S	0.623575
00531941473420	27705.285074	W	0.018119
00531941821308	27705.303193	S	0.620750
00531953739700	27705.923943	W	0.019702
00531954117980	27705.943645	S	0.615878
00531965942832	27706.559522	W	0.018125
00531966290836	27706.577648	S	0.622887
00531978250268	27707.200535	W	0.019554
00531978625712	27707.220089	S	0.622699
00531990581528	27707.842788	W	0.017862
00531990924480	27707.860650	S	0.623250
00532002890872	27708.483900	W	0.018027
00532003237000	27708.501927	S	0.621970
00532015178828	27709.123897	W	0.017795
00532015520500	27709.141693	S	0.622217
00532027467060	27709.763909	W	0.018614
00532027824452	27709.782524	S	0.621404
00532039755412	27710.403928	W	0.019560
00532040130964	27710.423488	S	0.615919
00532051956604	27711.039406	W	0.017594
00532052294412	27711.057001	S	0.623586
00532064267264	27711.680587	W	0.017802
00532064609056	27711.698388	S	0.623456
00532076579408	27712.321844	W	0.018906
00532076942404	27712.340750	S	0.623229
00532088908392	27712.963979	W	0.062358
00532090105656	27713.026336	S	0.577635
00532101196248	27713.603971	W	0.017876
00532101539476	27713.621848	S	0.622125
00532113484268	27714.243972	W	0.018425
00532113838020	27714.262397	S	0.621599
00532125772728	27714.883996	W	0.019830
00532126153464	27714.903826	S	0.616721
00532137994512	27715.520548	W	0.017398
00532138328556	27715.537946	S	0.622543
00532150281376	27716.160488	W	0.017730
00532150621796	27716.178219	S	0.623706
00532162596952	27716.801925	W	0.017824
00532162939172	27716.819749	S	0.623173
00532174904100	27717.442922	W	0.015852
00532175208456	27717.458774	S	0.626282
00532187233068	27718.085056	W	0.017806
00532187574940	27718.102861	S	0.621057
00532199499240	27718.723919	W	0.018566
00532199855708	27718.742485	S	0.621365
00532211785920	27719.363850	W	0.019576
00532212161788	27719.383426	S	0.615911
00532223987288	27719.999338	W	0.019359
00532224358972	27720.018696	S	0.621707
00532236295752	27720.640404	W	0.017788
00532236637276	27720.658191	S	0.623566
00532248609752	27721.281758	W	0.018993
00532248974412	27721.300751	S	0.622200
00532260920660	27721.922951	W	0.017836
00532261263108	27721.940787	S	0.623158
00532273227744	27722.563945	W	0.019401
00532273600252	27722.583346	S	0.620512
00532285514076	27723.203858	W	0.018596
00532285871116	27723.222454	S	0.621410
00532297802192	27723.843864	W	0.019674
00532298179932	27723.863538	S	0.615812
00532310003520	27724.479350	W	0.017844
00532310346120	27724.497194	S	0.623230
00532322312144	27725.120424	W	0.016165
00532322622520	27725.136590	S	0.626280
00532334647088	27725.762869	W	0.017384
00532334980864	27725.780253	S	0.622605
00532346934872	27726.402858	W	0.017859
00532347277768	27726.420717	S	0.623301
00532359245156	27727.044019	W	0.018021
00532359591160	27727.062040	S	0.621847
00532371530624	27727.683887	W	0.017976
00532371875756	27727.701862	S	0.621958
00532383817340	27728.323820	W	0.019882
00532384199072	27728.343702	S	0.615590
00532396018408	27728.959292	W	0.019343
00532396389800	27728.978635	S	0.621749
00532408327376	27729.600384	W	0.018034
00532408673624	27729.618418	S	0.623306
00532420641100	27730.241724	W	0.018908
00532421004128	27730.260632	S	0.622077
00532432948008	27730.882709	W	0.018048
00532433294520	27730.900756	S	0.623069
00532445257436	27731.523825	W	0.017792
00532445599052	27731.541617	S	0.622312
00532457547448	27732.163930	W	0.017745
00532457888152	27732.181675	S	0.622202
00532469834436	27732.803877	W	0.018834
00532470196044	27732.822711	S	0.616567
00532482034124	27733.439277	W	0.018109
00532482381816	27733.457386	S	0.622957
00532494342592	27734.080343	W	0.019594
00532494718804	27734.099938	S	0.621738
00532506656164	27734.721675	W	0.017999
00532507001748	27734.739674	S	0.623093
00532518965136	27735.362767	W	0.019183
00532519333440	27735.381950	S	0.621889
00532531273716	27736.003839	W	0.018041
00532531620108	27736.021881	S	0.621961
00532543561752	27736.643841	W	0.017755
00532543902656	27736.661597	S	0.622396
00532555852664	27737.283993	W	0.018301
00532556204044	27737.302294	S	0.622719
00532568160244	27737.925013	W	0.018742
00532568520084	27737.943754	S	0.618316
00532580391752	27738.562070	W	0.018052
00532580738356	27738.580123	S	0.621615
00532592673360	27739.201737	W	0.016144
00532592983328	27739.217882	S	0.626005
00532605002628	27739.843887	W	0.018101
00532605350176	27739.861988	S	0.621840
00532617289508	27740.483829	W	0.016148
00532617599548	27740.499976	S	0.624958
00532629598732	27741.124934	W	0.018027
00532629944860	27741.142961	S	0.620906
00532641866264	27741.763868	W	0.018827
00532642227740	27741.782695	S	0.621272
00532654156168	27742.403967	W	0.019669
00532654533820	27742.423636	S	0.615656
00532666354408	27743.039292	W	0.046766
00532667252320	27743.086058	S	0.596734
00532678709616	27743.682792	W	0.018087
00532679056892	27743.700880	S	0.621903
00532690997432	27744.322783	W	0.019130
00532691364736	27744.341913	S	0.621943
00532703306048	27744.963857	W	0.018043
00532703652472	27744.981900	S	0.621951
00532715593936	27745.603851	W	0.017862
00532715936880	27745.621713	S	0.622146
00532727882080	27746.243858	W	0.018713
00532728241372	27746.262571	S	0.621226
00532740168920	27746.883798	W	0.019989
00532740552716	27746.903787	S	0.615591
00532752372060	27747.519378	W	0.018039
00532752718404	27747.537417	S	0.622947
00532764678992	27748.160364	W	0.019559
00532765054520	27748.179923	S	0.622770
00532777011712	27748.802693	W	0.018070
00532777358660	27748.820764	S	0.623023
00532789320704	27749.443787	W	0.016140
00532789630584	27749.459926	S	0.624952
00532801629656	27750.084878	W	0.018053
00532801976276	27750.102931	S	0.620887
00532813897308	27750.723818	W	0.018810
00532814258456	27750.742628	S	0.621118
00532826183928	27751.363746	W	0.019856
00532826565172	27751.383603	S	0.615626
00532838385192	27751.999229	W	0.017957
00532838729964	27752.017186	S	0.623226
00532850695900	27752.640411	W	0.018069
00532851042824	27752.658480	S	0.623186
00532863007996	27753.281666	W	0.019560
00532863383540	27753.301226	S	0.622522
00532875335964	27753.923748	W	0.018107
00532875683624	27753.941855	S	0.621916
00532887624412	27754.563771	W	0.018190
00532887973668	27754.581962	S	0.621805
00532899912316	27755.203766	W	0.018771
00532900272720	27755.222538	S	0.621243
00532912200588	27755.843781	W	0.019897
00532912582620	27755.863678	S	0.616660
00532924422484	27756.480338	W	0.018048
00532924768996	27756.498385	S	0.621954
00532936710504	27757.120339	W	0.018912
00532937073616	27757.139251	S	0.622521
00532949026016	27757.761772	W	0.018082
00532949373192	27757.779854	S	0.622857
00532961332056	27758.402711	W	0.016141
00532961641964	27758.418852	S	0.626031
00532973661760	27759.044883	W	0.018094
00532974009168	27759.062978	S	0.620761
00532985927788	27759.683739	W	0.018575
00532986284436	27759.702314	S	0.622532
00532998237048	27760.324846	W	0.018417
00532998590656	27760.343263	S	0.615975
00533010417368	27760.959238	W	0.019236
00533010786700	27760.978474	S	0.621838
00533022725980	27761.600311	W	0.018057
00533023072668	27761.618368	S	0.623266
00533035039376	27762.241634	W	0.017809
00533035381308	27762.259443	S	0.623358
00533047349772	27762.882801	W	0.018051
00533047696348	27762.900851	S	0.622962
00533059657212	27763.523813	W	0.018233
00533060007280	27763.542046	S	0.621692
00533071943760	27764.163737	W	0.018816
00533072305032	27764.182554	S	0.621190
00533084231876	27764.803744	W	0.019921
00533084614364	27764.823665	S	0.615558
00533096433076	27765.439223	W	0.018052
00533096779676	27765.457275	S	0.623012
00533108741508	27766.080287	W	0.019542
00533109116720	27766.099829	S	0.621780
00533121054904	27766.721610	W	0.018074
00533121401916	27766.739683	S	0.622994
00533133363404	27767.362677	W	0.017159
00533133692864	27767.379837	S	0.624027
00533145674184	27768.003864	W	0.018079
00533146021308	27768.021943	S	0.621723
00533157958388	27768.643666	W	0.017566
00533158295656	27768.661232	S	0.623547
00533170267756	27769.284779	W	0.018446
00533170621928	27769.303225	S	0.615950
00533182448164	27769.919175	W	0.019325
00533182819204	27769.938500	S	0.621748
00533194756756	27770.560248	W	0.018027
00533195102868	27770.578274	S	0.623329
00533207070792	27771.201604	W	0.019516
00533207445504	27771.221120	S	0.621561
00533219379476	27771.842681	W	0.018045
00533219725944	27771.860726	S	0.623016
00533231687844	27772.483742	W	0.017890
00533232031332	27772.501632	S	0.622220
00533243977952	27773.123852	W	0.042092
00533244786128	27773.165944	S	0.597693
00533256261828	27773.763637	W	0.018897
00533256624652	27773.782534	S	0.616578
00533268462948	27774.399112	W	0.018101
00533268810496	27774.417213	S	0.622989
00533280771888	27775.040203	W	0.019593
00533281148072	27775.059795	S	0.621754
00533293085752	27775.681550	W	0.017817
00533293427840	27775.699367	S	0.623174
00533305392788	27776.322541	W	0.019234
00533305762072	27776.341775	S	0.621856
00533317701704	27776.963630	W	0.018012
00533318047528	27776.981642	S	0.622019
00533329990296	27777.603661	W	0.017807
00533330332192	27777.621468	S	0.622291
00533342280180	27778.243759	W	0.018675
00533342638740	27778.262434	S	0.621264
00533354567008	27778.883698	W	0.019910
00533354949280	27778.903608	S	0.616620
00533366788392	27779.520229	W	0.018077
00533367135480	27779.538306	S	0.623263
00533379102132	27780.161569	W	0.016112
00533379411492	27780.177682	S	0.626044
00533391431536	27780.803726	W	0.018027
00533391777648	27780.821753	S	0.621970
00533403719464	27781.443722	W	0.018196
00533404068828	27781.461918	S	0.621737
00533416006184	27782.083655	W	0.018045
00533416352644	27782.101700	S	0.621953
00533428294140	27782.723653	W	0.018894
00533428656908	27782.742547	S	0.621238
00533440584684	27783.363786	W	0.019382
00533440956812	27783.383167	S	0.615930
00533452782668	27783.999097	W	0.018198
00533453132076	27784.017296	S	0.624231
00533465117304	27784.641526	W	0.018167
00533465466120	27784.659694	S	0.622901
00533477425824	27785.282595	W	0.019142
00533477793348	27785.301737	S	0.621937
00533489734544	27785.923674	W	0.018059
00533490081280	27785.941733	S	0.621935
00533502022424	27786.563668	W	0.018292
00533502373628	27786.581960	S	0.621647
00533514309248	27787.203607	W	0.018786
00533514669948	27787.222393	S	0.621225
00533526597460	27787.843618	W	0.019997
00533526981404	27787.863615	S	0.615593
00533538800792	27788.479208	W	0.018023
00533539146840	27788.497231	S	0.622976
00533551107972	27789.120207	W	0.019536
00533551483060	27789.139743	S	0.622868
00533563442120	27789.762610	W	0.018060
00533563788872	27789.780670	S	0.623004
00533575750544	27790.403674	W	0.016397
00533576065372	27790.420071	S	0.624692
00533588059468	27791.044764	W	0.018027
00533588405580	27791.062791	S	0.620910
00533600327048	27791.683700	W	0.018787
00533600687756	27791.702487	S	0.621149
00533612613816	27792.323636	W	0.019517
00533612988536	27792.343153	S	0.615940
00533624814592	27792.959093	W	0.017578
00533625152092	27792.976671	S	0.623599
00533637125200	27793.600271	W	0.017846
00533637467848	27793.618117	S	0.623413
00533649437368	27794.241530	W	0.015857
00533649741816	27794.257386	S	0.627380
00533661787512	27794.884766	W	0.017604
00533662125508	27794.902370	S	0.621271
00533674053912	27795.523641	W	0.017910
00533674397780	27795.541551	S	0.622094
00533686341984	27796.163645	W	0.018441
00533686696052	27796.182086	S	0.621562
00533698630044	27796.803648	W	0.019580
00533699005988	27796.823229	S	0.615881
00533710830900	27797.439109	W	0.017767
00533711172024	27797.456876	S	0.623299
00533723139364	27798.080175	W	0.017899
00533723483024	27798.098074	S	0.623552
00533735455224	27798.721626	W	0.018056
00533735801908	27798.739683	S	0.622869
00533747761000	27799.362552	W	0.019134
00533748128364	27799.381686	S	0.621871
00533760068292	27800.003557	W	0.018068
00533760415192	27800.021625	S	0.621942
00533772356484	27800.643567	W	0.018588
00533772713372	27800.662155	S	0.621398
00533784644208	27801.283553	W	0.019874
00533785025784	27801.303426	S	0.615617
00533796845632	27801.919043	W	0.019276
00533797215740	27801.938320	S	0.621728
00533809152920	27802.560048	W	0.018000
00533809498528	27802.578048	S	0.623337
00533821466604	27803.201386	W	0.068675
00533822785168	27803.270061	S	0.572547
00533833778072	27803.842608	W	0.018060
00533834124820	27803.860668	S	0.622925
00533846084988	27804.483593	W	0.016414
00533846400144	27804.500007	S	0.624686
00533858394108	27805.124693	W	0.017824
00533858736328	27805.142517	S	0.621036
00533870660224	27805.763553	W	0.019645
00533871037416	27805.783199	S	0.615757
00533882859956	27806.398956	W	0.017787
00533883201468	27806.416743	S	0.623321
00533895169240	27807.040065	W	0.015953
00533895475536	27807.056017	S	0.626496
00533907504268	27807.682514	W	0.017445
00533907839208	27807.699959	S	0.622552
00533919792204	27808.322511	W	0.017564
00533920129424	27808.340074	S	0.623627
00533932103060	27808.963701	W	0.017829
00533932445380	27808.981530	S	0.622026
00533944388280	27809.603556	W	0.018020
00533944734256	27809.621576	S	0.621991
00533956676484	27810.243567	W	0.019520
00533957051268	27810.263087	S	0.615922
00533968876976	27810.879009	W	0.019307
00533969247668	27810.898316	S	0.621772
00533981185688	27811.520088	W	0.017833
00533981528084	27811.537921	S	0.623512
00533993499508	27812.161433	W	0.019557
00533993875012	27812.180990	S	0.621449
00534005806840	27812.802440	W	0.017864
00534006149820	27812.820303	S	0.623219
00534018115616	27813.443522	W	0.017522
00534018452036	27813.461044	S	0.622599
00534030405940	27814.083643	W	0.017774
00534030747192	27814.101416	S	0.622142
00534042692320	27814.723558	W	0.018549
00534043048456	27814.742107	S	0.616932
00534054893548	27815.359039	W	0.017872
00534055236692	27815.376911	S	0.623185
00534067201836	27816.000096	W	0.018894
00534067564596	27816.018989	S	0.622452
00534079515676	27816.641441	W	0.017766
00534079856792	27816.659208	S	0.623283
00534091823832	27817.282491	W	0.019149
00534092191488	27817.301640	S	0.621861
00534104131224	27817.923501	W	0.017732
00534104471684	27817.941234	S	0.622287
00534116419600	27818.563521	W	0.017757
00534116760540	27818.581278	S	0.622379
00534128710208	27819.203657	W	0.018368
00534129062868	27819.222024	S	0.621430
00534140994324	27819.843454	W	0.019714
00534141372840	27819.863169	S	0.616825
00534153215876	27820.479994	W	0.017891
00534153559376	27820.497884	S	0.623455
00534165529704	27821.121339	W	0.016198
00534165840712	27821.137537	S	0.626009
00534177860092	27821.763546	W	0.018046
00534178206572	27821.781592	S	0.621971
00534190148408	27822.403563	W	0.016385
00534190462992	27822.419947	S	0.624694
00534202457112	27823.044641	W	0.018093
00534202804504	27823.062735	S	0.620779
00534214723464	27823.683514	W	0.018888
00534215086116	27823.702402	S	0.621216
00534227013464	27824.323618	W	0.019389
00534227385724	27824.343006	S	0.616014
00534239213200	27824.959021	W	0.019231
00534239582436	27824.978252	S	0.623027
00534251544548	27825.601279	W	0.018075
00534251891588	27825.619354	S	0.623007
00534263853320	27826.242360	W	0.019192
00534264221808	27826.261553	S	0.621888
00534276162064	27826.883441	W	0.017996
00534276507580	27826.901436	S	0.622028
00534288450524	27827.523465	W	0.017527
00534288787048	27827.540992	S	0.623559
00534300759384	27828.164551	W	0.018101
00534301106924	27828.182652	S	0.620827
00534313026800	27828.803479	W	0.019960
00534313410024	27828.823439	S	0.615599
00534325229532	27829.439038	W	0.018076
00534325576584	27829.457114	S	0.622920
00534337536648	27830.080034	W	0.016159
00534337846900	27830.096193	S	0.627355
00534349892120	27830.723548	W	0.018006
00534350237836	27830.741554	S	0.621998
00534362180192	27831.363552	W	0.016337
00534362493864	27831.379889	S	0.624714
00534374488376	27832.004603	W	0.018091
00534374835720	27832.022694	S	0.620778
00534386754660	27832.643472	W	0.018828
00534387116164	27832.662300	S	0.621103
00534399041336	27833.283403	W	0.044269
00534399891296	27833.327672	S	0.591225
00534411242824	27833.918897	W	0.017793
00534411584448	27833.936690	S	0.623414
00534423553992	27834.560104	W	0.018042
00534423900408	27834.578146	S	0.623216
00534435866148	27835.201362	W	0.019539
00534436241304	27835.220901	S	0.622458
00534448192492	27835.843359	W	0.018090
00534448539824	27835.861449	S	0.621921
00534460480700	27836.483370	W	0.017913
00534460824636	27836.501283	S	0.622118
00534472769300	27837.123401	W	0.018791
00534473130084	27837.142192	S	0.621224
00534485057584	27837.763416	W	0.019941
00534485440452	27837.783357	S	0.616652
00534497280164	27838.400009	W	0.018051
00534497626740	27838.418059	S	0.621949
00534509568164	27839.040009	W	0.017739
00534509908760	27839.057748	S	0.623713
00534521884044	27839.681461	W	0.018141
00534522232356	27839.699602	S	0.622719
00534534188568	27840.322321	W	0.019202
00534534557248	27840.341523	S	0.621869
00534546497132	27840.963392	W	0.017791
00534546838712	27840.981183	S	0.622230
00534558785536	27841.603413	W	0.018858
00534559147608	27841.622271	S	0.622258
00534571094968	27842.244530	W	0.018685
00534571453728	27842.263215	S	0.615726
00534583275676	27842.878941	W	0.016129
00534583585352	27842.895070	S	0.626020
00534595604940	27843.521091	W	0.018072
00534595951924	27843.539163	S	0.622117
00534607896580	27844.161280	W	0.017847
00534608239252	27844.179128	S	0.623335
00534620207280	27844.802462	W	0.017781
00534620548672	27844.820243	S	0.623223
00534632514548	27845.443466	W	0.018196
00534632863916	27845.461662	S	0.621745
00534644801416	27846.083407	W	0.018806
00534645162500	27846.102214	S	0.621174
00534657089036	27846.723387	W	0.019928
00534657471660	27846.743316	S	0.615555
00534669290308	27847.358870	W	0.018025
00534669636392	27847.376895	S	0.623071
00534681599356	27847.999966	W	0.019523
00534681974204	27848.019490	S	0.621798
00534693912732	27848.641288	W	0.018061
00534694259512	27848.659350	S	0.623025
00534706221584	27849.282374	W	0.017792
00534706563200	27849.300167	S	0.623382
00534718532136	27849.923549	W	0.018077
00534718879208	27849.941625	S	0.621781
00534730817404	27850.563406	W	0.018301
00534731168776	27850.581707	S	0.621631
00534743104084	27851.203338	W	0.019881
00534743485804	27851.223219	S	0.615620
00534755305712	27851.838839	W	0.015894
00534755610868	27851.854733	S	0.626282
00534767635480	27852.481015	W	0.018041
00534767981864	27852.499055	S	0.622233
00534779928744	27853.121289	W	0.019544
00534780303996	27853.140833	S	0.621460
00534792236020	27853.762293	W	0.018030
00534792582196	27853.780323	S	0.623033
00534804544432	27854.403356	W	0.017839
00534804886940	27854.421195	S	0.622288
00534816834868	27855.043483	W	0.018027
00534817180988	27855.061510	S	0.621911
00534829121684	27855.683421	W	0.018811
00534829482864	27855.702232	S	0.617749
00534841343648	27856.319982	W	0.018046
00534841690124	27856.338027	S	0.621871
00534853630052	27856.959899	W	0.019573
00534854005856	27856.979472	S	0.621780
00534865944040	27857.601252	W	0.018087
00534866291308	27857.619339	S	0.622974
00534878252416	27858.242313	W	0.016151
00534878562512	27858.258464	S	0.626000
00534890581716	27858.884464	W	0.018103
00534890929284	27858.902567	S	0.620796
00534902848560	27859.523363	W	0.017743
00534903189216	27859.541105	S	0.622364
00534915138608	27860.163469	W	0.018641
00534915496508	27860.182110	S	0.621289
00534927425252	27860.803399	W	0.019602
00534927801620	27860.823001	S	0.618032
00534939667840	27861.441033	W	0.018016
00534940013748	27861.459049	S	0.622244
00534951960832	27862.081293	W	0.019488
00534952335004	27862.100781	S	0.621523
00534964268240	27862.722304	W	0.018061
00534964615020	27862.740366	S	0.623013
00534976576872	27863.363379	W	0.040193
00534977348576	27863.403572	S	0.600888
00534988885620	27864.004459	W	0.017762
00534989226652	27864.022221	S	0.621164
00535001153008	27864.643386	W	0.018872
00535001515356	27864.662258	S	0.621246
00535013443276	27865.283504	W	0.019626
00535013820092	27865.303130	S	0.615701
00535025641560	27865.918831	W	0.016130
00535025951252	27865.934961	S	0.627381
00535037996972	27866.562342	W	0.017404
00535038331136	27866.579747	S	0.622517
00535050283468	27867.202264	W	0.019146
00535050651076	27867.221410	S	0.621921
00535062591964	27867.843331	W	0.018101
00535062939508	27867.861433	S	0.621897
00535074879924	27868.483329	W	0.017215
00535075210460	27868.500545	S	0.623868
00535087188728	27869.124413	W	0.017875
00535087531928	27869.142288	S	0.621078
00535099456632	27869.763366	W	0.019638
00535099833680	27869.783004	S	0.615925
00535111659436	27870.398929	W	0.017819
00535112001560	27870.416748	S	0.623115
00535123965364	27871.039863	W	0.018890
00535124328056	27871.058753	S	0.623512
00535136299488	27871.682265	W	0.017827
00535136641760	27871.700092	S	0.623231
00535148607788	27872.323322	W	0.019437
00535148980988	27872.342760	S	0.620510
00535160894780	27872.963270	W	0.018063
00535161241584	27872.981332	S	0.621935
00535173182728	27873.603267	W	0.018885
00535173545316	27873.622152	S	0.622255
00535185492604	27874.244406	W	0.018439
00535185846628	27874.262845	S	0.615954
00535197672948	27874.878799	W	0.017804
00535198014788	27874.896604	S	0.623375
00535209983580	27875.519978	W	0.018070
00535210330532	27875.538049	S	0.623130
00535222294624	27876.161178	W	0.016135
00535222604416	27876.177313	S	0.627099
00535234644724	27876.804413	W	0.018077
00535234991796	27876.822489	S	0.620791
00535246910984	27877.443280	W	0.018164
00535247259724	27877.461444	S	0.621857
00535259199380	27878.083301	W	0.018732
00535259559036	27878.102033	S	0.621194
00535271485956	27878.723227	W	0.019654
00535271863308	27878.742881	S	0.616932
00535283708408	27879.359813	W	0.018026
00535284054504	27879.377839	S	0.621975
00535295996428	27879.999814	W	0.017829
00535296338740	27880.017643	S	0.623623
00535308312296	27880.641265	W	0.018034
00535308658540	27880.659299	S	0.622960
00535320619380	27881.282259	W	0.019112
00535320986336	27881.301372	S	0.621824
00535332925364	27881.923196	W	0.017850
00535333268080	27881.941046	S	0.622163
00535345213608	27882.563209	W	0.018872
00535345575948	27882.582081	S	0.622256
00535357523268	27883.204337	W	0.018459
00535357877688	27883.222796	S	0.615938
00535369703692	27883.838734	W	0.016158
00535370013920	27883.854892	S	0.626013
00535382033372	27884.480905	W	0.018051
00535382379944	27884.498955	S	0.622136
00535394324956	27885.121091	W	0.017771
00535394666168	27885.138863	S	0.623423
00535406635888	27885.762286	W	0.017982
00535406981144	27885.780268	S	0.623022
00535418943168	27886.403290	W	0.019399
00535419315628	27886.422689	S	0.620471
00535431228664	27887.043160	W	0.019058
00535431594580	27887.062218	S	0.620960
00535443517004	27887.683177	W	0.019673
00535443894728	27887.702850	S	0.615802
00535455718120	27888.318652	W	0.018142
00535456066452	27888.336794	S	0.622934
00535468026784	27888.959728	W	0.016196
00535468337756	27888.975925	S	0.626261
00535480361972	27889.602186	W	0.018000
00535480707568	27889.620186	S	0.622003
00535492650028	27890.242189	W	0.017827
00535492992312	27890.260016	S	0.623347
00535504960576	27890.883363	W	0.017760
00535505301568	27890.901123	S	0.622188
00535517247584	27891.523312	W	0.017413
00535517581904	27891.540724	S	0.623637
00535529555728	27892.164361	W	0.018394
00535529908884	27892.182754	S	0.615949
00535541735112	27892.798704	W	0.016150
00535542045196	27892.814854	S	0.626004
00535554064480	27893.440858	W	0.048576
00535554997132	27893.489434	S	0.591691
00535566357596	27894.081125	W	0.019512
00535566732220	27894.100636	S	0.621431
00535578663688	27894.722067	W	0.018034
00535579009944	27894.740101	S	0.623042
00535590972348	27895.363143	W	0.017989
00535591317728	27895.381132	S	0.622158
00535603263164	27896.003290	W	0.018064
00535603609992	27896.021354	S	0.621853
00535615549572	27896.643207	W	0.018540
00535615905536	27896.661747	S	0.616934
00535627750664	27897.278680	W	0.018071
00535628097620	27897.296751	S	0.622988
00535640058980	27897.919739	W	0.019570
00535640434732	27897.939309	S	0.621796
00535652373220	27898.561105	W	0.018039
00535652719560	27898.579144	S	0.623005
00535664681256	27899.202149	W	0.019137
00535665048688	27899.221286	S	0.621923
00535676989616	27899.843209	W	0.018090
00535677336944	27899.861299	S	0.621913
00535689277672	27900.483212	W	0.017483
00535689613340	27900.500695	S	0.622649
00535701568196	27901.123344	W	0.018613
00535701925556	27901.141956	S	0.621258
00535713853708	27901.763214	W	0.019897
00535714235732	27901.783111	S	0.616611
00535726074668	27902.399722	W	0.018099
00535726422176	27902.417822	S	0.623258
00535738388732	27903.041080	W	0.016153
00535738698860	27903.057232	S	0.626003
00535750718112	27903.683235	W	0.018021
00535751064112	27903.701256	S	0.621986
00535763006236	27904.323241	W	0.016361
00535763320364	27904.339602	S	0.624688
00535775314380	27904.964291	W	0.018104
00535775661980	27904.982395	S	0.620785
00535787581056	27905.603180	W	0.018888
00535787943704	27905.622068	S	0.621184
00535799870436	27906.243252	W	0.019744
00535800249524	27906.262996	S	0.615660
00535812070196	27906.878656	W	0.016135
00535812379988	27906.894791	S	0.627361
00535824425324	27907.522152	W	0.018101
00535824772856	27907.540253	S	0.621835
00535836712080	27908.162088	W	0.019151
00535837079772	27908.181238	S	0.621943
00535849021080	27908.803181	W	0.018053
00535849367704	27908.821235	S	0.621925
00535861308672	27909.443160	W	0.018302
00535861660072	27909.461462	S	0.621631
00535873595380	27910.083093	W	0.018814
00535873956604	27910.101906	S	0.621202
00535885883692	27910.723109	W	0.019697
00535886261868	27910.742806	S	0.615875
00535898086672	27911.358681	W	0.018081
00535898433820	27911.376761	S	0.622947
00535910394412	27911.999709	W	0.018885
00535910757012	27912.018594	S	0.623447
00535922727188	27912.642041	W	0.018059
00535923073920	27912.660100	S	0.623004
00535935035592	27913.283104	W	0.018238
00535935385768	27913.301342	S	0.621791
00535947324148	27913.923133	W	0.018054
00535947670776	27913.941186	S	0.621963
00535959612472	27914.563150	W	0.018837
00535959974140	27914.581986	S	0.621092
00535971899100	27915.203078	W	0.019588
00535972275192	27915.222666	S	0.615893
00535984100332	27915.838559	W	0.017819
00535984442448	27915.856378	S	0.623362
00535996411000	27916.479740	W	0.018011
00535996756804	27916.497750	S	0.623257
00536008723344	27917.121008	W	0.016172
00536009033848	27917.137180	S	0.627058
00536021073364	27917.764238	W	0.017686
00536021412944	27917.781924	S	0.621240
00536033340760	27918.403165	W	0.018126
00536033688784	27918.421291	S	0.621868
00536045628644	27919.043159	W	0.018708
00536045987832	27919.061866	S	0.621298
00536057916752	27919.683164	W	0.019883
00536058298496	27919.703047	S	0.615503
00536070116160	27920.318550	W	0.018056
00536070462840	27920.336606	S	0.623021
00536082424840	27920.959627	W	0.017774
00536082766108	27920.977401	S	0.623703
00536094741212	27921.601105	W	0.018054
00536095087840	27921.619158	S	0.622940
00536107048284	27922.242098	W	0.019109
00536107415176	27922.261207	S	0.621879
00536119355252	27922.883086	W	0.018038
00536119701588	27922.901124	S	0.621954
00536131643112	27923.523079	W	0.062933
00536132851424	27923.586012	S	0.577074
00536143931240	27924.163085	W	0.019856
00536144312476	27924.182941	S	0.615643
00536156132828	27924.798585	W	0.018152
00536156481356	27924.816737	S	0.622906
00536168441152	27925.439643	W	0.018068
00536168788060	27925.457711	S	0.623269
00536180754824	27926.080980	W	0.017817
00536181096916	27926.098798	S	0.623367
00536193065560	27926.722165	W	0.018019
00536193411524	27926.740184	S	0.622895
00536205371112	27927.363079	W	0.018257
00536205721644	27927.381336	S	0.621767
00536217659568	27928.003102	W	0.018783
00536218020196	27928.021885	S	0.621204
00536229947312	27928.643089	W	0.019569
00536230323036	27928.662658	S	0.615911
00536242148532	27929.278569	W	0.018069
00536242495464	27929.296639	S	0.622984
00536254456760	27929.919623	W	0.016163
00536254767084	27929.935786	S	0.626273
00536266791532	27930.562059	W	0.018035
00536267137796	27930.580094	S	0.621896
00536279078200	27931.201990	W	0.017785
00536279419676	27931.219775	S	0.623402
00536291388988	27931.843176	W	0.018029
00536291735140	27931.861205	S	0.621896
00536303675544	27932.483101	W	0.018223
00536304025432	27932.501325	S	0.621791
00536315963828	27933.123116	W	0.019784
00536316343672	27933.142900	S	0.615666
00536328164464	27933.758566	W	0.019253
00536328534128	27933.777819	S	0.621812
00536340472916	27934.399631	W	0.018057
00536340819612	27934.417688	S	0.623280
00536352786592	27935.040968	W	0.019524
00536353161456	27935.060493	S	0.621526
00536365094748	27935.682018	W	0.018074
00536365441776	27935.700092	S	0.623003
00536377403436	27936.323096	W	0.017784
00536377744892	27936.340880	S	0.622314
00536389693324	27936.963194	W	0.017869
00536390036416	27936.981063	S	0.621995
00536401978712	27937.603058	W	0.018554
00536402334940	27937.621611	S	0.616938
00536414180156	27938.238550	W	0.017825
00536414522396	27938.256375	S	0.623229
00536426488388	27938.879604	W	0.018877
00536426850824	27938.898480	S	0.622444
00536438801752	27939.520925	W	0.017801
00536439143540	27939.538726	S	0.623273
00536451110372	27940.161999	W	0.019145
00536451477952	27940.181143	S	0.621928
00536463418976	27940.803072	W	0.018054
00536463765608	27940.821125	S	0.621949
00536475707028	27941.443074	W	0.017969
00536476052024	27941.461043	S	0.622146
00536487997232	27942.083189	W	0.018301
00536488348612	27942.101490	S	0.621554
00536500282444	27942.723044	W	0.019897
00536500664476	27942.742941	S	0.617755
00536512525376	27943.360697	W	0.018010
00536512871160	27943.378706	S	0.622173
00536524816880	27944.000879	W	0.016176
00536525127468	27944.017056	S	0.625985
00536537146376	27944.643040	W	0.017947
00536537490964	27944.660988	S	0.622187
00536549436956	27945.283175	W	0.016284
00536549749604	27945.299459	S	0.624720
00536561744224	27945.924178	W	0.018069
00536562091156	27945.942248	S	0.620827
00536574011036	27946.563075	W	0.018833
00536574372636	27946.581908	S	0.621262
00536586300860	27947.203170	W	0.019658
00536586678300	27947.222828	S	0.615669
00536598499140	27947.838497	W	0.016139
00536598809004	27947.854636	S	0.627363
00536610854368	27948.481998	W	0.018077
00536611201452	27948.500076	S	0.621914
00536623142204	27949.121990	W	0.019096
00536623508840	27949.141085	S	0.621971
00536635450684	27949.763056	W	0.017760
00536635791680	27949.780817	S	0.622241
00536647738716	27950.403058	W	0.017447
00536648073704	27950.420505	S	0.623610
00536660047016	27951.044115	W	0.018108
00536660394692	27951.062224	S	0.620760
00536672313288	27951.682984	W	0.019993
00536672697148	27951.702976	S	0.615598
00536684516624	27952.318574	W	0.018054
00536684863252	27952.336628	S	0.622953
00536696823944	27952.959580	W	0.019505
00536697198448	27952.979086	S	0.622759
00536709155412	27953.601844	W	0.048680
00536710090060	27953.650524	S	0.592404
00536721464224	27954.242928	W	0.016205
00536721775356	27954.259133	S	0.624922
00536733773860	27954.884055	W	0.018110
00536734121568	27954.902165	S	0.620818
00536746041280	27955.522983	W	0.018834
00536746402884	27955.541817	S	0.621163
00536758329212	27956.162980	W	0.019803
00536758709428	27956.182783	S	0.615656
00536770530032	27956.798439	W	0.017897
00536770873660	27956.816336	S	0.623248
00536782840016	27957.439584	W	0.018013
00536783185860	27957.457597	S	0.623260
00536795152456	27958.080857	W	0.019551
00536795527844	27958.100409	S	0.622444
00536807478760	27958.722852	W	0.018107
00536807826424	27958.740960	S	0.621930
00536819767476	27959.362889	W	0.018186
00536820116648	27959.381075	S	0.621846
00536832056100	27960.002922	W	0.018795
00536832416960	27960.021717	S	0.621194
00536844343892	27960.642911	W	0.019951
00536844726956	27960.662862	S	0.616643
00536856566496	27961.279505	W	0.018062
00536856913280	27961.297567	S	0.621939
00536868854512	27961.919506	W	0.017913
00536869198440	27961.937419	S	0.623537
00536881170348	27962.560956	W	0.018075
00536881517388	27962.579031	S	0.622859
00536893476272	27963.201889	W	0.019154
00536893844036	27963.221044	S	0.621844
00536905783440	27963.842887	W	0.018024
00536906129496	27963.860911	S	0.621988
00536918071664	27964.482899	W	0.018876
00536918434088	27964.501775	S	0.621119
00536930359580	27965.122895	W	0.019838
00536930740472	27965.142733	S	0.615643
00536942560816	27965.758376	W	0.016172
00536942871316	27965.774548	S	0.626026
00536954891012	27966.400574	W	0.018041
00536955237396	27966.418614	S	0.622225
00536967184120	27967.040840	W	0.017696
00536967523892	27967.058536	S	0.623476
00536979494624	27967.682012	W	0.018083
00536979841808	27967.700094	S	0.622846
00536991800456	27968.322940	W	0.019394
00536992172820	27968.342334	S	0.620483
00537004086088	27968.962817	W	0.018916
00537004449268	27968.981733	S	0.621111
00537016374596	27969.602844	W	0.019982
00537016758248	27969.622825	S	0.615534
00537028576492	27970.238359	W	0.018101
00537028924024	27970.256460	S	0.622958
00537040884816	27970.879418	W	0.015913
00537041190340	27970.895330	S	0.626553
00537053220160	27971.521883	W	0.018044
00537053566604	27971.539927	S	0.621966
00537065508352	27972.161893	W	0.017945
00537065852900	27972.179839	S	0.623218
00537077818684	27972.803056	W	0.018077
00537078165764	27972.821134	S	0.621797
00537090104264	27973.442930	W	0.018034
00537090450516	27973.460964	S	0.621883
00537102390672	27974.082848	W	0.019885
00537102772460	27974.102732	S	0.615618
00537114592324	27974.718350	W	0.016174
00537114902860	27974.734524	S	0.626038
00537126922796	27975.360562	W	0.018155
00537127271380	27975.378718	S	0.621972
00537139213236	27976.000689	W	0.015956
00537139519600	27976.016646	S	0.626237
00537151543344	27976.642883	W	0.018041
00537151889724	27976.660923	S	0.622024
00537163832580	27977.282947	W	0.017952
00537164177260	27977.300899	S	0.622149
00537176122528	27977.923048	W	0.018064
00537176469364	27977.941113	S	0.621793
00537188407792	27978.562906	W	0.018533
00537188763628	27978.581439	S	0.616798
00537200606156	27979.198237	W	0.017875
00537200949348	27979.216112	S	0.623214
00537212915056	27979.839326	W	0.018988
00537213279620	27979.858314	S	0.622377
00537225229260	27980.480691	W	0.017791
00537225570852	27980.498482	S	0.623291
00537237538036	27981.121773	W	0.019205
00537237906764	27981.140977	S	0.621888
00537249847020	27981.762866	W	0.017823
00537250189224	27981.780689	S	0.622171
00537262134900	27982.402859	W	0.017828
00537262477192	27982.420687	S	0.622275
00537274424880	27983.042962	W	0.018376
00537274777692	27983.061338	S	0.621546
00537286711384	27983.682885	W	0.050859
00537287687884	27983.733744	S	0.585680
00537298932948	27984.319424	W	0.018053
00537299279564	27984.337477	S	0.623269
00537311246324	27984.960746	W	0.016154
00537311556484	27984.976900	S	0.626012
00537323575920	27985.602912	W	0.017440
00537323910760	27985.620352	S	0.622495
00537335862664	27986.242847	W	0.016453
00537336178556	27986.259300	S	0.624642
00537348171676	27986.883941	W	0.018069
00537348518592	27986.902010	S	0.620869
00537360439268	27987.522879	W	0.018870
00537360801568	27987.541748	S	0.621234
00537372729264	27988.162983	W	0.019675
00537373107020	27988.182657	S	0.615588
00537384926316	27988.798246	W	0.016225
00537385237832	27988.814470	S	0.627295
00537397281888	27989.441765	W	0.017494
00537397617780	27989.459259	S	0.622530
00537409570352	27990.081789	W	0.019145
00537409937936	27990.100934	S	0.621911
00537421878636	27990.722846	W	0.017935
00537422222984	27990.740780	S	0.622089
00537434167092	27991.362869	W	0.018095
00537434514516	27991.380964	S	0.621769
00537446452480	27992.002733	W	0.018577
00537446809164	27992.021311	S	0.621458
00537458741152	27992.642768	W	0.019922
00537459123664	27992.662691	S	0.615663
00537470944384	27993.278353	W	0.017820
00537471286520	27993.296173	S	0.623258
00537483253068	27993.919431	W	0.015850
00537483557396	27993.935281	S	0.627619
00537495607672	27994.562900	W	0.017430
00537495942324	27994.580329	S	0.622490
00537507894140	27995.202820	W	0.016178
00537508204764	27995.218998	S	0.624922
00537520203264	27995.843920	W	0.017781
00537520544652	27995.861701	S	0.621150
00537532470736	27996.482851	W	0.018510
00537532826124	27996.501361	S	0.622588
00537544779820	27997.123949	W	0.018409
00537545133268	27997.142358	S	0.615924
00537556959016	27997.758282	W	0.017749
00537557299800	27997.776031	S	0.623408
00537569269224	27998.399439	W	0.018128
00537569617276	27998.417566	S	0.623084
00537581580488	27999.040650	W	0.016183
00537581891204	27999.056834	S	0.627074
00537593931016	27999.683907	W	0.017481
00537594266644	27999.701388	S	0.621432
00537606198136	28000.322820	W	0.018154
00537606546696	28000.340974	S	0.621851
00537618486240	28000.962825	W	0.018407
00537618839660	28000.981232	S	0.621583
00537630774052	28001.602815	W	0.019885
00537631155844	28001.622700	S	0.615575
00537642974884	28002.238275	W	0.018023
00537643320916	28002.256298	S	0.623058
00537655283628	28002.879356	W	0.017791
00537655625216	28002.897147	S	0.623667
00537667599616	28003.520813	W	0.018061
00537667946396	28003.538875	S	0.622857
00537679905260	28004.161732	W	0.019155
00537680273028	28004.180887	S	0.621851
00537692212564	28004.802738	W	0.018064
00537692559400	28004.820802	S	0.621932
00537704500496	28005.442734	W	0.018880
00537704862984	28005.461614	S	0.621143
00537716788932	28006.082757	W	0.019832
00537717169700	28006.102589	S	0.615648
00537728990136	28006.718236	W	0.016194
00537729301064	28006.734430	S	0.625969
00537741319672	28007.360400	W	0.018044
00537741666120	28007.378444	S	0.622220
00537753612736	28008.000663	W	0.017784
00537753954196	28008.018448	S	0.623384
00537765923172	28008.641832	W	0.018077
00537766270252	28008.659909	S	0.622853
00537778229036	28009.282762	W	0.018260
00537778579624	28009.301022	S	0.621742
00537790517076	28009.922764	W	0.018821
00537790878436	28009.941585	S	0.621181
00537802805104	28010.562766	W	0.019905
00537803187288	28010.582671	S	0.615551
00537815005872	28011.198222	W	0.018141
00537815354176	28011.216363	S	0.622863
00537827313148	28011.839226	W	0.019626
00537827689972	28011.858853	S	0.621704
00537839626692	28012.480557	W	0.018022
00537839972708	28012.498579	S	0.623047
00537851935212	28013.121626	W	0.017822
00537852277396	28013.139448	S	0.623402
00537864246708	28013.762849	W	0.042111
00537865055232	28013.804960	S	0.597787
00537876532740	28014.402747	W	0.018049
00537876879288	28014.420796	S	0.621899
00537888819744	28015.042695	W	0.019537
00537889194856	28015.062232	S	0.615938
00537901020872	28015.678170	W	0.019319
00537901391788	28015.697489	S	0.621766
00537913329704	28016.319255	W	0.018105
00537913677324	28016.337361	S	0.623160
00537925642004	28016.960521	W	0.019649
00537926019272	28016.980170	S	0.621414
00537937950424	28017.601585	W	0.084108
00537939565296	28017.685692	S	0.556980
00537950259312	28018.242673	W	0.017762
00537950600340	28018.260434	S	0.622381
00537962550052	28018.882815	W	0.018068
00537962896952	28018.900883	S	0.621851
00537974836500	28019.522734	W	0.018855
00537975198512	28019.541589	S	0.616566
00537987036588	28020.158156	W	0.018119
00537987384472	28020.176275	S	0.622928
00537999344688	28020.799202	W	0.018928
00537999708100	28020.818130	S	0.622451
00538011659164	28021.440581	W	0.018078
00538012006260	28021.458659	S	0.623006
00538023967972	28022.081665	W	0.019135
00538024335356	28022.100800	S	0.621927
00538036276352	28022.722727	W	0.051995
00538037274656	28022.774722	S	0.588012
00538048564480	28023.362733	W	0.017461
00538048899740	28023.380195	S	0.622647
00538060854564	28024.002842	W	0.018314
00538061206184	28024.021155	S	0.621552
00538073139980	28024.642707	W	0.019938
00538073522792	28024.662645	S	0.616534
00538085360236	28025.279179	W	0.018007
00538085705968	28025.297186	S	0.623340
00538097674096	28025.920526	W	0.019615
00538098050704	28025.940141	S	0.621453
00538109982608	28026.561594	W	0.018182
00538110331700	28026.579776	S	0.622826
00538122289956	28027.202602	W	0.018137
00538122638184	28027.220739	S	0.621891
00538134578500	28027.842630	W	0.050159
00538135541556	28027.892789	S	0.589984
00538146869248	28028.482773	W	0.018831
00538147230796	28028.501604	S	0.621116
00538159156220	28029.122720	W	0.019796
00538159536300	28029.142516	S	0.615472
00538171353368	28029.757988	W	0.018257
00538171703904	28029.776245	S	0.624169
00538183687956	28030.400414	W	0.018215
00538184037688	28030.418630	S	0.622944
00538195998208	28031.041573	W	0.019196
00538196366764	28031.060769	S	0.621860
00538208306480	28031.682629	W	0.018106
00538208654124	28031.700736	S	0.621895
00538220594508	28032.322631	W	0.018223
00538220944388	28032.340854	S	0.621803
00538232883000	28032.962656	W	0.048595
00538233816032	28033.011252	S	0.591588
00538245174516	28033.602839	W	0.019801
00538245554692	28033.622640	S	0.615522
00538257372708	28034.238162	W	0.018197
00538257722100	28034.256359	S	0.622730
00538269678520	28034.879090	W	0.018995
00538270043228	28034.898085	S	0.623422
00538282012936	28035.521507	W	0.018042
00538282359344	28035.539549	S	0.623059
00538294322080	28036.162608	W	0.018226
00538294672020	28036.180834	S	0.621870
00538306611932	28036.802705	W	0.018044
00538306958384	28036.820749	S	0.621938
00538318899596	28037.442687	W	0.018797
00538319260500	28037.461484	S	0.621068
00538331185000	28038.082552	W	0.051764
00538332178872	28038.134316	S	0.583864
00538343389052	28038.718180	W	0.017560
00538343726200	28038.735740	S	0.623443
00538355696308	28039.359183	W	0.018154
00538356044868	28039.377337	S	0.623105
00538368008492	28040.000442	W	0.019636
00538368385512	28040.020079	S	0.622550
00538380338468	28040.642629	W	0.018150
00538380686956	28040.660779	S	0.621842
00538392626320	28041.282621	W	0.017854
00538392969120	28041.300475	S	0.622176
00538404914908	28041.922651	W	0.018742
00538405274764	28041.941394	S	0.621257
00538417202892	28042.562651	W	0.019904
00538417585040	28042.582554	S	0.615613
00538429404812	28043.198167	W	1.751558
00538463034716	28044.949725	S	0.369811
00538470135096	28045.319536	W	3.262276
00538532770788	28048.581812	S	0.033320
00538533410532	28048.615132	W	0.014943
00538533697436	28048.630075	S	0.063386
00538534914444	28048.693461	W	0.014946
00538535201400	28048.708406	S	0.091151
00538536951508	28048.799558	W	0.072764
00538538348568	28048.872321	S	0.213217
00538542442340	28049.085539	W	0.017859
00538542785240	28049.103398	S	0.083745
00538544393140	28049.187143	W	0.031305
00538544994196	28049.218448	S	0.337939
00538551482624	28049.556387	W	0.012140
00538551715704	28049.568526	S	0.301737
00538557509056	28049.870263	W	0.014840
00538557793988	28049.885104	S	0.142084
00538560522004	28050.027188	W	0.086993
00538562192260	28050.114180	S	0.226866
00538566548092	28050.341046	W	0.091545
00538568305756	28050.432591	S	0.065393
00538569561296	28050.497984	W	0.017669
00538569900544	28050.515653	S	0.060809
00538571068072	28050.576462	W	0.096194
00538572915000	28050.672656	S	0.296109
00538578600288	28050.968765	W	0.086909
00538580268944	28051.055674	S	0.383858
00538587639016	28051.439532	W	0.010615
00538587842824	28051.450147	S	0.460130
00538596677324	28051.910277	W	0.014861
00538596962660	28051.925139	S	0.298987
00538602703216	28052.224126	W	0.040337
00538603477692	28052.264463	S	0.116381
00538605712212	28052.380844	W	0.010841
00538605920360	28052.391685	S	0.067547
00538607217272	28052.459233	W	0.054621
00538608265988	28052.513854	S	0.337840
00538614752508	28052.851693	W	0.017877
00538615095752	28052.869570	S	0.083796
00538616704636	28052.953366	W	0.072728
00538618101020	28053.026095	S	0.296501
00538623793840	28053.322596	W	0.010610
00538623997560	28053.333206	S	0.460147
00538632832380	28053.793353	W	0.017715
00538633172516	28053.811069	S	0.296139
00538638858376	28054.107207	W	0.040306
00538639632252	28054.147513	S	0.116620
00538641871364	28054.264134	W	0.010613
00538642075132	28054.274746	S	0.459950
00538650906172	28054.734696	W	0.017957
00538651250948	28054.752654	S	0.051488
00538652239520	28054.804142	W	0.022129
00538652664404	28054.826271	S	0.379220
00538659945436	28055.205491	W	0.010809
00538660152960	28055.216300	S	0.358575
00538667037608	28055.574875	W	0.017760
00538667378592	28055.592635	S	0.065338
00538668633076	28055.657973	W	0.008112
00538668788824	28055.666085	S	0.010175
00538668984180	28055.676259	W	0.015067
00538669273464	28055.691326	S	0.058972
00538670405736	28055.750299	W	0.022201
00538670831988	28055.772499	S	0.374518
00538678022740	28056.147018	W	0.087108
00538679695208	28056.234125	S	0.383649
00538687061276	28056.617775	W	0.017877
00538687404520	28056.635652	S	0.083857
00538689014580	28056.719509	W	0.031232
00538689614232	28056.750741	S	0.337986
00538696103568	28057.088727	W	0.010623
00538696307524	28057.099350	S	0.460148
00538705142372	28057.559499	W	0.017702
00538705482252	28057.577201	S	0.453069
00538714181172	28058.030269	W	3.419466
00538779834920	28061.449735	S	0.060532
00538780997140	28061.510268	W	0.034817
00538781665628	28061.545085	S	0.609923
00538793376144	28062.155008	W	0.031017
00538793971664	28062.186024	S	0.612588
00538805733356	28062.798612	W	0.095603
00538807568928	28062.894215	S	0.542721
00538817989168	28063.436936	W	0.020676
00538818386156	28063.457612	S	0.623040
00538830348528	28064.080653	W	0.018375
00538830701320	28064.099027	S	0.624243
00538842686780	28064.723270	W	0.052815
00538843700820	28064.776084	S	0.588871
00538855007148	28065.364956	W	0.050121
00538855969476	28065.415077	S	0.589699
00538867291704	28066.004776	W	0.017899
00538867635368	28066.022675	S	0.622219
00538879581964	28066.644894	W	0.018836
00538879943616	28066.663730	S	0.621228
00538891871192	28067.284958	W	0.019856
00538892252420	28067.304814	S	0.615644
00538904072784	28067.920458	W	0.018011
00538904418600	28067.938469	S	0.624508
00538916409160	28068.562977	W	0.017959
00538916753980	28068.580936	S	0.623134
00538928718144	28069.204070	W	0.017398
00538929052188	28069.221468	S	0.624023
00538941033432	28069.845491	W	0.175489
00538944402820	28070.020980	S	0.464237
00538953316164	28070.485217	W	0.017987
00538953661520	28070.503204	S	0.621942
00538965602816	28071.125147	W	0.018489
00538965957808	28071.143636	S	0.621568
00538977891908	28071.765204	W	0.019573
00538978267708	28071.784776	S	0.615934
00538990093648	28072.400711	W	0.017868
00538990436708	28072.418579	S	0.623197
00539002402092	28073.041776	W	0.017951
00539002746748	28073.059726	S	0.624382
00539014734892	28073.684109	W	0.017932
00539015079180	28073.702041	S	0.623127
00539027043212	28074.325167	W	0.017353
00539027376388	28074.342520	S	0.622815
00539039334440	28074.965335	W	0.052707
00539040346416	28075.018042	S	0.587165
00539051619984	28075.605208	W	0.018491
00539051975020	28075.623699	S	0.621501
00539063907844	28076.245200	W	0.019554
00539064283276	28076.264754	S	0.615905
00539076108660	28076.880659	W	0.017909
00539076452508	28076.898568	S	0.623161
00539088417192	28077.521729	W	0.017924
00539088761328	28077.539652	S	0.623405
00539100730712	28078.163058	W	0.017952
00539101075392	28078.181010	S	0.624124
00539113058572	28078.805134	W	0.017983
00539113403844	28078.823117	S	0.622030
00539125346820	28079.445147	W	0.017316
00539125679296	28079.462463	S	0.622836
00539137637740	28080.085299	W	0.163332
00539140773720	28080.248631	S	0.476504
00539149922596	28080.725135	W	0.019594
00539150298792	28080.744729	S	0.615924
00539162124528	28081.360652	W	0.017732
00539162464988	28081.378385	S	0.623359
00539174433472	28082.001743	W	0.015774
00539174736328	28082.017517	S	0.626643
00539186767876	28082.644160	W	0.017466
00539187103224	28082.661626	S	0.622526
00539199055724	28083.284152	W	0.017857
00539199398584	28083.302010	S	0.623210
00539211364212	28083.925219	W	0.017933
00539211708524	28083.943152	S	0.621992
00539223650780	28084.565145	W	0.018711
00539224010040	28084.583856	S	0.621449
00539235941860	28085.205305	W	0.189455
00539239579400	28085.394760	S	0.445871
00539248140116	28085.840631	W	0.017898
00539248483752	28085.858529	S	0.623160
00539260448420	28086.481689	W	0.017916
00539260792400	28086.499604	S	0.623420
00539272762060	28087.123024	W	0.017875
00539273105252	28087.140899	S	0.623193
00539285070560	28087.764092	W	0.017821
00539285412728	28087.781913	S	0.623235
00539297378840	28088.405148	W	0.017901
00539297722532	28088.423049	S	0.622054
00539309665972	28089.045103	W	0.018527
00539310021692	28089.063630	S	0.621501
00539321954516	28089.685131	W	0.034589
00539322618620	28089.719720	S	0.601032
00539334158432	28090.320752	W	0.015717
00539334460192	28090.336468	S	0.626375
00539346486600	28090.962844	W	0.017545
00539346823472	28090.980389	S	0.622515
00539358775760	28091.602904	W	0.053499
00539359802948	28091.656404	S	0.587603
00539371084920	28092.244006	W	0.017956
00539371429672	28092.261962	S	0.623112
00539383393432	28092.885075	W	0.042176
00539384203212	28092.927251	S	0.597831
00539395681572	28093.525082	W	0.017938
00539396025988	28093.543020	S	0.622053
00539407969396	28094.165073	W	0.019606
00539408345836	28094.184679	S	0.615868
00539420170492	28094.800546	W	0.017320
00539420503032	28094.817866	S	0.623905
00539432482008	28095.441771	W	0.070141
00539433828708	28095.511912	S	0.572260
00539444816100	28096.084172	W	0.017466
00539445151448	28096.101638	S	0.622397
00539457101476	28096.724035	W	0.089126
00539458812700	28096.813161	S	0.551929
00539469409736	28097.365090	W	0.017954
00539469754444	28097.383044	S	0.622055
00539481697892	28098.005099	W	0.017917
00539482041900	28098.023016	S	0.622087
00539493985964	28098.645102	W	0.018471
00539494340612	28098.663574	S	0.616978
00539506186588	28099.280551	W	0.017919
00539506530640	28099.298471	S	0.623156
00539518495228	28099.921626	W	0.017302
00539518827436	28099.938929	S	0.624188
00539530811836	28100.563116	W	0.015660
00539531112512	28100.578777	S	0.626430
00539543139964	28101.205206	W	0.017532
00539543476576	28101.222738	S	0.622331
00539555425332	28101.845069	W	0.192787
00539559126840	28102.037856	S	0.447241
00539567713876	28102.485098	W	0.017826
00539568056128	28102.502923	S	0.622178
00539580001944	28103.125101	W	0.018465
00539580356468	28103.143566	S	0.621444
00539592288192	28103.765010	W	0.019623
00539592664952	28103.784633	S	0.616927
00539604509956	28104.401560	W	0.017827
00539604852232	28104.419387	S	0.623526
00539616823940	28105.042914	W	0.017283
00539617155776	28105.060197	S	0.623954
00539629135684	28105.684150	W	0.017908
00539629479516	28105.702058	S	0.623024
00539641441568	28106.325082	W	0.017911
00539641785452	28106.342992	S	0.622090
00539653729588	28106.965083	W	0.241920
00539658374448	28107.207002	S	0.398076
00539666017516	28107.605079	W	0.018446
00539666371676	28107.623525	S	0.621548
00539678305388	28108.245072	W	0.019547
00539678680696	28108.264620	S	0.615848
00539690504980	28108.880468	W	0.017891
00539690848488	28108.898359	S	0.624533
00539702839520	28109.522892	W	0.017878
00539703182784	28109.540770	S	0.623169
00539715147624	28110.163939	W	0.017512
00539715483848	28110.181450	S	0.623712
00539727459120	28110.805163	W	0.017796
00539727800808	28110.822959	S	0.622189
00539739746840	28111.445148	W	0.034877
00539740416472	28111.480025	S	0.604994
00539752032352	28112.085018	W	0.054598
00539753080640	28112.139617	S	0.585353
00539764319416	28112.724970	W	0.019624
00539764696200	28112.744594	S	0.615922
00539776521904	28113.360516	W	0.017948
00539776866504	28113.378464	S	0.623071
00539788829476	28114.001535	W	0.015863
00539789134052	28114.017399	S	0.627648
00539801184900	28114.645047	W	0.017516
00539801521216	28114.662563	S	0.622494
00539813473100	28115.285057	W	0.017360
00539813806408	28115.302417	S	0.622757
00539825763340	28115.925174	W	0.017914
00539826107292	28115.943088	S	0.621889
00539838047564	28116.564977	W	0.018565
00539838404012	28116.583542	S	0.621441
00539850335684	28117.204984	W	0.019574
00539850711504	28117.224558	S	0.615921
00539862537180	28117.840478	W	0.017815
00539862879228	28117.858293	S	0.623276
00539874846128	28118.481569	W	0.054828
00539875898832	28118.536398	S	0.586507
00539887159760	28119.122904	W	0.017949
00539887504376	28119.140853	S	0.624106
00539899487212	28119.764959	W	0.017925
00539899831372	28119.782884	S	0.622092
00539911775536	28120.404976	W	0.017323
00539912108128	28120.422298	S	0.622845
00539924066760	28121.045144	W	0.018358
00539924419240	28121.063502	S	0.621570
00539936353392	28121.685073	W	0.019483
00539936727472	28121.704556	S	0.615911
00539948552956	28122.320466	W	0.017708
00539948892952	28122.338175	S	0.623394
00539960862116	28122.961569	W	0.055603
00539961929696	28123.017172	S	0.585651
00539973174204	28123.602823	W	0.056420
00539974257476	28123.659244	S	0.584644
00539985482648	28124.243888	W	0.017960
00539985827484	28124.261848	S	0.623111
00539997791224	28124.884960	W	0.017214
00539998121740	28124.902174	S	0.623907
00540010100764	28125.526081	W	0.193221
00540013810612	28125.719303	S	0.446309
00540022379736	28126.165611	W	0.018969
00540022743944	28126.184580	S	0.615847
00540034568208	28126.800427	W	0.017927
00540034912416	28126.818355	S	0.623124
00540046876400	28127.441479	W	0.017842
00540047218968	28127.459321	S	0.623529
00540059190716	28128.082850	W	0.017909
00540059534568	28128.100759	S	0.623145
00540071498956	28128.723904	W	0.054134
00540072538332	28128.778038	S	0.586976
00540083808272	28129.365014	W	0.017831
00540084150624	28129.382845	S	0.622110
00540096095132	28130.004955	W	0.018507
00540096450476	28130.023462	S	0.621482
00540108382928	28130.644944	W	0.019638
00540108759972	28130.664582	S	0.616025
00540120587644	28131.280606	W	0.015641
00540120887948	28131.296247	S	0.626438
00540132915564	28131.922686	W	0.017542
00540133252368	28131.940227	S	0.622530
00540145204940	28132.562757	W	0.017699
00540145544768	28132.580457	S	0.623411
00540157514268	28133.203868	W	0.017941
00540157858740	28133.221809	S	0.623143
00540169823084	28133.844952	W	0.051365
00540170809292	28133.896317	S	0.589779
00540182133056	28134.486097	W	0.017904
00540182476820	28134.504001	S	0.620955
00540194399160	28135.124956	W	0.080804
00540195950600	28135.205760	S	0.016710
00540196271424	28135.222470	W	0.000987
00540196290376	28135.223457	S	0.009740
00540196477388	28135.233197	W	0.160447
00540199557964	28135.393644	S	0.256532
00540204483388	28135.650176	W	0.015260
00540204776376	28135.665436	S	0.011814
00540205003196	28135.677250	W	0.014750
00540205286388	28135.691999	S	0.068703
00540206605480	28135.760702	W	0.016834
00540206928684	28135.777536	S	0.624031
00540218910072	28136.401566	W	0.017821
00540219252244	28136.419388	S	0.623392
00540231221376	28137.042780	W	0.017937
00540231565768	28137.060717	S	0.623124
00540243529756	28137.683841	W	0.017861
00540243872688	28137.701702	S	0.623214
00540255838404	28138.324917	W	0.017937
00540256182792	28138.342854	S	0.622061
00540268126364	28138.964915	W	0.017996
00540268471884	28138.982911	S	0.621993
00540280414144	28139.604903	W	0.018507
00540280769476	28139.623410	S	0.616964
00540292615192	28140.240375	W	0.015813
00540292918800	28140.256187	S	0.626376
00540304945224	28140.882564	W	0.017249
00540305276408	28140.899813	S	0.623627
00540317250048	28141.523440	W	0.015622
00540317549984	28141.539062	S	0.626244
00540329573872	28142.165306	W	0.017549
00540329910816	28142.182855	S	0.622058
00540341854324	28142.804913	W	0.017728
00540342194696	28142.822640	S	0.622292
00540354142696	28143.444932	W	0.017149
00540354471956	28143.462081	S	0.623950
00540366451804	28144.086031	W	0.017776
00540366793112	28144.103808	S	0.621213
00540378720404	28144.725021	W	0.019458
00540379093992	28144.744479	S	0.616954
00540390939508	28145.361433	W	0.017824
00540391281728	28145.379257	S	0.623522
00540403253348	28146.002779	W	0.054925
00540404307900	28146.057703	S	0.586421
00540415567176	28146.644124	W	0.017860
00540415910084	28146.661984	S	0.622707
00540427866060	28147.284691	W	0.017991
00540428211492	28147.302682	S	0.622059
00540440155020	28147.924741	W	0.017847
00540440497684	28147.942588	S	0.622202
00540452443960	28148.564790	W	0.018589
00540452800868	28148.583379	S	0.621437
00540464732464	28149.204816	W	0.019647
00540465109692	28149.224463	S	0.615844
00540476933888	28149.840307	W	0.017874
00540477277068	28149.858181	S	0.624627
00540489269904	28150.482808	W	0.017868
00540489612964	28150.500675	S	0.623201
00540501578416	28151.123876	W	0.017369
00540501911904	28151.141245	S	0.623844
00540513889708	28151.765089	W	0.017892
00540514233244	28151.782981	S	0.621895
00540526173624	28152.404876	W	0.017889
00540526517092	28152.422765	S	0.622106
00540538461524	28153.044871	W	0.062910
00540539669404	28153.107781	S	0.577131
00540550750312	28153.684912	W	0.057476
00540551853844	28153.742388	S	0.577924
00540562949992	28154.320312	W	0.017815
00540563292032	28154.338127	S	0.623274
00540575258892	28154.961401	W	0.017918
00540575602924	28154.979319	S	0.624485
00540587593032	28155.603804	W	0.179899
00540591047096	28155.783703	S	0.461166
00540599901492	28156.244869	W	0.017299
00540600233628	28156.262168	S	0.622858
00540612192504	28156.885026	W	0.017896
00540612536116	28156.902923	S	0.621967
00540624477880	28157.524890	W	0.018468
00540624832468	28157.543358	S	0.621531
00540636765864	28158.164889	W	0.019551
00540637141244	28158.184440	S	0.615921
00540648966932	28158.800361	W	0.018004
00540649312600	28158.818365	S	0.622985
00540661273920	28159.441350	W	0.017882
00540661617248	28159.459232	S	0.623453
00540673587540	28160.082684	W	0.017941
00540673932012	28160.100626	S	0.624191
00540685916472	28160.724816	W	0.017901
00540686260168	28160.742717	S	0.622114
00540698204756	28161.364831	W	0.017486
00540698540480	28161.382317	S	0.622657
00540710495488	28162.004973	W	0.018394
00540710848656	28162.023368	S	0.621472
00540722780916	28162.644839	W	0.019545
00540723156176	28162.664384	S	0.615924
00540734981908	28163.280308	W	0.017763
00540735322956	28163.298071	S	0.623311
00540747290520	28163.921381	W	0.017911
00540747634408	28163.939292	S	0.623425
00540759604168	28164.562717	W	0.071782
00540760982392	28164.634500	S	0.569445
00540771915732	28165.203944	W	0.017696
00540772255500	28165.221641	S	0.623124
00540784219488	28165.844765	W	0.017920
00540784563548	28165.862685	S	0.622087
00540796507620	28166.484772	W	0.018595
00540796864640	28166.503367	S	0.621540
00540808798208	28167.124907	W	0.019468
00540809172000	28167.144375	S	0.615932
00540820997904	28167.760308	W	0.017989
00540821343296	28167.778297	S	0.623017
00540833305220	28168.401314	W	0.017843
00540833647800	28168.419156	S	0.623496
00540845618920	28169.042652	W	0.017943
00540845963420	28169.060595	S	0.623130
00540857927516	28169.683725	W	0.017982
00540858272768	28169.701707	S	0.623088
00540870236060	28170.324795	W	0.017928
00540870580284	28170.342723	S	0.622075
00540882524116	28170.964798	W	0.018487
00540882879068	28170.983285	S	0.621542
00540894812680	28171.604827	W	0.019770
00540895192272	28171.624597	S	0.615838
00540907016356	28172.240435	W	0.017732
00540907356812	28172.258167	S	0.623261
00540919323424	28172.881428	W	0.017888
00540919666876	28172.899316	S	0.623390
00540931635960	28173.522706	W	0.017722
00540931976232	28173.540429	S	0.623344
00540943944436	28174.163773	W	0.017944
00540944288952	28174.181716	S	0.623059
00540956251692	28174.804776	W	0.052937
00540957268076	28174.857712	S	0.587113
00540968540648	28175.444825	W	0.017772
00540968881868	28175.462597	S	0.622163
00540980827396	28176.084760	W	0.019572
00540981203172	28176.104332	S	0.615824
00540993027000	28176.720156	W	0.017305
00540993359260	28176.737461	S	0.624149
00541005342916	28177.361610	W	0.017933
00541005687220	28177.379543	S	0.623071
00541017650192	28178.002614	W	0.017946
00541017994764	28178.020561	S	0.623115
00541029958564	28178.643675	W	0.017890
00541030302056	28178.661565	S	0.623185
00541042267200	28179.284750	W	0.017952
00541042611884	28179.302702	S	0.622076
00541054555740	28179.924778	W	0.017900
00541054899412	28179.942678	S	0.622111
00541066843936	28180.564788	W	0.018482
00541067198788	28180.583270	S	0.616913
00541079043520	28181.200183	W	0.017912
00541079387428	28181.218095	S	0.623166
00541091352212	28181.841261	W	0.017246
00541091683340	28181.858507	S	0.624255
00541103669044	28182.482763	W	0.017773
00541104010292	28182.500536	S	0.623273
00541115977124	28183.123809	W	0.049084
00541116919528	28183.172892	S	0.591860
00541128283236	28183.764752	W	0.017766
00541128624352	28183.782518	S	0.622256
00541140571660	28184.404774	W	0.017907
00541140915472	28184.422681	S	0.622088
00541152859560	28185.044769	W	0.018478
00541153214340	28185.063247	S	0.621518
00541165147480	28185.684765	W	0.019553
00541165522900	28185.704318	S	0.616975
00541177368828	28186.321293	W	0.017899
00541177712480	28186.339192	S	0.623370
00541189681184	28186.962562	W	0.017350
00541190014296	28186.979911	S	0.623889
00541201992956	28187.603800	W	0.017780
00541202334324	28187.621579	S	0.623275
00541214301208	28188.244855	W	0.017979
00541214646412	28188.262834	S	0.621802
00541226585012	28188.884636	W	0.017937
00541226929404	28188.902573	S	0.622092
00541238873572	28189.524665	W	0.018556
00541239229852	28189.543221	S	0.621454
00541251161760	28190.164675	W	0.019633
00541251538708	28190.184308	S	0.615836
00541263362756	28190.800144	W	0.017948
00541263707348	28190.818091	S	0.624476
00541275697296	28191.442567	W	0.015837
00541276001360	28191.458404	S	0.626358
00541288027436	28192.084762	W	0.017315
00541288359884	28192.102077	S	0.623268
00541300326636	28192.725346	W	0.017929
00541300670872	28192.743275	S	0.621409
00541312601928	28193.364684	W	0.017975
00541312947052	28193.382659	S	0.622024
00541324889908	28194.004683	W	0.018444
00541325244024	28194.023126	S	0.621586
00541337178484	28194.644713	W	0.019564
00541337554116	28194.664277	S	0.615905
00541349379484	28195.280181	W	0.017991
00541349724916	28195.298173	S	0.623001
00541361686532	28195.921174	W	0.017901
00541362030228	28195.939074	S	0.624512
00541374020852	28196.563586	W	0.018264
00541374371512	28196.581850	S	0.622819
00541386329628	28197.204668	W	0.017309
00541386661968	28197.221978	S	0.622858
00541398620844	28197.844836	W	0.017905
00541398964624	28197.862741	S	0.621956
00541410906188	28198.484697	W	0.018488
00541411261152	28198.503185	S	0.621443
00541423192860	28199.124628	W	0.019634
00541423569832	28199.144262	S	0.615855
00541435394248	28199.760117	W	0.017891
00541435737756	28199.778008	S	0.623182
00541447702844	28200.401190	W	0.017865
00541448045856	28200.419055	S	0.623484
00541460016752	28201.042539	W	0.017873
00541460359920	28201.060412	S	0.624247
00541472345456	28201.684659	W	0.018183
00541472694560	28201.702842	S	0.621750
00541484632156	28202.324591	W	0.017292
00541484964156	28202.341883	S	0.623081
00541496927308	28202.964964	W	0.018198
00541497276708	28202.983162	S	0.621599
00541509211400	28203.604760	W	0.019460
00541509585032	28203.624220	S	0.615872
00541521409772	28204.240092	W	0.017712
00541521749844	28204.257804	S	0.623389
00541533718904	28204.881193	W	0.017863
00541534061876	28204.899056	S	0.623478
00541546032652	28205.522534	W	0.017828
00541546374952	28205.540362	S	0.623257
00541558341488	28206.163619	W	0.017892
00541558685024	28206.181512	S	0.623098
00541570648512	28206.804610	W	0.017830
00541570990840	28206.822440	S	0.622188
00541582936840	28207.444627	W	0.018593
00541583293828	28207.463220	S	0.621772
00541595231860	28208.084993	W	0.019218
00541595600848	28208.104211	S	0.616059
00541607429176	28208.720270	W	0.017898
00541607772812	28208.738167	S	0.622947
00541619733392	28209.361114	W	0.017914
00541620077348	28209.379029	S	0.623445
00541632047488	28210.002473	W	0.017784
00541632388940	28210.020257	S	0.623291
00541644356120	28210.643548	W	0.017953
00541644700824	28210.661501	S	0.623084
00541656664036	28211.284585	W	0.017985
00541657009356	28211.302571	S	0.622039
00541668952504	28211.924610	W	0.018539
00541669308452	28211.943149	S	0.621470
00541681240676	28212.564619	W	0.019642
00541681617804	28212.584261	S	0.615965
00541693444328	28213.200225	W	0.063153
00541694656856	28213.263378	S	0.577906
00541705752652	28213.841284	W	0.017924
00541706096784	28213.859208	S	0.623274
00541718063636	28214.482481	W	0.019001
00541718428464	28214.501482	S	0.622098
00541730372748	28215.123581	W	0.017913
00541730716676	28215.141494	S	0.623146
00541742681080	28215.764640	W	0.018062
00541743027864	28215.782701	S	0.621949
00541754969292	28216.404651	W	0.017861
00541755312228	28216.422512	S	0.622130
00541767257124	28217.044642	W	0.019610
00541767633636	28217.064252	S	0.616953
00541779479140	28217.681205	W	0.017249
00541779810324	28217.698454	S	0.623338
00541791778408	28218.321792	W	0.018915
00541792141580	28218.340707	S	0.621762
00541804079416	28218.962470	W	0.017771
00541804420620	28218.980241	S	0.623327
00541816388492	28219.603567	W	0.019131
00541816755816	28219.622699	S	0.621927
00541828696824	28220.244626	W	0.017813
00541829038836	28220.262439	S	0.622201
00541840985092	28220.884640	W	0.018016
00541841331008	28220.902657	S	0.621974
00541853272900	28221.524630	W	0.018451
00541853627164	28221.543081	S	0.616957
00541865472732	28222.160038	W	0.019300
00541865843284	28222.179338	S	0.621779
00541877781444	28222.801117	W	0.017350
00541878114568	28222.818467	S	0.624144
00541890098128	28223.442611	W	0.019399
00541890470592	28223.462010	S	0.621504
00541902403468	28224.083514	W	0.017926
00541902747640	28224.101440	S	0.623143
00541914711976	28224.724582	W	0.017825
00541915054220	28224.742407	S	0.622206
00541927000584	28225.364614	W	0.017948
00541927345184	28225.382562	S	0.621992
00541939287432	28226.004554	W	0.018630
00541939645132	28226.023184	S	0.621377
00541951575572	28226.644561	W	0.019583
00541951951568	28226.664144	S	0.616953
00541963797064	28227.281097	W	0.018889
00541964159728	28227.299986	S	0.622464
00541976111040	28227.922450	W	0.017352
00541976444196	28227.939802	S	0.623857
00541988422260	28228.563659	W	0.018990
00541988786864	28228.582649	S	0.621949
00542000728284	28229.204598	W	0.017940
00542001072732	28229.222538	S	0.621982
00542013014792	28229.844520	W	0.018059
00542013361516	28229.862579	S	0.621955
00542025303060	28230.484534	W	0.018500
00542025658260	28230.503034	S	0.622640
00542037612948	28231.125674	W	0.018536
00542037968840	28231.144210	S	0.615853
00542049793216	28231.760063	W	0.017939
00542050137640	28231.778002	S	0.624385
00542062125832	28232.402387	W	0.018941
00542062489504	28232.421328	S	0.622140
00542074434592	28233.043468	W	0.017300
00542074766744	28233.060768	S	0.623932
00542086746232	28233.684700	W	0.016025
00542087053904	28233.700724	S	0.625054
00542099054936	28234.325778	W	0.017946
00542099399504	28234.343724	S	0.620772
00542111318332	28234.964496	W	0.018567
00542111674824	28234.983064	S	0.621475
00542123607136	28235.604538	W	0.019557
00542123982624	28235.624095	S	0.615907
00542135808040	28236.240002	W	0.019292
00542136178444	28236.259294	S	0.621766
00542148116352	28236.881060	W	0.017837
00542148458832	28236.898897	S	0.624561
00542160450400	28237.523458	W	0.090953
00542162196700	28237.614411	S	0.550106
00542172758736	28238.164518	W	0.017312
00542173091132	28238.181830	S	0.622867
00542185050180	28238.804697	W	0.018064
00542185397016	28238.822761	S	0.621721
00542197334056	28239.444482	W	0.018534
00542197689904	28239.463016	S	0.621485
00542209622420	28240.084501	W	0.019685
00542210000364	28240.104186	S	0.615782
00542221823384	28240.719968	W	0.017843
00542222165972	28240.737811	S	0.623215
00542234131692	28241.361026	W	0.018918
00542234494920	28241.379944	S	0.622419
00542246445364	28242.002363	W	0.017868
00542246788436	28242.020231	S	0.624258
00542258774196	28242.644489	W	0.019425
00542259147164	28242.663915	S	0.620593
00542271062544	28243.284508	W	0.041648
00542271862188	28243.326156	S	0.598519
00542283353752	28243.924675	W	0.018410
00542283707228	28243.943085	S	0.621493
00542295639896	28244.564578	W	0.019498
00542296014264	28244.584076	S	0.615914
00542307839816	28245.199990	W	0.018716
00542308199172	28245.218707	S	0.622379
00542320148844	28245.841086	W	0.017946
00542320493416	28245.859032	S	0.623319
00542332461148	28246.482351	W	0.018918
00542332824372	28246.501269	S	0.622159
00542344769816	28247.123428	W	0.017897
00542345113432	28247.141325	S	0.623164
00542357078184	28247.764489	W	0.018061
00542357424956	28247.782550	S	0.621934
00542369366096	28248.404484	W	0.018570
00542369722636	28248.423054	S	0.621576
00542381656900	28249.044630	W	0.019541
00542382032092	28249.064171	S	0.615868
00542393856760	28249.680040	W	0.017818
00542394198860	28249.697857	S	0.623184
00542406163992	28250.321041	W	0.018863
00542406526152	28250.339904	S	0.622408
00542418476380	28250.962311	W	0.017710
00542418816408	28250.980021	S	0.623400
00542430785692	28251.603421	W	0.019168
00542431153712	28251.622589	S	0.621894
00542443094080	28252.244483	W	0.017916
00542443438072	28252.262400	S	0.622084
00542455382080	28252.884483	W	0.018577
00542455738756	28252.903060	S	0.622516
00542467691068	28253.525576	W	0.018514
00542468046540	28253.544091	S	0.616489
00542479883136	28254.160580	W	0.017812
00542480225136	28254.178393	S	0.622578
00542492178636	28254.800971	W	0.017857
00542492521484	28254.818827	S	0.623484
00542504492372	28255.442311	W	0.019039
00542504857920	28255.461350	S	0.622070
00542516801668	28256.083420	W	0.017887
00542517145104	28256.101308	S	0.623181
00542529110184	28256.724489	W	0.018034
00542529456440	28256.742523	S	0.621960
00542541398072	28257.364483	W	0.017895
00542541741660	28257.382378	S	0.622090
00542553685788	28258.004468	W	0.019625
00542554062588	28258.024093	S	0.615860
00542565887092	28258.639953	W	0.017277
00542566218808	28258.657230	S	0.623947
00542578198592	28259.281177	W	0.018008
00542578544340	28259.299184	S	0.623119
00542590508224	28259.922303	W	0.017910
00542590852092	28259.940213	S	0.623160
00542602816768	28260.563373	W	0.019165
00542603184728	28260.582538	S	0.621901
00542615125232	28261.204439	W	0.017915
00542615469204	28261.222354	S	0.622110
00542627413720	28261.844465	W	0.018050
00542627760280	28261.862515	S	0.621878
00542639700336	28262.484392	W	0.018558
00542640056648	28262.502950	S	0.618038
00542651922972	28263.120988	W	0.018865
00542652285184	28263.139853	S	0.621141
00542664211100	28263.760995	W	0.017271
00542664542700	28263.778266	S	0.624201
00542676527360	28264.402467	W	0.019392
00542676899684	28264.421859	S	0.621539
00542688833224	28265.043397	W	0.017944
00542689177752	28265.061341	S	0.622984
00542701139036	28265.684325	W	0.017812
00542701481020	28265.702136	S	0.622252
00542713428260	28266.324389	W	0.017878
00542713771520	28266.342267	S	0.622125
00542725716328	28266.964392	W	0.018596
00542726073380	28266.982989	S	0.622530
00542738025964	28267.605519	W	0.018432
00542738379856	28267.623951	S	0.616954
00542750225380	28268.240905	W	0.015939
00542750531412	28268.256844	S	0.626537
00542762560932	28268.883382	W	0.017315
00542762893384	28268.900697	S	0.623288
00542774860516	28269.523985	W	0.017896
00542775204120	28269.541881	S	0.622501
00542787156148	28270.164383	W	0.017866
00542787499176	28270.182249	S	0.622127
00542799444012	28270.804376	W	0.018094
00542799791420	28270.822470	S	0.621909
00542811732064	28271.444378	W	0.018494
00542812087156	28271.462873	S	0.622637
00542824041796	28272.085510	W	0.018521
00542824397404	28272.104031	S	0.615932
00542836223308	28272.719964	W	0.017873
00542836566468	28272.737837	S	0.624470
00542848556296	28273.362307	W	0.040540
00542849334660	28273.402847	S	0.600514
00542860864536	28274.003361	W	0.017429
00542861199172	28274.020790	S	0.623810
00542873176324	28274.644600	W	0.015970
00542873482956	28274.660571	S	0.625025
00542885483432	28275.285595	W	0.017900
00542885827108	28275.303495	S	0.620889
00542897748184	28275.924385	W	0.018484
00542898103076	28275.942869	S	0.621545
00542910036748	28276.564414	W	0.091370
00542911791060	28276.655784	S	0.544077
00542922237344	28277.199862	W	0.017941
00542922581808	28277.217802	S	0.623154
00542934546356	28277.840956	W	0.017935
00542934890708	28277.858891	S	0.624401
00542946879216	28278.483293	W	0.019178
00542947247432	28278.502470	S	0.621914
00542959188172	28279.124384	W	0.017272
00542959519792	28279.141656	S	0.622889
00542971479264	28279.764545	W	0.018041
00542971825660	28279.782586	S	0.621819
00542983764580	28280.404405	W	0.018447
00542984118764	28280.422852	S	0.621488
00542996051340	28281.044341	W	0.019651
00542996428644	28281.063992	S	0.615809
00543008252168	28281.679800	W	0.056121
00543009329696	28281.735922	S	0.584991
00543020561524	28282.320913	W	0.018885
00543020924112	28282.339798	S	0.622417
00543032874516	28282.962214	W	0.017926
00543033218696	28282.980140	S	0.624213
00543045203580	28283.604353	W	0.017988
00543045548956	28283.622341	S	0.622015
00543057491640	28284.244356	W	0.017260
00543057823028	28284.261616	S	0.622889
00543069782500	28284.884505	W	0.018415
00543070136064	28284.902920	S	0.621525
00543082069340	28285.524445	W	0.019457
00543082442908	28285.543901	S	0.615945
00543094269052	28286.159846	W	0.019347
00543094640520	28286.179194	S	0.621749
00543106578108	28286.800943	W	0.017951
00543106922772	28286.818894	S	0.623289
00543118889924	28287.442184	W	0.018921
00543119253212	28287.461105	S	0.622157
00543131198620	28288.083261	W	0.017780
00543131540000	28288.101042	S	0.623301
00543143507380	28288.724343	W	0.018021
00543143853376	28288.742363	S	0.622004
00543155795856	28289.364367	W	0.018490
00543156150868	28289.382858	S	0.621622
00543168086020	28290.004480	W	0.019471
00543168459860	28290.023951	S	0.615865
00543180284460	28290.639816	W	0.017881
00543180627776	28290.657697	S	0.623184
00543192592908	28291.280881	W	0.018877
00543192955348	28291.299758	S	0.622453
00543204906440	28291.922210	W	0.017908
00543205250268	28291.940118	S	0.623091
00543217213620	28292.563209	W	0.019209
00543217582424	28292.582418	S	0.621872
00543229522364	28293.204290	W	0.017925
00543229866532	28293.222215	S	0.621999
00543241808916	28293.844214	W	0.018676
00543242167500	28293.862891	S	0.621356
00543254097544	28294.484247	W	0.019653
00543254474884	28294.503900	S	0.616183
00543266305600	28295.120083	W	0.015829
00543266609512	28295.135912	S	0.626207
00543278632688	28295.762119	W	0.017691
00543278972360	28295.779810	S	0.622362
00543290921708	28296.402172	W	0.019006
00543291286632	28296.421179	S	0.622078
00543303230524	28297.043256	W	0.017955
00543303575260	28297.061211	S	0.623066
00543315538136	28297.684278	W	0.018111
00543315885872	28297.702389	S	0.621881
00543327825996	28298.324271	W	0.017861
00543328168928	28298.342132	S	0.622138
00543340113984	28298.964270	W	0.019666
00543340491564	28298.983936	S	0.616927
00543352336556	28299.600862	W	0.017239
00543352667544	28299.618101	S	0.623428
00543364637352	28300.241529	W	0.015821
00543364941112	28300.257350	S	0.626272
00543376965532	28300.883621	W	0.017463
00543377300820	28300.901084	S	0.622136
00543389245828	28301.523220	W	0.019165
00543389613792	28301.542385	S	0.621900
00543401554276	28302.164285	W	0.017892
00543401897808	28302.182177	S	0.622113
00543413842380	28302.804291	W	0.017895
00543414185956	28302.822185	S	0.622121
00543426130672	28303.444306	W	0.042892
00543426954204	28303.487198	S	0.592511
00543438330416	28304.079709	W	0.019317
00543438701304	28304.099026	S	0.621749
00543450638884	28304.720775	W	0.017258
00543450970240	28304.738033	S	0.624250
00543462955844	28305.362284	W	0.019396
00543463328240	28305.381679	S	0.621528
00543475261568	28306.003207	W	0.017770
00543475602744	28306.020976	S	0.623329
00543487570652	28306.644305	W	0.017785
00543487912132	28306.662090	S	0.622230
00543499858956	28307.284321	W	0.017850
00543500201668	28307.302170	S	0.622139
00543512146744	28307.924310	W	0.018519
00543512502300	28307.942828	S	0.621416
00543524433492	28308.564244	W	0.019563
00543524809092	28308.583807	S	0.617000
00543536655496	28309.200807	W	0.018859
00543537017588	28309.219666	S	0.622472
00543548969052	28309.842138	W	0.017265
00543549300548	28309.859404	S	0.623963
00543561280632	28310.483366	W	0.015800
00543561583988	28310.499166	S	0.626308
00543573609100	28311.125474	W	0.017484
00543573944792	28311.142958	S	0.621308
00543585873896	28311.764265	W	0.017993
00543586219368	28311.782259	S	0.622023
00543598162200	28312.404281	W	0.018429
00543598516036	28312.422710	S	0.621573
00543610450236	28313.044283	W	0.019589
00543610826352	28313.063872	S	0.615884
00543622651328	28313.679757	W	0.017845
00543622993948	28313.697601	S	0.624487
00543634984092	28314.322088	W	0.018927
00543635347484	28314.341015	S	0.622142
00543647292608	28314.963157	W	0.017357
00543647625860	28314.980514	S	0.623820
00543659603200	28315.604333	W	0.019332
00543659974376	28315.623665	S	0.620619
00543671890268	28316.244285	W	0.017785
00543672231744	28316.262070	S	0.622222
00543684178412	28316.884292	W	0.018433
00543684532320	28316.902725	S	0.621593
00543696466900	28317.524318	W	0.019445
00543696840244	28317.543763	S	0.615940
00543708666288	28318.159703	W	0.019265
00543709036180	28318.178968	S	0.621740
00543720973592	28318.800708	W	0.017947
00543721318180	28318.818655	S	0.624454
00543733307700	28319.443109	W	0.019184
00543733676028	28319.462293	S	0.621904
00543745616584	28320.084197	W	0.017237
00543745947544	28320.101435	S	0.622935
00543757907888	28320.724369	W	0.018028
00543758254024	28320.742397	S	0.621763
00543770191880	28321.364160	W	0.018526
00543770547580	28321.382686	S	0.621485
00543782480100	28322.004172	W	0.019676
00543782857872	28322.023848	S	0.615784
00543794680928	28322.639632	W	0.017865
00543795023932	28322.657496	S	0.623235
00543806990044	28323.280731	W	0.018889
00543807352704	28323.299620	S	0.622426
00543819303280	28323.922046	W	0.017923
00543819647404	28323.939969	S	0.624194
00543831631928	28324.564163	W	0.018054
00543831978564	28324.582217	S	0.621971
00543843920408	28325.204188	W	0.017281
00543844252196	28325.221469	S	0.622890
00543856211688	28325.844359	W	0.018443
00543856565784	28325.862801	S	0.621361
00543868495912	28326.484162	W	0.019564
00543868871544	28326.503726	S	0.615897
00543880696772	28327.119624	W	0.017871
00543881039888	28327.137494	S	0.623231
00543893005924	28327.760725	W	0.017915
00543893349884	28327.778640	S	0.623406
00543905319284	28328.402046	W	0.018910
00543905682352	28328.420956	S	0.622154
00543917627712	28329.043110	W	0.017920
00543917971768	28329.061030	S	0.623150
00543929936244	28329.684179	W	0.018061
00543930283008	28329.702240	S	0.621941
00543942224280	28330.324181	W	0.018503
00543942579528	28330.342684	S	0.621635
00543954514928	28330.964319	W	0.019489
00543954889120	28330.983808	S	0.615847
00543966713388	28331.599656	W	0.017886
00543967056804	28331.617542	S	0.623174
00543979021740	28332.240716	W	0.015893
00543979326888	28332.256609	S	0.626540
00543991356460	28332.883149	W	0.017538
00543991693184	28332.900687	S	0.622395
00544003643176	28333.523082	W	0.040883
00544004428120	28333.563965	S	0.600175
00544015951480	28334.164140	W	0.017925
00544016295640	28334.182065	S	0.622083
00544028239636	28334.804148	W	0.018592
00544028596596	28334.822739	S	0.621402
00544040527520	28335.444142	W	0.019617
00544040904160	28335.463758	S	0.616009
00544052731536	28336.079767	W	0.019120
00544053098632	28336.098887	S	0.621884
00544065038804	28336.720771	W	0.017892
00544065382328	28336.738663	S	0.623365
00544077350944	28337.362028	W	0.018967
00544077715112	28337.380995	S	0.622130
00544089660012	28338.003126	W	0.017844
00544090002616	28338.020970	S	0.623127
00544101966656	28338.644097	W	0.380983
00544109281536	28339.025080	S	0.116465
00544111517668	28339.141545	W	0.263269
00544116572440	28339.404815	S	0.076523
00544118041676	28339.481337	W	1.169006
00544140486596	28340.650344	S	0.535210
00544150762628	28341.185554	W	0.076465
00544152230760	28341.262019	S	0.570375
00544163181968	28341.832394	W	0.096551
00544165035748	28341.928945	S	0.547724
00544175552052	28342.476669	W	1.039599
00544195512352	28343.516268	S	0.028262
00544196054976	28343.544530	W	0.006213
00544196174260	28343.550743	S	1.085234
00544217010748	28344.635976	W	0.027455
00544217537880	28344.663431	S	0.003629
00544217607552	28344.667060	W	0.338333
00544224103544	28345.005393	S	0.003599
00544224172648	28345.008992	W	0.014937
00544224459448	28345.023930	S	0.892014
00544241586116	28345.915944	W	0.028197
00544242127496	28345.944140	S	0.696950
00544255508932	28346.641090	W	0.001572
00544255539108	28346.642662	S	0.553283
00544266162136	28347.195945	W	0.028179
00544266703176	28347.224124	S	1.251780
00544290737352	28348.475904	W	0.028306
00544291280820	28348.504209	S	1.251694
00544315313336	28349.755903	W	0.028175
00544315854292	28349.784078	S	1.251828
00544339889392	28351.035906	W	0.028285
00544340432460	28351.064191	S	1.251729
00544364465648	28352.315919	W	0.028150
00544365006132	28352.344069	S	0.948696
00544383221100	28353.292766	W	0.700577
00544396672172	28353.993342	S	0.115173
00544398883488	28354.108515	W	0.015163
00544399174624	28354.123678	S	0.013433
00544399432532	28354.137111	W	0.006488
00544399557100	28354.143599	S	0.718313
00544413348712	28354.861912	W	0.089562
00544415068308	28354.951474	S	1.215625
00544438408304	28356.167099	W	0.016970
00544438734136	28356.184070	S	0.113966
00544440922280	28356.298035	W	0.001576
00544440952536	28356.299611	S	1.147517
00544462984856	28357.447128	W	0.016950
00544463310292	28357.464078	S	1.262988
00544487559656	28358.727065	W	0.016951
00544487885120	28358.744017	S	1.263041
00544512135516	28360.007058	W	0.017020
00544512462296	28360.024078	S	1.262986
00544536711620	28361.287064	W	0.017006
00544537038136	28361.304070	S	1.263002
00544561287780	28362.567072	W	0.016925
00544561612744	28362.583997	S	1.263065
00544585863592	28363.847062	W	0.016941
00544586188864	28363.864003	S	0.033717
00544586836228	28363.897720	W	1.107375
00544608097832	28365.005095	S	0.076487
00544609566392	28365.081583	W	2.590411
00544659302276	28367.671994	S	0.014312
00544659577068	28367.686306	W	0.006316
00544659698328	28367.692621	S	0.371939
00544666839556	28368.064560	W	0.032096
00544667455796	28368.096656	S	0.614281
00544679249992	28368.710937	W	0.083182
00544680847088	28368.794119	S	0.561245
00544691623000	28369.355365	W	0.023654
00544692077160	28369.379019	S	0.619283
00544703967400	28369.998302	W	0.020598
00544704362884	28370.018900	S	0.622768
00544716320020	28370.641668	W	0.019512
00544716694652	28370.661180	S	0.621636
00544728630060	28371.282816	W	0.019903
00544729012200	28371.302719	S	0.620688
00544740929408	28371.923407	W	0.020156
00544741316400	28371.943563	S	0.615461
00544753133244	28372.559023	W	0.018058
00544753479964	28372.577081	S	0.623129
00544765444032	28373.200210	W	0.016184
00544765754772	28373.216394	S	0.626404
00544777781728	28373.842798	W	0.017860
00544778124648	28373.860659	S	0.622138
00544790069688	28374.482796	W	0.017861
00544790412620	28374.500657	S	0.623264
00544802379280	28375.123921	W	0.018102
00544802726832	28375.142023	S	0.621908
00544814667464	28375.763930	W	0.018552
00544815023660	28375.782482	S	0.621457
00544826955636	28376.403939	W	0.019756
00544827334948	28376.423695	S	0.615827
00544839158832	28377.039522	W	0.017910
00544839502712	28377.057433	S	0.623098
00544851466188	28377.680531	W	0.018871
00544851828504	28377.699401	S	0.622460
00544863779736	28378.321861	W	0.017967
00544864124696	28378.339828	S	0.623043
00544876087112	28378.962870	W	0.019271
00544876457120	28378.982142	S	0.621814
00544888395948	28379.603956	W	0.017949
00544888740560	28379.621904	S	0.622038
00544900683684	28380.243942	W	0.018142
00544901032004	28380.262084	S	0.621849
00544912971512	28380.883933	W	0.019586
00544913347564	28380.903519	S	0.615907
00544925172972	28381.519426	W	0.017725
00544925513300	28381.537151	S	0.623483
00544937484168	28382.160634	W	0.017908
00544937827996	28382.178541	S	0.623301
00544949795380	28382.801843	W	0.015953
00544950101668	28382.817795	S	0.626226
00544962125204	28383.444021	W	0.017604
00544962463200	28383.461625	S	0.622275
00544974410876	28384.083900	W	0.016268
00544974723216	28384.100168	S	0.624894
00544986721176	28384.725061	W	0.017925
00544987065328	28384.742986	S	0.620938
00544998987332	28385.363924	W	0.018671
00544999345812	28385.382594	S	0.616797
00545011188324	28385.999392	W	0.015824
00545011492140	28386.015216	S	0.626349
00545023518040	28386.641565	W	0.017519
00545023854412	28386.659084	S	0.623364
00545035823008	28387.282448	W	0.015710
00545036124632	28387.298158	S	0.626173
00545048147152	28387.924331	W	0.017525
00545048483628	28387.941856	S	0.622254
00545060430900	28388.564109	W	0.015914
00545060736456	28388.580024	S	0.625117
00545072738704	28389.205141	W	0.018173
00545073087632	28389.223314	S	0.620494
00545085001124	28389.843809	W	0.018609
00545085358420	28389.862418	S	0.622556
00545097311492	28390.484974	W	0.018665
00545097669856	28390.503638	S	0.618449
00545109544068	28391.122087	W	0.017555
00545109881128	28391.139642	S	0.622121
00545121825844	28391.761763	W	0.017507
00545122161972	28391.779269	S	0.623735
00545134137684	28392.403004	W	0.017900
00545134481360	28392.420904	S	0.623020
00545146443348	28393.043924	W	0.019389
00545146815616	28393.063313	S	0.620542
00545158730028	28393.683856	W	0.017235
00545159060936	28393.701090	S	0.623934
00545171040476	28394.325025	W	0.018107
00545171388140	28394.343132	S	0.620753
00545183306592	28394.963885	W	0.019575
00545183682432	28394.983460	S	0.615884
00545195507408	28395.599344	W	0.019312
00545195878196	28395.618656	S	0.623094
00545207841592	28396.241750	W	0.017847
00545208184248	28396.259596	S	0.623237
00545220150408	28396.882834	W	0.017544
00545220487252	28396.900378	S	0.623655
00545232461432	28397.524033	W	0.017911
00545232805320	28397.541944	S	0.621956
00545244746872	28398.163900	W	0.017958
00545245091668	28398.181858	S	0.622075
00545257035516	28398.803933	W	0.056246
00545258115448	28398.860180	S	0.583746
00545269323380	28399.443926	W	0.019679
00545269701212	28399.463605	S	0.615720
00545281523044	28400.079325	W	0.017954
00545281867760	28400.097279	S	0.623122
00545293831708	28400.720401	W	0.019609
00545294208208	28400.740011	S	0.622784
00545306165664	28401.362795	W	0.017892
00545306509192	28401.380687	S	0.623170
00545318474056	28402.003857	W	0.017686
00545318813632	28402.021543	S	0.622431
00545330764308	28402.643974	W	0.017918
00545331108336	28402.661893	S	0.622008
00545343050896	28403.283901	W	0.018598
00545343407984	28403.302499	S	0.621396
00545355338780	28403.923895	W	0.019527
00545355713692	28403.943421	S	0.615951
00545367539948	28404.559372	W	0.015892
00545367845080	28404.575265	S	0.626247
00545379869032	28405.201512	W	0.017739
00545380209620	28405.219251	S	0.622405
00545392159800	28405.841656	W	0.018984
00545392524292	28405.860640	S	0.623164
00545404489048	28406.483805	W	0.017916
00545404833036	28406.501721	S	0.622098
00545416777320	28407.123819	W	0.017585
00545417114948	28407.141404	S	0.622579
00545429068460	28407.763982	W	0.018388
00545429421516	28407.782371	S	0.621456
00545441353472	28408.403827	W	0.019691
00545441731536	28408.423517	S	0.615827
00545453555424	28409.039345	W	0.017899
00545453899088	28409.057244	S	0.623161
00545465863784	28409.680405	W	0.019086
00545466230240	28409.699492	S	0.622249
00545478177412	28410.321740	W	0.017869
00545478520504	28410.339610	S	0.623195
00545490485840	28410.962804	W	0.019105
00545490852664	28410.981910	S	0.621962
00545502794340	28411.603872	W	0.017881
00545503137656	28411.621753	S	0.622045
00545515080912	28412.243797	W	0.018704
00545515440024	28412.262501	S	0.621448
00545527371820	28412.883949	W	0.019455
00545527745352	28412.903404	S	0.615878
00545539570212	28413.519282	W	0.019299
00545539940748	28413.538581	S	0.621783
00545551878988	28414.160364	W	0.017900
00545552222664	28414.178264	S	0.623429
00545564192508	28414.801693	W	0.018919
00545564555756	28414.820612	S	0.622140
00545576500852	28415.442753	W	0.015856
00545576805292	28415.458609	S	0.626339
00545588831004	28416.084948	W	0.017735
00545589171520	28416.102683	S	0.621258
00545601099664	28416.723941	W	0.018369
00545601452348	28416.742310	S	0.621504
00545613385224	28417.363814	W	0.019862
00545613766576	28417.383676	S	0.615753
00545625589040	28417.999429	W	0.015689
00545625890276	28418.015119	S	0.626412
00545637917380	28418.641530	W	0.017498
00545638253336	28418.659028	S	0.622824
00545650211556	28419.281852	W	0.017919
00545650555600	28419.299771	S	0.622950
00545662516236	28419.922721	W	0.019438
00545662889448	28419.942159	S	0.621637
00545674824884	28420.563796	W	0.017976
00545675170032	28420.581773	S	0.622034
00545687113076	28421.203806	W	0.018026
00545687459176	28421.221832	S	0.621990
00545699401384	28421.843822	W	0.019536
00545699776472	28421.863358	S	0.615947
00545711602648	28422.479305	W	0.017477
00545711938212	28422.496782	S	0.623731
00545723913844	28423.120513	W	0.017961
00545724258688	28423.138473	S	0.623184
00545736223820	28423.761657	W	0.018925
00545736587188	28423.780583	S	0.622139
00545748532256	28424.402722	W	0.017781
00545748873656	28424.420503	S	0.623292
00545760840860	28425.043795	W	0.018019
00545761186828	28425.061814	S	0.621982
00545773128880	28425.683796	W	0.017906
00545773472684	28425.701702	S	0.622098
00545785416964	28426.323800	W	0.018598
00545785774048	28426.342398	S	0.616860
00545797617768	28426.959259	W	0.017824
00545797959980	28426.977082	S	0.623247
00545809926328	28427.600330	W	0.018893
00545810289080	28427.619223	S	0.622546
00545822241972	28428.241769	W	0.017772
00545822583192	28428.259541	S	0.623295
00545834550448	28428.882836	W	0.038751
00545835294468	28428.921587	S	0.602322
00545846859056	28429.523909	W	0.017917
00545847203060	28429.541826	S	0.621953
00545859144556	28430.163779	W	0.018069
00545859491480	28430.181848	S	0.621939
00545871432700	28430.803786	W	0.018469
00545871787304	28430.822255	S	0.621524
00545883720564	28431.443779	W	0.019651
00545884097864	28431.463430	S	0.616888
00545895942104	28432.080318	W	0.017827
00545896284376	28432.098145	S	0.623512
00545908255800	28432.721656	W	0.017492
00545908591640	28432.739148	S	0.623720
00545920567064	28433.362868	W	0.080660
00545922115736	28433.443528	S	0.015782
00545922418756	28433.459310	W	0.000983
00545922437636	28433.460294	S	0.011465
00545922657760	28433.471758	W	0.490513
00545932075604	28433.962271	S	0.019028
00545932440940	28433.981299	W	0.006234
00545932560640	28433.987533	S	0.016520
00545932877828	28434.004054	W	0.019117
00545933244884	28434.023171	S	0.620519
00545945158852	28434.643690	W	0.017861
00545945501776	28434.661551	S	0.622120
00545957446472	28435.283670	W	0.018680
00545957805136	28435.302351	S	0.621346
00545969734980	28435.923697	W	0.019574
00545970110804	28435.943271	S	0.617006
00545981957328	28436.560278	W	0.018880
00545982319816	28436.579157	S	0.622459
00545994271032	28437.201616	W	0.017930
00545994615288	28437.219546	S	0.623149
00546006579740	28437.842695	W	0.017577
00546006917228	28437.860272	S	0.623600
00546018890344	28438.483872	W	0.017917
00546019234344	28438.501789	S	0.621959
00546031175960	28439.123748	W	0.017943
00546031520456	28439.141690	S	0.622072
00546043464236	28439.763762	W	0.018480
00546043819048	28439.782242	S	0.621529
00546055752396	28440.403771	W	0.019672
00546056130092	28440.423442	S	0.615795
00546067953356	28441.039237	W	0.055775
00546069024240	28441.095013	S	0.585340
00546080262760	28441.680352	W	0.080986
00546081817688	28441.761338	S	0.561200
00546092592724	28442.322538	W	0.018049
00546092939256	28442.340586	S	0.623057
00546104901944	28442.963643	W	0.017837
00546105244416	28442.981480	S	0.622304
00546117192660	28443.603784	W	0.017852
00546117535412	28443.621636	S	0.393741
00546125095236	28444.015377	W	0.767418
00546139829664	28444.782795	S	0.018175
00546140178616	28444.800970	W	0.015092
00546140468384	28444.816062	S	0.068149
00546141776836	28444.884210	W	0.018252
00546142127268	28444.902462	S	0.616658
00546153967096	28445.519120	W	0.019341
00546154338444	28445.538461	S	0.621724
00546166275540	28446.160184	W	0.018077
00546166622620	28446.178261	S	0.623272
00546178589448	28446.801534	W	0.018938
00546178953064	28446.820472	S	0.623225
00546190918976	28447.443697	W	0.017916
00546191262972	28447.461613	S	0.622074
00546203206784	28448.083687	W	0.017596
00546203544624	28448.101282	S	0.622539
00546215497376	28448.723822	W	0.018363
00546215849940	28448.742184	S	0.621551
00546227783716	28449.363735	W	0.057411
00546228886000	28449.421146	S	0.578281
00546239988992	28449.999427	W	0.017661
00546240328080	28450.017088	S	0.623137
00546252292308	28450.640224	W	0.019807
00546252672608	28450.660032	S	0.621519
00546264605780	28451.281551	W	0.017914
00546264949728	28451.299465	S	0.623084
00546276912944	28451.922549	W	0.019232
00546277282200	28451.941781	S	0.621810
00546289220956	28452.563591	W	0.018072
00546289567932	28452.581663	S	0.621978
00546301509904	28453.203641	W	0.018698
00546301868912	28453.222339	S	0.621422
00546313800224	28453.843762	W	0.019479
00546314174224	28453.863241	S	0.615922
00546325999932	28454.479163	W	0.214152
00546330111656	28454.693315	S	0.426849
00546338307164	28455.120165	W	0.173129
00546341631248	28455.293294	S	0.468194
00546350620568	28455.761488	W	0.018952
00546350984452	28455.780440	S	0.622126
00546362929280	28456.402567	W	0.017896
00546363272888	28456.420463	S	0.623177
00546375237884	28457.043640	W	0.018103
00546375585468	28457.061743	S	0.621897
00546387525900	28457.683641	W	0.018526
00546387881600	28457.702167	S	0.621480
00546399814020	28458.323647	W	0.019742
00546400193060	28458.343389	S	0.615893
00546412018200	28458.959281	W	0.068647
00546413336224	28459.027928	S	0.572288
00546424324160	28459.600217	W	0.160733
00546427410228	28459.760949	S	0.480648
00546436638676	28460.241598	W	0.015755
00546436941168	28460.257353	S	0.626396
00546448967980	28460.883749	W	0.017737
00546449308532	28460.901486	S	0.622204
00546461254848	28461.523690	W	0.017889
00546461598308	28461.541579	S	0.622110
00546473542820	28462.163689	W	0.018098
00546473890304	28462.181787	S	0.621825
00546485829348	28462.803612	W	0.019580
00546486205280	28462.823192	S	0.615915
00546498030856	28463.439107	W	0.017525
00546498367340	28463.456632	S	0.623669
00546510341776	28464.080301	W	0.038050
00546511072336	28464.118351	S	0.603289
00546522655476	28464.721639	W	0.208552
00546526659668	28464.930191	S	0.433579
00546534984384	28465.363770	W	0.189472
00546538622252	28465.553242	S	0.450391
00546547269764	28466.003634	W	0.200370
00546551116860	28466.204003	S	0.439653
00546559558200	28466.643656	W	0.017762
00546559899232	28466.661418	S	0.622242
00546571846284	28467.283661	W	0.018577
00546572202956	28467.302237	S	0.617999
00546584068540	28467.920236	W	0.017520
00546584404924	28467.937756	S	0.622399
00546596354976	28468.560155	W	0.017552
00546596691968	28468.577707	S	0.623934
00546608671496	28469.201640	W	0.017897
00546609015124	28469.219538	S	0.623031
00546620977312	28469.842568	W	0.155269
00546623958480	28469.997837	S	0.485859
00546633286964	28470.483696	W	0.017738
00546633627536	28470.501434	S	0.622249
00546645574716	28471.123683	W	0.018005
00546645920420	28471.141689	S	0.621984
00546657862504	28471.763672	W	0.084260
00546659480296	28471.847932	S	0.555743
00546670150552	28472.403675	W	0.019614
00546670527132	28472.423288	S	0.616843
00546682370512	28473.040131	W	0.019149
00546682738164	28473.059279	S	0.622198
00546694684364	28473.681477	W	0.017506
00546695020480	28473.698983	S	0.623714
00546706995796	28474.322698	W	0.019199
00546707364412	28474.341896	S	0.621655
00546719300196	28474.963552	W	2.150604
00546760591800	28477.114156	S	0.369824
00546767692416	28477.483980	W	3.460372
00546834131556	28480.944352	S	0.306076
00546840008224	28481.250428	W	0.014913
00546840294544	28481.265341	S	0.298675
00546846029100	28481.564016	W	0.091499
00546847785884	28481.655515	S	0.065426
00546849042068	28481.720941	W	0.017708
00546849382056	28481.738649	S	0.060772
00546850548872	28481.799420	W	0.100779
00546852483836	28481.900200	S	0.134594
00546855068036	28482.034794	W	0.014742
00546855351088	28482.049536	S	0.142177
00546858080892	28482.191713	W	0.086882
00546859749024	28482.278595	S	0.151787
00546862663336	28482.430382	W	0.001464
00546862691452	28482.431846	S	0.230651
00546867119944	28482.662497	W	0.017638
00546867458588	28482.680135	S	0.453124
00546876158572	28483.133259	W	0.010659
00546876363228	28483.143918	S	0.303178
00546882184248	28483.447096	W	0.040258
00546882957204	28483.487354	S	0.116676
00546885197392	28483.604031	W	0.017633
00546885535948	28483.621664	S	0.060819
00546886703680	28483.682483	W	0.015080
00546886993208	28483.697563	S	0.377219
00546894235816	28484.074782	W	0.010552
00546894438424	28484.085335	S	0.460220
00546903274648	28484.545555	W	0.017644
00546903613404	28484.563198	S	0.453118
00546912313272	28485.016316	W	0.010563
00546912516080	28485.026879	S	0.303295
00546918339340	28485.330174	W	0.040409
00546919115192	28485.370583	S	0.116515
00546921352288	28485.487098	W	0.017616
00546921690508	28485.504714	S	0.083915
00546923301684	28485.588629	W	0.072682
00546924697172	28485.661311	S	0.296341
00546930386912	28485.957652	W	0.010748
00546930593272	28485.968400	S	0.090983
00546932340148	28486.059383	W	0.031188
00546932938956	28486.090571	S	0.338047
00546939429456	28486.428618	W	0.017726
00546939769792	28486.446343	S	0.051499
00546940758576	28486.497843	W	0.022108
00546941183056	28486.519951	S	0.019435
00546941556204	28486.539386	W	0.016323
00546941869608	28486.555709	S	0.343693
00546948468504	28486.899401	W	0.010571
00546948671464	28486.909972	S	0.460127
00546957505896	28487.370099	W	0.017721
00546957846140	28487.387820	S	0.453064
00546966544968	28487.840884	W	0.010585
00546966748208	28487.851469	S	0.040186
00546967519784	28487.891655	W	0.017759
00546967860756	28487.909414	S	0.056081
00546968937512	28487.965495	W	0.026799
00546969452052	28487.992294	S	0.319150
00546975579728	28488.311444	W	0.017940
00546975924172	28488.329384	S	0.351497
00546982672912	28488.680881	W	0.017790
00546983014476	28488.698671	S	0.083540
00546984618448	28488.782211	W	0.010803
00546984825872	28488.793014	S	0.090937
00546986571868	28488.883951	W	0.031242
00546987171720	28488.915194	S	0.337995
00546993661220	28489.253189	W	0.017696
00546994000992	28489.270885	S	0.453059
00547002699728	28489.723944	W	0.010621
00547002903644	28489.734565	S	0.460158
00547011738680	28490.194723	W	0.017686
00547012078252	28490.212409	S	0.453086
00547020777512	28490.665495	W	0.010592
00547020980888	28490.676088	S	0.459971
00547029812340	28491.136059	W	0.017891
00547030155856	28491.153951	S	0.083838
00547031765548	28491.237789	W	0.031026
00547032361252	28491.268815	S	0.338205
00547038854792	28491.607020	W	4.000738
00547115668960	28495.607758	S	0.102918
00547117644980	28495.710676	W	0.015615
00547117944780	28495.726291	S	0.013997
00547118213528	28495.740288	W	0.006873
00547118345496	28495.747161	S	0.317814
00547124447524	28496.064975	W	0.032238
00547125066488	28496.097213	S	0.614537
00547136865592	28496.711750	W	0.118480
00547139140412	28496.830230	S	0.525900
00547149237688	28497.356130	W	0.057265
00547150337184	28497.413395	S	0.585387
00547161576616	28497.998782	W	0.020936
00547161978584	28498.019718	S	0.621429
00547173910028	28498.641147	W	0.020970
00547174312648	28498.662117	S	0.620258
00547186221600	28499.282375	W	0.020842
00547186621776	28499.303218	S	0.615390
00547198437256	28499.918607	W	0.107720
00547200505480	28500.026327	S	0.056579
00547201591800	28500.082906	W	0.343503
00547208187064	28500.426410	S	0.156565
00547211193116	28500.582975	W	0.142901
00547213936816	28500.725876	S	0.104552
00547215944216	28500.830428	W	0.032035
00547216559280	28500.862463	S	0.059628
00547217704144	28500.922091	W	0.124169
00547220088192	28501.046260	S	0.429415
00547228332952	28501.475675	W	0.113025
00547230503040	28501.588700	S	0.530383
00547240686396	28502.119083	W	0.057375
00547241788004	28502.176459	S	0.584127
00547253003236	28502.760585	W	0.025618
00547253495104	28502.786203	S	0.610717
00547265220872	28503.396920	W	0.019797
00547265600972	28503.416717	S	0.623190
00547277566212	28504.039907	W	0.018158
00547277914840	28504.058065	S	0.624141
00547289898352	28504.682206	W	0.017466
00547290233708	28504.699672	S	0.624466
00547302223448	28505.324138	W	0.016090
00547302532368	28505.340228	S	0.626166
00547314554756	28505.966394	W	0.017876
00547314897984	28505.984270	S	0.621127
00547326823616	28506.605397	W	0.200024
00547330664076	28506.805421	S	0.439837
00547339108952	28507.245258	W	0.019704
00547339487264	28507.264962	S	0.615823
00547351311056	28507.880784	W	0.015967
00547351617632	28507.896752	S	0.626213
00547363640916	28508.522964	W	0.017494
00547363976804	28508.540459	S	0.622832
00547375935172	28509.163290	W	0.019608
00547376311648	28509.182898	S	0.621319
00547388240976	28509.804218	W	0.017257
00547388572312	28509.821475	S	0.624181
00547400556596	28510.445656	W	0.019225
00547400925724	28510.464881	S	0.620572
00547412840704	28511.085453	W	0.018401
00547413194012	28511.103855	S	0.621539
00547425127564	28511.725394	W	0.203120
00547429027472	28511.928514	S	0.432203
00547437325772	28512.360717	W	0.204638
00547441254820	28512.565355	S	0.436444
00547449634536	28513.001799	W	0.019081
00547450000896	28513.020880	S	0.622295
00547461948968	28513.643175	W	0.017893
00547462292520	28513.661069	S	0.623191
00547474257780	28514.284259	W	0.019329
00547474628900	28514.303589	S	0.621743
00547486566368	28514.925332	W	0.017254
00547486897640	28514.942585	S	0.623106
00547498861268	28515.565691	W	0.016915
00547499186040	28515.582606	S	0.624012
00547511167064	28516.206618	W	0.018305
00547511518512	28516.224923	S	0.615885
00547523343512	28516.840808	W	0.229173
00547527743632	28517.069981	S	0.411896
00547535652040	28517.481877	W	0.019061
00547536018012	28517.500938	S	0.622274
00547547965664	28518.123212	W	0.015895
00547548270844	28518.139106	S	0.626274
00547560295304	28518.765380	W	0.018902
00547560658224	28518.784283	S	0.621087
00547572583088	28519.405369	W	0.016163
00547572893420	28519.421532	S	0.624936
00547584892192	28520.046468	W	0.017446
00547585227152	28520.063914	S	0.622086
00547597171196	28520.686000	W	0.018253
00547597521644	28520.704252	S	0.616552
00547609359444	28521.320804	W	0.018193
00547609708756	28521.338998	S	0.622885
00547621668148	28521.961883	W	2.027457
00547660595328	28523.989340	S	0.369832
00547667696108	28524.359172	W	4.161879
00547747604188	28528.521051	S	0.075149
00547749047040	28528.596200	W	0.015051
00547749336028	28528.611251	S	0.063341
00547750552168	28528.674592	W	0.091476
00547752308512	28528.766068	S	0.300833
00547758084496	28529.066901	W	0.091443
00547759840200	28529.158344	S	0.379345
00547767123628	28529.537689	W	0.010571
00547767326588	28529.548260	S	0.460197
00547776162380	28530.008457	W	0.017585
00547776500020	28530.026043	S	0.023926
00547776959404	28530.049969	W	0.023019
00547777401368	28530.072988	S	0.249286
00547782187656	28530.322274	W	0.091502
00547783944500	28530.413776	S	0.065406
00547785200292	28530.479182	W	0.010613
00547785404068	28530.489795	S	0.067837
00547786706544	28530.557633	W	0.015037
00547786995252	28530.572669	S	0.091158
00547788745492	28530.663828	W	0.072666
00547790140680	28530.736494	S	0.213246
00547794234996	28530.949739	W	0.017872
00547794578136	28530.967611	S	0.083784
00547796186784	28531.051395	W	0.031276
00547796787288	28531.082671	S	0.337954
00547803275996	28531.420625	W	0.010730
00547803482012	28531.431355	S	0.460049
00547812314960	28531.891404	W	0.017758
00547812655916	28531.909162	S	0.296115
00547818341328	28532.205278	W	0.040351
00547819116072	28532.245629	S	0.116365
00547821350284	28532.361994	W	0.010842
00547821558452	28532.372836	S	0.090806
00547823301936	28532.463642	W	0.031310
00547823903096	28532.494953	S	0.337923
00547830391212	28532.832876	W	0.017863
00547830734184	28532.850739	S	0.083736
00547832341920	28532.934475	W	0.072777
00547833739236	28533.007252	S	0.296440
00547839430876	28533.303691	W	0.013056
00547839681548	28533.316747	S	0.457766
00547848470652	28533.774513	W	0.017725
00547848810972	28533.792238	S	0.060733
00547849977052	28533.852971	W	0.039185
00547850729412	28533.892157	S	0.353123
00547857509364	28534.245279	W	0.010708
00547857714960	28534.255988	S	0.459857
00547866544212	28534.715844	W	0.017961
00547866889072	28534.733806	S	0.060694
00547868054392	28534.794500	W	0.026804
00547868569020	28534.821303	S	0.365324
00547875583248	28535.186627	W	0.010889
00547875792316	28535.197516	S	0.459860
00547884621628	28535.657376	W	0.017898
00547884965268	28535.675274	S	0.023831
00547885422816	28535.699105	W	0.022790
00547885860392	28535.721895	S	0.074138
00547887283848	28535.796034	W	0.017597
00547887621716	28535.813631	S	0.314522
00547893660536	28536.128153	W	0.087112
00547895333084	28536.215265	S	0.383662
00547902699392	28536.598927	W	0.017918
00547903043412	28536.616844	S	0.083809
00547904652536	28536.700653	W	0.031344
00547905254340	28536.731997	S	0.337887
00547911741772	28537.069884	W	0.010664
00547911946520	28537.080548	S	0.460110
00547920780640	28537.540658	W	0.017703
00547921120544	28537.558362	S	0.453040
00547929818912	28538.011402	W	3.433607
00547995744164	28541.445009	S	0.128663
00547998214488	28541.573671	W	0.033409
00547998855948	28541.607081	S	0.138610
00548001517264	28541.745691	W	0.032377
00548002138912	28541.778068	S	0.612814
00548013904932	28542.390882	W	0.031079
00548014501644	28542.421961	S	0.612312
00548026258036	28543.034273	W	0.112156
00548028411436	28543.146429	S	0.525114
00548038493628	28543.671543	W	0.109334
00548040592840	28543.780877	S	0.533804
00548050841884	28544.314681	W	0.018424
00548051195620	28544.333105	S	0.624086
00548063178072	28544.957191	W	0.018028
00548063524208	28544.975219	S	0.623706
00548075499368	28545.598925	W	0.017623
00548075837724	28545.616548	S	0.623982
00548087818188	28546.240531	W	0.017948
00548088162780	28546.258478	S	0.622061
00548100106344	28546.880539	W	0.017980
00548100451568	28546.898519	S	0.622058
00548112395080	28547.520577	W	0.019601
00548112771428	28547.540179	S	0.615921
00548124597108	28548.156099	W	0.019297
00548124967604	28548.175396	S	0.621760
00548136905396	28548.797156	W	0.017857
00548137248248	28548.815013	S	0.623476
00548149218996	28549.438489	W	0.018916
00548149582188	28549.457406	S	0.622137
00548161527212	28550.079542	W	0.017916
00548161871196	28550.097458	S	0.623088
00548173834488	28550.720546	W	0.017589
00548174172192	28550.738135	S	0.622540
00548186124968	28551.360675	W	0.047271
00548187032564	28551.407946	S	0.592800
00548198414324	28552.000746	W	0.018439
00548198768344	28552.019185	S	0.616754
00548210610016	28552.635938	W	0.017882
00548210953360	28552.653821	S	0.623190
00548222918616	28553.277011	W	0.019031
00548223284012	28553.296042	S	0.622228
00548235230784	28553.918270	W	0.017899
00548235574444	28553.936169	S	0.623224
00548247540348	28554.559393	W	0.019303
00548247910960	28554.578696	S	0.621895
00548259851352	28555.200591	W	0.017901
00548260195060	28555.218493	S	0.622087
00548272139132	28555.840580	W	0.017650
00548272478004	28555.858229	S	0.622446
00548284428960	28556.480675	W	0.018388
00548284782016	28556.499063	S	0.621486
00548296714556	28557.120550	W	0.019658
00548297091988	28557.140208	S	0.616891
00548308936304	28557.757099	W	0.017825
00548309278544	28557.774924	S	0.623498
00548321249700	28558.398422	W	0.018932
00548321613192	28558.417354	S	0.622141
00548333558304	28559.039495	W	0.015806
00548333861776	28559.055301	S	0.626356
00548345887808	28559.681657	W	0.019030
00548346253176	28559.700686	S	0.619908
00548358155408	28560.320594	W	0.050396
00548359123004	28560.370990	S	0.589756
00548370446324	28560.960746	W	0.018456
00548370800684	28560.979202	S	0.621422
00548382731980	28561.600624	W	0.019482
00548383106036	28561.620106	S	0.615852
00548394930400	28562.235958	W	0.019369
00548395302288	28562.255327	S	0.623030
00548407264456	28562.878357	W	0.018093
00548407611844	28562.896450	S	0.622959
00548419572660	28563.519409	W	0.019251
00548419942280	28563.538660	S	0.621923
00548431883196	28564.160583	W	0.018161
00548432231884	28564.178744	S	0.621772
00548444169916	28564.800516	W	0.018220
00548444519736	28564.818736	S	0.621800
00548456458304	28565.440537	W	0.207683
00548460445812	28565.648219	S	0.433408
00548468767248	28566.081627	W	0.018615
00548469124648	28566.100242	S	0.616401
00548480959548	28566.716643	W	0.018125
00548481307556	28566.734769	S	0.622280
00548493255328	28567.357048	W	0.080445
00548494799872	28567.437493	S	0.023218
00548495245656	28567.460711	W	0.001229
00548495269252	28567.461940	S	0.013183
00548495522360	28567.475123	W	0.163944
00548498670088	28567.639067	S	0.025245
00548499154788	28567.664312	W	0.006953
00548499288292	28567.671265	S	0.328234
00548505590380	28567.999499	W	0.018061
00548505937160	28568.017560	S	0.622966
00548517898116	28568.640527	W	0.018261
00548518248732	28568.658788	S	0.621730
00548530185940	28569.280518	W	0.018185
00548530535084	28569.298702	S	0.621760
00548542472872	28569.920462	W	0.018609
00548542830168	28569.939071	S	0.621393
00548554760912	28570.560464	W	0.019892
00548555142836	28570.580356	S	0.615599
00548566962344	28571.195955	W	0.017731
00548567302784	28571.213687	S	0.623479
00548579273580	28571.837166	W	0.017767
00548579614704	28571.854932	S	0.623500
00548591585908	28572.478433	W	0.018867
00548591948152	28572.497300	S	0.623189
00548603913384	28573.120489	W	0.071994
00548605295668	28573.192483	S	0.568124
00548616203644	28573.760606	W	0.057043
00548617298868	28573.817649	S	0.582771
00548628488080	28574.400421	W	0.018846
00548628849916	28574.419266	S	0.621186
00548640776688	28575.040453	W	0.019710
00548641155112	28575.060162	S	0.615776
00548652978004	28575.675938	W	0.018182
00548653327104	28575.694120	S	0.622885
00548665286500	28576.317005	W	0.017675
00548665625856	28576.334680	S	0.623822
00548677603244	28576.958502	W	0.018090
00548677950568	28576.976592	S	0.622778
00548689907912	28577.599370	W	0.019225
00548690277040	28577.618596	S	0.621838
00548702216328	28578.240434	W	0.052021
00548703215136	28578.292455	S	0.588150
00548714507612	28578.880605	W	0.018435
00548714861560	28578.899040	S	0.621336
00548726791212	28579.520376	W	0.019981
00548727174848	28579.540357	S	0.615497
00548738992392	28580.155854	W	0.018319
00548739344116	28580.174173	S	0.622763
00548751301164	28580.796936	W	0.018191
00548751650440	28580.815127	S	0.623139
00548763614708	28581.438266	W	0.017416
00548763949088	28581.455682	S	0.623881
00548775927612	28582.079563	W	0.017634
00548776266192	28582.097197	S	0.623425
00548788235944	28582.720622	W	0.018210
00548788585568	28582.738832	S	0.621603
00548800520352	28583.360435	W	0.018813
00548800881560	28583.379248	S	0.622310
00548812829916	28584.001558	W	0.018451
00548813184184	28584.020010	S	0.616005
00548825011484	28584.636015	W	0.017846
00548825354120	28584.653860	S	0.623179
00548837319156	28585.277039	W	0.018056
00548837665828	28585.295095	S	0.623272
00548849632644	28585.918367	W	0.049790
00548850588612	28585.968157	S	0.591194
00548861939536	28586.559351	W	0.017590
00548862277272	28586.576941	S	0.623624
00548874250852	28587.200565	W	0.018155
00548874599432	28587.218720	S	0.621714
00548886536336	28587.840434	W	0.017164
00548886865876	28587.857598	S	0.623960
00548898845904	28588.481557	W	0.018444
00548899200020	28588.500001	S	0.615895
00548911025204	28589.115896	W	0.017991
00548911370636	28589.133887	S	0.623116
00548923334460	28589.757003	W	0.018122
00548923682404	28589.775125	S	0.623201
00548935647868	28590.398326	W	0.015780
00548935950848	28590.414107	S	0.626405
00548947977820	28591.040511	W	0.018124
00548948325804	28591.058636	S	0.621884
00548960265984	28591.680520	W	0.017558
00548960603104	28591.698078	S	0.622565
00548972556360	28592.320644	W	0.048689
00548973491180	28592.369332	S	0.591449
00548984847008	28592.960782	W	0.018407
00548985200416	28592.979188	S	0.616563
00548997038432	28593.595752	W	0.017814
00548997380452	28593.613565	S	0.623272
00549009347280	28594.236838	W	0.018106
00549009694912	28594.254943	S	0.623253
00549021661372	28594.878196	W	0.018120
00549022009268	28594.896316	S	0.623018
00549033971208	28595.519334	W	0.018116
00549034319036	28595.537450	S	0.622948
00549046279636	28596.160398	W	0.018070
00549046626576	28596.178468	S	0.621947
00549058567968	28596.800415	W	0.017496
00549058903884	28596.817911	S	0.622668
00549070859108	28597.440579	W	0.018323
00549071210908	28597.458901	S	0.621560
00549083144852	28598.080461	W	0.019502
00549083519296	28598.099963	S	0.616966
00549095365040	28598.716929	W	0.017972
00549095710108	28598.734901	S	0.623387
00549107679148	28599.358289	W	0.015779
00549107982104	28599.374068	S	0.626421
00549120009380	28600.000489	W	0.017434
00549120344120	28600.017923	S	0.622484
00549132295812	28600.640407	W	0.018125
00549132643804	28600.658531	S	0.621888
00549144584044	28601.280419	W	0.017808
00549144925952	28601.298227	S	0.622192
00549156872036	28601.920419	W	0.018789
00549157232784	28601.939207	S	0.621358
00549169162848	28602.560565	W	0.019380
00549169534948	28602.579945	S	0.616076
00549181363608	28603.196021	W	0.049173
00549182307736	28603.245195	S	0.593079
00549193694860	28603.838274	W	0.017987
00549194040204	28603.856261	S	0.623097
00549206003660	28604.479357	W	0.018126
00549206351672	28604.497483	S	0.622936
00549218312044	28605.120419	W	0.018130
00549218660140	28605.138549	S	0.621795
00549230598604	28605.760344	W	0.018028
00549230944736	28605.778372	S	0.622004
00549242887204	28606.400375	W	0.018763
00549243247452	28606.419138	S	0.621238
00549255175220	28607.040376	W	0.019908
00549255557444	28607.060284	S	0.615708
00549267379040	28607.675992	W	0.018095
00549267726464	28607.694087	S	0.622827
00549279684744	28608.316914	W	0.083647
00549281290772	28608.400561	S	0.558763
00549292019020	28608.959324	W	0.015766
00549292321736	28608.975090	S	0.626401
00549304348632	28609.601491	W	0.017549
00549304685572	28609.619040	S	0.621294
00549316614416	28610.240334	W	0.018074
00549316961444	28610.258409	S	0.621945
00549328902784	28610.880353	W	0.018767
00549329263116	28610.899121	S	0.621256
00549341191236	28611.520377	W	0.019814
00549341571656	28611.540190	S	0.615643
00549353391996	28612.155833	W	0.017618
00549353730260	28612.173451	S	0.623572
00549365702836	28612.797023	W	0.017893
00549366046388	28612.814916	S	0.623468
00549378016980	28613.438384	W	0.018201
00549378366432	28613.456585	S	0.623730
00549390342056	28614.080315	W	0.050480
00549391311272	28614.130795	S	0.589655
00549402632640	28614.720450	W	0.017994
00549402978128	28614.738444	S	0.621772
00549414916156	28615.360216	W	0.018883
00549415278704	28615.379099	S	0.621162
00549427205024	28616.000262	W	0.019940
00549427587876	28616.020202	S	0.615525
00549439405948	28616.635726	W	0.018054
00549439752588	28616.653781	S	0.623038
00549451714920	28617.276819	W	0.017686
00549452054488	28617.294505	S	0.623784
00549464031132	28617.918288	W	0.018150
00549464379612	28617.936438	S	0.622842
00549476338176	28618.559280	W	0.018179
00549476687208	28618.577459	S	0.622815
00549488645256	28619.200274	W	0.018169
00549488994092	28619.218442	S	0.621850
00549500933612	28619.840292	W	0.018783
00549501294236	28619.859075	S	0.621212
00549513221500	28620.480286	W	0.019865
00549513602904	28620.500151	S	0.615625
00549525422904	28621.115776	W	0.048796
00549526359788	28621.164572	S	0.592399
00549537733856	28621.756972	W	0.017984
00549538079152	28621.774956	S	0.623110
00549550042868	28622.398066	W	0.017667
00549550382076	28622.415733	S	0.623540
00549562354052	28623.039274	W	0.018212
00549562703720	28623.057485	S	0.622727
00549574660072	28623.680212	W	0.018165
00549575008832	28623.698377	S	0.621850
00549586948348	28624.320226	W	0.018546
00549587304432	28624.338772	S	0.621527
00549599237744	28624.960299	W	0.019846
00549599618784	28624.980145	S	0.615580
00549611437916	28625.595725	W	0.016138
00549611747768	28625.611863	S	0.626054
00549623768012	28626.237917	W	0.017554
00549624105044	28626.255471	S	0.622649
00549636059896	28626.878120	W	0.018077
00549636406968	28626.896196	S	0.622999
00549648368556	28627.519196	W	0.017230
00549648699364	28627.536425	S	0.623999
00549660680136	28628.160424	W	0.018114
00549661027924	28628.178538	S	0.621759
00549672965696	28628.800297	W	0.017829
00549673308016	28628.818126	S	0.622156
00549685253416	28629.440282	W	0.019571
00549685629176	28629.459853	S	0.617033
00549697476216	28630.076886	W	0.018106
00549697823856	28630.094992	S	0.621830
00549709762996	28630.716823	W	0.052333
00549710767796	28630.769156	S	0.589128
00549722079056	28631.358284	W	0.017916
00549722423040	28631.376200	S	0.622931
00549734383312	28631.999131	W	0.018180
00549734732368	28632.017311	S	0.622880
00549746691656	28632.640190	W	0.017699
00549747031468	28632.657889	S	0.622490
00549758983284	28633.280379	W	0.042033
00549759790316	28633.322412	S	0.597975
00549771271444	28633.920388	W	0.018383
00549771624404	28633.938771	S	0.616887
00549783468640	28634.555658	W	0.017819
00549783810768	28634.573477	S	0.623260
00549795777356	28635.196737	W	0.018161
00549796126044	28635.214898	S	0.623217
00549808091812	28635.838115	W	0.018204
00549808441336	28635.856320	S	0.622863
00549820400300	28636.479182	W	0.018118
00549820748164	28636.497300	S	0.622959
00549832708968	28637.120259	W	0.018103
00549833056536	28637.138361	S	0.621895
00549844996928	28637.760257	W	0.017266
00549845328432	28637.777523	S	0.622874
00549857287612	28638.400396	W	0.018350
00549857639936	28638.418747	S	0.621520
00549869573116	28639.040266	W	0.019535
00549869948184	28639.059801	S	0.616932
00549881793276	28639.676733	W	0.016136
00549882103084	28639.692869	S	0.626329
00549894128596	28640.319198	W	0.017497
00549894464536	28640.336695	S	0.622486
00549906416260	28640.959180	W	0.017824
00549906758476	28640.977004	S	0.623257
00549918725008	28641.600261	W	0.018171
00549919073896	28641.618432	S	0.621820
00549931012840	28642.240252	W	0.087864
00549932699836	28642.328116	S	0.552161
00549943301328	28642.880278	W	0.018770
00549943661704	28642.899047	S	0.621337
00549955591380	28643.520384	W	0.019411
00549955964072	28643.539795	S	0.615975
00549967790800	28644.155771	W	0.018020
00549968136784	28644.173791	S	0.624386
00549980125004	28644.798177	W	0.017718
00549980465196	28644.815896	S	0.623275
00549992432072	28645.439170	W	0.018156
00549992780676	28645.457327	S	0.622854
00550004739476	28646.080181	W	0.018170
00550005088340	28646.098351	S	0.621815
00550017027184	28646.720166	W	0.017892
00550017370708	28646.738058	S	0.622101
00550029315040	28647.360158	W	0.018808
00550029676152	28647.378966	S	0.622332
00550041624924	28648.001298	W	0.018994
00550041989616	28648.020293	S	0.616001
00550053816836	28648.636294	W	0.018161
00550054165520	28648.654454	S	0.622308
00550066113828	28649.276762	W	0.018149
00550066462288	28649.294911	S	0.624251
00550078447904	28649.919162	W	0.018096
00550078795356	28649.937258	S	0.622971
00550090756392	28650.560229	W	0.017999
00550091101980	28650.578228	S	0.622000
00550103044380	28651.200228	W	0.017892
00550103387908	28651.218120	S	0.622031
00550115330900	28651.840151	W	0.018812
00550115692084	28651.858963	S	0.621213
00550127619372	28652.480176	W	0.019582
00550127995352	28652.499758	S	0.615904
00550139820708	28653.115662	W	0.017486
00550140156436	28653.133148	S	0.623774
00550152132888	28653.756921	W	0.017934
00550152477216	28653.774855	S	0.623382
00550164446156	28654.398237	W	0.018196
00550164795512	28654.416433	S	0.623675
00550176770072	28655.040108	W	0.018017
00550177116004	28655.058125	S	0.622003
00550189058460	28655.680128	W	0.017827
00550189400740	28655.697955	S	0.622174
00550201346476	28656.320129	W	0.018560
00550201702824	28656.338689	S	0.622568
00550213656120	28656.961256	W	0.018487
00550214011072	28656.979743	S	0.617540
00550225867844	28657.597284	W	0.018130
00550226215940	28657.615414	S	0.621282
00550238144556	28658.236696	W	0.017647
00550238483372	28658.254342	S	0.623825
00550250460812	28658.878167	W	0.018110
00550250808528	28658.896277	S	0.622825
00550262766764	28659.519102	W	0.018172
00550263115660	28659.537274	S	0.622826
00550275073920	28660.160100	W	0.018127
00550275421960	28660.178227	S	0.621889
00550287362228	28660.800116	W	0.018822
00550287723616	28660.818938	S	0.621212
00550299650888	28661.440150	W	0.019846
00550300031932	28661.459996	S	0.616745
00550311873444	28662.076742	W	0.049219
00550312818456	28662.125961	S	0.590838
00550324162536	28662.716799	W	0.018088
00550324509820	28662.734886	S	0.623025
00550336471896	28663.357911	W	0.075134
00550337914472	28663.433045	S	0.566075
00550348783120	28663.999121	W	0.018190
00550349132372	28664.017311	S	0.622739
00550361088956	28664.640050	W	0.018205
00550361438488	28664.658255	S	0.621859
00550373378184	28665.280114	W	0.018961
00550373742236	28665.299075	S	0.621059
00550385666572	28665.920134	W	0.019886
00550386048376	28665.940020	S	0.615514
00550397866248	28666.555534	W	0.018117
00550398214092	28666.573651	S	0.622964
00550410174992	28667.196614	W	0.018228
00550410524960	28667.214842	S	0.623138
00550422489208	28667.837980	W	0.018123
00550422837176	28667.856103	S	0.622935
00550434797520	28668.479038	W	0.017560
00550435134668	28668.496597	S	0.623673
00550447109188	28669.120270	W	0.016222
00550447420656	28669.136493	S	0.624827
00550459417344	28669.761320	W	0.018117
00550459765196	28669.779437	S	0.620689
00550471682420	28670.400126	W	0.019547
00550472057728	28670.419673	S	0.615920
00550483883392	28671.035593	W	0.018105
00550484231004	28671.053698	S	0.622951
00550496191672	28671.676650	W	0.018118
00550496539536	28671.694768	S	0.623226
00550508505472	28672.317993	W	0.017817
00550508847556	28672.335810	S	0.623240
00550520813764	28672.959050	W	0.018019
00550521159736	28672.977070	S	0.623055
00550533122396	28673.600125	W	0.084861
00550534751728	28673.684986	S	0.555313
00550545413740	28674.240299	W	0.017584
00550545751352	28674.257883	S	0.622407
00550557701564	28674.880290	W	0.018596
00550558058616	28674.898886	S	0.616671
00550569898708	28675.515558	W	0.015986
00550570205636	28675.531544	S	0.626209
00550582228840	28676.157752	W	0.018095
00550582576264	28676.175847	S	0.622168
00550594521896	28676.798015	W	0.017982
00550594867160	28676.815998	S	0.623101
00550606830708	28677.439099	W	0.018080
00550607177848	28677.457180	S	0.623003
00550619139508	28678.080183	W	0.018119
00550619487400	28678.098302	S	0.621806
00550631426080	28678.720108	W	0.048870
00550632364384	28678.768978	S	0.591379
00550643718864	28679.360358	W	0.018530
00550644074648	28679.378888	S	0.621122
00550656000188	28680.000010	W	0.019640
00550656377280	28680.019650	S	0.616888
00550668221524	28680.636538	W	0.018064
00550668568352	28680.654602	S	0.623287
00550680535468	28681.277889	W	0.018209
00550680885084	28681.296098	S	0.622863
00550692844048	28681.918961	W	0.017790
00550693185624	28681.936751	S	0.623390
00550705154704	28682.560141	W	0.017775
00550705495980	28682.577916	S	0.622203
00550717442284	28683.200119	W	0.018189
00550717791520	28683.218308	S	0.621680
00550729727780	28683.839989	W	0.018907
00550730090796	28683.858896	S	0.621458
00550742022784	28684.480353	W	0.019259
00550742392560	28684.499612	S	0.616006
00550754219876	28685.115619	W	0.018159
00550754568532	28685.133778	S	0.624167
00550766552548	28685.757945	W	0.018025
00550766898632	28685.775970	S	0.125440
00550769307080	28685.901410	W	0.513367
00550779163728	28686.414777	S	0.625180
00550791167176	28687.039957	W	0.015966
00550791473724	28687.055923	S	0.624428
00550803462744	28687.680351	W	0.015883
00550803767692	28687.696234	S	0.237671
00550808330972	28687.933905	W	0.001081
00550808351720	28687.934985	S	0.377512
00550815599952	28688.312497	W	0.025197
00550816083732	28688.337694	S	0.075679
00550817536768	28688.413373	W	0.001028
00550817556504	28688.414401	S	0.546147
00550828042532	28688.960549	W	0.018567
00550828399016	28688.979115	S	0.616973
00550840244888	28689.596088	W	0.016698
00550840565496	28689.612786	S	0.624292
00550852551908	28690.237079	W	0.016446
00550852867680	28690.253525	S	0.625987
00550864886636	28690.879512	W	0.017396
00550865220648	28690.896909	S	0.623421
00550877190332	28691.520330	W	0.017020
00550877517120	28691.537350	S	0.622992
00550889478576	28692.160342	W	0.016893
00550889802924	28692.177236	S	0.623165
00550901767692	28692.800401	W	0.017902
00550902111420	28692.818303	S	0.622063
00550914055028	28693.440366	W	0.043441
00550914889104	28693.483808	S	0.592047
00550926256404	28694.075854	W	0.016839
00550926579712	28694.092693	S	0.624354
00550938567300	28694.717047	W	0.017074
00550938895112	28694.734120	S	0.624266
00550950881012	28695.358386	W	0.017198
00550951211204	28695.375584	S	0.624774
00550963206864	28696.000358	W	0.016885
00550963531060	28696.017243	S	0.623118
00550975494932	28696.640361	W	0.016797
00550975817444	28696.657159	S	0.623236
00550987783568	28697.280394	W	0.017410
00550988117836	28697.297804	S	0.622625
00551000072228	28697.920429	W	0.018949
00551000436052	28697.939378	S	0.616543
00551012273672	28698.555920	W	0.017107
00551012602120	28698.573027	S	0.623940
00551024581768	28699.196967	W	0.016692
00551024902256	28699.213659	S	0.624746
00551036897388	28699.838406	W	0.017040
00551037224552	28699.855445	S	0.623909
00551049203600	28700.479354	W	0.017215
00551049534132	28700.496569	S	0.623772
00551061510564	28701.120342	W	0.017260
00551061841960	28701.137602	S	0.622706
00551073797908	28701.760308	W	0.017944
00551074142424	28701.778251	S	0.622093
00551086086600	28702.400344	W	0.018692
00551086445480	28702.419035	S	0.616788
00551098287808	28703.035823	W	0.016669
00551098607856	28703.052492	S	0.486525
00551107949140	28703.539018	W	0.014973
00551108236620	28703.553991	S	0.123041
00551110599004	28703.677031	W	0.017222
00551110929668	28703.694254	S	0.623827
00551122907156	28704.318081	W	0.016582
00551123225524	28704.334663	S	0.624658
00551135218960	28704.959321	W	0.016931
00551135544036	28704.976252	S	0.624059
00551147525968	28705.600311	W	0.017012
00551147852608	28705.617323	S	0.622970
00551159813636	28706.240294	W	0.017408
00551160147864	28706.257701	S	0.622634
00551172102440	28706.880335	W	0.018566
00551172458908	28706.898901	S	0.616913
00551184303632	28707.515814	W	0.016979
00551184629632	28707.532793	S	0.624088
00551196612112	28708.156881	W	0.016991
00551196938340	28708.173872	S	0.624342
00551208925704	28708.798214	W	0.016870
00551209249616	28708.815084	S	0.624171
00551221233704	28709.439255	W	0.016942
00551221558988	28709.456197	S	0.624212
00551233543868	28710.080410	W	0.016808
00551233866580	28710.097218	S	0.623221
00551245832416	28710.720438	W	0.016848
00551246155904	28710.737287	S	0.623073
00551258118896	28711.360359	W	0.018968
00551258483080	28711.379327	S	0.616489
00551270319672	28711.995816	W	0.017175
00551270649424	28712.012991	S	0.623847
00551282627288	28712.636838	W	0.016972
00551282953156	28712.653810	S	0.624337
00551294940424	28713.278147	W	0.017202
00551295270704	28713.295349	S	0.623857
00551307248752	28713.919206	W	0.017149
00551307578004	28713.936354	S	0.623934
00551319557536	28714.560288	W	0.016883
00551319881696	28714.577172	S	0.623217
00551331847456	28715.200388	W	0.016805
00551332170112	28715.217193	S	0.623202
00551344135592	28715.840395	W	0.017634
00551344474172	28715.858030	S	0.617673
00551356333492	28716.475703	W	0.017007
00551356660036	28716.492710	S	0.624106
00551368642868	28717.116816	W	0.017259
00551368974240	28717.134075	S	0.624035
00551380955712	28717.758110	W	0.017228
00551381286488	28717.775338	S	0.623874
00551393264868	28718.399212	W	0.017175
00551393594620	28718.416386	S	0.623895
00551405573408	28719.040282	W	0.017139
00551405902472	28719.057420	S	0.622886
00551417861876	28719.680306	W	0.016491
00551418178500	28719.696797	S	0.623614
00551430151884	28720.320411	W	0.017741
00551430492516	28720.338152	S	0.622120
00551442437228	28720.960272	W	0.018996
00551442801944	28720.979268	S	0.617528
00551454658476	28721.596796	W	0.017175
00551454988244	28721.613971	S	0.624185
00551466972592	28722.238156	W	0.017123
00551467301352	28722.255279	S	0.623941
00551479281028	28722.879220	W	0.017074
00551479608848	28722.896294	S	0.624036
00551491590332	28723.520330	W	0.069265
00551492920224	28723.589595	S	0.570659
00551503876884	28724.160254	W	0.017212
00551504207364	28724.177467	S	0.622760
00551516164364	28724.800227	W	0.017930
00551516508616	28724.818157	S	0.622183
00551528454536	28725.440340	W	0.018701
00551528813588	28725.459041	S	0.616774
00551540655640	28726.075815	W	0.018323
00551541007440	28726.094138	S	0.623891
00551552986156	28726.718029	W	0.016586
00551553304612	28726.734615	S	0.624578
00551565296500	28727.359193	W	0.018405
00551565649876	28727.377598	S	0.622643
00551577604628	28728.000241	W	0.017234
00551577935524	28728.017475	S	0.622770
00551589892712	28728.640245	W	0.017072
00551590220500	28728.657318	S	0.622921
00551602180592	28729.280239	W	0.017597
00551602518464	28729.297837	S	0.622421
00551614468944	28729.920258	W	0.019103
00551614835712	28729.939360	S	0.616488
00551626672280	28730.555848	W	0.016835
00551626995516	28730.572683	S	0.624248
00551638981080	28731.196931	W	0.018637
00551639338908	28731.215568	S	0.623541
00551651310892	28731.839109	W	0.017162
00551651640396	28731.856271	S	0.623901
00551663619296	28732.480172	W	0.017312
00551663951680	28732.497483	S	0.622667
00551675906880	28733.120150	W	0.016903
00551676231408	28733.137052	S	0.623162
00551688196128	28733.760215	W	0.018008
00551688541884	28733.778223	S	0.621973
00551700483768	28734.400196	W	0.018888
00551700846408	28734.419084	S	0.616610
00551712685324	28735.035694	W	0.016824
00551713008348	28735.052518	S	0.624355
00551724995964	28735.676873	W	0.017078
00551725323868	28735.693951	S	0.624194
00551737308400	28736.318146	W	0.018731
00551737668044	28736.336877	S	0.623288
00551749635172	28736.960165	W	0.016134
00551749944936	28736.976299	S	0.623952
00551761924820	28737.600251	W	0.016978
00551762250800	28737.617229	S	0.623039
00551774213152	28738.240268	W	0.017657
00551774552176	28738.257926	S	0.622255
00551786499476	28738.880181	W	0.018815
00551786860724	28738.898996	S	0.616590
00551798699244	28739.515586	W	0.017252
00551799030476	28739.532837	S	0.623834
00551811008096	28740.156672	W	0.016800
00551811330656	28740.173472	S	0.624661
00551823324152	28740.798133	W	0.017229
00551823654940	28740.815361	S	0.623766
00551835631256	28741.439128	W	0.018383
00551835984212	28741.457511	S	0.622708
00551847940200	28742.080219	W	0.017176
00551848269980	28742.097395	S	0.622744
00551860226656	28742.720138	W	0.018006
00551860572372	28742.738144	S	0.622046
00551872515656	28743.360190	W	0.018865
00551872877860	28743.379055	S	0.616615
00551884716860	28743.995670	W	0.017279
00551885048612	28744.012949	S	0.623774
00551897025068	28744.636722	W	0.017134
00551897354048	28744.653857	S	0.624168
00551909338076	28745.278025	W	0.016826
00551909661144	28745.294851	S	0.624338
00551921648428	28745.919189	W	0.017230
00551921979244	28745.936419	S	0.623693
00551933954156	28746.560112	W	0.016729
00551934275348	28746.576841	S	0.623316
00551946243016	28747.200157	W	0.016974
00551946568924	28747.217131	S	0.623071
00551958531884	28747.840202	W	0.018208
00551958881480	28747.858410	S	0.617318
00551970733988	28748.475729	W	0.016193
00551971044888	28748.491921	S	0.624902
00551983043000	28749.116823	W	0.017042
00551983370212	28749.133865	S	0.624313
00551995357012	28749.758178	W	0.016169
00551995667448	28749.774346	S	0.624897
00552007665480	28750.399244	W	0.015896
00552007970684	28750.415140	S	0.625256
00552019975596	28751.040396	W	0.016337
00552020289268	28751.056733	S	0.623589
00552032262172	28751.680321	W	0.015754
00552032564648	28751.696075	S	0.626952
00552044602128	28752.323027	W	0.014969
00552044889528	28752.337996	S	0.617868
00552056752592	28752.955864	W	0.017302
00552057084800	28752.973167	S	0.623698
00552069059796	28753.596864	W	0.059668
00552070205416	28753.656532	S	0.581704
00552081374132	28754.238236	W	0.017635
00552081712720	28754.255871	S	0.623363
00552093681280	28754.879233	W	0.016155
00552093991452	28754.895388	S	0.624959
00552105990660	28755.520347	W	0.016608
00552106309528	28755.536955	S	0.623396
00552118278740	28756.160351	W	0.016628
00552118598004	28756.176979	S	0.623205
00552130563548	28756.800185	W	0.017635
00552130902144	28756.817820	S	0.617689
00552142761768	28757.435509	W	0.016790
00552143084136	28757.452299	S	0.624283
00552155070376	28758.076582	W	0.018166
00552155419156	28758.094748	S	0.623167
00552167383964	28758.717915	W	0.016921
00552167708848	28758.734836	S	0.624156
00552179692644	28759.358992	W	0.018451
00552180046896	28759.377443	S	0.622618
00552192001156	28760.000060	W	0.016864
00552192324952	28760.016925	S	0.623183
00552204290068	28760.640108	W	0.016224
00552204601560	28760.656331	S	0.623896
00552216580360	28761.280227	W	0.017490
00552216916168	28761.297717	S	0.622375
00552228865760	28761.920092	W	0.018764
00552229226028	28761.938856	S	0.617680
00552241085484	28762.556536	W	0.016823
00552241408484	28762.573359	S	0.624549
00552253399820	28763.197907	W	0.018043
00552253746240	28763.215950	S	0.623019
00552265708212	28763.838969	W	0.016781
00552266030412	28763.855751	S	0.624288
00552278016748	28764.480039	W	0.016710
00552278337572	28764.496749	S	0.481864
00552287589360	28764.978612	W	0.014917
00552287875772	28764.993530	S	0.126575
00552290306008	28765.120105	W	0.016893
00552290630352	28765.136998	S	0.623067
00552302593244	28765.760065	W	0.017349
00552302926344	28765.777414	S	0.622804
00552314884188	28766.400218	W	0.018528
00552315239924	28766.418746	S	0.616780
00552327082104	28767.035526	W	0.018574
00552327438728	28767.054100	S	0.623778
00552339415268	28767.677879	W	0.035966
00552340105816	28767.713845	S	0.605103
00552351723800	28768.318948	W	0.018419
00552352077452	28768.337367	S	0.622617
00552364031704	28768.959985	W	0.016265
00552364344000	28768.976250	S	0.623816
00552376321264	28769.600066	W	0.016880
00552376645364	28769.616946	S	0.623042
00552388607768	28770.239988	W	0.017608
00552388945844	28770.257596	S	0.622419
00552400896292	28770.880015	W	0.018729
00552401255896	28770.898745	S	0.616853
00552413099472	28771.515598	W	0.016869
00552413423348	28771.532466	S	0.624195
00552425407896	28772.156661	W	0.018707
00552425767076	28772.175369	S	0.623554
00552437739316	28772.798923	W	0.017152
00552438068636	28772.816075	S	0.623949
00552450048460	28773.440024	W	0.017371
00552450381980	28773.457395	S	0.622619
00552462336268	28774.080014	W	0.017185
00552462666212	28774.097199	S	0.622799
00552474623952	28774.719998	W	0.017715
00552474964076	28774.737712	S	0.622293
00552486912100	28775.360005	W	0.018976
00552487276436	28775.378981	S	0.616413
00552499111560	28775.995394	W	0.016999
00552499437940	28776.012393	S	0.624228
00552511423108	28776.636620	W	0.017020
00552511749896	28776.653640	S	0.624273
00552523735944	28777.277914	W	0.017954
00552524080664	28777.295868	S	0.624189
00552536065096	28777.920057	W	0.016767
00552536387016	28777.936824	S	0.623255
00552548353504	28778.560078	W	0.017250
00552548684704	28778.577328	S	0.622752
00552560641544	28779.200080	W	0.017829
00552560983860	28779.217909	S	0.622134
00552572928824	28779.840043	W	0.018819
00552573290148	28779.858862	S	0.616617
00552585129196	28780.475479	W	0.017214
00552585459712	28780.492693	S	0.623786
00552597436400	28781.116479	W	0.017008
00552597762956	28781.133487	S	0.624386
00552609751160	28781.757873	W	0.017199
00552610081388	28781.775072	S	0.623829
00552622058900	28782.398901	W	0.018430
00552622412748	28782.417331	S	0.622680
00552634368196	28783.040010	W	0.017099
00552634696504	28783.057110	S	0.622897
00552646656124	28783.680006	W	0.048814
00552647593348	28783.728820	S	0.591102
00552658942508	28784.319922	W	0.018736
00552659302248	28784.338659	S	0.616716
00552671143204	28784.955375	W	0.017241
00552671474232	28784.972616	S	0.623864
00552683452428	28785.596481	W	0.017134
00552683781400	28785.613615	S	0.624237
00552695766752	28786.237852	W	0.016826
00552696089808	28786.254678	S	0.624338
00552708077104	28786.879016	W	0.016546
00552708394784	28786.895562	S	0.624480
00552720384808	28787.520042	W	0.017091
00552720712960	28787.537133	S	0.622783
00552732670400	28788.159917	W	0.017879
00552733013672	28788.177795	S	0.622117
00552744958316	28788.799912	W	0.018832
00552745319892	28788.818744	S	0.616639
00552757159364	28789.435384	W	0.017208
00552757489764	28789.452592	S	0.623853
00552769467736	28790.076445	W	0.018171
00552769816612	28790.094615	S	0.623208
00552781782212	28790.717824	W	0.017022
00552782109028	28790.734845	S	0.624060
00552794090980	28791.358905	W	0.016734
00552794412276	28791.375639	S	0.624442
00552806401560	28792.000081	W	0.016827
00552806724644	28792.016909	S	0.623117
00552818688488	28792.640025	W	0.017383
00552819022240	28792.657408	S	0.622464
00552830973556	28793.279873	W	0.019020
00552831338732	28793.298892	S	0.616468
00552843174916	28793.915360	W	0.017286
00552843506816	28793.932647	S	0.623824
00552855484232	28794.556470	W	0.016934
00552855809364	28794.573404	S	0.624396
00552867797764	28795.197800	W	0.018128
00552868145812	28795.215928	S	0.622916
00552880105808	28795.838844	W	0.017003
00552880432272	28795.855847	S	0.624087
00552892414744	28796.479935	W	0.016841
00552892738088	28796.496775	S	0.623261
00552904704704	28797.120037	W	0.016732
00552905025952	28797.136768	S	0.623306
00552916993432	28797.760075	W	0.017808
00552917335340	28797.777882	S	0.617442
00552929190220	28798.395324	W	0.017011
00552929516840	28798.412335	S	0.624070
00552941498988	28799.036406	W	0.018158
00552941847620	28799.054564	S	0.623144
00552953811976	28799.677707	W	0.017233
00552954142856	28799.694940	S	0.623877
00552966121304	28800.318818	W	0.018169
00552966470156	28800.336987	S	0.622913
00552978430092	28800.959901	W	0.017148
00552978759336	28800.977049	S	0.622842
00552990717904	28801.599891	W	0.016893
00552991042244	28801.616784	S	0.623202
00553003007716	28802.239985	W	0.017534
00553003344368	28802.257519	S	0.622330
00553015293096	28802.879849	W	0.019128
00553015660360	28802.898977	S	0.617420
00553027514824	28803.516397	W	0.017183
00553027844744	28803.533580	S	0.624132
00553039828080	28804.157713	W	0.018175
00553040177036	28804.175887	S	0.622899
00553052136692	28804.798786	W	0.017191
00553052466760	28804.815977	S	0.623872
00553064445108	28805.439849	W	0.017348
00553064778184	28805.457197	S	0.622641
00553076732896	28806.079838	W	0.016892
00553077057220	28806.096730	S	0.623070
00553089020156	28806.719800	W	0.018082
00553089367324	28806.737881	S	0.622059
00553101310848	28807.359940	W	0.018867
00553101673088	28807.378807	S	0.616456
00553113509048	28807.995263	W	0.017458
00553113844248	28808.012721	S	0.625004
00553125844324	28808.637725	W	0.016808
00553126167040	28808.654533	S	0.624259
00553138152808	28809.278792	W	0.018397
00553138506032	28809.297189	S	0.622647
00553150460852	28809.919836	W	0.017204
00553150791168	28809.937040	S	0.622751
00553162747980	28810.559791	W	0.017317
00553163080468	28810.577108	S	0.622673
00553175035792	28811.199781	W	0.017654
00553175374744	28811.217435	S	0.622390
00553187324632	28811.839825	W	0.018994
00553187689312	28811.858818	S	0.616594
00553199527924	28812.475413	W	0.017195
00553199858072	28812.492608	S	0.623845
00553211835896	28813.116453	W	0.018715
00553212195224	28813.135168	S	0.623537
00553224167128	28813.758705	W	0.061314
00553225344352	28813.820018	S	0.579763
00553236475800	28814.399781	W	0.017138
00553236804852	28814.416919	S	0.622864
00553248763836	28815.039783	W	0.017076
00553249091700	28815.056859	S	0.622964
00553261052604	28815.679823	W	0.017686
00553261392180	28815.697509	S	0.622351
00553273341320	28816.319860	W	0.018912
00553273704436	28816.338773	S	0.616471
00553285540672	28816.955243	W	0.016531
00553285858064	28816.971774	S	0.624672
00553297851760	28817.596446	W	0.017071
00553298179524	28817.613517	S	0.624238
00553310164888	28818.237755	W	0.018030
00553310511072	28818.255785	S	0.624108
00553322493948	28818.879893	W	0.016561
00553322811912	28818.896454	S	0.623373
00553334780668	28819.519826	W	0.016884
00553335104848	28819.536711	S	0.623129
00553347068932	28820.159840	W	0.017853
00553347411716	28820.177694	S	0.622089
00553359355828	28820.799783	W	0.019068
00553359721936	28820.818851	S	0.616371
00553371556268	28821.435222	W	0.016959
00553371881872	28821.452181	S	0.624086
00553383864320	28822.076267	W	0.017024
00553384191172	28822.093290	S	0.624435
00553396180320	28822.717725	W	0.017043
00553396507540	28822.734768	S	0.624043
00553408489164	28823.358811	W	0.018303
00553408840588	28823.377114	S	0.622646
00553420795384	28823.999760	W	0.017194
00553421125504	28824.016953	S	0.622798
00553433083224	28824.639751	W	0.018020
00553433429204	28824.657771	S	0.621977
00553445371164	28825.279748	W	0.018983
00553445735632	28825.298731	S	0.616476
00553457571972	28825.915207	W	0.017163
00553457901504	28825.932370	S	0.489809
00553467305832	28826.422179	W	0.015233
00553467598304	28826.437412	S	0.118916
00553469881488	28826.556327	W	0.017130
00553470210380	28826.573457	S	0.624096
00553482193020	28827.197553	W	0.016218
00553482504408	28827.213771	S	0.624997
00553494504352	28827.838768	W	0.017054
00553494831792	28827.855823	S	0.623927
00553506811192	28828.479750	W	0.017274
00553507142856	28828.497024	S	0.622737
00553519099400	28829.119760	W	0.017885
00553519442788	28829.137645	S	0.622096
00553531387024	28829.759741	W	0.019107
00553531753888	28829.778848	S	0.616381
00553543588400	28830.395229	W	0.017148
00553543917636	28830.412377	S	0.623912
00553555896740	28831.036289	W	0.018027
00553556242856	28831.054315	S	0.623301
00553568210228	28831.677616	W	0.017015
00553568536908	28831.694631	S	0.624076
00553580519176	28832.318707	W	0.016866
00553580843008	28832.335573	S	0.624328
00553592830112	28832.959902	W	0.017198
00553593160312	28832.977100	S	0.622658
00553605115344	28833.599758	W	0.016951
00553605440800	28833.616708	S	0.623050
00553617403356	28834.239758	W	0.018971
00553617767596	28834.258729	S	0.616484
00553629604092	28834.875213	W	0.017846
00553629946732	28834.893059	S	0.623202
00553641912212	28835.516261	W	0.017090
00553642240332	28835.533351	S	0.624258
00553654226076	28836.157608	W	0.018150
00553654574548	28836.175758	S	0.622961
00553666535396	28836.798719	W	0.017080
00553666863324	28836.815798	S	0.623996
00553678844048	28837.439794	W	0.016939
00553679169272	28837.456733	S	0.623158
00553691133912	28838.079891	W	0.016971
00553691459752	28838.096862	S	0.622881
00553703419072	28838.719743	W	0.017952
00553703763744	28838.737695	S	0.617520
00553715620132	28839.355215	W	0.017061
00553715947700	28839.372276	S	0.623986
00553727928232	28839.996262	W	0.018091
00553728275580	28840.014353	S	0.623268
00553740242328	28840.637621	W	0.017179
00553740572168	28840.654800	S	0.623802
00553752549160	28841.278602	W	0.018438
00553752903164	28841.297040	S	0.622664
00553764858312	28841.919704	W	0.016825
00553765181348	28841.936529	S	0.623202
00553777146836	28842.559731	W	0.016864
00553777470624	28842.576595	S	0.623248
00553789436984	28843.199843	W	0.017432
00553789771676	28843.217275	S	0.622435
00553801722432	28843.839710	W	0.062813
00553802928440	28843.902523	S	0.573646
00553813942444	28844.476169	W	0.017210
00553814272868	28844.493379	S	0.624154
00553826256620	28845.117532	W	0.018029
00553826602784	28845.135562	S	0.622984
00553838564072	28845.758545	W	0.017104
00553838892468	28845.775649	S	0.624029
00553850873820	28846.399678	W	0.017163
00553851203348	28846.416841	S	0.622826
00553863161600	28847.039667	W	0.017179
00553863491428	28847.056845	S	0.622805
00553875449292	28847.679651	W	0.018177
00553875798296	28847.697828	S	0.621918
00553887739124	28848.319746	W	0.018575
00553888095764	28848.338321	S	0.616903
00553899940292	28848.955224	W	0.018356
00553900292728	28848.973580	S	0.623894
00553912271492	28849.597474	W	0.016890
00553912595784	28849.614364	S	0.624179
00553924580028	28850.238543	W	0.018448
00553924934232	28850.256991	S	0.622624
00553936888616	28850.879615	W	0.017202
00553937218892	28850.896817	S	0.622779
00553949176248	28851.519596	W	0.017406
00553949510444	28851.537002	S	0.622615
00553961464644	28852.159617	W	0.017898
00553961808284	28852.177515	S	0.622090
00553973752420	28852.799605	W	0.019172
00553974120520	28852.818777	S	0.616405
00553985955500	28853.435182	W	0.017156
00553986284888	28853.452338	S	0.623822
00553998262268	28854.076160	W	0.018148
00553998610716	28854.094308	S	0.624274
00554010596772	28854.718582	W	0.017161
00554010926256	28854.735743	S	0.623904
00554022905204	28855.359646	W	0.017343
00554023238188	28855.376989	S	0.622632
00554035192724	28855.999621	W	0.016738
00554035514100	28856.016359	S	0.623322
00554047481888	28856.639682	W	0.017976
00554047827028	28856.657658	S	0.621913
00554059767756	28857.279571	W	0.019018
00554060132896	28857.298588	S	0.616490
00554071969508	28857.915079	W	0.016836
00554072292768	28857.931915	S	0.624346
00554084280204	28858.556261	W	0.017126
00554084609020	28858.573386	S	0.624129
00554096592292	28859.197515	W	0.018116
00554096940112	28859.215631	S	0.623941
00554108919784	28859.839572	W	0.016970
00554109245616	28859.856543	S	0.623037
00554121207928	28860.479580	W	0.017282
00554121539744	28860.496862	S	0.622728
00554133496116	28861.119589	W	0.017668
00554133835344	28861.137257	S	0.622347
00554145784404	28861.759604	W	0.019062
00554146150388	28861.778666	S	0.616411
00554157985480	28862.395077	W	0.017163
00554158315016	28862.412240	S	0.623886
00554170293620	28863.036126	W	0.016843
00554170617000	28863.052969	S	0.624618
00554182609664	28863.677587	W	0.017211
00554182940120	28863.694798	S	0.623794
00554194916972	28864.318592	W	0.018342
00554195269132	28864.336934	S	0.622624
00554207223504	28864.959557	W	0.017193
00554207553604	28864.976750	S	0.622856
00554219512432	28865.599606	W	0.017971
00554219857472	28865.617577	S	0.622028
00554231800404	28866.239604	W	0.018924
00554232163744	28866.258528	S	0.616503
00554244000596	28866.875031	W	0.017389
00554244334456	28866.892420	S	0.623702
00554256309536	28867.516122	W	0.016641
00554256629048	28867.532763	S	0.624737
00554268623992	28868.157500	W	0.018096
00554268971428	28868.175595	S	0.623087
00554280934704	28868.798683	W	0.016925
00554281259664	28868.815608	S	0.624091
00554293242220	28869.439699	W	0.016964
00554293567924	28869.456663	S	0.622980
00554305529144	28870.079643	W	0.017438
00554305863960	28870.097081	S	0.622495
00554317815868	28870.719576	W	0.018750
00554318175860	28870.738326	S	0.616726
00554330017004	28871.355052	W	0.016848
00554330340492	28871.371901	S	0.624151
00554342324184	28871.996051	W	0.018197
00554342673564	28872.014248	S	0.623136
00554354637776	28872.637384	W	0.016599
00554354956484	28872.653984	S	0.624448
00554366945880	28873.278431	W	0.016668
00554367265904	28873.295099	S	0.624518
00554379256652	28873.919617	W	0.054809
00554380308980	28873.974426	S	0.585063
00554391542184	28874.559489	W	0.017025
00554391869072	28874.576514	S	0.622971
00554403830108	28875.199485	W	0.018753
00554404190168	28875.218238	S	0.616745
00554416031676	28875.834983	W	0.016979
00554416357676	28875.851962	S	0.624078
00554428339980	28876.476041	W	0.016633
00554428659340	28876.492674	S	0.624705
00554440653684	28877.117379	W	0.018180
00554441002740	28877.135559	S	0.622850
00554452961452	28877.758409	W	0.016563
00554453279460	28877.774972	S	0.624529
00554465270424	28878.399501	W	0.016583
00554465588808	28878.416084	S	0.623575
00554477561440	28879.039658	W	0.016756
00554477883160	28879.056415	S	0.623191
00554489848428	28879.679606	W	0.017613
00554490186600	28879.697219	S	0.617737
00554502047156	28880.314956	W	0.016690
00554502367604	28880.331646	S	0.624315
00554514354456	28880.955961	W	0.018223
00554514704336	28880.974184	S	0.623117
00554526668176	28881.597301	W	0.016826
00554526991236	28881.614127	S	0.624276
00554538977336	28882.238403	W	0.018467
00554539331904	28882.256870	S	0.622624
00554551286284	28882.879494	W	0.016694
00554551606804	28882.896188	S	0.623301
00554563574184	28883.519489	W	0.016405
00554563889164	28883.535894	S	0.612628
00554575651628	28884.148522	W	0.028490
00554576198636	28884.177012	S	0.622468
00554588150020	28884.799480	W	0.018789
00554588510764	28884.818269	S	0.617738
00554600371328	28885.436007	W	0.016905
00554600695896	28885.452911	S	0.624416
00554612684676	28886.077327	W	0.018173
00554613033600	28886.095500	S	0.622924
00554624993748	28886.718424	W	0.017170
00554625323408	28886.735594	S	0.623885
00554637302004	28887.359479	W	0.017248
00554637633172	28887.376728	S	0.482806
00554646903044	28887.859534	W	0.015260
00554647196028	28887.874793	S	0.124714
00554649590540	28887.999507	W	0.017183
00554649920452	28888.016690	S	0.622644
00554661875216	28888.639334	W	0.017919
00554662219264	28888.657253	S	0.622212
00554674165736	28889.279465	W	0.018976
00554674530080	28889.298442	S	0.616397
00554686364904	28889.914839	W	0.016944
00554686690232	28889.931783	S	0.469927
00554695712828	28890.401710	W	0.019821
00554696093392	28890.421531	S	0.006696
00554696221964	28890.428227	W	0.001063
00554696242380	28890.429291	S	0.006432
00554696365884	28890.435723	W	0.001064
00554696386312	28890.436787	S	0.004514
00554696472972	28890.441301	W	0.001052
00554696493164	28890.442352	S	0.001879
00554696529232	28890.444231	W	0.001053
00554696549448	28890.445284	S	0.004398
00554696633884	28890.449681	W	0.001054
00554696654124	28890.450736	S	0.001920
00554696690992	28890.452656	W	0.001083
00554696711784	28890.453739	S	0.009959
00554696902996	28890.463698	W	0.000509
00554696912776	28890.464207	S	0.007815
00554697062820	28890.472022	W	0.000146
00554697065628	28890.472168	S	0.001408
00554697092668	28890.473576	W	0.000132
00554697095196	28890.473708	S	0.001414
00554697122344	28890.475122	W	0.000110
00554697124452	28890.475232	S	0.001448
00554697152252	28890.476680	W	0.000046
00554697153140	28890.476726	S	0.019080
00554697519480	28890.495806	W	0.000164
00554697522628	28890.495970	S	0.001442
00554697550308	28890.497412	W	0.000047
00554697551204	28890.497459	S	0.060101
00554698705136	28890.557559	W	0.015618
00554699004996	28890.573177	S	0.004781
00554699096800	28890.577958	W	0.000951
00554699115060	28890.578909	S	0.014543
00554699394292	28890.593453	W	0.001101
00554699415436	28890.594554	S	0.016108
00554699724716	28890.610662	W	0.001103
00554699745892	28890.611765	S	0.011913
00554699974620	28890.623678	W	0.001078
00554699995320	28890.624756	S	0.021770
00554700413312	28890.646527	W	0.001060
00554700433668	28890.647587	S	0.005324
00554700535880	28890.652910	W	0.001021
00554700555484	28890.653931	S	0.298822
00554706292872	28890.952754	W	0.001481
00554706321312	28890.954235	S	0.244270
00554711011292	28891.198505	W	0.018197
00554711360680	28891.216702	S	0.622681
00554723316148	28891.839383	W	0.016847
00554723639604	28891.856229	S	0.623195
00554735604956	28892.479425	W	0.016726
00554735926104	28892.496151	S	0.623362
00554747894648	28893.119513	W	0.017174
00554748224392	28893.136687	S	0.622722
00554760180664	28893.759410	W	0.018709
00554760539868	28893.778118	S	0.616863
00554772383644	28894.394981	W	0.017183
00554772713564	28894.412165	S	0.623830
00554784691104	28895.035995	W	0.017878
00554785034364	28895.053873	S	0.624500
00554797024764	28895.678373	W	0.017135
00554797353748	28895.695508	S	0.623871
00554809332076	28896.319379	W	0.016883
00554809656236	28896.336262	S	0.623186
00554821621400	28896.959448	W	0.016922
00554821946300	28896.976370	S	0.623073
00554833909308	28897.599443	W	0.017567
00554834246604	28897.617011	S	0.622414
00554846196952	28898.239425	W	0.018668
00554846555368	28898.258092	S	0.616831
00554858398524	28898.874923	W	0.016567
00554858716608	28898.891490	S	0.624628
00554870709468	28899.516118	W	0.016802
00554871032072	28899.532920	S	0.624455
00554883021612	28900.157376	W	0.017808
00554883363532	28900.175184	S	0.624266
00554895349440	28900.799450	W	0.016891
00554895673740	28900.816341	S	0.623104
00554907637332	28901.439444	W	0.017153
00554907966668	28901.456597	S	0.622838
00554919925152	28902.079435	W	0.017596
00554920263004	28902.097031	S	0.622405
00554932213172	28902.719436	W	0.018936
00554932576744	28902.738372	S	0.616559
00554944414672	28903.354931	W	0.017048
00554944742000	28903.371979	S	0.623935
00554956721552	28903.995914	W	0.047520
00554957633928	28904.043434	S	0.593940
00554969037584	28904.637374	W	0.016897
00554969362000	28904.654271	S	0.624168
00554981346032	28905.278439	W	0.018205
00554981695572	28905.296644	S	0.622726
00554993651920	28905.919371	W	0.016673
00554993972048	28905.936044	S	0.623323
00555005939840	28906.559367	W	0.017672
00555006279136	28906.577038	S	0.622374
00555018228708	28907.199412	W	0.018904
00555018591664	28907.218316	S	0.616563
00555030429664	28907.834878	W	0.017027
00555030756576	28907.851905	S	0.624064
00555042738608	28908.475969	W	0.016942
00555043063896	28908.492911	S	0.624376
00555055051916	28909.117287	W	0.018038
00555055398236	28909.135325	S	0.623086
00555067361496	28909.758411	W	0.016924
00555067686428	28909.775335	S	0.624159
00555079670272	28910.399493	W	0.016983
00555079996336	28910.416476	S	0.623015
00555091958232	28911.039491	W	0.017592
00555092296004	28911.057084	S	0.622285
00555104243884	28911.679369	W	0.018920
00555104607148	28911.698289	S	0.616555
00555116444996	28912.314844	W	0.016962
00555116770676	28912.331806	S	0.624112
00555128753636	28912.955919	W	0.017792
00555129095248	28912.973711	S	0.623589
00555141068148	28913.597299	W	0.016893
00555141392484	28913.614192	S	0.624039
00555153374040	28914.238231	W	0.016521
00555153691236	28914.254752	S	0.624703
00555165685524	28914.879454	W	0.016780
00555166007708	28914.896235	S	0.623241
00555177973932	28915.519476	W	0.017220
00555178304560	28915.536696	S	0.622634
00555190259128	28916.159330	W	0.018838
00555190620824	28916.178168	S	0.616651
00555202460532	28916.794819	W	0.016968
00555202786312	28916.811787	S	0.624132
00555214769640	28917.435919	W	0.016981
00555215095680	28917.452900	S	0.624327
00555227082752	28918.077227	W	0.017872
00555227425904	28918.095099	S	0.623224
00555239391812	28918.718324	W	0.016994
00555239718104	28918.735318	S	0.624002
00555251698936	28919.359320	W	0.016612
00555252017896	28919.375932	S	0.623503
00555263989152	28919.999435	W	0.016457
00555264305136	28920.015892	S	0.623491
00555276276160	28920.639383	W	0.017813
00555276618164	28920.657196	S	0.617580
00555288475704	28921.274776	W	0.016523
00555288792948	28921.291299	S	0.624574
00555300784764	28921.915873	W	0.017991
00555301130196	28921.933864	S	0.623380
00555313099084	28922.557244	W	0.017063
00555313426684	28922.574306	S	0.623917
00555325405892	28923.198224	W	0.016998
00555325732252	28923.215221	S	0.624131
00555337715568	28923.839352	W	0.016793
00555338038000	28923.856146	S	0.623204
00555350003524	28924.479350	W	0.015957
00555350309908	28924.495308	S	0.370695
00555357427256	28924.866003	W	0.044654
00555358284616	28924.910657	S	0.002096
00555358324860	28924.912753	W	0.001065
00555358345308	28924.913818	S	0.023083
00555358788496	28924.936901	W	1.188982
00555381616948	28926.125883	S	0.019746
00555381996080	28926.145629	W	0.000315
00555382002128	28926.145944	S	0.000265
00555382007220	28926.146209	W	0.000194
00555382010936	28926.146403	S	0.000263
00555382015984	28926.146666	W	0.000056
00555382017064	28926.146722	S	0.000260
00555382022052	28926.146982	W	0.000177
00555382025456	28926.147159	S	0.000261
00555382030468	28926.147420	W	0.000048
00555382031392	28926.147468	S	0.105472
00555384056448	28926.252940	W	0.000212
00555384060512	28926.253152	S	0.000267
00555384065640	28926.253419	W	0.000056
00555384066720	28926.253475	S	0.000599
00555384078216	28926.254074	W	0.000275
00555384083496	28926.254349	S	0.000262
00555384088524	28926.254611	W	0.000057
00555384089620	28926.254668	S	0.000382
00555384096960	28926.255050	W	0.000161
00555384100060	28926.255211	S	0.000261
00555384105076	28926.255473	W	0.000064
00555384106308	28926.255537	S	0.000598
00555384117796	28926.256135	W	0.000270
00555384122984	28926.256405	S	0.000261
00555384127996	28926.256666	W	0.000056
00555384129068	28926.256722	S	0.000493
00555384138528	28926.257215	W	0.000161
00555384141620	28926.257376	S	0.000259
00555384146600	28926.257635	W	0.000061
00555384147776	28926.257697	S	0.000928
00555384165584	28926.258624	W	0.000131
00555384168096	28926.258755	S	0.000260
00555384173092	28926.259015	W	0.000056
00555384174160	28926.259071	S	0.016804
00555384496804	28926.275875	W	0.000201
00555384500672	28926.276077	S	0.000259
00555384505652	28926.276336	W	0.000056
00555384506736	28926.276392	S	0.009923
00555384697260	28926.286316	W	0.000182
00555384700748	28926.286497	S	0.000261
00555384705764	28926.286759	W	0.000056
00555384706840	28926.286815	S	0.011828
00555384933940	28926.298643	W	0.000170
00555384937204	28926.298813	S	0.000260
00555384942188	28926.299072	W	0.000060
00555384943336	28926.299132	S	0.001189
00555384966172	28926.300321	W	0.000197
00555384969948	28926.300518	S	0.000260
00555384974932	28926.300778	W	0.000056
00555384976000	28926.300833	S	0.003598
00555385045080	28926.304431	W	0.000182
00555385048576	28926.304613	S	0.000263
00555385053632	28926.304877	W	0.000056
00555385054704	28926.304932	S	0.098361
00555386943232	28926.403293	W	0.000255
00555386948132	28926.403549	S	0.000324
00555386954356	28926.403873	W	0.000056
00555386955436	28926.403929	S	0.005844
00555387067640	28926.409773	W	0.000181
00555387071124	28926.409954	S	0.000260
00555387076112	28926.410214	W	0.000056
00555387077180	28926.410270	S	0.005960
00555387191612	28926.416230	W	0.000167
00555387194824	28926.416397	S	0.000259
00555387199804	28926.416656	W	0.000061
00555387200976	28926.416718	S	0.002019
00555387239748	28926.418737	W	0.000200
00555387243580	28926.418936	S	0.000259
00555387248560	28926.419196	W	0.000048
00555387249476	28926.419244	S	0.005654
00555387358040	28926.424898	W	0.000164
00555387361188	28926.425062	S	0.000261
00555387366208	28926.425323	W	0.000056
00555387367284	28926.425379	S	1.696688
00555419943696	28928.122068	W	0.005505
00555420049388	28928.127572	S	4.731646
00555510896984	28932.859218	W	0.021761
00555511314804	28932.880979	S	3.108035
00555570989072	28935.989014	W	0.413936
00555578936640	28936.402950	S	0.023758
00555579392788	28936.426708	W	0.000254
00555579397660	28936.426961	S	17.735157
00555919912680	28954.162119	W	15.188646
00556211534688	28969.350765	S	0.577525
00556222623172	28969.928290	W	0.031822
00556223234156	28969.960112	S	0.005383
00556223337504	28969.965495	W	0.043634
00556224175280	28970.009129	S	0.002063
00556224214892	28970.011192	W	0.001015
00556224234372	28970.012207	S	0.029540
00556224801540	28970.041747	W	0.115600
00556227021068	28970.157347	S	0.020575
00556227416108	28970.177922	W	0.000282
00556227421516	28970.178204	S	0.000264
00556227426588	28970.178468	W	0.000057
00556227427684	28970.178525	S	0.000859
00556227444180	28970.179384	W	0.000206
00556227448144	28970.179591	S	0.000264
00556227453216	28970.179855	W	0.000063
00556227454424	28970.179918	S	0.001135
00556227476208	28970.181053	W	0.000182
00556227479708	28970.181235	S	0.000266
00556227484824	28970.181501	W	0.000079
00556227486344	28970.181580	S	0.091278
00556229238888	28970.272859	W	0.017550
00556229575852	28970.290409	S	0.004735
00556229666764	28970.295144	W	0.000277
00556229672084	28970.295421	S	0.000288
00556229677612	28970.295709	W	0.000060
00556229678756	28970.295769	S	0.007898
00556229830388	28970.303666	W	0.000183
00556229833908	28970.303849	S	0.000289
00556229839452	28970.304138	W	0.000058
00556229840568	28970.304196	S	0.002249
00556229883752	28970.306445	W	0.000182
00556229887256	28970.306628	S	0.000289
00556229892812	28970.306917	W	0.000050
00556229893764	28970.306967	S	0.004561
00556229981332	28970.311528	W	0.000192
00556229985016	28970.311720	S	0.000286
00556229990504	28970.312005	W	0.000063
00556229991720	28970.312069	S	4.608565
00556318476176	28974.920634	W	1.532193
00556347894272	28976.452827	S	0.012279
00556348130020	28976.465105	W	0.001051
00556348150204	28976.466156	S	0.010841
00556348358348	28976.476997	W	0.144236
00556351127676	28976.621233	S	0.002280
00556351171452	28976.623513	W	0.001111
00556351192776	28976.624624	S	0.020121
00556351579096	28976.644745	W	0.001152
00556351601212	28976.645896	S	0.051239
00556352585004	28976.697136	W	0.143833
00556355346588	28976.840968	S	0.002271
00556355390192	28976.843239	W	0.000392
00556355397720	28976.843631	S	0.020704
00556355795236	28976.864335	W	0.000256
00556355800156	28976.864591	S	0.001374
00556355826528	28976.865965	W	0.000042
00556355827340	28976.866007	S	0.051128
00556356808992	28976.917135	W	0.142965
00556359553920	28977.060100	S	0.022709
00556359989924	28977.082809	W	0.001081
00556360010684	28977.083890	S	0.023620
00556360464184	28977.107510	W	0.187714
00556364068296	28977.295224	S	0.022868
00556364507368	28977.318092	W	0.001240
00556364531168	28977.319332	S	0.913863
00556382077340	28978.233195	W	0.027374
00556382602920	28978.260569	S	0.471292
00556391651720	28978.731860	W	0.001217
00556391675092	28978.733078	S	0.780104
00556406653092	28979.513182	W	0.027590
00556407182828	28979.540772	S	1.252393
00556431228776	28980.793165	W	0.027742
00556431761420	28980.820907	S	1.252250
00556455804624	28982.073157	W	0.027393
00556456330564	28982.100550	S	1.252595
00556480380392	28983.353145	W	0.027599
00556480910288	28983.380744	S	1.263776
00556505174796	28984.644521	W	0.016070
00556505483332	28984.660590	S	1.263900
00556529750220	28985.924491	W	0.016013
00556530057664	28985.940503	S	0.401083
00556537758448	28986.341586	W	0.690160
00556551009528	28987.031746	S	0.012490
00556551249328	28987.044236	W	0.001056
00556551269608	28987.045292	S	0.003494
00556551336696	28987.048786	W	0.001037
00556551356600	28987.049823	S	0.002736
00556551409132	28987.052559	W	0.001012
00556551428568	28987.053571	S	0.005331
00556551530932	28987.058903	W	0.000916
00556551548524	28987.059819	S	0.130669
00556554057368	28987.190488	W	0.075545
00556555507824	28987.266032	S	1.218420
00556578901488	28988.484453	W	0.015673
00556579202404	28988.500125	S	0.846017
00556595445924	28989.346142	W	0.001130
00556595467620	28989.347272	S	0.417208
00556603478020	28989.764480	W	0.015783
00556603781052	28989.780263	S	1.264196
00556628053612	28991.044459	W	0.016357
00556628367672	28991.060816	S	1.263637
00556652629500	28992.324453	W	0.016112
00556652938856	28992.340565	S	1.263870
00556677205156	28993.604435	W	0.015684
00556677506292	28993.620119	S	1.264319
00556701781208	28994.884438	W	0.015717
00556702082984	28994.900155	S	1.264281
00556726357184	28996.164437	W	0.015891
00556726662296	28996.180328	S	0.785038
00556741735032	28996.965366	W	1.015806
00556761238504	28997.981172	S	0.357160
00556768095968	28998.338332	W	0.262522
00556773136392	28998.600854	S	0.077178
00556774618216	28998.678032	W	2.365437
00556820034604	29001.043469	S	0.620665
00556831951376	29001.664134	W	0.031176
00556832549948	29001.695310	S	0.615363
00556844364912	29002.310672	W	0.110241
00556846481532	29002.420913	S	0.534411
00556856742228	29002.955324	W	0.061930
00556857931276	29003.017254	S	0.579592
00556869059448	29003.596846	W	0.020964
00556869461952	29003.617810	S	0.621398
00556881392784	29004.239207	W	0.019905
00556881774968	29004.259113	S	0.621289
00556893703716	29004.880402	W	0.019692
00556894081796	29004.900094	S	0.617430
00556905936444	29005.517523	W	0.016537
00556906253948	29005.534060	S	0.536285
00556916550620	29006.070345	W	0.000665
00556916563380	29006.071009	S	0.021535
00556916976852	29006.092544	W	0.000283
00556916982284	29006.092827	S	0.001436
00556917009848	29006.094263	W	0.000050
00556917010816	29006.094313	S	0.001445
00556917038568	29006.095759	W	0.000162
00556917041688	29006.095921	S	0.001414
00556917068836	29006.097335	W	0.000037
00556917069556	29006.097373	S	0.061936
00556918258720	29006.159308	W	0.016800
00556918581280	29006.176108	S	0.624149
00556930564932	29006.800257	W	0.016739
00556930886320	29006.816996	S	0.624351
00556942873864	29007.441347	W	1.697174
00556975459600	29009.138521	S	0.370438
00556982572012	29009.508959	W	3.305367
00557046035064	29012.814326	S	0.024630
00557046507956	29012.838956	W	0.000411
00557046515848	29012.839367	S	0.001432
00557046543344	29012.840799	W	0.000044
00557046544184	29012.840843	S	0.018047
00557046890680	29012.858890	W	0.000199
00557046894500	29012.859089	S	0.001413
00557046921636	29012.860502	W	0.000079
00557046923160	29012.860581	S	0.008477
00557047085912	29012.869058	W	0.000154
00557047088868	29012.869212	S	0.001411
00557047115968	29012.870623	W	0.000040
00557047116728	29012.870663	S	0.012786
00557047362216	29012.883449	W	0.095184
00557049189756	29012.978633	S	0.296620
00557054884860	29013.275253	W	0.090962
00557056631332	29013.366215	S	0.379886
00557063925152	29013.746102	W	0.009783
00557064112980	29013.755884	S	0.243985
00557068797492	29013.999869	W	0.016080
00557069106228	29014.015949	S	0.200834
00557072962236	29014.216783	W	0.017195
00557073292380	29014.233978	S	0.058559
00557074416704	29014.292537	W	0.001186
00557074439484	29014.293723	S	0.236950
00557078988916	29014.530673	W	0.019207
00557079357688	29014.549880	S	0.137579
00557081999200	29014.687458	W	0.017297
00557082331308	29014.704756	S	0.061144
00557083505264	29014.765899	W	0.095827
00557085345148	29014.861726	S	0.296533
00557091038576	29015.158259	W	0.017140
00557091367656	29015.175399	S	0.453611
00557100076996	29015.629010	W	0.010210
00557100273024	29015.639220	S	0.460561
00557109115800	29016.099781	W	0.017246
00557109446924	29016.117027	S	0.296609
00557115141824	29016.413637	W	0.039995
00557115909732	29016.453632	S	0.116889
00557118154008	29016.570521	W	0.010145
00557118348784	29016.580666	S	0.068318
00557119660484	29016.648984	W	0.014570
00557119940220	29016.663553	S	0.091577
00557121698492	29016.755130	W	0.072346
00557123087544	29016.827476	S	0.213599
00557127188640	29017.041075	W	0.014329
00557127463752	29017.055404	S	0.091948
00557129229156	29017.147352	W	0.030919
00557129822804	29017.178271	S	0.333677
00557136229408	29017.511948	W	0.010274
00557136426660	29017.522222	S	0.460597
00557145270124	29017.982819	W	0.014244
00557145543616	29017.997063	S	0.299620
00557151296312	29018.296683	W	0.039907
00557152062536	29018.336590	S	0.116782
00557154304756	29018.453373	W	0.010408
00557154504580	29018.463780	S	0.091338
00557156258268	29018.555118	W	0.030856
00557156850708	29018.585974	S	0.338370
00557163347408	29018.924344	W	0.017379
00557163681092	29018.941724	S	0.084166
00557165297076	29019.025889	W	0.072345
00557166686104	29019.098235	S	0.296891
00557172386408	29019.395125	W	0.010026
00557172578912	29019.405152	S	0.460733
00557181424992	29019.865885	W	0.017263
00557181756440	29019.883148	S	0.038115
00557182488240	29019.921263	W	0.017233
00557182819112	29019.938495	S	0.075060
00557184260256	29020.013555	W	0.021882
00557184680388	29020.035437	S	0.301219
00557190463800	29020.336656	W	0.010120
00557190658096	29020.346776	S	0.243716
00557195337436	29020.590491	W	0.016239
00557195649220	29020.606730	S	0.200511
00557199499040	29020.807242	W	0.017452
00557199834112	29020.824693	S	0.084248
00557201451664	29020.908941	W	0.030888
00557202044720	29020.939829	S	0.338342
00557208540892	29021.278171	W	0.010150
00557208735768	29021.288321	S	0.460616
00557217579592	29021.748937	W	0.017263
00557217911044	29021.766200	S	0.453501
00557226618264	29022.219701	W	0.010208
00557226814256	29022.229909	S	0.460580
00557235657396	29022.690489	W	0.017246
00557235988520	29022.707735	S	0.453337
00557244692592	29023.161072	W	0.086609
00557246355480	29023.247681	S	0.384164
00557253731424	29023.631845	W	0.086741
00557255396844	29023.718586	S	0.384027
00557262770164	29024.102613	W	0.199330
00557266597304	29024.301943	S	0.276829
00557271912428	29024.578772	W	0.262611
00557276954564	29024.841384	S	0.076770
00557278428540	29024.918153	W	3.006192
00557336147420	29027.924345	S	0.618164
00557348016164	29028.542509	W	0.031698
00557348624756	29028.574206	S	0.615214
00557360436856	29029.189420	W	0.088064
00557362127676	29029.277483	S	0.556492
00557372812328	29029.833975	W	0.022703
00557373248216	29029.856678	S	0.620057
00557385153308	29030.476735	W	0.056441
00557386236968	29030.533175	S	0.586065
00557397489408	29031.119240	W	0.107206
00557399547772	29031.226446	S	0.533871
00557409798096	29031.760318	W	0.019712
00557410176572	29031.780030	S	0.616317
00557422009868	29032.396347	W	0.016520
00557422327048	29032.412867	S	0.625009
00557434327220	29033.037876	W	0.016820
00557434650172	29033.054696	S	0.624544
00557446641424	29033.679241	W	0.016768
00557446963360	29033.696008	S	0.624367
00557458951208	29034.320375	W	0.016841
00557459274564	29034.337217	S	0.624226
00557471259700	29034.961443	W	0.016965
00557471585432	29034.978408	S	0.623022
00557483547460	29035.601430	W	0.054645
00557484596652	29035.656076	S	0.585435
00557495837004	29036.241511	W	0.018655
00557496195184	29036.260166	S	0.616678
00557508035408	29036.876844	W	0.016979
00557508361400	29036.893823	S	0.624079
00557520343708	29037.517901	W	0.016499
00557520660492	29037.534401	S	0.624985
00557532660196	29038.159385	W	0.016866
00557532984016	29038.176251	S	0.624066
00557544966092	29038.800317	W	0.016619
00557545285172	29038.816936	S	0.624485
00557557275288	29039.441421	W	0.016884
00557557599464	29039.458305	S	0.623039
00557569561816	29040.081345	W	0.016766
00557569883716	29040.098110	S	0.623299
00557581851060	29040.721409	W	0.053170
00557582871916	29040.774579	S	0.582400
00557594053992	29041.356979	W	0.016577
00557594372264	29041.373555	S	0.624333
00557606359464	29041.997889	W	0.016902
00557606683988	29042.014791	S	0.624417
00557618672800	29042.639208	W	0.016160
00557618983068	29042.655368	S	0.625026
00557630983576	29043.280395	W	0.016679
00557631303808	29043.297073	S	0.624323
00557643290816	29043.921397	W	0.016701
00557643611480	29043.938098	S	0.623316
00557655579148	29044.561414	W	0.016710
00557655899972	29044.578124	S	0.623314
00557667867604	29045.201438	W	0.017421
00557668202088	29045.218859	S	0.622597
00557680155944	29045.841455	W	0.018342
00557680508104	29045.859797	S	0.618134
00557692376272	29046.477931	W	0.051878
00557693372336	29046.529809	S	0.589654
00557704693700	29047.119464	W	0.016695
00557705014248	29047.136159	S	0.623996
00557716994976	29047.760155	W	0.016502
00557717311820	29047.776657	S	0.624679
00557729305656	29048.401336	W	0.016857
00557729629308	29048.418193	S	0.623123
00557741593276	29049.041316	W	0.016942
00557741918556	29049.058258	S	0.623009
00557753880328	29049.681267	W	0.017517
00557754216664	29049.698785	S	0.622594
00557766170468	29050.321379	W	0.018535
00557766526336	29050.339913	S	0.616962
00557778372008	29050.956875	W	0.016785
00557778694272	29050.973660	S	0.625607
00557790705924	29051.599267	W	0.016794
00557791028360	29051.616060	S	0.624279
00557803014512	29052.240339	W	0.016683
00557803334828	29052.257022	S	0.624317
00557815321720	29052.881340	W	0.016466
00557815637868	29052.897806	S	0.623639
00557827611740	29053.521445	W	0.016796
00557827934232	29053.538241	S	0.623125
00557839898236	29054.161366	W	0.017449
00557840233256	29054.178815	S	0.622593
00557852187044	29054.801409	W	0.018428
00557852540860	29054.819836	S	0.617040
00557864388028	29055.436876	W	0.016817
00557864710924	29055.453694	S	0.624171
00557876695008	29056.077865	W	0.016757
00557877016736	29056.094622	S	0.625569
00557889027660	29056.720191	W	0.016777
00557889349776	29056.736968	S	0.624332
00557901336944	29057.361299	W	0.017045
00557901664208	29057.378344	S	0.622953
00557913624908	29058.001297	W	0.016703
00557913945604	29058.018000	S	0.623396
00557925914804	29058.641396	W	0.054473
00557926960684	29058.695869	S	0.585664
00557938205432	29059.281533	W	0.042340
00557939018356	29059.323873	S	0.592832
00557950400724	29059.916704	W	0.016994
00557950727012	29059.933699	S	0.624093
00557962709600	29060.557792	W	0.045697
00557963586976	29060.603488	S	0.002438
00557963633784	29060.605926	W	0.000949
00557963652012	29060.606876	S	0.091576
00557965410268	29060.698451	W	0.001268
00557965434620	29060.699720	S	0.499403
00557975023164	29061.199123	W	0.016875
00557975347156	29061.215998	S	0.625242
00557987351808	29061.841240	W	0.016845
00557987675236	29061.858085	S	0.623204
00557999640748	29062.481289	W	0.088057
00558001331436	29062.569346	S	0.551926
00558011928408	29063.121271	W	0.017781
00558012269812	29063.139053	S	0.622368
00558024219280	29063.761421	W	0.057668
00558025326504	29063.819089	S	0.577714
00558036418616	29064.396803	W	0.016866
00558036742448	29064.413669	S	0.624106
00558048725284	29065.037775	W	0.016739
00558049046672	29065.054514	S	0.624615
00558061039288	29065.679130	W	0.016785
00558061361556	29065.695914	S	0.624289
00558073347904	29066.320203	W	0.016827
00558073670992	29066.337031	S	0.624261
00558085656808	29066.961292	W	0.016787
00558085979112	29066.978079	S	0.623205
00558097944640	29067.601283	W	0.017530
00558098281208	29067.618813	S	0.622505
00558110233296	29068.241318	W	0.018534
00558110589156	29068.259852	S	0.617009
00558122435724	29068.876861	W	0.055946
00558123509892	29068.932807	S	0.585349
00558134748596	29069.518156	W	0.016760
00558135070384	29069.534916	S	0.624063
00558147052388	29070.158979	W	0.016782
00558147374612	29070.175761	S	0.624297
00558159361108	29070.800058	W	0.016826
00558159684176	29070.816884	S	0.624253
00558171669836	29071.441137	W	0.016899
00558171994292	29071.458036	S	0.623126
00558183958320	29072.081162	W	0.089425
00558185675276	29072.170587	S	0.550653
00558196247820	29072.721241	W	0.018638
00558196605660	29072.739878	S	0.616844
00558208449064	29073.356722	W	0.172126
00558211753892	29073.528849	S	0.053196
00558212775264	29073.582045	W	0.031465
00558213379396	29073.613510	S	0.012069
00558213611116	29073.625579	W	0.001008
00558213630476	29073.626587	S	0.012449
00558213869500	29073.639036	W	0.001163
00558213891828	29073.640199	S	0.588919
00558225199080	29074.229119	W	0.024398
00558225667516	29074.253516	S	0.613135
00558237439716	29074.866652	W	0.085546
00558239082196	29074.952198	S	0.261402
00558244101112	29075.213600	W	0.002236
00558244144040	29075.215835	S	0.100121
00558246066368	29075.315957	W	0.002689
00558246117996	29075.318646	S	0.027655
00558246648980	29075.346301	W	0.001156
00558246671168	29075.347457	S	0.010296
00558246868852	29075.357753	W	0.001160
00558246891128	29075.358913	S	0.005331
00558246993488	29075.364244	W	0.001044
00558247013536	29075.365288	S	0.052248
00558248016692	29075.417536	W	0.001497
00558248045436	29075.419033	S	0.091854
00558249809028	29075.510887	W	0.027303
00558250333248	29075.538190	S	0.037481
00558251052888	29075.575671	W	0.000970
00558251071508	29075.576641	S	0.550950
00558261649748	29076.127591	W	0.005828
00558261761648	29076.133419	S	0.015578
00558262060752	29076.148998	W	0.019801
00558262440924	29076.168798	S	0.060363
00558263599900	29076.229161	W	0.002552
00558263648896	29076.231713	S	0.045217
00558264517056	29076.276930	W	0.014800
00558264801224	29076.291730	S	0.040529
00558265579384	29076.332260	W	0.002131
00558265620296	29076.334390	S	0.458102
00558274415860	29076.792493	W	0.017604
00558274753852	29076.810096	S	0.038620
00558275495352	29076.848716	W	0.001334
00558275520964	29076.850050	S	0.584856
00558286750204	29077.434906	W	0.017852
00558287092956	29077.452758	S	0.623717
00558299068328	29078.076475	W	0.016236
00558299380060	29078.092711	S	0.046957
00558300281636	29078.139669	W	0.001043
00558300301656	29078.140711	S	0.006354
00558300423644	29078.147065	W	0.001111
00558300444980	29078.148176	S	0.016487
00558300761540	29078.164664	W	0.001076
00558300782200	29078.165740	S	0.010786
00558300989288	29078.176525	W	0.001031
00558301009084	29078.177556	S	0.012051
00558301240468	29078.189608	W	0.001114
00558301261860	29078.190722	S	0.091445
00558303017596	29078.282166	W	0.001169
00558303040036	29078.283335	S	0.434806
00558311388308	29078.718141	W	0.015549
00558311686856	29078.733690	S	0.624461
00558323676512	29079.358152	W	0.016154
00558323986660	29079.374305	S	0.623969
00558335966860	29079.998274	W	0.018529
00558336322624	29080.016803	S	0.124108
00558338705492	29080.140911	W	0.001116
00558338726924	29080.142027	S	0.491806
00558348169592	29080.633833	W	0.016820
00558348492528	29080.650653	S	0.624274
00558360478592	29081.274927	W	0.018173
00558360827504	29081.293099	S	0.623198
00558372792900	29081.916297	W	0.016960
00558373118540	29081.933257	S	0.624130
00558385101844	29082.557388	W	0.017738
00558385442412	29082.575126	S	0.623327
00558397410288	29083.198453	W	0.016629
00558397729560	29083.215081	S	0.623376
00558409698376	29083.838457	W	0.016499
00558410015148	29083.854956	S	0.623632
00558421988888	29084.478588	W	0.017182
00558422318780	29084.495770	S	0.618197
00558434188172	29085.113967	W	0.016902
00558434512688	29085.130869	S	0.624183
00558446497008	29085.755053	W	0.016626
00558446816236	29085.771679	S	0.624722
00558458810896	29086.396401	W	0.017991
00558459156328	29086.414392	S	0.623092
00558471119692	29087.037484	W	0.016353
00558471433664	29087.053837	S	0.624706
00558483428012	29087.678542	W	0.016588
00558483746492	29087.695130	S	0.623409
00558495715940	29088.318539	W	0.016060
00558496024288	29088.334598	S	0.623999
00558508005060	29088.958597	W	0.017481
00558508340688	29088.976077	S	0.622590
00558520294408	29089.598667	W	0.018321
00558520646176	29089.616988	S	0.618075
00558532513212	29090.235063	W	0.017970
00558532858232	29090.253033	S	0.623363
00558544826800	29090.876396	W	0.016738
00558545148176	29090.893134	S	0.624333
00558557135364	29091.517467	W	0.018233
00558557485436	29091.535700	S	0.622846
00558569444080	29092.158546	W	0.016790
00558569766452	29092.175336	S	0.623069
00558581729372	29092.798405	W	0.016735
00558582050680	29092.815140	S	0.623310
00558594018232	29093.438450	W	0.017480
00558594353844	29093.455929	S	0.622545
00558606306700	29094.078474	W	0.018645
00558606664684	29094.097119	S	0.616922
00558618509588	29094.714041	W	0.016605
00558618828396	29094.730646	S	0.625719
00558630842196	29095.356364	W	0.017821
00558631184364	29095.374186	S	0.083786
00558632793056	29095.457972	W	0.118065
00558635059896	29095.576036	S	0.421459
00558643151908	29095.997495	W	0.017740
00558643492520	29096.015235	S	0.623382
00558655461452	29096.638617	W	0.017832
00558655803828	29096.656449	S	0.621944
00558667745144	29097.278393	W	0.016517
00558668062272	29097.294910	S	0.623505
00558680033564	29097.918415	W	0.017351
00558680366708	29097.935766	S	0.622576
00558692320160	29098.558342	W	0.018681
00558692678828	29098.577022	S	0.616839
00558704522132	29099.193861	W	0.016565
00558704840188	29099.210426	S	0.624638
00558716833232	29099.835064	W	0.016388
00558717147880	29099.851452	S	0.626025
00558729167560	29100.477477	W	0.018116
00558729515392	29100.495593	S	0.622811
00558741473372	29101.118405	W	0.016626
00558741792592	29101.135031	S	0.623380
00558753761484	29101.758411	W	0.016845
00558754084904	29101.775255	S	0.623102
00558766048460	29102.398357	W	0.017553
00558766385472	29102.415910	S	0.622440
00558778336312	29103.038350	W	0.018912
00558778699416	29103.057261	S	0.616578
00558790537708	29103.673839	W	0.016515
00558790854788	29103.690354	S	0.624588
00558802846884	29104.314942	W	0.016632
00558803166220	29104.331574	S	0.624805
00558815162472	29104.956379	W	0.054087
00558816200940	29105.010466	S	0.587972
00558827490000	29105.598438	W	0.016881
00558827814112	29105.615318	S	0.623053
00558839776720	29106.238371	W	0.016467
00558840092892	29106.254838	S	0.623552
00558852065088	29106.878390	W	0.017494
00558852400980	29106.895884	S	0.622497
00558864352924	29107.518381	W	0.018306
00558864704392	29107.536687	S	0.617193
00558876554496	29108.153880	W	0.016608
00558876873360	29108.170487	S	0.624495
00558888863656	29108.794982	W	0.016446
00558889179428	29108.811429	S	0.624913
00558901177760	29109.436342	W	0.017271
00558901509364	29109.453613	S	0.623883
00558913487924	29110.077496	W	0.016496
00558913804652	29110.093992	S	0.624506
00558925795168	29110.718498	W	0.016931
00558926120248	29110.735430	S	0.622942
00558938080736	29111.358372	W	0.017436
00558938415508	29111.375808	S	0.622561
00558950368676	29111.998369	W	0.018596
00558950725716	29112.016964	S	0.616800
00558962568276	29112.633764	W	0.016472
00558962884544	29112.650237	S	0.624598
00558974876820	29113.274834	W	0.018059
00558975223544	29113.292893	S	0.623325
00558987191388	29113.916218	W	0.016547
00558987509084	29113.932765	S	0.624537
00558999500192	29114.557302	W	0.016254
00558999812260	29114.573555	S	0.624909
00559011810504	29115.198464	W	0.016685
00559012130864	29115.215149	S	0.623248
00559024097220	29115.838397	W	0.017307
00559024429520	29115.855704	S	0.622703
00559036385408	29116.478407	W	0.018457
00559036739784	29116.496864	S	0.617008
00559048586344	29117.113872	W	0.017671
00559048925624	29117.131543	S	0.623310
00559060893172	29117.754853	W	0.016559
00559061211104	29117.771412	S	0.624803
00559073207312	29118.396214	W	0.017262
00559073538740	29118.413476	S	0.623839
00559085516440	29119.037315	W	0.016304
00559085829476	29119.053619	S	0.624782
00559097825288	29119.678400	W	0.016260
00559098137488	29119.694661	S	0.269490
00559103311704	29119.964151	W	0.001444
00559103339432	29119.965595	S	0.352926
00559110115616	29120.318522	W	0.016701
00559110436276	29120.335223	S	0.623081
00559122399432	29120.958304	W	0.018595
00559122756460	29120.976899	S	0.616874
00559134600448	29121.593773	W	0.016572
00559134918624	29121.610345	S	0.624500
00559146909028	29122.234845	W	0.017956
00559147253784	29122.252801	S	0.623313
00559159221400	29122.876115	W	0.016643
00559159540940	29122.892757	S	0.624446
00559171530308	29123.517204	W	0.018247
00559171880656	29123.535451	S	0.622827
00559183838932	29124.158278	W	0.016575
00559184157168	29124.174853	S	0.623464
00559196127672	29124.798316	W	0.016307
00559196440768	29124.814623	S	0.623797
00559208417672	29125.438420	W	0.017123
00559208746428	29125.455543	S	0.618207
00559220616000	29126.073750	W	0.018269
00559220966756	29126.092019	S	0.622794
00559232924404	29126.714813	W	0.016727
00559233245572	29126.731540	S	0.624635
00559245238564	29127.356175	W	0.017990
00559245583964	29127.374165	S	0.623099
00559257547468	29127.997264	W	0.016545
00559257865124	29128.013809	S	0.624549
00559269856456	29128.638357	W	0.017104
00559270184852	29128.655461	S	0.622760
00559282141844	29129.278221	W	0.016743
00559282463312	29129.294964	S	0.623290
00559294430480	29129.918254	W	0.017836
00559294772940	29129.936091	S	0.622297
00559306721048	29130.558388	W	0.018669
00559307079492	29130.577057	S	0.617789
00559318941032	29131.194845	W	0.017965
00559319285952	29131.212810	S	0.623378
00559331254816	29131.836188	W	0.016616
00559331573840	29131.852804	S	0.624442
00559343563132	29132.477246	W	0.018175
00559343912084	29132.495421	S	0.622831
00559355870432	29133.118252	W	0.016746
00559356191952	29133.134998	S	0.623263
00559368158600	29133.758260	W	0.017111
00559368487136	29133.775372	S	0.622893
00559380446680	29134.398265	W	0.017605
00559380784692	29134.415869	S	0.622397
00559392734720	29135.038267	W	0.049886
00559393692540	29135.088153	S	0.585661
00559404937224	29135.673814	W	0.016899
00559405261684	29135.690713	S	0.625428
00559417269908	29136.316141	W	0.017882
00559417613244	29136.334023	S	0.623209
00559429578860	29136.957232	W	0.016774
00559429900912	29136.974006	S	0.624294
00559441887364	29137.598300	W	0.017049
00559442214708	29137.615349	S	0.100996
00559444153836	29137.716346	W	0.014894
00559444439796	29137.731239	S	0.507000
00559454174196	29138.238239	W	0.016827
00559454497284	29138.255067	S	0.623062
00559466460068	29138.878129	W	0.017813
00559466802084	29138.895942	S	0.622189
00559478748108	29139.518131	W	0.018823
00559479109504	29139.536953	S	0.616701
00559490950172	29140.153655	W	0.016720
00559491271192	29140.170375	S	0.624439
00559503260416	29140.794813	W	0.016750
00559503582012	29140.811563	S	0.625583
00559515593208	29141.437146	W	0.018283
00559515944248	29141.455430	S	0.622705
00559527900188	29142.078135	W	0.016880
00559528224280	29142.095015	S	0.623167
00559540189084	29142.718181	W	0.016707
00559540509860	29142.734889	S	0.623314
00559552477496	29143.358203	W	0.017651
00559552816400	29143.375854	S	0.622348
00559564765472	29143.998202	W	0.018673
00559565123984	29144.016874	S	0.616727
00559576965140	29144.633601	W	0.016903
00559577289668	29144.650504	S	0.624186
00559589274040	29145.274690	W	0.018064
00559589620868	29145.292754	S	0.623354
00559601589264	29145.916108	W	0.016733
00559601910544	29145.932841	S	0.625415
00559613918512	29146.558256	W	0.016885
00559614242708	29146.575141	S	0.623055
00559626205372	29147.198196	W	0.016885
00559626529556	29147.215081	S	0.623121
00559638493488	29147.838202	W	0.017644
00559638832260	29147.855847	S	0.622353
00559650781436	29148.478200	W	0.018759
00559651141612	29148.496959	S	0.616736
00559662982948	29149.113695	W	0.018315
00559663334596	29149.132010	S	0.622624
00559675288980	29149.754634	W	0.016937
00559675614164	29149.771571	S	0.624379
00559687602248	29150.395950	W	0.016774
00559687924308	29150.412724	S	0.624411
00559699913000	29151.037135	W	0.016842
00559700236360	29151.053977	S	0.624238
00559712221736	29151.678215	W	0.016995
00559712548044	29151.695211	S	0.623018
00559724509980	29152.318228	W	0.017638
00559724848632	29152.335866	S	0.622349
00559736797736	29152.958215	W	0.018799
00559737158668	29152.977014	S	0.616615
00559748997676	29153.593629	W	0.016923
00559749322588	29153.610551	S	0.624159
00559761306432	29154.234710	W	0.017947
00559761651020	29154.252657	S	0.623382
00559773619964	29154.876040	W	0.016708
00559773940764	29154.892748	S	0.624355
00559785928388	29155.517104	W	0.016281
00559786240980	29155.533384	S	0.624881
00559798238692	29156.158265	W	0.016919
00559798563528	29156.175184	S	0.623024
00559810525592	29156.798208	W	0.017441
00559810860460	29156.815649	S	0.622416
00559822810852	29157.438065	W	0.018803
00559823171868	29157.456868	S	0.616696
00559835012424	29158.073564	W	0.016981
00559835338456	29158.090545	S	0.624082
00559847320828	29158.714626	W	0.016815
00559847643668	29158.731441	S	0.624540
00559859634840	29159.355981	W	0.018146
00559859983252	29159.374128	S	0.622843
00559871941832	29159.996970	W	0.016907
00559872266444	29160.013877	S	0.624207
00559884251212	29160.638084	W	0.016561
00559884569176	29160.654645	S	0.623578
00559896541864	29161.278222	W	0.016932
00559896866960	29161.295154	S	0.622921
00559908827036	29161.918075	W	0.018872
00559909189372	29161.936946	S	0.616594
00559921027984	29162.553541	W	0.016838
00559921351280	29162.570379	S	0.624258
00559933337036	29163.194637	W	0.017990
00559933682452	29163.212628	S	0.623331
00559945650416	29163.835959	W	0.016875
00559945974412	29163.852834	S	0.624210
00559957959236	29164.477044	W	0.018243
00559958309500	29164.495286	S	0.622827
00559970267772	29165.118113	W	0.074696
00559971701932	29165.192809	S	0.565309
00559982555860	29165.758118	W	0.016754
00559982877540	29165.774872	S	0.623322
00559994845328	29166.398194	W	0.017558
00559995182448	29166.415753	S	0.617840
00560007044984	29167.033593	W	0.018311
00560007396560	29167.051904	S	0.622679
00560019351992	29167.674583	W	0.016894
00560019676360	29167.691477	S	0.624455
00560031665896	29168.315932	W	0.017973
00560032010972	29168.333905	S	0.623111
00560043974696	29168.957015	W	0.016825
00560044297740	29168.973841	S	0.624250
00560056283340	29169.598091	W	0.017181
00560056613208	29169.615271	S	0.622756
00560068570120	29170.238027	W	0.016919
00560068894960	29170.254946	S	0.623082
00560080858144	29170.878028	W	0.017854
00560081200936	29170.895882	S	0.622281
00560093148740	29171.518164	W	0.018498
00560093503896	29171.536661	S	0.617968
00560105368872	29172.154629	W	0.017970
00560105713900	29172.172599	S	0.623356
00560117682344	29172.795955	W	0.016844
00560118005748	29172.812799	S	0.624245
00560129991244	29173.437044	W	0.018201
00560130340696	29173.455245	S	0.622718
00560142296876	29174.077962	W	0.016889
00560142621136	29174.094851	S	0.623144
00560154585492	29174.717994	W	0.016763
00560154907344	29174.734757	S	0.623257
00560166873880	29175.358015	W	0.017735
00560167214384	29175.375749	S	0.622260
00560179161784	29175.998010	W	0.018906
00560179524772	29176.016915	S	0.616697
00560191365360	29176.633613	W	0.016927
00560191690360	29176.650540	S	0.625416
00560203698356	29177.275956	W	0.017920
00560204042420	29177.293876	S	0.623058
00560216005136	29177.916934	W	0.016819
00560216328064	29177.933753	S	0.624250
00560228313668	29178.558004	W	0.017019
00560228640436	29178.575023	S	0.623011
00560240602244	29179.198034	W	0.016135
00560240912040	29179.214169	S	0.623930
00560252891492	29179.838099	W	0.017820
00560253233644	29179.855919	S	0.622123
00560265178412	29180.478042	W	0.018769
00560265538784	29180.496812	S	0.616686
00560277379164	29181.113498	W	0.016582
00560277697532	29181.130080	S	0.624599
00560289689832	29181.754679	W	0.016747
00560290011384	29181.771426	S	0.625664
00560302024136	29182.397090	W	0.018079
00560302371260	29182.415170	S	0.622770
00560314328436	29183.037939	W	0.016876
00560314652452	29183.054815	S	0.623151
00560326616960	29183.677967	W	0.017175
00560326946712	29183.695141	S	0.622838
00560338905196	29184.317979	W	0.017610
00560339243308	29184.335589	S	0.622381
00560351193016	29184.957970	W	0.018849
00560351554924	29184.976819	S	0.616616
00560363393948	29185.593435	W	0.016887
00560363718188	29185.610322	S	0.624197
00560375702776	29186.234520	W	0.017957
00560376047556	29186.252477	S	0.623454
00560388017876	29186.875931	W	0.016952
00560388343348	29186.892883	S	0.625117
00560400345604	29187.518000	W	0.017087
00560400673668	29187.535087	S	0.622839
00560412632176	29188.157926	W	0.016687
00560412952568	29188.174613	S	0.623343
00560424920756	29188.797956	W	0.017761
00560425261772	29188.815717	S	0.622221
00560437208420	29189.437939	W	0.018782
00560437569032	29189.456720	S	0.616715
00560449409964	29190.073436	W	0.018255
00560449760460	29190.091691	S	0.622803
00560461718268	29190.714493	W	0.016877
00560462042304	29190.731370	S	0.624475
00560474032228	29191.355845	W	0.016605
00560474351048	29191.372450	S	0.624586
00560486343096	29191.997036	W	0.016824
00560486666108	29192.013860	S	0.624178
00560498650320	29192.638038	W	0.017068
00560498978032	29192.655106	S	0.622853
00560510936812	29193.277959	W	0.017687
00560511276412	29193.295646	S	0.622320
00560523224956	29193.917966	W	0.018791
00560523585744	29193.936757	S	0.616659
00560535425596	29194.553416	W	0.016876
00560535749620	29194.570293	S	0.624187
00560547734012	29195.194480	W	0.045724
00560548611920	29195.240204	S	0.595622
00560560047856	29195.835826	W	0.016892
00560560372188	29195.852718	S	0.624190
00560572356644	29196.476909	W	0.016642
00560572676164	29196.493550	S	0.624544
00560584667404	29197.118094	W	0.016851
00560584990944	29197.134945	S	0.623002
00560596952588	29197.757947	W	0.017743
00560597293260	29197.775691	S	0.622137
00560609238292	29198.397828	W	0.018867
00560609600548	29198.416695	S	0.616618
00560621439612	29199.033313	W	0.016812
00560621762400	29199.050125	S	0.106333
00560623803992	29199.156458	W	0.015001
00560624092004	29199.171459	S	0.503003
00560633749660	29199.674461	W	0.016927
00560634074664	29199.691389	S	0.624266
00560646060580	29200.315655	W	0.018099
00560646408080	29200.333754	S	0.623038
00560658370408	29200.956792	W	0.016888
00560658694664	29200.973680	S	0.624203
00560670679356	29201.597883	W	0.016721
00560671000408	29201.614605	S	0.623368
00560682969076	29202.237973	W	0.016881
00560683293188	29202.254854	S	0.623042
00560695255588	29202.877895	W	0.018686
00560695614368	29202.896582	S	0.616724
00560707455468	29203.513306	W	0.016682
00560707775768	29203.529988	S	0.624399
00560719764220	29204.154386	W	0.018018
00560720110164	29204.172404	S	0.623302
00560732077572	29204.795707	W	0.015426
00560732373744	29204.811132	S	0.625741
00560744387980	29205.436874	W	0.015775
00560744690852	29205.452649	S	0.625404
00560756698616	29206.078053	W	0.016718
00560757019600	29206.094771	S	0.623101
00560768983148	29206.717872	W	0.016050
00560769291316	29206.733923	S	0.624063
00560781273320	29207.357985	W	0.017025
00560781600204	29207.375011	S	0.618444
00560793474320	29207.993454	W	0.018345
00560793826548	29208.011799	S	0.622504
00560805778632	29208.634304	W	0.016887
00560806102864	29208.651191	S	0.624491
00560818093096	29209.275682	W	0.017901
00560818436800	29209.293583	S	0.623184
00560830401924	29209.916767	W	0.016380
00560830716416	29209.933147	S	0.624725
00560842711136	29210.557872	W	0.015891
00560843016240	29210.573763	S	0.624185
00560855000584	29211.197947	W	0.015809
00560855304108	29211.213756	S	0.624260
00560867289892	29211.838015	W	0.017189
00560867619916	29211.855204	S	0.622939
00560879580352	29212.478143	W	0.018498
00560879935516	29212.496641	S	0.617733
00560891795992	29213.114375	W	0.017964
00560892140896	29213.132338	S	0.623296
00560904108176	29213.755634	W	0.016840
00560904431496	29213.772474	S	0.624243
00560916416960	29214.396717	W	0.018351
00560916769300	29214.415068	S	0.622761
00560928726320	29215.037829	W	0.016838
00560929049616	29215.054668	S	0.623167
00560941014432	29215.677835	W	0.015845
00560941318664	29215.693680	S	0.624214
00560953303580	29216.317895	W	0.017011
00560953630200	29216.334906	S	0.623067
00560965593088	29216.957973	W	0.018140
00560965941380	29216.976114	S	0.617427
00560977795972	29217.593540	W	0.016335
00560978109604	29217.609875	S	0.626016
00560990129120	29218.235892	W	0.017742
00560990469764	29218.253634	S	0.623122
00561002433700	29218.876755	W	0.016767
00561002755628	29218.893522	S	0.624323
00561014742628	29219.517845	W	0.016961
00561015068272	29219.534806	S	0.623007
00561027030004	29220.157813	W	0.016430
00561027345460	29220.174243	S	0.623618
00561039318920	29220.797860	W	0.017516
00561039655220	29220.815376	S	0.622413
00561051605556	29221.437789	W	0.018290
00561051956728	29221.456080	S	0.617283
00561063808560	29222.073362	W	0.014153
00561064080296	29222.087515	S	0.627044
00561076119540	29222.714559	W	0.016885
00561076443724	29222.731444	S	0.625300
00561088449476	29223.356744	W	0.018221
00561088799324	29223.374965	S	0.623112
00561100763076	29223.998077	W	0.014811
00561101047444	29224.012888	S	0.626258
00561113071604	29224.639146	W	0.016358
00561113385676	29224.655504	S	0.622237
00561125332632	29225.277741	W	0.055409
00561126396492	29225.333151	S	0.584604
00561137620896	29225.917755	W	0.018892
00561137983616	29225.936647	S	0.616504
00561149820496	29226.553151	W	0.016925
00561150145464	29226.570076	S	0.624176
00561162129648	29227.194253	W	0.016500
00561162446456	29227.210753	S	0.624959
00561174445676	29227.835712	W	0.017008
00561174772236	29227.852721	S	0.624979
00561186771832	29228.477700	W	0.016994
00561187098112	29228.494693	S	0.623052
00561199060712	29229.117745	W	0.016943
00561199386016	29229.134688	S	0.623049
00561211348556	29229.757737	W	0.017790
00561211690120	29229.775527	S	0.622257
00561223637456	29230.397784	W	0.018864
00561223999644	29230.416648	S	0.616599
00561235838344	29231.033247	W	0.018351
00561236190688	29231.051598	S	0.622645
00561248145480	29231.674244	W	0.016814
00561248468300	29231.691057	S	0.624509
00561260458880	29232.315567	W	0.017925
00561260803044	29232.333492	S	0.623251
00561272769460	29232.956743	W	0.017002
00561273095900	29232.973745	S	0.623996
00561285076616	29233.597740	W	0.017112
00561285405176	29233.614853	S	0.622799
00561297362920	29234.237652	W	0.017779
00561297704268	29234.255431	S	0.622255
00561309651556	29234.877685	W	0.018900
00561310014440	29234.896585	S	0.616622
00561321853576	29235.513207	W	0.016988
00561322179748	29235.530195	S	0.623982
00561334160200	29236.154177	W	0.018071
00561334507168	29236.172248	S	0.623265
00561346473852	29236.795513	W	0.016901
00561346798356	29236.812414	S	0.624183
00561358782664	29237.436597	W	0.016825
00561359105696	29237.453422	S	0.624326
00561371092756	29238.077748	W	0.017029
00561371419708	29238.094776	S	0.622982
00561383380972	29238.717759	W	0.017730
00561383721388	29238.735489	S	0.622190
00561395667444	29239.357679	W	0.018511
00561396022856	29239.376190	S	0.616939
00561407868092	29239.993130	W	0.016819
00561408191012	29240.009949	S	0.624273
00561420177060	29240.634222	W	0.017197
00561420507244	29240.651419	S	0.624135
00561432490636	29241.275554	W	0.018103
00561432838216	29241.293657	S	0.622977
00561444799368	29241.916634	W	0.016487
00561445115928	29241.933121	S	0.624650
00561457109200	29242.557771	W	0.016570
00561457427348	29242.574341	S	0.623504
00561469398616	29243.197845	W	0.016598
00561469717296	29243.214443	S	0.623341
00561481685436	29243.837783	W	0.018511
00561482040848	29243.856294	S	0.616955
00561493886384	29244.473249	W	0.016921
00561494211268	29244.490170	S	0.624137
00561506194704	29245.114307	W	0.016804
00561506517332	29245.131111	S	0.624590
00561518509460	29245.755701	W	0.015742
00561518811704	29245.771443	S	0.625379
00561530818984	29246.396822	W	0.017962
00561531163848	29246.414784	S	0.622960
00561543124680	29247.037744	W	0.016168
00561543435112	29247.053912	S	0.623916
00561555414296	29247.677828	W	0.016632
00561555733636	29247.694460	S	0.623421
00561567703328	29248.317882	W	0.017728
00561568043712	29248.335610	S	0.617483
00561579899388	29248.953093	W	0.016887
00561580223628	29248.969981	S	0.624200
00561592208260	29249.594180	W	0.016821
00561592531216	29249.611001	S	0.624515
00561604521912	29250.235516	W	0.017905
00561604865688	29250.253421	S	0.304217
00561610706660	29250.557639	W	0.001660
00561610738524	29250.559298	S	0.317315
00561616830980	29250.876614	W	0.017052
00561617158380	29250.893666	S	0.623852
00561629136332	29251.517517	W	0.015959
00561629442744	29251.533476	S	0.624164
00561641426696	29252.157640	W	0.016118
00561641736160	29252.173758	S	0.623999
00561653716948	29252.797758	W	0.017717
00561654057108	29252.815474	S	0.622350
00561666006220	29253.437824	W	0.018648
00561666364264	29253.456472	S	0.617695
00561678224004	29254.074167	W	0.017932
00561678568292	29254.092099	S	0.623325
00561690536140	29254.715424	W	0.017066
00561690863812	29254.732490	S	0.624056
00561702845696	29255.356547	W	0.047968
00561703766672	29255.404514	S	0.593067
00561715153560	29255.997581	W	0.016586
00561715472012	29256.014167	S	0.623478
00561727442796	29256.637646	W	0.017057
00561727770284	29256.654702	S	0.622923
00561739730408	29257.277625	W	0.016976
00561740056352	29257.294602	S	0.623023
00561752018396	29257.917625	W	0.018203
00561752367892	29257.935828	S	0.617417
00561764222304	29258.553245	W	0.016952
00561764547776	29258.570197	S	0.625339
00561776554292	29259.195536	W	0.017923
00561776898412	29259.213459	S	0.623118
00561788862280	29259.836577	W	0.016795
00561789184740	29259.853372	S	0.624267
00561801170664	29260.477639	W	0.017194
00561801500784	29260.494833	S	0.113480
00561803679604	29260.608313	W	0.014760
00561803962988	29260.623072	S	0.494506
00561813457496	29261.117578	W	0.016994
00561813783788	29261.134572	S	0.622904
00561825743536	29261.757476	W	0.017905
00561826087308	29261.775381	S	0.622115
00561838031916	29262.397496	W	0.018675
00561838390472	29262.416170	S	0.616857
00561850234136	29263.033028	W	0.016774
00561850556188	29263.049801	S	0.624391
00561862544504	29263.674193	W	0.016879
00561862868588	29263.691072	S	0.625448
00561874877188	29264.316520	W	0.018141
00561875225504	29264.334662	S	0.622837
00561887183968	29264.957498	W	0.016918
00561887508792	29264.974416	S	0.623107
00561899472440	29265.597523	W	0.016845
00561899795856	29265.614367	S	0.623152
00561911760372	29266.237519	W	0.017476
00561912095908	29266.254995	S	0.622571
00561924049268	29266.877566	W	0.018563
00561924405676	29266.896129	S	0.616845
00561936249104	29267.512974	W	0.016589
00561936567604	29267.529563	S	0.624487
00561948557760	29268.154050	W	0.016387
00561948872396	29268.170437	S	0.625066
00561960873668	29268.795504	W	0.016586
00561961192124	29268.812090	S	0.625480
00561973201348	29269.437570	W	0.017171
00561973531028	29269.454741	S	0.622744
00561985487720	29270.077485	W	0.016604
00561985806512	29270.094089	S	0.623476
00561997777252	29270.717565	W	0.017707
00561998117224	29270.735272	S	0.622256
00562010064544	29271.357528	W	0.018806
00562010425624	29271.376335	S	0.616677
00562022265824	29271.993012	W	0.016969
00562022591624	29272.009980	S	0.624131
00562034574936	29272.634111	W	0.016848
00562034898424	29272.650960	S	0.624502
00562046888860	29273.275461	W	0.016348
00562047202748	29273.291810	S	0.624841
00562059199692	29273.916651	W	0.016943
00562059524996	29273.933594	S	0.623987
00562071505548	29274.557581	W	0.016786
00562071827836	29274.574366	S	0.623214
00562083793552	29275.197581	W	0.017650
00562084132436	29275.215231	S	0.622342
00562096081408	29275.837573	W	0.018637
00562096439240	29275.856210	S	0.616693
00562108279744	29276.472903	W	0.016837
00562108603012	29276.489740	S	0.624257
00562120588748	29277.113997	W	0.017862
00562120931704	29277.131860	S	0.623392
00562132900836	29277.755252	W	0.016821
00562133223792	29277.772072	S	0.624315
00562145210632	29278.396387	W	0.016572
00562145528820	29278.412959	S	0.624601
00562157521156	29279.037560	W	0.016874
00562157845136	29279.054434	S	0.623129
00562169809208	29279.677563	W	0.017493
00562170145072	29279.695056	S	0.622391
00562182094984	29280.317447	W	0.018826
00562182456444	29280.336273	S	0.616655
00562194296212	29280.952928	W	0.018236
00562194646352	29280.971164	S	0.622773
00562206603600	29281.593938	W	0.016891
00562206927900	29281.610828	S	0.624456
00562218917452	29282.235284	W	0.018042
00562219263860	29282.253326	S	0.623050
00562231226420	29282.876376	W	0.016903
00562231550960	29282.893279	S	0.624197
00562243535548	29283.517476	W	0.016567
00562243853640	29283.534044	S	0.623560
00562255825984	29284.157603	W	0.016586
00562256144440	29284.174190	S	0.623364
00562268113036	29284.797554	W	0.018210
00562268462664	29284.815764	S	0.617108
00562280311144	29285.432872	W	0.047928
00562281231356	29285.480800	S	0.593145
00562292619732	29286.073944	W	0.018007
00562292965472	29286.091952	S	0.623317
00562304933164	29286.715269	W	0.016892
00562305257488	29286.732161	S	0.624203
00562317242184	29287.356364	W	0.018257
00562317592720	29287.374621	S	0.622741
00562329549352	29287.997362	W	0.016928
00562329874368	29288.014290	S	0.623091
00562341837724	29288.637381	W	0.016375
00562342152124	29288.653756	S	0.623701
00562354127184	29289.277458	W	0.017691
00562354466852	29289.295149	S	0.617775
00562366328140	29289.912924	W	0.018234
00562366678224	29289.931157	S	0.622765
00562378635308	29290.553922	W	0.016961
00562378960968	29290.570884	S	0.624391
00562390949272	29291.195275	W	0.017912
00562391293188	29291.213187	S	0.623145
00562403257568	29291.836332	W	0.016951
00562403583020	29291.853282	S	0.624135
00562415566412	29292.477417	W	0.017136
00562415895416	29292.494553	S	0.622796
00562427853108	29293.117349	W	0.016941
00562428178372	29293.134290	S	0.623053
00562440140984	29293.757343	W	0.017884
00562440484364	29293.775227	S	0.622229
00562452431164	29294.397456	W	0.018658
00562452789400	29294.416115	S	0.617871
00562464652516	29295.033985	W	0.017923
00562464996644	29295.051909	S	0.623337
00562476964716	29295.675246	W	0.016925
00562477289672	29295.692170	S	0.624156
00562489273476	29296.316327	W	0.018247
00562489623820	29296.334574	S	0.622832
00562501582196	29296.957406	W	0.016942
00562501907492	29296.974349	S	0.623071
00562513870460	29297.597420	W	0.017032
00562514197472	29297.614452	S	0.622991
00562526158896	29298.237443	W	0.017633
00562526497444	29298.255075	S	0.622350
00562538446564	29298.877425	W	0.018675
00562538805132	29298.896101	S	0.616869
00562550649008	29299.512969	W	0.016968
00562550974788	29299.529937	S	0.625354
00562562981592	29300.155291	W	0.017939
00562563326028	29300.173231	S	0.623001
00562575287644	29300.796231	W	0.016915
00562575612420	29300.813147	S	0.624201
00562587597072	29301.437347	W	0.017060
00562587924632	29301.454408	S	0.622928
00562599884844	29302.077336	W	0.016957
00562600210412	29302.094292	S	0.623065
00562612173256	29302.717357	W	0.017791
00562612514844	29302.735148	S	0.622207
00562624461216	29303.357355	W	0.018832
00562624822784	29303.376187	S	0.616653
00562636662520	29303.992840	W	0.016606
00562636981348	29304.009445	S	0.624569
00562648973072	29304.634014	W	0.016893
00562649297424	29304.650907	S	0.625457
00562661306192	29305.276364	W	0.018171
00562661655084	29305.294536	S	0.622821
00562673613252	29305.917357	W	0.016827
00562673936332	29305.934184	S	0.623191
00562685901600	29306.557375	W	0.017080
00562686229536	29306.574455	S	0.622836
00562698187980	29307.197291	W	0.017768
00562698529124	29307.215059	S	0.622249
00562710476300	29307.837307	W	0.018716
00562710835644	29307.856023	S	0.616745
00562722677152	29308.472768	W	0.016850
00562723000664	29308.489618	S	0.624240
00562734986076	29309.113858	W	0.015930
00562735291932	29309.129788	S	0.625482
00562747301184	29309.755270	W	0.015935
00562747607128	29309.771205	S	0.626259
00562759631308	29310.397464	W	0.015998
00562759938460	29310.413461	S	0.624039
00562771920016	29311.037501	W	0.016602
00562772238784	29311.054103	S	0.623421
00562784208468	29311.677524	W	0.017317
00562784540964	29311.694842	S	0.622547
00562796493864	29312.317389	W	0.018700
00562796852904	29312.336089	S	0.616722
00562808693972	29312.952811	W	0.015903
00562808999304	29312.968714	S	0.625242
00562821003944	29313.593955	W	0.016642
00562821323464	29313.610597	S	0.624706
00562833317816	29314.235303	W	0.017918
00562833661848	29314.253221	S	0.623201
00562845627312	29314.876423	W	0.016941
00562845952588	29314.893364	S	0.623993
00562857933248	29315.517357	W	0.054021
00562858970448	29315.571378	S	0.586015
00562870221944	29316.157393	W	0.017630
00562870560448	29316.175023	S	0.622262
00562882507872	29316.797285	W	0.018427
00562882861676	29316.815712	S	0.617049
00562894709016	29317.432761	W	0.016927
00562895034012	29317.449688	S	0.624131
00562907017320	29318.073819	W	0.016062
00562907325704	29318.089880	S	0.625365
00562919332704	29318.715245	W	0.015825
00562919636548	29318.731070	S	0.625308
00562931642452	29319.356378	W	0.016475
00562931958768	29319.372853	S	0.624641
00562943951872	29319.997493	W	0.016401
00562944266768	29320.013894	S	0.623582
00562956239548	29320.637476	W	0.016951
00562956565004	29320.654427	S	0.623059
00562968527736	29321.277486	W	0.017803
00562968869560	29321.295290	S	0.617768
00562980730700	29321.913057	W	0.018002
00562981076344	29321.931060	S	0.103637
00562983066176	29322.034697	W	0.014787
00562983350088	29322.049484	S	0.504417
00562993034904	29322.553901	W	0.016980
00562993360912	29322.570881	S	0.624118
00563005343976	29323.194999	W	0.018114
00563005691764	29323.213113	S	0.622977
00563017652916	29323.836089	W	0.016923
00563017977836	29323.853012	S	0.624201
00563029962492	29324.477213	W	0.016750
00563030284088	29324.493963	S	0.623330
00563042252028	29325.117293	W	0.017123
00563042580784	29325.134416	S	0.622878
00563054540036	29325.757294	W	0.018821
00563054901400	29325.776115	S	0.616519
00563066738556	29326.392633	W	0.016922
00563067063452	29326.409555	S	0.624169
00563079047500	29327.033724	W	0.018115
00563079395312	29327.051839	S	0.623242
00563091361556	29327.675081	W	0.016634
00563091680932	29327.691715	S	0.624416
00563103669712	29328.316131	W	0.016429
00563103985156	29328.332560	S	0.624715
00563115979688	29328.957275	W	0.016925
00563116304644	29328.974200	S	0.623087
00563128267916	29329.597287	W	0.016438
00563128583520	29329.613725	S	0.623707
00563140558696	29330.237432	W	0.017648
00563140897544	29330.255080	S	0.617659
00563152756596	29330.872739	W	0.018170
00563153105460	29330.890909	S	0.622750
00563165062264	29331.513660	W	0.016908
00563165386896	29331.530568	S	0.624424
00563177375832	29332.154991	W	0.017945
00563177720372	29332.172936	S	0.623226
00563189686316	29332.796162	W	0.016887
00563190010552	29332.813050	S	0.624179
00563201994788	29333.437229	W	0.017160
00563202324252	29333.454388	S	0.622764
00563214281324	29334.077152	W	0.016749
00563214602912	29334.093902	S	0.623287
00563226570016	29334.717188	W	0.017842
00563226912580	29334.735030	S	0.622285
00563238860460	29335.357316	W	0.018662
00563239218768	29335.375977	S	0.617794
00563251080420	29335.993772	W	0.017925
00563251424576	29336.011697	S	0.623348
00563263392848	29336.635044	W	0.016678
00563263713068	29336.651722	S	0.624399
00563275701536	29337.276122	W	0.018321
00563276053304	29337.294443	S	0.622679
00563288008740	29337.917122	W	0.016867
00563288332584	29337.933989	S	0.623150
00563300297072	29338.557139	W	0.016953
00563300622576	29338.574092	S	0.623036
00563312584868	29339.197129	W	0.017855
00563312927676	29339.214983	S	0.622167
00563324873288	29339.837150	W	0.018922
00563325236584	29339.856072	S	0.616627
00563337075832	29340.472700	W	0.015937
00563337381828	29340.488637	S	0.626522
00563349411052	29341.115159	W	0.017861
00563349753992	29341.133020	S	0.623130
00563361718092	29341.756151	W	0.016463
00563362034172	29341.772613	S	0.624610
00563374026680	29342.397223	W	0.016807
00563374349380	29342.414030	S	0.623214
00563386315084	29343.037244	W	0.016587
00563386633552	29343.053831	S	0.623399
00563398602804	29343.677229	W	0.017700
00563398942652	29343.694930	S	0.622146
00563410887856	29344.317076	W	0.018899
00563411250712	29344.335975	S	0.616576
00563423088976	29344.952551	W	0.016595
00563423407600	29344.969146	S	0.624588
00563435399684	29345.593734	W	0.048102
00563436323240	29345.641835	S	0.594281
00563447733436	29346.236116	W	0.018063
00563448080240	29346.254179	S	0.622934
00563460040576	29346.877113	W	0.016924
00563460365516	29346.894037	S	0.623081
00563472328676	29347.517119	W	0.016340
00563472642412	29347.533459	S	0.623724
00563484617908	29348.157183	W	0.017354
00563484951108	29348.174537	S	0.622645
00563496905900	29348.797182	W	0.018783
00563497266536	29348.815965	S	0.616616
00563509105564	29349.432581	W	0.016921
00563509430452	29349.449503	S	0.624145
00563521414036	29350.073648	W	0.017960
00563521758860	29350.091607	S	0.623466
00563533729404	29350.715073	W	0.016866
00563534053240	29350.731940	S	0.625183
00563546056760	29351.357123	W	0.016814
00563546379592	29351.373937	S	0.623188
00563558344796	29351.997125	W	0.016843
00563558668176	29352.013967	S	0.623167
00563570632984	29352.637135	W	0.017751
00563570973804	29352.654886	S	0.622174
00563582919552	29353.277060	W	0.018474
00563583274248	29353.295534	S	0.617028
00563595121184	29353.912562	W	0.016802
00563595443784	29353.929364	S	0.624250
00563607429376	29354.553613	W	0.016723
00563607750460	29354.570336	S	0.624645
00563619743648	29355.194982	W	0.016287
00563620056356	29355.211269	S	0.624882
00563632054088	29355.836150	W	0.016649
00563632373756	29355.852800	S	0.624336
00563644361016	29356.477136	W	0.017138
00563644690064	29356.494274	S	0.622811
00563656648036	29357.117085	W	0.017677
00563656987436	29357.134762	S	0.622305
00563668935688	29357.757067	W	0.018912
00563669298808	29357.775980	S	0.616586
00563681137256	29358.392565	W	0.016621
00563681456388	29358.409187	S	0.624457
00563693445964	29359.033644	W	0.017933
00563693790284	29359.051577	S	0.623331
00563705758248	29359.674909	W	0.016645
00563706077828	29359.691554	S	0.624430
00563718066876	29360.315983	W	0.016547
00563718384576	29360.332530	S	0.624636
00563730377584	29360.957166	W	0.016881
00563730701708	29360.974047	S	0.623102
00563742665272	29361.597150	W	0.017653
00563743004212	29361.614803	S	0.622283
00563754952040	29362.237085	W	0.018733
00563755311720	29362.255819	S	0.616727
00563767152888	29362.872546	W	0.018357
00563767505348	29362.890904	S	0.622638
00563779459992	29363.513541	W	0.016737
00563779781348	29363.530279	S	0.624617
00563791774000	29364.154896	W	0.017658
00563792113032	29364.172554	S	0.623454
00563804083356	29364.796008	W	0.016958
00563804408956	29364.812966	S	0.624034
00563816390400	29365.437000	W	0.016775
00563816712484	29365.453775	S	0.623325
00563828680328	29366.077100	W	0.016887
00563829004560	29366.093988	S	0.623111
00563840968284	29366.717098	W	0.018474
00563841322984	29366.735572	S	0.616866
00563853166808	29367.352438	W	0.016866
00563853490640	29367.369304	S	0.624214
00563865475552	29367.993518	W	0.017995
00563865821052	29368.011513	S	0.623308
00563877788564	29368.634821	W	0.015976
00563878095304	29368.650797	S	0.625197
00563890099080	29369.275994	W	0.018174
00563890448012	29369.294167	S	0.622839
00563902406528	29369.917007	W	0.017051
00563902733904	29369.934057	S	0.622934
00563914694232	29370.556991	W	0.016432
00563915009732	29370.573424	S	0.623655
00563926983904	29371.197078	W	0.017796
00563927325580	29371.214874	S	0.617599
00563939183476	29371.832473	W	0.017045
00563939510744	29371.849518	S	0.624040
00563951492312	29372.473558	W	0.016768
00563951814248	29372.490325	S	0.624573
00563963806056	29373.114899	W	0.017959
00563964150868	29373.132858	S	0.622983
00563976112144	29373.755841	W	0.016316
00563976425416	29373.772157	S	0.624812
00563988421812	29374.396969	W	0.017040
00563988748976	29374.414009	S	0.622942
00564000709460	29375.036951	W	0.016862
00564001033212	29375.053813	S	0.623219
00564012999020	29375.677032	W	0.048454
00564013929332	29375.725486	S	0.591636
00564025288740	29376.317122	W	0.018647
00564025646756	29376.335769	S	0.617744
00564037507448	29376.953513	W	0.017976
00564037852588	29376.971489	S	0.623392
00564049821708	29377.594881	W	0.016925
00564050146672	29377.611806	S	0.624136
00564062130088	29378.235942	W	0.018041
00564062476472	29378.253983	S	0.623019
00564074438432	29378.877002	W	0.016936
00564074763612	29378.893938	S	0.623057
00564086726304	29379.516995	W	0.016672
00564087046400	29379.533667	S	0.623185
00564099011548	29380.156851	W	0.017809
00564099353480	29380.174660	S	0.622224
00564111300184	29380.796885	W	0.018658
00564111658424	29380.815543	S	0.616941
00564123503700	29381.432484	W	0.016883
00564123827848	29381.449367	S	0.625442
00564135836336	29382.074809	W	0.018072
00564136183312	29382.092881	S	0.622923
00564148143432	29382.715804	W	0.016683
00564148463748	29382.732487	S	0.624393
00564160452100	29383.356880	W	0.017372
00564160785636	29383.374252	S	0.136793
00564163412060	29383.511045	W	0.014775
00564163695736	29383.525820	S	0.471023
00564172739372	29383.996842	W	0.016686
00564173059736	29384.013528	S	0.623266
00564185026452	29384.636794	W	0.017930
00564185370704	29384.654724	S	0.622091
00564197314852	29385.276815	W	0.018949
00564197678676	29385.295764	S	0.616561
00564209516644	29385.912325	W	0.016655
00564209836424	29385.928980	S	0.624506
00564221826936	29386.553486	W	0.016663
00564222146856	29386.570149	S	0.625741
00564234161088	29387.195890	W	0.018193
00564234510400	29387.214083	S	0.622877
00564246469632	29387.836960	W	0.016864
00564246793416	29387.853824	S	0.623133
00564258757564	29388.476956	W	0.017164
00564259087116	29388.494121	S	0.622705
00564271043044	29389.116825	W	0.017310
00564271375400	29389.134135	S	0.622715
00564283331528	29389.756850	W	0.018798
00564283692444	29389.775648	S	0.616684
00564295532772	29390.392332	W	0.016833
00564295855956	29390.409164	S	0.624250
00564307841560	29391.033415	W	0.017920
00564308185616	29391.051334	S	0.623486
00564320156548	29391.674820	W	0.016928
00564320481568	29391.691748	S	0.625180
00564332485028	29392.316929	W	0.015989
00564332792012	29392.332917	S	0.624066
00564344774084	29392.956984	W	0.015964
00564345080592	29392.972947	S	0.624114
00564357063588	29393.597062	W	0.017238
00564357394556	29393.614300	S	0.622699
00564369350384	29394.236999	W	0.018648
00564369708420	29394.255647	S	0.616739
00564381549804	29394.872386	W	0.018326
00564381901664	29394.890712	S	0.622624
00564393856044	29395.513336	W	0.015841
00564394160196	29395.529177	S	0.625527
00564406170308	29396.154704	W	0.016429
00564406485736	29396.171132	S	0.624746
00564418480856	29396.795878	W	0.016863
00564418804624	29396.812741	S	0.624135
00564430788024	29397.436876	W	0.017132
00564431116964	29397.454009	S	0.622814
00564443074992	29398.076822	W	0.017709
00564443415012	29398.094532	S	0.622331
00564455363772	29398.716863	W	0.018268
00564455714516	29398.735131	S	0.617251
00564467565740	29399.352382	W	0.017045
00564467893004	29399.369427	S	0.623945
00564479872744	29399.993372	W	0.017980
00564480217956	29400.011352	S	0.623378
00564492186808	29400.634730	W	0.016867
00564492510660	29400.651597	S	0.624204
00564504495368	29401.275800	W	0.016868
00564504819236	29401.292669	S	0.624278
00564516805376	29401.916947	W	0.016859
00564517129068	29401.933806	S	0.623065
00564529091916	29402.556871	W	0.017534
00564529428572	29402.574405	S	0.622328
00564541377276	29403.196733	W	0.018883
00564541739828	29403.215616	S	0.616591
00564553578368	29403.832207	W	0.016786
00564553900656	29403.848992	S	0.624319
00564565887576	29404.473311	W	0.016880
00564566211664	29404.490191	S	0.624496
00564578201980	29405.114686	W	0.017996
00564578547496	29405.132682	S	0.623000
00564590509100	29405.755682	W	0.047820
00564591427236	29405.803502	S	0.593266
00564602817952	29406.396768	W	0.016602
00564603136708	29406.413370	S	0.623534
00564615108556	29407.036904	W	0.016900
00564615433036	29407.053804	S	0.623089
00564627396336	29407.676892	W	0.018758
00564627756496	29407.695651	S	0.616566
00564639594560	29408.312217	W	0.016881
00564639918680	29408.329098	S	0.624196
00564651903240	29408.953294	W	0.018025
00564652249320	29408.971319	S	0.623323
00564664217124	29409.594642	W	0.016739
00564664538504	29409.611380	S	0.624337
00564676525780	29410.235718	W	0.018218
00564676875556	29410.253935	S	0.622685
00564688831112	29410.876620	W	0.017065
00564689158768	29410.893686	S	0.622978
00564701119948	29411.516664	W	0.016392
00564701434668	29411.533056	S	0.623751
00564713410692	29412.156807	W	0.017680
00564713750152	29412.174487	S	0.617807
00564725612044	29412.792294	W	0.018318
00564725963744	29412.810612	S	0.622618
00564737918012	29413.433230	W	0.016871
00564738241928	29413.450100	S	0.624489
00564750232124	29414.074590	W	0.018033
00564750578356	29414.092623	S	0.623026
00564762540448	29414.715648	W	0.016911
00564762865140	29414.732559	S	0.624185
00564774849500	29415.356745	W	0.016987
00564775175660	29415.373732	S	0.623028
00564787137796	29415.996760	W	0.016517
00564787454924	29416.013277	S	0.623514
00564799426396	29416.636791	W	0.017791
00564799767992	29416.654583	S	0.622261
00564811715400	29417.276844	W	0.018672
00564812073908	29417.295516	S	0.617874
00564823937096	29417.913390	W	0.018355
00564824289512	29417.931745	S	0.622757
00564836246456	29418.554503	W	0.016949
00564836571884	29418.571452	S	0.624162
00564848555800	29419.195615	W	0.018295
00564848907064	29419.213910	S	0.622763
00564860864112	29419.836673	W	0.017026
00564861191016	29419.853699	S	0.623009
00564873152788	29420.476708	W	0.016839
00564873476100	29420.493547	S	0.623087
00564885439364	29421.116634	W	0.017819
00564885781492	29421.134453	S	0.622197
00564897727684	29421.756650	W	0.018974
00564898091984	29421.775624	S	0.616598
00564909930660	29422.392222	W	0.016817
00564910253548	29422.409039	S	0.625613
00564922265308	29423.034651	W	0.017930
00564922609572	29423.052582	S	0.623046
00564934572056	29423.675628	W	0.016936
00564934897228	29423.692564	S	0.624145
00564946880820	29424.316709	W	0.017125
00564947209628	29424.333835	S	0.622863
00564959168596	29424.956698	W	0.016687
00564959488980	29424.973384	S	0.623316
00564971456644	29425.596700	W	0.017761
00564971797648	29425.614461	S	0.622218
00564983744228	29426.236679	W	0.018524
00564984099888	29426.255203	S	0.616985
00564995946000	29426.872188	W	0.016809
00564996268740	29426.888997	S	0.624334
00565008255952	29427.513331	W	0.016727
00565008577112	29427.530058	S	0.625670
00565020589976	29428.155728	W	0.018122
00565020937924	29428.173850	S	0.622743
00565032894584	29428.796593	W	0.016873
00565033218548	29428.813466	S	0.623151
00565045183048	29429.436617	W	0.016941
00565045508320	29429.453558	S	0.623058
00565057471040	29430.076617	W	0.017653
00565057809972	29430.094269	S	0.622362
00565069759320	29430.716631	W	0.018809
00565070120444	29430.735440	S	0.616707
00565081961216	29431.352147	W	0.017010
00565082287804	29431.369156	S	0.624052
00565094269608	29431.993209	W	0.016444
00565094585328	29432.009653	S	0.625010
00565106585516	29432.634662	W	0.016923
00565106910440	29432.651585	S	0.625104
00565118912444	29433.276690	W	0.015865
00565119217060	29433.292555	S	0.624233
00565131202332	29433.916788	W	0.016671
00565131522412	29433.933459	S	0.623267
00565143489140	29434.556726	W	0.017677
00565143828548	29434.574404	S	0.622246
00565155775664	29435.196649	W	0.018864
00565156137860	29435.215514	S	0.616612
00565167976812	29435.832126	W	0.041971
00565168782664	29435.874097	S	0.599051
00565180284448	29436.473148	W	0.017051
00565180611824	29436.490199	S	0.624260
00565192597624	29437.114460	W	0.016695
00565192918168	29437.131155	S	0.624491
00565204908392	29437.755645	W	0.016597
00565205227060	29437.772243	S	0.624475
00565217216980	29438.396718	W	0.016974
00565217542880	29438.413692	S	0.623034
00565229505140	29439.036726	W	0.017440
00565229839984	29439.054166	S	0.622478
00565241791552	29439.676643	W	0.018965
00565242155672	29439.695608	S	0.616436
00565253991244	29440.312044	W	0.016780
00565254313424	29440.328824	S	0.624294
00565266299876	29440.953119	W	0.018010
00565266645660	29440.971128	S	0.623314
00565278613292	29441.594442	W	0.016837
00565278936560	29441.611279	S	0.624254
00565290922236	29442.235533	W	0.016659
00565291242080	29442.252192	S	0.624525
00565303232952	29442.876716	W	0.016813
00565303555764	29442.893529	S	0.623117
00565315519620	29443.516647	W	0.017746
00565315860340	29443.534393	S	0.622178
00565327806156	29444.156571	W	0.018824
00565328167580	29444.175395	S	0.616656
00565340007376	29444.792051	W	0.018384
00565340360344	29444.810435	S	0.105609
00565342388036	29444.916044	W	0.014932
00565342674732	29444.930976	S	0.502105
00565352315152	29445.433081	W	0.017049
00565352642496	29445.450130	S	0.624216
00565364627452	29446.074346	W	0.018098
00565364974928	29446.092444	S	0.623033
00565376937156	29446.715477	W	0.017022
00565377263972	29446.732499	S	0.624068
00565389246076	29447.356566	W	0.016803
00565389568700	29447.373370	S	0.623285
00565401535764	29447.996654	W	0.016623
00565401854932	29448.013278	S	0.623301
00565413822308	29448.636579	W	0.018901
00565414185216	29448.655480	S	0.616599
00565426023908	29449.272079	W	0.016934
00565426349032	29449.289012	S	0.624129
00565438332304	29449.913141	W	0.017940
00565438676760	29449.931081	S	0.623321
00565450644532	29450.554403	W	0.016863
00565450968308	29450.571266	S	0.624228
00565462953480	29451.195494	W	0.018263
00565463304124	29451.213756	S	0.622818
00565475262232	29451.836575	W	0.016975
00565475588152	29451.853550	S	0.623017
00565487550072	29452.476566	W	0.016339
00565487863772	29452.492905	S	0.623762
00565499840004	29453.116667	W	0.017565
00565500177260	29453.134232	S	0.617830
00565512039592	29453.752062	W	0.018320
00565512391336	29453.770382	S	0.622689
00565524346956	29454.393071	W	0.016854
00565524670556	29454.409925	S	0.624510
00565536661152	29455.034435	W	0.017979
00565537006356	29455.052414	S	0.623014
00565548968216	29455.675428	W	0.016916
00565549293000	29455.692344	S	0.624182
00565561277300	29456.316526	W	0.017135
00565561606288	29456.333661	S	0.622791
00565573563884	29456.956452	W	0.016542
00565573881484	29456.972994	S	0.623506
00565585852792	29457.596500	W	0.017849
00565586195496	29457.614349	S	0.622246
00565598142628	29458.236595	W	0.018711
00565598501872	29458.255306	S	0.617757
00565610362800	29458.873062	W	0.017985
00565610708112	29458.891048	S	0.623343
00565622676288	29459.514390	W	0.016895
00565623000680	29459.531285	S	0.624175
00565634984844	29460.155461	W	0.018225
00565635334768	29460.173686	S	0.622842
00565647293340	29460.796528	W	0.016933
00565647618452	29460.813461	S	0.623055
00565659581112	29461.436516	W	0.016403
00565659896056	29461.452920	S	0.626304
00565671921100	29462.079224	W	0.015054
00565672210144	29462.094278	S	0.622219
00565684156756	29462.716498	W	0.018926
00565684520132	29462.735424	S	0.616660
00565696360000	29463.352083	W	0.016775
00565696682088	29463.368859	S	0.625489
00565708691468	29463.994347	W	0.018006
00565709037188	29464.012354	S	0.623068
00565721000096	29464.635422	W	0.016936
00565721325276	29464.652358	S	0.624154
00565733309040	29465.276513	W	0.017171
00565733638724	29465.293684	S	0.622758
00565745595676	29465.916441	W	0.074752
00565747030912	29465.991193	S	0.565251
00565757883728	29466.556444	W	0.017721
00565758223972	29466.574165	S	0.622283
00565770171800	29467.196448	W	0.018852
00565770533760	29467.215300	S	0.616641
00565782373276	29467.831941	W	0.016859
00565782696964	29467.848800	S	0.624289
00565794683316	29468.473089	W	0.016904
00565795007876	29468.489994	S	0.625438
00565807016280	29469.115431	W	0.018212
00565807365956	29469.133644	S	0.622760
00565819322944	29469.756403	W	0.016982
00565819649004	29469.773386	S	0.623038
00565831611324	29470.396423	W	0.017076
00565831939188	29470.413499	S	0.622912
00565843899104	29471.036412	W	0.017567
00565844236400	29471.053979	S	0.622474
00565856187908	29471.676454	W	0.018884
00565856550476	29471.695337	S	0.616612
00565868389424	29472.311949	W	0.016920
00565868714296	29472.328870	S	0.624125
00565880697492	29472.952994	W	0.017898
00565881041132	29472.970892	S	0.623512
00565893012568	29473.594405	W	0.016889
00565893336828	29473.611293	S	0.625169
00565905340076	29474.236462	W	0.016776
00565905662184	29474.253239	S	0.623237
00565917628344	29474.876476	W	0.016851
00565917951884	29474.893327	S	0.623166
00565929916680	29475.516494	W	0.017449
00565930251704	29475.533943	S	0.622547
00565942204608	29476.156490	W	0.018699
00565942563628	29476.175189	S	0.616693
00565954404132	29476.791882	W	0.017035
00565954731196	29476.808916	S	0.624043
00565966712816	29477.432959	W	0.016936
00565967037996	29477.449896	S	0.624394
00565979026364	29478.074290	W	0.016502
00565979343204	29478.090792	S	0.624684
00565991337144	29478.715476	W	0.016934
00565991662268	29478.732410	S	0.624068
00566003644380	29479.356478	W	0.017128
00566003973244	29479.373606	S	0.622738
00566015929816	29479.996345	W	0.017761
00566016270836	29480.014106	S	0.622251
00566028218056	29480.636357	W	0.018701
00566028577108	29480.655058	S	0.616771
00566040419116	29481.271829	W	0.016950
00566040744564	29481.288779	S	0.624121
00566052727692	29481.912901	W	0.018034
00566053073944	29481.930935	S	0.623220
00566065039768	29482.554155	W	0.016874
00566065363744	29482.571028	S	0.624229
00566077348944	29483.195257	W	0.016534
00566077666404	29483.211792	S	0.624671
00566089660092	29483.836463	W	0.016947
00566089985468	29483.853410	S	0.622981
00566101946696	29484.476390	W	0.017801
00566102288484	29484.494192	S	0.622214
00566114234988	29485.116406	W	0.018768
00566114595332	29485.135174	S	0.616686
00566126435700	29485.751859	W	0.018223
00566126785588	29485.770083	S	0.001650
00566126817272	29485.771733	W	0.001035
00566126837148	29485.772768	S	0.620088
00566138742840	29486.392856	W	0.016988
00566139069008	29486.409844	S	0.624362
00566151056760	29487.034206	W	0.018019
00566151402732	29487.052226	S	0.623040
00566163365092	29487.675265	W	0.016857
00566163688752	29487.692123	S	0.624252
00566175674400	29488.316375	W	0.016639
00566175993876	29488.333014	S	0.623473
00566187964552	29488.956487	W	0.016757
00566188286292	29488.973244	S	0.623120
00566200250200	29489.596365	W	0.018830
00566200611744	29489.615195	S	0.616559
00566212449684	29490.231754	W	0.016930
00566212774744	29490.248685	S	0.624167
00566224758748	29490.872851	W	0.018000
00566225104340	29490.890851	S	0.623330
00566237072272	29491.514181	W	0.016929
00566237397300	29491.531109	S	0.624130
00566249380596	29492.155239	W	0.018267
00566249731332	29492.173507	S	0.622738
00566261687900	29492.796245	W	0.016962
00566262013572	29492.813207	S	0.623051
00566273976160	29493.436258	W	0.016776
00566274298268	29493.453035	S	0.623331
00566286266224	29494.076366	W	0.017493
00566286602080	29494.093858	S	0.617988
00566298467440	29494.711846	W	0.018329
00566298819356	29494.730175	S	0.622609
00566310773452	29495.352784	W	0.016824
00566311096468	29495.369608	S	0.624540
00566323087628	29495.994147	W	0.039787
00566323851544	29496.033935	S	0.601284
00566335396188	29496.635218	W	0.016809
00566335718916	29496.652027	S	0.624287
00566347705224	29497.276314	W	0.016883
00566348029372	29497.293196	S	0.623054
00566359992012	29497.916251	W	0.016952
00566360317488	29497.933203	S	0.623061
00566372280264	29498.556264	W	0.017879
00566372623536	29498.574143	S	0.622248
00566384570696	29499.196390	W	0.018693
00566384929604	29499.215084	S	0.617755
00566396790492	29499.832838	W	0.017976
00566397135632	29499.850814	S	0.623399
00566409104900	29500.474214	W	0.016862
00566409428652	29500.491076	S	0.624195
00566421413188	29501.115270	W	0.018089
00566421760488	29501.133359	S	0.622902
00566433720208	29501.756261	W	0.016606
00566434039048	29501.772867	S	0.623445
00566446009188	29502.396312	W	0.017110
00566446337692	29502.413421	S	0.622815
00566458295748	29503.036237	W	0.017790
00566458637308	29503.054026	S	0.622228
00566470584084	29503.676254	W	0.018905
00566470947056	29503.695159	S	0.616669
00566482787100	29504.311828	W	0.016879
00566483111172	29504.328707	S	0.625517
00566495121100	29504.954224	W	0.017765
00566495462188	29504.971989	S	0.623236
00566507428320	29505.595225	W	0.016983
00566507754400	29505.612208	S	0.624075
00566519736648	29506.236284	W	0.017076
00566520064508	29506.253360	S	0.103135
00566522044708	29506.356495	W	0.014898
00566522330756	29506.371394	S	0.504857
00566532024004	29506.876250	W	0.016659
00566532343864	29506.892910	S	0.623269
00566544310632	29507.516179	W	0.017896
00566544654232	29507.534075	S	0.622111
00566556598760	29508.156185	W	0.018910
00566556961840	29508.175096	S	0.616573
00566568800040	29508.791669	W	0.016788
00566569122368	29508.808457	S	0.624355
00566581109992	29509.432812	W	0.016881
00566581434112	29509.449693	S	0.625556
00566593444796	29510.075250	W	0.018109
00566593792492	29510.093359	S	0.622812
00566605750488	29510.716171	W	0.016905
00566606075056	29510.733076	S	0.623124
00566618039032	29511.356200	W	0.016590
00566618357560	29511.372790	S	0.623342
00566630325720	29511.996131	W	0.017830
00566630668064	29512.013962	S	0.622201
00566642614324	29512.636163	W	0.018938
00566642977940	29512.655101	S	0.616554
00566654815776	29513.271655	W	0.016952
00566655141264	29513.288607	S	0.624126
00566667124484	29513.912734	W	0.016481
00566667440928	29513.929215	S	0.624987
00566679440680	29514.554202	W	0.016937
00566679765872	29514.571139	S	0.625122
00566691768220	29515.196261	W	0.017101
00566692096560	29515.213362	S	0.622910
00566704056440	29515.836273	W	0.016854
00566704380032	29515.853127	S	0.623150
00566716344508	29516.476276	W	0.017728
00566716684892	29516.494005	S	0.622261
00566728632304	29517.116266	W	0.018757
00566728992448	29517.135023	S	0.616719
00566740833448	29517.751742	W	0.018288
00566741184576	29517.770030	S	0.622770
00566753141768	29518.392800	W	0.016895
00566753466148	29518.409695	S	0.624432
00566765455248	29519.034127	W	0.017979
00566765800452	29519.052107	S	0.623170
00566777765312	29519.675277	W	0.016932
00566778090404	29519.692209	S	0.624003
00566790071268	29520.316212	W	0.016872
00566790395208	29520.333084	S	0.622987
00566802356560	29520.956071	W	0.017819
00566802698684	29520.973890	S	0.622230
00566814645492	29521.596119	W	0.018949
00566815009308	29521.615068	S	0.616533
00566826846740	29522.231601	W	0.016967
00566827172516	29522.248569	S	0.624109
00566839155400	29522.872677	W	0.017967
00566839500372	29522.890644	S	0.623299
00566851467720	29523.513944	W	0.016934
00566851792860	29523.530878	S	0.624156
00566863776664	29524.155035	W	0.016634
00566864096040	29524.171669	S	0.624562
00566876087636	29524.796231	W	0.016933
00566876412756	29524.813164	S	0.622997
00566888374296	29525.436161	W	0.017780
00566888715680	29525.453942	S	0.622152
00566900661004	29526.076094	W	0.049903
00566901619144	29526.125997	S	0.585582
00566912862312	29526.711579	W	0.016855
00566913185932	29526.728434	S	0.624210
00566925170772	29527.352644	W	0.016763
00566925492628	29527.369408	S	0.624574
00566937484448	29527.993982	W	0.018026
00566937830548	29528.012008	S	0.622966
00566949791488	29528.634973	W	0.016928
00566950116504	29528.651901	S	0.624191
00566962100964	29529.276092	W	0.016840
00566962424292	29529.292932	S	0.623258
00566974390836	29529.916189	W	0.016807
00566974713532	29529.932996	S	0.623125
00566986677528	29530.556121	W	0.018886
00566987040148	29530.575008	S	0.616621
00566998879276	29531.191629	W	0.016801
00566999201852	29531.208430	S	0.624257
00567011187584	29531.832687	W	0.018019
00567011533540	29531.850705	S	0.623312
00567023501124	29532.474017	W	0.016932
00567023826228	29532.490949	S	0.624143
00567035809780	29533.115093	W	0.018125
00567036157788	29533.133218	S	0.622785
00567048115260	29533.756003	W	0.016878
00567048439320	29533.772881	S	0.623190
00567060404568	29534.396071	W	0.016338
00567060718264	29534.412410	S	0.623789
00567072695004	29535.036198	W	0.017605
00567073033028	29535.053804	S	0.617787
00567084894536	29535.671590	W	0.018357
00567085246988	29535.689947	S	0.622639
00567097201652	29536.312586	W	0.016897
00567097526080	29536.329483	S	0.624470
00567109515896	29536.953953	W	0.017986
00567109861232	29536.971939	S	0.623022
00567121823252	29537.594961	W	0.016905
00567122147832	29537.611866	S	0.624159
00567134131692	29538.236026	W	0.017106
00567134460124	29538.253131	S	0.622894
00567146419688	29538.876025	W	0.016861
00567146743428	29538.892887	S	0.623175
00567158708388	29539.516062	W	0.017866
00567159051416	29539.533928	S	0.622217
00567170997992	29540.156145	W	0.017999
00567171343564	29540.174144	S	0.077911
00567172839464	29540.252055	W	23.707591
00567628025220	29563.959647	S	0.112560
00567630186368	29564.072207	W	0.010042
00567630379180	29564.082249	S	0.068577
00567631695864	29564.150826	W	0.014465
00567631973584	29564.165291	S	0.220996
00567636216712	29564.386287	W	0.014085
00567636487144	29564.400372	S	0.142894
00567639230716	29564.543266	W	0.009775
00567639418392	29564.553041	S	0.068707
00567640737568	29564.621748	W	3.418361
00567706370108	29568.040110	S	0.269346
00567711541552	29568.309456	W	0.017001
00567711867976	29568.326457	S	0.061472
00567713048244	29568.387929	W	0.095112
00567714874396	29568.483041	S	0.296885
00567720574580	29568.779926	W	0.009964
00567720765880	29568.789890	S	0.091609
00567722524764	29568.881498	W	0.030930
00567723118612	29568.912428	S	0.338306
00567729614092	29569.250734	W	0.017249
00567729945268	29569.267983	S	0.257660
00567734892344	29569.525643	W	0.001206
00567734915496	29569.526849	S	0.194665
00567738653060	29569.721514	W	0.017255
00567738984356	29569.738769	S	0.038153
00567739716888	29569.776921	W	0.021765
00567740134784	29569.798687	S	0.236660
00567744678652	29570.035346	W	0.014546
00567744957940	29570.049893	S	0.142351
00567747691084	29570.192244	W	0.017034
00567748018132	29570.209278	S	0.061391
00567749196848	29570.270669	W	0.014437
00567749474044	29570.285106	S	0.160966
00567752564584	29570.446072	W	0.016316
00567752877844	29570.462388	S	0.066771
00567754159840	29570.529158	W	0.017322
00567754492416	29570.546480	S	0.116547
00567756730116	29570.663027	W	0.091115
00567758479524	29570.754142	S	0.379636
00567765768536	29571.133778	W	0.086522
00567767429764	29571.220300	S	0.384235
00567774807072	29571.604535	W	0.086432
00567776466568	29571.690967	S	0.227348
00567780831640	29571.918315	W	0.040003
00567781599700	29571.958318	S	0.116703
00567783840400	29572.075021	W	0.017629
00567784178880	29572.092650	S	0.060834
00567785346896	29572.153484	W	0.054040
00567786384468	29572.207524	S	0.338402
00567792881788	29572.545926	W	0.010296
00567793079472	29572.556222	S	0.460461
00567801920332	29573.016684	W	0.017487
00567802256088	29573.034171	S	0.453294
00567810959336	29573.487465	W	0.017095
00567811287564	29573.504561	S	0.296510
00567816980560	29573.801071	W	0.040316
00567817754620	29573.841386	S	0.116631
00567819993932	29573.958017	W	0.017635
00567820332520	29573.975652	S	0.084107
00567821947380	29574.059759	W	0.030965
00567822541912	29574.090725	S	0.338253
00567829036368	29574.428977	W	0.010358
00567829235232	29574.439335	S	0.081968
00567830809024	29574.521303	W	0.072499
00567832200996	29574.593802	S	0.305947
00567838075180	29574.899749	W	0.017553
00567838412204	29574.917302	S	0.236309
00567842949328	29575.153611	W	0.016368
00567843263600	29575.169979	S	0.200555
00567847114256	29575.370534	W	0.017345
00567847447284	29575.387879	S	0.453403
00567856152620	29575.841282	W	0.017432
00567856487320	29575.858715	S	0.453339
00567865191432	29576.312054	W	0.010305
00567865389284	29576.322359	S	0.460262
00567874226320	29576.782621	W	0.017660
00567874565388	29576.800281	S	0.084086
00567876179840	29576.884367	W	0.031040
00567876775812	29576.915407	S	0.338175
00567883268780	29577.253582	W	3.787906
00567955996584	29581.041489	S	0.461631
00567964859896	29581.503120	W	0.034399
00567965520352	29581.537518	S	0.610361
00567977239292	29582.147880	W	0.125882
00567979656220	29582.273761	S	0.517804
00567989598048	29582.791565	W	0.059599
00567990742348	29582.851164	S	0.210238
00567994778920	29583.061402	W	28.858479
00568548861712	29611.919881	S	0.112270
00568551017296	29612.032151	W	0.009902
00568551207412	29612.042053	S	0.068691
00568552526280	29612.110744	W	0.014444
00568552803604	29612.125188	S	0.221023
00568557047240	29612.346210	W	0.014189
00568557319676	29612.360400	S	0.142787
00568560061180	29612.503186	W	0.009662
00568560246684	29612.512848	S	0.068806
00568561567760	29612.581654	W	3.400016
00568626848076	29615.981671	S	0.287680
00568632371532	29616.269351	W	0.017158
00568632700964	29616.286509	S	0.453581
00568641409728	29616.740090	W	0.014659
00568641691172	29616.754749	S	0.049756
00568642646488	29616.804505	W	0.026378
00568643152944	29616.830882	S	0.222851
00568647431692	29617.053734	W	0.014716
00568647714240	29617.068450	S	0.142196
00568650444404	29617.210646	W	0.017305
00568650776660	29617.227951	S	0.061156
00568651950848	29617.289107	W	0.014784
00568652234704	29617.303891	S	0.162255
00568655350000	29617.466146	W	0.001150
00568655372088	29617.467296	S	0.052605
00568656382112	29617.519902	W	0.018980
00568656746520	29617.538881	S	0.077928
00568658242732	29617.616809	W	0.021911
00568658663428	29617.638720	S	0.042708
00568659483420	29617.681428	W	0.086628
00568661146680	29617.768056	S	0.384120
00568668521784	29618.152176	W	0.086609
00568670184684	29618.238786	S	0.384159
00568677560532	29618.622944	W	0.086617
00568679223576	29618.709561	S	0.227228
00568683586360	29618.936790	W	0.040030
00568684354928	29618.976819	S	0.116892
00568686599248	29619.093711	W	0.017245
00568686930360	29619.110956	S	0.061227
00568688105920	29619.172183	W	0.014659
00568688387380	29619.186843	S	0.377639
00568695638052	29619.564482	W	0.010254
00568695834928	29619.574736	S	0.460514
00568704676792	29620.035250	W	0.017405
00568705010960	29620.052654	S	0.453363
00568713715524	29620.506017	W	0.010236
00568713912052	29620.516253	S	0.303602
00568719741220	29620.819855	W	0.040145
00568720512008	29620.860000	S	0.116784
00568722754256	29620.976784	W	0.017375
00568723087848	29620.994159	S	0.084163
00568724703780	29621.078322	W	0.072425
00568726094332	29621.150746	S	0.296605
00568731789140	29621.447351	W	0.010286
00568731986624	29621.457637	S	0.091441
00568733742296	29621.549078	W	0.031010
00568734337688	29621.580088	S	0.338222
00568740831548	29621.918310	W	0.017407
00568741165756	29621.935716	S	0.351839
00568747921056	29622.287555	W	0.017181
00568748250936	29622.304736	S	0.084332
00568749870104	29622.389068	W	0.010289
00568750067656	29622.399357	S	0.460480
00568758908868	29622.859837	W	0.017378
00568759242524	29622.877215	S	0.453377
00568767947356	29623.330591	W	0.010280
00568768144736	29623.340872	S	0.460292
00568776982336	29623.801163	W	0.017604
00568777320328	29623.818767	S	0.084168
00568778936344	29623.902935	W	0.030897
00568779529568	29623.933832	S	0.338319
00568786025288	29624.272150	W	0.010261
00568786222300	29624.282411	S	0.460484
00568795063596	29624.742896	W	0.017411
00568795397880	29624.760306	S	0.453363
00568804102448	29625.213669	W	0.010330
00568804300792	29625.224000	S	0.460454
00568813141508	29625.684454	W	0.017406
00568813475700	29625.701859	S	0.453157
00568822176308	29626.155016	W	0.010453
00568822377008	29626.165469	S	0.091291
00568824129804	29626.256761	W	0.030939
00568824723832	29626.287700	S	0.338297
00568831219128	29626.625996	W	0.017385
00568831552916	29626.643381	S	0.453341
00568840257072	29627.096722	W	3.944325
00568915988116	29631.041048	S	0.381776
00568923318212	29631.422824	W	0.034317
00568923977100	29631.457141	S	0.610459
00568935697920	29632.067600	W	0.118364
00568937970500	29632.185964	S	0.525625
00568948062496	29632.711588	W	0.061846
00568949249932	29632.773434	S	0.575211
00568960293984	29633.348645	W	0.019745
00568960673088	29633.368390	S	0.623779
00568972649644	29633.992169	W	0.017422
00568972984140	29634.009591	S	0.182352
00568976485296	29634.191943	W	0.001033
00568976505128	29634.192975	S	0.005560
00568976611888	29634.198536	W	0.001320
00568976637236	29634.199856	S	0.001930
00568976674288	29634.201786	W	0.001015
00568976693776	29634.202801	S	0.002893
00568976749320	29634.205694	W	0.001204
00568976772428	29634.206897	S	0.001903
00568976808968	29634.208800	W	0.001010
00568976828360	29634.209810	S	0.005004
00568976924428	29634.214814	W	0.001201
00568976947496	29634.216015	S	0.001891
00568976983808	29634.217907	W	0.001009
00568977003172	29634.218915	S	0.003368
00568977067836	29634.222283	W	0.001046
00568977087924	29634.223329	S	0.006575
00568977214156	29634.229904	W	0.001045
00568977234224	29634.230949	S	0.001864
00568977270004	29634.232813	W	0.001044
00568977290052	29634.233857	S	0.003267
00568977352776	29634.237124	W	0.001026
00568977372476	29634.238150	S	0.009458
00568977554060	29634.247607	W	0.001097
00568977575120	29634.248704	S	0.014568
00568977854816	29634.263272	W	0.001162
00568977877124	29634.264434	S	0.002771
00568977930328	29634.267205	W	0.001062
00568977950712	29634.268266	S	0.051317
00568978935996	29634.319583	W	0.001151
00568978958092	29634.320734	S	0.004267
00568979040020	29634.325001	W	0.001081
00568979060768	29634.326082	S	0.009961
00568979252028	29634.336043	W	0.001056
00568979272312	29634.337100	S	0.012308
00568979508620	29634.349407	W	0.001086
00568979529480	29634.350494	S	0.026358
00568980035552	29634.376852	W	0.001089
00568980056464	29634.377941	S	0.012646
00568980299268	29634.390587	W	0.001100
00568980320396	29634.391687	S	0.047653
00568981235332	29634.439340	W	0.001135
00568981257132	29634.440476	S	0.031883
00568981869280	29634.472358	W	0.001071
00568981889844	29634.473429	S	0.001884
00568981926020	29634.475314	W	0.001046
00568981946108	29634.476360	S	0.001875
00568981982100	29634.478234	W	0.001051
00568982002276	29634.479285	S	0.006308
00568982123396	29634.485594	W	0.001060
00568982143756	29634.486654	S	0.148147
00568984988180	29634.634801	W	0.015875
00568985292972	29634.650676	S	0.626952
00568997330456	29635.277628	W	0.015451
00568997627108	29635.293079	S	0.625145
00569009629900	29635.918224	W	0.016769
00569009951856	29635.934992	S	0.623238
00569021918020	29636.558230	W	0.017589
00569022255724	29636.575819	S	0.622342
00569034204684	29637.198161	W	0.018568
00569034561196	29637.216729	S	0.616878
00569046405256	29637.833607	W	0.052268
00569047408808	29637.885875	S	0.589069
00569058718928	29638.474944	W	0.016626
00569059038140	29638.491570	S	0.454631
00569067767052	29638.946201	W	0.117071
00569070014808	29639.063271	S	0.052654
00569071025764	29639.115925	W	0.016558
00569071343672	29639.132483	S	0.624539
00569083334820	29639.757022	W	0.017534
00569083671472	29639.774556	S	0.623642
00569095645404	29640.398198	W	0.016406
00569095960408	29640.414605	S	0.623716
00569107935756	29641.038321	W	0.017473
00569108271232	29641.055793	S	0.622460
00569120222468	29641.678254	W	0.018542
00569120578472	29641.696795	S	0.616800
00569132421024	29642.313595	W	0.016609
00569132739912	29642.330204	S	0.624463
00569144729600	29642.954667	W	0.054597
00569145777860	29643.009264	S	0.586812
00569157044648	29643.596075	W	0.016660
00569157364516	29643.612735	S	0.624321
00569169351476	29644.237056	W	0.016443
00569169667180	29644.253499	S	0.624621
00569181659904	29644.878120	W	0.041429
00569182455348	29644.919549	S	0.001572
00569182485528	29644.921121	W	0.000889
00569182502588	29644.922010	S	0.033341
00569183142740	29644.955351	W	0.001141
00569183164656	29644.956493	S	0.561699
00569193949284	29645.518192	W	0.017132
00569194278220	29645.535324	S	0.622949
00569206238832	29646.158273	W	0.018327
00569206590704	29646.176599	S	0.617137
00569218439736	29646.793736	W	0.016788
00569218762072	29646.810525	S	0.624122
00569230745216	29647.434647	W	0.016517
00569231062336	29647.451163	S	0.624816
00569243058812	29648.075980	W	0.056026
00569244134512	29648.132006	S	0.585143
00569255369260	29648.717149	W	0.016277
00569255681776	29648.733426	S	0.624685
00569267675720	29649.358110	W	0.016314
00569267988940	29649.374424	S	0.623693
00569279963840	29649.998117	W	0.016333
00569280277428	29650.014449	S	0.623742
00569292253280	29650.638192	W	0.017880
00569292596580	29650.656072	S	0.617573
00569304453976	29651.273645	W	0.015869
00569304758664	29651.289514	S	0.625283
00569316764104	29651.914797	W	0.016857
00569317087752	29651.931654	S	0.624336
00569329074996	29652.555989	W	0.017106
00569329403436	29652.573096	S	0.623957
00569341383404	29653.197052	W	0.206616
00569345350432	29653.403668	S	0.434436
00569353691608	29653.838105	W	0.017144
00569354020764	29653.855248	S	0.622890
00569365980248	29654.478138	W	0.016996
00569366306580	29654.495134	S	0.622992
00569378268032	29655.118127	W	0.017470
00569378603452	29655.135596	S	0.618010
00569390469244	29655.753606	W	0.016676
00569390789420	29655.770282	S	0.624462
00569402779096	29656.394745	W	0.017048
00569403106424	29656.411793	S	0.624091
00569415088964	29657.035884	W	0.016823
00569415411956	29657.052706	S	0.624245
00569427397468	29657.676951	W	0.015947
00569427703656	29657.692899	S	0.625249
00569439708428	29658.318147	W	0.194366
00569443440260	29658.512514	S	0.445693
00569451997564	29658.958206	W	0.016850
00569452321080	29658.975056	S	0.623015
00569464282964	29659.598071	W	0.017564
00569464620184	29659.615635	S	0.622416
00569476570580	29660.238051	W	0.018861
00569476932716	29660.256912	S	0.617706
00569488792668	29660.874618	W	0.016494
00569489109344	29660.891112	S	0.624946
00569501108300	29661.516057	W	0.016993
00569501434556	29661.533050	S	0.623857
00569513412608	29662.156907	W	0.047685
00569514328164	29662.204592	S	0.593438
00569525722168	29662.798030	W	0.205593
00569529669556	29663.003623	S	0.434396
00569538009964	29663.438019	W	0.211862
00569542077708	29663.649881	S	0.428163
00569550298440	29664.078044	W	0.017609
00569550636528	29664.095653	S	0.622419
00569562586972	29664.718071	W	0.018805
00569562948032	29664.736877	S	0.616636
00569574787444	29665.353513	W	0.016989
00569575113628	29665.370501	S	0.625424
00569587121768	29665.995925	W	0.016460
00569587437808	29666.012386	S	0.624713
00569599432292	29666.637099	W	0.016885
00569599756484	29666.653984	S	0.624006
00569611737400	29667.277990	W	0.015832
00569612041384	29667.293822	S	0.031945
00569612654720	29667.325767	W	0.001021
00569612674332	29667.326788	S	0.002648
00569612725172	29667.329436	W	0.000205
00569612729116	29667.329641	S	0.000275
00569612734388	29667.329916	W	0.000058
00569612735492	29667.329974	S	0.096309
00569614584628	29667.426283	W	0.000226
00569614588972	29667.426509	S	0.099830
00569616505704	29667.526339	W	0.000366
00569616512732	29667.526705	S	0.391399
00569624027600	29667.918104	W	0.015821
00569624331360	29667.933925	S	0.299345
00569630078792	29668.233270	W	0.001062
00569630099176	29668.234332	S	0.323842
00569636316952	29668.558175	W	0.200295
00569640162620	29668.758470	S	0.410755
00569648049120	29669.169225	W	0.000576
00569648060172	29669.169801	S	0.001459
00569648088176	29669.171259	W	0.000048
00569648089100	29669.171307	S	0.027168
00569648610732	29669.198476	W	0.192446
00569652305704	29669.390922	S	0.001484
00569652334200	29669.392406	W	0.000961
00569652352656	29669.393368	S	0.004541
00569652439836	29669.397908	W	0.001911
00569652476528	29669.399819	S	0.000299
00569652482268	29669.400118	W	0.000070
00569652483616	29669.400188	S	0.000272
00569652488832	29669.400460	W	0.000057
00569652489924	29669.400517	S	0.000992
00569652508964	29669.401509	W	0.000310
00569652514924	29669.401819	S	0.000271
00569652520124	29669.402090	W	0.000057
00569652521216	29669.402147	S	0.000929
00569652539044	29669.403075	W	0.001821
00569652574012	29669.404896	S	0.000293
00569652579628	29669.405189	W	0.000071
00569652580992	29669.405260	S	0.001059
00569652601328	29669.406319	W	0.000448
00569652609936	29669.406768	S	0.000595
00569652621364	29669.407363	W	0.000304
00569652627196	29669.407666	S	0.000273
00569652632440	29669.407940	W	0.001807
00569652667132	29669.409746	S	0.000289
00569652672688	29669.410036	W	0.000060
00569652673836	29669.410096	S	0.000846
00569652690088	29669.410942	W	0.000453
00569652698780	29669.411395	S	0.001239
00569652722572	29669.412634	W	0.000306
00569652728444	29669.412940	S	0.000273
00569652733692	29669.413213	W	0.000056
00569652734776	29669.413270	S	0.000270
00569652739956	29669.413539	W	0.002109
00569652780456	29669.415649	S	0.000263
00569652785500	29669.415911	W	0.000083
00569652787088	29669.415994	S	0.003199
00569652848500	29669.419193	W	0.004581
00569652936448	29669.423773	S	0.000433
00569652944756	29669.424206	W	0.000325
00569652950992	29669.424531	S	0.000274
00569652956256	29669.424805	W	0.001896
00569652992652	29669.426701	S	0.000308
00569652998560	29669.427008	W	0.000055
00569652999608	29669.427063	S	0.000866
00569653016244	29669.427929	W	0.000881
00569653033168	29669.428811	S	0.000272
00569653038388	29669.429083	W	0.000307
00569653044284	29669.429390	S	0.000330
00569653050620	29669.429720	W	0.002171
00569653092296	29669.431890	S	0.000294
00569653097940	29669.432184	W	0.000090
00569653099668	29669.432274	S	0.001359
00569653125764	29669.433634	W	0.000302
00569653131556	29669.433935	S	0.000273
00569653136800	29669.434208	W	0.002043
00569653176020	29669.436251	S	0.000289
00569653181568	29669.436540	W	0.000081
00569653183128	29669.436621	S	0.000269
00569653188292	29669.436890	W	0.000058
00569653189396	29669.436948	S	0.002759
00569653242364	29669.439706	W	0.000300
00569653248124	29669.440006	S	0.000274
00569653253380	29669.440280	W	0.002186
00569653295348	29669.442466	S	0.002393
00569653341300	29669.444859	W	0.000300
00569653347052	29669.445159	S	0.000272
00569653352268	29669.445431	W	0.000404
00569653360032	29669.445835	S	0.000272
00569653365248	29669.446107	W	0.001750
00569653398848	29669.447857	S	0.000286
00569653404340	29669.448143	W	0.000079
00569653405852	29669.448221	S	0.000270
00569653411036	29669.448491	W	0.000057
00569653412128	29669.448548	S	0.001035
00569653432008	29669.449584	W	0.000318
00569653438112	29669.449902	S	0.000274
00569653443380	29669.450176	W	0.001999
00569653481760	29669.452175	S	0.000288
00569653487284	29669.452463	W	0.000080
00569653488816	29669.452542	S	0.003398
00569653554052	29669.455940	W	0.000300
00569653559808	29669.456240	S	0.000271
00569653565008	29669.456511	W	0.000057
00569653566100	29669.456568	S	0.001732
00569653599360	29669.458300	W	0.001849
00569653634864	29669.460149	S	0.000289
00569653640412	29669.460438	W	0.000059
00569653641544	29669.460497	S	0.000270
00569653646732	29669.460767	W	0.000054
00569653647764	29669.460821	S	0.000992
00569653666804	29669.461813	W	0.000310
00569653672764	29669.462123	S	0.000271
00569653677976	29669.462395	W	0.001811
00569653712756	29669.464206	S	0.000288
00569653718292	29669.464494	W	0.000060
00569653719436	29669.464554	S	0.000784
00569653734488	29669.465338	W	0.000719
00569653748296	29669.466057	S	0.000276
00569653753604	29669.466334	W	0.000048
00569653754520	29669.466381	S	0.000269
00569653759688	29669.466650	W	0.002138
00569653800740	29669.468789	S	0.000289
00569653806284	29669.469077	W	0.000060
00569653807428	29669.469137	S	0.000709
00569653821032	29669.469845	W	0.000508
00569653830784	29669.470353	S	0.000572
00569653841764	29669.470925	W	0.000306
00569653847644	29669.471231	S	0.000274
00569653852896	29669.471505	W	0.001779
00569653887052	29669.473284	S	0.000288
00569653892588	29669.473572	W	0.000052
00569653893592	29669.473625	S	0.001491
00569653922224	29669.475116	W	0.000462
00569653931096	29669.475578	S	0.001533
00569653960532	29669.477111	W	0.000302
00569653966336	29669.477413	S	0.000274
00569653971600	29669.477687	W	0.000057
00569653972688	29669.477744	S	0.000350
00569653979412	29669.478094	W	0.000371
00569653986532	29669.478465	S	0.004854
00569654079732	29669.483319	W	0.003881
00569654154256	29669.487201	S	0.002957
00569654211036	29669.490158	W	0.000317
00569654217124	29669.490475	S	0.000273
00569654222356	29669.490748	W	0.000381
00569654229680	29669.491129	S	0.012161
00569654463180	29669.503291	W	0.001344
00569654488992	29669.504635	S	0.000279
00569654494344	29669.504914	W	0.000426
00569654502528	29669.505340	S	0.018262
00569654853164	29669.523602	W	0.000447
00569654861740	29669.524049	S	0.062239
00569656056720	29669.586287	W	0.006255
00569656176820	29669.592543	S	0.095036
00569658001520	29669.687579	W	0.014729
00569658284324	29669.702309	S	0.131474
00569660808632	29669.833783	W	0.015688
00569661109836	29669.849471	S	0.625315
00569673115888	29670.474786	W	0.016044
00569673423924	29670.490829	S	0.626373
00569685450292	29671.117203	W	0.015887
00569685755320	29671.133090	S	0.625245
00569697760032	29671.758335	W	0.016089
00569698068936	29671.774424	S	0.623860
00569710047044	29672.398284	W	0.015831
00569710351000	29672.414115	S	0.624236
00569722336332	29673.038351	W	0.016940
00569722661580	29673.055291	S	0.622824
00569734619804	29673.678115	W	0.221920
00569738880676	29673.900035	S	0.413570
00569746821220	29674.313605	W	0.200396
00569750668824	29674.514001	S	0.440728
00569759130808	29674.954730	W	1.731042
00569792366808	29676.685771	S	0.370384
00569799478176	29677.056155	W	3.442054
00569865565604	29680.498209	S	0.001705
00569865598336	29680.499913	W	0.000956
00569865616696	29680.500870	S	0.001934
00569865653824	29680.502803	W	0.001365
00569865680040	29680.504169	S	0.002037
00569865719156	29680.506206	W	0.001506
00569865748072	29680.507712	S	0.001987
00569865786224	29680.509699	W	0.001597
00569865816880	29680.511296	S	0.002050
00569865856232	29680.513345	W	0.003080
00569865915372	29680.516426	S	0.002067
00569865955068	29680.518493	W	0.001070
00569865975612	29680.519563	S	0.001893
00569866011948	29680.521456	W	0.002806
00569866065820	29680.524261	S	0.002106
00569866106256	29680.526367	W	0.001181
00569866128928	29680.527548	S	0.001900
00569866165408	29680.529448	W	0.001963
00569866203104	29680.531412	S	0.002052
00569866242496	29680.533463	W	0.001065
00569866262936	29680.534528	S	0.001874
00569866298912	29680.536402	W	0.002764
00569866351972	29680.539165	S	0.002058
00569866391480	29680.541223	W	0.002770
00569866444656	29680.543992	S	0.002056
00569866484136	29680.546049	W	0.002793
00569866537768	29680.548842	S	0.002059
00569866577292	29680.550901	W	0.002804
00569866631120	29680.553704	S	0.002059
00569866670644	29680.555763	W	0.003074
00569866729664	29680.558837	S	0.002087
00569866769732	29680.560924	W	0.002865
00569866824732	29680.563788	S	0.002054
00569866864164	29680.565842	W	0.001065
00569866884616	29680.566907	S	0.001877
00569866920656	29680.568784	W	0.001051
00569866940844	29680.569836	S	0.001978
00569866978816	29680.571813	W	0.001407
00569867005828	29680.573220	S	0.002107
00569867046276	29680.575327	W	0.001155
00569867068448	29680.576482	S	0.001921
00569867105332	29680.578403	W	0.002616
00569867155552	29680.581018	S	0.002036
00569867194652	29680.583055	W	0.001268
00569867219004	29680.584323	S	0.001926
00569867255988	29680.586249	W	0.001340
00569867281720	29680.587590	S	0.002016
00569867320436	29680.589606	W	0.002710
00569867372464	29680.592316	S	0.002066
00569867412128	29680.594382	W	0.002779
00569867465488	29680.597161	S	0.002058
00569867505008	29680.599219	W	0.002765
00569867558092	29680.601984	S	0.002053
00569867597512	29680.604037	W	0.003177
00569867658508	29680.607214	S	0.002072
00569867698284	29680.609286	W	0.002878
00569867753544	29680.612164	S	0.002054
00569867792976	29680.614217	W	0.001073
00569867813584	29680.615291	S	0.001935
00569867850740	29680.617226	W	0.002971
00569867907784	29680.620197	S	0.002172
00569867949488	29680.622369	W	0.003300
00569868012848	29680.625669	S	0.002063
00569868052464	29680.627733	W	0.002824
00569868106684	29680.630556	S	0.002056
00569868146168	29680.632613	W	0.002842
00569868200744	29680.635455	S	0.002050
00569868240104	29680.637505	W	0.002912
00569868296020	29680.640418	S	0.002153
00569868337364	29680.642571	W	0.002966
00569868394304	29680.645537	S	0.002060
00569868433856	29680.647597	W	0.002578
00569868483360	29680.650175	S	0.002065
00569868523000	29680.652240	W	0.003097
00569868582460	29680.655336	S	0.002061
00569868622040	29680.657398	W	0.002890
00569868677532	29680.660288	S	0.002066
00569868717200	29680.662354	W	0.001366
00569868743424	29680.663720	S	0.001927
00569868780424	29680.665647	W	0.001241
00569868804256	29680.666888	S	0.002018
00569868842996	29680.668906	W	0.001341
00569868868752	29680.670247	S	0.001950
00569868906184	29680.672197	W	0.001245
00569868930088	29680.673442	S	0.002018
00569868968824	29680.675460	W	0.003296
00569869032108	29680.678756	S	0.002065
00569869071760	29680.680821	W	0.003174
00569869132700	29680.683995	S	0.002081
00569869172660	29680.686076	W	0.002991
00569869230092	29680.689067	S	0.002051
00569869269464	29680.691118	W	0.003233
00569869331532	29680.694351	S	0.002058
00569869371040	29680.696408	W	0.003029
00569869429188	29680.699437	S	0.002129
00569869470060	29680.701566	W	0.002976
00569869527208	29680.704542	S	0.002061
00569869566788	29680.706604	W	0.002947
00569869623372	29680.709551	S	0.002080
00569869663308	29680.711631	W	0.003174
00569869724244	29680.714804	S	0.002043
00569869763460	29680.716847	W	0.001175
00569869786016	29680.718022	S	0.001925
00569869822968	29680.719946	W	0.001259
00569869847140	29680.721205	S	0.002023
00569869885980	29680.723228	W	0.000705
00569869899516	29680.723933	S	0.001432
00569869927004	29680.725365	W	0.000330
00569869933340	29680.725695	S	0.001402
00569869960252	29680.727096	W	0.001195
00569869983204	29680.728292	S	0.001444
00569870010920	29680.729735	W	0.000386
00569870018336	29680.730122	S	0.002759
00569870071300	29680.732880	W	0.000232
00569870075760	29680.733112	S	0.001446
00569870103532	29680.734559	W	0.001483
00569870132012	29680.736042	S	0.001458
00569870160000	29680.737500	W	0.000555
00569870170660	29680.738055	S	0.001412
00569870197764	29680.739467	W	0.000331
00569870204128	29680.739798	S	0.001413
00569870231264	29680.741212	W	0.001146
00569870253264	29680.742357	S	0.001433
00569870280776	29680.743790	W	0.000379
00569870288044	29680.744169	S	0.001976
00569870325976	29680.746145	W	0.000225
00569870330296	29680.746370	S	0.001438
00569870357912	29680.747808	W	0.000326
00569870364180	29680.748134	S	0.001430
00569870391644	29680.749565	W	0.001135
00569870413440	29680.750700	S	0.001429
00569870440868	29680.752129	W	0.000365
00569870447868	29680.752493	S	0.004031
00569870525256	29680.756524	W	0.000224
00569870529548	29680.756747	S	0.001439
00569870557184	29680.758187	W	0.000348
00569870563868	29680.758535	S	0.001419
00569870591104	29680.759953	W	0.001140
00569870612988	29680.761093	S	0.001429
00569870640432	29680.762523	W	0.000367
00569870647476	29680.762889	S	0.001407
00569870674488	29680.764296	W	0.000047
00569870675396	29680.764344	S	0.001422
00569870702692	29680.765765	W	0.000225
00569870707016	29680.765990	S	0.001411
00569870734108	29680.767401	W	0.000326
00569870740372	29680.767728	S	0.001430
00569870767836	29680.769158	W	0.001456
00569870795788	29680.770614	S	0.001455
00569870823732	29680.772069	W	0.000050
00569870824700	29680.772120	S	0.001763
00569870858552	29680.773883	W	0.000226
00569870862888	29680.774109	S	0.001440
00569870890528	29680.775548	W	0.000338
00569870897024	29680.775887	S	0.001428
00569870924444	29680.777315	W	0.001147
00569870946472	29680.778462	S	0.001427
00569870973872	29680.779889	W	0.000367
00569870980924	29680.780256	S	0.002773
00569871034168	29680.783030	W	0.000237
00569871038724	29680.783267	S	0.001428
00569871066140	29680.784695	W	0.000342
00569871072708	29680.785037	S	0.001416
00569871099892	29680.786453	W	0.001171
00569871122384	29680.787624	S	0.001432
00569871149888	29680.789057	W	0.000359
00569871156784	29680.789416	S	0.001423
00569871184104	29680.790839	W	0.000226
00569871188444	29680.791065	S	0.001440
00569871216100	29680.792505	W	0.000351
00569871222844	29680.792856	S	0.001414
00569871249988	29680.794270	W	0.001164
00569871272336	29680.795434	S	0.001464
00569871300444	29680.796898	W	0.000365
00569871307452	29680.797263	S	0.002834
00569871361868	29680.800097	W	0.000229
00569871366260	29680.800326	S	0.001414
00569871393408	29680.801740	W	0.000330
00569871399736	29680.802070	S	0.001430
00569871427188	29680.803499	W	0.001120
00569871448692	29680.804619	S	0.001424
00569871476032	29680.806043	W	0.000381
00569871483356	29680.806425	S	0.002634
00569871533924	29680.809059	W	0.000254
00569871538808	29680.809313	S	0.001421
00569871566100	29680.810734	W	0.000386
00569871573504	29680.811120	S	0.001406
00569871600500	29680.812526	W	0.025115
00569872082716	29680.837641	S	0.001604
00569872113516	29680.839246	W	0.001765
00569872147396	29680.841010	S	0.002081
00569872187352	29680.843091	W	0.002506
00569872235472	29680.845597	S	0.002048
00569872274796	29680.847646	W	0.003379
00569872339676	29680.851025	S	0.002072
00569872379460	29680.853097	W	0.003067
00569872438340	29680.856164	S	0.002063
00569872477956	29680.858227	W	0.001064
00569872498392	29680.859291	S	0.001895
00569872534776	29680.861186	W	0.003263
00569872597420	29680.864449	S	0.002078
00569872637316	29680.866527	W	0.002506
00569872685428	29680.869033	S	0.002060
00569872724988	29680.871093	W	0.002922
00569872781092	29680.874015	S	0.002043
00569872820312	29680.876058	W	0.001446
00569872848072	29680.877504	S	0.001938
00569872885280	29680.879442	W	0.001225
00569872908796	29680.880666	S	0.002017
00569872947524	29680.882684	W	0.001659
00569872979384	29680.884343	S	0.001967
00569873017152	29680.886310	W	0.001301
00569873042128	29680.887611	S	0.002009
00569873080696	29680.889620	W	0.002659
00569873131756	29680.892279	S	0.002075
00569873171600	29680.894354	W	0.002791
00569873225184	29680.897145	S	0.002044
00569873264428	29680.899189	W	0.002963
00569873321316	29680.902152	S	0.002068
00569873361024	29680.904220	W	0.001272
00569873385456	29680.905492	S	0.001909
00569873422100	29680.907401	W	0.001283
00569873446736	29680.908684	S	0.002033
00569873485768	29680.910717	W	0.001407
00569873512780	29680.912124	S	0.001954
00569873550296	29680.914078	W	0.002170
00569873591960	29680.916248	S	0.002057
00569873631464	29680.918305	W	0.002931
00569873687748	29680.921237	S	0.002075
00569873727580	29680.923311	W	0.001125
00569873749184	29680.924437	S	0.001902
00569873785696	29680.926338	W	0.002258
00569873829056	29680.928597	S	0.002049
00569873868404	29680.930646	W	0.001164
00569873890744	29680.931810	S	0.001943
00569873928048	29680.933753	W	0.002147
00569873969276	29680.935900	S	0.002086
00569874009320	29680.937985	W	0.003281
00569874072320	29680.941267	S	0.002165
00569874113884	29680.943431	W	0.003039
00569874172228	29680.946470	S	0.002156
00569874213628	29680.948626	W	0.001266
00569874237940	29680.949893	S	0.001982
00569874276004	29680.951875	W	0.001299
00569874300944	29680.953174	S	0.002102
00569874341300	29680.955276	W	0.001172
00569874363808	29680.956448	S	0.002050
00569874403172	29680.958499	W	0.002378
00569874448824	29680.960876	S	0.002105
00569874489236	29680.962981	W	0.001195
00569874512172	29680.964176	S	0.001938
00569874549388	29680.966114	W	0.001426
00569874576768	29680.967540	S	0.002059
00569874616292	29680.969599	W	0.001094
00569874637300	29680.970693	S	0.001953
00569874674788	29680.972645	W	0.002967
00569874731760	29680.975612	S	0.002159
00569874773208	29680.977771	W	0.001396
00569874800020	29680.979168	S	0.001917
00569874836832	29680.981085	W	0.002156
00569874878232	29680.983241	S	0.002063
00569874917840	29680.985304	W	0.002844
00569874972452	29680.988149	S	0.002075
00569875012296	29680.990224	W	0.001246
00569875036216	29680.991470	S	0.001924
00569875073164	29680.993394	W	0.001252
00569875097204	29680.994646	S	0.002017
00569875135928	29680.996663	W	0.001117
00569875157368	29680.997780	S	0.001908
00569875194008	29680.999688	W	0.001076
00569875214672	29681.000764	S	0.001937
00569875251864	29681.002701	W	0.001374
00569875278248	29681.004075	S	0.002068
00569875317956	29681.006144	W	0.003353
00569875382332	29681.009496	S	0.002131
00569875423252	29681.011628	W	0.001512
00569875452276	29681.013139	S	0.001943
00569875489580	29681.015082	W	0.001408
00569875516616	29681.016490	S	0.002061
00569875556184	29681.018551	W	0.001541
00569875585776	29681.020092	S	0.001995
00569875624072	29681.022087	W	0.001393
00569875650824	29681.023480	S	0.002082
00569875690796	29681.025562	W	0.001105
00569875712012	29681.026667	S	0.001925
00569875748980	29681.028593	W	0.001031
00569875768768	29681.029623	S	0.001900
00569875805256	29681.031524	W	0.003211
00569875866912	29681.034735	S	0.002264
00569875910384	29681.036999	W	0.000708
00569875923972	29681.037707	S	0.001465
00569875952104	29681.039172	W	0.000388
00569875959548	29681.039560	S	0.001411
00569875986648	29681.040971	W	0.001692
00569876019144	29681.042664	S	0.001451
00569876046996	29681.044114	W	0.000053
00569876048016	29681.044168	S	0.001416
00569876075204	29681.045584	W	0.000234
00569876079688	29681.045817	S	0.001464
00569876107800	29681.047281	W	0.000323
00569876114004	29681.047604	S	0.001412
00569876141120	29681.049017	W	0.001141
00569876163024	29681.050158	S	0.001433
00569876190544	29681.051591	W	0.000353
00569876197324	29681.051944	S	0.001439
00569876224956	29681.053383	W	0.000225
00569876229272	29681.053608	S	0.001412
00569876256376	29681.055020	W	0.000330
00569876262720	29681.055350	S	0.001414
00569876289872	29681.056764	W	0.006790
00569876420236	29681.063554	S	0.002161
00569876461736	29681.065715	W	0.000250
00569876466532	29681.065965	S	0.001418
00569876493752	29681.067383	W	0.001486
00569876522292	29681.068869	S	0.001453
00569876550184	29681.070322	W	0.000588
00569876561472	29681.070910	S	0.001448
00569876589264	29681.072358	W	0.000345
00569876595884	29681.072702	S	0.001412
00569876622996	29681.074114	W	0.001168
00569876645416	29681.075282	S	0.001431
00569876672892	29681.076713	W	0.000564
00569876683720	29681.077277	S	0.001450
00569876711552	29681.078727	W	0.000330
00569876717896	29681.079057	S	0.001439
00569876745516	29681.080496	W	0.001142
00569876767444	29681.081638	S	0.001463
00569876795532	29681.083101	W	0.000366
00569876802556	29681.083466	S	0.001704
00569876835268	29681.085170	W	0.000225
00569876839592	29681.085395	S	0.001430
00569876867056	29681.086826	W	0.000343
00569876873644	29681.087169	S	0.001415
00569876900804	29681.088584	W	0.001152
00569876922920	29681.089735	S	0.001432
00569876950424	29681.091168	W	0.000362
00569876957372	29681.091530	S	0.002643
00569877008124	29681.094173	W	0.000225
00569877012448	29681.094398	S	0.001411
00569877039536	29681.095809	W	0.000333
00569877045936	29681.096142	S	0.001445
00569877073680	29681.097588	W	0.001393
00569877100428	29681.098981	S	0.001426
00569877127816	29681.100407	W	0.000068
00569877129124	29681.100475	S	0.001416
00569877156304	29681.101891	W	0.000227
00569877160660	29681.102118	S	0.001426
00569877188044	29681.103544	W	0.000354
00569877194844	29681.103898	S	0.001415
00569877222016	29681.105313	W	0.001132
00569877243752	29681.106445	S	0.001434
00569877271284	29681.107879	W	0.000370
00569877278396	29681.108250	S	0.001979
00569877316396	29681.110229	W	0.000226
00569877320736	29681.110455	S	0.001406
00569877347740	29681.111861	W	0.000343
00569877354320	29681.112204	S	0.001404
00569877381268	29681.113608	W	0.001140
00569877403152	29681.114747	S	0.001457
00569877431120	29681.116204	W	0.000374
00569877438300	29681.116578	S	0.002521
00569877486704	29681.119099	W	0.002294
00569877530756	29681.121394	S	0.001466
00569877558912	29681.122860	W	0.100450
00569879487556	29681.223310	S	0.002061
00569879527128	29681.225371	W	0.000295
00569879532784	29681.225666	S	0.001420
00569879560040	29681.227085	W	0.000356
00569879566868	29681.227441	S	0.001417
00569879594080	29681.228858	W	0.001293
00569879618908	29681.230151	S	0.001434
00569879646432	29681.231585	W	0.000393
00569879653984	29681.231978	S	0.001429
00569879681416	29681.233407	W	0.000229
00569879685816	29681.233636	S	0.001445
00569879713560	29681.235081	W	0.000327
00569879719832	29681.235408	S	0.001442
00569879747520	29681.236850	W	0.001134
00569879769300	29681.237984	S	0.001432
00569879796792	29681.239416	W	0.000549
00569879807336	29681.239965	S	0.001415
00569879834508	29681.241381	W	0.000326
00569879840764	29681.241706	S	0.001443
00569879868472	29681.243150	W	0.001381
00569879894984	29681.244530	S	0.001435
00569879922528	29681.245965	W	0.000250
00569879927336	29681.246215	S	0.001441
00569879955004	29681.247656	W	0.000334
00569879961408	29681.247990	S	0.001415
00569879988572	29681.249405	W	0.001379
00569880015048	29681.250784	S	0.001434
00569880042584	29681.252218	W	0.000232
00569880047044	29681.252450	S	0.001405
00569880074020	29681.253855	W	0.000344
00569880080624	29681.254199	S	0.001444
00569880108348	29681.255643	W	0.001132
00569880130076	29681.256775	S	0.001430
00569880157536	29681.258205	W	0.000378
00569880164796	29681.258583	S	0.001704
00569880197512	29681.260287	W	0.000237
00569880202060	29681.260524	S	0.001418
00569880229280	29681.261942	W	0.000342
00569880235840	29681.262283	S	0.001445
00569880263584	29681.263728	W	0.001173
00569880286100	29681.264901	S	0.001423
00569880313416	29681.266324	W	0.000369
00569880320504	29681.266693	S	0.001453
00569880348408	29681.268146	W	0.000228
00569880352776	29681.268374	S	0.001407
00569880379788	29681.269781	W	0.001736
00569880413120	29681.271517	S	0.001424
00569880440464	29681.272941	W	0.000055
00569880441516	29681.272996	S	0.001427
00569880468916	29681.274423	W	0.000226
00569880473264	29681.274649	S	0.001448
00569880501068	29681.276097	W	0.000362
00569880508020	29681.276459	S	0.001415
00569880535192	29681.277875	W	0.001171
00569880557680	29681.279046	S	0.001425
00569880585040	29681.280471	W	0.000566
00569880595900	29681.281036	S	0.001411
00569880622984	29681.282447	W	0.000327
00569880629272	29681.282775	S	0.001413
00569880656396	29681.284187	W	0.027560
00569881185544	29681.311747	S	0.001611
00569881216480	29681.313358	W	0.000643
00569881228828	29681.314001	S	0.001435
00569881256384	29681.315437	W	0.001744
00569881289876	29681.317181	S	0.001471
00569881318124	29681.318652	W	0.000054
00569881319168	29681.318707	S	0.001417
00569881346380	29681.320124	W	0.000261
00569881351392	29681.320385	S	0.001436
00569881378964	29681.321821	W	0.000333
00569881385356	29681.322154	S	0.001413
00569881412484	29681.323567	W	0.001176
00569881435068	29681.324743	S	0.001428
00569881462484	29681.326171	W	0.000544
00569881472936	29681.326715	S	0.001445
00569881500684	29681.328161	W	0.001759
00569881534464	29681.329920	S	0.001461
00569881562512	29681.331381	W	0.000247
00569881567252	29681.331628	S	0.001414
00569881594392	29681.333041	W	0.000337
00569881600860	29681.333378	S	0.001420
00569881628116	29681.334798	W	0.001141
00569881650032	29681.335939	S	0.001462
00569881678096	29681.337401	W	0.000354
00569881684892	29681.337755	S	0.001429
00569881712324	29681.339184	W	0.000228
00569881716692	29681.339411	S	0.001439
00569881744328	29681.340850	W	0.000356
00569881751172	29681.341207	S	0.001410
00569881778240	29681.342617	W	0.001117
00569881799684	29681.343734	S	0.001068
00569881820180	29681.344801	W	0.000387
00569881827608	29681.345188	S	0.001057
00569881847896	29681.346245	W	0.000047
00569881848796	29681.346291	S	0.001700
00569881881432	29681.347991	W	0.000224
00569881885740	29681.348216	S	0.001409
00569881912788	29681.349624	W	0.000326
00569881919044	29681.349950	S	0.001410
00569881946124	29681.351361	W	0.001129
00569881967792	29681.352489	S	0.001458
00569881995788	29681.353947	W	0.000374
00569882002976	29681.354322	S	0.002334
00569882047792	29681.356656	W	0.000229
00569882052180	29681.356884	S	0.001415
00569882079348	29681.358299	W	0.000343
00569882085932	29681.358642	S	0.001416
00569882113112	29681.360058	W	0.001140
00569882134996	29681.361198	S	0.001428
00569882162412	29681.362626	W	0.109784
00569884270268	29681.472410	S	0.002212
00569884312740	29681.474622	W	0.000276
00569884318048	29681.474898	S	0.001454
00569884345960	29681.476352	W	0.000330
00569884352292	29681.476682	S	0.001437
00569884379876	29681.478119	W	0.001216
00569884403216	29681.479334	S	0.001468
00569884431400	29681.480802	W	0.000355
00569884438212	29681.481157	S	0.001446
00569884465972	29681.482603	W	0.000228
00569884470340	29681.482830	S	0.001408
00569884497380	29681.484239	W	0.000341
00569884503936	29681.484580	S	0.001416
00569884531116	29681.485996	W	0.001153
00569884553252	29681.487149	S	0.001431
00569884580728	29681.488580	W	0.000372
00569884587864	29681.488951	S	0.002859
00569884642752	29681.491810	W	0.000229
00569884647152	29681.492039	S	0.001434
00569884674684	29681.493473	W	0.000337
00569884681160	29681.493810	S	0.001421
00569884708444	29681.495231	W	0.001464
00569884736544	29681.496695	S	0.001436
00569884764112	29681.498131	W	0.000053
00569884765120	29681.498183	S	0.001721
00569884798160	29681.499904	W	0.000230
00569884802576	29681.500134	S	0.001414
00569884829716	29681.501548	W	0.001787
00569884864024	29681.503335	S	0.001465
00569884892144	29681.504799	W	0.000055
00569884893204	29681.504854	S	0.001398
00569884920044	29681.506252	W	0.000230
00569884924468	29681.506483	S	0.001425
00569884951832	29681.507908	W	0.000359
00569884958724	29681.508267	S	0.001408
00569884985764	29681.509675	W	0.001475
00569885014084	29681.511150	S	0.001428
00569885041508	29681.512579	W	0.000050
00569885042460	29681.512628	S	0.001540
00569885072024	29681.514168	W	0.000244
00569885076716	29681.514412	S	0.001595
00569885107344	29681.516007	W	0.000407
00569885115168	29681.516415	S	0.001421
00569885142456	29681.517836	W	0.001220
00569885165876	29681.519056	S	0.001438
00569885193488	29681.520494	W	0.000386
00569885200892	29681.520880	S	0.002885
00569885256292	29681.523765	W	0.000261
00569885261300	29681.524026	S	0.001415
00569885288476	29681.525441	W	0.000375
00569885295672	29681.525816	S	0.001413
00569885322800	29681.527229	W	0.001215
00569885346136	29681.528445	S	0.001472
00569885374404	29681.529917	W	0.000051
00569885375392	29681.529968	S	0.001461
00569885403444	29681.531429	W	0.000350
00569885410172	29681.531780	S	0.001563
00569885440172	29681.533342	W	0.000227
00569885444532	29681.533569	S	0.001067
00569885465020	29681.534636	W	0.000335
00569885471448	29681.534971	S	0.001439
00569885499068	29681.536410	W	0.027384
00569886024836	29681.563794	S	0.001579
00569886055156	29681.565373	W	0.001323
00569886080552	29681.566695	S	0.001978
00569886118528	29681.568673	W	0.002169
00569886160168	29681.570842	S	0.002048
00569886199496	29681.572890	W	0.003109
00569886259180	29681.575999	S	0.002061
00569886298744	29681.578060	W	0.003259
00569886361324	29681.581319	S	0.002064
00569886400944	29681.583383	W	0.001403
00569886427880	29681.584785	S	0.001919
00569886464724	29681.586704	W	0.001383
00569886491276	29681.588087	S	0.002028
00569886530216	29681.590115	W	0.003097
00569886589672	29681.593212	S	0.002061
00569886629248	29681.595273	W	0.001102
00569886650408	29681.596375	S	0.001904
00569886686968	29681.598280	W	0.002069
00569886726688	29681.600348	S	0.002034
00569886765736	29681.602382	W	0.003138
00569886825980	29681.605520	S	0.002066
00569886865652	29681.607586	W	0.001072
00569886886232	29681.608658	S	0.001876
00569886922244	29681.610534	W	0.002943
00569886978756	29681.613477	S	0.002058
00569887018276	29681.615535	W	0.002779
00569887071628	29681.618314	S	0.002069
00569887111360	29681.620383	W	0.001082
00569887132140	29681.621466	S	0.001871
00569887168072	29681.623337	W	0.002793
00569887221700	29681.626130	S	0.002053
00569887261120	29681.628183	W	0.002696
00569887312884	29681.630879	S	0.002069
00569887352616	29681.632949	W	0.001319
00569887377940	29681.634268	S	0.001928
00569887414952	29681.636195	W	0.001269
00569887439324	29681.637465	S	0.002011
00569887477932	29681.639476	W	0.001053
00569887498140	29681.640528	S	0.001894
00569887534500	29681.642422	W	0.002817
00569887588584	29681.645239	S	0.002064
00569887628220	29681.647303	W	0.001082
00569887648988	29681.648385	S	0.001878
00569887685048	29681.650263	W	0.002828
00569887739348	29681.653091	S	0.002058
00569887778860	29681.655149	W	0.003183
00569887839972	29681.658332	S	0.002174
00569887881704	29681.660505	W	0.001089
00569887902616	29681.661595	S	0.002112
00569887943172	29681.663707	W	0.000530
00569887953356	29681.664237	S	0.001443
00569887981064	29681.665680	W	0.001276
00569888005568	29681.666957	S	0.001442
00569888033260	29681.668399	W	0.000239
00569888037844	29681.668638	S	0.001410
00569888064924	29681.670048	W	0.000047
00569888065824	29681.670095	S	0.093199
00569889855240	29681.763294	W	0.018111
00569890202972	29681.781405	S	0.202901
00569894098668	29681.984306	W	0.001152
00569894120784	29681.985457	S	0.248315
00569898888440	29682.233773	W	0.018699
00569899247460	29682.252472	S	0.452030
00569907926444	29682.704502	W	0.014098
00569908197128	29682.718600	S	0.299834
00569913953936	29683.018434	W	0.092243
00569915725000	29683.110677	S	0.064626
00569916965812	29683.175303	W	0.018658
00569917324044	29683.193961	S	0.059798
00569918472164	29683.253759	W	0.096687
00569920328564	29683.350446	S	0.295418
00569926000584	29683.645864	W	0.014311
00569926275348	29683.660174	S	0.087309
00569927951688	29683.747484	W	0.033523
00569928595336	29683.781007	S	0.001644
00569928626904	29683.782651	W	0.001040
00569928646872	29683.783691	S	0.333031
00569935041076	29684.116723	W	0.018921
00569935404364	29684.135644	S	0.451901
00569944080872	29684.587545	W	0.014138
00569944352312	29684.601683	S	0.299719
00569950106908	29684.901401	W	0.041401
00569950901816	29684.942803	S	0.115329
00569953116128	29685.058132	W	0.018975
00569953480440	29685.077106	S	0.082797
00569955070136	29685.159903	W	0.032186
00569955688116	29685.192089	S	0.337047
00569962159412	29685.529136	W	0.014104
00569962430208	29685.543240	S	0.456650
00569971197888	29685.999890	W	0.018695
00569971556828	29686.018585	S	0.235138
00569976071484	29686.253723	W	0.017769
00569976412648	29686.271492	S	0.065323
00569977666852	29686.336815	W	0.018793
00569978027672	29686.355608	S	0.115050
00569980236636	29686.470658	W	0.018713
00569980595920	29686.489371	S	0.451870
00569989271832	29686.941241	W	0.018940
00569989635480	29686.960181	S	0.082599
00569991221384	29687.042780	W	0.074016
00569992642484	29687.116796	S	0.001636
00569992673900	29687.118432	W	0.000992
00569992692948	29687.119424	S	0.292385
00569998306736	29687.411809	W	0.014369
00569998582612	29687.426178	S	0.087371
00570000260144	29687.513549	W	0.032335
00570000880968	29687.545884	S	0.336899
00570007349436	29687.882783	W	0.018993
00570007714104	29687.901776	S	0.451764
00570016387980	29688.353541	W	0.014193
00570016660488	29688.367734	S	0.041196
00570017451456	29688.408930	W	0.023511
00570017902872	29688.432441	S	0.391869
00570025426748	29688.824310	W	0.018771
00570025787160	29688.843081	S	0.032014
00570026401828	29688.875095	W	0.028176
00570026942808	29688.903271	S	0.391773
00570034464856	29689.295045	W	0.013884
00570034731436	29689.308929	S	0.456896
00570043503848	29689.765825	W	0.018541
00570043859828	29689.784366	S	0.452253
00570052543092	29690.236619	W	3.932233
00570128041964	29694.168852	S	0.613606
00570139823208	29694.782459	W	0.031912
00570140435912	29694.814370	S	0.613324
00570152211724	29695.427694	W	0.130296
00570154713412	29695.557990	S	0.513430
00570164571276	29696.071421	W	0.060239
00570165727872	29696.131660	S	0.576435
00570176795416	29696.708095	W	0.092386
00570178569224	29696.800480	S	0.548739
00570189105016	29697.349220	W	0.020875
00570189505808	29697.370094	S	0.622766
00570201462908	29697.992860	W	0.017639
00570201801584	29698.010499	S	0.624777
00570213797308	29698.635276	W	0.017966
00570214142264	29698.653243	S	0.623616
00570226115692	29699.276859	W	0.171313
00570229404900	29699.448172	S	0.047046
00570230308180	29699.495218	W	0.031758
00570230917932	29699.526976	S	0.006852
00570231049496	29699.533828	W	0.001000
00570231068700	29699.534828	S	0.606844
00570242720112	29700.141673	W	0.027020
00570243238888	29700.168692	S	0.617363
00570255092248	29700.786055	W	0.092196
00570256862416	29700.878251	S	0.550671
00570267435308	29701.428922	W	0.020615
00570267831108	29701.449537	S	0.218354
00570272023500	29701.667891	W	0.002242
00570272066548	29701.670133	S	0.099303
00570273973168	29701.769436	W	0.007986
00570274126508	29701.777422	S	0.093448
00570275920700	29701.870870	W	0.002440
00570275967540	29701.873309	S	0.199141
00570279791056	29702.072451	W	0.017908
00570280134892	29702.090359	S	0.398070
00570287777844	29702.488429	W	0.006248
00570287897804	29702.494677	S	0.004840
00570287990740	29702.499518	W	0.001850
00570288026256	29702.501368	S	0.008615
00570288191660	29702.509982	W	0.000240
00570288196268	29702.510222	S	0.000300
00570288202028	29702.510522	W	0.000058
00570288203144	29702.510580	S	0.000680
00570288216192	29702.511260	W	0.000069
00570288217512	29702.511329	S	0.000295
00570288223184	29702.511624	W	0.000154
00570288226132	29702.511778	S	0.000299
00570288231868	29702.512076	W	0.000064
00570288233104	29702.512141	S	0.000680
00570288246164	29702.512821	W	0.000066
00570288247424	29702.512887	S	0.088175
00570289940384	29702.601062	W	0.000259
00570289945356	29702.601321	S	0.099811
00570291861720	29702.701131	W	0.000449
00570291870336	29702.701580	S	0.012181
00570292104216	29702.713761	W	0.017346
00570292437256	29702.731107	S	0.625320
00570304443392	29703.356427	W	0.016940
00570304768644	29703.373367	S	0.623863
00570316746820	29703.997230	W	0.016257
00570317058952	29704.013487	S	0.617771
00570328920160	29704.631258	W	0.016158
00570329230388	29704.647416	S	0.625296
00570341236080	29705.272712	W	0.014728
00570341518856	29705.287440	S	0.427822
00570349733044	29705.715263	W	0.002651
00570349783944	29705.717914	S	0.099454
00570351693468	29705.817368	W	0.001665
00570351725444	29705.819034	S	0.095096
00570353551288	29705.914130	W	0.016114
00570353860672	29705.930243	S	0.601221
00570365404112	29706.531464	W	0.005479
00570365509300	29706.536943	S	0.018574
00570365865912	29706.555516	W	0.014637
00570366146936	29706.570153	S	0.626214
00570378170252	29707.196367	W	0.015767
00570378472972	29707.212134	S	0.625926
00570390490748	29707.838060	W	0.014826
00570390775400	29707.852885	S	0.624879
00570402773084	29708.477765	W	0.017149
00570403102344	29708.494914	S	0.615670
00570414923204	29709.110584	W	0.016407
00570415238216	29709.126990	S	0.626010
00570427257612	29709.753001	W	0.018014
00570427603488	29709.771015	S	0.623076
00570439566548	29710.394091	W	0.016514
00570439883620	29710.410605	S	0.624727
00570451878388	29711.035333	W	0.016292
00570452191200	29711.051625	S	0.623436
00570464161180	29711.675061	W	0.016536
00570464478668	29711.691597	S	0.623500
00570476449876	29712.315098	W	0.017579
00570476787400	29712.332677	S	0.622505
00570488739504	29712.955183	W	0.018599
00570489096608	29712.973782	S	0.616720
00570500937632	29713.590502	W	0.017776
00570501278936	29713.608278	S	0.473353
00570510367304	29714.081630	W	 - 

End : 973685627, 29714.527208sec
