Start : 3475539562, 106065.050111sec

Sleep Statics
===== Client : 0 - WCN =====
Time Sleep : 636483703280
Time Awake : 13307559600
Sleep : 97.952025% Awake : 2.047975%
Log available 72173 ~ 106017sec
Client : 0, Discarded : 0
Client : 0, Discarded Time : 0

Time sclk	Time sec	Status	Duration
===== Client : 0 - WCN =====
01385736561268	72173.779233	W	0.022875
01385737000464	72173.802107	S	0.369359
01385744092152	72174.171466	W	0.013329
01385744348068	72174.184795	S	0.808153
01385759864608	72174.992948	W	0.013748
01385760128568	72175.006696	S	0.700780
01385773583544	72175.707476	W	0.013203
01385773837048	72175.720680	S	1.080745
01385794587348	72176.801424	W	0.013748
01385794851316	72176.815173	S	3.001772
01385852485340	72179.816945	W	0.013888
01385852751980	72179.830832	S	3.015447
01385910648564	72182.846279	W	0.013716
01385910911912	72182.859995	S	0.937195
01385928906052	72183.797190	W	0.013508
01385929165408	72183.810698	S	0.703255
01385942667904	72184.513953	W	0.013440
01385942925944	72184.527393	S	0.458009
01385951719708	72184.985401	W	0.087740
01385953404316	72185.073141	S	0.055027
01385954460828	72185.128168	W	0.085091
01385956094584	72185.213260	S	0.119884
01385958396352	72185.333143	W	0.013362
01385958652896	72185.346505	S	0.523619
01385968706384	72185.870124	W	0.013835
01385968972016	72185.883959	S	3.013234
01386026826104	72188.897193	W	0.014142
01386027097636	72188.911335	S	1.183189
01386049814856	72190.094524	W	0.237001
01386054365272	72190.331525	S	0.016095
01386054674292	72190.347619	W	0.059984
01386055825988	72190.407604	S	1.272585
01386080259612	72191.680188	W	0.015520
01386080557592	72191.695708	S	0.224788
01386084873520	72191.920496	W	0.013759
01386085137700	72191.934255	S	3.008710
01386142904928	72194.942965	W	0.014120
01386143176036	72194.957085	S	0.411042
01386151068040	72195.368127	W	0.086179
01386152722668	72195.454306	S	0.015901
01386153027964	72195.470206	W	0.083706
01386154635116	72195.553912	S	1.246270
01386178563496	72196.800182	W	0.015663
01386178864220	72196.815845	S	1.150632
01386200956364	72197.966477	W	0.023514
01386201407828	72197.989991	S	1.576029
01386231667580	72199.566020	W	0.012179
01386231901424	72199.578199	S	1.415930
01386259087280	72200.994129	W	0.014053
01386259357104	72201.008182	S	3.013894
01386317223868	72204.022076	W	0.013757
01386317488008	72204.035834	S	2.494832
01386365388784	72206.530666	W	0.013435
01386365646732	72206.544101	S	0.001499
01386365675512	72206.545600	W	0.013383
01386365932456	72206.558982	S	0.484173
01386375228572	72207.043155	W	0.014583
01386375508568	72207.057738	S	2.078115
01386415408384	72209.135853	W	0.013945
01386415676132	72209.149799	S	0.284474
01386421138024	72209.434272	W	0.013791
01386421402808	72209.448063	S	0.630836
01386433514856	72210.078899	W	0.021196
01386433921820	72210.100095	S	0.927017
01386451720552	72211.027112	W	0.014778
01386452004296	72211.041890	S	2.058698
01386491531300	72213.100589	W	0.013849
01386491797208	72213.114438	S	3.005353
01386549499980	72216.119791	W	0.013815
01386549765220	72216.133605	S	1.866367
01386585599476	72217.999973	W	0.018606
01386585956704	72218.018578	S	0.493689
01386595435540	72218.512268	W	0.017475
01386595771052	72218.529742	S	0.605401
01386607394752	72219.135143	W	0.013784
01386607659404	72219.148927	S	3.006777
01386665389520	72222.155704	W	0.013900
01386665656400	72222.169604	S	3.001166
01386723278788	72225.170770	W	0.013000
01386723528392	72225.183770	S	0.347337
01386730197260	72225.531107	W	0.063799
01386731422192	72225.594906	S	0.655754
01386744012676	72226.250660	W	0.015411
01386744308564	72226.266071	S	1.923710
01386781243804	72228.189781	W	0.013871
01386781510120	72228.203652	S	3.001702
01386839142796	72231.205354	W	0.012237
01386839377752	72231.217591	S	3.003863
01386897051920	72234.221454	W	0.013865
01386897318124	72234.235319	S	3.002161
01386954959620	72237.237480	W	0.013796
01386955224512	72237.251277	S	3.012381
01387013062228	72240.263658	W	0.013128
01387013314288	72240.276786	S	3.004471
01387071000140	72243.281257	W	0.013759
01387071264316	72243.295016	S	2.351665
01387116416284	72245.646681	W	0.121198
01387118743288	72245.767880	S	0.013994
01387119011968	72245.781873	W	0.096055
01387120856216	72245.877928	S	0.427415
01387129062576	72246.305342	W	0.013924
01387129329920	72246.319267	S	0.112415
01387131488296	72246.431682	W	0.087873
01387133175456	72246.519555	S	0.048714
01387134110768	72246.568269	W	0.121059
01387136435096	72246.689328	S	0.390939
01387143941116	72247.080266	W	0.088394
01387145638276	72247.168660	S	0.116434
01387147873800	72247.285094	W	0.086515
01387149534880	72247.371608	S	0.016108
01387149844156	72247.387716	W	0.063317
01387151059836	72247.451033	S	0.549529
01387161610788	72248.000562	W	0.015445
01387161907332	72248.016007	S	1.313009
01387187117100	72249.329016	W	0.013037
01387187367416	72249.342053	S	1.322216
01387212753956	72250.664269	W	0.085410
01387214393836	72250.749679	S	0.784478
01387229455816	72251.534157	W	0.237350
01387234012940	72251.771507	S	0.015853
01387234317312	72251.787360	W	0.059490
01387235459516	72251.846850	S	0.149000
01387238320320	72251.995850	W	0.013428
01387238578144	72252.009278	S	0.191437
01387242253736	72252.200715	W	0.021787
01387242672048	72252.222502	S	0.128711
01387245143292	72252.351213	W	0.013845
01387245409124	72252.365059	S	3.007215
01387303147648	72255.372273	W	0.012226
01387303382380	72255.384499	S	1.423761
01387330718588	72256.808260	W	0.085829
01387332366504	72256.894089	S	1.345825
01387358206336	72258.239913	W	0.012167
01387358439944	72258.252080	S	0.141940
01387361165188	72258.394020	W	0.013850
01387361431116	72258.407871	S	2.616647
01387411670736	72261.024518	W	0.013734
01387411934420	72261.038251	S	0.379823
01387419227016	72261.418074	W	0.022294
01387419655052	72261.440367	S	3.009056
01387477428924	72264.449423	W	0.013785
01387477693596	72264.463208	S	0.026856
01387478209236	72264.490064	W	0.013320
01387478464988	72264.503385	S	0.395012
01387486049220	72264.898397	W	0.013284
01387486304268	72264.911681	S	2.559236
01387535441608	72267.470917	W	0.021938
01387535862824	72267.492855	S	2.320257
01387580411764	72269.813113	W	0.088039
01387582102116	72269.901152	S	0.116805
01387584344772	72270.017957	W	0.087715
01387586028896	72270.105672	S	0.392081
01387593556856	72270.497753	W	0.013970
01387593825080	72270.511723	S	0.532494
01387604048972	72271.044217	W	0.013365
01387604305584	72271.057582	S	2.463415
01387651603152	72273.520998	W	0.013376
01387651859976	72273.534374	S	3.009889
01387709649840	72276.544262	W	0.013834
01387709915456	72276.558097	S	3.008876
01387767685872	72279.566973	W	0.013758
01387767950016	72279.580730	S	3.000100
01387825551936	72282.580830	W	0.014491
01387825830156	72282.595321	S	3.003547
01387883498260	72285.598868	W	0.013899
01387883765128	72285.612767	S	3.001987
01387941403284	72288.614754	W	0.013926
01387941670660	72288.628680	S	2.484637
01387989375688	72291.113317	W	0.018334
01387989727704	72291.131651	S	0.494822
01387999228280	72291.626473	W	0.019263
01387999598128	72291.645736	S	3.000177
01388057201520	72294.645912	W	0.013699
01388057464548	72294.659612	S	1.470659
01388085701196	72296.130271	W	0.087141
01388087374300	72296.217411	S	0.219761
01388091593716	72296.437173	W	0.085470
01388093234740	72296.522643	S	1.142366
01388115168164	72297.665009	W	0.012345
01388115405184	72297.677353	S	3.004072
01388173083372	72300.681426	W	0.021494
01388173496060	72300.702920	S	0.956568
01388191862168	72301.659488	W	0.085609
01388193505852	72301.745096	S	1.294658
01388218363284	72303.039754	W	0.015479
01388218660484	72303.055234	S	0.646390
01388231071164	72303.701623	W	0.013926
01388231338544	72303.715549	S	3.001253
01388288962600	72306.716802	W	0.013867
01388289228852	72306.730669	S	3.008895
01388346999640	72309.739565	W	0.021316
01388347408900	72309.760880	S	3.005593
01388405116276	72312.766473	W	0.013792
01388405381080	72312.780265	S	3.010649
01388463185544	72315.790914	W	0.012424
01388463424092	72315.803338	S	3.006234
01388521143780	72318.809572	W	0.013832
01388521409360	72318.823404	S	3.008870
01388579179668	72321.832274	W	0.013185
01388579432820	72321.845459	S	0.633473
01388591595508	72322.478933	W	0.013770
01388591859888	72322.492703	S	2.361811
01388637206652	72324.854513	W	0.013643
01388637468588	72324.868156	S	3.010712
01388695274264	72327.878868	W	0.013824
01388695539688	72327.892692	S	3.007986
01388753293016	72330.900678	W	0.013737
01388753556776	72330.914415	S	0.807166
01388769054360	72331.721581	W	0.070482
01388770407612	72331.792063	S	0.688020
01388783617600	72332.480083	W	0.012145
01388783850780	72332.492228	S	1.429453
01388811296268	72333.921681	W	0.013673
01388811558784	72333.935353	S	3.009419
01388869339636	72336.944773	W	0.013917
01388869606840	72336.958690	S	0.029554
01388870174284	72336.988244	W	0.012898
01388870421924	72337.001142	S	1.072185
01388891007880	72338.073327	W	0.210069
01388895041204	72338.283396	S	0.596980
01388906503216	72338.880376	W	0.015528
01388906801352	72338.895904	S	1.073186
01388927406524	72339.969090	W	0.013967
01388927674684	72339.983056	S	3.006340
01388985396416	72342.989397	W	0.013858
01388985662492	72343.003255	S	0.178885
01388989097092	72343.182140	W	0.237311
01388993653472	72343.419452	S	0.015760
01388993956060	72343.435211	W	0.060247
01388995112800	72343.495458	S	0.504836
01389004805648	72344.000294	W	0.015378
01389005100896	72344.015672	S	1.989428
01389043297920	72346.005100	W	0.013741
01389043561740	72346.018841	S	2.283715
01389087409068	72348.302556	W	0.087107
01389089081528	72348.389663	S	0.066835
01389090364756	72348.456498	W	0.085195
01389092000496	72348.541693	S	0.483177
01389101277496	72349.024870	W	0.013445
01389101535636	72349.038314	S	3.003171
01389159196524	72352.041486	W	0.022083
01389159620508	72352.063568	S	2.999181
01389217204788	72355.062749	W	0.013820
01389217470128	72355.076569	S	3.003976
01389275146472	72358.080545	W	0.019318
01389275517372	72358.099863	S	3.010513
01389333319216	72361.110376	W	0.013020
01389333569196	72361.123396	S	3.009526
01389391352092	72364.132921	W	0.021140
01389391757980	72364.154061	S	2.019250
01389430527588	72366.173312	W	0.019536
01389430902672	72366.192848	S	0.492508
01389440358820	72366.685355	W	0.018355
01389440711240	72366.703710	S	0.456981
01389449485272	72367.160691	W	0.013836
01389449750924	72367.174527	S	3.011724
01389507576032	72370.186252	W	0.013846
01389507841872	72370.200097	S	3.017262
01389565773304	72373.217360	W	0.013779
01389566037864	72373.231139	S	3.011752
01389623863504	72376.242891	W	0.013811
01389624128672	72376.256702	S	2.261835
01389667555912	72378.518537	W	0.061667
01389668739924	72378.580204	S	0.274232
01389674005180	72378.854436	W	0.014333
01389674280380	72378.868770	S	0.310852
01389680248740	72379.179622	W	0.013760
01389680512928	72379.193382	S	0.067807
01389681814816	72379.261188	W	0.014255
01389682088508	72379.275443	S	3.005935
01389739802452	72382.281378	W	0.023583
01389740255240	72382.304960	S	1.581174
01389770613780	72383.886134	W	0.012714
01389770857880	72383.898848	S	1.415986
01389798044820	72385.314834	W	0.022797
01389798482516	72385.337631	S	3.004675
01389856172268	72388.342306	W	0.013999
01389856441056	72388.356305	S	3.007655
01389914188040	72391.363960	W	0.023112
01389914631796	72391.387073	S	1.921281
01389951520384	72393.308353	W	0.014249
01389951793968	72393.322603	S	0.006046
01389951910044	72393.328648	W	0.014006
01389952178960	72393.342654	S	1.050055
01389972340016	72394.392709	W	0.013789
01389972604764	72394.406498	S	3.011600
01390030427480	72397.418098	W	0.022117
01390030852128	72397.440215	S	3.000368
01390088459192	72400.440583	W	0.014029
01390088728540	72400.454611	S	3.004895
01390146422516	72403.459506	W	0.022864
01390146861504	72403.482370	S	3.000008
01390204461648	72406.482377	W	0.014035
01390204731128	72406.496413	S	1.980632
01390242759260	72408.477045	W	0.013486
01390243018200	72408.490531	S	0.042611
01390243836340	72408.533143	W	0.053281
01390244859344	72408.586424	S	0.693621
01390258176876	72409.280046	W	0.012459
01390258416092	72409.292505	S	0.207503
01390262400156	72409.500008	W	0.022244
01390262827232	72409.522252	S	3.002063
01390320466840	72412.524315	W	0.014326
01390320741892	72412.538640	S	3.003014
01390378399768	72415.541655	W	0.021893
01390378820120	72415.563548	S	3.002854
01390436474912	72418.566402	W	0.014100
01390436745632	72418.580502	S	3.007955
01390494498364	72421.588456	W	0.020566
01390494893240	72421.609023	S	2.214640
01390537414336	72423.823663	W	0.013694
01390537677268	72423.837358	S	0.001468
01390537705452	72423.838826	W	0.014259
01390537979228	72423.853085	S	0.762483
01390552618900	72424.615568	W	0.013945
01390552886652	72424.629513	S	0.117314
01390555139080	72424.746827	W	0.091899
01390556903532	72424.838726	S	0.110844
01390559031744	72424.949570	W	0.089467
01390560749516	72425.039037	S	0.881162
01390577667836	72425.920200	W	0.015850
01390577972152	72425.936050	S	1.710529
01390610814312	72427.646579	W	0.022035
01390611237388	72427.668614	S	2.297749
01390655354176	72429.966363	W	0.240213
01390659966260	72430.206576	S	0.013487
01390660225216	72430.220063	W	0.075400
01390661672900	72430.295464	S	0.383510
01390669036296	72430.678974	W	0.023215
01390669482016	72430.702188	S	3.005664
01390727190756	72433.707852	W	0.022755
01390727627648	72433.730607	S	1.355712
01390753657316	72435.086319	W	0.089050
01390755367076	72435.175369	S	0.219038
01390759572600	72435.394406	W	0.091978
01390761338576	72435.486384	S	0.673709
01390774273780	72436.160093	W	0.015805
01390774577232	72436.175897	S	0.566674
01390785457380	72436.742572	W	0.014201
01390785730032	72436.756772	S	3.012637
01390843572664	72439.769410	W	0.023134
01390844016844	72439.792544	S	1.440646
01390871677240	72441.233190	W	0.018491
01390872032276	72441.251681	S	0.597260
01390883499672	72441.848941	W	0.014993
01390883787528	72441.863934	S	0.222939
01390888067948	72442.086872	W	0.014311
01390888342724	72442.101184	S	0.699251
01390901768336	72442.800434	W	0.023344
01390902216548	72442.823779	S	2.502831
01390950270900	72445.326609	W	0.012650
01390950513776	72445.339259	S	0.073063
01390951916592	72445.412322	W	0.138499
01390954575764	72445.550821	S	0.275247
01390959860512	72445.826068	W	0.013738
01390960124284	72445.839806	S	0.308291
01390966043472	72446.148098	W	0.013131
01390966295596	72446.161229	S	0.394957
01390973878764	72446.556186	W	0.013343
01390974134956	72446.569529	S	2.274716
01391017809508	72448.844245	W	0.022341
01391018238460	72448.866586	S	1.600271
01391048963656	72450.466857	W	0.014037
01391049233164	72450.480894	S	1.385904
01391075842516	72451.866798	W	0.013878
01391076108972	72451.880676	S	3.002589
01391133758672	72454.883264	W	0.023408
01391134208112	72454.906673	S	2.998986
01391191788648	72457.905659	W	0.013745
01391192052552	72457.919404	S	3.004828
01391249745256	72460.924232	W	0.021998
01391250167616	72460.946230	S	3.003213
01391307829312	72463.949443	W	0.014247
01391308102852	72463.963690	S	1.498148
01391336867288	72465.461838	W	0.059234
01391338004588	72465.521072	S	1.358100
01391364080100	72466.879172	W	0.015815
01391364383756	72466.894987	S	0.074482
01391365813816	72466.969470	W	0.021907
01391366234424	72466.991376	S	2.502661
01391414285524	72469.494038	W	0.022279
01391414713288	72469.516317	S	0.474116
01391423816308	72469.990433	W	0.014263
01391424090164	72470.004696	S	3.006863
01391481821940	72473.011559	W	0.014150
01391482093620	72473.025709	S	0.255929
01391487007464	72473.281639	W	0.037595
01391487729280	72473.319233	S	1.239648
01391511530524	72474.558881	W	0.015506
01391511828236	72474.574387	S	1.457850
01391539818956	72476.032237	W	0.014045
01391540088616	72476.046282	S	2.256028
01391583404348	72478.302310	W	0.013466
01391583662896	72478.315776	S	0.090196
01391585394656	72478.405972	W	0.014703
01391585676956	72478.420675	S	0.495972
01391595199624	72478.916647	W	0.016177
01391595510216	72478.932824	S	0.120810
01391597829772	72479.053634	W	0.023075
01391598272804	72479.076709	S	0.042785
01391599094276	72479.119494	W	0.014004
01391599363156	72479.133498	S	0.702860
01391612858068	72479.836358	W	0.014238
01391613131444	72479.850596	S	0.804855
01391628584652	72480.655451	W	0.012934
01391628832988	72480.668385	S	1.419755
01391656092288	72482.088140	W	0.020865
01391656492900	72482.109005	S	3.006978
01391714226872	72485.115983	W	0.022623
01391714661240	72485.138606	S	3.009917
01391772451648	72488.148523	W	0.014138
01391772723088	72488.162661	S	0.001635
01391772754488	72488.164296	W	0.013726
01391773018036	72488.178023	S	2.205488
01391815363412	72490.383511	W	0.014241
01391815636848	72490.397752	S	0.599989
01391827156640	72490.997742	W	0.029831
01391827729400	72491.027573	S	0.163735
01391830873112	72491.191308	W	0.021835
01391831292340	72491.213143	S	1.265672
01391855593252	72492.478815	W	0.015753
01391855895704	72492.494568	S	1.725513
01391889025548	72494.220081	W	0.022946
01391889466116	72494.243027	S	0.134175
01391892042268	72494.377201	W	0.014393
01391892318612	72494.391594	S	0.190794
01391895981860	72494.582389	W	0.014001
01391896250676	72494.596389	S	0.292804
01391901872512	72494.889193	W	0.014265
01391902146392	72494.903458	S	0.191205
01391905817524	72495.094663	W	0.014348
01391906093008	72495.109011	S	0.255588
01391911000304	72495.364599	W	0.091592
01391912758868	72495.456191	S	0.047119
01391913663556	72495.503310	W	0.093209
01391915453176	72495.596520	S	0.113875
01391917639568	72495.710394	W	0.014103
01391917910344	72495.724497	S	0.086572
01391919572528	72495.811069	W	0.014024
01391919841784	72495.825093	S	0.088114
01391921533572	72495.913207	W	0.014187
01391921805960	72495.927394	S	0.293242
01391927436204	72496.220636	W	0.024870
01391927913708	72496.245506	S	0.385377
01391935312940	72496.630882	W	0.014861
01391935598280	72496.645744	S	0.393993
01391943162936	72497.039736	W	0.014367
01391943438784	72497.054103	S	0.198501
01391947250008	72497.252605	W	0.022772
01391947687224	72497.275376	S	0.687131
01391960880144	72497.962507	W	0.013101
01391961131676	72497.975608	S	0.395129
01391968718148	72498.370737	W	0.013504
01391968977420	72498.384241	S	1.901973
01392005495308	72500.286214	W	0.014368
01392005771172	72500.300582	S	0.065473
01392007028248	72500.366055	W	0.240798
01392011651576	72500.606853	S	0.013415
01392011909140	72500.620268	W	0.063951
01392013137004	72500.684219	S	0.143938
01392015900608	72500.828157	W	0.091706
01392017661356	72500.919862	S	0.519664
01392027638896	72501.439526	W	0.012127
01392027871736	72501.451653	S	1.130744
01392049582012	72502.582396	W	0.247828
01392054340308	72502.830224	S	0.013718
01392054603688	72502.843942	W	0.068142
01392055912016	72502.912084	S	0.066470
01392057188248	72502.978555	W	0.185390
01392060747740	72503.163945	S	0.019411
01392061120428	72503.183356	W	0.200446
01392064968984	72503.383801	S	0.006020
01392065084564	72503.389821	W	0.178518
01392068512108	72503.568339	S	0.016933
01392068837228	72503.585272	W	0.062815
01392070043268	72503.648087	S	0.047192
01392070949348	72503.695279	W	0.084454
01392072570868	72503.779733	S	0.016415
01392072886040	72503.796148	W	0.064234
01392074119324	72503.860381	S	0.459883
01392082949068	72504.320264	W	0.014073
01392083219272	72504.334337	S	0.993749
01392102299248	72505.328086	W	0.023061
01392102742024	72505.351147	S	0.289834
01392108306840	72505.640981	W	0.092091
01392110074992	72505.733073	S	0.011130
01392110288680	72505.744202	W	0.013925
01392110556048	72505.758127	S	0.559498
01392121298404	72506.317625	W	0.032857
01392121929256	72506.350482	S	0.212260
01392126004656	72506.562742	W	0.013535
01392126264524	72506.576277	S	0.192425
01392129959084	72506.768702	W	0.014310
01392130233832	72506.783012	S	0.189382
01392133869972	72506.972394	W	0.014146
01392134141572	72506.986540	S	0.359741
01392141048600	72507.346281	W	0.022830
01392141486944	72507.369112	S	0.627125
01392153527744	72507.996237	W	0.092095
01392155295968	72508.088332	S	0.271784
01392160514220	72508.360116	W	0.023399
01392160963472	72508.383514	S	0.955469
01392179308484	72509.338984	W	0.013704
01392179571596	72509.352687	S	0.019243
01392179941064	72509.371930	W	0.021565
01392180355104	72509.393495	S	0.987691
01392199318776	72510.381186	W	0.013611
01392199580116	72510.394798	S	0.995792
01392218699328	72511.390590	W	0.023054
01392219141956	72511.413644	S	0.946581
01392237316304	72512.360224	W	0.022768
01392237753448	72512.382992	S	0.027342
01392238278420	72512.410334	W	0.013943
01392238546116	72512.424277	S	0.996341
01392257675872	72513.420618	W	0.020838
01392258075964	72513.441456	S	0.989848
01392277081052	72514.431305	W	0.023279
01392277528016	72514.454584	S	0.924864
01392295285404	72515.379448	W	0.013571
01392295545968	72515.393019	S	0.048156
01392296470572	72515.441176	W	0.013520
01392296730152	72515.454695	S	0.993744
01392315810032	72516.448439	W	0.022538
01392316242760	72516.470977	S	0.992798
01392335304484	72517.463775	W	0.014320
01392335579432	72517.478095	S	0.922969
01392353300440	72518.401065	W	0.014190
01392353572888	72518.415255	S	3.006882
01392411305020	72521.422136	W	0.013940
01392411572672	72521.436077	S	1.733231
01392444850716	72523.169308	W	0.013363
01392445107280	72523.182671	S	1.253469
01392469173892	72524.436140	W	0.020979
01392469576680	72524.457119	S	3.002443
01392527223588	72527.459562	W	0.014210
01392527496416	72527.473772	S	3.001884
01392585132592	72530.475656	W	0.022636
01392585567212	72530.498292	S	2.074073
01392625389420	72532.572366	W	0.013378
01392625646272	72532.585743	S	0.806019
01392641121836	72533.391762	W	0.013728
01392641385420	72533.405491	S	0.094700
01392643203668	72533.500191	W	0.014069
01392643473792	72533.514260	S	0.594240
01392654883204	72534.108500	W	0.014301
01392655157784	72534.122801	S	1.010899
01392674567048	72535.133700	W	0.014044
01392674836700	72535.147745	S	0.295098
01392680502580	72535.442843	W	0.014174
01392680774716	72535.457016	S	0.086140
01392682428600	72535.543156	W	0.015071
01392682717972	72535.558228	S	0.496764
01392692255848	72536.054992	W	0.018386
01392692608856	72536.073378	S	0.443322
01392701120644	72536.516700	W	0.021414
01392701531796	72536.538114	S	1.524331
01392730798948	72538.062445	W	0.057717
01392731907116	72538.120162	S	0.439051
01392740336900	72538.559214	W	0.015659
01392740637560	72538.574873	S	0.970201
01392759265424	72539.545074	W	0.022441
01392759696300	72539.567516	S	3.003151
01392817356796	72542.570666	W	0.022462
01392817788076	72542.593129	S	3.003395
01392875453252	72545.596524	W	0.022626
01392875887672	72545.619150	S	3.007869
01392933638760	72548.627019	W	0.014126
01392933909988	72548.641145	S	0.213149
01392938002448	72548.854294	W	0.014155
01392938274232	72548.868450	S	0.005100
01392938372160	72548.873550	W	0.014002
01392938641008	72548.887553	S	2.764724
01392991723704	72551.652276	W	0.021916
01392992144496	72551.674192	S	2.606945
01393042197832	72554.281137	W	0.091399
01393043952696	72554.372536	S	0.023204
01393044398216	72554.395740	W	0.108941
01393046489888	72554.504682	S	0.083563
01393048094304	72554.588245	W	0.098041
01393049976684	72554.686286	S	0.088070
01393051667624	72554.774355	W	0.241449
01393056303436	72555.015804	S	0.005091
01393056401192	72555.020895	W	0.097302
01393058269388	72555.118197	S	0.013236
01393058523512	72555.131433	W	0.143261
01393061274128	72555.274694	S	0.015561
01393061572900	72555.290255	W	0.166939
01393064778136	72555.457195	S	0.015472
01393065075192	72555.472666	W	0.089814
01393066799616	72555.562480	S	0.015564
01393067098440	72555.578044	W	0.102390
01393069064324	72555.680434	S	0.015585
01393069363556	72555.696019	W	0.066715
01393070644480	72555.762733	S	0.025100
01393071126400	72555.787833	W	0.091569
01393072884528	72555.879402	S	0.013475
01393073143256	72555.892878	W	0.093931
01393074946732	72555.986809	S	0.013279
01393075201692	72556.000088	W	0.068239
01393076511888	72556.068328	S	0.411254
01393084407968	72556.479582	W	0.015748
01393084710320	72556.495329	S	1.192014
01393107596992	72557.687343	W	0.013598
01393107858068	72557.700941	S	0.010588
01393108061352	72557.711529	W	0.022453
01393108492440	72557.733981	S	0.989184
01393127484776	72558.723165	W	0.024134
01393127948156	72558.747300	S	0.653818
01393140501464	72559.401118	W	0.091515
01393142258552	72559.492633	S	0.012320
01393142495096	72559.504953	W	0.092124
01393144263868	72559.597076	S	0.143125
01393147011860	72559.740201	W	0.023119
01393147455748	72559.763320	S	0.251556
01393152285620	72560.014876	W	0.239711
01393156888064	72560.254587	S	0.013736
01393157151804	72560.268323	W	0.073591
01393158564752	72560.341914	S	0.374139
01393165748224	72560.716053	W	0.014208
01393166021012	72560.730261	S	0.022253
01393166448272	72560.752514	W	0.013692
01393166711168	72560.766207	S	0.170839
01393169991276	72560.937046	W	0.086535
01393171652748	72561.023581	S	0.014417
01393171929552	72561.037997	W	0.085598
01393173573040	72561.123596	S	0.016229
01393173884636	72561.139825	W	0.060775
01393175051516	72561.200600	S	0.398854
01393182709520	72561.599454	W	0.015730
01393183011528	72561.615184	S	0.146154
01393185817676	72561.761337	W	0.014257
01393186091420	72561.775595	S	0.995783
01393205210460	72562.771378	W	0.022983
01393205651740	72562.794361	S	0.947201
01393223837996	72563.741562	W	0.023109
01393224281680	72563.764671	S	0.020572
01393224676668	72563.785243	W	0.014704
01393224958980	72563.799947	S	0.997159
01393244104436	72564.797106	W	0.014268
01393244378376	72564.811374	S	0.001719
01393244411376	72564.813093	W	0.014520
01393244690160	72564.827612	S	0.001501
01393244718988	72564.829114	W	0.091640
01393246478480	72564.920754	S	0.518688
01393256437288	72565.439442	W	0.012638
01393256679936	72565.452080	S	0.365073
01393263689328	72565.817153	W	0.022413
01393264119664	72565.839566	S	0.929740
01393281970680	72566.769306	W	0.013558
01393282230996	72566.782864	S	0.045964
01393283113512	72566.828829	W	0.013821
01393283378876	72566.842650	S	0.996489
01393302511468	72567.839139	W	0.022182
01393302937364	72567.861321	S	0.345502
01393309570996	72568.206823	W	0.012782
01393309816412	72568.219605	S	0.634861
01393322005752	72568.854466	W	0.014385
01393322281944	72568.868851	S	0.001671
01393322314020	72568.870522	W	0.013644
01393322575984	72568.884166	S	0.907855
01393340006792	72569.792020	W	0.023825
01393340464236	72569.815846	S	0.054405
01393341508804	72569.870250	W	0.022242
01393341935860	72569.892493	S	0.993386
01393361008872	72570.885879	W	0.021349
01393361418764	72570.907227	S	0.989558
01393380418284	72571.896786	W	0.022088
01393380842376	72571.918874	S	0.895572
01393398037364	72572.814446	W	0.012225
01393398272084	72572.826671	S	0.082449
01393399855096	72572.909120	W	0.014082
01393400125480	72572.923202	S	0.609624
01393411830252	72573.532826	W	0.014293
01393412104684	72573.547119	S	0.087995
01393413794196	72573.635114	W	0.013923
01393414061512	72573.649037	S	0.266573
01393419179712	72573.915610	W	0.023124
01393419623700	72573.938734	S	0.993032
01393438689920	72574.931767	W	0.014073
01393438960124	72574.945840	S	0.001660
01393438991992	72574.947500	W	0.014099
01393439262696	72574.961599	S	0.868734
01393455942384	72575.830333	W	0.021835
01393456361612	72575.852167	S	0.096673
01393458217728	72575.948840	W	0.023416
01393458667308	72575.972256	S	0.987982
01393477636568	72576.960238	W	0.015002
01393477924608	72576.975240	S	0.994281
01393497014812	72577.969521	W	0.013719
01393497278220	72577.983241	S	0.868230
01393513948228	72578.851470	W	0.014112
01393514219180	72578.865582	S	0.111775
01393516365264	72578.977357	W	0.014096
01393516635916	72578.991454	S	0.997060
01393535779476	72579.988514	W	0.014316
01393536054340	72580.002830	S	0.001687
01393536086724	72580.004517	W	0.013726
01393536350272	72580.018243	S	0.989417
01393555347076	72581.007660	W	0.014157
01393555618888	72581.021817	S	0.001684
01393555651228	72581.023501	W	0.013638
01393555913076	72581.037139	S	0.833904
01393571924032	72581.871043	W	0.023974
01393572384332	72581.895017	S	0.130738
01393574894492	72582.025755	W	0.021835
01393575313720	72582.047590	S	0.992184
01393594363648	72583.039773	W	0.022975
01393594804764	72583.062748	S	1.833088
01393630000052	72584.895836	W	0.012460
01393630239292	72584.908296	S	3.004971
01393687934740	72587.913268	W	0.020866
01393688335360	72587.934133	S	0.767948
01393703079968	72588.702082	W	0.014056
01393703349840	72588.716137	S	2.227617
01393746120088	72590.943755	W	0.022081
01393746544044	72590.965836	S	3.005923
01393804257760	72593.971758	W	0.022195
01393804683904	72593.993953	S	0.900101
01393821965836	72594.894054	W	0.059603
01393823110212	72594.953657	S	0.085258
01393824747168	72595.038915	W	0.013172
01393825000072	72595.052087	S	1.107402
01393846262192	72596.159489	W	0.012889
01393846509652	72596.172378	S	0.831289
01393862470408	72597.003667	W	0.022793
01393862908036	72597.026460	S	0.365622
01393869927984	72597.392082	W	0.013520
01393870187564	72597.405602	S	0.009580
01393870371500	72597.415182	W	0.013840
01393870637224	72597.429022	S	2.603646
01393920627224	72600.032668	W	0.014768
01393920910764	72600.047436	S	1.646547
01393952524460	72601.693982	W	0.018452
01393952878732	72601.712434	S	0.493781
01393962359320	72602.206215	W	0.015116
01393962649540	72602.221330	S	0.839373
01393978765508	72603.060704	W	0.021959
01393979187128	72603.082663	S	3.006730
01394036916348	72606.089393	W	0.021933
01394037337452	72606.111326	S	3.009420
01394095118320	72609.120746	W	0.021886
01394095538540	72609.142632	S	3.007083
01394153274540	72612.149716	W	0.021990
01394153696756	72612.171706	S	0.328203
01394159998252	72612.499909	W	0.013950
01394160266100	72612.513859	S	2.668780
01394211506672	72615.182639	W	0.023069
01394211949596	72615.205708	S	3.001291
01394269574388	72618.206999	W	0.013848
01394269840272	72618.220847	S	0.265541
01394274938664	72618.486389	W	0.013119
01394275190544	72618.499508	S	0.829986
01394291126284	72619.329494	W	0.099405
01394293034864	72619.428899	S	0.081119
01394294592344	72619.510018	W	0.088539
01394296292300	72619.598557	S	0.880844
01394313204500	72620.479401	W	0.015883
01394313509444	72620.495284	S	0.737283
01394327665284	72621.232567	W	0.022635
01394328099872	72621.255202	S	2.862849
01394383066564	72624.118050	W	0.120349
01394385377260	72624.238399	S	0.019485
01394385751364	72624.257884	W	0.013214
01394386005072	72624.271097	S	0.254843
01394390898056	72624.525940	W	0.235129
01394395412528	72624.761069	S	0.015945
01394395718664	72624.777014	W	0.079011
01394397235676	72624.856025	S	0.743363
01394411508244	72625.599388	W	0.015751
01394411810656	72625.615138	S	1.663235
01394443744772	72627.278374	W	0.023385
01394444193772	72627.301759	S	2.038860
01394483339880	72629.340619	W	0.085103
01394484973860	72629.425722	S	0.220248
01394489202620	72629.645970	W	0.085286
01394490840116	72629.731256	S	0.121124
01394493165704	72629.852380	W	0.085754
01394494812180	72629.938134	S	0.364532
01394501811188	72630.302666	W	0.013832
01394502076764	72630.316498	S	3.002219
01394559719372	72633.318717	W	0.014942
01394560006256	72633.333659	S	3.005826
01394617718112	72636.339485	W	0.014129
01394617989392	72636.353614	S	3.003430
01394675655256	72639.357045	W	0.014601
01394675935604	72639.371646	S	0.001731
01394675968832	72639.373377	W	0.012357
01394676206088	72639.385734	S	3.003376
01394733870904	72642.389110	W	0.014204
01394734143624	72642.403314	S	2.622995
01394784505120	72645.026308	W	0.014255
01394784778824	72645.040564	S	0.363600
01394791759952	72645.404164	W	0.022365
01394792189352	72645.426529	S	3.008516
01394849952860	72648.435045	W	0.014216
01394850225812	72648.449261	S	3.016092
01394908134780	72651.465353	W	0.022692
01394908570468	72651.488045	S	3.005370
01394966273572	72654.493415	W	0.014290
01394966547932	72654.507705	S	0.001673
01394966580052	72654.509378	W	0.016197
01394966891040	72654.525575	S	1.439443
01394994528348	72655.965018	W	0.014284
01394994802600	72655.979302	S	0.009775
01394994990276	72655.989077	W	0.014064
01394995260308	72656.003141	S	1.519805
01395024440572	72657.522946	W	0.013261
01395024695176	72657.536207	S	2.379312
01395070377968	72659.915519	W	0.063589
01395071598868	72659.979108	S	0.574739
01395082633852	72660.553846	W	0.021355
01395083043872	72660.575202	S	3.008901
01395140814768	72663.584102	W	0.022708
01395141250756	72663.606810	S	1.164053
01395163600580	72664.770864	W	0.086547
01395165262280	72664.857410	S	0.421790
01395173360644	72665.279200	W	0.013046
01395173611128	72665.292246	S	1.322622
01395199005464	72666.614868	W	0.022961
01395199446312	72666.637829	S	3.004525
01395257133200	72669.642354	W	0.023748
01395257589164	72669.666102	S	0.122381
01395259938880	72669.788483	W	0.124096
01395262321528	72669.912580	S	0.016169
01395262631968	72669.928748	W	0.103506
01395264619276	72670.032254	S	0.016065
01395264927732	72670.048319	W	0.073343
01395266335920	72670.121662	S	0.287085
01395271847944	72670.408747	W	0.015574
01395272146968	72670.424321	S	1.312444
01395297345888	72671.736765	W	0.013998
01395297614644	72671.750763	S	0.190279
01395301267996	72671.941041	W	0.014139
01395301539464	72671.955180	S	0.598911
01395313038548	72672.554091	W	0.016130
01395313348236	72672.570221	S	0.104127
01395315347468	72672.674347	W	0.022298
01395315775584	72672.696645	S	3.003761
01395373447804	72675.700406	W	0.013770
01395373712192	72675.714177	S	3.014108
01395431583056	72678.728284	W	0.022976
01395432024188	72678.751260	S	2.999247
01395489609736	72681.750507	W	0.014285
01395489884000	72681.764792	S	3.007826
01395547634260	72684.772618	W	0.022691
01395548069932	72684.795309	S	0.417852
01395556092692	72685.213161	W	0.014090
01395556363216	72685.227251	S	1.867234
01395592214100	72687.094484	W	0.013212
01395592467776	72687.107697	S	0.010216
01395592663916	72687.117912	W	0.013751
01395592927928	72687.131663	S	0.001405
01395592954904	72687.133068	W	0.013566
01395593215372	72687.146634	S	0.650134
01395605697952	72687.796768	W	0.013859
01395605964040	72687.810627	S	0.101672
01395607916144	72687.912299	W	0.132991
01395610469580	72688.045291	S	0.002243
01395610512640	72688.047533	W	0.092632
01395612291180	72688.140166	S	1.468135
01395640479364	72689.608300	W	0.015590
01395640778696	72689.623890	S	1.188494
01395663597772	72690.812384	W	0.013716
01395663861124	72690.826100	S	0.262619
01395668903408	72691.088719	W	0.014288
01395669177732	72691.103007	S	1.930279
01395706239096	72693.033286	W	0.086570
01395707901236	72693.119856	S	0.015061
01395708190416	72693.134918	W	0.235649
01395712714880	72693.370567	S	0.015511
01395713012692	72693.386078	W	0.075656
01395714465296	72693.461734	S	0.369805
01395721565548	72693.831539	W	0.014202
01395721838236	72693.845741	S	3.002996
01395779495764	72696.848738	W	0.022426
01395779926340	72696.871164	S	1.385836
01395806534392	72698.257000	W	0.090605
01395808274008	72698.347605	S	0.112981
01395810443240	72698.460585	W	0.086786
01395812109532	72698.547371	S	1.290938
01395836895544	72699.838310	W	0.015965
01395837202064	72699.854274	S	0.017118
01395837530724	72699.871392	W	0.014573
01395837810532	72699.885965	S	3.003947
01395895486308	72702.889912	W	0.021622
01395895901444	72702.911534	S	3.005756
01395953611956	72705.917289	W	0.021721
01395954028992	72705.939010	S	3.005987
01396011743948	72708.944997	W	0.021732
01396012161212	72708.966730	S	3.010055
01396069954276	72711.976785	W	0.022980
01396070395492	72711.999765	S	1.627814
01396101649520	72713.627579	W	0.014074
01396101919736	72713.641653	S	1.369998
01396128223692	72715.011651	W	0.023746
01396128679616	72715.035397	S	3.012943
01396186528128	72718.048340	W	0.014209
01396186800932	72718.062549	S	0.004241
01396186882360	72718.066790	W	0.014078
01396187152652	72718.080867	S	1.986727
01396225297804	72720.067594	W	0.014325
01396225572848	72720.081919	S	0.005962
01396225687328	72720.087882	W	0.014080
01396225957660	72720.101961	S	0.987920
01396244925728	72721.089882	W	0.020789
01396245324876	72721.110671	S	3.006952
01396303058356	72724.117623	W	0.021985
01396303480460	72724.139607	S	3.005775
01396361191336	72727.145382	W	0.013838
01396361457032	72727.159220	S	1.366210
01396387688256	72728.525430	W	0.070228
01396389036628	72728.595658	S	0.683063
01396402151432	72729.278720	W	0.013710
01396402414660	72729.292430	S	0.873231
01396419180704	72730.165662	W	0.022175
01396419606456	72730.187836	S	3.002387
01396477252288	72733.190223	W	0.013805
01396477517340	72733.204028	S	1.927746
01396514530056	72735.131774	W	0.014229
01396514803248	72735.146002	S	1.068690
01396535322100	72736.214693	W	0.022321
01396535750668	72736.237014	S	3.001147
01396593372688	72739.238161	W	0.013838
01396593638372	72739.251999	S	3.002242
01396651281424	72742.254241	W	0.021913
01396651702144	72742.276153	S	3.000816
01396709317812	72745.276969	W	0.014287
01396709592128	72745.291257	S	0.069854
01396710933324	72745.361111	W	0.018606
01396711290556	72745.379716	S	0.494383
01396720782716	72745.874100	W	0.018620
01396721140224	72745.892720	S	2.401732
01396767253484	72748.294452	W	0.022370
01396767682996	72748.316823	S	3.001377
01396825309444	72751.318200	W	0.013976
01396825577788	72751.332176	S	1.198513
01396848589228	72752.530689	W	0.014045
01396848858884	72752.544734	S	1.793420
01396883292556	72754.338154	W	0.022556
01396883725632	72754.360710	S	3.001290
01396941350400	72757.362000	W	0.013463
01396941608884	72757.375463	S	1.167284
01396964020732	72758.542746	W	0.047878
01396964939992	72758.590625	S	1.407416
01396991962388	72759.998041	W	0.014563
01396992242000	72760.012604	S	0.372372
01396999391536	72760.384976	W	0.023146
01396999835936	72760.408122	S	3.008033
01397057590160	72763.416154	W	0.024371
01397058058092	72763.440526	S	3.006251
01397115778108	72766.446776	W	0.022341
01397116207064	72766.469118	S	3.010079
01397174000584	72769.479197	W	0.014151
01397174272280	72769.493348	S	3.015312
01397232166280	72772.508660	W	0.022990
01397232607680	72772.531650	S	3.008749
01397290375656	72775.540399	W	0.022229
01397290802444	72775.562627	S	3.009318
01397348581348	72778.571945	W	0.021964
01397349003052	72778.593909	S	0.661484
01397361703540	72779.255393	W	0.013115
01397361955356	72779.268508	S	0.013216
01397362209096	72779.281724	W	0.014040
01397362478672	72779.295764	S	1.410746
01397389564992	72780.706510	W	0.110436
01397391685372	72780.816946	S	0.074951
01397393124428	72780.891897	W	0.085846
01397394772680	72780.977744	S	0.252298
01397399616792	72781.230041	W	0.015626
01397399916816	72781.245667	S	0.353374
01397406701588	72781.599041	W	0.014804
01397406985832	72781.613845	S	3.006471
01397464710080	72784.620317	W	0.013675
01397464972640	72784.633992	S	1.173068
01397487495544	72785.807060	W	0.240704
01397492117068	72786.047764	S	0.013392
01397492374188	72786.061156	W	0.075027
01397493814708	72786.136183	S	0.371613
01397500949676	72786.507796	W	0.016164
01397501260016	72786.523959	S	1.118169
01397522728860	72787.642128	W	0.014166
01397523000844	72787.656294	S	3.011512
01397580821884	72790.667806	W	0.021914
01397581242624	72790.689720	S	0.236544
01397585784268	72790.926264	W	0.086895
01397587452652	72791.013159	S	0.119669
01397589750300	72791.132828	W	0.086392
01397591409024	72791.219220	S	0.288873
01397596955392	72791.508093	W	0.016003
01397597262644	72791.524096	S	2.171249
01397638950616	72793.695345	W	0.023659
01397639404872	72793.719004	S	2.998890
01397696983568	72796.717894	W	0.013750
01397697247564	72796.731644	S	3.005109
01397754945656	72799.736753	W	0.021712
01397755362528	72799.758465	S	3.001079
01397812983240	72802.759544	W	0.013957
01397813251208	72802.773500	S	3.003201
01397870912664	72805.776701	W	0.023041
01397871355044	72805.799742	S	0.500642
01397880967376	72806.300384	W	0.014210
01397881240208	72806.314594	S	2.486321
01397928977576	72808.800915	W	0.014279
01397929251740	72808.815195	S	3.007375
01397986993348	72811.822570	W	0.022414
01397987423704	72811.844985	S	2.120909
01398028145148	72813.965893	W	0.012218
01398028379740	72813.978111	S	0.870340
01398045090260	72814.848451	W	0.013949
01398045358076	72814.862400	S	3.003990
01398103034692	72817.866390	W	0.014154
01398103306444	72817.880544	S	2.334720
01398148133060	72820.215264	W	0.029889
01398148706936	72820.245153	S	0.071682
01398150083236	72820.316835	W	0.013939
01398150350872	72820.330775	S	0.090218
01398152083048	72820.420992	W	0.019169
01398152451096	72820.440161	S	0.388624
01398159912680	72820.828785	W	0.039986
01398160680416	72820.868772	S	0.023505
01398161131704	72820.892276	W	0.022070
01398161555456	72820.914347	S	0.121765
01398163893340	72821.036111	W	0.013975
01398164161656	72821.050086	S	0.088532
01398165861468	72821.138618	W	0.014617
01398166142108	72821.153235	S	0.041797
01398166944608	72821.195032	W	0.064543
01398168183840	72821.259575	S	0.748346
01398182552076	72822.007921	W	0.015993
01398182859148	72822.023914	S	1.897319
01398219287680	72823.921233	W	0.013549
01398219547824	72823.934783	S	3.008834
01398277317444	72826.943617	W	0.014672
01398277599148	72826.958289	S	3.010432
01398335399448	72829.968721	W	0.014522
01398335678272	72829.983243	S	3.013907
01398393545280	72832.997150	W	0.022067
01398393968960	72833.019217	S	0.507766
01398403718076	72833.526983	W	0.014324
01398403993092	72833.541307	S	0.006081
01398404109856	72833.547388	W	0.014097
01398404380520	72833.561485	S	0.067894
01398405684080	72833.629379	W	0.014045
01398405953736	72833.643424	S	0.088952
01398407661608	72833.732375	W	0.014076
01398407931860	72833.746451	S	0.190009
01398411580028	72833.936460	W	0.025798
01398412075356	72833.962258	S	0.384002
01398419448192	72834.346260	W	0.014160
01398419720064	72834.360420	S	0.088163
01398421412800	72834.448583	W	0.014388
01398421689044	72834.462971	S	0.292713
01398427309140	72834.755684	W	0.014284
01398427583384	72834.769968	S	0.190799
01398431246720	72834.960767	W	0.014489
01398431524916	72834.975256	S	0.190866
01398435189552	72835.166122	W	0.014070
01398435459696	72835.180193	S	0.087659
01398437142744	72835.267851	W	0.014123
01398437413912	72835.281975	S	0.088077
01398439104988	72835.370051	W	0.014210
01398439377812	72835.384261	S	0.395426
01398446969988	72835.779687	W	0.014205
01398447242724	72835.793892	S	0.190734
01398450904824	72835.984626	W	0.014399
01398451181292	72835.999026	S	0.024451
01398451650760	72836.023477	W	0.022164
01398452076312	72836.045641	S	0.041223
01398452867796	72836.086864	W	0.013985
01398453136312	72836.100850	S	0.395678
01398460733328	72836.496527	W	0.013090
01398460984656	72836.509618	S	2.541871
01398509788580	72839.051489	W	0.023296
01398510235872	72839.074785	S	3.005470
01398567940900	72842.080255	W	0.013594
01398568201904	72842.093849	S	3.014343
01398626077284	72845.108192	W	0.014288
01398626351616	72845.122480	S	3.013314
01398684207240	72848.135794	W	0.013822
01398684472620	72848.149616	S	3.021625
01398742487812	72851.171240	W	0.021656
01398742903616	72851.192897	S	0.018404
01398743256976	72851.211301	W	0.051579
01398744247292	72851.262880	S	0.346815
01398750906148	72851.609695	W	0.014103
01398751176928	72851.623798	S	2.571130
01398800542620	72854.194928	W	0.014319
01398800817548	72854.209247	S	3.004840
01398858510472	72857.214087	W	0.021627
01398858925712	72857.235714	S	3.012017
01398916756448	72860.247732	W	0.021628
01398917171700	72860.269359	S	0.804715
01398932622228	72861.074074	W	0.013980
01398932890636	72861.088054	S	2.192063
01398974978236	72863.280116	W	0.023077
01398975421316	72863.303194	S	3.009256
01399033199032	72866.312450	W	0.022943
01399033639544	72866.335393	S	1.802667
01399068250756	72868.138060	W	0.014332
01399068525932	72868.152392	S	0.497901
01399078085628	72868.650293	W	0.014297
01399078360128	72868.664590	S	0.003567
01399078428620	72868.668157	W	0.013220
01399078682452	72868.681378	S	0.071164
01399080048796	72868.752541	W	0.013404
01399080306148	72868.765945	S	0.577073
01399091385956	72869.343019	W	0.022931
01399091826228	72869.365949	S	0.001680
01399091858488	72869.367630	W	0.013876
01399092124916	72869.381506	S	0.097521
01399093997320	72869.479027	W	0.113396
01399096174524	72869.592423	S	0.081429
01399097737968	72869.673852	W	0.089896
01399099463964	72869.763748	S	0.314664
01399105505520	72870.078413	W	0.014000
01399105774312	72870.092412	S	0.297574
01399111487740	72870.389986	W	0.013230
01399111741752	72870.403216	S	0.191669
01399115421792	72870.594885	W	0.013158
01399115674432	72870.608043	S	0.499969
01399125273828	72871.108012	W	0.013245
01399125528136	72871.121257	S	1.113674
01399146910676	72872.234931	W	0.013197
01399147164052	72872.248128	S	0.087510
01399148844236	72872.335637	W	0.013102
01399149095800	72872.348740	S	0.021957
01399149517380	72872.370697	W	0.022601
01399149951316	72872.393298	S	0.556734
01399160640604	72872.950031	W	0.013371
01399160897324	72872.963402	S	0.805789
01399176368468	72873.769191	W	0.013158
01399176621092	72873.782349	S	0.704158
01399190140924	72874.486506	W	0.013466
01399190399476	72874.499973	S	0.139206
01399193072224	72874.639178	W	0.238439
01399197650260	72874.877618	S	0.015186
01399197941832	72874.892804	W	0.072045
01399199325092	72874.964849	S	0.267282
01399204456912	72875.232131	W	0.015713
01399204758600	72875.247844	S	0.150652
01399207651120	72875.398496	W	0.023015
01399208093016	72875.421511	S	1.422402
01399235403132	72876.843913	W	0.014159
01399235674980	72876.858072	S	1.570655
01399265831564	72878.428727	W	0.022490
01399266263376	72878.451217	S	1.308066
01399291378252	72879.759284	W	0.091941
01399293143528	72879.851225	S	0.062634
01399294346096	72879.913859	W	0.092920
01399296130168	72880.006780	S	0.311683
01399302114476	72880.318462	W	0.014224
01399302387580	72880.332686	S	1.127075
01399324027420	72881.459761	W	0.023281
01399324474416	72881.483042	S	3.013186
01399382327588	72884.496229	W	0.023464
01399382778096	72884.519693	S	3.009531
01399440561100	72887.529224	W	0.022915
01399441001072	72887.552139	S	2.295061
01399485066236	72889.847200	W	0.014219
01399485339236	72889.861419	S	0.003946
01399485415000	72889.865365	W	0.014034
01399485684456	72889.879399	S	0.679226
01399498725600	72890.558625	W	0.022044
01399499148852	72890.580669	S	3.004843
01399556841828	72893.585512	W	0.022930
01399557282076	72893.608441	S	0.334521
01399563704888	72893.942963	W	0.014117
01399563975928	72893.957080	S	1.419561
01399591231500	72895.376641	W	0.014254
01399591505184	72895.390895	S	0.192857
01399595208040	72895.583752	W	0.018008
01399595553788	72895.601760	S	0.493026
01399605019880	72896.094785	W	0.018561
01399605376248	72896.113346	S	0.499398
01399614964696	72896.612745	W	0.022661
01399615399792	72896.635406	S	1.201485
01399638468296	72897.836890	W	0.014195
01399638740844	72897.851086	S	1.785102
01399673014796	72899.636187	W	0.014768
01399673298348	72899.650956	S	3.009839
01399731087260	72902.660795	W	0.023540
01399731539228	72902.684335	S	3.005387
01399789242656	72905.689722	W	0.023024
01399789684708	72905.712745	S	3.001836
01399847319960	72908.714581	W	0.024281
01399847786156	72908.738862	S	1.242433
01399871640868	72909.981295	W	0.059274
01399872778924	72910.040569	S	0.458635
01399881584716	72910.499204	W	0.014274
01399881858776	72910.513478	S	1.230267
01399905479896	72911.743745	W	0.022990
01399905921296	72911.766734	S	3.003056
01399963579972	72914.769790	W	0.023247
01399964026316	72914.793037	S	3.004894
01400021720284	72917.797931	W	0.021565
01400022134332	72917.819496	S	3.006563
01400079860348	72920.826060	W	0.023398
01400080309596	72920.849458	S	3.007270
01400138049184	72923.856728	W	0.022526
01400138481688	72923.879255	S	3.006932
01400196214788	72926.886187	W	0.014202
01400196487460	72926.900389	S	0.001677
01400196519660	72926.902066	W	0.013470
01400196778280	72926.915535	S	3.011579
01400254600592	72929.927114	W	0.024100
01400255063304	72929.951214	S	2.700401
01400306911004	72932.651615	W	0.018949
01400307274832	72932.670564	S	0.286735
01400312780148	72932.957299	W	0.023635
01400313233932	72932.980934	S	0.182658
01400316740956	72933.163591	W	0.018497
01400317096092	72933.182088	S	2.804776
01400370947800	72935.986865	W	0.021763
01400371365656	72936.008628	S	0.842571
01400387543016	72936.851199	W	0.014177
01400387815208	72936.865375	S	2.152346
01400429140244	72939.017721	W	0.022547
01400429573152	72939.040268	S	0.778887
01400444527776	72939.819155	W	0.014161
01400444799676	72939.833316	S	0.001554
01400444829512	72939.834870	W	0.013931
01400445096992	72939.848802	S	0.149304
01400447963632	72939.998106	W	0.053574
01400448992244	72940.051679	S	0.426175
01400457174804	72940.477854	W	0.015708
01400457476400	72940.493563	S	0.663133
01400470208556	72941.156696	W	0.176588
01400473599052	72941.333284	S	0.424608
01400481751528	72941.757892	W	0.014857
01400482036776	72941.772749	S	0.270973
01400487239448	72942.043721	W	0.023157
01400487684060	72942.066878	S	3.005927
01400545397860	72945.072805	W	0.022332
01400545826628	72945.095137	S	1.226300
01400569371588	72946.321437	W	0.241396
01400574006396	72946.562833	S	0.013453
01400574264688	72946.576286	W	0.068146
01400575573088	72946.644432	S	1.459700
01400603599320	72948.104131	W	0.022705
01400604035248	72948.126836	S	3.009499
01400661817624	72951.136335	W	0.022683
01400662253136	72951.159018	S	0.435092
01400670606904	72951.594110	W	0.092609
01400672384996	72951.686719	S	0.010108
01400672579068	72951.696826	W	0.092220
01400674349696	72951.789047	S	0.248979
01400679130096	72952.038026	W	0.015692
01400679431376	72952.053718	S	2.110934
01400719961308	72954.164651	W	0.022382
01400720391048	72954.187034	S	3.006050
01400778107212	72957.193084	W	0.021270
01400778515600	72957.214354	S	3.007193
01400836253700	72960.221547	W	0.022482
01400836685364	72960.244029	S	3.004978
01400894380948	72963.249008	W	0.022840
01400894819484	72963.271848	S	3.014183
01400952691796	72966.286031	W	0.022569
01400953125124	72966.308600	S	0.507786
01400962874612	72966.816386	W	0.014086
01400963145060	72966.830472	S	2.487205
01401010899392	72969.317677	W	0.021647
01401011315012	72969.339324	S	3.005129
01401069013484	72972.344452	W	0.014338
01401069288776	72972.358790	S	0.432669
01401077596016	72972.791459	W	0.014145
01401077867596	72972.805604	S	0.004912
01401077961904	72972.810516	W	0.014017
01401078231032	72972.824533	S	2.545814
01401127110660	72975.370347	W	0.014136
01401127382072	72975.384483	S	3.011731
01401185207304	72978.396214	W	0.023121
01401185651224	72978.419335	S	2.564078
01401234881524	72980.983413	W	0.014171
01401235153608	72980.997584	S	0.003601
01401235222748	72981.001185	W	0.013139
01401235475008	72981.014323	S	0.407405
01401243297188	72981.421729	W	0.022455
01401243728332	72981.444184	S	0.318978
01401249852708	72981.763162	W	0.059994
01401251004596	72981.823156	S	0.894740
01401268183612	72982.717896	W	0.014926
01401268470196	72982.732823	S	1.717868
01401301453252	72984.450690	W	0.022229
01401301880048	72984.472919	S	3.004363
01401359563824	72987.477282	W	0.022242
01401359990880	72987.499525	S	1.267287
01401384322796	72988.766812	W	0.019200
01401384691444	72988.786013	S	0.492957
01401394156220	72989.278970	W	0.018999
01401394521008	72989.297969	S	1.211018
01401417772552	72990.508987	W	0.014089
01401418043060	72990.523076	S	0.003454
01401418109376	72990.526530	W	0.012884
01401418356740	72990.539414	S	3.011191
01401476171600	72993.550604	W	0.022522
01401476604020	72993.573126	S	2.679826
01401528056684	72996.252952	W	0.014073
01401528326888	72996.267025	S	0.314394
01401534363256	72996.581420	W	0.021835
01401534782484	72996.603254	S	1.703684
01401567493216	72998.306938	W	0.014121
01401567764336	72998.321059	S	1.286656
01401592468140	72999.607716	W	0.014288
01401592742472	72999.622004	S	3.009690
01401650528528	73002.631694	W	0.022229
01401650955320	73002.653923	S	3.003859
01401708629408	73005.657782	W	0.012660
01401708872476	73005.670441	S	3.014728
01401766755248	73008.685169	W	0.022311
01401767183624	73008.707480	S	3.007618
01401824929884	73011.715098	W	0.021386
01401825340504	73011.736485	S	0.043236
01401826170640	73011.779721	W	0.046794
01401827069092	73011.826515	S	0.331255
01401833429180	73012.157770	W	0.015883
01401833734124	73012.173652	S	2.567123
01401883022892	73014.740776	W	0.014982
01401883310540	73014.755757	S	2.272541
01401926943324	73017.028298	W	0.014206
01401927216084	73017.042504	S	0.004867
01401927309536	73017.047372	W	0.014258
01401927583292	73017.061630	S	0.706948
01401941156692	73017.768578	W	0.021963
01401941578384	73017.790541	S	0.116425
01401943813736	73017.906965	W	0.091805
01401945576388	73017.998770	S	0.053288
01401946599524	73018.052059	W	0.089726
01401948322260	73018.141784	S	0.416176
01401956312840	73018.557960	W	0.015126
01401956603260	73018.573086	S	2.230255
01401999424164	73020.803342	W	0.023831
01401999881724	73020.827173	S	2.293618
01402043919196	73023.120791	W	0.241488
01402048555772	73023.362280	S	0.013732
01402048819436	73023.376012	W	0.068222
01402050129292	73023.444234	S	0.388667
01402057591708	73023.832901	W	0.023260
01402058038300	73023.856161	S	3.009434
01402115819436	73026.865596	W	0.022318
01402116247940	73026.887914	S	1.351434
01402142195476	73028.239348	W	0.092097
01402143963736	73028.331445	S	0.062807
01402145169632	73028.394252	W	0.092034
01402146936688	73028.486286	S	0.311621
01402152919820	73028.797907	W	0.014996
01402153207748	73028.812904	S	1.083836
01402174017396	73029.896739	W	0.023248
01402174463748	73029.919987	S	3.006265
01402232184040	73032.926252	W	0.022343
01402232613016	73032.948595	S	3.008661
01402290379304	73035.957255	W	0.023647
01402290833332	73035.980903	S	3.011479
01402348653736	73038.992382	W	0.013676
01402348916316	73039.006058	S	0.000893
01402348933456	73039.006951	W	0.014402
01402349209972	73039.021353	S	3.011318
01402407027272	73042.032670	W	0.022824
01402407465500	73042.055495	S	1.555966
01402437340048	73043.611461	W	0.014240
01402437613464	73043.625701	S	1.440034
01402465262112	73045.065735	W	0.021492
01402465674764	73045.087227	S	0.616320
01402477508108	73045.703547	W	0.014081
01402477778456	73045.717628	S	0.188226
01402481392396	73045.905854	W	0.013923
01402481659708	73045.919776	S	0.394116
01402489226740	73046.313893	W	0.013181
01402489479824	73046.327074	S	0.396965
01402497101552	73046.724039	W	0.013073
01402497352548	73046.737112	S	0.498569
01402506925064	73047.235680	W	0.013299
01402507180400	73047.248979	S	0.842270
01402523351976	73048.091249	W	0.014729
01402523634780	73048.105978	S	3.016971
01402581560632	73051.122950	W	0.021812
01402581979424	73051.144762	S	3.016018
01402639886972	73054.160780	W	0.013881
01402640153480	73054.174660	S	0.001512
01402640182520	73054.176173	W	0.013356
01402640438960	73054.189529	S	0.316970
01402646524788	73054.506499	W	0.014112
01402646795732	73054.520611	S	0.089550
01402648515084	73054.610161	W	0.012894
01402648762656	73054.623055	S	0.037327
01402649479332	73054.660382	W	0.013481
01402649738160	73054.673862	S	0.141521
01402652455364	73054.815384	W	0.020367
01402652846416	73054.835751	S	0.185070
01402656399760	73055.020821	W	0.023658
01402656853988	73055.044479	S	0.248985
01402661634508	73055.293464	W	2.032209
01402700652920	73057.325673	S	1.138480
01402722511744	73058.464153	W	0.034130
01402723167044	73058.498284	S	1.019328
01402742738140	73059.517611	W	0.006805
01402742868796	73059.524416	S	28.956973
01403298842680	73088.481390	W	0.034982
01403299514332	73088.516371	S	0.451180
01403308176980	73088.967551	W	0.006861
01403308308712	73088.974412	S	7.824399
01403458537168	73096.798811	W	0.005352
01403458639924	73096.804163	S	19.667619
01403836258216	73116.471782	W	0.107187
01403838316204	73116.578969	S	0.243719
01403842995604	73116.822688	W	0.015320
01403843289752	73116.838008	S	0.296222
01403848977216	73117.134230	W	0.014645
01403849258392	73117.148875	S	0.053731
01403850290028	73117.202606	W	0.029358
01403850853704	73117.231964	S	0.018617
01403851211148	73117.250581	W	0.085515
01403852853044	73117.336096	S	0.043940
01403853696684	73117.380036	W	0.083372
01403855297424	73117.463408	S	0.681157
01403868375644	73118.144565	W	0.013727
01403868639196	73118.158291	S	0.907535
01403886063868	73119.065826	W	0.014170
01403886335940	73119.079997	S	0.072877
01403887735188	73119.152874	W	0.022828
01403888173492	73119.175703	S	0.988937
01403907161080	73120.164640	W	0.014272
01403907435108	73120.178912	S	0.045707
01403908312688	73120.224619	W	0.013877
01403908579136	73120.238497	S	0.933837
01403926508812	73121.172334	W	0.022911
01403926948696	73121.195245	S	0.991427
01403945984096	73122.186672	W	0.013982
01403946252548	73122.200654	S	0.000825
01403946268388	73122.201479	W	0.014385
01403946544572	73122.215863	S	0.179180
01403949984832	73122.395043	W	0.249210
01403954769656	73122.644253	S	0.013642
01403955031580	73122.657895	W	0.065527
01403956289700	73122.723422	S	0.477734
01403965462184	73123.201155	W	0.014170
01403965734248	73123.215325	S	0.028557
01403966282548	73123.243883	W	0.021160
01403966688812	73123.265042	S	0.670188
01403979556412	73123.935230	W	0.017819
01403979898536	73123.953049	S	0.111694
01403982043064	73124.064743	W	1.599411
01404012751748	73125.664154	S	0.123054
01404015114376	73125.787207	W	0.105089
01404017132076	73125.892296	S	1.464420
01404045248932	73127.356715	W	0.006824
01404045379944	73127.363539	S	0.154922
01404048354448	73127.518461	W	0.046539
01404049247996	73127.565000	S	1.072554
01404069841028	73128.637554	W	0.006850
01404069972544	73128.644403	S	2.562190
01404119166600	73131.206594	W	0.007104
01404119302992	73131.213698	S	1.220443
01404142735496	73132.434140	W	0.004458
01404142821088	73132.438598	S	2.759670
01404195806744	73135.198268	W	0.004080
01404195885076	73135.202348	S	22.345710
01404624922700	73157.548057	W	0.034503
01404625585164	73157.582561	S	0.494752
01404635084396	73158.077312	W	0.006892
01404635216724	73158.084204	S	29.480548
01405201243244	73187.564752	W	0.028299
01405201786592	73187.593052	S	0.413083
01405209717792	73188.006135	W	0.006993
01405209852056	73188.013128	S	7.092474
01405346027556	73195.105602	W	0.004741
01405346118576	73195.110343	S	22.469931
01405777541252	73217.580274	W	0.034458
01405778202852	73217.614732	S	0.622370
01405790152348	73218.237101	W	0.006922
01405790285260	73218.244024	S	11.840671
01406017626140	73230.084695	W	0.056679
01406018714376	73230.141374	S	0.060152
01406019869296	73230.201526	W	0.013911
01406020136392	73230.215437	S	0.038387
01406020873432	73230.253825	W	0.084255
01406022491124	73230.338079	S	0.699140
01406035914620	73231.037220	W	0.006836
01406036045872	73231.044056	S	16.555383
01406353909228	73247.599439	W	0.046360
01406354799336	73247.645799	S	1.310559
01406379962076	73248.956358	W	0.006885
01406380094264	73248.963243	S	23.249546
01406826485540	73272.212789	W	0.005004
01406826581616	73272.217792	S	5.399349
01406930249108	73277.617141	W	0.034466
01406930910864	73277.651607	S	0.745353
01406945221648	73278.396961	W	0.006738
01406945351012	73278.403699	S	29.231171
01407506589504	73307.634870	W	0.034508
01407507252064	73307.669378	S	1.446777
01407535030180	73309.116155	W	0.006885
01407535162380	73309.123041	S	0.261322
01407540179768	73309.384363	W	0.005420
01407540283824	73309.389783	S	7.670430
01407687556080	73317.060213	W	0.121114
01407689881468	73317.181326	S	0.244822
01407694582044	73317.426148	W	0.015620
01407694881944	73317.441768	S	0.865276
01407711495236	73318.307044	W	0.102620
01407713465536	73318.409663	S	0.214880
01407717591236	73318.624544	W	0.084996
01407719223152	73318.709539	S	0.282308
01407724643460	73318.991847	W	0.006626
01407724770672	73318.998472	S	4.718917
01407815373880	73323.717390	W	0.047437
01407816284676	73323.764827	S	0.712085
01407829956704	73324.476912	W	0.006814
01407830087536	73324.483726	S	29.264236
01408391960872	73353.747962	W	0.034418
01408392621700	73353.782380	S	1.413584
01408419762512	73355.195964	W	0.006649
01408419890168	73355.202613	S	1.385525
01408446492256	73356.588138	W	0.005469
01408446597256	73356.593607	S	27.171816
01408968296116	73383.765423	W	0.034450
01408968957556	73383.799873	S	0.836726
01408985022688	73384.636598	W	0.006630
01408985149992	73384.643229	S	12.496066
01409225074452	73397.139294	W	0.005452
01409225179132	73397.144746	S	1.222735
01409248655644	73398.367481	W	0.005531
01409248761844	73398.373013	S	15.409993
01409544633716	73413.783006	W	0.034635
01409545298700	73413.817641	S	1.538112
01409574830456	73415.355753	W	0.006794
01409574960892	73415.362546	S	8.715248
01409742293648	73424.077794	W	1.720589
01409775328960	73425.798383	S	4.721077
01409865973636	73430.519460	W	0.122561
01409868326816	73430.642022	S	0.903658
01409885677056	73431.545680	W	0.016382
01409885991588	73431.562062	S	0.051605
01409886982404	73431.613667	W	0.046026
01409887866112	73431.659693	S	0.336845
01409894333536	73431.996538	W	0.006956
01409894467084	73432.003494	S	0.055399
01409895530752	73432.058893	W	0.008464
01409895693252	73432.067357	S	10.435957
01410096063628	73442.503314	W	0.007190
01410096201684	73442.510504	S	1.291800
01410121004240	73443.802304	W	0.034331
01410121663388	73443.836635	S	0.959684
01410140089312	73444.796318	W	0.006694
01410140217840	73444.803012	S	1.561880
01410170205944	73446.364893	W	0.045768
01410171084692	73446.410661	S	0.272369
01410176314172	73446.683030	W	0.014072
01410176584348	73446.697101	S	0.011925
01410176813304	73446.709026	W	0.015399
01410177108964	73446.724425	S	0.048160
01410178033636	73446.772585	W	0.013584
01410178294452	73446.786169	S	0.023404
01410178743812	73446.809574	W	0.112426
01410180902384	73446.921999	S	0.028078
01410181441488	73446.950078	W	1.711690
01410214305932	73448.661767	S	0.033041
01410214940316	73448.694808	W	0.023561
01410215392684	73448.718369	S	0.354265
01410222194564	73449.072634	W	0.103333
01410224178564	73449.175967	S	0.082547
01410225763472	73449.258514	W	0.225819
01410230099196	73449.484333	S	0.015314
01410230393216	73449.499647	W	0.188254
01410234007692	73449.687901	S	0.013129
01410234259764	73449.701029	W	0.014942
01410234546648	73449.715971	S	0.054534
01410235593700	73449.770505	W	0.127909
01410238049556	73449.898414	S	0.013208
01410238303152	73449.911623	W	0.106902
01410240355664	73450.018524	S	0.014914
01410240642016	73450.033438	W	0.064901
01410241888112	73450.098339	S	0.184237
01410245425472	73450.282577	W	0.160818
01410248513176	73450.443395	S	0.015354
01410248807968	73450.458748	W	0.064221
01410250041004	73450.522969	S	0.186040
01410253612968	73450.709009	W	0.014756
01410253896280	73450.723765	S	0.070750
01410255254672	73450.794514	W	0.086612
01410256917624	73450.881126	S	0.015892
01410257222752	73450.897018	W	0.062427
01410258421352	73450.959445	S	0.279772
01410263792968	73451.239217	W	0.015436
01410264089336	73451.254653	S	0.252173
01410268931064	73451.506826	W	0.088342
01410270627232	73451.595168	S	0.014921
01410270913708	73451.610089	W	0.179040
01410274351284	73451.789129	S	0.131800
01410276881852	73451.920930	W	0.086194
01410278536768	73452.007123	S	0.015686
01410278837948	73452.022810	W	0.090718
01410280579736	73452.113528	S	0.015613
01410280879512	73452.129141	W	0.063873
01410282105868	73452.193014	S	0.278416
01410287451452	73452.471430	W	0.015395
01410287747036	73452.486825	S	0.241805
01410292389692	73452.728630	W	0.014835
01410292674516	73452.743464	S	0.196383
01410296445064	73452.939847	W	0.014835
01410296729904	73452.954682	S	0.784514
01410311792568	73453.739196	W	0.014331
01410312067716	73453.753527	S	0.932208
01410329966104	73454.685735	W	0.093678
01410331764720	73454.779412	S	0.244551
01410336460092	73455.023963	W	0.015334
01410336754508	73455.039297	S	0.713378
01410350451372	73455.752676	W	0.014830
01410350736108	73455.767506	S	0.188690
01410354358948	73455.956195	W	0.014586
01410354639004	73455.970781	S	0.794214
01410369887904	73456.764995	W	0.023391
01410370337016	73456.788386	S	0.990385
01410389352404	73457.778771	W	0.022262
01410389779840	73457.801033	S	0.990874
01410408804628	73458.791908	W	0.013306
01410409060112	73458.805214	S	0.176502
01410412448948	73458.981716	W	0.014572
01410412728724	73458.996288	S	0.803488
01410428155684	73459.799775	W	0.014184
01410428428008	73459.813959	S	0.993415
01410447501568	73460.807373	W	0.022662
01410447936680	73460.830035	S	0.993620
01410467014188	73461.823656	W	0.014236
01410467287528	73461.837892	S	0.001724
01410467320628	73461.839616	W	0.014085
01410467591056	73461.853701	S	0.149437
01410470460244	73462.003138	W	0.022543
01410470893064	73462.025680	S	0.817604
01410486591056	73462.843284	W	0.022731
01410487027492	73462.866015	S	0.993645
01410506105468	73463.859660	W	0.014404
01410506382028	73463.874064	S	0.003615
01410506451432	73463.877679	W	0.013219
01410506705236	73463.890898	S	0.982837
01410525575708	73464.873735	W	0.021818
01410525994616	73464.895553	S	0.131344
01410528516416	73465.026897	W	0.011785
01410528742680	73465.038681	S	3.005628
01410586450728	73468.044309	W	0.022115
01410586875340	73468.066424	S	1.809157
01410621611156	73469.875581	W	0.014186
01410621883536	73469.889768	S	1.183420
01410644605192	73471.073187	W	0.013676
01410644867780	73471.086864	S	3.003524
01410702535448	73474.090388	W	0.014157
01410702807264	73474.104545	S	3.005630
01410760515360	73477.110175	W	0.012221
01410760750012	73477.122396	S	1.219072
01410784156188	73478.341468	W	0.020219
01410784544384	73478.361687	S	0.001458
01410784572384	73478.363145	W	0.013365
01410784829000	73478.376510	S	1.757226
01410818567736	73480.133736	W	0.023405
01410819017116	73480.157141	S	3.005022
01410876713540	73483.162164	W	0.013312
01410876969124	73483.175475	S	0.757837
01410891519596	73483.933312	W	0.014157
01410891791412	73483.947469	S	0.806276
01410907271920	73484.753746	W	0.059508
01410908414472	73484.813254	S	0.129126
01410910893700	73484.942380	W	0.022205
01410911320040	73484.964585	S	0.801394
01410926706800	73485.765979	W	0.015849
01410927011108	73485.781829	S	0.173044
01410930333544	73485.954872	W	0.022434
01410930764276	73485.977306	S	0.204999
01410934700248	73486.182305	W	0.014301
01410934974836	73486.196606	S	0.589410
01410946291516	73486.786016	W	0.013491
01410946550536	73486.799507	S	0.166893
01410949754884	73486.966400	W	0.013324
01410950010704	73486.979724	S	0.994693
01410969108816	73487.974417	W	0.013620
01410969370316	73487.988037	S	0.995145
01410988477100	73488.983182	W	0.013829
01410988742624	73488.997012	S	0.199299
01410992569164	73489.196311	W	0.013808
01410992834272	73489.210118	S	0.780692
01411007823560	73489.990810	W	0.013786
01411008088260	73490.004597	S	0.995953
01411027210556	73491.000550	W	0.022330
01411027639296	73491.022880	S	0.989690
01411046641352	73492.012570	W	0.022728
01411047077720	73492.035298	S	0.173597
01411050410784	73492.208895	W	0.013678
01411050673396	73492.222573	S	0.804590
01411066121520	73493.027163	W	0.021800
01411066540076	73493.048962	S	2.179921
01411108394556	73495.228883	W	0.013947
01411108662336	73495.242830	S	2.267737
01411152202880	73497.510567	W	0.013920
01411152470152	73497.524487	S	0.731185
01411166508896	73498.255672	W	0.013893
01411166775636	73498.269564	S	0.961408
01411185234676	73499.230973	W	0.013269
01411185489444	73499.244242	S	0.703626
01411198999072	73499.947868	W	0.013293
01411199254292	73499.961161	S	0.805826
01411214726144	73500.766987	W	0.013180
01411214979208	73500.780167	S	0.492808
01411224441124	73501.272975	W	0.022520
01411224873504	73501.295495	S	1.316015
01411250140988	73502.611510	W	0.017047
01411250468284	73502.628556	S	0.596928
01411261929292	73503.225484	W	0.018025
01411262275368	73503.243509	S	1.055252
01411282536208	73504.298761	W	0.013813
01411282801424	73504.312574	S	3.008391
01411340562524	73507.320965	W	0.022280
01411340990296	73507.343245	S	3.002887
01411398645728	73510.346132	W	0.013831
01411398911288	73510.359963	S	0.135183
01411401506808	73510.495146	W	0.013064
01411401757636	73510.508210	S	0.001503
01411401786496	73510.509713	W	0.015259
01411402079476	73510.524973	S	0.420891
01411410160580	73510.945864	W	0.087624
01411411842964	73511.033488	S	0.075691
01411413296236	73511.109179	W	0.085281
01411414933636	73511.194460	S	1.450770
01411442788416	73512.645230	W	0.015491
01411443085852	73512.660721	S	0.702248
01411456569004	73513.362969	W	0.013780
01411456833584	73513.376749	S	2.566667
01411506113584	73515.943416	W	0.099509
01411508024160	73516.042925	S	0.157601
01411511050092	73516.200526	W	0.251876
01411515886104	73516.452401	S	0.001925
01411515923072	73516.454327	W	0.063633
01411517144828	73516.517960	S	1.247242
01411541091872	73517.765202	W	0.015383
01411541387220	73517.780584	S	1.630745
01411572697516	73519.411329	W	0.013781
01411572962116	73519.425110	S	1.821668
01411607938136	73521.246778	W	0.160702
01411611023612	73521.407480	S	1.027770
01411630756800	73522.435250	W	0.013645
01411631018792	73522.448895	S	3.010786
01411688825880	73525.459681	W	0.014487
01411689104024	73525.474168	S	3.005002
01411746800068	73528.479170	W	0.013763
01411747064316	73528.492933	S	3.010379
01411804863584	73531.503312	W	0.013695
01411805126520	73531.517006	S	3.013866
01411862992752	73534.530873	W	0.013665
01411863255112	73534.544537	S	3.009759
01411921042476	73537.554296	W	0.013898
01411921309320	73537.568194	S	3.007771
01411979058524	73540.575965	W	0.014475
01411979336452	73540.590440	S	3.008890
01412037107132	73543.599330	W	0.022881
01412037546440	73543.622210	S	3.005998
01412095261596	73546.628208	W	0.022903
01412095701340	73546.651111	S	0.242807
01412100363232	73546.893918	W	0.014428
01412100640248	73546.908346	S	2.746428
01412153371664	73549.654774	W	0.014406
01412153648256	73549.669180	S	1.714990
01412186576060	73551.384170	W	0.038003
01412187305724	73551.422173	S	0.903614
01412204655120	73552.325787	W	0.015370
01412204950228	73552.341158	S	0.338199
01412211443652	73552.679357	W	0.013350
01412211699968	73552.692707	S	3.009187
01412269476352	73555.701893	W	0.013799
01412269741284	73555.715692	S	0.757185
01412284279244	73556.472877	W	0.013374
01412284536020	73556.486251	S	0.001506
01412284564944	73556.487757	W	0.013365
01412284821560	73556.501123	S	2.223851
01412327519504	73558.724974	W	0.013110
01412327771212	73558.738084	S	0.213930
01412331878668	73558.952014	W	0.013698
01412332141664	73558.965712	S	2.781359
01412385543752	73561.747070	W	0.022228
01412385970524	73561.769298	S	3.006695
01412443699072	73564.775993	W	0.013799
01412443964016	73564.789792	S	3.012873
01412501811180	73567.802666	W	0.013634
01412502072948	73567.816299	S	3.009566
01412559856608	73570.825865	W	0.013830
01412560122144	73570.839695	S	1.915250
01412596894936	73572.754945	W	0.012669
01412597138188	73572.767614	S	0.601323
01412608683592	73573.368937	W	0.013325
01412608939440	73573.382263	S	0.293935
01412614582996	73573.676198	W	0.013090
01412614834320	73573.689288	S	0.163100
01412617965836	73573.852387	W	0.014034
01412618235292	73573.866421	S	0.321495
01412624408000	73574.187917	W	0.013359
01412624664492	73574.201276	S	0.504511
01412634351108	73574.705787	W	0.013186
01412634604288	73574.718973	S	0.087710
01412636288328	73574.806684	W	0.013710
01412636551560	73574.820394	S	0.495155
01412646058544	73575.315549	W	0.019463
01412646432240	73575.335012	S	1.540272
01412676005456	73576.875284	W	0.013699
01412676268472	73576.888983	S	3.009900
01412734058552	73579.898883	W	0.013709
01412734321764	73579.912592	S	1.486426
01412762861140	73581.399018	W	0.038110
01412763592848	73581.437128	S	0.328426
01412769898624	73581.765553	W	0.015397
01412770194244	73581.780950	S	1.143755
01412792154340	73582.924705	W	0.013944
01412792422068	73582.938649	S	3.009241
01412850199500	73585.947891	W	0.021998
01412850621856	73585.969888	S	3.005694
01412908331176	73588.975582	W	0.013925
01412908598544	73588.989507	S	3.005577
01412966305616	73591.995084	W	0.014620
01412966586324	73592.009704	S	2.999343
01413024173700	73595.009047	W	0.014485
01413024451820	73595.023532	S	3.005758
01413082162364	73598.029290	W	0.015028
01413082450908	73598.044318	S	2.999041
01413140032492	73601.043359	W	0.014619
01413140313184	73601.057978	S	3.010813
01413198120788	73604.068791	W	0.014167
01413198392792	73604.082958	S	3.005231
01413256093232	73607.088189	W	0.013792
01413256358036	73607.101981	S	3.011817
01413314184924	73610.113798	W	0.014125
01413314456124	73610.127923	S	1.285818
01413339143832	73611.413741	W	0.066280
01413340416400	73611.480021	S	1.005401
01413359720096	73612.485422	W	0.015398
01413360015732	73612.500819	S	0.639123
01413372286892	73613.139942	W	0.013741
01413372550720	73613.153683	S	3.011495
01413430371420	73616.165178	W	0.014016
01413430640528	73616.179194	S	2.655439
01413481624964	73618.834634	W	0.012618
01413481867224	73618.847251	S	0.340210
01413488399248	73619.187461	W	0.013830
01413488664784	73619.201291	S	0.028362
01413489209344	73619.229653	W	0.135126
01413491803768	73619.364780	S	0.011778
01413492029904	73619.376557	W	0.090660
01413493770584	73619.467218	S	0.084011
01413495383592	73619.551229	W	0.013027
01413495633708	73619.564256	S	0.601125
01413507175300	73620.165380	W	0.015554
01413507473932	73620.180934	S	0.087018
01413509144676	73620.267952	W	0.013256
01413509399188	73620.281208	S	0.109365
01413511498996	73620.390573	W	0.013775
01413511763480	73620.404348	S	1.808851
01413546493420	73622.213199	W	0.012190
01413546727464	73622.225389	S	2.007088
01413585263548	73624.232476	W	0.252448
01413590110552	73624.484925	S	0.001591
01413590141096	73624.486515	W	0.063398
01413591358332	73624.549913	S	0.686931
01413604547408	73625.236844	W	0.013378
01413604804260	73625.250222	S	1.469209
01413633013068	73626.719431	W	0.020970
01413633415696	73626.740401	S	1.513039
01413662466044	73628.253440	W	0.012107
01413662698500	73628.265547	S	1.087115
01413683571100	73629.352661	W	0.087801
01413685256872	73629.440462	S	0.043419
01413686090520	73629.483881	W	0.086064
01413687742940	73629.569945	S	0.835532
01413703785152	73630.405477	W	0.015638
01413704085400	73630.421115	S	0.853653
01413720475528	73631.274767	W	0.013887
01413720742152	73631.288654	S	3.007382
01413778483892	73634.296036	W	0.012152
01413778717208	73634.308188	S	3.004193
01413836397720	73637.312381	W	0.013901
01413836664624	73637.326282	S	3.003176
01413894325600	73640.329458	W	0.013747
01413894589540	73640.343205	S	3.006442
01413952313232	73643.349647	W	0.014296
01413952587716	73643.363944	S	3.008325
01414010347564	73646.372269	W	0.014366
01414010623400	73646.386635	S	1.223378
01414034112252	73647.610013	W	0.012695
01414034356000	73647.622708	S	1.215335
01414057690432	73648.838043	W	0.018483
01414058045304	73648.856526	S	0.536477
01414068345656	73649.393003	W	0.014267
01414068619588	73649.407270	S	0.045291
01414069489184	73649.452562	W	0.018740
01414069849000	73649.471302	S	2.939498
01414126287360	73652.410800	W	0.021994
01414126709652	73652.432794	S	2.551403
01414175696592	73654.984198	W	0.013362
01414175953152	73654.997560	S	0.439928
01414184399776	73655.437488	W	0.014029
01414184669124	73655.451517	S	3.002258
01414242312472	73658.453775	W	0.013691
01414242575348	73658.467466	S	1.079300
01414263297908	73659.546766	W	0.061334
01414264475520	73659.608100	S	1.108902
01414285766444	73660.717002	W	0.013523
01414286026084	73660.730525	S	0.394786
01414293605968	73661.125311	W	0.012972
01414293855036	73661.138283	S	0.344148
01414300462676	73661.482431	W	0.013842
01414300728440	73661.496273	S	0.039910
01414301494704	73661.536182	W	0.013114
01414301746496	73661.549297	S	0.498084
01414311309700	73662.047380	W	0.013276
01414311564608	73662.060657	S	2.341825
01414356527656	73664.402482	W	0.013242
01414356781900	73664.415724	S	0.089491
01414358500124	73664.505215	W	0.013899
01414358766988	73664.519114	S	0.090986
01414360513912	73664.610100	W	0.013236
01414360768052	73664.623336	S	0.393987
01414368332596	73665.017323	W	0.013333
01414368588584	73665.030655	S	0.089696
01414370310740	73665.120351	W	0.013134
01414370562920	73665.133485	S	0.396608
01414378177796	73665.530094	W	0.013564
01414378438224	73665.543658	S	0.089288
01414380152552	73665.632945	W	0.013001
01414380402164	73665.645946	S	1.882642
01414416548900	73667.528589	W	0.014906
01414416835096	73667.543495	S	1.060055
01414437188156	73668.603550	W	0.013511
01414437447576	73668.617061	S	1.934875
01414474597184	73670.551937	W	0.013808
01414474862304	73670.565745	S	3.012840
01414532708836	73673.578585	W	0.013870
01414532975144	73673.592455	S	3.010796
01414590782424	73676.603251	W	0.013716
01414591045768	73676.616967	S	3.019104
01414649012556	73679.636071	W	0.013745
01414649276460	73679.649816	S	1.955286
01414686817948	73681.605101	W	0.012930
01414687066204	73681.618031	S	0.005659
01414687174852	73681.623690	W	0.014416
01414687451648	73681.638107	S	0.194481
01414691185688	73681.832588	W	0.013858
01414691451768	73681.846446	S	0.542350
01414701864888	73682.388796	W	0.087599
01414703546796	73682.476396	S	0.050787
01414704521908	73682.527183	W	0.085229
01414706158304	73682.612412	S	0.046827
01414707057376	73682.659238	W	0.013649
01414707319444	73682.672888	S	0.202139
01414711200504	73682.875026	W	0.015416
01414711496496	73682.890442	S	2.094322
01414751707484	73684.984765	W	0.121532
01414754040896	73685.106297	S	0.002253
01414754084156	73685.108550	W	0.063308
01414755299668	73685.171858	S	0.017711
01414755639716	73685.189569	W	0.084925
01414757270280	73685.274494	S	0.224339
01414761577588	73685.498833	W	0.017429
01414761912224	73685.516262	S	0.164311
01414765066992	73685.680573	W	0.013710
01414765330220	73685.694282	S	1.768854
01414799292208	73687.463136	W	0.237356
01414803849444	73687.700492	S	0.015956
01414804155792	73687.716448	W	0.063581
01414805376548	73687.780029	S	0.923948
01414823116344	73688.703976	W	0.013917
01414823383544	73688.717893	S	0.260634
01414828387720	73688.978527	W	0.013399
01414828644984	73688.991926	S	0.088993
01414830353640	73689.080919	W	0.013225
01414830607564	73689.094144	S	0.190860
01414834272080	73689.285004	W	0.013169
01414834524916	73689.298173	S	0.090074
01414836254340	73689.388247	W	0.013265
01414836509036	73689.401512	S	0.601607
01414848059900	73690.003120	W	0.013426
01414848317680	73690.016546	S	0.007083
01414848453672	73690.023629	W	0.099771
01414850369272	73690.123400	S	0.083786
01414851977972	73690.207186	W	0.086051
01414853630152	73690.293237	S	0.019390
01414854002440	73690.312627	W	0.013301
01414854257824	73690.325928	S	0.189128
01414857889072	73690.515056	W	0.012867
01414858136116	73690.527923	S	0.026676
01414858648292	73690.554599	W	0.015538
01414858946620	73690.570136	S	0.149311
01414861813388	73690.719447	W	0.013321
01414862069156	73690.732769	S	0.089093
01414863779732	73690.821861	W	0.013168
01414864032556	73690.835029	S	0.089240
01414865745960	73690.924269	W	0.013145
01414865998340	73690.937414	S	0.089461
01414867716000	73691.026875	W	0.013780
01414867980580	73691.040655	S	0.502107
01414877621036	73691.542762	W	0.023541
01414878073016	73691.566303	S	0.162497
01414881192952	73691.728800	W	0.014285
01414881467224	73691.743085	S	1.023192
01414901112504	73692.766276	W	0.089577
01414902832380	73692.855853	S	0.115468
01414905049356	73692.971321	W	0.013284
01414905304408	73692.984605	S	0.124294
01414907690856	73693.108899	W	0.015263
01414907983912	73693.124162	S	1.622043
01414939127144	73694.746205	W	0.014499
01414939405516	73694.760704	S	1.078038
01414960103840	73695.838742	W	0.012705
01414960347780	73695.851447	S	0.704591
01414973875932	73696.556038	W	0.012781
01414974121320	73696.568819	S	0.395964
01414981723820	73696.964782	W	0.017825
01414982066068	73696.982608	S	0.778869
01414997020352	73697.761477	W	0.014553
01414997299772	73697.776030	S	3.009547
01415055083068	73700.785576	W	0.014563
01415055362676	73700.800139	S	0.056180
01415056441340	73700.856320	W	0.013441
01415056699416	73700.869761	S	0.397119
01415064324104	73701.266880	W	0.023704
01415064779224	73701.290585	S	0.283292
01415070218432	73701.573877	W	0.013242
01415070472680	73701.587119	S	0.805946
01415085946844	73702.393065	W	0.013528
01415086206588	73702.406593	S	1.396823
01415113025580	73703.803416	W	0.013744
01415113289464	73703.817160	S	3.007988
01415171042828	73706.825147	W	0.013857
01415171308880	73706.839004	S	3.000888
01415228925932	73709.839892	W	0.013645
01415229187916	73709.853537	S	3.014029
01415287057264	73712.867566	W	0.013754
01415287321336	73712.881320	S	3.013774
01415345185796	73715.895094	W	0.014590
01415345465928	73715.909684	S	3.011869
01415403293804	73718.921552	W	0.021848
01415403713280	73718.943400	S	3.003846
01415461387128	73721.947246	W	0.013016
01415461637028	73721.960262	S	0.872676
01415478392416	73722.832938	W	0.058030
01415479506600	73722.890969	S	0.944057
01415497632492	73723.835026	W	0.015546
01415497930984	73723.850572	S	1.118640
01415519408876	73724.969212	W	0.013979
01415519677276	73724.983191	S	3.011069
01415577489792	73727.994260	W	0.022103
01415577914168	73728.016363	S	3.006324
01415635635588	73731.022687	W	0.013858
01415635901652	73731.036544	S	0.438437
01415644319648	73731.474982	W	0.012491
01415644559476	73731.487473	S	0.008786
01415644728168	73731.496259	W	0.013364
01415644984756	73731.509623	S	2.537071
01415693696516	73734.046694	W	0.013279
01415693951464	73734.059972	S	0.181735
01415697440776	73734.241707	W	0.013033
01415697691008	73734.254740	S	0.394404
01415705263564	73734.649144	W	0.013075
01415705514596	73734.662219	S	0.500042
01415715115400	73735.162260	W	0.013400
01415715372684	73735.175661	S	0.395060
01415722957828	73735.570720	W	0.013268
01415723212580	73735.583989	S	1.011036
01415742624476	73736.595025	W	0.012635
01415742867060	73736.607659	S	0.459520
01415751689852	73737.067180	W	0.013725
01415751953376	73737.080905	S	3.009078
01415809727676	73740.089983	W	0.013691
01415809990536	73740.103674	S	1.919590
01415846846672	73742.023264	W	0.018524
01415847202328	73742.041788	S	0.493517
01415856677860	73742.535305	W	0.017820
01415857020004	73742.553125	S	0.564180
01415867852252	73743.117305	W	0.021767
01415868270188	73743.139072	S	0.132954
01415870822896	73743.272026	W	0.013829
01415871088404	73743.285854	S	2.851334
01415925834020	73746.137189	W	0.013763
01415926098272	73746.150952	S	3.003358
01415983762744	73749.154310	W	0.013644
01415984024712	73749.167954	S	2.773692
01416037279604	73751.941646	W	0.094520
01416039094388	73752.036166	S	0.123231
01416041460428	73752.159397	W	0.085934
01416043110368	73752.245332	S	0.299573
01416048862160	73752.544904	W	0.087219
01416050536764	73752.632123	S	0.039149
01416051288424	73752.671272	W	0.085109
01416052922520	73752.756381	S	0.518707
01416062881696	73753.275088	W	0.015385
01416063177084	73753.290473	S	1.893842
01416099538844	73755.184315	W	0.022473
01416099970328	73755.206788	S	1.892250
01416136301524	73757.099038	W	0.095975
01416138144248	73757.195013	S	0.084396
01416139764644	73757.279409	W	0.086593
01416141427220	73757.366001	S	0.240637
01416146047452	73757.606638	W	0.238028
01416150617592	73757.844666	S	0.015975
01416150924312	73757.860641	W	0.063408
01416152141752	73757.924050	S	0.282197
01416157559940	73758.206247	W	0.013800
01416157824904	73758.220047	S	3.000684
01416215438028	73761.220731	W	0.013728
01416215701612	73761.234459	S	0.040660
01416216482284	73761.275119	W	0.013982
01416216750736	73761.289101	S	1.110214
01416238066836	73762.399314	W	0.086242
01416239722684	73762.485556	S	1.029485
01416259488796	73763.515041	W	0.015551
01416259787384	73763.530593	S	0.714745
01416273510480	73764.245338	W	0.022348
01416273939568	73764.267686	S	3.004271
01416331621568	73767.271957	W	0.021682
01416332037856	73767.293638	S	3.010146
01416389832664	73770.303785	W	0.013799
01416390097604	73770.317584	S	3.015322
01416447991796	73773.332906	W	0.022068
01416448415492	73773.354974	S	3.002981
01416506072724	73776.357954	W	0.014439
01416506349952	73776.372393	S	3.011853
01416564177532	73779.384246	W	0.022331
01416564606280	73779.406577	S	3.004614
01416622294860	73782.411191	W	0.014536
01416622573948	73782.425726	S	3.015683
01416680475052	73785.441409	W	0.022323
01416680903656	73785.463732	S	3.010156
01416738698656	73788.473888	W	0.014644
01416738979812	73788.488532	S	3.009045
01416796753476	73791.497577	W	0.013941
01416797021140	73791.511518	S	0.950863
01416815277700	73792.462380	W	0.061507
01416816458636	73792.523887	S	0.430797
01416824729944	73792.954685	W	0.015537
01416825028260	73792.970222	S	1.548884
01416854766828	73794.519106	W	0.013865
01416855033040	73794.532971	S	0.636682
01416867257340	73795.169653	W	0.013395
01416867514532	73795.183049	S	2.360294
01416912832176	73797.543342	W	0.013834
01416913097780	73797.557176	S	0.378408
01416920363216	73797.935584	W	0.013114
01416920614996	73797.948698	S	2.616071
01416970843560	73800.564769	W	0.020973
01416971246236	73800.585741	S	2.999313
01417028833040	73803.585054	W	0.013914
01417029100188	73803.598968	S	1.112115
01417050452792	73804.711083	W	0.013721
01417050716244	73804.724804	S	1.875998
01417086735400	73806.600802	W	0.022366
01417087164832	73806.623168	S	1.550453
01417116933532	73808.173621	W	0.018481
01417117288360	73808.192102	S	0.494996
01417126792292	73808.687099	W	0.018039
01417127138636	73808.705137	S	0.916060
01417144726992	73809.621198	W	0.014635
01417145007980	73809.635832	S	3.001754
01417202641664	73812.637587	W	0.021997
01417203064000	73812.659583	S	2.999305
01417260650648	73815.658888	W	0.013791
01417260915428	73815.672679	S	3.004222
01417318596488	73818.676900	W	0.021715
01417319013408	73818.698615	S	3.003491
01417376680428	73821.702106	W	0.013808
01417376945532	73821.715913	S	0.761158
01417391559756	73822.477071	W	0.049916
01417392518144	73822.526987	S	1.147726
01417414554476	73823.674712	W	0.015479
01417414851680	73823.690192	S	1.030393
01417434635220	73824.720584	W	0.013793
01417434900040	73824.734377	S	1.563131
01417464912152	73826.297508	W	0.020883
01417465313112	73826.318391	S	0.407016
01417473127828	73826.725408	W	0.102271
01417475091424	73826.827678	S	0.083826
01417476700880	73826.911504	W	0.084812
01417478329268	73826.996316	S	0.518502
01417488284516	73827.514819	W	0.015706
01417488586072	73827.530525	S	0.213993
01417492694736	73827.744518	W	0.013779
01417492959296	73827.758297	S	1.513936
01417522026876	73829.272233	W	0.338912
01417528533980	73829.611145	S	0.015886
01417528839000	73829.627031	W	0.091189
01417530589820	73829.718220	S	0.161962
01417533699484	73829.880181	W	0.128994
01417536176160	73830.009175	S	0.005199
01417536275984	73830.014374	W	0.135021
01417538868392	73830.149395	S	0.015879
01417539173272	73830.165275	W	0.201681
01417543045556	73830.366956	S	0.127554
01417545494584	73830.494510	W	0.428363
01417553719160	73830.922873	S	0.011480
01417553939568	73830.934353	W	0.449560
01417562571120	73831.383912	S	0.016464
01417562887224	73831.400376	W	0.072540
01417564280000	73831.472917	S	0.293468
01417569914584	73831.766385	W	0.015181
01417570206052	73831.781565	S	0.064046
01417571435740	73831.845611	W	0.313580
01417577456468	73832.159191	S	0.016750
01417577778060	73832.175941	W	0.078095
01417579277476	73832.254035	S	0.263683
01417584340188	73832.517718	W	0.015212
01417584632256	73832.532930	S	0.245205
01417589340188	73832.778135	W	0.014330
01417589615320	73832.792465	S	0.992504
01417608671388	73833.784968	W	0.022928
01417609111604	73833.807896	S	0.987474
01417628071112	73834.795370	W	0.085538
01417629713444	73834.880909	S	0.252450
01417634560488	73835.133359	W	0.015385
01417634855876	73835.148744	S	0.661223
01417647551352	73835.809966	W	0.022705
01417647987288	73835.832671	S	0.976999
01417666745668	73836.809670	W	0.014401
01417667022176	73836.824072	S	0.000744
01417667036452	73836.824815	W	0.015244
01417667329128	73836.840059	S	0.310513
01417673290980	73837.150572	W	0.084112
01417674905928	73837.234684	S	0.253711
01417679777172	73837.488394	W	0.015195
01417680068916	73837.503589	S	0.331797
01417686439416	73837.835386	W	0.014255
01417686713108	73837.849641	S	0.994752
01417705812340	73838.844393	W	0.014595
01417706092560	73838.858988	S	0.977683
01417724864064	73839.836670	W	0.013899
01417725130920	73839.850569	S	0.001537
01417725160424	73839.852105	W	0.013824
01417725425852	73839.865930	S	0.997377
01417744575496	73840.863307	W	0.013758
01417744839640	73840.877065	S	0.996906
01417763980244	73841.873971	W	0.021505
01417764393136	73841.895476	S	0.964509
01417782911708	73842.859985	W	0.021281
01417783320296	73842.881265	S	0.003138
01417783380544	73842.884403	W	0.011906
01417783609148	73842.896310	S	0.993495
01417802684252	73843.889805	W	0.013470
01417802942876	73843.903275	S	0.994669
01417822040520	73844.897944	W	0.021451
01417822452384	73844.919395	S	0.965530
01417840990552	73845.884925	W	0.013676
01417841253136	73845.898601	S	0.012168
01417841486756	73845.910769	W	0.013670
01417841749224	73845.924439	S	0.001433
01417841776744	73845.925872	W	0.013503
01417842036008	73845.939375	S	0.986016
01417860967516	73846.925391	W	0.022495
01417861399424	73846.947887	S	1.968716
01417899198768	73848.916603	W	0.021391
01417899609476	73848.937994	S	3.009759
01417957396848	73851.947752	W	0.013770
01417957661228	73851.961522	S	3.011243
01418015477092	73854.972765	W	0.013845
01418015742912	73854.986610	S	1.792741
01418050163536	73856.779351	W	0.013792
01418050428348	73856.793143	S	1.199627
01418073461184	73857.992770	W	0.013706
01418073724344	73858.006476	S	3.006927
01418131457344	73861.013403	W	0.013830
01418131722884	73861.027234	S	3.004702
01418189413164	73864.031936	W	0.013728
01418189676736	73864.045663	S	2.105085
01418230094360	73866.150748	W	0.013639
01418230356236	73866.164387	S	0.891233
01418247467912	73867.055620	W	0.013991
01418247736544	73867.069612	S	0.142167
01418250466148	73867.211779	W	0.064275
01418251700228	73867.276054	S	1.198564
01418274712660	73868.474618	W	0.015531
01418275010852	73868.490149	S	1.580989
01418305365848	73870.071138	W	0.014445
01418305643192	73870.085583	S	3.007196
01418363381348	73873.092779	W	0.012273
01418363616984	73873.105051	S	3.000556
01418421227664	73876.105607	W	0.021430
01418421639124	73876.127038	S	2.088466
01418461737668	73878.215504	W	0.013005
01418461987360	73878.228508	S	0.092258
01418463758708	73878.320766	W	0.013890
01418464025404	73878.334656	S	0.496619
01418473560488	73878.831275	W	0.017310
01418473892848	73878.848586	S	0.282520
01418479317224	73879.131105	W	0.013630
01418479578920	73879.144735	S	3.012549
01418537419860	73882.157284	W	0.022847
01418537858532	73882.180132	S	3.004736
01418595549468	73885.184868	W	0.021909
01418595970116	73885.206777	S	3.004762
01418653661540	73888.211539	W	0.021240
01418654069344	73888.232778	S	3.004995
01418711765248	73891.237773	W	0.013879
01418712031728	73891.251652	S	3.013492
01418769890776	73894.265145	W	0.022261
01418770318196	73894.287406	S	2.939109
01418826749092	73897.226515	W	0.052680
01418827760544	73897.279195	S	0.012233
01418827995412	73897.291428	W	0.013819
01418828260744	73897.305247	S	0.609183
01418839957052	73897.914430	W	0.015477
01418840254212	73897.929907	S	2.387737
01418886098756	73900.317644	W	0.013762
01418886362980	73900.331405	S	3.012238
01418944197944	73903.343643	W	0.021190
01418944604792	73903.364833	S	0.960338
01418963043280	73904.325171	W	0.030254
01418963624156	73904.355425	S	0.585038
01418974856880	73904.940463	W	0.025868
01418975353540	73904.966330	S	0.628239
01418987415728	73905.594569	W	0.015474
01418987712820	73905.610043	S	0.329104
01418994031608	73905.939146	W	0.087245
01418995706704	73906.026391	S	0.040488
01418996484064	73906.066878	W	0.120654
01418998800628	73906.187533	S	0.001947
01418998838004	73906.189479	W	0.062671
01419000041288	73906.252150	S	0.115613
01419002261052	73906.367763	W	0.013884
01419002527628	73906.381647	S	0.001432
01419002555132	73906.383080	W	0.013395
01419002812308	73906.396474	S	0.477870
01419011987416	73906.874345	W	0.015636
01419012287624	73906.889980	S	2.521870
01419060707528	73909.411850	W	0.013099
01419060959020	73909.424949	S	1.527120
01419090279732	73910.952069	W	0.253350
01419095144044	73911.205419	S	0.001630
01419095175336	73911.207049	W	0.063431
01419096393208	73911.270480	S	0.121298
01419098722120	73911.391777	W	0.086491
01419100382756	73911.478269	S	0.516095
01419110291772	73911.994363	W	0.015487
01419110589116	73912.009850	S	0.422378
01419118698768	73912.432228	W	0.013816
01419118964032	73912.446043	S	1.007631
01419138310552	73913.453675	W	0.142962
01419141055424	73913.596637	S	0.016690
01419141375880	73913.613327	W	0.062009
01419142566444	73913.675336	S	0.500799
01419152181788	73914.176135	W	0.219472
01419156395660	73914.395607	S	0.016530
01419156713028	73914.412137	W	0.069179
01419158041272	73914.481316	S	0.003265
01419158103964	73914.484581	W	0.098919
01419160003212	73914.583501	S	0.084885
01419161633008	73914.668386	W	0.178462
01419165059488	73914.846848	S	0.016631
01419165378804	73914.863479	W	0.130052
01419167875800	73914.993531	S	0.015063
01419168165016	73915.008595	W	0.156713
01419171173904	73915.165308	S	0.016695
01419171494452	73915.182003	W	0.185555
01419175057100	73915.367557	S	0.016820
01419175380040	73915.384377	W	0.184988
01419178931812	73915.569365	S	0.016764
01419179253672	73915.586129	W	0.093287
01419181044776	73915.679415	S	0.016848
01419181368252	73915.696263	W	0.164520
01419184527028	73915.860783	S	0.016610
01419184845936	73915.877392	W	0.087043
01419186517156	73915.964435	S	0.016727
01419186838308	73915.981162	W	0.094257
01419188648052	73916.075419	S	0.016589
01419188966560	73916.092008	W	0.065219
01419190218764	73916.157227	S	0.047250
01419191125972	73916.204478	W	0.084250
01419192743580	73916.288728	S	0.016446
01419193059340	73916.305174	W	0.121975
01419195401264	73916.427149	S	0.001441
01419195428932	73916.428590	W	0.365684
01419202450064	73916.794274	S	0.016834
01419202773280	73916.811108	W	0.303447
01419208599460	73917.114555	S	0.016211
01419208910712	73917.130766	W	0.145659
01419211707356	73917.276425	S	0.016397
01419212022180	73917.292822	W	0.087705
01419213706124	73917.380527	S	0.016437
01419214021712	73917.396964	W	0.062053
01419215213124	73917.459017	S	0.179075
01419218651360	73917.638092	W	0.159169
01419221707412	73917.797261	S	0.016699
01419222028040	73917.813960	W	0.062176
01419223221824	73917.876137	S	0.069157
01419224549648	73917.945294	W	0.083686
01419226156416	73918.028980	S	0.016481
01419226472856	73918.045461	W	0.058889
01419227603520	73918.104350	S	0.016768
01419227925456	73918.121118	W	0.062389
01419229123320	73918.183506	S	0.016741
01419229444752	73918.200248	W	0.078088
01419230944044	73918.278336	S	0.176231
01419234327688	73918.454567	W	0.012030
01419234558668	73918.466597	S	0.490650
01419243979156	73918.957248	W	0.013786
01419244243856	73918.971034	S	0.612718
01419256008032	73919.583752	W	0.084118
01419257623092	73919.667869	S	0.295811
01419263302660	73919.963680	W	0.021992
01419263724908	73919.985672	S	0.988569
01419282705440	73920.974242	W	0.014571
01419282985204	73920.988813	S	0.476345
01419292131036	73921.465158	W	0.013943
01419292398736	73921.479101	S	0.506556
01419302124612	73921.985657	W	0.021226
01419302532152	73922.006883	S	0.992236
01419321583084	73922.999119	W	0.021879
01419322003160	73923.020998	S	0.251613
01419326834132	73923.272611	W	0.120507
01419329147868	73923.393118	S	0.016172
01419329458376	73923.409290	W	0.083834
01419331067992	73923.493125	S	0.083250
01419332666384	73923.576374	W	0.172956
01419335987144	73923.749330	S	0.135235
01419338583648	73923.884565	W	0.120681
01419340900724	73924.005246	S	0.006142
01419341018644	73924.011388	W	0.013761
01419341282864	73924.025149	S	0.166601
01419344481604	73924.191750	W	0.120946
01419346803772	73924.312696	S	0.001611
01419346834704	73924.314307	W	0.063522
01419348054328	73924.377830	S	0.116040
01419350282296	73924.493870	W	0.131481
01419352806732	73924.625351	S	0.015921
01419353112420	73924.641272	W	0.081091
01419354669368	73924.722363	S	0.185316
01419358227428	73924.907679	W	0.085128
01419359861892	73924.992807	S	0.016714
01419360182804	73925.009521	W	0.062744
01419361387480	73925.072265	S	0.725096
01419375309316	73925.797360	W	0.015452
01419375605988	73925.812812	S	0.218313
01419379797592	73926.031125	W	0.012561
01419380038768	73926.043686	S	0.731976
01419394092704	73926.775662	W	0.097075
01419395956536	73926.872736	S	0.166904
01419399161096	73927.039640	W	0.014458
01419399438684	73927.054098	S	0.004411
01419399523384	73927.058510	W	0.084838
01419401152268	73927.143347	S	0.259444
01419406133588	73927.402791	W	0.015300
01419406427348	73927.418091	S	0.097771
01419408304560	73927.515863	W	0.022230
01419408731380	73927.538093	S	0.053469
01419409757992	73927.591562	W	0.014329
01419410033116	73927.605891	S	0.441840
01419418516436	73928.047731	W	0.014414
01419418793184	73928.062145	S	0.995231
01419437901616	73929.057376	W	0.014440
01419438178872	73929.071816	S	0.994129
01419457266152	73930.065945	W	0.014439
01419457543380	73930.080384	S	0.457010
01419466317972	73930.537394	W	0.011893
01419466546320	73930.549288	S	0.523381
01419476595232	73931.072668	W	0.022338
01419477024128	73931.095007	S	0.991233
01419496055808	73932.086240	W	0.021408
01419496466836	73932.107648	S	0.000834
01419496482852	73932.108482	W	0.015208
01419496774840	73932.123690	S	0.974976
01419515494388	73933.098666	W	0.011871
01419515722316	73933.110537	S	0.450399
01419524369972	73933.560936	W	0.023066
01419524812836	73933.584002	S	0.334781
01419531240640	73933.918783	W	0.085798
01419532887960	73934.004581	S	0.099676
01419534801744	73934.104258	W	0.014801
01419535085916	73934.119058	S	0.137569
01419537727244	73934.256627	W	0.015389
01419538022704	73934.272016	S	0.840408
01419554158536	73935.112424	W	0.014457
01419554436104	73935.126880	S	0.047414
01419555346460	73935.174295	W	0.101523
01419557295692	73935.275817	S	0.076462
01419558763764	73935.352279	W	0.085313
01419560401768	73935.437592	S	0.252464
01419565249080	73935.690056	W	0.015292
01419565542688	73935.705348	S	0.415696
01419573524052	73936.121044	W	0.014442
01419573801336	73936.135486	S	0.254486
01419578687464	73936.389972	W	0.107707
01419580755440	73936.497679	S	0.085839
01419582403552	73936.583518	W	0.014336
01419582678800	73936.597854	S	0.133266
01419585237500	73936.731120	W	0.015422
01419585533608	73936.746542	S	0.381645
01419592861184	73937.128187	W	0.014580
01419593141116	73937.142766	S	0.993346
01419612213352	73938.136112	W	0.014680
01419612495204	73938.150792	S	0.255451
01419617399860	73938.406243	W	0.086586
01419619062304	73938.492828	S	0.257227
01419624001072	73938.750056	W	0.015249
01419624293860	73938.765305	S	0.381704
01419631622580	73939.147009	W	0.021904
01419632043128	73939.168913	S	0.430496
01419640308652	73939.599409	W	0.022431
01419640739324	73939.621840	S	0.537270
01419651054908	73940.159110	W	0.023018
01419651496856	73940.182128	S	0.209569
01419655520580	73940.391697	W	0.099613
01419657433148	73940.491310	S	0.241789
01419662075504	73940.733099	W	0.015304
01419662369348	73940.748404	S	0.423378
01419670498208	73941.171782	W	0.014790
01419670782180	73941.186572	S	0.995109
01419689888264	73942.181680	W	0.013766
01419690152568	73942.195446	S	0.243413
01419694826100	73942.438859	W	0.108885
01419696916696	73942.547745	S	0.076305
01419698381760	73942.624050	W	0.013723
01419698645236	73942.637773	S	0.551271
01419709229640	73943.189044	W	0.022515
01419709661928	73943.211559	S	0.991907
01419728706536	73944.203465	W	0.021479
01419729118940	73944.224945	S	0.990557
01419748137644	73945.215502	W	0.013590
01419748398576	73945.229092	S	0.420510
01419756472368	73945.649602	W	0.013705
01419756735504	73945.663307	S	0.562952
01419767544192	73946.226260	W	0.013622
01419767805740	73946.239882	S	0.991833
01419786848924	73947.231715	W	0.085405
01419788488692	73947.317119	S	0.517088
01419798416776	73947.834207	W	0.015455
01419798713504	73947.849662	S	0.394814
01419806293936	73948.244476	W	0.013675
01419806556504	73948.258151	S	0.413715
01419814499840	73948.671867	W	0.013735
01419814763548	73948.685601	S	0.566890
01419825647844	73949.252492	W	0.013788
01419825912568	73949.266280	S	0.998372
01419845081320	73950.264652	W	0.013919
01419845348560	73950.278571	S	0.998485
01419864519468	73951.277056	W	0.021876
01419864939480	73951.298931	S	0.132373
01419867481044	73951.431304	W	0.018950
01419867844892	73951.450255	S	0.242557
01419872501984	73951.692812	W	0.022003
01419872924444	73951.714815	S	0.228835
01419877318072	73951.943650	W	0.018144
01419877666428	73951.961793	S	0.287630
01419883188916	73952.249423	W	0.123973
01419885569200	73952.373396	S	0.015925
01419885874960	73952.389321	W	0.108471
01419887957600	73952.497792	S	0.016083
01419888266388	73952.513874	W	0.062970
01419889475408	73952.576844	S	0.391169
01419896985852	73952.968013	W	0.015281
01419897279256	73952.983295	S	0.311256
01419903255368	73953.294550	W	0.014055
01419903525232	73953.308606	S	0.995197
01419922633016	73954.303803	W	0.013658
01419922895248	73954.317461	S	0.001524
01419922924512	73954.318985	W	0.013789
01419923189256	73954.332774	S	0.384904
01419930579408	73954.717677	W	0.022535
01419931012076	73954.740212	S	0.580591
01419942159432	73955.320804	W	0.020140
01419942546124	73955.340944	S	0.991891
01419961590436	73956.332835	W	0.013881
01419961856952	73956.346716	S	0.998018
01419981018896	73957.344734	W	0.022871
01419981458012	73957.367605	S	0.377972
01419988715076	73957.745577	W	0.013885
01419988981668	73957.759462	S	0.595150
01420000408540	73958.354611	W	0.013752
01420000672576	73958.368363	S	0.995058
01420019777696	73959.363422	W	0.014840
01420020062624	73959.378262	S	0.995144
01420039169388	73960.373406	W	0.021949
01420039590804	73960.395354	S	0.375257
01420046795736	73960.770611	W	0.013762
01420047059968	73960.784373	S	0.601971
01420058617804	73961.386344	W	0.013979
01420058886208	73961.400323	S	0.998377
01420078055048	73962.398700	W	0.013855
01420078321060	73962.412555	S	1.382255
01420104860364	73963.794811	W	0.013847
01420105126224	73963.808658	S	0.421789
01420113224564	73964.230446	W	0.013121
01420113476496	73964.243568	S	0.293264
01420119107164	73964.536831	W	0.012479
01420119346764	73964.549311	S	2.271251
01420162954792	73966.820562	W	0.022507
01420163386924	73966.843069	S	3.003656
01420221057128	73969.846725	W	0.014087
01420221327600	73969.860813	S	3.008298
01420279086920	73972.869110	W	0.021979
01420279508916	73972.891089	S	3.001046
01420337129004	73975.892136	W	0.013725
01420337392516	73975.905860	S	3.007724
01420395140812	73978.913584	W	0.022535
01420395573484	73978.936119	S	2.599904
01420445491644	73981.536023	W	0.012985
01420445740960	73981.549008	S	0.388580
01420453201692	73981.937588	W	0.013843
01420453467476	73981.951431	S	0.301485
01420459255996	73982.252916	W	0.013235
01420459510108	73982.266151	S	0.287583
01420465031692	73982.553734	W	0.037785
01420465757164	73982.591519	S	0.480522
01420474983184	73983.072041	W	0.023558
01420475435492	73983.095599	S	0.027439
01420475962316	73983.123037	W	0.087209
01420477636724	73983.210246	S	0.066320
01420478910060	73983.276566	W	0.085104
01420480544056	73983.361670	S	0.312234
01420486538944	73983.673903	W	0.015356
01420486833776	73983.689259	S	0.304613
01420492682348	73983.993872	W	0.013410
01420492939816	73984.007282	S	0.088548
01420494639940	73984.095830	W	0.084803
01420496268152	73984.180633	S	0.773606
01420511121396	73984.954239	W	0.022722
01420511557664	73984.976962	S	2.999227
01420569142832	73987.976189	W	0.013915
01420569410004	73987.990104	S	0.272702
01420574645880	73988.262806	W	0.311415
01420580625052	73988.574221	S	0.456805
01420589395708	73989.031026	W	0.013872
01420589662060	73989.044899	S	1.944592
01420626998228	73990.989491	W	0.013915
01420627265388	73991.003406	S	2.104037
01420667662892	73993.107442	W	0.013211
01420667916552	73993.120654	S	0.007242
01420668055608	73993.127896	W	0.013601
01420668316752	73993.141497	S	0.241441
01420672952420	73993.382939	W	0.089024
01420674661672	73993.471962	S	0.044693
01420675519772	73993.516655	W	0.085816
01420677167444	73993.602471	S	0.311796
01420683153924	73993.914267	W	0.015555
01420683452580	73993.929822	S	0.081815
01420685023436	73994.011637	W	0.014183
01420685295756	73994.025821	S	3.000170
01420742899016	73997.025990	W	0.013874
01420743165404	73997.039865	S	3.004489
01420800851588	74000.044354	W	0.013734
01420801115272	74000.058087	S	3.004991
01420858811092	74003.063078	W	0.013836
01420859076752	74003.076914	S	3.014536
01420916955848	74006.091450	W	0.013803
01420917220860	74006.105253	S	3.011533
01420975042288	74009.116786	W	0.021028
01420975446028	74009.137814	S	3.005116
01421033144252	74012.142930	W	0.013812
01421033409444	74012.156742	S	3.011986
01421091239568	74015.168728	W	0.013708
01421091502760	74015.182435	S	3.007568
01421149248064	74018.190003	W	0.014013
01421149517104	74018.204016	S	3.010673
01421207322020	74021.214689	W	0.014549
01421207601364	74021.229238	S	0.446905
01421216181948	74021.676143	W	0.012193
01421216416048	74021.688336	S	0.090217
01421218148220	74021.778553	W	0.012433
01421218386940	74021.790986	S	1.787231
01421252701776	74023.578218	W	0.062367
01421253899216	74023.640584	S	0.281529
01421259304580	74023.922114	W	0.015568
01421259603488	74023.937682	S	0.300192
01421265367168	74024.237873	W	0.014435
01421265644328	74024.252309	S	1.213803
01421288949352	74025.466112	W	0.017012
01421289275976	74025.483124	S	0.495116
01421298782200	74025.978240	W	0.012814
01421299028224	74025.991053	S	0.092155
01421300797596	74026.083208	W	0.014147
01421301069224	74026.097355	S	1.161985
01421323379340	74027.259341	W	0.014503
01421323657792	74027.273843	S	3.009252
01421381435436	74030.283096	W	0.013770
01421381699824	74030.296866	S	3.011151
01421439513932	74033.308017	W	0.013638
01421439775780	74033.321655	S	3.010498
01421497577344	74036.332153	W	0.013673
01421497839868	74036.345826	S	0.281759
01421503249632	74036.627585	W	0.021418
01421503660856	74036.649003	S	2.705059
01421555597988	74039.354062	W	0.013556
01421555858268	74039.367618	S	1.355558
01421581884976	74040.723176	W	0.087396
01421583562984	74040.810572	S	0.015136
01421583853604	74040.825709	W	0.013179
01421584106640	74040.838887	S	0.191484
01421587783140	74041.030372	W	0.036376
01421588481568	74041.066748	S	0.301775
01421594275656	74041.368524	W	0.015504
01421594573328	74041.384027	S	0.465531
01421603511520	74041.849558	W	0.084938
01421605142328	74041.934496	S	0.435536
01421613504620	74042.370032	W	0.013905
01421613771596	74042.383937	S	3.004705
01421671461932	74045.388642	W	0.013781
01421671726528	74045.402423	S	1.771952
01421705748008	74047.174375	W	0.084928
01421707378616	74047.259303	S	0.414596
01421715338856	74047.673899	W	0.015595
01421715638280	74047.689494	S	0.715247
01421729371020	74048.404741	W	0.022372
01421729800556	74048.427112	S	0.106825
01421731851604	74048.533938	W	0.092646
01421733630416	74048.626584	S	0.186193
01421737205324	74048.812777	W	0.085783
01421738852352	74048.898560	S	1.334603
01421764476728	74050.233163	W	0.015298
01421764770444	74050.248461	S	0.221629
01421769025728	74050.470090	W	0.014703
01421769308020	74050.484793	S	0.942063
01421787395636	74051.426856	W	0.013227
01421787649600	74051.440083	S	2.103074
01421828028624	74053.543157	W	0.237089
01421832580740	74053.780247	S	0.016144
01421832890712	74053.796391	W	0.063005
01421834100412	74053.859396	S	0.279224
01421839461512	74054.138620	W	0.015307
01421839755416	74054.153928	S	0.288994
01421845304092	74054.442921	W	0.012032
01421845535100	74054.454953	S	2.959585
01421902359132	74057.414538	W	0.013349
01421902615440	74057.427888	S	0.040061
01421903384616	74057.467949	W	0.014014
01421903653688	74057.481963	S	0.650247
01421916138440	74058.132210	W	0.014753
01421916421696	74058.146963	S	0.291896
01421922026100	74058.438859	W	0.013228
01421922280080	74058.452088	S	0.089408
01421923996712	74058.541495	W	0.013148
01421924249160	74058.554644	S	0.108829
01421926338680	74058.663473	W	0.109066
01421928432740	74058.772539	S	0.075471
01421929881776	74058.848009	W	0.086700
01421931546408	74058.934709	S	0.119253
01421933836072	74059.053962	W	0.013336
01421934092132	74059.067299	S	0.089118
01421935803192	74059.156416	W	0.012895
01421936050784	74059.169312	S	0.023781
01421936507380	74059.193093	W	0.015468
01421936804356	74059.208560	S	0.151691
01421939716832	74059.360252	W	0.013419
01421939974476	74059.373671	S	0.090200
01421941706320	74059.463871	W	0.013306
01421941961800	74059.477177	S	0.498312
01421951529400	74059.975490	W	0.013476
01421951788148	74059.988966	S	0.293096
01421957415588	74060.282062	W	0.013351
01421957671924	74060.295413	S	0.089412
01421959388640	74060.384825	W	0.012593
01421959630428	74060.397418	S	0.102363
01421961595800	74060.499781	W	0.014630
01421961876696	74060.514411	S	0.382683
01421969224216	74060.897095	W	0.013221
01421969478060	74060.910316	S	0.293164
01421975106808	74061.203480	W	0.013484
01421975365708	74061.216964	S	0.088937
01421977073296	74061.305901	W	0.013165
01421977326072	74061.319066	S	0.397278
01421984953816	74061.716345	W	0.012247
01421985188964	74061.728592	S	0.294014
01421990834040	74062.022606	W	0.013256
01421991088564	74062.035863	S	0.090078
01421992818056	74062.125940	W	0.013121
01421993069976	74062.139061	S	0.499158
01422002653816	74062.638220	W	0.018482
01422003008676	74062.656702	S	0.082799
01422004598412	74062.739501	W	0.013393
01422004855560	74062.752894	S	0.397454
01422012486684	74063.150348	W	0.017784
01422012828136	74063.168132	S	0.357507
01422019692264	74063.525639	W	0.013910
01422019959332	74063.539549	S	0.019146
01422020326940	74063.558695	W	0.013199
01422020580364	74063.571894	S	2.750685
01422073393516	74066.322579	W	0.012673
01422073636844	74066.335252	S	0.212813
01422077722860	74066.548066	W	0.014504
01422078001344	74066.562570	S	3.009785
01422135789220	74069.572355	W	0.014373
01422136065188	74069.586729	S	0.012582
01422136306760	74069.599310	W	0.012576
01422136548224	74069.611887	S	2.984524
01422193851076	74072.596410	W	0.013702
01422194114156	74072.610112	S	0.062163
01422195307676	74072.672275	W	0.013209
01422195561284	74072.685484	S	2.937857
01422251968148	74075.623341	W	0.014239
01422252241544	74075.637580	S	2.052405
01422291647716	74077.689985	W	0.013334
01422291903720	74077.703319	S	0.946038
01422310067644	74078.649356	W	0.022062
01422310491240	74078.671419	S	1.681044
01422342767284	74080.352463	W	0.013409
01422343024740	74080.365872	S	1.310856
01422368193176	74081.676728	W	0.022396
01422368623188	74081.699124	S	3.004414
01422426307936	74084.703538	W	0.013218
01422426561720	74084.716756	S	3.015126
01422484452136	74087.731882	W	0.013057
01422484702836	74087.744939	S	1.166227
01422507094392	74088.911166	W	0.061066
01422508266860	74088.972232	S	0.941344
01422526340660	74089.913576	W	0.015558
01422526639380	74089.929134	S	0.820912
01422542400888	74090.750046	W	0.013862
01422542667044	74090.763909	S	3.000677
01422600280040	74093.764585	W	0.012020
01422600510832	74093.776606	S	3.009239
01422658288228	74096.785845	W	0.013747
01422658552180	74096.799593	S	3.003821
01422716225548	74099.803414	W	0.023066
01422716668416	74099.826480	S	0.801823
01422732063412	74100.628303	W	0.013411
01422732320904	74100.641714	S	2.182069
01422774216636	74102.823783	W	0.014686
01422774498608	74102.838469	S	3.002241
01422832141640	74105.840710	W	0.013732
01422832405292	74105.854442	S	0.711623
01422846068452	74106.566065	W	0.022884
01422846507816	74106.588949	S	2.277980
01422890245040	74108.866929	W	0.013633
01422890506800	74108.880562	S	3.006532
01422948232212	74111.887094	W	0.020510
01422948626000	74111.907604	S	0.000868
01422948642660	74111.908472	W	0.015403
01422948938396	74111.923875	S	0.329014
01422955255468	74112.252889	W	0.014403
01422955532000	74112.267292	S	2.643444
01423006286132	74114.910736	W	0.014212
01423006558996	74114.924948	S	3.009998
01423064350956	74117.934946	W	0.014396
01423064627364	74117.949342	S	0.803350
01423080051688	74118.752692	W	0.018546
01423080407780	74118.771239	S	0.153916
01423083362968	74118.925155	W	0.057489
01423084466760	74118.982644	S	0.282078
01423089882660	74119.264722	W	0.018040
01423090229032	74119.282762	S	1.681064
01423122505468	74120.963826	W	0.013748
01423122769424	74120.977574	S	3.010041
01423180562212	74123.987615	W	0.013835
01423180827852	74124.001451	S	3.011321
01423238645220	74127.012772	W	0.013294
01423238900460	74127.026066	S	3.008700
01423296667508	74130.034766	W	0.013645
01423296929500	74130.048411	S	3.006864
01423354661288	74133.055275	W	0.013858
01423354927360	74133.069133	S	3.009423
01423412708280	74136.078556	W	0.013773
01423412972716	74136.092329	S	3.010367
01423470771764	74139.102696	W	0.013737
01423471035524	74139.116434	S	3.006796
01423528766000	74142.123229	W	0.013960
01423529034036	74142.137189	S	3.001757
01423586667768	74145.138946	W	0.022073
01423587091564	74145.161019	S	3.005085
01423644789196	74148.166104	W	0.013774
01423645053660	74148.179878	S	0.758866
01423659623892	74148.938744	W	0.039822
01423660388480	74148.978567	S	1.094741
01423681407508	74150.073308	W	0.015601
01423681707052	74150.088909	S	1.096756
01423702764768	74151.185665	W	0.013654
01423703026924	74151.199319	S	3.009685
01423760812876	74154.209004	W	0.013726
01423761076424	74154.222730	S	1.393866
01423787838648	74155.616596	W	0.013318
01423788094356	74155.629914	S	0.007288
01423788234288	74155.637203	W	0.013762
01423788498524	74155.650965	S	0.685708
01423801664124	74156.336673	W	0.088008
01423803353884	74156.424681	S	0.215559
01423807492624	74156.640241	W	0.125194
01423809896340	74156.765434	S	0.016128
01423810206004	74156.781563	W	0.090351
01423811940752	74156.871914	S	0.350125
01423818663156	74157.222039	W	0.013774
01423818927620	74157.235814	S	3.019886
01423876909432	74160.255700	W	0.014267
01423877183364	74160.269967	S	1.305580
01423902250508	74161.575547	W	0.236546
01423906792184	74161.812093	S	0.016166
01423907102572	74161.828259	W	0.087842
01423908789136	74161.916101	S	0.254201
01423913669792	74162.170302	W	0.015476
01423913966932	74162.185778	S	1.093202
01423934956404	74163.278979	W	0.014756
01423935239728	74163.293736	S	3.007650
01423992986608	74166.301386	W	0.014474
01423993264516	74166.315860	S	0.563421
01424004082192	74166.879281	W	0.085339
01424005720704	74166.964620	S	0.253524
01424010588364	74167.218144	W	0.015426
01424010884540	74167.233570	S	2.094373
01424051096508	74169.327943	W	0.013632
01424051358240	74169.341575	S	0.303876
01424057192652	74169.645451	W	0.013244
01424057446936	74169.658695	S	0.088999
01424059155724	74169.747694	W	0.013115
01424059407532	74169.760809	S	1.932466
01424096510884	74171.693275	W	0.013338
01424096766980	74171.706614	S	0.649184
01424109231316	74172.355798	W	0.013787
01424109496024	74172.369585	S	0.983241
01424128374256	74173.352826	W	0.013659
01424128636508	74173.366485	S	1.398961
01424155496564	74174.765446	W	0.023510
01424155947948	74174.788956	S	0.595751
01424167386364	74175.384706	W	0.013851
01424167652312	74175.398558	S	0.390198
01424175144120	74175.788756	W	0.012644
01424175386884	74175.801400	S	0.295025
01424181051356	74176.096425	W	0.013070
01424181302292	74176.109494	S	0.499740
01424190897296	74176.609234	W	0.013422
01424191154992	74176.622656	S	0.394513
01424198729636	74177.017169	W	0.012839
01424198976144	74177.030007	S	1.379129
01424225455416	74178.409136	W	0.013713
01424225718696	74178.422849	S	1.710977
01424258569452	74180.133826	W	0.013677
01424258832048	74180.147502	S	1.284423
01424283492960	74181.431925	W	0.013822
01424283758340	74181.445747	S	3.005493
01424341463800	74184.451240	W	0.013821
01424341729172	74184.465061	S	0.747226
01424356075908	74185.212287	W	0.013721
01424356339352	74185.226008	S	0.190546
01424359997832	74185.416554	W	0.013482
01424360256696	74185.430036	S	0.497109
01424369801184	74185.927145	W	0.019157
01424370169004	74185.946302	S	1.528330
01424399512948	74187.474633	W	0.013902
01424399779864	74187.488535	S	0.486565
01424409121916	74187.975100	W	0.022328
01424409550608	74187.997427	S	2.498594
01424457523620	74190.496022	W	0.022514
01424457955884	74190.518536	S	2.998626
01424515529504	74193.517162	W	0.013231
01424515783532	74193.530392	S	3.010910
01424573592996	74196.541302	W	0.013101
01424573844540	74196.554403	S	0.226838
01424578199824	74196.781241	W	0.013245
01424578454132	74196.794486	S	0.147229
01424581280920	74196.941715	W	0.070461
01424582633780	74197.012176	S	0.420470
01424590706812	74197.432646	W	0.015388
01424591002268	74197.448035	S	2.112420
01424631560740	74199.560455	W	0.013744
01424631824620	74199.574199	S	3.011825
01424689651664	74202.586024	W	0.014570
01424689931404	74202.600594	S	3.006840
01424747662724	74205.607434	W	0.013701
01424747925780	74205.621134	S	3.012279
01424805761544	74208.633414	W	0.022859
01424806200436	74208.656273	S	0.039324
01424806955452	74208.695596	W	0.087059
01424808626984	74208.782655	S	0.081725
01424810196108	74208.864381	W	0.120028
01424812500648	74208.984409	S	0.186221
01424816076096	74209.170630	W	0.090338
01424817810576	74209.260967	S	0.216861
01424821974300	74209.477828	W	0.121620
01424824309400	74209.599448	S	0.016165
01424824619768	74209.615613	W	0.086266
01424826276080	74209.701879	S	0.083151
01424827872580	74209.785030	W	0.090493
01424829610044	74209.875523	S	0.016059
01424829918368	74209.891582	W	0.062081
01424831110320	74209.953663	S	0.138492
01424833769368	74210.092155	W	0.120810
01424836088928	74210.212965	S	0.015330
01424836383264	74210.228295	W	0.086986
01424838053396	74210.315281	S	0.254850
01424842946520	74210.570131	W	0.015167
01424843237728	74210.585298	S	1.073995
01424863858428	74211.659293	W	0.014434
01424864135568	74211.673728	S	2.126118
01424904957040	74213.799846	W	0.099527
01424906867952	74213.899373	S	0.083996
01424908480680	74213.983369	W	0.084359
01424910100368	74214.067728	S	0.253474
01424914967064	74214.321201	W	0.015356
01424915261892	74214.336557	S	0.340285
01424921795368	74214.676842	W	0.014596
01424922075616	74214.691438	S	1.811991
01424956865852	74216.503430	W	0.088072
01424958556844	74216.591502	S	0.054282
01424959599052	74216.645784	W	0.083995
01424961211752	74216.729779	S	0.075335
01424962658188	74216.805114	W	0.124784
01424965054032	74216.929897	S	0.015645
01424965354420	74216.945543	W	0.064718
01424966597008	74217.010261	S	0.694360
01424979928724	74217.704621	W	0.013458
01424980187112	74217.718079	S	1.386481
01425006807540	74219.104559	W	0.157961
01425009840392	74219.262520	S	1.210763
01425033087048	74220.473284	W	0.015536
01425033385348	74220.488820	S	0.244580
01425038081280	74220.733400	W	0.013652
01425038343408	74220.747052	S	1.120947
01425059865592	74221.868000	W	0.129260
01425062347392	74221.997260	S	1.035322
01425082225568	74223.032582	W	0.015622
01425082525516	74223.048204	S	0.712620
01425096207828	74223.760824	W	0.021687
01425096624228	74223.782512	S	3.007787
01425154373740	74226.790299	W	0.013150
01425154626224	74226.803449	S	3.011311
01425212443400	74229.814760	W	0.013724
01425212706908	74229.828485	S	3.009842
01425270495884	74232.838327	W	0.013867
01425270762124	74232.852194	S	1.940480
01425308019332	74234.792674	W	0.013672
01425308281836	74234.806346	S	1.056408
01425328564868	74235.862754	W	0.014628
01425328845728	74235.877382	S	3.007765
01425386594816	74238.885147	W	0.013811
01425386859980	74238.898957	S	2.734303
01425439358604	74241.633261	W	0.025282
01425439844020	74241.658543	S	0.249401
01425444632512	74241.907943	W	0.013803
01425444897524	74241.921746	S	0.120516
01425447211432	74242.042262	W	0.013378
01425447468284	74242.055640	S	0.397146
01425455093488	74242.452786	W	0.013227
01425455347456	74242.466013	S	0.190963
01425459013936	74242.656976	W	0.013746
01425459277856	74242.670722	S	0.190720
01425462939680	74242.861442	W	0.013161
01425463192372	74242.874603	S	0.601470
01425474740600	74243.476073	W	0.012849
01425474987300	74243.488922	S	0.090339
01425476721816	74243.579261	W	0.023166
01425477166600	74243.602427	S	0.385438
01425484567004	74243.987865	W	0.013319
01425484822720	74244.001183	S	0.805049
01425500279668	74244.806233	W	0.012719
01425500523868	74244.818951	S	0.090465
01425502260788	74244.909416	W	0.013129
01425502512872	74244.922545	S	0.010439
01425502713308	74244.932985	W	0.013714
01425502976616	74244.946699	S	0.884335
01425519955852	74245.831034	W	0.013520
01425520215428	74245.844554	S	0.908292
01425537654644	74246.752846	W	0.013273
01425537909480	74246.766119	S	1.193341
01425560821636	74247.959460	W	0.013730
01425561085260	74247.973191	S	1.646857
01425592704912	74249.620047	W	0.013467
01425592963476	74249.633514	S	1.348782
01425618860088	74250.982296	W	0.013776
01425619124588	74250.996072	S	0.945828
01425637284480	74251.941900	W	0.052094
01425638284692	74251.993994	S	0.478805
01425647477756	74252.472800	W	0.015440
01425647774208	74252.488240	S	0.203568
01425651682720	74252.691808	W	0.013385
01425651939716	74252.705194	S	0.499547
01425661531024	74253.204741	W	0.013290
01425661786192	74253.218031	S	0.498133
01425671350352	74253.716164	W	0.012511
01425671590568	74253.728675	S	0.270499
01425676784156	74253.999175	W	0.013774
01425677048620	74254.012949	S	0.113371
01425679225344	74254.126320	W	0.013231
01425679479388	74254.139551	S	0.294453
01425685132892	74254.434005	W	0.019648
01425685510132	74254.453653	S	0.081824
01425687081156	74254.535477	W	0.013183
01425687334272	74254.548660	S	0.397632
01425694968812	74254.946292	W	0.017870
01425695311916	74254.964162	S	2.058219
01425734829716	74257.022381	W	0.013050
01425735080272	74257.035431	S	3.007112
01425792816820	74260.042543	W	0.014662
01425793098336	74260.057205	S	3.010734
01425850904428	74263.067939	W	0.014232
01425851177684	74263.082171	S	3.013678
01425909040292	74266.095849	W	0.013690
01425909303132	74266.109538	S	0.100895
01425911240312	74266.210433	W	0.013141
01425911492612	74266.223574	S	0.394677
01425919070408	74266.618250	W	0.013221
01425919324260	74266.631472	S	2.483590
01425967009192	74269.115062	W	0.014839
01425967294104	74269.129901	S	3.005487
01426024999452	74272.135388	W	0.013846
01426025265304	74272.149235	S	1.534759
01426054732668	74273.683993	W	0.013185
01426054985824	74273.697178	S	1.463136
01426083078040	74275.160315	W	0.013865
01426083344252	74275.174180	S	1.377129
01426109785136	74276.551309	W	0.013482
01426110044000	74276.564792	S	0.006870
01426110175896	74276.571661	W	0.013803
01426110440908	74276.585464	S	0.705201
01426123980764	74277.290665	W	0.105666
01426126009560	74277.396331	S	0.076136
01426127471372	74277.472467	W	0.084897
01426129101400	74277.557365	S	0.515624
01426139001376	74278.072988	W	0.015428
01426139297584	74278.088416	S	0.092739
01426141078172	74278.181155	W	0.022267
01426141505700	74278.203422	S	3.006288
01426199226428	74281.209710	W	0.013876
01426199492856	74281.223586	S	1.183761
01426222221076	74282.407348	W	0.236747
01426226766624	74282.644095	S	0.016082
01426227075408	74282.660178	W	0.063694
01426228298340	74282.723872	S	0.469152
01426237306064	74283.193024	W	0.015535
01426237604336	74283.208559	S	1.029112
01426257363292	74284.237671	W	0.021180
01426257769944	74284.258851	S	3.005554
01426315476572	74287.264405	W	0.013842
01426315742340	74287.278247	S	0.249218
01426320527332	74287.527465	W	0.109200
01426322623964	74287.636665	S	0.075836
01426324080020	74287.712501	W	0.087711
01426325764068	74287.800212	S	0.512820
01426335610212	74288.313032	W	0.015451
01426335906876	74288.328483	S	1.947180
01426373292736	74290.275663	W	0.013399
01426373550000	74290.289063	S	0.007512
01426373694228	74290.296574	W	0.021287
01426374102936	74290.317861	S	3.005586
01426431810184	74293.323447	W	0.013784
01426432074836	74293.337231	S	2.894817
01426487655320	74296.232048	W	0.013631
01426487917032	74296.245679	S	0.070149
01426489263888	74296.315828	W	0.013148
01426489516332	74296.328976	S	0.014812
01426489800732	74296.343788	W	0.013861
01426490066856	74296.357649	S	0.366276
01426497099356	74296.723925	W	0.013132
01426497351484	74296.737056	S	0.397532
01426504984104	74297.134589	W	0.013051
01426505234684	74297.147640	S	0.497902
01426514794404	74297.645542	W	0.013274
01426515049264	74297.658816	S	1.706180
01426547807916	74299.364996	W	0.013849
01426548073820	74299.378845	S	3.014555
01426605953280	74302.393400	W	0.014479
01426606231284	74302.407879	S	3.004261
01426663913104	74305.412141	W	0.014387
01426664189328	74305.426528	S	3.007494
01426721933204	74308.434021	W	0.014387
01426722209436	74308.448408	S	3.009264
01426779987296	74311.457672	W	0.013668
01426780249720	74311.471340	S	3.011477
01426838070088	74314.482817	W	0.013832
01426838335664	74314.496649	S	3.009700
01426896121904	74317.506349	W	0.013708
01426896385104	74317.520058	S	0.256111
01426901302444	74317.776169	W	0.059876
01426902452064	74317.836045	S	1.206085
01426925608892	74319.042130	W	0.013927
01426925876292	74319.056057	S	1.466338
01426954029984	74320.522395	W	0.013789
01426954294732	74320.536184	S	3.003748
01427011966692	74323.539932	W	0.013738
01427012230464	74323.553670	S	2.047970
01427051551480	74325.601640	W	0.013155
01427051804064	74325.614795	S	0.395631
01427059400180	74326.010426	W	0.013168
01427059653000	74326.023594	S	0.499714
01427069247500	74326.523307	W	0.013314
01427069503120	74326.536621	S	0.021845
01427069922544	74326.558466	W	0.013624
01427070184120	74326.572090	S	0.359925
01427077094680	74326.932015	W	0.013256
01427077349200	74326.945271	S	1.626281
01427108573788	74328.571551	W	0.018358
01427108926264	74328.589910	S	0.493870
01427118408568	74329.083780	W	0.018097
01427118756028	74329.101876	S	0.471046
01427127800116	74329.572923	W	0.020820
01427128199864	74329.593743	S	0.512505
01427138039964	74330.106248	W	0.128223
01427140501852	74330.234471	S	0.016010
01427140809240	74330.250481	W	0.079174
01427142329384	74330.329655	S	1.502319
01427171173916	74331.831975	W	0.015228
01427171466296	74331.847203	S	0.748895
01427185845080	74332.596098	W	0.013928
01427186112500	74332.610026	S	2.533492
01427234755548	74335.143518	W	0.237580
01427239317076	74335.381098	S	0.016149
01427239627136	74335.397247	W	0.063631
01427240848860	74335.460878	S	0.152920
01427243784920	74335.613798	W	0.021765
01427244202816	74335.635563	S	0.000652
01427244215336	74335.636215	W	0.012362
01427244452680	74335.648577	S	1.313490
01427269671688	74336.962067	W	0.013869
01427269937976	74336.975936	S	1.655498
01427301723532	74338.631434	W	0.013825
01427301988980	74338.645259	S	3.007458
01427359732172	74341.652717	W	0.013682
01427359994864	74341.666399	S	0.932841
01427377905416	74342.599240	W	0.013311
01427378160992	74342.612552	S	0.805839
01427393633092	74343.418390	W	0.013043
01427393883512	74343.431433	S	0.343320
01427400475248	74343.774753	W	0.087466
01427402154600	74343.862219	S	0.067981
01427403459844	74343.930200	W	0.085160
01427405094916	74344.015360	S	0.119896
01427407396920	74344.135256	W	0.013276
01427407651824	74344.148532	S	0.494101
01427417138568	74344.642634	W	0.013319
01427417394292	74344.655953	S	0.015918
01427417699908	74344.671870	W	0.014618
01427417980568	74344.686488	S	3.012955
01427475829308	74347.699443	W	0.023346
01427476277556	74347.722789	S	1.244328
01427500168656	74348.967117	W	0.100925
01427502106416	74349.068043	S	0.084557
01427503729904	74349.152599	W	0.084976
01427505361440	74349.237575	S	0.515166
01427515252632	74349.752741	W	0.015461
01427515549476	74349.768202	S	0.961620
01427534012576	74350.729822	W	0.014381
01427534288696	74350.744203	S	3.021783
01427592306932	74353.765986	W	0.014140
01427592578412	74353.780126	S	0.491637
01427602017848	74354.271763	W	0.156390
01427605020536	74354.428153	S	0.254973
01427609916020	74354.683126	W	0.015164
01427610207160	74354.698290	S	2.097942
01427650487648	74356.796232	W	0.014495
01427650765952	74356.810727	S	0.861160
01427667300224	74357.671887	W	0.014599
01427667580524	74357.686486	S	2.115748
01427708202884	74359.802234	W	0.290391
01427713778392	74360.092625	S	0.016052
01427714086584	74360.108676	W	0.063503
01427715305832	74360.172179	S	1.100503
01427736435496	74361.272682	W	0.015600
01427736735008	74361.288282	S	1.278318
01427761278708	74362.566599	W	0.012976
01427761527852	74362.579576	S	0.266997
01427766654196	74362.846573	W	0.013840
01427766919928	74362.860413	S	2.512660
01427815162992	74365.373073	W	0.013799
01427815427924	74365.386871	S	0.490245
01427824840628	74365.877116	W	0.021890
01427825260920	74365.899006	S	3.005992
01427882975964	74368.904998	W	0.013258
01427883230520	74368.918256	S	3.010632
01427941034648	74371.928888	W	0.013830
01427941300180	74371.942718	S	3.004801
01427998992356	74374.947519	W	0.013791
01427999257152	74374.961310	S	3.014293
01428057131584	74377.975603	W	0.013895
01428057398360	74377.989498	S	3.009226
01428115175492	74380.998724	W	0.011987
01428115405648	74381.010711	S	3.006113
01428173123016	74384.016824	W	0.013858
01428173389084	74384.030681	S	1.269213
01428197757968	74385.299894	W	0.026489
01428198266552	74385.326383	S	0.076055
01428199726808	74385.402438	W	0.013223
01428199980692	74385.415661	S	1.456258
01428227940852	74386.871919	W	0.015469
01428228237852	74386.887388	S	0.147130
01428231062740	74387.034518	W	0.022770
01428231499924	74387.057288	S	3.004135
01428289179324	74390.061423	W	0.013033
01428289429548	74390.074456	S	0.074089
01428290852048	74390.148544	W	0.037897
01428291579676	74390.186441	S	0.438233
01428299993740	74390.624674	W	0.034842
01428300662704	74390.659516	S	1.332342
01428326243676	74391.991858	W	0.015526
01428326541780	74392.007384	S	1.066261
01428347014000	74393.073646	W	0.013981
01428347282436	74393.087627	S	2.045351
01428386553180	74395.132978	W	0.013002
01428386802816	74395.145980	S	0.946284
01428404971460	74396.092264	W	0.013855
01428405237468	74396.106118	S	2.998787
01428462814180	74399.104905	W	0.014786
01428463098076	74399.119691	S	2.256129
01428506415752	74401.375820	W	0.025353
01428506902532	74401.401174	S	0.079424
01428508427464	74401.480597	W	0.012704
01428508671372	74401.493301	S	0.225186
01428512994948	74401.718487	W	0.015479
01428513292148	74401.733966	S	0.052126
01428514292968	74401.786092	W	0.012625
01428514535372	74401.798717	S	0.329275
01428520857452	74402.127992	W	0.014627
01428521138296	74402.142620	S	0.053494
01428522165384	74402.196114	W	0.014858
01428522450660	74402.210972	S	0.086495
01428524111364	74402.297467	W	0.024200
01428524576008	74402.321667	S	0.283246
01428530014324	74402.604913	W	0.020479
01428530407516	74402.625391	S	0.012760
01428530652504	74402.638151	W	0.015406
01428530948296	74402.653557	S	0.567063
01428541835912	74403.220620	W	0.012434
01428542074640	74403.233054	S	0.094604
01428543891040	74403.327658	W	0.012912
01428544138944	74403.340570	S	1.813180
01428578952008	74405.153750	W	0.014421
01428579228888	74405.168171	S	0.099283
01428581135124	74405.267454	W	0.012578
01428581376612	74405.280032	S	1.007291
01428600716604	74406.287323	W	0.085322
01428602354792	74406.372645	S	0.123027
01428604716904	74406.495672	W	0.084158
01428606332732	74406.579830	S	0.258338
01428611292824	74406.838168	W	0.015386
01428611588232	74406.853554	S	1.076254
01428632252312	74407.929808	W	0.013032
01428632502528	74407.942840	S	0.004109
01428632581412	74407.946949	W	0.014995
01428632869316	74407.961944	S	0.076131
01428634331040	74408.038075	W	0.013929
01428634598472	74408.052004	S	0.128650
01428637068552	74408.180654	W	0.013564
01428637328976	74408.194218	S	0.248674
01428642103520	74408.442892	W	0.022264
01428642530992	74408.465156	S	0.388518
01428649990528	74408.853673	W	0.013408
01428650247968	74408.867082	S	0.195165
01428653995140	74409.062247	W	0.013262
01428654249780	74409.075509	S	0.186804
01428657836424	74409.262314	W	0.013450
01428658094664	74409.275764	S	1.931471
01428695178900	74411.207234	W	0.014536
01428695457996	74411.221771	S	0.210721
01428699503840	74411.432492	W	0.237028
01428704054768	74411.669519	S	0.015991
01428704361788	74411.685510	W	0.063604
01428705582984	74411.749114	S	0.584429
01428716804024	74412.333543	W	0.035746
01428717490348	74412.369289	S	0.476276
01428726634848	74412.845565	W	0.026166
01428727137232	74412.871731	S	0.691062
01428740405624	74413.562793	W	0.014039
01428740675164	74413.576831	S	0.194010
01428744400164	74413.770842	W	0.013059
01428744650888	74413.783900	S	0.087850
01428746337612	74413.871751	W	0.015334
01428746632032	74413.887085	S	0.344889
01428753253892	74414.231974	W	0.021802
01428753672500	74414.253776	S	0.538934
01428764020040	74414.792710	W	0.013720
01428764283472	74414.806431	S	0.087358
01428765960744	74414.893789	W	0.013367
01428766217384	74414.907155	S	0.601222
01428777760856	74415.508378	W	0.013308
01428778016372	74415.521686	S	1.030764
01428797807048	74416.552450	W	0.100506
01428799736764	74416.652956	S	0.083806
01428801345832	74416.736762	W	0.086104
01428802999024	74416.822866	S	0.433910
01428811330088	74417.256775	W	0.013604
01428811591292	74417.270380	S	1.840510
01428846929076	74419.110889	W	0.013935
01428847196636	74419.124825	S	1.155025
01428869373112	74420.279850	W	0.021728
01428869790292	74420.301578	S	3.000230
01428927394708	74423.301808	W	0.013825
01428927660156	74423.315633	S	0.844372
01428943872108	74424.160006	W	0.094420
01428945684980	74424.254426	S	1.017830
01428965227316	74425.272256	W	0.015395
01428965522900	74425.287651	S	1.034189
01428985379324	74426.321840	W	0.021968
01428985801100	74426.343807	S	3.001714
01429043434000	74429.345521	W	0.237764
01429047999060	74429.583284	S	0.016483
01429048315532	74429.599767	W	0.063367
01429049532180	74429.663134	S	0.729187
01429063532568	74430.392321	W	0.015619
01429063832456	74430.407940	S	1.963004
01429101522132	74432.370944	W	0.013860
01429101788248	74432.384805	S	3.008898
01429159559092	74435.393703	W	0.014012
01429159828120	74435.407715	S	3.001429
01429217455560	74438.409144	W	0.013824
01429217720984	74438.422968	S	3.004934
01429275415716	74441.427902	W	0.013932
01429275683216	74441.441834	S	3.005024
01429333379676	74444.446858	W	0.013319
01429333635392	74444.460177	S	3.005037
01429391332112	74447.465214	W	0.013169
01429391584956	74447.478383	S	3.000992
01429449204004	74450.479375	W	0.022520
01429449636392	74450.501895	S	2.997565
01429507189636	74453.499460	W	0.014409
01429507466280	74453.513869	S	2.033005
01429546499972	74455.546874	W	0.013374
01429546756748	74455.560247	S	0.970719
01429565394552	74456.530966	W	0.013807
01429565659648	74456.544773	S	3.008422
01429623421344	74459.553195	W	0.013057
01429623672040	74459.566252	S	0.073262
01429625078668	74459.639514	W	0.044241
01429625928088	74459.683755	S	1.427823
01429653342284	74461.111577	W	0.015481
01429653639516	74461.127058	S	1.447086
01429681423576	74462.574145	W	0.022580
01429681857112	74462.596725	S	3.006597
01429739583784	74465.603322	W	0.013657
01429739846004	74465.616979	S	3.009778
01429797633736	74468.626757	W	0.013608
01429797895004	74468.640365	S	2.573731
01429847310648	74471.214096	W	0.022804
01429847748488	74471.236900	S	0.415792
01429855731688	74471.652692	W	0.013686
01429855994464	74471.666378	S	0.119687
01429858292460	74471.786066	W	0.089465
01429860010192	74471.875531	S	0.054962
01429861065472	74471.930493	W	0.085244
01429862702164	74472.015738	S	0.616311
01429874535340	74472.632049	W	0.015467
01429874832300	74472.647516	S	2.032234
01429913851196	74474.679750	W	0.020986
01429914254132	74474.700736	S	2.268118
01429957802004	74476.968854	W	0.236956
01429962351552	74477.205810	S	0.016085
01429962660392	74477.221895	W	0.063741
01429963884216	74477.285636	S	0.278442
01429969230308	74477.564079	W	0.018169
01429969579144	74477.582247	S	0.123811
01429971956308	74477.706058	W	0.013388
01429972213360	74477.719446	S	2.833287
01430026612468	74480.552733	W	0.013671
01430026874956	74480.566404	S	0.163631
01430030016676	74480.730035	W	0.013979
01430030285076	74480.744014	S	1.342875
01430056068272	74482.086889	W	0.102315
01430058032724	74482.189204	S	0.083675
01430059639276	74482.272879	W	0.086915
01430061308052	74482.359794	S	0.512327
01430071144728	74482.872121	W	0.015481
01430071441964	74482.887602	S	0.866167
01430088072368	74483.753769	W	0.013822
01430088337756	74483.767591	S	3.011902
01430146166280	74486.779494	W	0.022181
01430146592164	74486.801675	S	3.013915
01430204459336	74489.815590	W	0.013730
01430204722944	74489.829320	S	3.013425
01430262580696	74492.842745	W	0.021107
01430262985952	74492.863852	S	3.000290
01430320591520	74495.864142	W	0.014651
01430320872816	74495.878793	S	3.003860
01430378546932	74498.882653	W	0.014546
01430378826216	74498.897199	S	1.808346
01430413546456	74500.705545	W	0.012788
01430413791976	74500.718332	S	0.002851
01430413846720	74500.721183	W	0.013444
01430414104840	74500.734627	S	1.164046
01430436454520	74501.898673	W	0.021517
01430436867648	74501.920190	S	2.998612
01430494441000	74504.918802	W	0.013681
01430494703680	74504.932483	S	3.001220
01430552327108	74507.933704	W	0.021292
01430552735916	74507.954996	S	2.152419
01430594062352	74510.107414	W	0.086383
01430595720900	74510.193797	S	0.765334
01430610415316	74510.959131	W	0.013298
01430610670628	74510.972429	S	3.005590
01430668377952	74513.978018	W	0.022256
01430668805268	74514.000274	S	0.120648
01430671121708	74514.120922	W	0.013124
01430671373680	74514.134046	S	0.091159
01430673123936	74514.225205	W	0.013845
01430673389760	74514.239050	S	0.496271
01430682918156	74514.735321	W	0.018295
01430683269412	74514.753615	S	0.356440
01430690113052	74515.110055	W	0.310674
01430696077988	74515.420729	S	0.731107
01430710115244	74516.151836	W	0.015394
01430710410808	74516.167230	S	0.834216
01430726427756	74517.001446	W	0.013952
01430726695632	74517.015397	S	3.003046
01430784354108	74520.018443	W	0.014514
01430784632776	74520.032957	S	3.012923
01430842480904	74523.045880	W	0.013734
01430842744592	74523.059614	S	0.480734
01430851974692	74523.540349	W	0.013286
01430852229788	74523.553635	S	2.522151
01430900655088	74526.075786	W	0.013753
01430900919140	74526.089539	S	3.014157
01430958790956	74529.103696	W	0.013819
01430959056284	74529.117515	S	3.011387
01431016874920	74532.128902	W	0.022150
01431017300196	74532.151052	S	0.912479
01431034819784	74533.063530	W	0.013323
01431035075592	74533.076854	S	2.079697
01431075005768	74535.156550	W	0.013849
01431075271664	74535.170399	S	3.013177
01431133124660	74538.183576	W	0.012118
01431133357324	74538.195694	S	1.347898
01431159236968	74539.543592	W	1.772148
01431193262208	74541.315740	S	0.675280
01431206227588	74541.991020	W	0.014463
01431206505280	74542.005483	S	0.273247
01431211751620	74542.278730	W	0.012568
01431211992932	74542.291299	S	3.109200
01431271689576	74545.400499	W	0.037923
01431272417700	74545.438422	S	1.432779
01431299927052	74546.871201	W	0.015701
01431300228512	74546.886902	S	4.813479
01431392647308	74551.700381	W	0.013619
01431392908796	74551.714000	S	4.697063
01431483092400	74556.411063	W	0.013401
01431483349696	74556.424463	S	0.005469
01431483454696	74556.429932	W	0.013873
01431483721064	74556.443805	S	4.677356
01431573526292	74561.121161	W	0.013255
01431573780784	74561.134416	S	9.101901
01431748537292	74570.236317	W	0.017947
01431748881876	74570.254264	S	0.390364
01431756376860	74570.644628	W	0.013389
01431756633924	74570.658017	S	0.090258
01431758366880	74570.748275	W	0.018952
01431758730752	74570.767227	S	4.647804
01431847968584	74575.415030	W	0.060775
01431849135468	74575.475806	S	0.835834
01431865183472	74576.311639	W	0.015469
01431865480480	74576.327108	S	3.738310
01431937256036	74580.065419	W	0.022738
01431937692596	74580.088156	S	6.662100
01432065604916	74586.750256	W	0.023573
01432066057524	74586.773829	S	0.071671
01432067433612	74586.845501	W	0.014427
01432067710604	74586.859927	S	0.000659
01432067723264	74586.860587	W	0.126354
01432070149256	74586.986940	S	0.016395
01432070464032	74587.003335	W	0.086565
01432072126084	74587.089900	S	0.255168
01432077025304	74587.345068	W	0.015135
01432077315900	74587.360203	S	0.142344
01432080048896	74587.502547	W	0.214301
01432084163472	74587.716848	S	0.022121
01432084588204	74587.738969	W	0.014286
01432084862488	74587.753255	S	0.002754
01432084915372	74587.756009	W	0.014701
01432085197632	74587.770710	S	0.073317
01432086605320	74587.844027	W	0.012031
01432086836324	74587.856059	S	0.834876
01432102865952	74588.690935	W	0.014541
01432103145148	74588.705476	S	0.165993
01432106332216	74588.871470	W	0.015900
01432106637488	74588.887369	S	0.810956
01432122207852	74589.698326	W	0.022988
01432122649216	74589.721313	S	0.989006
01432141638140	74590.710320	W	0.013180
01432141891192	74590.723500	S	0.030939
01432142485212	74590.754438	W	0.014538
01432142764344	74590.768976	S	0.047353
01432143673524	74590.816329	W	0.012629
01432143915996	74590.828958	S	0.888012
01432160965828	74591.716970	W	0.014544
01432161245076	74591.731514	S	0.180097
01432164702936	74591.911611	W	0.309430
01432170643996	74592.221041	S	0.283175
01432176080964	74592.504217	W	0.015391
01432176376464	74592.519607	S	0.207591
01432180362204	74592.727198	W	0.014585
01432180642232	74592.741783	S	0.995514
01432199756092	74593.737296	W	0.014294
01432200030532	74593.751590	S	0.024530
01432200501512	74593.776120	W	0.014446
01432200778876	74593.790566	S	0.955994
01432219133952	74594.746560	W	0.014338
01432219409240	74594.760898	S	0.995767
01432238527968	74595.756665	W	0.022410
01432238958232	74595.779075	S	0.988962
01432257946304	74596.768037	W	0.014462
01432258223972	74596.782499	S	0.013669
01432258486424	74596.796168	W	0.014519
01432258765192	74596.810687	S	0.219616
01432262981824	74597.030303	W	0.089038
01432264691360	74597.119342	S	0.045648
01432265567808	74597.164990	W	0.084412
01432267188520	74597.249402	S	0.254808
01432272080824	74597.504210	W	0.015424
01432272376960	74597.519633	S	0.258320
01432277336708	74597.777954	W	0.020460
01432277729536	74597.798413	S	0.991114
01432296758916	74598.789527	W	0.022179
01432297184744	74598.811705	S	0.991536
01432316222228	74599.803241	W	0.031874
01432316834208	74599.835115	S	0.402980
01432324571432	74600.238095	W	0.013346
01432324827684	74600.251442	S	0.564782
01432335671508	74600.816224	W	0.013773
01432335935944	74600.829997	S	0.003258
01432335998492	74600.833255	W	0.013669
01432336260944	74600.846924	S	0.987819
01432355227072	74601.834743	W	0.013506
01432355486380	74601.848249	S	0.993041
01432374552764	74602.841290	W	0.013926
01432374820144	74602.855216	S	0.001558
01432374850056	74602.856774	W	0.013686
01432375112836	74602.870460	S	0.562306
01432385909120	74603.432767	W	0.013673
01432386171632	74603.446439	S	0.413726
01432394115172	74603.860165	W	0.021910
01432394535844	74603.882075	S	0.991121
01432413565360	74604.873196	W	0.023275
01432414012248	74604.896471	S	0.979281
01432432814444	74605.875752	W	0.031198
01432433413452	74605.906951	S	0.001623
01432433444616	74605.908574	W	0.015160
01432433735680	74605.923733	S	0.974968
01432452455064	74606.898701	W	0.021501
01432452867880	74606.920202	S	1.983269
01432490946648	74608.903471	W	0.013828
01432491212148	74608.917299	S	1.663160
01432523144816	74610.580459	W	0.013560
01432523405168	74610.594019	S	1.331631
01432548972488	74611.925650	W	0.022336
01432549401340	74611.947986	S	3.002075
01432607041184	74614.950062	W	0.013692
01432607304080	74614.963754	S	3.008926
01432665075468	74617.972681	W	0.021269
01432665483840	74617.993950	S	2.007332
01432704024620	74620.001282	W	0.013242
01432704278860	74620.014524	S	0.985701
01432723204324	74621.000225	W	0.013675
01432723466884	74621.013900	S	3.012712
01432781310960	74624.026613	W	0.013879
01432781577444	74624.040492	S	2.720809
01432833816972	74626.761301	W	0.013394
01432834074140	74626.774695	S	0.276427
01432839381532	74627.051121	W	0.014199
01432839654144	74627.065320	S	0.001434
01432839681668	74627.066754	W	0.012902
01432839929392	74627.079656	S	0.147473
01432842760880	74627.227129	W	0.063072
01432843971860	74627.290201	S	0.289642
01432849532992	74627.579843	W	0.013234
01432849787088	74627.593078	S	0.395518
01432857381024	74627.988595	W	0.013351
01432857637368	74628.001946	S	2.070824
01432897397196	74630.072771	W	0.013357
01432897653660	74630.086128	S	3.004912
01432955347968	74633.091040	W	0.014126
01432955619180	74633.105166	S	3.008185
01433013376332	74636.113351	W	0.013729
01433013639924	74636.127079	S	0.157798
01433016669640	74636.284877	W	0.021091
01433017074596	74636.305969	S	0.084395
01433018694972	74636.390363	W	0.012663
01433018938092	74636.403026	S	0.495505
01433028451780	74636.898530	W	0.018426
01433028805552	74636.916956	S	2.219502
01433071420000	74639.136458	W	0.022095
01433071844224	74639.158553	S	3.002465
01433129491544	74642.161018	W	0.013769
01433129755912	74642.174787	S	3.006916
01433187488704	74645.181703	W	0.013734
01433187752400	74645.195438	S	3.010750
01433245558808	74648.206188	W	0.013810
01433245823964	74648.219998	S	1.272762
01433270260988	74649.492760	W	0.013166
01433270513784	74649.505926	S	0.005202
01433270613672	74649.511129	W	0.013856
01433270879708	74649.524985	S	0.173164
01433274204460	74649.698149	W	0.013240
01433274458664	74649.711389	S	0.247414
01433279209008	74649.958802	W	0.087316
01433280885480	74650.046119	S	0.060718
01433282051256	74650.106836	W	0.084646
01433283676460	74650.191482	S	0.017773
01433284017696	74650.209255	W	0.084937
01433285648496	74650.294193	S	0.223403
01433289937836	74650.517596	W	0.012617
01433290180080	74650.530213	S	0.030403
01433290763812	74650.560615	W	0.015468
01433291060792	74650.576083	S	0.350155
01433297783776	74650.926238	W	0.013230
01433298037792	74650.939468	S	0.291845
01433303641216	74651.231313	W	0.012057
01433303872708	74651.243370	S	3.012256
01433361708032	74654.255627	W	0.013878
01433361974492	74654.269505	S	0.873774
01433378750960	74655.143279	W	0.237208
01433383305360	74655.380488	S	0.015829
01433383609284	74655.396317	W	0.063418
01433384826900	74655.459734	S	0.995915
01433403948476	74656.455650	W	0.036464
01433404648592	74656.492114	S	0.469151
01433413656292	74656.961265	W	0.015363
01433413951260	74656.976628	S	0.304820
01433419803808	74657.281448	W	0.021976
01433420225744	74657.303424	S	1.507399
01433449167808	74658.810823	W	0.036195
01433449862756	74658.847019	S	0.674404
01433462811320	74659.521423	W	0.015311
01433463105296	74659.536734	S	0.727868
01433477080364	74660.264602	W	0.101021
01433479019976	74660.365624	S	0.083601
01433480625116	74660.449225	W	0.086432
01433482284620	74660.535657	S	0.265571
01433487383592	74660.801229	W	0.015501
01433487681204	74660.816729	S	0.556283
01433498361844	74661.373013	W	0.014200
01433498634492	74661.387213	S	1.937820
01433535840636	74663.325033	W	0.013142
01433536092960	74663.338175	S	0.007639
01433536239624	74663.345814	W	1.739969
01433569647036	74665.085783	S	1.255976
01433593761772	74666.341759	W	0.021164
01433594168116	74666.362923	S	2.586080
01433643820844	74668.949002	W	0.036456
01433644520792	74668.985458	S	0.384858
01433651910068	74669.370316	W	0.022407
01433652340276	74669.392723	S	0.494892
01433661842200	74669.887615	W	0.013737
01433662105948	74669.901351	S	2.498060
01433710068700	74672.399411	W	0.013105
01433710320316	74672.412516	S	3.008515
01433768083800	74675.421031	W	0.014536
01433768362892	74675.435567	S	3.012060
01433826194440	74678.447627	W	0.022831
01433826632804	74678.470459	S	3.002575
01433884282244	74681.473034	W	0.023622
01433884735780	74681.496655	S	3.011317
01433942553060	74684.507972	W	0.022847
01433942991732	74684.530819	S	3.004389
01434000676008	74687.535209	W	0.013790
01434000940780	74687.548999	S	2.963697
01434057843764	74690.512696	W	0.060825
01434059011608	74690.573521	S	0.937553
01434077012620	74691.511074	W	0.015519
01434077310584	74691.526593	S	2.057279
01434116810340	74693.583872	W	0.022153
01434117235672	74693.606025	S	3.012381
01434175073380	74696.618405	W	0.021393
01434175484132	74696.639799	S	3.005837
01434233196196	74699.645635	W	0.022041
01434233619376	74699.667676	S	1.538103
01434263150960	74701.205779	W	0.013289
01434263406112	74701.219068	S	0.395646
01434271002512	74701.614714	W	0.013209
01434271256116	74701.627923	S	0.396884
01434278876280	74702.024806	W	0.013386
01434279133292	74702.038192	S	0.395781
01434286732292	74702.433974	W	0.013135
01434286984484	74702.447109	S	0.228758
01434291376644	74702.675867	W	0.013887
01434291643272	74702.689754	S	1.791532
01434326040684	74704.481286	W	0.036432
01434326740172	74704.517717	S	0.066263
01434328012428	74704.583981	W	0.013136
01434328264640	74704.597117	S	0.703428
01434341770460	74705.300545	W	0.026349
01434342276368	74705.326894	S	0.376884
01434349512540	74705.703778	W	0.022443
01434349943448	74705.726221	S	0.393750
01434357503444	74706.119971	W	0.013209
01434357757060	74706.133180	S	0.295327
01434363427336	74706.428507	W	0.018739
01434363787116	74706.447246	S	0.493735
01434373266836	74706.940981	W	0.019083
01434373633228	74706.960064	S	0.184082
01434377167608	74707.144146	W	0.023416
01434377617196	74707.167562	S	1.563256
01434407631704	74708.730818	W	0.013825
01434407897140	74708.744643	S	3.013342
01434465753300	74711.757984	W	0.021532
01434466166720	74711.779517	S	2.737461
01434518725972	74714.516978	W	0.032322
01434519346564	74714.549300	S	0.069606
01434520682996	74714.618906	W	0.086345
01434522340824	74714.705251	S	0.003936
01434522416392	74714.709187	W	0.093509
01434524211756	74714.802696	S	0.123407
01434526581168	74714.926103	W	0.157361
01434529602492	74715.083463	S	0.047495
01434530514392	74715.130958	W	0.142208
01434533244780	74715.273166	S	0.015922
01434533550492	74715.289088	W	0.089179
01434535262728	74715.378267	S	0.015910
01434535568196	74715.394177	W	0.093592
01434537365156	74715.487769	S	0.016205
01434537676296	74715.503974	W	0.106932
01434539729392	74715.610906	S	0.015884
01434540034356	74715.626789	W	0.100462
01434541963220	74715.727251	S	0.016034
01434542271076	74715.743285	W	0.088621
01434543972596	74715.831906	S	0.015961
01434544279052	74715.847867	W	0.168618
01434547516524	74716.016486	S	0.114619
01434549717216	74716.131105	W	0.203532
01434553625024	74716.334637	S	0.015834
01434553929044	74716.350471	W	0.065840
01434555193176	74716.416311	S	0.704859
01434568726472	74717.121170	W	0.015552
01434569025068	74717.136722	S	0.654580
01434581592996	74717.791302	W	0.012079
01434581824920	74717.803381	S	1.853443
01434617411016	74719.656824	W	0.108447
01434619493196	74719.765271	S	0.402503
01434627221248	74720.167773	W	0.237156
01434631774636	74720.404929	S	0.015956
01434632080992	74720.420885	W	0.063341
01434633297132	74720.484226	S	0.330935
01434639651092	74720.815161	W	0.013835
01434639916724	74720.828996	S	0.359338
01434646816008	74721.188334	W	0.105159
01434648835064	74721.293493	S	0.083873
01434650445428	74721.377366	W	0.086653
01434652109172	74721.464019	S	0.745292
01434666418772	74722.209311	W	0.013334
01434666674792	74722.222645	S	0.995774
01434685793648	74723.218419	W	0.011814
01434686020476	74723.230233	S	0.609675
01434697726232	74723.839908	W	0.021652
01434698141956	74723.861560	S	0.366508
01434705178912	74724.228068	W	0.014929
01434705465548	74724.242997	S	0.717445
01434719240496	74724.960442	W	0.085923
01434720890224	74725.046366	S	0.016477
01434721206576	74725.062843	W	0.035348
01434721885264	74725.098191	S	0.142069
01434724612980	74725.240259	W	0.014402
01434724889504	74725.254662	S	0.151457
01434727797480	74725.406119	W	0.015373
01434728092636	74725.421491	S	0.829353
01434744016220	74726.250845	W	0.014241
01434744289656	74726.265086	S	0.046832
01434745188828	74726.311918	W	0.014414
01434745465580	74726.326332	S	0.540327
01434755839868	74726.866660	W	0.022056
01434756263344	74726.888716	S	0.372804
01434763421184	74727.261520	W	0.024472
01434763891048	74727.285992	S	0.991245
01434782922956	74728.277237	W	0.023058
01434783365668	74728.300295	S	0.991774
01434802407736	74729.292070	W	0.014724
01434802690432	74729.306793	S	0.585727
01434813936388	74729.892520	W	0.014637
01434814217416	74729.907157	S	0.398140
01434821861696	74730.305297	W	0.013655
01434822123876	74730.318952	S	0.996977
01434841265844	74731.315929	W	0.021468
01434841678020	74731.337397	S	0.894816
01434858858496	74732.232213	W	0.013317
01434859114192	74732.245531	S	0.082947
01434860706772	74732.328478	W	0.013799
01434860971716	74732.342277	S	0.402004
01434868690184	74732.744280	W	0.013239
01434868944376	74732.757520	S	0.159264
01434872002236	74732.916783	W	0.021102
01434872407388	74732.937885	S	0.216765
01434876569272	74733.154650	W	0.013315
01434876824916	74733.167964	S	0.172512
01434880137152	74733.340477	W	0.021705
01434880553892	74733.362182	S	0.201068
01434884414392	74733.563250	W	0.013270
01434884669172	74733.576519	S	0.777043
01434899588400	74734.353562	W	0.013897
01434899855216	74734.367459	S	0.001616
01434899886240	74734.369075	W	0.013283
01434900141272	74734.382358	S	0.988575
01434919121908	74735.370933	W	0.021358
01434919531984	74735.392291	S	0.550896
01434930109196	74735.943187	W	0.013743
01434930373060	74735.956930	S	0.427410
01434938579328	74736.384340	W	0.021626
01434938994548	74736.405966	S	0.331435
01434945358096	74736.737401	W	0.026234
01434945861796	74736.763635	S	0.634208
01434958038592	74737.397843	W	0.022574
01434958472016	74737.420418	S	0.992795
01434977533684	74738.413213	W	0.022153
01434977959020	74738.435366	S	0.528730
01434988110632	74738.964095	W	0.013682
01434988373320	74738.977777	S	0.450166
01434997016508	74739.427943	W	0.022163
01434997442040	74739.450106	S	0.992624
01435016500416	74740.442730	W	0.013689
01435016763244	74740.456419	S	0.995501
01435035876860	74741.451920	W	0.014502
01435036155296	74741.466422	S	0.524544
01435046226544	74741.990966	W	0.013990
01435046495152	74742.004956	S	0.459186
01435055311516	74742.464141	W	0.022074
01435055735344	74742.486216	S	2.530711
01435104324988	74745.016926	W	0.013772
01435104589412	74745.030699	S	0.411081
01435112482176	74745.441780	W	0.013279
01435112737128	74745.455059	S	0.089191
01435114449600	74745.544250	W	0.013314
01435114705236	74745.557564	S	2.483313
01435162384848	74748.040877	W	0.021215
01435162792180	74748.062093	S	3.010657
01435220596792	74751.072750	W	0.012120
01435220829492	74751.084869	S	3.014046
01435278699176	74754.098915	W	0.013881
01435278965692	74754.112796	S	0.910639
01435296449956	74755.023435	W	0.070724
01435297807856	74755.094159	S	0.426673
01435305999976	74755.520832	W	0.015446
01435306296536	74755.536278	S	1.596240
01435336944340	74757.132518	W	0.021414
01435337355480	74757.153931	S	3.005324
01435395057696	74760.159255	W	0.013827
01435395323168	74760.173082	S	3.011988
01435453153340	74763.185070	W	0.020603
01435453548924	74763.205673	S	3.009834
01435511337740	74766.215507	W	0.013831
01435511603300	74766.229339	S	3.017463
01435569538588	74769.246801	W	0.013979
01435569806980	74769.260780	S	0.346452
01435576458860	74769.607232	W	0.012755
01435576703752	74769.619987	S	0.006205
01435576822884	74769.626192	W	0.013853
01435577088860	74769.640045	S	2.631776
01435627618964	74772.271821	W	0.014383
01435627895120	74772.286204	S	3.017137
01435685824152	74775.303341	W	0.013807
01435686089248	74775.317148	S	3.012461
01435743928492	74778.329609	W	0.013950
01435744196324	74778.343559	S	1.198465
01435767206848	74779.542023	W	0.018816
01435767568120	74779.560840	S	0.493364
01435777040712	74780.054204	W	0.017987
01435777386068	74780.072191	S	1.283061
01435802020844	74781.355252	W	0.013792
01435802285644	74781.369044	S	3.013603
01435860146824	74784.382647	W	0.013762
01435860411052	74784.396409	S	0.641726
01435872732188	74785.038135	W	0.050725
01435873706116	74785.088860	S	1.151836
01435895821368	74786.240696	W	0.015541
01435896119756	74786.256237	S	1.152156
01435918241156	74787.408394	W	0.014270
01435918515140	74787.422664	S	0.329842
01435924848100	74787.752505	W	0.013747
01435925112040	74787.766252	S	2.230577
01435967939128	74789.996830	W	0.117091
01435970187276	74790.113921	S	0.321610
01435976362188	74790.435531	W	0.022626
01435976796604	74790.458156	S	3.005358
01436034499484	74793.463515	W	0.012695
01436034743220	74793.476209	S	1.220376
01436058174448	74794.696586	W	0.022032
01436058597468	74794.718618	S	0.182120
01436062094176	74794.900738	W	0.026157
01436062596396	74794.926896	S	1.553271
01436092419204	74796.480167	W	0.023859
01436092877304	74796.504026	S	1.673476
01436125008052	74798.177503	W	0.026411
01436125515144	74798.203914	S	0.836870
01436141583044	74799.040784	W	0.015582
01436141882212	74799.056365	S	0.457314
01436150662644	74799.513679	W	0.014027
01436150931960	74799.527706	S	2.746484
01436203664452	74802.274190	W	0.013260
01436203919040	74802.287450	S	0.252131
01436208759956	74802.539581	W	0.021600
01436209174668	74802.561181	S	1.248375
01436233143464	74803.809555	W	0.026216
01436233646812	74803.835771	S	0.325001
01436239886836	74804.160773	W	0.015596
01436240186288	74804.176369	S	1.392304
01436266918520	74805.568673	W	0.013815
01436267183772	74805.582488	S	3.017243
01436325114828	74808.599731	W	0.021509
01436325527800	74808.621240	S	3.008705
01436383294932	74811.629944	W	0.021949
01436383716348	74811.651893	S	1.373821
01436410093704	74813.025714	W	0.024963
01436410572992	74813.050677	S	1.349376
01436436481016	74814.400053	W	0.015454
01436436777728	74814.415507	S	0.243117
01436441445568	74814.658623	W	0.021872
01436441865504	74814.680495	S	0.372686
01436449021084	74815.053181	W	0.038614
01436449762476	74815.091796	S	0.304374
01436455606452	74815.396169	W	0.015290
01436455900024	74815.411460	S	2.274432
01436499569120	74817.685892	W	0.014536
01436499848220	74817.700428	S	3.010640
01436557652512	74820.711068	W	0.023234
01436558098612	74820.734303	S	2.019646
01436596875820	74822.753949	W	0.013278
01436597130752	74822.767227	S	0.648536
01436609582636	74823.415762	W	0.125600
01436611994152	74823.541362	S	0.015924
01436612299896	74823.557286	W	0.071820
01436613678832	74823.629106	S	0.111598
01436615821504	74823.740703	W	0.021069
01436616226032	74823.761773	S	0.878843
01436633099812	74824.640615	W	0.015488
01436633397180	74824.656103	S	2.112188
01436673951180	74826.768291	W	0.013723
01436674214652	74826.782013	S	1.673548
01436706346768	74828.455561	W	0.309641
01436712291872	74828.765202	S	0.995394
01436731403436	74829.760596	W	0.015321
01436731697600	74829.775917	S	0.017978
01436732042768	74829.793894	W	0.014430
01436732319824	74829.808324	S	3.011376
01436790138240	74832.819700	W	0.013814
01436790403476	74832.833514	S	0.743284
01436804674532	74833.576799	W	0.086712
01436806339412	74833.663511	S	0.046894
01436807239776	74833.710405	W	0.086059
01436808892112	74833.796464	S	1.074262
01436829517952	74834.870727	W	0.015591
01436829817292	74834.886317	S	0.872458
01436846568480	74835.758775	W	0.021054
01436846972720	74835.779829	S	0.062831
01436848179076	74835.842660	W	0.014221
01436848452120	74835.856881	S	3.011676
01436906276296	74838.868557	W	0.022366
01436906705732	74838.890924	S	3.005883
01436964418680	74841.896806	W	0.021742
01436964836124	74841.918548	S	0.393684
01436972394848	74842.312232	W	0.013457
01436972653216	74842.325688	S	2.596932
01437022514308	74844.922620	W	0.013737
01437022778068	74844.936358	S	3.009879
01437080567748	74847.946237	W	0.022366
01437080997168	74847.968602	S	1.224079
01437104499492	74849.192682	W	0.013683
01437104762200	74849.206365	S	1.768052
01437138708792	74850.974416	W	0.013825
01437138974232	74850.988241	S	0.003592
01437139043200	74850.991833	W	0.013783
01437139307840	74851.005617	S	2.572001
01437188690268	74853.577618	W	0.018352
01437189042628	74853.595970	S	0.415515
01437197020520	74854.011485	W	0.013263
01437197275168	74854.024748	S	0.063795
01437198500024	74854.088543	W	0.012926
01437198748200	74854.101469	S	0.093341
01437200540356	74854.194810	W	0.013604
01437200801548	74854.208414	S	1.544145
01437230449124	74855.752559	W	0.103057
01437232427824	74855.855616	S	0.075739
01437233882004	74855.931354	W	0.187240
01437237477020	74856.118595	S	0.017447
01437237812004	74856.136042	W	0.121093
01437240136988	74856.257135	S	0.186115
01437243710392	74856.443250	W	0.121049
01437246034532	74856.564299	S	0.082691
01437247622192	74856.646989	W	0.178060
01437251040936	74856.825049	S	0.027772
01437251574168	74856.852821	W	0.084968
01437253205548	74856.937789	S	0.016075
01437253514196	74856.953864	W	0.063444
01437254732320	74857.017308	S	0.021497
01437255145064	74857.038805	W	0.560136
01437265899672	74857.598941	S	0.016101
01437266208820	74857.615043	W	0.096828
01437268067916	74857.711871	S	0.015973
01437268374592	74857.727843	W	0.270044
01437273559444	74857.997888	S	0.002816
01437273613516	74858.000704	W	0.063323
01437274829324	74858.064027	S	1.126383
01437296455880	74859.190410	W	0.015928
01437296761700	74859.206339	S	0.858690
01437313248540	74860.065028	W	0.013816
01437313513816	74860.078845	S	0.890239
01437330606408	74860.969084	W	0.108732
01437332694072	74861.077816	S	0.074786
01437334129968	74861.152603	W	0.083800
01437335738932	74861.236403	S	0.121114
01437338064316	74861.357516	W	0.084617
01437339688956	74861.442133	S	0.042839
01437340511472	74861.484972	W	0.014673
01437340793200	74861.499646	S	0.195680
01437344550252	74861.695326	W	0.015447
01437344846832	74861.710772	S	0.785649
01437359931288	74862.496421	W	0.024437
01437360400480	74862.520858	S	0.567669
01437371299732	74863.088528	W	0.023346
01437371747968	74863.111873	S	0.401176
01437379450552	74863.513050	W	0.022595
01437379884376	74863.535645	S	0.990417
01437398900384	74864.526062	W	0.014489
01437399178572	74864.540551	S	0.998260
01437418345156	74865.538810	W	0.014672
01437418626860	74865.553482	S	0.563380
01437429443756	74866.116862	W	0.022020
01437429866532	74866.138882	S	0.133923
01437432437860	74866.272805	W	0.084459
01437434059472	74866.357264	S	0.191914
01437437744228	74866.549179	W	0.021901
01437438164728	74866.571080	S	0.039757
01437438928068	74866.610837	W	0.015372
01437439223208	74866.626209	S	0.935013
01437457175452	74867.561221	W	0.023951
01437457635304	74867.585172	S	0.990808
01437476658820	74868.575980	W	0.014587
01437476938892	74868.590567	S	0.554799
01437487591040	74869.145367	W	0.022336
01437488019884	74869.167702	S	0.421595
01437496114504	74869.589297	W	0.013769
01437496378876	74869.603066	S	0.997973
01437515539956	74870.601039	W	0.013943
01437515807668	74870.614983	S	0.996791
01437534946056	74871.611774	W	0.021597
01437535360716	74871.633371	S	0.539057
01437545710616	74872.172428	W	0.013672
01437545973116	74872.186100	S	0.439153
01437554404848	74872.625253	W	0.022662
01437554839960	74872.647915	S	0.993417
01437573913576	74873.641332	W	0.013858
01437574179648	74873.655190	S	0.003383
01437574244604	74873.658573	W	0.013694
01437574507520	74873.672267	S	0.988644
01437593489476	74874.660910	W	0.013762
01437593753712	74874.674672	S	0.001592
01437593784284	74874.676265	W	0.013420
01437594041948	74874.689685	S	0.503821
01437603715308	74875.193506	W	0.013684
01437603978044	74875.207190	S	0.470348
01437613008720	74875.677537	W	0.014389
01437613284980	74875.691926	S	0.001612
01437613315936	74875.693538	W	0.011963
01437613545624	74875.705501	S	0.193850
01437617267548	74875.899351	W	0.013270
01437617522324	74875.912621	S	0.780702
01437632511812	74876.693324	W	0.024147
01437632975436	74876.717471	S	0.990868
01437652000100	74877.708339	W	0.023703
01437652455204	74877.732042	S	0.486533
01437661796632	74878.218575	W	0.013731
01437662060268	74878.232306	S	0.492505
01437671516368	74878.724811	W	0.013698
01437671779372	74878.738509	S	0.998781
01437690955964	74879.737290	W	0.022883
01437691395316	74879.760173	S	0.989232
01437710388576	74880.749405	W	0.021524
01437710801844	74880.770929	S	0.475469
01437719930844	74881.246398	W	0.013898
01437720197692	74881.260296	S	0.502488
01437729845460	74881.762784	W	0.022988
01437730286832	74881.785773	S	0.989053
01437749276652	74882.774826	W	0.021065
01437749681100	74882.795891	S	0.991747
01437768722640	74883.787638	W	0.021890
01437769142936	74883.809528	S	0.464128
01437778054200	74884.273656	W	0.021381
01437778464720	74884.295037	S	0.820338
01437794215208	74885.115375	W	0.036503
01437794916060	74885.151878	S	0.928489
01437812743056	74886.080368	W	0.015439
01437813039488	74886.095807	S	1.202375
01437836125096	74887.298182	W	0.013570
01437836385636	74887.311752	S	3.017829
01437894327960	74890.329581	W	0.022814
01437894765996	74890.352396	S	0.599698
01437906280204	74890.952094	W	0.026318
01437906785516	74890.978412	S	1.501367
01437935611760	74892.479779	W	0.015481
01437935908988	74892.495260	S	0.865433
01437952525308	74893.360693	W	0.021249
01437952933288	74893.381942	S	2.952309
01438009617624	74896.334251	W	0.062944
01438010826156	74896.397196	S	0.495124
01438020332536	74896.892320	W	0.013177
01438020585536	74896.905497	S	0.498041
01438030147928	74897.403538	W	0.013432
01438030405816	74897.416970	S	2.001735
01438068839136	74899.418705	W	0.021876
01438069259148	74899.440581	S	3.011050
01438127071308	74902.451631	W	0.013834
01438127336924	74902.465465	S	3.012809
01438185182848	74905.478273	W	0.022865
01438185621860	74905.501139	S	3.005781
01438243332848	74908.506919	W	0.013701
01438243595900	74908.520620	S	2.110530
01438284118080	74910.631150	W	0.014562
01438284397668	74910.645712	S	0.882795
01438301347340	74911.528507	W	0.014512
01438301625980	74911.543020	S	3.009029
01438359399336	74914.552049	W	0.014321
01438359674304	74914.566370	S	3.017001
01438417600716	74917.583371	W	0.023274
01438418047580	74917.606645	S	0.378289
01438425310720	74917.984933	W	0.012750
01438425555520	74917.997683	S	0.294796
01438431215608	74918.292480	W	0.012498
01438431455568	74918.304977	S	0.295293
01438437125184	74918.600270	W	0.012649
01438437368036	74918.612919	S	0.088692
01438439070920	74918.701610	W	0.024586
01438439542964	74918.726196	S	0.323434
01438445752892	74919.049630	W	0.015349
01438446047596	74919.064979	S	0.046461
01438446939656	74919.111440	W	0.012859
01438447186544	74919.124299	S	0.294546
01438452841836	74919.418846	W	0.013054
01438453092464	74919.431899	S	0.242713
01438457752560	74919.674613	W	0.088252
01438459446992	74919.762864	S	0.065176
01438460698364	74919.828040	W	0.084164
01438462314316	74919.912204	S	0.257393
01438467256264	74920.169597	W	0.015231
01438467548708	74920.184829	S	0.427719
01438475760908	74920.612547	W	0.014403
01438476037444	74920.626950	S	0.635572
01438488240420	74921.262522	W	0.012947
01438488488996	74921.275469	S	0.294226
01438494138136	74921.569695	W	0.012972
01438494387200	74921.582667	S	0.090985
01438496134120	74921.673652	W	0.012864
01438496381112	74921.686516	S	0.804360
01438511824832	74922.490877	W	0.012970
01438512073856	74922.503847	S	0.089151
01438513785548	74922.592997	W	0.012999
01438514035132	74922.605996	S	0.294237
01438519684480	74922.900233	W	0.012990
01438519933880	74922.913223	S	0.295689
01438525611112	74923.208912	W	0.013075
01438525862148	74923.221987	S	0.415235
01438533834660	74923.637222	W	0.013763
01438534098916	74923.650985	S	0.274210
01438539363752	74923.925195	W	0.013398
01438539620992	74923.938593	S	0.773742
01438554476832	74924.712335	W	0.310992
01438560447876	74925.023327	S	0.737034
01438574598924	74925.760361	W	0.015538
01438574897248	74925.775898	S	0.883318
01438591856952	74926.659216	W	0.014079
01438592127260	74926.673295	S	1.042046
01438612134552	74927.715341	W	0.019477
01438612508512	74927.734818	S	0.082430
01438614091176	74927.817249	W	0.013219
01438614344976	74927.830467	S	0.397186
01438621970956	74928.227654	W	0.017402
01438622305068	74928.245056	S	1.438456
01438649923424	74929.683512	W	0.013706
01438650186584	74929.697218	S	0.135376
01438652785804	74929.832594	W	0.087460
01438654465036	74929.920054	S	0.046528
01438655358380	74929.966582	W	0.086346
01438657016216	74930.052928	S	0.827248
01438672899376	74930.880176	W	0.015553
01438673197996	74930.895729	S	1.810937
01438707967980	74932.706666	W	0.013736
01438708231704	74932.720401	S	2.572517
01438757624028	74935.292918	W	0.013338
01438757880108	74935.306256	S	0.394968
01438765463496	74935.701224	W	0.013193
01438765716804	74935.714417	S	0.017575
01438766054252	74935.731992	W	0.013734
01438766317936	74935.745726	S	3.009140
01438824093420	74938.754866	W	0.014166
01438824365404	74938.769031	S	3.018721
01438882324852	74941.787753	W	0.013704
01438882587968	74941.801457	S	2.911152
01438938482088	74944.712609	W	0.013519
01438938741656	74944.726128	S	0.008716
01438938909012	74944.734844	W	0.013671
01438939171504	74944.748516	S	0.070668
01438940528324	74944.819184	W	0.013776
01438940792828	74944.832960	S	0.087360
01438942470140	74944.920320	W	0.012722
01438942714404	74944.933042	S	0.394668
01438950292024	74945.327710	W	0.013341
01438950548168	74945.341050	S	2.511742
01438998773624	74947.852793	W	0.021617
01438999188668	74947.874410	S	3.001124
01439056810244	74950.875534	W	0.013860
01439057076360	74950.889394	S	1.502955
01439085933096	74952.392349	W	0.013470
01439086191712	74952.405818	S	1.493736
01439114871452	74953.899555	W	0.013458
01439115129840	74953.913012	S	3.009368
01439172909708	74956.922381	W	0.013766
01439173174016	74956.936147	S	3.012925
01439231022172	74959.949071	W	0.012952
01439231270848	74959.962023	S	0.067401
01439232564956	74960.029425	W	0.061441
01439233744632	74960.090866	S	1.508549
01439262708768	74961.599415	W	0.015463
01439263005656	74961.614878	S	1.356968
01439289059444	74962.971846	W	0.013090
01439289310768	74962.984936	S	1.798372
01439323839508	74964.783308	W	0.019280
01439324209680	74964.802588	S	0.492950
01439333674328	74965.295538	W	0.018726
01439334033872	74965.314264	S	0.679688
01439347083884	74965.993952	W	0.014844
01439347368884	74966.008796	S	1.742690
01439380828528	74967.751486	W	0.012446
01439381067500	74967.763932	S	1.255146
01439405166308	74969.019079	W	0.022578
01439405599808	74969.041657	S	2.179160
01439447439684	74971.220817	W	0.013620
01439447701184	74971.234437	S	0.816340
01439463374912	74972.050777	W	0.012134
01439463607892	74972.062911	S	0.007831
01439463758240	74972.070742	W	0.013640
01439464020120	74972.084381	S	2.989221
01439521413168	74975.073602	W	0.013720
01439521676600	74975.087323	S	0.345098
01439528302484	74975.432421	W	0.013421
01439528560160	74975.445842	S	1.830003
01439563696212	74977.275844	W	0.013301
01439563951592	74977.289145	S	0.003171
01439564012468	74977.292316	W	0.013202
01439564265952	74977.305518	S	0.792152
01439579475272	74978.097670	W	0.021374
01439579885648	74978.119044	S	3.006788
01439637615984	74981.125832	W	0.022005
01439638038472	74981.147837	S	1.862177
01439673792264	74983.010014	W	0.013368
01439674048932	74983.023382	S	1.133423
01439695810652	74984.156805	W	0.013781
01439696075252	74984.170586	S	3.016513
01439753992292	74987.187099	W	0.013528
01439754252024	74987.200626	S	2.843639
01439808849892	74990.044265	W	0.049775
01439809805572	74990.094040	S	0.119229
01439812094776	74990.213270	W	0.022580
01439812528312	74990.235850	S	0.794020
01439827773488	74991.029869	W	0.015411
01439828069376	74991.045280	S	0.771614
01439842884372	74991.816894	W	0.013422
01439843142068	74991.830316	S	1.409019
01439870195224	74993.239335	W	0.013852
01439870461180	74993.253186	S	3.012949
01439928309796	74996.266135	W	0.023065
01439928752636	74996.289200	S	3.006071
01439986469200	74999.295271	W	0.023239
01439986915384	74999.318510	S	0.075578
01439988366484	74999.394088	W	0.013209
01439988620088	74999.407296	S	2.920300
01440044689844	75002.327596	W	0.013724
01440044953340	75002.341320	S	3.026471
01440103061584	75005.367791	W	0.022736
01440103498108	75005.390526	S	2.502725
01440151550424	75007.893251	W	0.013203
01440151803920	75007.906454	S	0.491485
01440161240436	75008.397939	W	0.022271
01440161668048	75008.420211	S	3.002203
01440219310348	75011.422414	W	0.014447
01440219587736	75011.436861	S	3.012284
01440277423580	75014.449145	W	0.014520
01440277702356	75014.463664	S	2.439922
01440324548856	75016.903586	W	0.012658
01440324791880	75016.916244	S	0.560199
01440335547708	75017.476443	W	0.022735
01440335984216	75017.499178	S	2.559096
01440385118856	75020.058274	W	0.038211
01440385852504	75020.096485	S	0.304151
01440391692208	75020.400636	W	0.015298
01440391985920	75020.415933	S	0.086662
01440393649828	75020.502595	W	0.014592
01440393929992	75020.517187	S	0.381309
01440401251124	75020.898496	W	0.018806
01440401612204	75020.917302	S	0.595969
01440413054812	75021.513271	W	0.013041
01440413305208	75021.526313	S	2.001792
01440451739620	75023.528105	W	0.022684
01440452175152	75023.550789	S	3.004655
01440509864524	75026.555444	W	0.013827
01440510130012	75026.569271	S	0.268408
01440515283448	75026.837680	W	0.012802
01440515529244	75026.850481	S	0.006619
01440515656328	75026.857100	W	0.013479
01440515915116	75026.870579	S	0.099487
01440517825268	75026.970066	W	0.090754
01440519567740	75027.060820	S	0.185960
01440523138168	75027.246780	W	0.085153
01440524773108	75027.331933	S	0.827849
01440540667808	75028.159782	W	0.015598
01440540967296	75028.175380	S	1.405735
01440567957400	75029.581115	W	0.013793
01440568222224	75029.594907	S	2.381802
01440613952816	75031.976709	W	0.236258
01440618488960	75032.212967	S	0.015837
01440618793028	75032.228804	W	0.063588
01440620013916	75032.292391	S	0.074366
01440621441744	75032.366757	W	0.087380
01440623119436	75032.454137	S	0.150751
01440626013856	75032.604888	W	0.021048
01440626417980	75032.625936	S	0.653797
01440638970888	75033.279734	W	0.015649
01440639271352	75033.295383	S	0.217491
01440643447184	75033.512874	W	0.013962
01440643715256	75033.526836	S	2.104852
01440684128412	75035.631688	W	0.022031
01440684551408	75035.653719	S	1.628262
01440715814032	75037.281981	W	0.086567
01440717476120	75037.368548	S	0.240185
01440722087676	75037.608733	W	0.109340
01440724187004	75037.718073	S	0.681603
01440737273784	75038.399676	W	0.015534
01440737572032	75038.415210	S	0.240795
01440742195300	75038.656005	W	0.021063
01440742599712	75038.677068	S	3.005661
01440800308412	75041.682730	W	0.012219
01440800543024	75041.694949	S	3.012946
01440858391596	75044.707896	W	0.013371
01440858648324	75044.721267	S	3.010374
01440916447512	75047.731641	W	0.013822
01440916712892	75047.745463	S	3.017163
01440974642424	75050.762626	W	0.021273
01440975050864	75050.783899	S	3.007819
01441032800996	75053.791719	W	0.013739
01441033064784	75053.805457	S	3.013475
01441090923500	75056.818932	W	0.013677
01441091186092	75056.832609	S	3.015443
01441149082604	75059.848052	W	0.022668
01441149517820	75059.870720	S	2.090093
01441189647604	75061.960813	W	0.013375
01441189904404	75061.974188	S	0.003669
01441189974856	75061.977857	W	0.013773
01441190239300	75061.991630	S	0.881937
01441207172488	75062.873567	W	0.021637
01441207587920	75062.895204	S	3.007257
01441265327248	75065.902461	W	0.014556
01441265606728	75065.917017	S	0.650547
01441278097240	75066.567565	W	0.012557
01441278338328	75066.580121	S	0.704444
01441291863656	75067.284565	W	0.012810
01441292109600	75067.297375	S	0.374854
01441299306804	75067.672229	W	0.039990
01441300074612	75067.712219	S	0.302163
01441305876144	75068.014382	W	0.015245
01441306168840	75068.029627	S	0.074131
01441307592152	75068.103758	W	0.012830
01441307838484	75068.116588	S	0.812116
01441323431116	75068.928704	W	0.014324
01441323706136	75068.943028	S	3.014852
01441381591300	75071.957880	W	0.014353
01441381866880	75071.972233	S	3.014371
01441439742804	75074.986604	W	0.014417
01441440019616	75075.001022	S	2.729568
01441492427328	75077.730590	W	0.013586
01441492688180	75077.744176	S	0.265176
01441497779568	75078.009352	W	0.014585
01441498059608	75078.023938	S	0.115379
01441500274876	75078.139316	W	0.013284
01441500529928	75078.152600	S	1.011062
01441519942316	75079.163662	W	0.026524
01441520451568	75079.190186	S	0.076044
01441521911616	75079.266230	W	0.012610
01441522153736	75079.278840	S	1.011200
01441541568768	75080.290040	W	0.026407
01441542075776	75080.316447	S	0.323033
01441548278000	75080.639479	W	0.015543
01441548576428	75080.655022	S	0.380231
01441555876860	75081.035253	W	0.014060
01441556146812	75081.049313	S	3.009821
01441613935368	75084.059134	W	0.014150
01441614207048	75084.073284	S	2.975560
01441671337792	75087.048843	W	0.018883
01441671700344	75087.067726	S	0.017955
01441672045088	75087.085682	W	0.021149
01441672451148	75087.106831	S	0.455214
01441681191248	75087.562044	W	0.017904
01441681535008	75087.579948	S	2.533498
01441730178168	75090.113446	W	0.013956
01441730446116	75090.127402	S	1.734293
01441763744532	75091.861694	W	0.013376
01441764001360	75091.875071	S	0.003785
01441764074032	75091.878856	W	0.013693
01441764336940	75091.892549	S	0.354612
01441771145484	75092.247161	W	0.087636
01441772828092	75092.334796	S	0.038504
01441773567376	75092.373301	W	0.084964
01441775198680	75092.458265	S	0.683106
01441788314316	75093.141371	W	0.022609
01441788748404	75093.163979	S	1.788676
01441823090988	75094.952656	W	0.013822
01441823356364	75094.966477	S	1.204342
01441846479732	75096.170819	W	0.021011
01441846883148	75096.191831	S	0.277585
01441852212776	75096.469415	W	0.013239
01441852466960	75096.482654	S	0.772458
01441867298152	75097.255112	W	0.310138
01441873252800	75097.565250	S	0.132865
01441875803816	75097.698115	W	0.087407
01441877482028	75097.785522	S	0.630639
01441889590296	75098.416161	W	0.013928
01441889857716	75098.430089	S	0.769645
01441904634896	75099.199734	W	0.013877
01441904901344	75099.213612	S	3.010007
01441962693484	75102.223619	W	0.013770
01441962957876	75102.237389	S	0.273499
01441968209060	75102.510889	W	0.086969
01441969878872	75102.597858	S	0.290822
01441975462648	75102.888680	W	0.087481
01441977142276	75102.976160	S	0.354187
01441983942664	75103.330347	W	0.023557
01441984394964	75103.353904	S	0.693195
01441997704308	75104.047099	W	0.013266
01441997959008	75104.060365	S	1.189769
01442020802572	75105.250134	W	0.022947
01442021243164	75105.273081	S	1.641273
01442052755600	75106.914354	W	0.013338
01442053011680	75106.927692	S	1.113055
01442074382328	75108.040746	W	0.013500
01442074641532	75108.054246	S	0.224949
01442078960548	75108.279195	W	0.013926
01442079227924	75108.293121	S	3.016788
01442137150260	75111.309909	W	0.013540
01442137410220	75111.323449	S	2.861266
01442192346524	75114.184715	W	0.013442
01442192604612	75114.198157	S	0.090989
01442194351592	75114.289145	W	0.013249
01442194605964	75114.302394	S	0.040282
01442195379384	75114.342676	W	0.013899
01442195646248	75114.356575	S	0.238237
01442200220404	75114.594813	W	0.013336
01442200476448	75114.608148	S	0.396065
01442208080900	75115.004214	W	0.013394
01442208338056	75115.017607	S	0.090338
01442210072540	75115.107945	W	0.012706
01442210316488	75115.120650	S	0.190880
01442213981380	75115.311530	W	0.013435
01442214239324	75115.324965	S	0.191663
01442217919252	75115.516628	W	0.013291
01442218174436	75115.529919	S	0.191111
01442221843764	75115.721029	W	0.013689
01442222106588	75115.734718	S	0.190859
01442225771084	75115.925577	W	0.013357
01442226027544	75115.938935	S	0.089066
01442227737612	75116.028001	W	0.013172
01442227990512	75116.041173	S	0.194576
01442231726372	75116.235749	W	0.015344
01442232020984	75116.251093	S	0.086281
01442233677588	75116.337374	W	0.013158
01442233930212	75116.350532	S	0.291838
01442239533508	75116.642370	W	0.013446
01442239791668	75116.655816	S	0.703366
01442253296288	75117.359182	W	0.013376
01442253553112	75117.372558	S	0.001554
01442253582948	75117.374112	W	0.022424
01442254013492	75117.396536	S	0.065045
01442255262348	75117.461581	W	0.013254
01442255516824	75117.474835	S	0.295518
01442261190768	75117.770352	W	0.012982
01442261440028	75117.783335	S	1.317041
01442286727212	75119.100376	W	0.013441
01442286985276	75119.113816	S	0.909535
01442304448356	75120.023352	W	0.023464
01442304898868	75120.046816	S	0.286206
01442310394032	75120.333022	W	0.012886
01442310641452	75120.345909	S	0.060937
01442311811440	75120.406846	W	0.013966
01442312079592	75120.420812	S	0.217037
01442316246696	75120.637849	W	0.017203
01442316576996	75120.655052	S	0.595547
01442328011504	75121.250599	W	0.013466
01442328270052	75121.264065	S	0.090077
01442329999536	75121.354143	W	0.019151
01442330367232	75121.373293	S	2.061021
01442369938836	75123.434314	W	0.021731
01442370356080	75123.456046	S	3.007519
01442428100440	75126.463565	W	0.013837
01442428366104	75126.477401	S	2.659744
01442479433196	75129.137146	W	0.013210
01442479686824	75129.150355	S	0.339136
01442486198232	75129.489491	W	0.022486
01442486629964	75129.511977	S	0.750736
01442501044104	75130.262714	W	0.017457
01442501379276	75130.280171	S	0.495479
01442510892476	75130.775650	W	0.018649
01442511250528	75130.794298	S	0.497203
01442520796828	75131.291501	W	0.027016
01442521315528	75131.318517	S	0.479319
01442530518448	75131.797836	W	0.012659
01442530761500	75131.810495	S	0.709957
01442544392676	75132.520452	W	0.013032
01442544642888	75132.533484	S	0.288265
01442550177572	75132.821749	W	0.013211
01442550431224	75132.834960	S	0.088901
01442552138116	75132.923860	W	0.013062
01442552388904	75132.936922	S	0.015516
01442552686816	75132.952438	W	0.037965
01442553415752	75132.990404	S	1.408325
01442580455592	75134.398729	W	0.015312
01442580749580	75134.414041	S	1.131264
01442602469840	75135.545304	W	0.022375
01442602899436	75135.567679	S	3.017967
01442660844408	75138.585646	W	0.013853
01442661110380	75138.599499	S	3.011288
01442718927116	75141.610787	W	0.014153
01442719198856	75141.624940	S	2.460555
01442766441520	75144.085496	W	0.013266
01442766696228	75144.098762	S	0.537344
01442777013240	75144.636106	W	0.022252
01442777440480	75144.658358	S	3.005061
01442835137656	75147.663420	W	0.013978
01442835406024	75147.677397	S	3.012022
01442893236840	75150.689419	W	0.022671
01442893672132	75150.712090	S	3.001036
01442951292028	75153.713126	W	0.013197
01442951545408	75153.726323	S	0.394308
01442959116120	75154.120631	W	0.013131
01442959368244	75154.133763	S	2.034551
01442998431632	75156.168314	W	0.012717
01442998675792	75156.181031	S	0.210900
01443002725064	75156.391930	W	0.014519
01443003003824	75156.406449	S	0.171248
01443006291792	75156.577698	W	0.012758
01443006536752	75156.590456	S	0.156356
01443009538788	75156.746812	W	0.014311
01443009813568	75156.761123	S	0.328315
01443016117224	75157.089439	W	0.012656
01443016360228	75157.102095	S	0.499437
01443025949424	75157.601533	W	0.012666
01443026192620	75157.614199	S	0.500648
01443035805052	75158.114846	W	0.018442
01443036159144	75158.133289	S	0.493610
01443045636452	75158.626899	W	0.018291
01443045987640	75158.645190	S	1.127434
01443067634364	75159.772623	W	0.014433
01443067911476	75159.787056	S	3.012848
01443125758156	75162.799904	W	0.014503
01443126036616	75162.814407	S	0.151764
01443128950492	75162.966171	W	0.036376
01443129648916	75163.002548	S	0.305893
01443135522068	75163.308441	W	0.015118
01443135812328	75163.323559	S	2.514366
01443184088152	75165.837925	W	0.014562
01443184367748	75165.852487	S	3.008765
01443242136028	75168.861251	W	0.013898
01443242402872	75168.875150	S	3.011365
01443300221072	75171.886514	W	0.013837
01443300486740	75171.900351	S	3.010257
01443358283672	75174.910608	W	0.013759
01443358547844	75174.924367	S	0.598277
01443370034760	75175.522644	W	0.013262
01443370289396	75175.535906	S	0.001474
01443370317704	75175.537380	W	0.013504
01443370576980	75175.550884	S	0.178824
01443374010400	75175.729708	W	0.013059
01443374261128	75175.742767	S	0.301797
01443380055636	75176.044564	W	0.110514
01443382177508	75176.155079	S	0.083990
01443383790108	75176.239068	W	0.084843
01443385419092	75176.323911	S	0.315279
01443391472452	75176.639190	W	0.015570
01443391771396	75176.654760	S	1.279904
01443416345544	75177.934664	W	0.014530
01443416624520	75177.949194	S	3.013009
01443474474300	75180.962203	W	0.022511
01443474906512	75180.984714	S	0.238602
01443479487668	75181.223316	W	0.311373
01443485466032	75181.534689	S	0.338733
01443491969700	75181.873422	W	0.014800
01443492253860	75181.888222	S	2.101287
01443532598572	75183.989509	W	0.021361
01443533008708	75184.010870	S	2.333826
01443577818160	75186.344696	W	0.087573
01443579499568	75186.432269	S	0.046765
01443580397448	75186.479034	W	0.086487
01443582058004	75186.565521	S	0.313634
01443588079780	75186.879155	W	0.015536
01443588378068	75186.894691	S	0.121555
01443590711916	75187.016246	W	0.022506
01443591144024	75187.038751	S	3.004021
01443648821232	75190.042773	W	0.013742
01443649085076	75190.056514	S	0.006520
01443649210268	75190.063035	W	0.148139
01443652054540	75190.211174	S	0.015784
01443652357588	75190.226958	W	0.063481
01443653576416	75190.290438	S	0.182215
01443657074940	75190.472653	W	0.120928
01443659396756	75190.593581	S	0.001643
01443659428300	75190.595224	W	0.063603
01443660649476	75190.658827	S	0.260560
01443665652228	75190.919387	W	0.087296
01443667328308	75191.006683	S	0.182737
01443670836868	75191.189420	W	0.142970
01443673581884	75191.332390	S	0.015964
01443673888400	75191.348354	W	0.064436
01443675125580	75191.412791	S	0.083879
01443676736060	75191.496670	W	0.121396
01443679066868	75191.618066	S	0.004732
01443679157724	75191.622798	W	0.063468
01443680376312	75191.686266	S	0.117614
01443682634496	75191.803880	W	0.088344
01443684330696	75191.892224	S	0.016051
01443684638876	75191.908275	W	0.063589
01443685859784	75191.971864	S	0.580675
01443697008736	75192.552538	W	0.089051
01443698718508	75192.641589	S	0.288684
01443704261248	75192.930273	W	0.084760
01443705888636	75193.015033	S	0.016064
01443706197068	75193.031097	W	0.063298
01443707412392	75193.094395	S	0.347828
01443714090680	75193.442223	W	0.086371
01443715748996	75193.528594	S	0.015887
01443716054024	75193.544480	W	0.063775
01443717278508	75193.608256	S	0.858034
01443733752760	75194.466290	W	0.084294
01443735371212	75194.550584	S	0.632493
01443747515076	75195.183077	W	0.086836
01443749182320	75195.269913	S	0.569124
01443760109500	75195.839036	W	0.015410
01443760405376	75195.854447	S	0.232234
01443764864272	75196.086681	W	0.014273
01443765138320	75196.100954	S	1.541093
01443794727308	75197.642047	W	0.013376
01443794984136	75197.655424	S	0.292687
01443800603728	75197.948111	W	0.013279
01443800858688	75197.961390	S	1.151285
01443822963364	75199.112675	W	0.013883
01443823229920	75199.126558	S	3.008647
01443880995952	75202.135206	W	0.013720
01443881259376	75202.148926	S	2.111236
01443921795108	75204.260162	W	0.087541
01443923475896	75204.347703	S	0.153770
01443926428280	75204.501473	W	0.129422
01443928913188	75204.630895	S	0.015839
01443929217296	75204.646734	W	0.078200
01443930718740	75204.724934	S	0.082745
01443932307448	75204.807680	W	0.129944
01443934802364	75204.937623	S	0.005168
01443934901588	75204.942791	W	0.089300
01443936616140	75205.032091	S	0.133452
01443939178416	75205.165543	W	0.013881
01443939444932	75205.179424	S	0.039058
01443940194844	75205.218481	W	0.121002
01443942518084	75205.339484	S	0.001590
01443942548612	75205.341074	W	0.121228
01443944876192	75205.462302	S	0.015992
01443945183244	75205.478294	W	0.128312
01443947646840	75205.606606	S	0.015960
01443947953264	75205.622566	W	0.401032
01443955653084	75206.023598	S	0.015999
01443955960272	75206.039597	W	0.118996
01443958244992	75206.158593	S	0.006108
01443958362272	75206.164702	W	0.132198
01443960900472	75206.296900	S	0.015986
01443961207412	75206.312886	W	0.096608
01443963062288	75206.409494	S	0.015905
01443963367668	75206.425399	W	0.112680
01443965531124	75206.538079	S	0.015768
01443965833872	75206.553848	W	0.284581
01443971297832	75206.838429	S	0.015777
01443971600756	75206.854206	W	0.123244
01443973967048	75206.977450	S	0.005066
01443974064312	75206.982516	W	0.097543
01443975937140	75207.080059	S	0.008734
01443976104836	75207.088794	W	0.062918
01443977312860	75207.151711	S	0.047287
01443978220776	75207.198999	W	0.087972
01443979909832	75207.286970	S	0.016261
01443980222044	75207.303231	W	0.103335
01443982206072	75207.406566	S	0.015868
01443982510732	75207.422434	W	0.092429
01443984285368	75207.514863	S	0.016116
01443984594796	75207.530979	W	0.063556
01443985815068	75207.594535	S	0.081370
01443987377380	75207.675905	W	0.231443
01443991821080	75207.907348	S	0.001613
01443991852040	75207.908960	W	0.092653
01443993630972	75208.001613	S	0.015275
01443993924244	75208.016888	W	0.087243
01443995599312	75208.104131	S	0.083728
01443997206896	75208.187859	W	0.291987
01444002813044	75208.479846	S	0.016013
01444003120496	75208.495859	W	0.090612
01444004860256	75208.586472	S	0.016000
01444005167452	75208.602471	W	0.063177
01444006380448	75208.665648	S	0.034196
01444007037020	75208.699845	W	0.942461
01444025132264	75209.642305	S	0.015967
01444025438840	75209.658273	W	0.083693
01444027045752	75209.741966	S	0.267412
01444032180064	75210.009378	W	0.015698
01444032481460	75210.025076	S	0.195474
01444036234560	75210.220550	W	0.023016
01444036676468	75210.243566	S	0.973165
01444055361228	75211.216731	W	0.021939
01444055782452	75211.238669	S	0.001927
01444055819452	75211.240596	W	0.015226
01444056111792	75211.255822	S	0.984765
01444075019276	75212.240587	W	0.023393
01444075468416	75212.263980	S	0.991756
01444094510136	75213.255736	W	0.014358
01444094785800	75213.270094	S	0.975646
01444113518208	75214.245740	W	0.014479
01444113796212	75214.260219	S	0.005545
01444113902672	75214.265764	W	0.014749
01444114185852	75214.280513	S	0.995679
01444133302892	75215.276192	W	0.022566
01444133736156	75215.298758	S	0.989214
01444152729064	75216.287972	W	0.014197
01444153001648	75216.302169	S	0.969269
01444171611612	75217.271438	W	0.022975
01444172052732	75217.294413	S	0.003059
01444172111472	75217.297472	W	0.012703
01444172355364	75217.310175	S	0.297599
01444178069256	75217.607774	W	0.012861
01444178316196	75217.620635	S	0.210419
01444182356236	75217.831054	W	0.014468
01444182634016	75217.845522	S	0.461871
01444191501940	75218.307393	W	0.014852
01444191787104	75218.322245	S	0.996986
01444210929236	75219.319231	W	0.013844
01444211195048	75219.333075	S	0.003225
01444211256972	75219.336301	W	0.013125
01444211508980	75219.349426	S	0.953815
01444229822220	75220.303241	W	0.013774
01444230086676	75220.317014	S	3.011034
01444287898520	75223.328048	W	0.022987
01444288339868	75223.351035	S	1.835614
01444323583656	75225.186649	W	0.012751
01444323828472	75225.199400	S	1.161803
01444346135088	75226.361203	W	0.013655
01444346397260	75226.374857	S	3.014560
01444404276812	75229.389417	W	0.022300
01444404704968	75229.411717	S	1.817804
01444439606804	75231.229521	W	0.017866
01444439949824	75231.247387	S	0.494105
01444449436636	75231.741491	W	0.018159
01444449785280	75231.759650	S	0.655901
01444462378576	75232.415551	W	0.013656
01444462640776	75232.429207	S	1.461259
01444490696952	75233.890466	W	0.013332
01444490952924	75233.903798	S	0.089099
01444492663616	75233.992897	W	0.013356
01444492920056	75234.006253	S	1.436903
01444520508592	75235.443156	W	0.021545
01444520922260	75235.464701	S	3.006506
01444578647180	75238.471207	W	0.013684
01444578909920	75238.484892	S	0.833182
01444594907016	75239.318074	W	0.012878
01444595154272	75239.330952	S	0.006439
01444595277892	75239.337390	W	0.013577
01444595538580	75239.350968	S	0.346650
01444602194256	75239.697618	W	0.048149
01444603118716	75239.745766	S	0.010889
01444603327784	75239.756655	W	0.091647
01444605087400	75239.848302	S	0.757396
01444619629412	75240.605699	W	0.086911
01444621298108	75240.692610	S	0.058549
01444622422240	75240.751158	W	0.084861
01444624051580	75240.836020	S	0.632047
01444636186876	75241.468066	W	0.013007
01444636436612	75241.481074	S	0.011495
01444636657312	75241.492568	W	0.013777
01444636921836	75241.506346	S	0.884773
01444653909472	75242.391118	W	0.015319
01444654203592	75242.406437	S	0.393282
01444661754604	75242.799719	W	0.013213
01444662008296	75242.812932	S	0.193677
01444665726900	75243.006609	W	0.014521
01444666005708	75243.021131	S	1.492610
01444694663816	75244.513740	W	0.021995
01444695086116	75244.535735	S	1.199745
01444718121212	75245.735480	W	0.310124
01444724075600	75246.045604	S	0.993329
01444743147512	75247.038933	W	0.015364
01444743442504	75247.054297	S	0.487404
01444752800652	75247.541701	W	0.021157
01444753206864	75247.562858	S	3.004394
01444810891224	75250.567251	W	0.014190
01444811163668	75250.581441	S	0.001555
01444811193520	75250.582996	W	0.013026
01444811443620	75250.596022	S	0.260826
01444816451488	75250.856848	W	0.087481
01444818131124	75250.944329	S	0.046854
01444819030716	75250.991183	W	0.086307
01444820687816	75251.077490	S	1.081306
01444841448900	75252.158797	W	0.015436
01444841745280	75252.174233	S	1.415239
01444868917868	75253.589472	W	0.013799
01444869182800	75253.603271	S	3.014835
01444927067636	75256.618106	W	0.013872
01444927333988	75256.631979	S	0.810362
01444942892948	75257.442341	W	0.036311
01444943590120	75257.478652	S	0.066252
01444944862156	75257.544904	W	0.013211
01444945115804	75257.558115	S	0.601202
01444956658884	75258.159317	W	0.013479
01444956917676	75258.172796	S	1.472652
01444985192596	75259.645448	W	0.014515
01444985471276	75259.659962	S	3.010366
01445043270308	75262.670329	W	0.014368
01445043546180	75262.684697	S	0.593647
01445054944208	75263.278344	W	0.034659
01445055609656	75263.313003	S	0.303166
01445061430436	75263.616169	W	0.015155
01445061721420	75263.631324	S	2.063709
01445101344628	75265.695033	W	0.022357
01445101773888	75265.717390	S	3.006916
01445159506672	75268.724306	W	0.013390
01445159763752	75268.737695	S	3.009957
01445217554932	75271.747653	W	0.021730
01445217972152	75271.769383	S	0.376803
01445225206772	75272.146186	W	0.013976
01445225475108	75272.160162	S	2.616300
01445275708076	75274.776462	W	0.021903
01445276128612	75274.798365	S	3.005283
01445333830044	75277.803648	W	0.021231
01445334237672	75277.824879	S	1.447981
01445362038904	75279.272860	W	0.013790
01445362303680	75279.286650	S	1.545383
01445391975024	75280.832032	W	0.013072
01445392226004	75280.845104	S	0.208861
01445396236140	75281.053966	W	0.061384
01445397414704	75281.115349	S	0.483247
01445406693052	75281.598596	W	0.015631
01445406993176	75281.614228	S	2.239186
01445449985552	75283.853414	W	0.022271
01445450413164	75283.875686	S	3.006201
01445508132228	75286.881887	W	0.023009
01445508574008	75286.904896	S	3.005448
01445566278608	75289.910344	W	0.013703
01445566541712	75289.924047	S	3.008157
01445624298328	75292.932205	W	0.013842
01445624564092	75292.946046	S	3.007152
01445682301416	75295.953199	W	0.022076
01445682725280	75295.975275	S	3.005811
01445740436860	75298.981086	W	0.013795
01445740701728	75298.994882	S	3.008808
01445798470832	75302.003689	W	0.013183
01445798723952	75302.016872	S	1.200497
01445821773504	75303.217370	W	0.013424
01445822031236	75303.230794	S	0.497139
01445831576304	75303.727932	W	0.013239
01445831830488	75303.741171	S	0.396334
01445839440096	75304.137505	W	0.013414
01445839697652	75304.150919	S	0.876262
01445856521876	75305.027181	W	0.013803
01445856786884	75305.040984	S	0.224209
01445861091696	75305.265192	W	0.017749
01445861432484	75305.282942	S	0.494007
01445870917412	75305.776949	W	0.017738
01445871257984	75305.794687	S	2.254150
01445914537660	75308.048836	W	0.023898
01445914996496	75308.072734	S	2.413679
01445961339140	75310.486414	W	0.015749
01445961641516	75310.502162	S	0.496721
01445971178568	75310.998884	W	0.015441
01445971475044	75311.014325	S	0.054560
01445972522596	75311.068885	W	0.048635
01445973456380	75311.117520	S	0.299018
01445979197532	75311.416538	W	0.015309
01445979491456	75311.431847	S	2.668845
01446030733280	75314.100692	W	0.014627
01446031014116	75314.115319	S	3.009737
01446088801060	75317.125055	W	0.022103
01446089225428	75317.147158	S	3.002639
01446146876088	75320.149796	W	0.013783
01446147140716	75320.163579	S	3.010417
01446204940720	75323.173996	W	0.021932
01446205361820	75323.195928	S	3.004849
01446263054928	75326.200777	W	0.014001
01446263323744	75326.214778	S	2.600927
01446313261548	75328.815706	W	0.013164
01446313514296	75328.828870	S	0.005009
01446313610476	75328.833879	W	0.014676
01446313892264	75328.848555	S	0.171992
01446317194504	75329.020547	W	0.013606
01446317455748	75329.034154	S	0.190174
01446321107084	75329.224327	W	0.012061
01446321338656	75329.236388	S	0.193574
01446325055268	75329.429962	W	0.023494
01446325506344	75329.453455	S	0.386303
01446332923356	75329.839758	W	0.013372
01446333180104	75329.853130	S	0.395278
01446340769436	75330.248408	W	0.012913
01446341017364	75330.261321	S	0.091258
01446342769508	75330.352579	W	0.087577
01446344450992	75330.440156	S	0.115970
01446346677616	75330.556126	W	0.084819
01446348306140	75330.640945	S	0.877707
01446365158108	75331.518651	W	0.015485
01446365455416	75331.534136	S	0.711369
01446379113692	75332.245505	W	0.014048
01446379383408	75332.259553	S	3.010575
01446437186440	75335.270127	W	0.013229
01446437440444	75335.283356	S	0.309650
01446443385724	75335.593006	W	0.237551
01446447946704	75335.830557	S	0.015873
01446448251472	75335.846431	W	0.063574
01446449472088	75335.910005	S	0.728524
01446463459756	75336.638529	W	0.015469
01446463756752	75336.653998	S	1.639077
01446495227032	75338.293075	W	0.013810
01446495492188	75338.306885	S	0.001524
01446495521452	75338.308409	W	0.015164
01446495812596	75338.323573	S	2.389521
01446541691408	75340.713094	W	0.109550
01446543794768	75340.822644	S	0.075875
01446545251568	75340.898519	W	0.087843
01446546938160	75340.986362	S	0.219511
01446551152776	75341.205874	W	0.013241
01446551406996	75341.219114	S	0.100961
01446553345456	75341.320076	W	0.021050
01446553749608	75341.341125	S	0.377054
01446560989052	75341.718180	W	0.012816
01446561235112	75341.730995	S	1.216894
01446584599476	75342.947889	W	0.013124
01446584851464	75342.961014	S	0.395370
01446592442568	75343.356384	W	0.013293
01446592697800	75343.369677	S	0.908369
01446610138492	75344.278046	W	0.022771
01446610575700	75344.300818	S	0.046492
01446611468344	75344.347310	W	0.013752
01446611732384	75344.361062	S	0.839907
01446627858600	75345.200969	W	0.013318
01446628114308	75345.214287	S	1.316960
01446653399944	75346.531247	W	0.013304
01446653655372	75346.544551	S	0.826857
01446669531020	75347.371407	W	0.013703
01446669794116	75347.385110	S	3.010213
01446727590196	75350.395323	W	0.013711
01446727853448	75350.409034	S	3.011926
01446785682420	75353.420959	W	0.013752
01446785946452	75353.434711	S	3.012498
01446843786408	75356.447209	W	0.014742
01446844069460	75356.461951	S	3.010437
01446901869852	75359.472388	W	0.014244
01446902143344	75359.486633	S	3.009489
01446959925540	75362.496122	W	0.013810
01446960190696	75362.509932	S	3.013157
01447018043316	75365.523089	W	0.013726
01447018306856	75365.536815	S	3.011170
01447076121324	75368.547986	W	0.020465
01447076514260	75368.568451	S	2.394480
01447122488276	75370.962931	W	0.059925
01447123638828	75371.022856	S	0.554133
01447134278180	75371.576989	W	0.013874
01447134544568	75371.590863	S	3.007391
01447192286468	75374.598254	W	0.013732
01447192550120	75374.611985	S	0.406395
01447200352904	75375.018380	W	1.688799
01447232777848	75376.707180	S	2.696136
01447284543668	75379.403316	W	0.017422
01447284878168	75379.420738	S	0.493885
01447294360752	75379.914623	W	0.018211
01447294710412	75379.932834	S	2.644198
01447345479016	75382.577032	W	0.015526
01447345777116	75382.592558	S	0.497645
01447355331896	75383.090203	W	0.014698
01447355614092	75383.104901	S	17.873028
01447698776236	75400.977929	W	0.048172
01447699701140	75401.026101	S	0.881992
01447716635388	75401.908093	W	0.016154
01447716945536	75401.924247	S	0.227602
01447721315500	75402.151849	W	0.014596
01447721595744	75402.166445	S	9.900820
01447911691492	75412.067265	W	0.012909
01447911939348	75412.080174	S	0.006433
01447912062860	75412.086607	W	0.013586
01447912323712	75412.100193	S	4.371248
01447996251676	75416.471441	W	0.018219
01447996601476	75416.489660	S	0.493818
01448006082784	75416.983478	W	0.018132
01448006430912	75417.001610	S	4.047057
01448084134408	75421.048667	W	0.022430
01448084565056	75421.071097	S	0.095140
01448086391736	75421.166236	W	0.192157
01448090081156	75421.358394	S	0.016770
01448090403136	75421.375163	W	0.065351
01448091657884	75421.440515	S	0.614991
01448103465704	75422.055505	W	0.013787
01448103730408	75422.069292	S	0.994470
01448122824236	75423.063762	W	0.013940
01448123091888	75423.077702	S	0.998725
01448142267408	75424.076427	W	0.013644
01448142529364	75424.090071	S	0.178024
01448145947416	75424.268095	W	0.013547
01448146207520	75424.281642	S	0.804888
01448161661364	75425.086529	W	0.022613
01448162095532	75425.109142	S	0.991435
01448181131076	75426.100577	W	0.022195
01448181557212	75426.122771	S	0.093244
01448183347500	75426.216016	W	0.235738
01448187873676	75426.451754	S	0.016089
01448188182588	75426.467843	W	0.063417
01448189400188	75426.531260	S	0.584159
01448200616040	75427.115419	W	0.020405
01448201007824	75427.135824	S	0.151013
01448203907268	75427.286837	W	0.013728
01448204170844	75427.300565	S	0.227858
01448208545716	75427.528423	W	0.013045
01448208796180	75427.541468	S	0.586920
01448220065040	75428.128387	W	0.021644
01448220480612	75428.150032	S	0.198521
01448224292208	75428.348552	W	0.013169
01448224545052	75428.361721	S	0.703602
01448238054216	75429.065324	W	0.013458
01448238312600	75429.078781	S	0.062518
01448239512952	75429.141300	W	0.013737
01448239776700	75429.155036	S	0.217692
01448243956392	75429.372729	W	0.013344
01448244212596	75429.386073	S	0.765362
01448258907552	75430.151435	W	0.022986
01448259348880	75430.174421	S	0.134325
01448261927920	75430.308746	W	0.013750
01448262191916	75430.322496	S	0.843397
01448278385136	75431.165892	W	0.013601
01448278646280	75431.179494	S	0.156347
01448281648140	75431.335841	W	0.103164
01448283628884	75431.439004	S	0.083715
01448285236220	75431.522720	W	0.086373
01448286894576	75431.609093	S	0.567318
01448297787088	75432.176411	W	0.013711
01448298050336	75432.190122	S	0.998325
01448317218180	75433.188447	W	0.013869
01448317484456	75433.202315	S	0.128317
01448319948144	75433.330633	W	0.013745
01448320212052	75433.344378	S	0.854843
01448336625036	75434.199221	W	0.013651
01448336887144	75434.212872	S	0.996590
01448356021672	75435.209462	W	0.014494
01448356299960	75435.223956	S	0.994790
01448375399936	75436.218747	W	0.021564
01448375813968	75436.240311	S	0.115075
01448378023404	75436.355386	W	0.013682
01448378286096	75436.369067	S	0.861190
01448394820948	75437.230258	W	0.013701
01448395084004	75437.243959	S	2.134939
01448436074828	75439.378897	W	0.013670
01448436337300	75439.392568	S	1.448503
01448464148548	75440.841070	W	0.026202
01448464651624	75440.867272	S	0.730818
01448478683336	75441.598090	W	0.015313
01448478977352	75441.613404	S	0.251697
01448483809928	75441.865100	W	0.026292
01448484314736	75441.891392	S	0.384011
01448491687756	75442.275404	W	0.013393
01448491944904	75442.288797	S	0.114027
01448494134228	75442.402824	W	0.013690
01448494397076	75442.416514	S	0.165800
01448497580432	75442.582314	W	0.022222
01448498007092	75442.604536	S	2.821288
01448552175824	75445.425824	W	0.021274
01448552584284	75445.447098	S	0.003986
01448552660824	75445.451085	W	0.012872
01448552907972	75445.463957	S	0.394901
01448560490068	75445.858858	W	0.013253
01448560744528	75445.872111	S	2.024996
01448599624448	75447.897107	W	4.879766
01448693315964	75452.776873	S	0.011965
01448693545688	75452.788838	W	0.014294
01448693820128	75452.803132	S	1.687235
01448726215032	75454.490366	W	0.014462
01448726492696	75454.504828	S	1.184853
01448749241872	75455.689681	W	0.016067
01448749550356	75455.705748	S	0.496737
01448759087700	75456.202484	W	0.012735
01448759332220	75456.215220	S	0.090454
01448761068940	75456.305674	W	0.012762
01448761313972	75456.318436	S	1.198092
01448784317340	75457.516528	W	0.015056
01448784606424	75457.531585	S	3.009001
01448842379248	75460.540586	W	0.023285
01448842826312	75460.563870	S	1.024181
01448862490580	75461.588051	W	0.058492
01448863613624	75461.646543	S	0.431483
01448871898096	75462.078026	W	0.015530
01448872196272	75462.093556	S	1.473501
01448900487496	75463.567057	W	0.021668
01448900903528	75463.588725	S	0.003200
01448900964972	75463.591926	W	0.013454
01448901223288	75463.605380	S	2.988588
01448958604184	75466.593968	W	0.013896
01448958870988	75466.607864	S	3.011837
01449016698268	75469.619701	W	0.022476
01449017129816	75469.642178	S	0.895384
01449034321180	75470.537561	W	0.013447
01449034579372	75470.551009	S	0.010830
01449034787316	75470.561839	W	0.013668
01449035049736	75470.575507	S	2.073160
01449074854412	75472.648667	W	0.021949
01449075275824	75472.670616	S	0.631767
01449087405752	75473.302383	W	0.013296
01449087661044	75473.315679	S	0.089276
01449089375136	75473.404955	W	0.013155
01449089627716	75473.418110	S	0.090489
01449091365096	75473.508599	W	0.012648
01449091607944	75473.521247	S	0.090212
01449093340008	75473.611459	W	0.015495
01449093637520	75473.626954	S	0.494970
01449103140948	75474.121924	W	0.019245
01449103510448	75474.141169	S	1.533627
01449132956084	75475.674796	W	0.013893
01449133222836	75475.688689	S	3.011339
01449191040544	75478.700028	W	0.013264
01449191295220	75478.713293	S	3.008553
01449249059436	75481.721846	W	0.013754
01449249323512	75481.735600	S	3.008242
01449307081756	75484.743841	W	0.023008
01449307523504	75484.766849	S	3.006169
01449365241948	75487.773018	W	0.022052
01449365665340	75487.795070	S	3.006327
01449423386816	75490.801397	W	0.022464
01449423818116	75490.823860	S	0.778788
01449438770844	75491.602648	W	0.047612
01449439685000	75491.650260	S	1.147505
01449461717100	75492.797766	W	0.015404
01449462012856	75492.813170	S	1.015903
01449481518188	75493.829072	W	0.022698
01449481953992	75493.851770	S	2.900284
01449537639440	75496.752054	W	0.013340
01449537895560	75496.765394	S	0.088790
01449539600336	75496.854184	W	0.012022
01449539831152	75496.866206	S	0.090686
01449541572316	75496.956891	W	0.013299
01449541827652	75496.970190	S	0.400926
01449549525432	75497.371116	W	0.169791
01449552785416	75497.540907	S	0.016006
01449553092736	75497.556913	W	0.070297
01449554442444	75497.627211	S	0.290651
01449560022936	75497.917861	W	0.015374
01449560318112	75497.933235	S	1.942186
01449597608088	75499.875421	W	0.013897
01449597874904	75499.889318	S	2.614433
01449648072012	75502.503751	W	0.236232
01449652607668	75502.739983	S	0.016476
01449652924012	75502.756459	W	0.062351
01449654121144	75502.818810	S	0.082471
01449655704592	75502.901281	W	0.014526
01449655983500	75502.915807	S	0.188714
01449659606804	75503.104521	W	0.015190
01449659898452	75503.119711	S	2.806190
01449713777300	75505.925901	W	0.014339
01449714052612	75505.940240	S	1.683609
01449746377896	75507.623849	W	0.102469
01449748345300	75507.726318	S	0.083532
01449749949108	75507.809849	W	0.085534
01449751591368	75507.895384	S	0.252327
01449756436052	75508.147711	W	0.015168
01449756727272	75508.162879	S	0.786244
01449771823156	75508.949123	W	0.023257
01449772269692	75508.972380	S	3.004603
01449829958068	75511.976983	W	0.013129
01449830210136	75511.990111	S	3.009513
01449887992792	75514.999625	W	0.013756
01449888256912	75515.013381	S	1.502346
01449917101960	75516.515727	W	0.013304
01449917357392	75516.529031	S	1.493683
01449946036112	75518.022714	W	0.013743
01449946299972	75518.036457	S	3.009845
01450004089000	75521.046302	W	0.013800
01450004353956	75521.060102	S	3.007493
01450062097824	75524.067595	W	0.013899
01450062364676	75524.081494	S	0.951300
01450080629640	75525.032794	W	0.013818
01450080894948	75525.046612	S	2.047424
01450120205492	75527.094036	W	0.013762
01450120469716	75527.107798	S	2.722137
01450172734752	75529.829935	W	0.013526
01450172994448	75529.843461	S	0.274808
01450178270756	75530.118269	W	0.014105
01450178541576	75530.132374	S	0.208599
01450182546668	75530.340972	W	0.014876
01450182832284	75530.355848	S	2.787138
01450236345324	75533.142986	W	0.021156
01450236751528	75533.164142	S	2.193721
01450278870972	75535.357863	W	0.013237
01450279125120	75535.371100	S	0.395257
01450286714056	75535.766357	W	0.013177
01450286967064	75535.779535	S	0.388708
01450294430256	75536.168243	W	0.014020
01450294699432	75536.182262	S	1.690431
01450327155712	75537.872693	W	0.070479
01450328508912	75537.943173	S	0.924362
01450346256660	75538.867534	W	0.015409
01450346552516	75538.882944	S	0.309357
01450352492172	75539.192301	W	0.022760
01450352929164	75539.215061	S	0.443799
01450361450104	75539.658860	W	0.018098
01450361797584	75539.676958	S	0.595594
01450373232980	75540.272551	W	0.019247
01450373602528	75540.291798	S	0.901944
01450390919860	75541.193743	W	0.013424
01450391177600	75541.207167	S	1.014937
01450410664384	75542.222103	W	0.013698
01450410927392	75542.235802	S	3.008605
01450468692604	75545.244406	W	0.013304
01450468948032	75545.257710	S	3.012889
01450526795496	75548.270599	W	0.013823
01450527060892	75548.284421	S	3.011964
01450584890600	75551.296385	W	0.014306
01450585165284	75551.310692	S	1.965384
01450622900652	75553.276076	W	0.012849
01450623147344	75553.288924	S	0.002769
01450623200516	75553.291694	W	0.014817
01450623485008	75553.306511	S	1.013702
01450642948084	75554.320213	W	0.022785
01450643385556	75554.342998	S	3.003574
01450701054180	75557.346572	W	0.014486
01450701332308	75557.361058	S	3.009679
01450759118144	75560.370737	W	0.013859
01450759384240	75560.384596	S	1.085712
01450780229908	75561.470308	W	0.017163
01450780559432	75561.487470	S	0.083711
01450782166692	75561.571182	W	0.013178
01450782419704	75561.584360	S	1.809305
01450817158356	75563.393664	W	0.013834
01450817423960	75563.407498	S	3.009260
01450875201752	75566.416758	W	0.021713
01450875618640	75566.438471	S	0.561868
01450886406504	75567.000339	W	0.014270
01450886680480	75567.014608	S	0.498972
01450896260740	75567.513580	W	0.014223
01450896533824	75567.527803	S	0.359628
01450903438680	75567.887431	W	0.051005
01450904417980	75567.938436	S	0.378901
01450911692884	75568.317338	W	0.015584
01450911992100	75568.332922	S	1.107714
01450933260216	75569.440636	W	0.014105
01450933531040	75569.454742	S	3.012722
01450991375304	75572.467464	W	0.013730
01450991638912	75572.481193	S	0.791408
01451006833952	75573.272602	W	0.013788
01451007098676	75573.286389	S	2.205632
01451049446808	75575.492021	W	0.014015
01451049715900	75575.506036	S	3.009907
01451107506112	75578.515943	W	0.013183
01451107759224	75578.529126	S	3.013890
01451165625908	75581.543016	W	0.013731
01451165889552	75581.556747	S	3.011168
01451223703972	75584.567915	W	0.021970
01451224125792	75584.589885	S	1.882891
01451260277304	75586.472776	W	0.013673
01451260539824	75586.486449	S	1.107316
01451281800288	75587.593765	W	0.021757
01451282218016	75587.615522	S	1.201465
01451305286136	75588.816986	W	0.013213
01451305539824	75588.830199	S	1.788178
01451339872840	75590.618377	W	0.021562
01451340286828	75590.639939	S	2.163262
01451381821464	75592.803201	W	0.013243
01451382075732	75592.816444	S	0.806015
01451397551216	75593.622459	W	0.013321
01451397806972	75593.635780	S	0.004881
01451397900696	75593.640661	W	0.102598
01451399870584	75593.743260	S	0.083777
01451401479104	75593.827037	W	0.085387
01451403118540	75593.912424	S	0.427499
01451411326520	75594.339923	W	0.013310
01451411582064	75594.353232	S	2.315128
01451456032520	75596.668360	W	0.013698
01451456295520	75596.682058	S	0.730294
01451470317164	75597.412352	W	0.013316
01451470572824	75597.425668	S	1.334717
01451496199388	75598.760385	W	0.237065
01451500751036	75598.997450	S	0.016006
01451501058356	75599.013456	W	0.064125
01451502289548	75599.077581	S	0.176624
01451505680724	75599.254204	W	0.013199
01451505934152	75599.267404	S	0.423965
01451514074284	75599.691369	W	0.013871
01451514340600	75599.705240	S	0.265869
01451519445288	75599.971109	W	0.013300
01451519700640	75599.984408	S	0.089163
01451521412568	75600.073571	W	0.013191
01451521665844	75600.086763	S	0.002451
01451521712900	75600.089214	W	0.014154
01451521984652	75600.103367	S	0.686125
01451535158260	75600.789493	W	0.012730
01451535402668	75600.802222	S	1.912739
01451572127260	75602.714961	W	0.022739
01451572563848	75602.737700	S	1.140794
01451594467088	75603.878494	W	0.104222
01451596468160	75603.982717	S	0.083378
01451598069020	75604.066095	W	0.085118
01451599703280	75604.151213	S	0.256902
01451604635804	75604.408115	W	0.015189
01451604927428	75604.423304	S	1.315875
01451630192236	75605.739179	W	0.021637
01451630607664	75605.760816	S	3.007504
01451688351732	75608.768319	W	0.022950
01451688792380	75608.791270	S	0.805565
01451704259220	75609.596834	W	0.012720
01451704503440	75609.609554	S	0.192982
01451708208688	75609.802536	W	0.014043
01451708478320	75609.816579	S	0.498171
01451718043196	75610.314750	W	0.014389
01451718319460	75610.329139	S	0.189726
01451721962196	75610.518864	W	0.015241
01451722254832	75610.534106	S	1.262683
01451746498352	75611.796789	W	0.022772
01451746935580	75611.819561	S	3.002970
01451804592604	75614.822531	W	0.013830
01451804858140	75614.836361	S	3.009690
01451862644192	75617.846052	W	0.013795
01451862909064	75617.859847	S	3.009422
01451920689968	75620.869269	W	0.013660
01451920952240	75620.882929	S	2.129703
01451961842536	75623.012632	W	0.013356
01451962098964	75623.025988	S	0.092339
01451963871868	75623.118326	W	0.013278
01451964126804	75623.131604	S	0.496434
01451973658328	75623.628038	W	0.014767
01451973941856	75623.642805	S	0.248555
01451978714108	75623.891360	W	0.013812
01451978979296	75623.905172	S	3.009672
01452036764992	75626.914843	W	0.013855
01452037031004	75626.928698	S	3.010620
01452094834900	75629.939318	W	0.013785
01452095099564	75629.953102	S	0.840593
01452111238944	75630.793695	W	0.013187
01452111492132	75630.806882	S	0.703618
01452125001592	75631.510500	W	0.013289
01452125256736	75631.523788	S	0.805101
01452140714684	75632.328890	W	0.012907
01452140962496	75632.341797	S	0.621722
01452152899568	75632.963519	W	0.013917
01452153166776	75632.977436	S	1.150901
01452175264068	75634.128337	W	0.070480
01452176617292	75634.198817	S	0.678241
01452189639512	75634.877058	W	0.015504
01452189937180	75634.892561	S	1.096088
01452210982064	75635.988649	W	0.013804
01452211247096	75636.002453	S	3.013327
01452269102968	75639.015780	W	0.022409
01452269533228	75639.038189	S	3.003692
01452327204116	75642.041881	W	0.014215
01452327477036	75642.056096	S	1.026696
01452347189604	75643.082792	W	0.013397
01452347446828	75643.096189	S	0.497548
01452356999756	75643.593737	W	0.013341
01452357255908	75643.607079	S	0.503200
01452366917352	75644.110279	W	0.013636
01452367179168	75644.123915	S	0.940619
01452385239048	75645.064534	W	0.021320
01452385648384	75645.085853	S	2.825525
01452439898468	75647.911379	W	0.013914
01452440165616	75647.925293	S	0.164372
01452443321552	75648.089664	W	0.013777
01452443586064	75648.103441	S	0.815842
01452459250232	75648.919283	W	0.012722
01452459494496	75648.932005	S	0.704774
01452473026160	75649.636779	W	0.013345
01452473282376	75649.650124	S	0.804411
01452488727072	75650.454535	W	0.013406
01452488984460	75650.467941	S	0.647921
01452501424552	75651.115862	W	0.013726
01452501688088	75651.129588	S	3.008876
01452559458512	75654.138464	W	0.012154
01452559691876	75654.150619	S	3.008809
01452617461012	75657.159428	W	0.014647
01452617742236	75657.174075	S	3.009144
01452675517800	75660.183219	W	0.014375
01452675793804	75660.197594	S	3.010059
01452733586944	75663.207653	W	0.014431
01452733864020	75663.222084	S	0.338815
01452740369260	75663.560899	W	0.021268
01452740777596	75663.582166	S	0.560194
01452751533328	75664.142361	W	0.051424
01452752520676	75664.193785	S	0.303939
01452758356296	75664.497724	W	0.015314
01452758650316	75664.513037	S	0.336070
01452765102868	75664.849108	W	0.087256
01452766778184	75664.936364	S	0.160155
01452769853156	75665.096519	W	0.084910
01452771483436	75665.181429	S	0.415526
01452779461540	75665.596955	W	0.015488
01452779758916	75665.612444	S	0.624984
01452791758608	75666.237428	W	0.013980
01452792027020	75666.251407	S	3.011258
01452849843180	75669.262666	W	0.013819
01452850108500	75669.276484	S	0.650708
01452862602092	75669.927192	W	0.236776
01452867148196	75670.163969	S	0.016087
01452867457064	75670.180055	W	0.063398
01452868674304	75670.243453	S	0.473647
01452877768324	75670.717100	W	0.015548
01452878066852	75670.732649	S	1.558444
01452907988984	75672.291093	W	0.013670
01452908251452	75672.304763	S	2.743930
01452960934904	75675.048693	W	0.102801
01452962908680	75675.151494	S	0.083665
01452964515044	75675.235159	W	0.093863
01452966317220	75675.329022	S	0.508104
01452976072808	75675.837125	W	0.015353
01452976367580	75675.852478	S	2.481076
01453024004232	75678.333554	W	0.021564
01453024418264	75678.355118	S	2.512414
01453072656616	75680.867532	W	0.012756
01453072901528	75680.880288	S	0.479693
01453082111624	75681.359980	W	0.021047
01453082515720	75681.381027	S	0.203188
01453086416932	75681.584215	W	0.013203
01453086670432	75681.597418	S	0.805940
01453102144476	75682.403358	W	0.013274
01453102399340	75682.416632	S	0.192981
01453106104580	75682.609614	W	0.013190
01453106357820	75682.622803	S	0.092591
01453108135576	75682.715395	W	0.013139
01453108387836	75682.728533	S	0.495639
01453117904100	75683.224172	W	0.017493
01453118239968	75683.241665	S	1.144751
01453140219188	75684.386416	W	0.021536
01453140632684	75684.407952	S	3.003276
01453198295588	75687.411229	W	0.013677
01453198558184	75687.424905	S	1.738231
01453231932220	75689.163136	W	0.015987
01453232239176	75689.179124	S	0.497051
01453241782560	75689.676175	W	0.014483
01453242060636	75689.690658	S	0.747412
01453256410952	75690.438070	W	0.013714
01453256674268	75690.451785	S	3.010572
01453314477252	75693.462357	W	0.013703
01453314740348	75693.476060	S	3.011968
01453372570128	75696.488028	W	0.023044
01453373012572	75696.511071	S	3.005715
01453430722304	75699.516787	W	0.021085
01453431127136	75699.537872	S	3.008350
01453488887460	75702.546222	W	0.013771
01453489151860	75702.559993	S	2.737554
01453541712896	75705.297547	W	0.070386
01453543064308	75705.367933	S	0.201248
01453546928264	75705.569180	W	0.022194
01453547354396	75705.591375	S	0.965424
01453565890532	75706.556799	W	0.015349
01453566185228	75706.572147	S	2.022038
01453605008356	75708.594185	W	0.013741
01453605272188	75708.607926	S	0.744841
01453619573140	75709.352768	W	0.013801
01453619838116	75709.366569	S	2.251536
01453663067608	75711.618105	W	0.013119
01453663319500	75711.631224	S	3.011056
01453721131780	75714.642280	W	0.021914
01453721552520	75714.664194	S	3.003058
01453779211236	75717.667252	W	0.013804
01453779476264	75717.681055	S	3.008370
01453837236972	75720.689426	W	0.022285
01453837664840	75720.711710	S	3.001853
01453895300424	75723.713564	W	0.013899
01453895567276	75723.727462	S	3.008101
01453953322808	75726.735563	W	0.021941
01453953744084	75726.757504	S	3.006169
01454011462536	75729.763674	W	0.013667
01454011724944	75729.777341	S	2.802323
01454065529544	75732.579664	W	0.013254
01454065784016	75732.592918	S	0.009249
01454065961592	75732.602166	W	0.013657
01454066223800	75732.615823	S	0.168795
01454069464656	75732.784618	W	0.013816
01454069729928	75732.798434	S	0.242136
01454074378948	75733.040570	W	0.087355
01454076056156	75733.127925	S	0.065715
01454077317880	75733.193640	W	0.085221
01454078954132	75733.278861	S	1.437221
01454106548772	75734.716082	W	0.015523
01454106846820	75734.731605	S	1.077545
01454127535676	75735.809150	W	0.014009
01454127804656	75735.823159	S	2.457386
01454174986472	75738.280545	W	0.312677
01454180989876	75738.593223	S	0.243275
01454185660756	75738.836498	W	0.013847
01454185926624	75738.850345	S	0.986272
01454204863052	75739.836617	W	0.015414
01454205158996	75739.852031	S	2.008912
01454243730112	75741.860943	W	0.020906
01454244131508	75741.881849	S	1.518572
01454273288088	75743.400421	W	0.087964
01454274976988	75743.488385	S	0.047661
01454275892088	75743.536046	W	0.086115
01454277545496	75743.622161	S	0.511428
01454287364912	75744.133589	W	0.015608
01454287664592	75744.149197	S	0.734551
01454301767968	75744.883748	W	0.014553
01454302047380	75744.898301	S	3.010645
01454359851768	75747.908946	W	0.023064
01454360294596	75747.932010	S	3.005708
01454418004192	75750.937718	W	0.014407
01454418280808	75750.952125	S	3.012423
01454476119336	75753.964549	W	0.014871
01454476404864	75753.979420	S	2.766914
01454529529620	75756.746334	W	0.018652
01454529887740	75756.764986	S	0.223399
01454534177008	75756.988386	W	0.014485
01454534455112	75757.002870	S	0.255671
01454539364000	75757.258542	W	0.016164
01454539674340	75757.274705	S	0.086167
01454541328748	75757.360872	W	0.014257
01454541602492	75757.375130	S	2.638182
01454592255588	75760.013312	W	0.013849
01454592521484	75760.027161	S	0.203242
01454596423728	75760.230403	W	0.013741
01454596687560	75760.244144	S	0.498385
01454606256544	75760.742528	W	0.013343
01454606512728	75760.755871	S	0.087666
01454608195924	75760.843538	W	0.013251
01454608450344	75760.856789	S	2.183129
01454650366412	75763.039917	W	0.020846
01454650766664	75763.060764	S	3.004809
01454708459004	75766.065573	W	0.022167
01454708884620	75766.087741	S	3.005745
01454766594932	75769.093486	W	0.022076
01454767018784	75769.115562	S	1.676392
01454799205508	75770.791954	W	0.013742
01454799469352	75770.805695	S	1.316960
01454824754980	75772.122655	W	0.013830
01454825020516	75772.136485	S	1.462299
01454853096652	75773.598784	W	0.061423
01454854275976	75773.660207	S	0.736243
01454868411836	75774.396450	W	0.015422
01454868707932	75774.411871	S	0.735989
01454882838912	75775.147860	W	0.022114
01454883263504	75775.169974	S	3.005167
01454940962712	75778.175141	W	0.013333
01454941218696	75778.188474	S	3.011773
01454999044740	75781.200247	W	0.014301
01454999319320	75781.214548	S	3.010051
01455057112292	75784.224599	W	0.021192
01455057519188	75784.245791	S	3.005561
01455115225956	75787.251352	W	0.013657
01455115488180	75787.265009	S	3.010956
01455173298536	75790.275965	W	0.020928
01455173700348	75790.296893	S	3.003544
01455231368400	75793.300438	W	0.012194
01455231602524	75793.312631	S	0.707121
01455245179244	75794.019752	W	0.022330
01455245607980	75794.042082	S	1.142729
01455267548376	75795.184811	W	0.087606
01455269230412	75795.272417	S	0.078133
01455270730560	75795.350550	W	0.084844
01455272359560	75795.435394	S	0.721013
01455286203012	75796.156407	W	0.015396
01455286498608	75796.171803	S	0.155398
01455289482256	75796.327201	W	0.013832
01455289747832	75796.341033	S	1.774557
01455323819324	75798.115590	W	0.013409
01455324076784	75798.128999	S	0.805787
01455339547888	75798.934786	W	0.013312
01455339803484	75798.948098	S	0.404655
01455347572860	75799.352753	W	0.022050
01455347996212	75799.374803	S	0.276795
01455353310676	75799.651598	W	0.013404
01455353568032	75799.665002	S	0.567302
01455364460236	75800.232304	W	0.312046
01455370451524	75800.544350	S	0.732032
01455384506532	75801.276382	W	0.015656
01455384807120	75801.292037	S	1.087272
01455405682748	75802.379310	W	0.014001
01455405951568	75802.393311	S	2.958024
01455462745636	75805.351335	W	0.087950
01455464434276	75805.439285	S	0.048896
01455465373076	75805.488181	W	0.086292
01455467029876	75805.574473	S	0.821808
01455482808588	75806.396281	W	0.015313
01455483102600	75806.411594	S	2.013695
01455521765548	75808.425289	W	0.022243
01455522192620	75808.447532	S	3.004654
01455579881984	75811.452187	W	0.013355
01455580138392	75811.465541	S	3.013699
01455638001404	75814.479240	W	0.013831
01455638266960	75814.493071	S	3.015365
01455696161964	75817.508436	W	0.022512
01455696594192	75817.530947	S	3.002997
01455754251732	75820.533944	W	0.013973
01455754520004	75820.547917	S	3.009354
01455812299592	75823.557270	W	0.013708
01455812562792	75823.570979	S	3.012520
01455870403176	75826.583499	W	0.022546
01455870836052	75826.606044	S	3.009508
01455928618600	75829.615552	W	0.013714
01455928881916	75829.629266	S	1.255715
01455952991644	75830.884981	W	0.017496
01455953327564	75830.902477	S	0.596670
01455964783620	75831.499147	W	0.018546
01455965139700	75831.517693	S	0.594953
01455976562796	75832.112646	W	0.013218
01455976816588	75832.125864	S	0.007106
01455976953024	75832.132970	W	0.013764
01455977217292	75832.146734	S	0.085953
01455978867584	75832.232687	W	0.013859
01455979133684	75832.246546	S	0.395049
01455986718620	75832.641595	W	0.021206
01455987125776	75832.662801	S	0.679770
01456000177356	75833.342571	W	0.015765
01456000480040	75833.358335	S	0.497543
01456010032872	75833.855879	W	0.015442
01456010329368	75833.871321	S	1.679869
01456042582860	75835.551191	W	0.061337
01456043760528	75835.612527	S	0.054392
01456044804856	75835.666920	W	0.013883
01456045071404	75835.680802	S	1.434815
01456072619860	75837.115618	W	0.015590
01456072919196	75837.131208	S	1.560486
01456102880520	75838.691694	W	0.021340
01456103290244	75838.713034	S	3.006979
01456161024244	75841.720013	W	0.022741
01456161460872	75841.742754	S	3.003343
01456219125060	75844.746097	W	0.020386
01456219516464	75844.766482	S	3.008423
01456277278184	75847.774905	W	0.013539
01456277538128	75847.788444	S	3.014195
01456335410680	75850.802640	W	0.013836
01456335676336	75850.816476	S	0.404864
01456343449732	75851.221340	W	0.014449
01456343727152	75851.235789	S	0.998173
01456362892080	75852.233963	W	0.020892
01456363293204	75852.254854	S	0.991441
01456382328880	75853.246296	W	0.022131
01456382753804	75853.268427	S	0.562871
01456393560920	75853.831298	W	0.013760
01456393825116	75853.845058	S	0.181063
01456397301528	75854.026121	W	0.013386
01456397558532	75854.039507	S	0.220859
01456401799016	75854.260365	W	0.021906
01456402219612	75854.282271	S	0.461346
01456411077452	75854.743617	W	0.013213
01456411331148	75854.756831	S	0.516312
01456421244340	75855.273143	W	0.023341
01456421692492	75855.296484	S	0.046520
01456422585672	75855.343004	W	0.098306
01456424473144	75855.441310	S	0.120524
01456426787196	75855.561833	W	0.120980
01456429110020	75855.682814	S	0.605704
01456440739532	75856.288517	W	0.013302
01456440994928	75856.301819	S	0.283659
01456446441184	75856.585478	W	0.539013
01456456790228	75857.124491	S	0.084133
01456458405580	75857.208624	W	0.015652
01456458706092	75857.224276	S	0.074134
01456460129460	75857.298409	W	0.021573
01456460543656	75857.319982	S	0.187762
01456464148680	75857.507744	W	0.012660
01456464391748	75857.520404	S	0.790970
01456479578368	75858.311373	W	0.021431
01456479989852	75858.332805	S	0.097652
01456481864772	75858.430457	W	0.013279
01456482119732	75858.443736	S	0.880597
01456499027188	75859.324333	W	0.023267
01456499473916	75859.347600	S	0.530286
01456509655408	75859.877886	W	0.013829
01456509920932	75859.891715	S	0.448069
01456518523852	75860.339784	W	0.021746
01456518941368	75860.361530	S	0.029827
01456519514040	75860.391356	W	0.236805
01456524060692	75860.628161	S	0.016077
01456524369364	75860.644238	W	0.063399
01456525586616	75860.707636	S	0.001610
01456525617520	75860.709246	W	0.015439
01456525913956	75860.724685	S	0.627347
01456537959020	75861.352032	W	0.013251
01456538213432	75861.365283	S	0.238394
01456542790600	75861.603677	W	0.013280
01456543045576	75861.616957	S	0.709565
01456556669220	75862.326522	W	0.013290
01456556924392	75862.339812	S	0.023325
01456557372232	75862.363137	W	0.022266
01456557799732	75862.385403	S	0.518516
01456567755248	75862.903919	W	0.020988
01456568158212	75862.924907	S	0.113355
01456570334624	75863.038262	W	0.013262
01456570589256	75863.051524	S	0.324462
01456576818920	75863.375985	W	0.013831
01456577084476	75863.389816	S	0.998299
01456596251824	75864.388116	W	0.022988
01456596693200	75864.411104	S	0.991951
01456615738652	75865.403055	W	0.014606
01456616019084	75865.417661	S	0.093929
01456617822524	75865.511590	W	0.164127
01456620973760	75865.675717	S	0.187902
01456624581472	75865.863618	W	0.015412
01456624877376	75865.879030	S	0.053275
01456625900252	75865.932305	W	0.014545
01456626179524	75865.946850	S	0.467287
01456635151432	75866.414137	W	0.019867
01456635532888	75866.434005	S	0.657922
01456648164988	75867.091926	W	0.479537
01456657372096	75867.571463	S	0.081514
01456658937164	75867.652977	W	0.015272
01456659230384	75867.668249	S	0.697305
01456672618632	75868.365554	W	0.013499
01456672877820	75868.379053	S	0.052298
01456673881940	75868.431351	W	0.014490
01456674160152	75868.445841	S	0.428680
01456682390804	75868.874521	W	0.018896
01456682753600	75868.893417	S	0.063184
01456683966740	75868.956601	W	0.014864
01456684252132	75868.971465	S	0.472195
01456693318268	75869.443660	W	0.022699
01456693754080	75869.466358	S	0.990136
01456712764688	75870.456494	W	0.023810
01456713221832	75870.480304	S	0.990480
01456732239048	75871.470784	W	0.014553
01456732518472	75871.485337	S	0.495025
01456742022944	75871.980362	W	0.014557
01456742302432	75871.994918	S	0.486867
01456751650284	75872.481786	W	0.022142
01456752075404	75872.503927	S	0.990024
01456771083860	75873.493951	W	0.014503
01456771362312	75873.508454	S	0.998553
01456790534536	75874.507007	W	0.014606
01456790814968	75874.521613	S	0.012704
01456791058884	75874.534317	W	0.014588
01456791338968	75874.548905	S	0.452979
01456800036156	75875.001883	W	0.014795
01456800320216	75875.016678	S	0.501347
01456809946072	75875.518025	W	0.022783
01456810383508	75875.540808	S	2.490797
01456858206816	75878.031605	W	0.014155
01456858478596	75878.045760	S	3.012239
01456916313580	75881.057999	W	0.019935
01456916696340	75881.077934	S	3.005361
01456974399268	75884.083295	W	0.013861
01456974665392	75884.097156	S	3.022086
01457032689440	75887.119242	W	0.013016
01457032939344	75887.132257	S	0.071189
01457034306164	75887.203446	W	0.013194
01457034559480	75887.216640	S	0.703677
01457048070080	75887.920317	W	0.013150
01457048322568	75887.933467	S	0.806224
01457063802060	75888.739691	W	0.013245
01457064056372	75888.752936	S	1.392249
01457090787560	75890.145185	W	0.022214
01457091214060	75890.167399	S	3.009428
01457148995076	75893.176827	W	0.013757
01457149259204	75893.190584	S	0.482741
01457158527828	75893.673324	W	0.012983
01457158777108	75893.686308	S	0.542227
01457169187868	75894.228535	W	1.645948
01457200790068	75895.874483	S	0.011501
01457201010892	75895.885984	W	0.013419
01457201268528	75895.899402	S	0.297667
01457206983732	75896.197069	W	0.022252
01457207410968	75896.219321	S	3.005086
01457265108624	75899.224408	W	0.013863
01457265374796	75899.238271	S	3.013699
01457323237824	75902.251970	W	0.013303
01457323493240	75902.265273	S	2.654981
01457374468872	75904.920254	W	0.013167
01457374721684	75904.933421	S	0.344690
01457381339736	75905.278111	W	0.022409
01457381769984	75905.300520	S	2.179749
01457423621156	75907.480269	W	0.015051
01457423910132	75907.495319	S	0.497993
01457433471596	75907.993312	W	0.014507
01457433750140	75908.007820	S	0.295066
01457439415400	75908.302885	W	0.013774
01457439679868	75908.316660	S	3.009331
01457497459024	75911.325991	W	0.021684
01457497875352	75911.347675	S	0.329466
01457504201100	75911.677141	W	0.026265
01457504705396	75911.703406	S	0.545901
01457515186692	75912.249307	W	0.013841
01457515452440	75912.263148	S	1.359574
01457541556256	75913.622722	W	0.026381
01457542062780	75913.649103	S	0.702493
01457555550648	75914.351596	W	0.022031
01457555973636	75914.373627	S	3.005008
01457613669784	75917.378635	W	0.013763
01457613934024	75917.392397	S	2.272361
01457657563364	75919.664759	W	0.013325
01457657819208	75919.678084	S	0.729456
01457671824768	75920.407540	W	0.021199
01457672231792	75920.428739	S	0.115973
01457674458480	75920.544713	W	0.087344
01457676135488	75920.632057	S	0.056322
01457677216876	75920.688379	W	0.086299
01457678873824	75920.774678	S	0.811413
01457694452952	75921.586091	W	0.015373
01457694748116	75921.601464	S	0.930081
01457712605672	75922.531545	W	0.025691
01457713098948	75922.557237	S	0.312177
01457719092740	75922.869414	W	0.015534
01457719390984	75922.884947	S	0.553149
01457730011440	75923.438096	W	0.021391
01457730422156	75923.459487	S	1.018799
01457749983100	75924.478286	W	0.025596
01457750474548	75924.503883	S	0.486846
01457759821984	75924.990728	W	0.017345
01457760155004	75925.008073	S	0.663473
01457772893692	75925.671546	W	0.310351
01457778852436	75925.981898	S	0.483431
01457788134304	75926.465328	W	0.021491
01457788546936	75926.486820	S	1.881965
01457824680668	75928.368785	W	0.023554
01457825132912	75928.392339	S	0.080076
01457826670380	75928.472416	W	0.013080
01457826921516	75928.485496	S	0.395342
01457834512076	75928.880837	W	0.013253
01457834766532	75928.894090	S	0.599420
01457846275400	75929.493510	W	0.019212
01457846644276	75929.512723	S	1.278745
01457871196172	75930.791467	W	0.087841
01457872882728	75930.879309	S	0.049039
01457873824276	75930.928348	W	0.086066
01457875476744	75931.014414	S	0.811386
01457891055364	75931.825800	W	0.015481
01457891352604	75931.841281	S	0.679879
01457904406272	75932.521160	W	0.013951
01457904674128	75932.535111	S	3.011090
01457962487048	75935.546200	W	0.013798
01457962751968	75935.559998	S	3.009835
01458020540796	75938.569833	W	0.013722
01458020804256	75938.583555	S	0.434700
01458029150488	75939.018255	W	0.013245
01458029404792	75939.031500	S	0.703524
01458042912448	75939.735023	W	0.013378
01458043169304	75939.748401	S	0.805820
01458058641052	75940.554221	W	0.013584
01458058901872	75940.567806	S	1.026092
01458078602840	75941.593898	W	0.013936
01458078870416	75941.607834	S	2.635806
01458129477892	75944.243640	W	0.013056
01458129728572	75944.256696	S	0.358027
01458136602696	75944.614724	W	0.013536
01458136862580	75944.628259	S	2.997282
01458194410388	75947.625541	W	0.013779
01458194674940	75947.639320	S	3.001187
01458252297732	75950.640507	W	0.013879
01458252564204	75950.654386	S	3.006782
01458310294428	75953.661168	W	0.014046
01458310564112	75953.675214	S	1.437460
01458338163336	75955.112674	W	0.013780
01458338427912	75955.126454	S	1.551275
01458368212396	75956.677729	W	0.021933
01458368633512	75956.699662	S	2.999412
01458426222216	75959.699074	W	0.012777
01458426467540	75959.711851	S	1.279364
01458451031328	75960.991215	W	0.061331
01458452208888	75961.052546	S	0.281130
01458457606588	75961.333676	W	0.015475
01458457903704	75961.349151	S	0.914005
01458475452608	75962.263157	W	0.013416
01458475710196	75962.276573	S	0.009033
01458475883620	75962.285605	W	0.013819
01458476148944	75962.299424	S	0.416660
01458484148808	75962.716084	W	0.013731
01458484412440	75962.729815	S	3.006739
01458542141828	75965.736554	W	0.013866
01458542408056	75965.750420	S	3.001764
01458600041924	75968.752184	W	0.022183
01458600467840	75968.774367	S	3.000805
01458658083288	75971.775171	W	0.013828
01458658348788	75971.788999	S	3.001909
01458715985432	75974.790908	W	0.013653
01458716247576	75974.804561	S	3.011491
01458774068204	75977.816052	W	0.013244
01458774322496	75977.829297	S	2.679112
01458825761440	75980.508408	W	0.013586
01458826022296	75980.521995	S	0.315255
01458832075184	75980.837249	W	0.013792
01458832339996	75980.851041	S	0.669096
01458845186632	75981.520137	W	0.013422
01458845444336	75981.533559	S	0.495252
01458854953176	75982.028811	W	0.014835
01458855238004	75982.043646	S	1.811634
01458890021384	75983.855280	W	0.013881
01458890287892	75983.869161	S	3.001168
01458947910308	75986.870329	W	0.014465
01458948188044	75986.884794	S	3.009430
01459005969108	75989.894224	W	0.014116
01459006240140	75989.908341	S	0.001531
01459006269544	75989.909872	W	0.015327
01459006563820	75989.925199	S	0.601644
01459018115388	75990.526843	W	0.018046
01459018461876	75990.544889	S	0.461151
01459027315972	75991.006040	W	0.049737
01459028270924	75991.055777	S	0.929640
01459046120020	75991.985418	W	0.015781
01459046423012	75992.001199	S	0.914186
01459063975388	75992.915385	W	0.013805
01459064240444	75992.929190	S	2.272761
01459107877456	75995.201951	W	0.013787
01459108142176	75995.215738	S	0.136102
01459110755336	75995.351840	W	0.038272
01459111490152	75995.390112	S	0.055051
01459112547132	75995.445163	W	0.029577
01459113115020	75995.474741	S	0.121116
01459115440452	75995.595857	W	0.014325
01459115715496	75995.610182	S	0.188564
01459119335932	75995.798746	W	0.015361
01459119630868	75995.814108	S	10.753280
01459326093840	76006.567388	W	0.409905
01459333964012	76006.977292	S	128.054388
01461792608264	76135.031680	W	15.163791
01462083753056	76150.195472	S	0.069283
01462085083296	76150.264755	W	0.013474
01462085341996	76150.278229	S	0.755195
01462099841748	76151.033424	W	0.014475
01462100119672	76151.047900	S	0.069025
01462101444948	76151.116924	W	0.022246
01462101872064	76151.139170	S	0.988652
01462120854184	76152.127822	W	0.014438
01462121131392	76152.142260	S	0.997228
01462140278168	76153.139488	W	0.024041
01462140739756	76153.163529	S	0.893636
01462157897576	76154.057165	W	0.011771
01462158123572	76154.068936	S	0.084291
01462159741956	76154.153227	W	0.014669
01462160023608	76154.167896	S	0.995183
01462179131124	76155.163079	W	0.013500
01462179390320	76155.176579	S	0.930151
01462197249228	76156.106731	W	0.013612
01462197510572	76156.120342	S	0.052639
01462198521240	76156.172981	W	0.013875
01462198787644	76156.186856	S	0.892448
01462215922644	76157.079304	W	0.013514
01462216182104	76157.092818	S	0.092414
01462217956448	76157.185232	W	0.023186
01462218401616	76157.208418	S	0.143946
01462221165372	76157.352363	W	0.103822
01462223158748	76157.456185	S	0.664419
01462235915596	76158.120604	W	0.086212
01462237570868	76158.206816	S	0.998188
01462256736084	76159.205004	W	0.013678
01462256998692	76159.218682	S	0.883135
01462273954888	76160.101817	W	0.013695
01462274217832	76160.115512	S	0.098460
01462276108272	76160.213973	W	0.021969
01462276530076	76160.235941	S	0.991254
01462295562160	76161.227196	W	0.023367
01462296010804	76161.250563	S	0.992258
01462315062148	76162.242820	W	0.022490
01462315493948	76162.265310	S	0.859860
01462332003260	76163.125170	W	0.013769
01462332267632	76163.138939	S	0.100536
01462334197928	76163.239475	W	0.086618
01462335860996	76163.326094	S	0.934086
01462353795452	76164.260180	W	0.013808
01462354060560	76164.273987	S	0.998385
01462373229548	76165.272372	W	0.022155
01462373654932	76165.294528	S	0.855504
01462390080616	76166.150032	W	0.013730
01462390344232	76166.163762	S	0.122134
01462392689208	76166.285896	W	0.020830
01462393089152	76166.306727	S	0.993207
01462412158724	76167.299934	W	0.022667
01462412593932	76167.322601	S	0.992367
01462431647384	76168.314968	W	0.021222
01462432054840	76168.336190	S	0.843071
01462448241796	76169.179260	W	0.013770
01462448506180	76169.193030	S	0.135907
01462451115588	76169.328937	W	0.013704
01462451378700	76169.342641	S	0.997838
01462470537196	76170.340479	W	0.021588
01462470951680	76170.362067	S	0.990860
01462489976192	76171.352927	W	0.013805
01462490241244	76171.366731	S	0.835988
01462506292212	76172.202719	W	0.013844
01462506558008	76172.216563	S	0.147633
01462509392564	76172.364196	W	0.022369
01462509822052	76172.386565	S	0.990073
01462528831448	76173.376638	W	0.021979
01462529253452	76173.398617	S	1.826239
01462564317232	76175.224856	W	0.013586
01462564578088	76175.238442	S	3.006687
01462622306476	76178.245129	W	0.021705
01462622723208	76178.266834	S	2.999276
01462680309312	76181.266110	W	0.013689
01462680572144	76181.279799	S	3.004345
01462738255572	76184.284144	W	0.013803
01462738520580	76184.297947	S	3.003170
01462796181452	76187.301117	W	0.013833
01462796447040	76187.314950	S	3.011896
01462854275452	76190.326846	W	0.013162
01462854528168	76190.340009	S	2.962653
01462911411104	76193.302662	W	0.036725
01462912116220	76193.339386	S	0.008536
01462912280116	76193.347923	W	0.013847
01462912545980	76193.361770	S	0.862422
01462929104492	76194.224192	W	0.015492
01462929401944	76194.239685	S	0.574306
01462940428612	76194.813990	W	0.013414
01462940686164	76194.827404	S	0.089010
01462942395152	76194.916414	W	0.013159
01462942647800	76194.929573	S	1.438521
01462970267400	76196.368094	W	0.014476
01462970545332	76196.382569	S	0.410315
01462978423380	76196.792884	W	0.014505
01462978701880	76196.807390	S	0.360871
01462985630600	76197.168260	W	0.012772
01462985875828	76197.181033	S	2.209598
01463028300116	76199.390631	W	0.014616
01463028580748	76199.405247	S	3.006220
01463086300168	76202.411467	W	0.013801
01463086565148	76202.425268	S	2.891149
01463142075208	76205.316417	W	0.165172
01463145246520	76205.481590	S	0.001614
01463145277516	76205.483204	W	0.062200
01463146471760	76205.545404	S	0.003200
01463146533200	76205.548604	W	0.343769
01463153133564	76205.892373	S	0.016526
01463153450856	76205.908899	W	0.256554
01463158376688	76206.165453	S	0.016227
01463158688248	76206.181680	W	0.062114
01463159880828	76206.243793	S	0.038058
01463160611540	76206.281851	W	0.083049
01463162206088	76206.364900	S	0.016401
01463162520996	76206.381302	W	0.058190
01463163638236	76206.439491	S	0.280401
01463169021928	76206.719892	W	0.015581
01463169321084	76206.735473	S	0.059063
01463170455100	76206.794536	W	0.025401
01463170942796	76206.819937	S	0.179310
01463174385556	76206.999248	W	0.023910
01463174844636	76207.023158	S	1.280766
01463199435348	76208.303924	W	0.015396
01463199730960	76208.319321	S	0.115217
01463201943124	76208.434538	W	0.022235
01463202370040	76208.456773	S	0.590798
01463213713356	76209.047571	W	0.013310
01463213968916	76209.060881	S	0.390959
01463221475332	76209.451840	W	0.014166
01463221747320	76209.466006	S	0.877522
01463238595736	76210.343528	W	0.086332
01463240253312	76210.429860	S	0.031572
01463240859488	76210.461432	W	0.014424
01463241136424	76210.475855	S	0.004974
01463241231920	76210.480829	W	0.084799
01463242860056	76210.565628	S	0.033268
01463243498800	76210.598896	W	0.235349
01463248017496	76210.834245	S	0.015886
01463248322512	76210.850131	W	0.061318
01463249499824	76210.911449	S	0.535624
01463259783808	76211.447073	W	0.014066
01463260053876	76211.461139	S	0.009776
01463260241576	76211.470915	W	0.013635
01463260503368	76211.484550	S	0.993730
01463279582992	76212.478281	W	0.013975
01463279851316	76212.492256	S	0.995647
01463298967732	76213.487903	W	0.013681
01463299230412	76213.501584	S	0.563685
01463310053156	76214.065269	W	0.013483
01463310312024	76214.078751	S	0.390842
01463317816196	76214.469594	W	0.013911
01463318083296	76214.483505	S	0.014858
01463318368568	76214.498363	W	0.013609
01463318629868	76214.511972	S	0.995676
01463337746840	76215.507648	W	0.013839
01463338012544	76215.521487	S	0.079352
01463339536096	76215.600838	W	0.085032
01463341168712	76215.685870	S	0.298691
01463346903580	76215.984561	W	0.015474
01463347200684	76216.000036	S	0.517668
01463357139916	76216.517704	W	0.013780
01463357404484	76216.531484	S	0.959907
01463375834696	76217.491390	W	0.013712
01463376097968	76217.505102	S	0.021730
01463376515192	76217.526833	W	0.021529
01463376928552	76217.548362	S	0.990127
01463395938988	76218.538489	W	0.013482
01463396197836	76218.551971	S	0.995141
01463415304536	76219.547111	W	0.014023
01463415573784	76219.561135	S	0.951820
01463433848732	76220.512955	W	0.012322
01463434085320	76220.525277	S	0.032010
01463434699916	76220.557287	W	0.021736
01463435117248	76220.579023	S	0.989704
01463454119568	76221.568727	W	0.013951
01463454387424	76221.582678	S	0.996051
01463473511600	76222.578729	W	0.021589
01463473926112	76222.600318	S	0.932878
01463491837372	76223.533196	W	0.013803
01463492102388	76223.546999	S	0.044301
01463492952964	76223.591300	W	0.013532
01463493212784	76223.604833	S	0.995361
01463512323712	76224.600193	W	0.013797
01463512588616	76224.613990	S	0.996137
01463531714452	76225.610128	W	0.013874
01463531980828	76225.624001	S	0.931598
01463549867512	76226.555600	W	0.012201
01463550101772	76226.567801	S	3.007130
01463607838660	76229.574930	W	0.013803
01463608103672	76229.588733	S	3.009842
01463665892640	76232.598575	W	0.019529
01463666267604	76232.618104	S	3.000587
01463723878884	76235.618692	W	0.013795
01463724143752	76235.632487	S	3.008779
01463781912308	76238.641266	W	0.013923
01463782179628	76238.655189	S	3.005000
01463839875624	76241.660189	W	0.014478
01463840153608	76241.674667	S	3.006249
01463897873580	76244.680916	W	0.011745
01463898099088	76244.692661	S	0.968863
01463916701256	76245.661524	W	0.062962
01463917910132	76245.724486	S	0.279132
01463923269472	76246.003618	W	0.015433
01463923565776	76246.019051	S	1.680840
01463955837904	76247.699891	W	0.014309
01463956112644	76247.714200	S	3.011222
01464013928104	76250.725422	W	0.014785
01464014211980	76250.740207	S	3.006892
01464071944304	76253.747099	W	0.021826
01464072363356	76253.768925	S	3.005272
01464130064580	76256.774197	W	0.013780
01464130329148	76256.787976	S	1.427338
01464157734032	76258.215314	W	0.013405
01464157991408	76258.228719	S	1.568765
01464188111700	76259.797484	W	0.013900
01464188378572	76259.811384	S	1.665123
01464220348932	76261.476507	W	0.013560
01464220609276	76261.490066	S	1.332590
01464246195000	76262.822656	W	0.013880
01464246461504	76262.836537	S	3.009058
01464304235412	76265.845594	W	0.013358
01464304491884	76265.858952	S	3.007873
01464362243048	76268.866825	W	0.013824
01464362508460	76268.880649	S	3.006883
01464420240608	76271.887532	W	0.013958
01464420508608	76271.901490	S	3.011219
01464478324004	76274.912709	W	0.013306
01464478579476	76274.926014	S	0.747751
01464492936304	76275.673766	W	0.054557
01464493983792	76275.728322	S	0.425990
01464502162800	76276.154313	W	0.015444
01464502459320	76276.169756	S	1.764288
01464536333652	76277.934044	W	0.013897
01464536600480	76277.947942	S	3.009944
01464594391404	76280.957886	W	0.013883
01464594657960	76280.971769	S	3.007669
01464652405208	76283.979438	W	0.013747
01464652669152	76283.993185	S	3.007628
01464710415616	76287.000813	W	0.013987
01464710684176	76287.014801	S	3.009230
01464768461384	76290.024030	W	0.013857
01464768727432	76290.037887	S	1.133743
01464790495296	76291.171630	W	0.012798
01464790741012	76291.184428	S	0.006848
01464790872484	76291.191275	W	0.014729
01464791155288	76291.206005	S	0.948236
01464809361420	76292.154241	W	0.085200
01464810997260	76292.239441	S	0.058202
01464812114732	76292.297642	W	0.081726
01464813683868	76292.379368	S	0.256187
01464818602660	76292.635555	W	0.015239
01464818895244	76292.650794	S	0.393818
01464826456544	76293.044612	W	0.022289
01464826884500	76293.066901	S	2.097948
01464867165100	76295.164849	W	0.085109
01464868799184	76295.249957	S	0.119580
01464871095128	76295.369538	W	0.082931
01464872687412	76295.452469	S	0.259161
01464877663308	76295.711631	W	0.015324
01464877957528	76295.726955	S	0.343430
01464884551392	76296.070385	W	0.014864
01464884836788	76296.085249	S	1.296710
01464909733628	76297.381960	W	0.313842
01464915759388	76297.695801	S	0.280792
01464921150596	76297.976594	W	0.015460
01464921447428	76297.992054	S	1.103236
01464942629556	76299.095289	W	0.014652
01464942910880	76299.109942	S	1.278405
01464967456256	76300.388347	W	0.082683
01464969043760	76300.471029	S	1.282483
01464993667432	76301.753512	W	0.015674
01464993968368	76301.769186	S	0.347629
01465000642844	76302.116815	W	0.013877
01465000909292	76302.130692	S	0.305485
01465006774604	76302.436177	W	0.085454
01465008415320	76302.521631	S	0.119343
01465010706712	76302.640975	W	0.086655
01465012370496	76302.727630	S	0.306709
01465018259304	76303.034339	W	0.015591
01465018558656	76303.049930	S	2.088717
01465058662024	76305.138647	W	0.022139
01465059087096	76305.160786	S	3.014032
01465116956504	76308.174818	W	0.013784
01465117221160	76308.188602	S	3.007025
01465174956048	76311.195627	W	0.013991
01465175224672	76311.209618	S	3.007956
01465232977428	76314.217574	W	0.013833
01465233243024	76314.231408	S	3.006501
01465290967852	76317.237909	W	0.014010
01465291236836	76317.251919	S	1.261046
01465315448928	76318.512965	W	0.026497
01465315957672	76318.539462	S	0.076084
01465317418492	76318.615546	W	0.013386
01465317675496	76318.628932	S	0.089011
01465319384512	76318.717943	W	0.013407
01465319641936	76318.731351	S	0.499565
01465329233584	76319.230916	W	0.013478
01465329492368	76319.244394	S	0.190238
01465333144936	76319.434632	W	0.036352
01465333842900	76319.470984	S	0.184182
01465337379192	76319.655166	W	0.013477
01465337637944	76319.668643	S	0.590898
01465348983184	76320.259541	W	0.013952
01465349251056	76320.273492	S	0.185895
01465352820244	76320.459388	W	0.016108
01465353129524	76320.475496	S	2.809056
01465407063396	76323.284552	W	0.013916
01465407330592	76323.298468	S	3.022085
01465465354616	76326.320553	W	0.013815
01465465619860	76326.334368	S	3.012260
01465523455256	76329.346628	W	0.013869
01465523721532	76329.360496	S	3.009078
01465581495836	76332.369575	W	0.013925
01465581763188	76332.383499	S	0.320955
01465587925532	76332.704455	W	0.068838
01465589247228	76332.773293	S	0.970688
01465607884432	76333.743981	W	0.015713
01465608186128	76333.759694	S	1.630949
01465639500352	76335.390643	W	0.014221
01465639773400	76335.404865	S	3.008518
01465697536952	76338.413383	W	0.013993
01465697805624	76338.427376	S	3.007998
01465755559176	76341.435374	W	0.014770
01465755842752	76341.450143	S	2.252393
01465799088696	76343.702536	W	0.024786
01465799564588	76343.727322	S	0.313096
01465805576036	76344.040419	W	0.015419
01465805872076	76344.055837	S	0.402250
01465813595272	76344.458087	W	0.014298
01465813869788	76344.472385	S	3.002341
01465871514736	76347.474726	W	0.014867
01465871800184	76347.489593	S	2.972354
01465928869376	76350.461947	W	0.021119
01465929274852	76350.483065	S	0.013787
01465929539568	76350.496853	W	0.021640
01465929955048	76350.518492	S	0.352959
01465936731860	76350.871451	W	0.036717
01465937436820	76350.908168	S	0.066098
01465938705892	76350.974265	W	0.013533
01465938965720	76350.987798	S	0.088737
01465940669472	76351.076535	W	0.013338
01465940925552	76351.089873	S	0.191599
01465944604248	76351.281471	W	0.013525
01465944863928	76351.294996	S	0.395374
01465952455100	76351.690370	W	0.012937
01465952703492	76351.703307	S	0.807224
01465968202196	76352.510531	W	0.021390
01465968612876	76352.531921	S	0.101880
01465970568968	76352.633800	W	0.107539
01465972633724	76352.741340	S	0.075710
01465974087352	76352.817050	W	0.084562
01465975710940	76352.901611	S	0.618803
01465987591960	76353.520415	W	0.013840
01465987857680	76353.534254	S	3.008927
01466045629088	76356.543182	W	0.013850
01466045895012	76356.557032	S	1.241844
01466069738412	76357.798876	W	0.308036
01466075652696	76358.106911	S	0.000987
01466075671648	76358.107898	W	0.014989
01466075959436	76358.122887	S	1.230394
01466099583004	76359.353281	W	0.015967
01466099889576	76359.369249	S	0.196168
01466103656004	76359.565417	W	0.013804
01466103921040	76359.579221	S	3.007976
01466161674172	76362.587196	W	0.013870
01466161940472	76362.601066	S	0.318306
01466168051956	76362.919373	W	0.086063
01466169704356	76363.005435	S	0.051621
01466170695488	76363.057057	W	0.084686
01466172321468	76363.141743	S	1.331489
01466197886064	76364.473232	W	0.015963
01466198192548	76364.489195	S	1.119142
01466219680076	76365.608337	W	0.022114
01466220104656	76365.630451	S	3.004370
01466277788556	76368.634821	W	0.013951
01466278056408	76368.648771	S	3.009334
01466335835628	76371.658106	W	0.020761
01466336234240	76371.678867	S	3.002080
01466393874180	76374.680947	W	0.020750
01466394272588	76374.701697	S	2.282206
01466438090944	76376.983903	W	0.013600
01466438352064	76376.997503	S	0.005796
01466438463340	76377.003299	W	0.013690
01466438726192	76377.016989	S	0.685599
01466451889688	76377.702588	W	0.021697
01466452306276	76377.724285	S	3.003494
01466509973356	76380.727779	W	0.013875
01466510239760	76380.741654	S	0.353545
01466517027832	76381.095200	W	0.013464
01466517286332	76381.108663	S	2.645491
01466568079756	76383.754154	W	0.014008
01466568348700	76383.768161	S	3.007830
01466626099040	76386.775992	W	0.013822
01466626364424	76386.789814	S	3.008736
01466684132156	76389.798550	W	0.021323
01466684541560	76389.819873	S	3.004865
01466742234972	76392.824738	W	0.014615
01466742515576	76392.839353	S	0.278227
01466747857532	76393.117580	W	0.063058
01466749068244	76393.180638	S	0.279224
01466754429344	76393.459862	W	0.015475
01466754726456	76393.475336	S	2.372676
01466800281840	76395.848013	W	0.014597
01466800562100	76395.862609	S	3.007646
01466858308908	76398.870256	W	0.013869
01466858575184	76398.884124	S	3.007813
01466916325200	76401.891937	W	0.013869
01466916591476	76401.905806	S	0.474785
01466925707352	76402.380591	W	0.013776
01466925971848	76402.394367	S	0.037250
01466926687052	76402.431617	W	0.037294
01466927403088	76402.468911	S	0.024561
01466927874652	76402.493471	W	0.028171
01466928415540	76402.521643	S	0.111178
01466930550160	76402.632821	W	0.014644
01466930831332	76402.647465	S	0.186909
01466934419988	76402.834374	W	0.015344
01466934714584	76402.849718	S	5.445833
01467039274580	76408.295551	W	0.043757
01467040114712	76408.339308	S	0.000708
01467040128308	76408.340016	W	0.014313
01467040403120	76408.354329	S	0.011469
01467040623324	76408.365798	W	0.014730
01467040906136	76408.380528	S	0.271433
01467046117652	76408.651961	W	0.015221
01467046409888	76408.667182	S	0.033117
01467047045736	76408.700299	W	0.014588
01467047325820	76408.714886	S	0.080724
01467048875712	76408.795610	W	0.015174
01467049167044	76408.810784	S	0.025180
01467049650504	76408.835964	W	0.022507
01467050082648	76408.858471	S	0.006993
01467050216920	76408.865465	W	0.053095
01467051236344	76408.918560	S	0.007493
01467051380200	76408.926052	W	3.711881
01467122648308	76412.637933	S	0.024426
01467123117288	76412.662359	W	0.014822
01467123401876	76412.677181	S	0.000692
01467123415172	76412.677874	W	0.014430
01467123692236	76412.692304	S	0.008099
01467123847744	76412.700403	W	0.062160
01467125041212	76412.762563	S	0.018260
01467125391812	76412.780824	W	0.742533
01467139648448	76413.523357	S	0.016520
01467139965632	76413.539877	W	0.128086
01467142424888	76413.667963	S	0.005685
01467142534036	76413.673648	W	0.090062
01467144263228	76413.763710	S	0.034100
01467144917948	76413.797810	W	0.200501
01467148767576	76413.998311	S	0.012310
01467149003924	76414.010621	W	0.112400
01467151162012	76414.123021	S	0.016505
01467151478908	76414.139526	W	0.272134
01467156703876	76414.411660	S	0.016157
01467157014092	76414.427817	W	0.060270
01467158171268	76414.488087	S	0.075080
01467159612804	76414.563167	W	0.081570
01467161178952	76414.644737	S	0.016508
01467161495904	76414.661245	W	0.058191
01467162613176	76414.719436	S	0.070374
01467163964348	76414.789810	W	0.254778
01467168856084	76415.044588	S	0.041455
01467169652016	76415.086042	W	0.015612
01467169951768	76415.101655	S	0.125824
01467172367580	76415.227478	W	0.014626
01467172648392	76415.242104	S	0.083093
01467174243780	76415.325197	W	0.085412
01467175883684	76415.410609	S	0.074264
01467177309560	76415.484873	W	0.082145
01467178886744	76415.567018	S	0.255594
01467183794144	76415.822612	W	0.015513
01467184091996	76415.838125	S	0.238127
01467188664036	76416.076252	W	0.014814
01467188948460	76416.091066	S	0.144845
01467191729492	76416.235911	W	0.014544
01467192008728	76416.250455	S	0.010893
01467192217880	76416.261348	W	0.085845
01467193866096	76416.347193	S	0.255849
01467198778400	76416.603042	W	0.015549
01467199076936	76416.618590	S	0.283356
01467204517376	76416.901947	W	0.084982
01467206149024	76416.986928	S	0.256253
01467211069088	76417.243182	W	0.022991
01467211510512	76417.266173	S	0.989903
01467230516640	76418.256075	W	0.014705
01467230798980	76418.270780	S	0.081336
01467232360624	76418.352116	W	0.234809
01467236868964	76418.586925	S	0.016210
01467237180192	76418.603135	W	0.074608
01467238612672	76418.677743	S	0.267544
01467243749520	76418.945287	W	0.015549
01467244048056	76418.960836	S	0.108103
01467246123640	76419.068940	W	0.082925
01467247715796	76419.151864	S	0.114388
01467249912048	76419.266253	W	0.014657
01467250193460	76419.280909	S	0.095280
01467252022840	76419.376190	W	0.080153
01467253561776	76419.456342	S	0.124425
01467255950728	76419.580767	W	0.083264
01467257549404	76419.664031	S	0.254127
01467262428636	76419.918158	W	0.015259
01467262721612	76419.933417	S	0.328622
01467269031152	76420.262039	W	0.084442
01467270652440	76420.346481	S	0.256763
01467275582292	76420.603244	W	0.011970
01467275812124	76420.615215	S	0.414448
01467283769516	76421.029662	W	0.105723
01467285799400	76421.135385	S	0.144958
01467288582596	76421.280344	W	0.014363
01467288858356	76421.294706	S	0.076281
01467290322960	76421.370988	W	0.015306
01467290616840	76421.386294	S	0.750744
01467305031128	76422.137038	W	0.013833
01467305296728	76422.150871	S	0.140910
01467308002200	76422.291781	W	0.014292
01467308276612	76422.306074	S	0.995403
01467327388344	76423.301476	W	0.014798
01467327672472	76423.316275	S	0.785855
01467342760896	76424.102130	W	0.105468
01467344785884	76424.207598	S	0.103601
01467346775028	76424.311199	W	0.014595
01467347055252	76424.325794	S	0.117403
01467349309392	76424.443198	W	0.015417
01467349605392	76424.458614	S	0.700087
01467363047068	76425.158701	W	0.021948
01467363468472	76425.180650	S	0.139114
01467366139452	76425.319763	W	0.021772
01467366557468	76425.341535	S	0.990240
01467385570080	76426.331775	W	0.022178
01467385995904	76426.353953	S	0.988934
01467404983432	76427.342887	W	0.014748
01467405266600	76427.357635	S	0.825383
01467421113944	76428.183018	W	0.014575
01467421393780	76428.197593	S	0.154513
01467424360424	76428.352105	W	0.014510
01467424639008	76428.366615	S	0.087388
01467426316856	76428.454003	W	0.084098
01467427931532	76428.538101	S	0.256998
01467432865900	76428.795099	W	0.012126
01467433098720	76428.807225	S	0.414498
01467441057080	76429.221723	W	0.105848
01467443089364	76429.327571	S	0.034529
01467443752320	76429.362100	W	0.014498
01467444030688	76429.376598	S	0.186237
01467447606436	76429.562835	W	0.015384
01467447901808	76429.578219	S	0.793183
01467463130912	76430.371402	W	0.014418
01467463407732	76430.385819	S	0.820944
01467479169848	76431.206763	W	0.014323
01467479444852	76431.221086	S	0.158991
01467482497484	76431.380077	W	0.014688
01467482779496	76431.394765	S	0.996188
01467501906304	76432.390953	W	0.014453
01467502183804	76432.405406	S	0.994339
01467521275120	76433.399746	W	0.014636
01467521556124	76433.414381	S	0.815869
01467537220808	76434.230250	W	0.013851
01467537486752	76434.244102	S	0.098508
01467539378100	76434.342609	W	0.106048
01467541414216	76434.448657	S	0.413118
01467549346084	76434.861775	W	0.015426
01467549642272	76434.877202	S	0.537750
01467559967064	76435.414951	W	0.013796
01467560231948	76435.428747	S	0.998281
01467579398936	76436.427028	W	0.013906
01467579665932	76436.440934	S	0.587322
01467590942516	76437.028256	W	0.013599
01467591203624	76437.041855	S	0.070820
01467592563364	76437.112675	W	0.034805
01467593231624	76437.147480	S	0.019324
01467593602640	76437.166804	W	0.027751
01467594135460	76437.194555	S	0.083267
01467595734188	76437.277822	W	0.014786
01467596018076	76437.292608	S	0.283181
01467601455152	76437.575789	W	0.015258
01467601748112	76437.591047	S	4.943742
01467696667968	76442.534790	W	0.013789
01467696932708	76442.548579	S	0.489371
01467706328628	76443.037949	W	0.046964
01467707230328	76443.084913	S	0.011524
01467707451580	76443.096436	W	0.014596
01467707731816	76443.111032	S	0.000923
01467707749544	76443.111955	W	0.014855
01467708034756	76443.126810	S	0.162805
01467711160604	76443.289615	W	0.014527
01467711439528	76443.304142	S	0.028896
01467711994328	76443.333038	W	0.014603
01467712274700	76443.347641	S	0.033506
01467712918024	76443.381147	W	0.014678
01467713199844	76443.395825	S	0.001787
01467713234148	76443.397612	W	0.031125
01467713831748	76443.428737	S	0.005393
01467713935288	76443.434130	W	0.086985
01467715605404	76443.521115	S	0.018939
01467715969032	76443.540054	W	0.014717
01467716251608	76443.554771	S	0.236560
01467720793556	76443.791331	W	0.015544
01467721092004	76443.806875	S	0.423907
01467729231028	76444.230783	W	0.015650
01467729531512	76444.246433	S	1.313536
01467754751396	76445.559969	W	3.761012
01467826962820	76449.320980	S	0.036814
01467827669640	76449.357794	W	0.014779
01467827953404	76449.372573	S	0.000759
01467827967968	76449.373332	W	0.014459
01467828245572	76449.387790	S	0.006206
01467828364720	76449.393996	W	0.047660
01467829279788	76449.441656	S	0.009081
01467829454148	76449.450737	W	0.630122
01467841552496	76450.080859	S	0.015304
01467841846332	76450.096163	W	0.092253
01467843617596	76450.188416	S	0.010129
01467843812064	76450.198545	W	0.428084
01467852031272	76450.626629	S	0.004808
01467852123588	76450.631437	W	0.119233
01467854412852	76450.750669	S	0.007481
01467854556488	76450.758150	W	0.196847
01467858335952	76450.954997	S	0.011546
01467858557636	76450.966544	W	0.085797
01467860204944	76451.052341	S	0.015907
01467860510352	76451.068248	W	0.079135
01467862029748	76451.147383	S	0.000634
01467862041916	76451.148016	W	0.060289
01467863199460	76451.208305	S	0.281597
01467868606120	76451.489902	W	0.216901
01467872770620	76451.706803	S	0.028842
01467873324388	76451.735645	W	0.015614
01467873624172	76451.751259	S	0.107169
01467875681824	76451.858428	W	0.014635
01467875962812	76451.873063	S	0.113963
01467878150908	76451.987026	W	0.015537
01467878449212	76452.002563	S	0.733117
01467892525060	76452.735680	W	0.015514
01467892822936	76452.751195	S	0.007841
01467892973488	76452.759036	W	0.015001
01467893261508	76452.774037	S	0.094420
01467895074368	76452.868457	W	0.113918
01467897261600	76452.982375	S	0.227792
01467901635212	76453.210167	W	0.015859
01467901939696	76453.226026	S	0.348006
01467908621416	76453.574032	W	0.084401
01467910241916	76453.658433	S	0.227719
01467914614112	76453.886152	W	0.023289
01467915061252	76453.909440	S	0.005119
01467915159544	76453.914560	W	0.015346
01467915454188	76453.929906	S	0.057437
01467916556984	76453.987343	W	0.083226
01467918154920	76454.070569	S	0.254675
01467923044680	76454.325244	W	0.015734
01467923346772	76454.340978	S	0.557547
01467934051676	76454.898525	W	0.014523
01467934330520	76454.913048	S	0.098441
01467936220588	76455.011489	W	0.233602
01467940705744	76455.245091	S	0.016685
01467941026104	76455.261776	W	0.075113
01467942468268	76455.336889	S	0.266825
01467947591300	76455.603714	W	0.015361
01467947886224	76455.619074	S	0.109168
01467949982252	76455.728242	W	0.082710
01467951570276	76455.810952	S	0.094335
01467953381500	76455.905286	W	0.014446
01467953658868	76455.919733	S	0.115801
01467955882252	76456.035534	W	0.151360
01467958788372	76456.186894	S	0.053378
01467959813232	76456.240272	W	0.081967
01467961387004	76456.322240	S	0.017170
01467961716664	76456.339410	W	0.057544
01467962821504	76456.396953	S	0.281768
01467968231452	76456.678721	W	0.015374
01467968526640	76456.694096	S	0.176305
01467971911688	76456.870400	W	0.155714
01467974901396	76457.026114	S	0.281845
01467980312816	76457.307959	W	0.015443
01467980609320	76457.323402	S	0.314700
01467986651556	76457.638102	W	0.083911
01467988262644	76457.722013	S	0.196973
01467992044524	76457.918986	W	0.014641
01467992325636	76457.933627	S	0.045453
01467993198336	76457.979080	W	0.011948
01467993427744	76457.991028	S	0.815342
01468009082320	76458.806371	W	0.014399
01468009358772	76458.820769	S	0.108336
01468011438824	76458.929105	W	0.014585
01468011718864	76458.943691	S	0.993791
01468030799644	76459.937481	W	0.014337
01468031074908	76459.951818	S	0.995516
01468050188812	76460.947334	W	0.013111
01468050440544	76460.960445	S	0.873013
01468067202392	76461.833458	W	0.014579
01468067482304	76461.848037	S	0.106624
01468069529492	76461.954661	W	0.014625
01468069810300	76461.969286	S	0.993548
01468088886412	76462.962834	W	0.021939
01468089307648	76462.984773	S	0.990097
01468108317520	76463.974871	W	0.014562
01468108597104	76463.989433	S	0.865841
01468125221248	76464.855273	W	0.014655
01468125502624	76464.869928	S	0.113979
01468127691024	76464.983908	W	0.014556
01468127970496	76464.998463	S	0.063440
01468129188552	76465.061904	W	0.105439
01468131212984	76465.167343	S	0.236028
01468135744720	76465.403371	W	0.015295
01468136038384	76465.418666	S	0.411469
01468143938588	76465.830135	W	0.084657
01468145564012	76465.914792	S	0.079155
01468147083792	76465.993947	W	0.014337
01468147359064	76466.008285	S	0.163156
01468150491660	76466.171441	W	0.012066
01468150723324	76466.183506	S	0.820254
01468166472200	76467.003760	W	0.014811
01468166756580	76467.018572	S	0.858417
01468183238188	76467.876989	W	0.014536
01468183517284	76467.891525	S	0.122760
01468185874268	76468.014285	W	0.011812
01468186101060	76468.026097	S	0.258856
01468191071104	76468.284953	W	0.014647
01468191352328	76468.299600	S	0.721014
01468205195792	76469.020614	W	0.014846
01468205480828	76469.035460	S	0.995402
01468224592556	76470.030862	W	0.013845
01468224858384	76470.044707	S	0.857624
01468241324768	76470.902332	W	0.013736
01468241588500	76470.916068	S	0.035104
01468242262488	76470.951171	W	0.085817
01468243910168	76471.036988	S	0.003317
01468243973856	76471.040305	W	0.012920
01468244221928	76471.053225	S	0.403517
01468251969464	76471.456743	W	0.015397
01468252265084	76471.472140	S	0.579186
01468263385464	76472.051326	W	0.013858
01468263651540	76472.065184	S	0.997295
01468282799600	76473.062479	W	0.022160
01468283225076	76473.084639	S	0.840923
01468299370796	76473.925562	W	0.013669
01468299633240	76473.939231	S	0.135738
01468302239404	76474.074969	W	0.021119
01468302644888	76474.096088	S	0.991902
01468321689400	76475.087990	W	0.013851
01468321955348	76475.101841	S	0.996681
01468341091616	76476.098522	W	0.021859
01468341511316	76476.120381	S	0.823966
01468357331464	76476.944347	W	0.013818
01468357596772	76476.958165	S	0.151708
01468360509572	76477.109874	W	0.022540
01468360942344	76477.132414	S	0.990686
01468379963520	76478.123100	W	0.013872
01468380229864	76478.136972	S	0.994361
01468399321596	76479.131333	W	0.013917
01468399588812	76479.145251	S	0.820709
01468415346428	76479.965960	W	0.013674
01468415608972	76479.979634	S	0.161853
01468418716552	76480.141487	W	0.021713
01468419133444	76480.163200	S	2.826238
01468473397212	76482.989438	W	0.022424
01468473827748	76483.011862	S	0.160840
01468476915868	76483.172701	W	0.013463
01468477174356	76483.186164	S	0.908175
01468494611320	76484.094340	W	0.013352
01468494867676	76484.107691	S	0.001499
01468494896464	76484.109191	W	0.113522
01468497076088	76484.222713	S	0.076128
01468498537748	76484.298841	W	0.084285
01468500156024	76484.383126	S	0.325731
01468506410064	76484.708857	W	0.012698
01468506653864	76484.721555	S	0.806451
01468522137724	76485.528006	W	0.013489
01468522396720	76485.541496	S	0.470391
01468531428220	76486.011886	W	0.013430
01468531686072	76486.025316	S	0.219366
01468535897896	76486.244682	W	0.013476
01468536156636	76486.258158	S	0.703404
01468549661984	76486.961562	W	0.013464
01468549920488	76486.975025	S	2.060802
01468589487896	76489.035828	W	0.013676
01468589750468	76489.049504	S	0.077377
01468591236100	76489.126880	W	0.235269
01468595753264	76489.362149	S	0.015974
01468596059964	76489.378123	W	0.061714
01468597244876	76489.439837	S	0.081449
01468598808704	76489.521287	W	0.085790
01468600455864	76489.607076	S	0.295887
01468606136888	76489.902963	W	0.015552
01468606435492	76489.918515	S	2.137069
01468647467224	76492.055585	W	0.014306
01468647741892	76492.069890	S	2.263273
01468691196740	76494.333164	W	0.083392
01468692797860	76494.416555	S	0.256548
01468697723588	76494.673104	W	0.015395
01468698019172	76494.688499	S	0.069953
01468699362264	76494.758451	W	0.105612
01468701390024	76494.864064	S	0.214340
01468705505360	76495.078404	W	0.014329
01468705780472	76495.092733	S	0.007065
01468705916112	76495.099798	W	0.015340
01468706210636	76495.115137	S	2.984183
01468763506952	76498.099320	W	0.014304
01468763781584	76498.113624	S	3.006097
01468821498648	76501.119721	W	0.014562
01468821778232	76501.134283	S	2.839529
01468876297192	76503.973812	W	0.014471
01468876575040	76503.988283	S	0.153374
01468879519812	76504.141657	W	0.014608
01468879800284	76504.156265	S	3.012425
01468937638840	76507.168690	W	0.013688
01468937901648	76507.182377	S	3.008957
01468995673624	76510.191335	W	0.013701
01468995936676	76510.205035	S	3.011431
01469053756156	76513.216466	W	0.013882
01469054022684	76513.230348	S	3.012026
01469111853592	76516.242375	W	0.021836
01469112272852	76516.264211	S	3.003087
01469169932120	76519.267298	W	0.013399
01469170189380	76519.280697	S	3.007104
01469227925784	76522.287801	W	0.012208
01469228160180	76522.300009	S	2.520839
01469276560280	76524.820848	W	0.047149
01469277465532	76524.867996	S	0.444664
01469286003072	76525.312660	W	0.013997
01469286271820	76525.326657	S	3.008979
01469344044224	76528.335637	W	0.013680
01469344306888	76528.349317	S	0.391390
01469351821576	76528.740707	W	0.013549
01469352081724	76528.754256	S	2.602154
01469402043088	76531.356411	W	0.021682
01469402459380	76531.378093	S	2.892549
01469457996324	76534.270642	W	0.013519
01469458255892	76534.284161	S	0.007659
01469458402952	76534.291820	W	0.013755
01469458667040	76534.305575	S	0.074357
01469460094696	76534.379932	W	0.013870
01469460360996	76534.393802	S	3.009496
01469518143316	76537.403298	W	0.013850
01469518409228	76537.417147	S	3.008034
01469576163472	76540.425181	W	0.013638
01469576425312	76540.438818	S	3.006234
01469634145008	76543.445052	W	0.013841
01469634410752	76543.458893	S	3.008145
01469692167144	76546.467039	W	0.013788
01469692431876	76546.480827	S	3.005679
01469750140920	76549.486506	W	0.013883
01469750407476	76549.500389	S	3.004352
01469808091036	76552.504741	W	0.013749
01469808355020	76552.518491	S	2.315282
01469852808432	76554.833773	W	0.037265
01469853523912	76554.871037	S	0.311741
01469859509348	76555.182779	W	0.015388
01469859804804	76555.198167	S	0.323869
01469866023080	76555.522035	W	0.013674
01469866285624	76555.535710	S	3.006345
01469924007448	76558.542055	W	0.013792
01469924272248	76558.555846	S	0.001523
01469924301496	76558.557370	W	0.013367
01469924558152	76558.570737	S	3.006549
01469982283892	76561.577286	W	0.013409
01469982541352	76561.590695	S	2.584827
01470032170036	76564.175523	W	0.123375
01470034538836	76564.298898	S	0.007043
01470034674068	76564.305941	W	0.013658
01470034936300	76564.319599	S	0.279365
01470040300104	76564.598964	W	0.013868
01470040566372	76564.612832	S	0.809127
01470056101604	76565.421959	W	0.014226
01470056374752	76565.436185	S	0.277858
01470061709632	76565.714043	W	0.085581
01470063352796	76565.799625	S	0.112148
01470065506040	76565.911773	W	0.121088
01470067830928	76566.032861	S	0.013686
01470068093708	76566.046547	W	0.088556
01470069793992	76566.135104	S	0.083840
01470071403716	76566.218944	W	0.090347
01470073138384	76566.309291	S	0.114477
01470075336336	76566.423768	W	0.083549
01470076940484	76566.507317	S	0.121278
01470079269016	76566.628595	W	0.181218
01470082748396	76566.809812	S	0.015965
01470083054932	76566.825778	W	0.134030
01470085628308	76566.959808	S	0.015963
01470085934800	76566.975771	W	0.120657
01470088251412	76567.096428	S	0.015805
01470088554868	76567.112233	W	0.061395
01470089733652	76567.173628	S	0.069450
01470091067096	76567.243078	W	0.150177
01470093950504	76567.393255	S	0.015820
01470094254252	76567.409076	W	0.317756
01470100355168	76567.726832	S	0.015825
01470100659000	76567.742656	W	0.161807
01470103765692	76567.904463	S	0.015803
01470104069108	76567.920266	W	0.218863
01470108271276	76568.139129	S	0.025444
01470108759804	76568.164573	W	0.083290
01470110358968	76568.247863	S	0.015821
01470110662732	76568.263684	W	0.057884
01470111774104	76568.321568	S	0.050135
01470112736700	76568.371703	W	0.121392
01470115067420	76568.493095	S	0.015970
01470115374048	76568.509065	W	0.232848
01470119844732	76568.741913	S	0.037077
01470120556608	76568.778990	W	0.082965
01470122149540	76568.861955	S	0.016055
01470122457800	76568.878010	W	0.155164
01470125436956	76569.033175	S	0.015926
01470125742740	76569.049101	W	0.216659
01470129902600	76569.265760	S	0.024325
01470130369636	76569.290085	W	0.082653
01470131956576	76569.372738	S	0.015998
01470132263732	76569.388736	W	0.059131
01470133399040	76569.447867	S	0.047899
01470134318704	76569.495766	W	0.175857
01470137695156	76569.671623	S	0.007546
01470137840032	76569.679168	W	0.093220
01470139629852	76569.772388	S	0.015995
01470139936948	76569.788383	W	0.068847
01470141258816	76569.857230	S	0.048130
01470142182904	76569.905360	W	0.154990
01470145158708	76570.060349	S	0.015966
01470145465256	76570.076315	W	0.154823
01470148437852	76570.231138	S	0.010532
01470148640068	76570.241670	W	0.105090
01470150657788	76570.346760	S	0.015982
01470150964636	76570.362741	W	0.098704
01470152859752	76570.461445	S	0.015814
01470153163376	76570.477259	W	0.061523
01470154344620	76570.538782	S	0.083330
01470155944564	76570.622113	W	0.243223
01470160614440	76570.865335	S	0.016205
01470160925568	76570.881540	W	0.086722
01470162590636	76570.968262	S	0.014196
01470162863208	76570.982459	W	0.301853
01470168658792	76571.284312	S	0.016072
01470168967372	76571.300384	W	5.076224
01470266430876	76576.376608	S	0.015472
01470266727940	76576.392080	W	0.085497
01470268369480	76576.477577	S	0.111007
01470270500824	76576.588585	W	0.223003
01470274782488	76576.811588	S	0.131072
01470277299076	76576.942660	W	0.015365
01470277594076	76576.958025	S	0.739573
01470291793876	76577.697598	W	0.022783
01470292231304	76577.720380	S	0.991902
01470311275816	76578.712282	W	0.013829
01470311541336	76578.726111	S	0.971576
01470330195592	76579.697687	W	0.021829
01470330614700	76579.719516	S	0.002417
01470330661108	76579.721933	W	0.014080
01470330931440	76579.736012	S	0.994666
01470350029028	76580.730679	W	0.014483
01470350307108	76580.745162	S	0.997501
01470369459120	76581.742662	W	0.022014
01470369881796	76581.764677	S	0.957465
01470388265132	76582.722142	W	0.014545
01470388544388	76582.736687	S	0.017409
01470388878648	76582.754096	W	0.022536
01470389311340	76582.776632	S	0.991729
01470408352540	76583.768361	W	0.014510
01470408631140	76583.782872	S	0.996749
01470427768720	76584.779621	W	0.023362
01470428217264	76584.802982	S	0.941291
01470446290052	76585.744274	W	0.023509
01470446741428	76585.767783	S	0.026484
01470447249928	76585.794267	W	0.014555
01470447529380	76585.808822	S	2.964169
01470504441432	76588.772991	W	0.021876
01470504861452	76588.794867	S	3.010149
01470562656312	76591.805016	W	0.022119
01470563081004	76591.827136	S	3.001179
01470620703640	76594.828315	W	0.014543
01470620982868	76594.842858	S	0.526035
01470631082740	76595.368893	W	0.124333
01470633469936	76595.493226	S	0.016029
01470633777684	76595.509254	W	0.132628
01470636324148	76595.641883	S	0.016160
01470636634416	76595.658042	W	0.079116
01470638153444	76595.737159	S	0.075455
01470639602184	76595.812614	W	0.171355
01470642892192	76595.983968	S	0.033425
01470643533960	76596.017394	W	0.130278
01470646035296	76596.147672	S	0.015591
01470646334636	76596.163262	W	0.186082
01470649907408	76596.349344	S	0.015805
01470650210856	76596.365149	W	0.153900
01470653165736	76596.519049	S	0.016058
01470653474048	76596.535107	W	0.062170
01470654667720	76596.597277	S	0.034538
01470655330852	76596.631815	W	0.083445
01470656932992	76596.715260	S	0.015907
01470657238408	76596.731167	W	0.058605
01470658363616	76596.789772	S	0.632992
01470670517072	76597.422764	W	0.015578
01470670816168	76597.438342	S	0.414861
01470678781500	76597.853203	W	0.022134
01470679206472	76597.875337	S	0.001541
01470679236056	76597.876878	W	0.014037
01470679505564	76597.890915	S	0.995739
01470698623752	76598.886654	W	0.031896
01470699236152	76598.918550	S	0.980413
01470718060084	76599.898963	W	0.020894
01470718461244	76599.919856	S	0.501170
01470728083712	76600.421027	W	0.013413
01470728341244	76600.434440	S	0.001521
01470728370452	76600.435961	W	0.014223
01470728643536	76600.450184	S	0.037043
01470729354768	76600.487227	W	0.303317
01470735178448	76600.790544	S	0.015967
01470735485020	76600.806511	W	0.061836
01470736672268	76600.868347	S	0.011485
01470736892788	76600.879833	W	0.021957
01470737314356	76600.901789	S	0.009299
01470737492896	76600.911088	W	0.013886
01470737759508	76600.924974	S	0.347675
01470744434864	76601.272649	W	0.015490
01470744732272	76601.288139	S	0.634466
01470756914024	76601.922605	W	0.021488
01470757326596	76601.944094	S	0.991485
01470776363108	76602.935579	W	0.021920
01470776783972	76602.957499	S	0.947287
01470794971884	76603.904786	W	0.021237
01470795379628	76603.926022	S	0.020779
01470795778576	76603.946801	W	0.013650
01470796040656	76603.960451	S	0.996701
01470815177308	76604.957151	W	0.013553
01470815437532	76604.970705	S	0.998234
01470834603616	76605.968938	W	0.013787
01470834868320	76605.982725	S	0.948123
01470853072284	76606.930848	W	0.013648
01470853334328	76606.944496	S	0.034289
01470853992680	76606.978785	W	0.013673
01470854255204	76606.992459	S	0.996643
01470873390748	76607.989101	W	0.013723
01470873654236	76608.002825	S	0.997903
01470892813972	76609.000728	W	0.013766
01470893078276	76609.014494	S	0.940225
01470911130592	76609.954718	W	0.013792
01470911395408	76609.968511	S	0.044796
01470912255496	76610.013307	W	0.022005
01470912677984	76610.035312	S	2.944562
01470969213580	76612.979874	W	0.013726
01470969477116	76612.993600	S	3.011963
01471027306804	76616.005563	W	0.021219
01471027714200	76616.026781	S	3.003320
01471085377952	76619.030102	W	0.013853
01471085643924	76619.043954	S	3.010915
01471143453500	76622.054870	W	0.013693
01471143716404	76622.068563	S	3.012096
01471201548640	76625.080658	W	0.021368
01471201958900	76625.102026	S	1.754583
01471235646896	76626.856609	W	0.013545
01471235906952	76626.870154	S	1.236224
01471259642460	76628.106378	W	0.013218
01471259896248	76628.119596	S	2.725242
01471312220892	76630.844838	W	0.036516
01471312921992	76630.881354	S	0.248984
01471317702492	76631.130338	W	0.013907
01471317969508	76631.144245	S	0.838266
01471334064220	76631.982511	W	0.015512
01471334362044	76631.998023	S	2.156364
01471375764236	76634.154387	W	0.013870
01471376030532	76634.168257	S	3.011195
01471433845476	76637.179452	W	0.012067
01471434077164	76637.191519	S	3.008831
01471491846712	76640.200350	W	0.021792
01471492265120	76640.222142	S	3.002668
01471549916344	76643.224810	W	0.013856
01471550182372	76643.238665	S	2.545470
01471599055392	76645.784135	W	0.013542
01471599315404	76645.797677	S	0.453038
01471608013732	76646.250715	W	0.013794
01471608278576	76646.264509	S	0.119997
01471610582516	76646.384506	W	0.180190
01471614042164	76646.564696	S	0.015860
01471614346680	76646.580556	W	0.061576
01471615528944	76646.642132	S	0.678051
01471628547520	76647.320183	W	0.012879
01471628794804	76647.333063	S	1.942128
01471666083668	76649.275191	W	0.013703
01471666346768	76649.288894	S	2.144024
01471707512028	76651.432918	W	0.235347
01471712030688	76651.668265	S	0.016007
01471712338020	76651.684272	W	0.061912
01471713526724	76651.746184	S	0.554480
01471724172748	76652.300664	W	0.013771
01471724437152	76652.314435	S	3.008898
01471782207996	76655.323333	W	0.013742
01471782471848	76655.337075	S	1.215580
01471805810980	76656.552655	W	0.162386
01471808928784	76656.715041	S	0.877498
01471825776736	76657.592538	W	0.015360
01471826071640	76657.607898	S	0.668742
01471838911488	76658.276640	W	0.026267
01471839415816	76658.302907	S	0.036561
01471840117788	76658.339468	W	0.013608
01471840379060	76658.353076	S	0.026190
01471840881916	76658.379266	W	0.013022
01471841131948	76658.392289	S	0.191757
01471844813692	76658.584046	W	0.013498
01471845072860	76658.597545	S	0.088938
01471846780464	76658.686482	W	0.023724
01471847235964	76658.710206	S	0.180012
01471850692200	76658.890219	W	0.035367
01471851371248	76658.925586	S	1.226316
01471874916524	76660.151902	W	0.015437
01471875212916	76660.167339	S	1.196892
01471898193252	76661.364232	W	0.013216
01471898447000	76661.377448	S	3.011961
01471956276644	76664.389409	W	0.013850
01471956542556	76664.403258	S	3.012165
01472014376116	76667.415423	W	0.013716
01472014639456	76667.429138	S	3.012511
01472072479660	76670.441649	W	0.013693
01472072742568	76670.455342	S	3.011282
01472130559180	76673.466624	W	0.013866
01472130825412	76673.480490	S	3.010534
01472188627660	76676.491024	W	0.013874
01472188894032	76676.504897	S	0.204340
01472192817364	76676.709238	W	0.012738
01472193061936	76676.721976	S	0.009015
01472193235028	76676.730991	W	0.013501
01472193494256	76676.744493	S	2.770753
01472246692716	76679.515246	W	0.013678
01472246955328	76679.528923	S	3.008988
01472304727896	76682.537911	W	0.013864
01472304994076	76682.551775	S	3.010437
01472362794460	76685.562211	W	0.013867
01472363060704	76685.576078	S	1.115765
01472384483384	76686.691843	W	0.036598
01472385186068	76686.728441	S	0.305840
01472391058204	76687.034281	W	0.015631
01472391358320	76687.049913	S	1.261533
01472415579748	76688.311445	W	0.014137
01472415851184	76688.325582	S	0.260934
01472420861124	76688.586517	W	0.011961
01472421090772	76688.598478	S	3.013473
01472478949456	76691.611951	W	0.021949
01472479370876	76691.633900	S	3.007008
01472537105428	76694.640908	W	0.021462
01472537517508	76694.662370	S	3.004027
01472595194824	76697.666397	W	0.013690
01472595457668	76697.680087	S	3.008534
01472653221528	76700.688621	W	0.014537
01472653500632	76700.703158	S	3.010841
01472711308772	76703.713999	W	0.014544
01472711588016	76703.728543	S	3.008849
01472769357924	76706.737392	W	0.014542
01472769637140	76706.751934	S	3.011176
01472827451712	76709.763110	W	0.024142
01472827915236	76709.787252	S	3.004406
01472885599824	76712.791657	W	0.023127
01472886043864	76712.814785	S	3.006065
01472943760308	76715.820849	W	0.021475
01472944172624	76715.842324	S	0.862665
01472960735784	76716.704989	W	0.068977
01472962060136	76716.773965	S	0.978279
01472980843088	76717.752244	W	0.015854
01472981147480	76717.768098	S	1.079087
01473001865956	76718.847185	W	0.013962
01473002134024	76718.861147	S	3.013544
01473059994060	76721.874691	W	0.021255
01473060402160	76721.895946	S	1.610271
01473091319372	76723.506217	W	0.013441
01473091577436	76723.519658	S	0.489428
01473100974448	76724.009086	W	0.089284
01473102688700	76724.098370	S	0.124016
01473105069816	76724.222386	W	0.083374
01473106670588	76724.305760	S	0.593346
01473118062840	76724.899106	W	0.013672
01473118325348	76724.912779	S	0.231280
01473122765916	76725.144058	W	0.085501
01473124407536	76725.229559	S	1.482073
01473152863332	76726.711632	W	0.015565
01473153162176	76726.727197	S	1.195768
01473176120916	76727.922964	W	0.013174
01473176373860	76727.936139	S	1.320538
01473201728184	76729.256676	W	0.234949
01473206239204	76729.491625	S	0.015874
01473206543988	76729.507499	W	0.061824
01473207731012	76729.569324	S	0.394143
01473215298564	76729.963467	W	0.015362
01473215593524	76729.978829	S	0.967569
01473234170856	76730.946399	W	0.013719
01473234434268	76730.960118	S	0.120291
01473236743852	76731.080409	W	4.475529
01473322674012	76735.555938	S	0.009747
01473322861152	76735.565685	W	0.013309
01473323116688	76735.578994	S	1.413058
01473350247396	76736.992052	W	0.013644
01473350509360	76737.005696	S	3.009989
01473408301144	76740.015685	W	0.013832
01473408566716	76740.029516	S	3.013808
01473466431824	76743.043324	W	0.021485
01473466844344	76743.064810	S	3.004577
01473524532224	76746.069387	W	0.021953
01473524953716	76746.091339	S	3.002371
01473582599236	76749.093710	W	0.013910
01473582866308	76749.107620	S	0.627612
01473594916460	76749.735232	W	0.013458
01473595174844	76749.748690	S	1.712173
01473628048572	76751.460863	W	0.084979
01473629680168	76751.545842	S	0.577910
01473640776040	76752.123752	W	0.020921
01473641177732	76752.144674	S	3.006396
01473698900536	76755.151070	W	0.013778
01473699165072	76755.164847	S	1.313654
01473724387236	76756.478502	W	0.124805
01473726783488	76756.603307	S	0.015886
01473727088496	76756.619193	W	0.102821
01473729062668	76756.722014	S	0.016064
01473729371096	76756.738078	W	0.066360
01473730645200	76756.804438	S	0.617720
01473742505420	76757.422157	W	0.015482
01473742802672	76757.437639	S	0.736116
01473756936096	76758.173755	W	0.021179
01473757342740	76758.194934	S	0.946567
01473775516832	76759.141502	W	0.084690
01473777142872	76759.226191	S	0.739656
01473791344260	76759.965847	W	0.015716
01473791646012	76759.981563	S	1.220899
01473815087272	76761.202462	W	0.013193
01473815340580	76761.215655	S	2.942941
01473871845056	76764.158597	W	0.124088
01473874227548	76764.282685	S	0.015884
01473874532528	76764.298569	W	0.083392
01473876133660	76764.381961	S	0.524803
01473886209884	76764.906765	W	0.015392
01473886505412	76764.922157	S	2.321745
01473931082924	76767.243902	W	0.022165
01473931508484	76767.266067	S	3.005505
01473989214172	76770.271571	W	0.013653
01473989476308	76770.285224	S	3.010876
01474047285132	76773.296101	W	0.021984
01474047707232	76773.318085	S	3.005362
01474105410192	76776.323448	W	0.023438
01474105860192	76776.346885	S	1.603487
01474136647140	76777.950372	W	0.013701
01474136910204	76777.964073	S	1.388338
01474163566300	76779.352411	W	0.013710
01474163829528	76779.366121	S	0.001529
01474163858880	76779.367650	W	0.013529
01474164118644	76779.381179	S	3.009541
01474221901840	76782.390721	W	0.013924
01474222169180	76782.404645	S	3.012426
01474280007752	76785.417070	W	0.022194
01474280433868	76785.439264	S	3.004195
01474338114416	76788.443459	W	0.013801
01474338379400	76788.457260	S	3.011900
01474396207876	76791.469160	W	0.013738
01474396471652	76791.482899	S	2.854320
01474451274600	76794.337219	W	0.047825
01474452192848	76794.385044	S	0.107993
01474454266304	76794.493037	W	0.013523
01474454525940	76794.506559	S	0.464477
01474463443904	76794.971037	W	0.015672
01474463744804	76794.986709	S	2.531709
01474512353616	76797.518418	W	0.022314
01474512782036	76797.540731	S	3.006359
01474570504136	76800.547090	W	0.013657
01474570766360	76800.560748	S	3.008726
01474628533908	76803.569474	W	0.013685
01474628796652	76803.583159	S	3.010905
01474686606024	76806.594064	W	0.022383
01474687035772	76806.616446	S	3.009161
01474744811656	76809.625607	W	0.019420
01474745184528	76809.645027	S	1.540557
01474774763220	76811.185584	W	0.014653
01474775044556	76811.200237	S	1.457036
01474803019648	76812.657273	W	0.022827
01474803457928	76812.680100	S	3.006753
01474861187588	76815.686854	W	0.021172
01474861594092	76815.708026	S	3.004454
01474919279608	76818.712480	W	0.013574
01474919540224	76818.726053	S	3.011498
01474977360988	76821.737551	W	0.021981
01474977783028	76821.759533	S	2.590692
01475027524320	76824.350225	W	0.038170
01475028257192	76824.388395	S	0.376281
01475035481780	76824.764676	W	0.021255
01475035889876	76824.785931	S	3.004818
01475093582376	76827.790749	W	0.013318
01475093838088	76827.804067	S	3.011377
01475151656532	76830.815444	W	0.013917
01475151923736	76830.829361	S	3.012596
01475209765584	76833.841958	W	0.022904
01475210205340	76833.864861	S	3.005534
01475267911592	76836.870395	W	0.022313
01475268340008	76836.892709	S	3.005138
01475326038656	76839.897847	W	0.022382
01475326468388	76839.920229	S	3.007932
01475384220684	76842.928161	W	0.022319
01475384649200	76842.950479	S	1.080643
01475405397548	76844.031122	W	0.013474
01475405656248	76844.044596	S	0.006339
01475405777952	76844.050935	W	0.013844
01475406043752	76844.064779	S	1.002880
01475425299040	76845.067658	W	0.108035
01475427373304	76845.175693	S	0.083808
01475428982424	76845.259501	W	0.086062
01475430634808	76845.345563	S	0.396061
01475438239180	76845.741624	W	0.015420
01475438535240	76845.757044	S	0.200380
01475442382540	76845.957424	W	0.021359
01475442792628	76845.978783	S	3.004529
01475500479584	76848.983312	W	0.013713
01475500742864	76848.997024	S	1.091494
01475521699552	76850.088518	W	0.235724
01475526225456	76850.324243	S	0.015889
01475526530528	76850.340132	W	0.061796
01475527717012	76850.401928	S	0.079967
01475529252372	76850.481894	W	0.087794
01475530938020	76850.569689	S	0.292109
01475536546516	76850.861798	W	0.015464
01475536843428	76850.877262	S	1.132253
01475558582688	76852.009515	W	0.013985
01475558851192	76852.023500	S	3.015277
01475616744516	76855.038777	W	0.013846
01475617010360	76855.052623	S	0.242097
01475621658624	76855.294720	W	0.084839
01475623287540	76855.379559	S	0.340056
01475629816608	76855.719615	W	0.114105
01475632007424	76855.833720	S	1.427413
01475659413748	76857.261133	W	0.015527
01475659711860	76857.276659	S	0.790531
01475674890052	76858.067190	W	0.013718
01475675153428	76858.080908	S	3.009310
01475732932172	76861.090217	W	0.020721
01475733330016	76861.110938	S	3.000794
01475790945252	76864.111732	W	0.013842
01475791211024	76864.125574	S	3.012595
01475849052848	76867.138169	W	0.013922
01475849320148	76867.152091	S	3.011051
01475907132324	76870.163142	W	0.013779
01475907396872	76870.176920	S	0.478222
01475916578736	76870.655143	W	0.013421
01475916836428	76870.668564	S	1.948576
01475954249080	76872.617140	W	0.013326
01475954504932	76872.630465	S	0.556254
01475965185008	76873.186719	W	0.013821
01475965450376	76873.200540	S	3.011668
01476023274408	76876.212209	W	0.013882
01476023540936	76876.226090	S	3.009980
01476081332556	76879.236071	W	0.012963
01476081581436	76879.249033	S	0.928412
01476099406952	76880.177445	W	0.012824
01476099653168	76880.190269	S	0.001337
01476099678844	76880.191606	W	0.014910
01476099965108	76880.206516	S	2.051765
01476139358996	76882.258281	W	0.014426
01476139635984	76882.272708	S	3.008847
01476197405844	76885.281554	W	0.014644
01476197687008	76885.296198	S	0.486219
01476207022408	76885.782417	W	0.044822
01476207882992	76885.827239	S	0.297302
01476213591188	76886.124541	W	0.015385
01476213886580	76886.139926	S	2.165732
01476255468628	76888.305658	W	0.014318
01476255743532	76888.319976	S	1.277468
01476280270916	76889.597444	W	6.743106
01476409738556	76896.340550	S	8.524152
01476573402268	76904.864701	W	0.534895
01476583672244	76905.399596	S	0.079689
01476585202272	76905.479285	W	0.015649
01476585502740	76905.494934	S	9.294889
01476763964616	76914.789824	W	0.021753
01476764382272	76914.811577	S	0.984779
01476783290028	76915.796356	W	0.047110
01476784194548	76915.843466	S	0.307882
01476790105884	76916.151348	W	0.015345
01476790400512	76916.166693	S	4.562157
01476877993936	76920.728851	W	0.013623
01476878255504	76920.742474	S	0.088796
01476879960384	76920.831270	W	0.013448
01476880218580	76920.844718	S	12.376939
01477117855804	76933.221656	W	0.013485
01477118114720	76933.235142	S	0.820176
01477133862108	76934.055318	W	0.013434
01477134120048	76934.068752	S	11.750981
01477359738892	76945.819734	W	0.036581
01477360441248	76945.856315	S	1.015169
01477379932484	76946.871484	W	0.015542
01477380230884	76946.887025	S	28.945961
01477935993328	76975.832986	W	0.036675
01477936697496	76975.869661	S	0.441620
01477945176608	76976.311282	W	0.015915
01477945482176	76976.327197	S	2.360186
01477990797748	76978.687383	W	0.013476
01477991056492	76978.700859	S	0.006555
01477991182340	76978.707414	W	0.013733
01477991446016	76978.721147	S	4.676619
01478081237092	76983.397765	W	0.013335
01478081493124	76983.411100	S	12.150528
01478314783260	76995.561628	W	0.014726
01478315066008	76995.576355	S	10.269700
01478512244248	77005.846055	W	0.036656
01478512948036	77005.882710	S	1.148419
01478534997684	77007.031129	W	0.016077
01478535306360	77007.047206	S	18.316569
01478886984484	77025.363775	W	0.404769
01478894756040	77025.768544	S	10.093714
01479088555352	77035.862258	W	0.036331
01479089252900	77035.898589	S	0.572577
01479100246372	77036.471165	W	0.015541
01479100544756	77036.486706	S	11.423434
01479319874688	77047.910140	W	0.012680
01479320118152	77047.922820	S	0.000666
01479320130932	77047.923486	W	0.014390
01479320407228	77047.937876	S	8.998811
01479493184400	77056.936687	W	0.013199
01479493437824	77056.949887	S	4.783455
01479585280164	77061.733342	W	0.026470
01479585788380	77061.759811	S	0.311428
01479591767804	77062.071240	W	0.015489
01479592065200	77062.086729	S	0.184108
01479595600072	77062.270837	W	0.013709
01479595863288	77062.284546	S	0.037128
01479596576144	77062.321674	W	0.033693
01479597223044	77062.355367	S	0.008839
01479597392744	77062.364205	W	0.027816
01479597926808	77062.392021	S	0.071643
01479599302348	77062.463664	W	0.014633
01479599583300	77062.478297	S	0.904010
01479616940300	77063.382307	W	0.015279
01479617233656	77063.397586	S	4.567257
01479704924988	77067.964843	W	0.039021
01479705674196	77068.003864	S	0.003250
01479705736596	77068.007114	W	0.014465
01479706014316	77068.021579	S	0.019942
01479706397212	77068.041521	W	0.014451
01479706674672	77068.055973	S	0.195238
01479710423236	77068.251210	W	0.014669
01479710704872	77068.265879	S	0.017560
01479711042028	77068.283439	W	0.014615
01479711322636	77068.298054	S	0.008701
01479711489700	77068.306755	W	0.015362
01479711784648	77068.322117	S	0.004324
01479711867664	77068.326441	W	0.014867
01479712153108	77068.341308	S	0.050296
01479713118792	77068.391604	W	0.014415
01479713395552	77068.406018	S	0.000361
01479713402476	77068.406379	W	0.592693
01479724782188	77068.999072	S	0.011206
01479724997352	77069.010279	W	0.014705
01479725279680	77069.024983	S	0.003504
01479725346948	77069.028487	W	4.542396
01479812560956	77073.570883	S	0.859275
01479829059032	77074.430158	W	0.232604
01479833525028	77074.662762	S	0.016680
01479833845276	77074.679441	W	0.076200
01479835308316	77074.755641	S	0.266067
01479840416796	77075.021708	W	0.015304
01479840710640	77075.037013	S	0.212185
01479844784588	77075.249197	W	0.083454
01479846386908	77075.332651	S	0.223762
01479850683132	77075.556413	W	0.081006
01479852238444	77075.637419	S	0.256714
01479857167360	77075.894133	W	0.015330
01479857461688	77075.909463	S	0.736979
01479871611692	77076.646442	W	0.084709
01479873238108	77076.731151	S	0.256498
01479878162876	77076.987650	W	0.086189
01479879817696	77077.073838	S	0.252925
01479884673852	77077.326763	W	0.015438
01479884970264	77077.342201	S	0.072269
01479886357836	77077.414471	W	0.114101
01479888548576	77077.528572	S	0.230419
01479892972628	77077.758991	W	0.015253
01479893265480	77077.774244	S	0.660852
01479905953840	77078.435096	W	0.115662
01479908174544	77078.550757	S	0.015829
01479908478456	77078.566586	W	0.101745
01479910431960	77078.668331	S	0.015856
01479910736396	77078.684187	W	0.109957
01479912847580	77078.794145	S	0.016655
01479913167364	77078.810800	W	0.087221
01479914842004	77078.898021	S	0.002197
01479914884188	77078.900218	W	0.084525
01479916507064	77078.984743	S	0.016716
01479916828008	77079.001459	W	0.086749
01479918493580	77079.088207	S	0.016309
01479918806708	77079.104516	W	0.085126
01479920441124	77079.189642	S	0.016919
01479920765964	77079.206561	W	0.060396
01479921925576	77079.266957	S	0.078575
01479923434220	77079.345532	W	0.140024
01479926122680	77079.485556	S	0.016494
01479926439368	77079.502050	W	0.085210
01479928075408	77079.587261	S	0.016671
01479928395496	77079.603932	W	0.067017
01479929682220	77079.670949	S	0.084174
01479931298356	77079.755123	W	0.082289
01479932878300	77079.837411	S	0.016851
01479933201844	77079.854263	W	0.056826
01479934292904	77079.911089	S	0.286956
01479939802468	77080.198045	W	0.015131
01479940092980	77080.213176	S	0.263643
01479945154932	77080.476819	W	0.084315
01479946773776	77080.561134	S	0.016626
01479947092996	77080.577760	W	0.170158
01479950360032	77080.747918	S	0.235997
01479954891172	77080.983915	W	0.081945
01479956464512	77081.065860	S	0.016850
01479956788032	77081.082710	W	0.058541
01479957912016	77081.141251	S	0.284818
01479963380528	77081.426069	W	0.015486
01479963677868	77081.441556	S	0.463994
01479972586544	77081.905549	W	0.124797
01479974982652	77082.030346	S	0.016000
01479975289860	77082.046347	W	0.083181
01479976886940	77082.129528	S	0.259000
01479981859740	77082.388528	W	0.015273
01479982152988	77082.403801	S	1.242534
01480006009644	77083.646336	W	0.082794
01480007599296	77083.729130	S	0.256958
01480012532896	77083.986088	W	0.015261
01480012825904	77084.001349	S	0.838446
01480028924060	77084.839795	W	0.085443
01480030564556	77084.925237	S	0.260858
01480035573028	77085.186095	W	0.015399
01480035868692	77085.201494	S	0.406029
01480043664448	77085.607523	W	0.105823
01480045696248	77085.713346	S	0.235634
01480050220424	77085.948980	W	0.015332
01480050514796	77085.964312	S	3.996329
01480127244312	77089.960641	W	0.308037
01480133158620	77090.268678	S	1.220489
01480156592016	77091.489167	W	0.015331
01480156886380	77091.504499	S	23.887254
01480615521656	77115.391753	W	0.013408
01480615779092	77115.405161	S	0.008355
01480615939512	77115.413516	W	0.013834
01480616205116	77115.427350	S	2.964547
01480673124424	77118.391897	W	0.014329
01480673399540	77118.406226	S	1.838918
01480708706772	77120.245144	W	0.036528
01480709408116	77120.281673	S	0.668613
01480722245476	77120.950285	W	0.015539
01480722543828	77120.965824	S	7.001112
01480856965184	77127.966937	W	0.014120
01480857236288	77127.981057	S	15.880443
01481162140792	77143.861500	W	0.013504
01481162400064	77143.875003	S	0.700556
01481175850740	77144.575559	W	0.013475
01481176109460	77144.589034	S	0.703354
01481189613856	77145.292388	W	0.013485
01481189872760	77145.305873	S	4.952665
01481284963932	77150.258538	W	0.036190
01481285658772	77150.294728	S	1.374884
01481312056552	77151.669612	W	0.015511
01481312354372	77151.685124	S	16.135327
01481622152644	77167.820450	W	0.013298
01481622407956	77167.833748	S	0.804980
01481637863572	77168.638728	W	0.013414
01481638121116	77168.652141	S	0.703425
01481651626876	77169.355566	W	0.013346
01481651883112	77169.368912	S	10.470833
01481852923096	77179.839745	W	0.014828
01481853207796	77179.854573	S	0.417106
01481861216224	77180.271678	W	0.059998
01481862368180	77180.331676	S	0.778367
01481877312824	77181.110043	W	0.015519
01481877610784	77181.125562	S	1.850145
01481913133576	77182.975707	W	0.023561
01481913585944	77182.999268	S	0.590946
01481924932112	77183.590214	W	0.012785
01481925177584	77183.602999	S	0.908700
01481942624624	77184.511699	W	0.013507
01481942883960	77184.525206	S	8.076423
01482097951288	77192.601630	W	0.012818
01482098197392	77192.614448	S	0.000713
01482098211072	77192.615160	W	0.014561
01482098490636	77192.629721	S	6.626759
01482225724412	77199.256480	W	0.012885
01482225971808	77199.269365	S	0.602470
01482237539228	77199.871835	W	0.012704
01482237783152	77199.884539	S	0.703148
01482251283588	77200.587687	W	0.012940
01482251532028	77200.600626	S	9.684636
01482437477036	77210.285262	W	0.058123
01482438593004	77210.343386	S	1.486034
01482467124856	77211.829420	W	0.015264
01482467417924	77211.844684	S	2.260711
01482510823576	77214.105395	W	0.013456
01482511081924	77214.118850	S	0.806071
01482526558480	77214.924921	W	0.013421
01482526816156	77214.938341	S	0.805424
01482542280304	77215.743766	W	0.013302
01482542535696	77215.757068	S	13.606005
01482803770988	77229.363072	W	0.013583
01482804031776	77229.376655	S	0.807740
01482819540376	77230.184395	W	0.013486
01482819799312	77230.197881	S	0.598742
01482831295164	77230.796623	W	0.013569
01482831555688	77230.810192	S	9.487955
01483013724416	77240.298147	W	0.040204
01483014496336	77240.338351	S	0.918073
01483032123344	77241.256424	W	0.013636
01483032385164	77241.270061	S	3.145828
01483092785052	77244.415888	W	0.013580
01483093045792	77244.429468	S	0.907931
01483110478060	77245.337399	W	0.013316
01483110733724	77245.350715	S	0.601165
01483122276084	77245.951879	W	0.013470
01483122534700	77245.965349	S	13.606344
01483383776512	77259.571693	W	0.013339
01483384032628	77259.585033	S	0.907573
01483401458020	77260.492605	W	0.013355
01483401714432	77260.505960	S	0.703550
01483415222584	77261.209510	W	0.013465
01483415481108	77261.222974	S	9.088586
01483589981956	77270.311560	W	0.040616
01483590761780	77270.352176	S	0.357576
01483597627232	77270.709752	W	0.015344
01483597921840	77270.725096	S	4.001203
01483674744936	77274.726299	W	0.013523
01483675004576	77274.739822	S	0.293440
01483680638616	77275.033261	W	0.026503
01483681147476	77275.059764	S	0.383774
01483688515936	77275.443538	W	0.013376
01483688772748	77275.456914	S	0.088399
01483690470000	77275.545313	W	0.026345
01483690975816	77275.571657	S	0.690667
01483704236628	77276.262324	W	0.013385
01483704493624	77276.275710	S	2.443967
01483751417792	77278.719677	W	0.026358
01483751923868	77278.746035	S	0.178619
01483755353352	77278.924654	W	0.013430
01483755611200	77278.938083	S	0.721698
01483769467796	77279.659781	W	0.015594
01483769767208	77279.675375	S	0.068303
01483771078620	77279.743678	W	0.026388
01483771585264	77279.770066	S	1.179757
01483794236596	77280.949823	W	0.015543
01483794535024	77280.965366	S	0.212309
01483798611364	77281.177675	W	0.021444
01483799023088	77281.199119	S	8.682649
01483965729940	77289.881768	W	0.012911
01483965977836	77289.894679	S	0.703670
01483979488292	77290.598349	W	0.013454
01483979746608	77290.611803	S	0.703854
01483993260604	77291.315656	W	0.013444
01483993518728	77291.329100	S	2.341643
01484038478280	77293.670744	W	0.012809
01484038724216	77293.683553	S	6.645051
01484166309188	77300.328604	W	0.036711
01484167014036	77300.365314	S	1.064379
01484187450112	77301.429693	W	0.015417
01484187746120	77301.445110	S	1.291018
01484212533660	77302.736128	W	0.013648
01484212795696	77302.749776	S	2.287038
01484256706820	77305.036814	W	0.013712
01484256970084	77305.050525	S	0.907883
01484274401432	77305.958408	W	0.013482
01484274660280	77305.971890	S	0.703290
01484288163448	77306.675180	W	0.013370
01484288420148	77306.688549	S	13.913290
01484555555316	77320.601839	W	0.013042
01484555805720	77320.614881	S	0.602136
01484567366724	77321.217017	W	0.013462
01484567625196	77321.230479	S	0.702303
01484581109412	77321.932782	W	0.013266
01484581364124	77321.946048	S	4.287810
01484663690072	77326.233858	W	0.013472
01484663948728	77326.247330	S	4.094375
01484742560732	77330.341705	W	0.036719
01484743265736	77330.378424	S	0.491119
01484752695228	77330.869543	W	0.015367
01484752990268	77330.884910	S	4.565626
01484840650284	77335.450536	W	0.013679
01484840912924	77335.464215	S	0.804654
01484856362272	77336.268868	W	0.013374
01484856619044	77336.282242	S	0.601041
01484868159024	77336.883282	W	0.013358
01484868415492	77336.896640	S	7.359647
01485009720712	77344.256287	W	0.016425
01485010036064	77344.272712	S	6.332203
01485131614352	77350.604914	W	0.013514
01485131873820	77350.618428	S	0.805924
01485147347568	77351.424353	W	0.013418
01485147605184	77351.437770	S	0.805566
01485163072052	77352.243336	W	0.013488
01485163331020	77352.256824	S	1.727444
01485196497952	77353.984268	W	0.021311
01485196907124	77354.005579	S	6.349252
01485318812768	77360.354832	W	0.036735
01485319518084	77360.391567	S	1.187839
01485342324592	77361.579406	W	0.015450
01485342621232	77361.594856	S	2.555269
01485391682392	77364.150125	W	0.014585
01485391962420	77364.164709	S	1.595444
01485422594936	77365.760153	W	0.013550
01485422855100	77365.773703	S	0.805651
01485438323596	77366.579354	W	0.013479
01485438582392	77366.592833	S	0.703915
01485452097552	77367.296748	W	0.013484
01485452356448	77367.310232	S	2.173830
01485494093992	77369.484062	W	1.553622
01485523923528	77371.037684	S	9.962830
01485715209868	77381.000514	W	0.084935
01485716840612	77381.085449	S	0.136004
01485719451880	77381.221452	W	0.084228
01485721069064	77381.305680	S	0.120568
01485723383968	77381.426248	W	0.083006
01485724977692	77381.509255	S	0.262829
01485730024012	77381.772084	W	0.015346
01485730318664	77381.787430	S	0.048683
01485731253380	77381.836114	W	0.012744
01485731498072	77381.848858	S	0.806469
01485746982272	77382.655327	W	0.012778
01485747227616	77382.668105	S	0.601579
01485758777924	77383.269684	W	0.012972
01485759026980	77383.282655	S	2.869078
01485814113284	77386.151734	W	0.164656
01485817274684	77386.316390	S	0.184559
01485820818224	77386.500949	W	0.015367
01485821113272	77386.516316	S	4.843679
01485914111900	77391.359995	W	0.085373
01485915751060	77391.445368	S	0.864040
01485932340636	77392.309408	W	0.015509
01485932638400	77392.324917	S	3.950598
01486008489872	77396.275514	W	0.013327
01486008745744	77396.288841	S	0.806325
01486024227176	77397.095165	W	0.013394
01486024484340	77397.108559	S	0.600457
01486036013112	77397.709016	W	0.013408
01486036270540	77397.722424	S	0.703640
01486049780428	77398.426064	W	0.013564
01486050040864	77398.439628	S	0.003296
01486050104148	77398.442924	W	0.012591
01486050345904	77398.455516	S	13.077510
01486301434088	77411.533025	W	0.013174
01486301687032	77411.546200	S	0.601311
01486313232200	77412.147510	W	0.013603
01486313493384	77412.161114	S	0.805834
01486328965400	77412.966948	W	0.023643
01486329419340	77412.990591	S	7.043714
01486464658640	77420.034304	W	0.014700
01486464940872	77420.049004	S	0.701702
01486478413548	77420.750706	W	0.013479
01486478672352	77420.764185	S	0.657927
01486491304544	77421.422112	W	0.062173
01486492498260	77421.484284	S	0.083960
01486494110296	77421.568245	W	0.013410
01486494367768	77421.581655	S	0.182980
01486497880992	77421.764635	W	0.015340
01486498175524	77421.779975	S	3.818499
01486571490700	77425.598474	W	0.014764
01486571774160	77425.613238	S	4.147111
01486651398696	77429.760349	W	0.013457
01486651657076	77429.773806	S	0.713927
01486665364472	77430.487733	W	0.013763
01486665628724	77430.501496	S	0.078097
01486667128188	77430.579593	W	0.013544
01486667388236	77430.593137	S	0.805609
01486682855932	77431.398746	W	0.013435
01486683113884	77431.412181	S	10.533758
01486885362044	77441.945940	W	0.013522
01486885621664	77441.959462	S	0.601901
01486897178172	77442.561363	W	0.013561
01486897438536	77442.574924	S	0.702241
01486910921560	77443.277165	W	0.013557
01486911181860	77443.290722	S	8.144633
01487067558808	77451.435355	W	0.052466
01487068566156	77451.487821	S	0.981344
01487087407964	77452.469165	W	0.015311
01487087701932	77452.484476	S	4.719130
01487178309236	77457.203606	W	0.013464
01487178567744	77457.217070	S	0.805690
01487194036984	77458.022760	W	0.013621
01487194298504	77458.036380	S	0.600841
01487205834644	77458.637221	W	0.013468
01487206093224	77458.650689	S	4.594711
01487294311680	77463.245400	W	0.013495
01487294570792	77463.258895	S	0.001524
01487294600044	77463.260419	W	0.013454
01487294858364	77463.273873	S	10.313781
01487492882956	77473.587654	W	0.013449
01487493141168	77473.601103	S	0.805730
01487508611188	77474.406833	W	0.013402
01487508868516	77474.420235	S	7.028337
01487643812592	77481.448572	W	0.042479
01487644628196	77481.491052	S	0.408026
01487652462304	77481.899078	W	0.015587
01487652761572	77481.914665	S	5.101090
01487750702496	77487.015755	W	0.013301
01487750957872	77487.029056	S	2.431047
01487797633976	77489.460103	W	0.013566
01487797894436	77489.473669	S	0.600515
01487809424328	77490.074184	W	0.013393
01487809681468	77490.087576	S	0.908038
01487827115796	77490.995614	W	0.013220
01487827369612	77491.008834	S	13.504030
01488086646984	77504.512864	W	0.013452
01488086905256	77504.526315	S	0.703016
01488100403156	77505.229331	W	0.013470
01488100661776	77505.242801	S	0.703329
01488114165692	77505.946130	W	0.013528
01488114425432	77505.959658	S	5.502118
01488220066092	77511.461776	W	0.042774
01488220887344	77511.504549	S	1.124367
01488242475200	77512.628917	W	0.015654
01488242775760	77512.644571	S	4.770600
01488334371272	77517.415170	W	0.023494
01488334822356	77517.438664	S	2.331500
01488379587164	77519.770165	W	0.013546
01488379847248	77519.783711	S	0.703274
01488393350100	77520.486984	W	0.013417
01488393607700	77520.500401	S	0.703388
01488407112740	77521.203789	W	0.013409
01488407370200	77521.217198	S	13.810567
01488672533088	77535.027765	W	0.013422
01488672790792	77535.041187	S	0.908218
01488690228576	77535.949405	W	0.013554
01488690488808	77535.962959	S	0.703303
01488703992220	77536.666261	W	0.013549
01488704252352	77536.679810	S	4.801421
01488796439632	77541.481231	W	0.036848
01488797147116	77541.518079	S	0.550825
01488807722960	77542.068904	W	0.015647
01488808023380	77542.084551	S	6.380519
01488930529348	77548.465070	W	0.013599
01488930790452	77548.478669	S	2.216339
01488973344152	77550.695008	W	0.013477
01488973602916	77550.708485	S	0.703384
01488987107880	77551.411869	W	0.013565
01488987368320	77551.425433	S	0.805683
01489002837436	77552.231116	W	0.013064
01489003088268	77552.244181	S	13.607903
01489264360012	77565.852084	W	0.024823
01489264836604	77565.876906	S	1.407036
01489291851700	77567.283943	W	0.013480
01489292110516	77567.297423	S	0.805677
01489307579508	77568.103099	W	0.013615
01489307840920	77568.116715	S	0.703223
01489321342800	77568.819937	W	0.013377
01489321599644	77568.833315	S	2.660719
01489372685456	77571.494034	W	0.035349
01489373364164	77571.529384	S	1.258758
01489397532316	77572.788141	W	0.015453
01489397829012	77572.803594	S	0.316885
01489403913212	77573.120480	W	0.026473
01489404421500	77573.146953	S	0.383130
01489411777588	77573.530083	W	0.036296
01489412474468	77573.566379	S	0.502584
01489422124080	77574.068962	W	0.015646
01489422424488	77574.084609	S	0.777378
01489437350140	77574.861986	W	0.013819
01489437615460	77574.875805	S	0.499493
01489447205724	77575.375298	W	0.015208
01489447497720	77575.390506	S	7.253476
01489586764452	77582.643982	W	0.013601
01489587025596	77582.657583	S	0.907969
01489604458596	77583.565552	W	0.013455
01489604716928	77583.579007	S	0.600964
01489616255436	77584.179971	W	0.013523
01489616515076	77584.193494	S	5.925847
01489730291344	77590.119341	W	0.013354
01489730547744	77590.132695	S	8.383301
01489891507116	77598.515996	W	0.013529
01489891766872	77598.529525	S	0.805710
01489907236512	77599.335235	W	0.013497
01489907495656	77599.348732	S	0.805667
01489922964456	77600.154399	W	0.013599
01489923225564	77600.167998	S	1.338735
01489948929280	77601.506733	W	0.036870
01489949637180	77601.543603	S	0.674912
01489962595492	77602.218515	W	0.015521
01489962893496	77602.234036	S	7.662879
01490110020776	77609.896915	W	0.013385
01490110277764	77609.910300	S	3.761112
01490182491112	77613.671412	W	0.012827
01490182737392	77613.684239	S	0.908583
01490200182180	77614.592822	W	0.013492
01490200441224	77614.606314	S	0.600877
01490211978072	77615.207191	W	0.013342
01490212234240	77615.220533	S	12.479716
01490451844796	77627.700250	W	0.013486
01490452103724	77627.713736	S	0.003267
01490452166456	77627.717003	W	0.013605
01490452427664	77627.730607	S	1.300908
01490477405096	77629.031515	W	0.012795
01490477650768	77629.044311	S	0.703780
01490491163352	77629.748091	W	0.013446
01490491421516	77629.761537	S	0.806355
01490506903524	77630.567892	W	0.013442
01490507161604	77630.581334	S	0.938939
01490525189228	77631.520272	W	0.036478
01490525889612	77631.556751	S	1.391189
01490552600448	77632.947940	W	0.015436
01490552896816	77632.963376	S	11.428123
01490772316776	77644.391499	W	0.012877
01490772564016	77644.404376	S	0.703772
01490786076436	77645.108148	W	0.013459
01490786334852	77645.121607	S	0.805710
01490801804488	77645.927317	W	0.013478
01490802063268	77645.940795	S	3.879511
01490876549876	77649.820306	W	0.013592
01490876810840	77649.833898	S	1.418005
01490904036536	77651.251903	W	0.026665
01490904548508	77651.278568	S	0.178169
01490907969348	77651.456737	W	0.036410
01490908668420	77651.493147	S	0.645775
01490921067292	77652.138921	W	0.015464
01490921364200	77652.154385	S	3.091563
01490980722208	77655.245948	W	0.013509
01490980981588	77655.259458	S	0.293501
01490986616812	77655.552959	W	0.013357
01490986873260	77655.566316	S	0.805830
01491002345204	77656.372146	W	0.013553
01491002605420	77656.385699	S	0.704226
01491016126556	77657.089925	W	0.013584
01491016387364	77657.103509	S	0.804649
01491031836624	77657.908158	W	0.013573
01491032097228	77657.921731	S	0.805612
01491047564976	77658.727343	W	0.013246
01491047819304	77658.740589	S	0.601156
01491059361492	77659.341744	W	0.013421
01491059619176	77659.355165	S	0.089025
01491061328464	77659.444191	W	0.013456
01491061586824	77659.457647	S	0.601117
01491073128280	77660.058765	W	0.021291
01491073537064	77660.080055	S	0.900136
01491090819668	77660.980191	W	0.013402
01491091076980	77660.993593	S	0.539915
01491101443352	77661.533508	W	0.036675
01491102147516	77661.570183	S	0.818598
01491117864592	77662.388781	W	0.015466
01491118161536	77662.404247	S	6.000231
01491233365980	77668.404478	W	6.727747
01491362538720	77675.132225	S	0.080418
01491364082752	77675.212643	W	0.269126
01491369249964	77675.481769	S	0.038101
01491369981496	77675.519870	W	0.085659
01491371626156	77675.605529	S	0.016441
01491371941824	77675.621970	W	0.060594
01491373105236	77675.682564	S	0.042079
01491373913144	77675.724643	W	0.082577
01491375498624	77675.807220	S	0.016246
01491375810540	77675.823466	W	0.057996
01491376924072	77675.881462	S	0.150529
01491379814236	77676.031991	W	0.012516
01491380054536	77676.044507	S	0.123228
01491382420504	77676.167735	W	0.015410
01491382716372	77676.183144	S	2.715982
01491434863224	77678.899126	W	0.082813
01491436453228	77678.981939	S	0.255154
01491441352180	77679.237093	W	0.015062
01491441641368	77679.252155	S	6.610767
01491568568092	77685.862921	W	0.021842
01491568987460	77685.884764	S	0.004542
01491569074672	77685.889306	W	0.014542
01491569353880	77685.903848	S	3.953208
01491645255476	77689.857056	W	0.013489
01491645514456	77689.870545	S	0.601586
01491657064900	77690.472130	W	0.012813
01491657310916	77690.484944	S	0.805721
01491672780760	77691.290665	W	0.013315
01491673036400	77691.303979	S	13.299090
01491928378932	77704.603069	W	0.012870
01491928626036	77704.615939	S	0.293936
01491934269616	77704.909876	W	0.013415
01491934527180	77704.923291	S	0.601978
01491946085148	77705.525268	W	0.013607
01491946346404	77705.538875	S	0.804592
01491961794568	77706.343467	W	0.013535
01491962054440	77706.357002	S	2.601822
01492012009428	77708.958824	W	0.034693
01492012675536	77708.993517	S	0.307701
01492018583392	77709.301218	W	0.015419
01492018879428	77709.316637	S	2.943893
01492075402180	77712.260530	W	0.014338
01492075677468	77712.274868	S	7.688056
01492223288136	77719.962924	W	0.012910
01492223536000	77719.975833	S	0.908475
01492240978712	77720.884308	W	0.013504
01492241237992	77720.897812	S	0.600946
01492252776160	77721.498758	W	0.013383
01492253033104	77721.512141	S	11.302893
01492470048648	77732.815034	W	0.013761
01492470312856	77732.828795	S	1.194980
01492493256464	77734.023774	W	0.088293
01492494951696	77734.112067	S	0.084084
01492496566112	77734.196152	W	0.121000
01492498889316	77734.317152	S	0.083794
01492500498160	77734.400946	W	0.121382
01492502828700	77734.522328	S	0.015417
01492503124712	77734.537745	W	0.094738
01492504943684	77734.632484	S	0.075632
01492506395816	77734.708115	W	0.084883
01492508025576	77734.792999	S	0.119940
01492510328432	77734.912939	W	0.121230
01492512656056	77735.034170	S	0.001675
01492512688212	77735.035844	W	0.061985
01492513878328	77735.097830	S	0.019907
01492514260536	77735.117736	W	0.133034
01492516814796	77735.250771	S	0.015987
01492517121752	77735.266758	W	0.074594
01492518553964	77735.341352	S	0.083560
01492520158316	77735.424912	W	0.083541
01492521762312	77735.508454	S	0.015911
01492522067812	77735.524365	W	0.058517
01492523191336	77735.582882	S	0.354534
01492529998392	77735.937416	W	0.013412
01492530255908	77735.950829	S	0.600811
01492541791480	77736.551640	W	0.012772
01492542036704	77736.564412	S	2.751737
01492594870060	77739.316149	W	0.085961
01492596520520	77739.402110	S	1.066564
01492616998540	77740.468674	W	0.015653
01492617299080	77740.484327	S	6.103293
01492734482312	77746.587620	W	0.013574
01492734742932	77746.601194	S	1.214583
01492758062928	77747.815777	W	0.014037
01492758332448	77747.829815	S	2.340957
01492803278824	77750.170772	W	0.013439
01492803536856	77750.184211	S	0.805787
01492819007964	77750.989998	W	0.013627
01492819269608	77751.003625	S	0.703216
01492832771356	77751.706841	W	0.013555
01492833031616	77751.720397	S	13.605743
01493094261888	77765.326140	W	0.013418
01493094519516	77765.339558	S	0.806821
01493110010484	77766.146379	W	0.013649
01493110272540	77766.160028	S	0.702043
01493123751768	77766.862071	W	0.013406
01493124009164	77766.875477	S	2.503170
01493172070032	77769.378647	W	0.062061
01493173261604	77769.440709	S	0.467671
01493182240888	77769.908380	W	0.015534
01493182539132	77769.923913	S	10.454955
01493383274276	77780.378869	W	0.013442
01493383532368	77780.392311	S	0.805818
01493399004072	77781.198129	W	0.013290
01493399259232	77781.211418	S	0.805852
01493414731596	77782.017271	W	0.013490
01493414990600	77782.030760	S	8.997978
01493587751772	77791.028738	W	0.013533
01493588011600	77791.042271	S	0.003331
01493588075556	77791.045602	W	0.013774
01493588340024	77791.059376	S	2.999333
01493645927224	77794.058710	W	0.013529
01493646186984	77794.072239	S	0.203157
01493650087604	77794.275396	W	0.013592
01493650348564	77794.288988	S	1.449958
01493678187756	77795.738946	W	0.013436
01493678445732	77795.752382	S	0.805760
01493693916324	77796.558142	W	0.013461
01493694174776	77796.571603	S	0.703356
01493707679220	77797.274959	W	0.013464
01493707937724	77797.288423	S	2.103395
01493748322900	77799.391818	W	0.052139
01493749323976	77799.443957	S	1.184296
01493772062464	77800.628253	W	0.015477
01493772359620	77800.643730	S	8.918147
01493943588044	77809.561877	W	0.124004
01493945968928	77809.685882	S	0.016592
01493946287504	77809.702474	W	0.082646
01493947874316	77809.785121	S	0.259517
01493952857036	77810.044637	W	0.015182
01493953148524	77810.059819	S	0.935645
01493971112916	77810.995464	W	0.024338
01493971580212	77811.019803	S	0.078323
01493973084004	77811.098125	W	0.012812
01493973329992	77811.110937	S	0.228755
01493977722080	77811.339692	W	0.015217
01493978014252	77811.354909	S	0.869365
01493994706060	77812.224274	W	0.024445
01493995175396	77812.248719	S	0.282886
01494000606812	77812.531605	W	0.012930
01494000855060	77812.544534	S	0.017385
01494001188856	77812.561920	W	0.015181
01494001480340	77812.577101	S	2.002315
01494039924788	77814.579416	W	0.083793
01494041533608	77814.663209	S	0.032505
01494042157700	77814.695714	W	0.107637
01494044224340	77814.803351	S	0.236301
01494048761316	77815.039652	W	0.015269
01494049054480	77815.054921	S	4.175666
01494129227260	77819.230586	W	0.013562
01494129487656	77819.244149	S	0.093504
01494131282928	77819.337653	W	0.021190
01494131689768	77819.358842	S	0.546208
01494142176968	77819.905050	W	0.084450
01494143798400	77819.989500	S	0.249674
01494148592132	77820.239174	W	0.013639
01494148853996	77820.252812	S	0.043039
01494149680352	77820.295852	W	0.022639
01494150115024	77820.318491	S	0.067448
01494151410028	77820.385939	W	0.035968
01494152100616	77820.421907	S	0.025431
01494152588888	77820.447338	W	0.027475
01494153116408	77820.474813	S	0.079419
01494154641256	77820.554232	W	0.014696
01494154923428	77820.568929	S	0.428901
01494163158332	77820.997830	W	0.015242
01494163450972	77821.013071	S	5.290935
01494265036924	77826.304006	W	0.042094
01494265845128	77826.346100	S	0.018812
01494266206312	77826.364912	W	0.014538
01494266485432	77826.379450	S	0.003706
01494266556584	77826.383155	W	0.014882
01494266842312	77826.398037	S	0.246409
01494271573356	77826.644446	W	0.014409
01494271850012	77826.658855	S	0.000958
01494271868400	77826.659813	W	0.015202
01494272160276	77826.675014	S	0.031595
01494272766900	77826.706609	W	0.014688
01494273048912	77826.721298	S	0.026332
01494273554496	77826.747630	W	0.014613
01494273835064	77826.762243	S	0.020999
01494274238236	77826.783241	W	3.736375
01494345976628	77830.519616	S	0.021723
01494346393708	77830.541339	W	0.014800
01494346677868	77830.556139	S	0.012123
01494346910636	77830.568262	W	0.059099
01494348045332	77830.627361	S	0.000558
01494348056040	77830.627919	W	0.791195
01494363246992	77831.419114	S	0.016774
01494363569044	77831.435888	W	0.070063
01494364914256	77831.505951	S	0.071753
01494366291912	77831.577704	W	0.128838
01494368765608	77831.706542	S	0.000707
01494368779176	77831.707249	W	0.214846
01494372904212	77831.922094	S	0.016117
01494373213652	77831.938211	W	0.122697
01494375569432	77832.060908	S	0.016985
01494375895548	77832.077893	W	0.192789
01494379597100	77832.270682	S	0.015018
01494379885448	77832.285700	W	0.065970
01494381152068	77832.351670	S	0.198322
01494384959848	77832.549992	W	0.085468
01494386600824	77832.635460	S	0.015668
01494386901652	77832.651128	W	0.071641
01494388277152	77832.722768	S	0.147373
01494391106716	77832.870141	W	0.084741
01494392733744	77832.954882	S	0.016067
01494393042224	77832.970949	W	0.060962
01494394212688	77833.031911	S	0.014949
01494394499704	77833.046860	W	0.015316
01494394793768	77833.062175	S	0.054397
01494395838196	77833.116573	W	0.119994
01494398142084	77833.236567	S	0.015764
01494398444756	77833.252331	W	0.087728
01494400129136	77833.340059	S	0.016375
01494400443544	77833.356435	W	0.083276
01494402042440	77833.439710	S	0.446370
01494410612748	77833.886081	W	0.015450
01494410909392	77833.901531	S	0.111170
01494413043852	77834.012701	W	0.022491
01494413475680	77834.035192	S	0.012317
01494413712164	77834.047509	W	0.015140
01494414002856	77834.062649	S	0.076014
01494415462328	77834.138663	W	0.128912
01494417937436	77834.267575	S	0.005378
01494418040700	77834.272953	W	0.089227
01494419753856	77834.362180	S	0.524623
01494429826624	77834.886803	W	0.089940
01494431553480	77834.976744	S	0.041323
01494432346888	77835.018067	W	0.013700
01494432609920	77835.031767	S	0.950448
01494450858512	77835.982214	W	0.013880
01494451125012	77835.996094	S	0.030223
01494451705292	77836.026317	W	0.013750
01494451969288	77836.040067	S	0.249109
01494456752172	77836.289176	W	0.233973
01494461244452	77836.523149	S	0.015915
01494461550012	77836.539063	W	0.083817
01494463159304	77836.622880	S	0.268516
01494468314812	77836.891396	W	0.015273
01494468608056	77836.906670	S	0.098532
01494470499864	77837.005201	W	0.012810
01494470745808	77837.018011	S	0.016819
01494471068728	77837.034830	W	0.024336
01494471535976	77837.059165	S	0.355486
01494478361300	77837.414651	W	0.081378
01494479923764	77837.496029	S	0.256353
01494484845744	77837.752382	W	0.015201
01494485137604	77837.767584	S	0.278870
01494490491904	77838.046453	W	0.014612
01494490772456	77838.061065	S	0.185340
01494494330988	77838.246406	W	0.108773
01494496419436	77838.355179	S	0.232552
01494500884428	77838.587731	W	0.015209
01494501176436	77838.602939	S	0.411004
01494509067720	77839.013944	W	0.094344
01494510879124	77839.108288	S	0.271434
01494516090656	77839.379722	W	0.015266
01494516383764	77839.394988	S	0.661893
01494529092108	77840.056881	W	0.014685
01494529374052	77840.071565	S	0.002143
01494529415192	77840.073708	W	0.013185
01494529668348	77840.086893	S	0.092898
01494531451984	77840.179791	W	0.012713
01494531696072	77840.192504	S	0.870623
01494548412040	77841.063127	W	0.022805
01494548849892	77841.085932	S	0.123851
01494551227840	77841.209783	W	0.012633
01494551470392	77841.222416	S	0.083713
01494553077676	77841.306129	W	0.012590
01494553319412	77841.318719	S	0.757519
01494567863780	77842.076239	W	0.014462
01494568141448	77842.090700	S	0.161581
01494571243808	77842.252282	W	5.230176
01494671663184	77847.482457	S	0.634310
01494683841944	77848.116768	W	0.021379
01494684252416	77848.138147	S	0.989306
01494703247096	77849.127453	W	0.031757
01494703856828	77849.159210	S	0.982163
01494722714356	77850.141373	W	0.023308
01494723161872	77850.164681	S	0.974666
01494741875456	77851.139347	W	0.013465
01494742133984	77851.152812	S	0.003335
01494742198016	77851.156147	W	0.013266
01494742452732	77851.169413	S	0.390894
01494749957900	77851.560307	W	0.235244
01494754474588	77851.795551	S	0.015581
01494754773744	77851.811133	W	0.071525
01494756147032	77851.882658	S	0.278060
01494761485784	77852.160718	W	0.020118
01494761872044	77852.180836	S	0.147789
01494764709584	77852.328624	W	0.086339
01494766367296	77852.414963	S	0.681351
01494779449240	77853.096315	W	0.015462
01494779746112	77853.111777	S	0.062967
01494780955088	77853.174744	W	0.021052
01494781359292	77853.195796	S	0.991439
01494800394928	77854.187236	W	0.022028
01494800817864	77854.209264	S	0.716957
01494814583444	77854.926221	W	0.013567
01494814843936	77854.939788	S	0.243966
01494819528080	77855.183754	W	0.013723
01494819791552	77855.197477	S	0.001541
01494819821136	77855.199017	W	0.021709
01494820237940	77855.220726	S	0.439937
01494828684732	77855.660663	W	0.013751
01494828948744	77855.674414	S	0.378251
01494836211156	77856.052664	W	0.013423
01494836468876	77856.066087	S	0.146493
01494839281548	77856.212581	W	0.013672
01494839544052	77856.226253	S	0.995671
01494858660932	77857.221924	W	0.021589
01494859075436	77857.243512	S	0.037976
01494859804568	77857.281488	W	0.013023
01494860054608	77857.294511	S	0.703738
01494873566368	77857.998248	W	0.013037
01494873816676	77858.011285	S	0.191816
01494877499548	77858.203101	W	0.012309
01494877735872	77858.215410	S	0.017313
01494878068276	77858.232723	W	0.014605
01494878348684	77858.247327	S	0.672396
01494891258696	77858.919724	W	0.013146
01494891511100	77858.932870	S	0.308964
01494897443208	77859.241834	W	0.020929
01494897845048	77859.262763	S	0.992322
01494916897628	77860.255085	W	0.022149
01494917322892	77860.277234	S	0.935504
01494935284568	77861.212738	W	0.013811
01494935549736	77861.226549	S	0.040286
01494936323220	77861.266834	W	0.022437
01494936754016	77861.289272	S	0.991106
01494955783252	77862.280378	W	0.021900
01494956203724	77862.302277	S	0.991070
01494975232264	77863.293347	W	0.013335
01494975488300	77863.306682	S	0.925201
01494993252156	77864.231883	W	0.013776
01494993516652	77864.245659	S	0.058301
01494994636028	77864.303960	W	0.021689
01494995052448	77864.325648	S	0.993061
01495014119220	77865.318709	W	0.013953
01495014387116	77865.332662	S	0.450523
01495023037156	77865.783185	W	0.016022
01495023344788	77865.799208	S	0.496560
01495032878748	77866.295768	W	0.016084
01495033187564	77866.311852	S	0.017570
01495033524900	77866.329422	W	0.013403
01495033782236	77866.342825	S	0.257023
01495038717084	77866.599848	W	0.013347
01495038973356	77866.613196	S	0.641758
01495051295116	77867.254954	W	0.013750
01495051559108	77867.268704	S	0.070539
01495052913460	77867.339243	W	0.013774
01495053177920	77867.353017	S	0.996031
01495072301712	77868.349047	W	0.014002
01495072570560	77868.363050	S	0.996074
01495091695188	77869.359124	W	0.013969
01495091963396	77869.373094	S	0.811295
01495107540268	77870.184389	W	0.013303
01495107795692	77870.197692	S	0.079402
01495109320204	77870.277094	W	0.021763
01495109738060	77870.298857	S	0.910632
01495127222204	77871.209490	W	0.014814
01495127506628	77871.224304	S	1.417192
01495154716716	77872.641496	W	0.013156
01495154969320	77872.654652	S	0.498897
01495164548144	77873.153549	W	0.013325
01495164803980	77873.166874	S	0.133817
01495167373272	77873.300691	W	0.013817
01495167638552	77873.314508	S	0.043830
01495168480084	77873.358338	W	0.013409
01495168737532	77873.371746	S	0.703364
01495182242120	77874.075110	W	0.013462
01495182500584	77874.088572	S	2.231393
01495225343320	77876.319965	W	0.013854
01495225609316	77876.333819	S	2.997455
01495283160456	77879.331274	W	0.013678
01495283423076	77879.344952	S	2.312521
01495327823476	77881.657473	W	0.013379
01495328080344	77881.670851	S	0.186596
01495331662980	77881.857447	W	0.013141
01495331915288	77881.870588	S	0.008336
01495332075336	77881.878924	W	0.014193
01495332347848	77881.893117	S	0.456963
01495341121532	77882.350080	W	0.014246
01495341395052	77882.364326	S	0.026875
01495341911048	77882.391200	W	0.036309
01495342608184	77882.427510	S	0.966226
01495361159732	77883.393736	W	0.013614
01495361421124	77883.407350	S	0.293846
01495367062972	77883.701196	W	0.013100
01495367314488	77883.714296	S	0.293661
01495372952772	77884.007957	W	0.013307
01495373208260	77884.021264	S	0.191663
01495376888192	77884.212927	W	0.013357
01495377144656	77884.226284	S	1.144666
01495399122248	77885.370950	W	0.013740
01495399386060	77885.384691	S	0.056468
01495400470248	77885.441159	W	0.013116
01495400722080	77885.454275	S	0.862873
01495417289248	77886.317148	W	0.013516
01495417548752	77886.330664	S	0.038324
01495418284580	77886.368989	W	0.012558
01495418525688	77886.381546	S	1.414185
01495445678032	77887.795731	W	0.012450
01495445917064	77887.808180	S	0.582110
01495457093572	77888.390290	W	0.014845
01495457378592	77888.405135	S	0.004960
01495457473832	77888.410095	W	0.012605
01495457715840	77888.422700	S	0.294635
01495463372824	77888.717335	W	0.012665
01495463615988	77888.729999	S	0.601724
01495475169080	77889.331723	W	0.012758
01495475414028	77889.344481	S	2.064338
01495515049308	77891.408818	W	0.014571
01495515329076	77891.423389	S	3.010520
01495573131060	77894.433909	W	0.014880
01495573416760	77894.448790	S	2.258654
01495616782924	77896.707444	W	0.013481
01495617041764	77896.720925	S	0.737775
01495631207052	77897.458701	W	0.013742
01495631470900	77897.472443	S	3.013191
01495689324172	77900.485634	W	0.014455
01495689601708	77900.500089	S	0.096582
01495691456076	77900.596671	W	0.013381
01495691712984	77900.610051	S	1.012884
01495711160364	77901.622936	W	0.013585
01495711421204	77901.636521	S	1.213029
01495734711360	77902.849550	W	0.013558
01495734971668	77902.863108	S	0.397125
01495742596464	77903.260233	W	0.085610
01495744240176	77903.345842	S	0.117914
01495746504132	77903.463757	W	0.083119
01495748100024	77903.546876	S	0.019830
01495748480756	77903.566706	W	0.013230
01495748734764	77903.579936	S	0.088861
01495750440888	77903.668796	W	0.013408
01495750698328	77903.682205	S	0.625388
01495762705772	77904.307592	W	0.015632
01495763005900	77904.323224	S	0.062314
01495764202320	77904.385537	W	0.013512
01495764461752	77904.399050	S	2.128089
01495805321052	77906.527138	W	0.014146
01495805592652	77906.541284	S	1.849926
01495841111232	77908.391210	W	0.235441
01495845631708	77908.626651	S	0.015912
01495845937220	77908.642564	W	0.062283
01495847133048	77908.704846	S	0.722744
01495861009728	77909.427590	W	0.015457
01495861306500	77909.443047	S	0.109185
01495863402860	77909.552232	W	0.014010
01495863671860	77909.566243	S	0.451112
01495872333216	77910.017355	W	0.084623
01495873957976	77910.101978	S	0.324994
01495880197856	77910.426972	W	0.084769
01495881825424	77910.511741	S	0.221488
01495886077996	77910.733229	W	0.084332
01495887697164	77910.817561	S	0.121424
01495890028512	77910.938985	W	0.084260
01495891646296	77911.023245	S	0.427728
01495899858676	77911.450973	W	0.087951
01495901547328	77911.538923	S	0.321690
01495907723768	77911.860613	W	0.085289
01495909361320	77911.945902	S	0.016097
01495909670376	77911.961999	W	0.061659
01495910854220	77912.023657	S	0.016039
01495911162168	77912.039696	W	0.061826
01495912349220	77912.101522	S	0.016012
01495912656644	77912.117534	W	0.068774
01495913977104	77912.186308	S	0.388932
01495921444596	77912.575239	W	0.019777
01495921824320	77912.595017	S	0.187057
01495925415812	77912.782074	W	0.084789
01495927043768	77912.866863	S	0.016057
01495927352060	77912.882920	W	0.088677
01495929054664	77912.971597	S	0.016190
01495929365516	77912.987787	W	0.172033
01495932668552	77913.159820	S	0.339128
01495939179804	77913.498948	W	0.086621
01495940842924	77913.585569	S	0.015473
01495941140004	77913.601042	W	0.084269
01495942757964	77913.685311	S	0.016031
01495943065760	77913.701342	W	0.058274
01495944184624	77913.759616	S	0.251386
01495949011244	77914.011002	W	0.084681
01495950637116	77914.095683	S	0.016207
01495950948284	77914.111890	W	0.061895
01495952136672	77914.173785	S	0.373786
01495959313364	77914.547571	W	0.015617
01495959613220	77914.563189	S	0.369306
01495966703900	77914.932495	W	0.085168
01495968339132	77915.017663	S	0.016026
01495968646824	77915.033689	W	0.061766
01495969832724	77915.095454	S	0.041950
01495970638156	77915.137404	W	0.084432
01495972259248	77915.221836	S	0.015863
01495972563824	77915.237699	W	0.058588
01495973688708	77915.296287	S	0.148286
01495976535804	77915.444573	W	0.084108
01495978150668	77915.528681	S	0.016659
01495978470512	77915.545339	W	0.061632
01495979653848	77915.606971	S	0.016075
01495979962484	77915.623046	W	0.061908
01495981151120	77915.684954	S	0.015931
01495981456996	77915.700885	W	0.069349
01495982788492	77915.770234	S	0.391119
01495990297972	77916.161353	W	0.084697
01495991924156	77916.246050	S	0.016060
01495992232500	77916.262109	W	0.061719
01495993417496	77916.323828	S	0.451961
01496002095144	77916.775789	W	0.084827
01496003723824	77916.860616	S	0.015936
01496004029792	77916.876552	W	0.061926
01496005218768	77916.938478	S	0.156587
01496008225232	77917.095064	W	0.013489
01496008484224	77917.108553	S	0.076787
01496009958528	77917.185340	W	0.085268
01496011595676	77917.270608	S	0.015913
01496011901200	77917.286521	W	0.061900
01496013089676	77917.348421	S	0.861206
01496029624828	77918.209626	W	0.013307
01496029880332	77918.222934	S	0.393665
01496037438696	77918.616599	W	0.021098
01496037843780	77918.637697	S	0.186341
01496041421524	77918.824038	W	0.013566
01496041681992	77918.837604	S	0.805728
01496057151960	77919.643331	W	0.012952
01496057400632	77919.656283	S	1.980794
01496095431876	77921.637077	W	0.013870
01496095698172	77921.650946	S	0.566573
01496106576376	77922.217520	W	0.028854
01496107130376	77922.246374	S	0.312181
01496113124252	77922.558555	W	0.015359
01496113419144	77922.573914	S	0.654079
01496125977468	77923.227993	W	0.028637
01496126527308	77923.256631	S	0.312894
01496132534864	77923.569524	W	0.015719
01496132836668	77923.585243	S	1.063553
01496153256880	77924.648796	W	0.014770
01496153540468	77924.663566	S	3.006347
01496211262340	77927.669914	W	0.014716
01496211544892	77927.684630	S	0.049417
01496212493692	77927.734046	W	0.013110
01496212745412	77927.747157	S	0.611164
01496224479768	77928.358321	W	0.029130
01496225039072	77928.387452	S	0.163559
01496228179404	77928.551011	W	0.013486
01496228438344	77928.564497	S	0.135506
01496231040064	77928.700003	W	0.015529
01496231338224	77928.715533	S	0.245219
01496236046432	77928.960752	W	0.020032
01496236431040	77928.980783	S	0.388355
01496243887448	77929.369138	W	0.030905
01496244480816	77929.400042	S	0.175083
01496247842416	77929.575126	W	0.013141
01496248094732	77929.588267	S	0.119230
01496250383952	77929.707497	W	0.015578
01496250683056	77929.723076	S	0.876033
01496267502884	77930.599109	W	0.013128
01496267754940	77930.612236	S	0.074210
01496269179780	77930.686447	W	0.015002
01496269467816	77930.701449	S	0.716781
01496283230020	77931.418230	W	0.013131
01496283482144	77931.431362	S	0.908459
01496300924552	77932.339820	W	0.013222
01496301178416	77932.353043	S	1.215626
01496324518432	77933.568668	W	0.013136
01496324770636	77933.581804	S	0.127888
01496327226084	77933.709692	W	0.014906
01496327512284	77933.724598	S	0.663764
01496340256556	77934.388362	W	0.013226
01496340510496	77934.401588	S	0.600657
01496352043120	77935.002246	W	0.013045
01496352293584	77935.015291	S	1.717937
01496385277980	77936.733228	W	0.014652
01496385559300	77936.747880	S	0.507836
01496395309752	77937.255716	W	0.012837
01496395556228	77937.268554	S	0.089156
01496397268020	77937.357709	W	0.012727
01496397512372	77937.370436	S	1.525545
01496426802836	77938.895981	W	0.016688
01496427123244	77938.912669	S	0.494022
01496436608472	77939.406691	W	0.016425
01496436923832	77939.423116	S	0.336044
01496443375880	77939.759160	W	0.014428
01496443652900	77939.773589	S	2.499132
01496491636240	77942.272721	W	0.012688
01496491879852	77942.285409	S	0.201442
01496495747540	77942.486851	W	0.012783
01496495992964	77942.499634	S	0.281311
01496501394128	77942.780944	W	0.013297
01496501649432	77942.794241	S	0.400075
01496509330864	77943.194316	W	0.012644
01496509573620	77943.206959	S	0.089753
01496511296876	77943.296712	W	0.012634
01496511539444	77943.309346	S	1.932932
01496548651748	77945.242279	W	0.013301
01496548907124	77945.255579	S	0.089071
01496550617288	77945.344650	W	0.013208
01496550870884	77945.357859	S	0.443968
01496559395068	77945.801826	W	0.014701
01496559677328	77945.816528	S	0.654558
01496572244840	77946.471085	W	0.022505
01496572676932	77946.493590	S	0.830700
01496588626372	77947.324290	W	0.035224
01496589302672	77947.359514	S	0.021259
01496589710844	77947.380773	W	0.069723
01496591049532	77947.450496	S	0.044571
01496591905288	77947.495067	W	0.013149
01496592157744	77947.508216	S	0.223463
01496596448236	77947.731679	W	0.015359
01496596743136	77947.747038	S	1.077996
01496617440664	77948.825035	W	0.012098
01496617672948	77948.837133	S	0.091545
01496619430604	77948.928677	W	0.013145
01496619682996	77948.941823	S	0.601746
01496631236520	77949.543569	W	0.022406
01496631666716	77949.565975	S	0.796357
01496646956772	77950.362332	W	0.013220
01496647210588	77950.375551	S	1.468995
01496675415288	77951.844546	W	0.014657
01496675696700	77951.859203	S	1.893072
01496712043676	77953.752275	W	0.028092
01496712583044	77953.780367	S	0.195275
01496716332320	77953.975642	W	0.536816
01496726639196	77954.512458	S	0.250054
01496731440236	77954.762512	W	0.032552
01496732065236	77954.795064	S	0.069214
01496733394148	77954.864279	W	0.012950
01496733642792	77954.877229	S	0.000704
01496733656308	77954.877933	W	0.015169
01496733947548	77954.893101	S	0.209926
01496737978120	77955.103027	W	0.015693
01496738279428	77955.118720	S	0.357327
01496745140112	77955.476047	W	0.015103
01496745430092	77955.491151	S	0.991652
01496764469808	77956.482803	W	0.014727
01496764752564	77956.497529	S	0.992756
01496783813488	77957.490286	W	0.014729
01496784096284	77957.505015	S	0.378694
01496791367204	77957.883709	W	0.014653
01496791648544	77957.898362	S	0.246222
01496796376000	77958.144583	W	0.012620
01496796618312	77958.157204	S	0.090088
01496798347992	77958.247291	W	0.013182
01496798601092	77958.260474	S	0.237517
01496803161416	77958.497990	W	0.014609
01496803441916	77958.512600	S	0.993064
01496822508740	77959.505664	W	0.022201
01496822935000	77959.527865	S	0.318673
01496829053520	77959.846537	W	0.057814
01496830163556	77959.904352	S	0.283710
01496835610788	77960.188062	W	0.014027
01496835880108	77960.202089	S	0.314961
01496841927368	77960.517050	W	0.014786
01496842211256	77960.531836	S	0.326474
01496848479556	77960.858310	W	0.030164
01496849058712	77960.888475	S	0.024332
01496849525888	77960.912807	W	0.013842
01496849791652	77960.926649	S	0.600731
01496861325696	77961.527380	W	0.013880
01496861592196	77961.541260	S	0.290733
01496867174276	77961.831994	W	0.012584
01496867415892	77961.844578	S	0.690490
01496880673308	77962.535068	W	0.013882
01496880939836	77962.548950	S	0.207161
01496884917336	77962.756111	W	0.013504
01496885176604	77962.769615	S	0.496309
01496894705736	77963.265924	W	0.013368
01496894962408	77963.279292	S	0.262685
01496900005952	77963.541977	W	0.013950
01496900273800	77963.555927	S	0.376552
01496907503592	77963.932479	W	0.013836
01496907769252	77963.946315	S	0.138614
01496910430632	77964.084929	W	0.013403
01496910687972	77964.098332	S	0.191396
01496914362776	77964.289728	W	0.023668
01496914817192	77964.313395	S	0.283499
01496920260380	77964.596895	W	0.013634
01496920522148	77964.610529	S	0.293585
01496926158984	77964.904114	W	0.013537
01496926418896	77964.917651	S	0.600879
01496937955768	77965.518530	W	0.013461
01496938214224	77965.531991	S	0.090194
01496939945952	77965.622185	W	0.119235
01496942235256	77965.741420	S	0.011110
01496942448572	77965.752530	W	0.091390
01496944203256	77965.843920	S	1.106014
01496965438724	77966.949934	W	0.011807
01496965665416	77966.961740	S	0.297508
01496971377568	77967.259248	W	0.013302
01496971632964	77967.272550	S	2.692562
01497023330160	77969.965112	W	0.013850
01497023596072	77969.978962	S	0.761763
01497038221924	77970.740725	W	0.085897
01497039871140	77970.826622	S	0.028756
01497040423248	77970.855378	W	0.234972
01497044934712	77971.090350	S	0.016128
01497045244368	77971.106477	W	0.062231
01497046439212	77971.168709	S	0.978695
01497065230164	77972.147404	W	0.015598
01497065529644	77972.163002	S	0.824420
01497081358512	77972.987422	W	0.024060
01497081820460	77973.011482	S	0.084856
01497083449692	77973.096338	W	0.022089
01497083873808	77973.118427	S	2.857191
01497138731880	77975.975619	W	0.166518
01497141929032	77976.142137	S	0.128430
01497144394892	77976.270567	W	0.013340
01497144651012	77976.283907	S	0.498619
01497154224504	77976.782526	W	0.013502
01497154483744	77976.796028	S	1.012627
01497173926176	77977.808655	W	0.013654
01497174188336	77977.822309	S	0.712435
01497187867096	77978.534745	W	0.013583
01497188127880	77978.548327	S	0.491734
01497197569164	77979.040061	W	0.013941
01497197836832	77979.054002	S	0.083780
01497199445412	77979.137782	W	0.013299
01497199700748	77979.151081	S	0.704182
01497213221048	77979.855263	W	0.021208
01497213628236	77979.876471	S	0.694902
01497226970364	77980.571373	W	0.013565
01497227230816	77980.584938	S	1.470235
01497255459332	77982.055174	W	0.013956
01497255727284	77982.069129	S	3.006127
01497313444928	77985.075257	W	0.012265
01497313680408	77985.087521	S	2.552546
01497362689288	77987.640067	W	0.012856
01497362936128	77987.652923	S	0.433639
01497371261992	77988.086562	W	0.014309
01497371536720	77988.100871	S	0.354340
01497378340048	77988.455211	W	0.013898
01497378606896	77988.469109	S	0.907856
01497396037740	77989.376966	W	0.012425
01497396276292	77989.389390	S	1.011359
01497415694380	77990.400749	W	0.012626
01497415936796	77990.413375	S	0.692087
01497429224864	77991.105462	W	0.014453
01497429502356	77991.119914	S	1.125782
01497451117380	77992.245697	W	0.013295
01497451372652	77992.258992	S	0.909429
01497468833688	77993.168421	W	0.013378
01497469090536	77993.181799	S	0.087152
01497470763856	77993.268951	W	0.012982
01497471013104	77993.281933	S	0.842318
01497487185616	77994.124251	W	0.013776
01497487450112	77994.138027	S	0.155952
01497490444388	77994.293979	W	0.013400
01497490701660	77994.307378	S	0.804920
01497506156120	77995.112298	W	0.012791
01497506401704	77995.125089	S	0.806183
01497521880416	77995.931272	W	0.013301
01497522135800	77995.944573	S	1.201117
01497545197248	77997.145690	W	0.013893
01497545463988	77997.159583	S	3.002705
01497603115928	78000.162288	W	0.013936
01497603383500	78000.176224	S	3.003660
01497661053764	78003.179884	W	0.013791
01497661318548	78003.193674	S	0.319383
01497667450696	78003.513057	W	0.013089
01497667702008	78003.526146	S	0.085241
01497669338636	78003.611387	W	0.012859
01497669585524	78003.624246	S	0.601654
01497681137288	78004.225900	W	0.021220
01497681544708	78004.247120	S	0.285690
01497687029948	78004.532810	W	0.013203
01497687283436	78004.546012	S	0.191765
01497690965320	78004.737777	W	0.013180
01497691218372	78004.750957	S	0.294252
01497696868012	78005.045209	W	0.013329
01497697123936	78005.058538	S	1.060261
01497717480956	78006.118800	W	0.036174
01497718175492	78006.154974	S	0.043348
01497719007776	78006.198322	W	0.013905
01497719274756	78006.212227	S	0.494343
01497728766132	78006.706569	W	0.015447
01497729062720	78006.722017	S	0.678089
01497742082028	78007.400106	W	0.013316
01497742337696	78007.413422	S	1.016488
01497761854272	78008.429910	W	0.013347
01497762110536	78008.443257	S	0.777986
01497777047864	78009.221243	W	0.022178
01497777473684	78009.243421	S	0.409528
01497785336628	78009.652949	W	0.013129
01497785588700	78009.666078	S	0.704238
01497799110072	78010.370316	W	0.013163
01497799362808	78010.383480	S	0.088772
01497801067236	78010.472252	W	0.012588
01497801308932	78010.484840	S	0.089778
01497803032664	78010.574618	W	0.013343
01497803288844	78010.587961	S	0.703457
01497816795220	78011.291418	W	0.013271
01497817050016	78011.304688	S	0.602188
01497828612032	78011.906877	W	0.013253
01497828866488	78011.920130	S	0.088189
01497830559724	78012.008319	W	0.013174
01497830812660	78012.021493	S	0.225244
01497835137344	78012.246737	W	0.013764
01497835401608	78012.260500	S	0.772398
01497850231656	78013.032899	W	0.015485
01497850528960	78013.048383	S	0.496659
01497860064816	78013.545043	W	0.016124
01497860374396	78013.561166	S	1.519244
01497889543880	78015.080410	W	0.013433
01497889801800	78015.093844	S	0.175311
01497893167768	78015.269155	W	0.014281
01497893441972	78015.283436	S	1.741442
01497926877656	78017.024878	W	0.021507
01497927290600	78017.046385	S	1.240684
01497951111728	78018.287069	W	0.014467
01497951389500	78018.301536	S	3.005607
01498009097164	78021.307144	W	0.014213
01498009370052	78021.321357	S	1.848454
01498044860372	78023.169811	W	0.013543
01498045120400	78023.183354	S	0.294356
01498050772032	78023.477710	W	0.013351
01498051028376	78023.491061	S	0.088494
01498052727460	78023.579555	W	0.013283
01498052982500	78023.592839	S	0.191537
01498056660008	78023.784375	W	0.013148
01498056912456	78023.797524	S	0.192214
01498060602964	78023.989738	W	0.013134
01498060855136	78024.002872	S	0.088631
01498062556852	78024.091503	W	0.012947
01498062805428	78024.104449	S	0.089754
01498064528700	78024.194203	W	0.017744
01498064869392	78024.211948	S	0.114276
01498067063496	78024.326224	W	0.013954
01498067331412	78024.340178	S	0.775307
01498082217300	78025.115484	W	0.013351
01498082473648	78025.128836	S	0.293992
01498088118296	78025.422828	W	0.013439
01498088376332	78025.436267	S	0.298449
01498094106552	78025.734716	W	0.085617
01498095750408	78025.820334	S	0.114000
01498097939208	78025.934334	W	0.084647
01498099564424	78026.018980	S	0.018074
01498099911436	78026.037054	W	0.013156
01498100164024	78026.050210	S	0.089208
01498101876820	78026.139418	W	0.013178
01498102129840	78026.152596	S	0.498869
01498111708120	78026.651465	W	0.013278
01498111963052	78026.664742	S	0.677496
01498124970968	78027.342238	W	0.013688
01498125233780	78027.355926	S	0.217306
01498129406064	78027.573232	W	0.013263
01498129660712	78027.586495	S	0.703356
01498143165144	78028.289851	W	0.013605
01498143426368	78028.303457	S	0.907943
01498160858872	78029.211400	W	0.013383
01498161115828	78029.224783	S	0.089071
01498162826000	78029.313854	W	0.012998
01498163075568	78029.326853	S	1.037931
01498183003844	78030.364784	W	0.013954
01498183271752	78030.378737	S	0.380090
01498190569472	78030.758827	W	0.235229
01498195085860	78030.994055	S	0.016137
01498195395684	78031.010192	W	0.062764
01498196600760	78031.072956	S	0.186171
01498200175244	78031.259127	W	0.013140
01498200427524	78031.272267	S	0.089318
01498202142432	78031.361585	W	0.013141
01498202394744	78031.374726	S	2.004766
01498240886244	78033.379492	W	0.014627
01498241167084	78033.394119	S	1.345976
01498267009832	78034.740095	W	0.013989
01498267278420	78034.754084	S	1.123633
01498288852180	78035.877718	W	0.167837
01498292074648	78036.045555	S	0.173710
01498295409872	78036.219264	W	0.015184
01498295701400	78036.234448	S	0.164526
01498298860304	78036.398974	W	0.014255
01498299134008	78036.413230	S	2.320425
01498343686164	78038.733654	W	0.012717
01498343930340	78038.746372	S	0.667888
01498356753792	78039.414260	W	0.023213
01498357199480	78039.437473	S	0.115497
01498359417016	78039.552970	W	0.017603
01498359754988	78039.570572	S	0.413495
01498367694088	78039.984067	W	0.014596
01498367974332	78039.998663	S	0.680700
01498381043780	78040.679364	W	0.012813
01498381289784	78040.692176	S	0.601468
01498392837968	78041.293644	W	0.012490
01498393077784	78041.306135	S	0.397183
01498400703692	78041.703317	W	0.012715
01498400947828	78041.716033	S	0.396974
01498408569736	78042.113007	W	0.012916
01498408817732	78042.125924	S	0.316002
01498414884972	78042.441926	W	0.014435
01498415162124	78042.456361	S	3.001965
01498472799860	78045.458326	W	0.013754
01498473063932	78045.472080	S	2.887988
01498528513308	78048.360068	W	0.253786
01498533386008	78048.613855	S	0.015871
01498533690740	78048.629726	W	0.062191
01498534884816	78048.691917	S	1.001196
01498554107780	78049.693114	W	0.013469
01498554366380	78049.706582	S	1.793074
01498588793396	78051.499656	W	0.013362
01498589049956	78051.513019	S	2.069696
01498628788120	78053.582715	W	0.013417
01498629045720	78053.596131	S	0.926993
01498646843988	78054.523124	W	0.013860
01498647110096	78054.536984	S	0.070232
01498648458548	78054.607216	W	0.013255
01498648713036	78054.620471	S	1.522260
01498677940436	78056.142731	W	0.013277
01498678195352	78056.156008	S	0.499579
01498687787272	78056.655587	W	0.013292
01498688042472	78056.668879	S	0.190659
01498691703124	78056.859538	W	0.013293
01498691958352	78056.872831	S	0.670768
01498704837100	78057.543599	W	0.013790
01498705101864	78057.557389	S	0.121359
01498707431952	78057.678748	W	0.013477
01498707690720	78057.692225	S	2.342181
01498752660588	78060.034406	W	0.013544
01498752920640	78060.047950	S	0.518010
01498762866440	78060.565960	W	0.013697
01498763129416	78060.579657	S	0.478321
01498772313188	78061.057979	W	0.013275
01498772568064	78061.071253	S	0.908305
01498790007528	78061.979559	W	0.013365
01498790264144	78061.992924	S	1.597066
01498820927808	78063.589990	W	0.013953
01498821195708	78063.603943	S	0.525918
01498831293336	78064.129861	W	0.013092
01498831544696	78064.142953	S	1.423978
01498858885076	78065.566931	W	0.015060
01498859174228	78065.581991	S	1.005483
01498878479508	78066.587474	W	0.013535
01498878739388	78066.601010	S	0.011120
01498878952892	78066.612130	W	0.013665
01498879215252	78066.625794	S	3.006586
01498936941708	78069.632381	W	0.013755
01498937205812	78069.646136	S	0.936792
01498955192224	78070.582928	W	0.013573
01498955452832	78070.596502	S	0.910436
01498972933196	78071.506937	W	0.013379
01498973190068	78071.520316	S	0.187705
01498976794000	78071.708021	W	0.013335
01498977050036	78071.721356	S	0.088568
01498978750544	78071.809924	W	0.013140
01498979002840	78071.823065	S	0.498914
01498988581988	78072.321979	W	0.013375
01498988838788	78072.335354	S	0.314985
01498994886508	78072.650339	W	0.021754
01498995304192	78072.672093	S	0.366656
01499002343984	78073.038749	W	0.013302
01499002599380	78073.052051	S	0.498590
01499012172312	78073.550641	W	0.013289
01499012427460	78073.563930	S	0.089176
01499014139632	78073.653106	W	0.013302
01499014395036	78073.666408	S	2.006660
01499052922904	78075.673068	W	0.013808
01499053188012	78075.686876	S	2.981445
01499110431756	78078.668321	W	0.041136
01499111221568	78078.709457	S	0.947305
01499129409832	78079.656762	W	0.015580
01499129708960	78079.672342	S	0.843245
01499145899268	78080.515587	W	0.013466
01499146157812	78080.529053	S	1.111308
01499167494928	78081.640361	W	0.013603
01499167756096	78081.653963	S	0.061117
01499168929548	78081.715081	W	0.013815
01499169194804	78081.728896	S	2.982997
01499226468344	78084.711893	W	0.012695
01499226712092	78084.724588	S	0.013554
01499226972328	78084.738142	W	0.014565
01499227251976	78084.752707	S	0.061125
01499228425584	78084.813833	W	0.012589
01499228667284	78084.826421	S	0.808522
01499244190900	78085.634943	W	0.015801
01499244494284	78085.650744	S	1.211125
01499267747876	78086.861869	W	0.012820
01499267994020	78086.874689	S	0.193709
01499271713240	78087.068398	W	0.012780
01499271958608	78087.081178	S	0.087992
01499273648056	78087.169170	W	0.015606
01499273947696	78087.184776	S	0.291487
01499279544244	78087.476263	W	0.012616
01499279786464	78087.488878	S	0.193286
01499283497564	78087.682165	W	0.016836
01499283820824	78087.699001	S	0.065959
01499285087228	78087.764960	W	0.014633
01499285368184	78087.779593	S	0.004503
01499285454632	78087.784095	W	0.012700
01499285698480	78087.796796	S	0.080020
01499287234860	78087.876816	W	0.087944
01499288923376	78087.964759	S	0.125676
01499291336352	78088.090435	W	0.082276
01499292916048	78088.172711	S	0.225147
01499297238876	78088.397858	W	0.012618
01499297481148	78088.410476	S	0.019551
01499297856532	78088.430028	W	0.015213
01499298148612	78088.445240	S	2.341007
01499343095940	78090.786247	W	0.024226
01499343561080	78090.810473	S	2.157114
01499384977660	78092.967586	W	0.306810
01499390868412	78093.274396	S	0.295659
01499396545056	78093.570055	W	0.015189
01499396836676	78093.585244	S	0.230189
01499401256312	78093.815433	W	0.014566
01499401535988	78093.829999	S	1.941193
01499438806896	78095.771193	W	0.013531
01499439066688	78095.784723	S	1.056565
01499459352732	78096.841288	W	0.022740
01499459789348	78096.864029	S	0.339649
01499466310612	78097.203678	W	0.399196
01499473975180	78097.602874	S	0.484919
01499483285616	78098.087792	W	0.087024
01499484956472	78098.174816	S	0.054151
01499485996176	78098.228968	W	0.085935
01499487646128	78098.314903	S	0.541862
01499498049884	78098.856765	W	0.015325
01499498344132	78098.872090	S	0.074068
01499499766240	78098.946158	W	0.013306
01499500021720	78098.959465	S	0.001499
01499500050508	78098.960964	W	0.013434
01499500308440	78098.974398	S	0.586873
01499511576396	78099.561271	W	0.013487
01499511835352	78099.574758	S	0.294569
01499517491068	78099.869326	W	0.013888
01499517757724	78099.883215	S	0.703308
01499531261236	78100.586523	W	0.013433
01499531519144	78100.599955	S	0.820163
01499547266268	78101.420118	W	0.014615
01499547546868	78101.434733	S	0.480882
01499556779812	78101.915615	W	0.013383
01499557036760	78101.928998	S	0.395650
01499564633240	78102.324648	W	0.026181
01499565135908	78102.350829	S	0.179189
01499568576340	78102.530018	W	0.013409
01499568833800	78102.543427	S	0.089275
01499570547884	78102.632702	W	0.012683
01499570791392	78102.645385	S	0.051192
01499571774284	78102.696577	W	0.015439
01499572070708	78102.712016	S	0.021884
01499572490884	78102.733900	W	0.012866
01499572737904	78102.746766	S	0.146790
01499575556280	78102.893556	W	0.013975
01499575824608	78102.907532	S	0.544100
01499586271336	78103.451632	W	0.013387
01499586528372	78103.465019	S	2.453426
01499633634152	78105.918445	W	0.013869
01499633900432	78105.932314	S	3.013941
01499691768092	78108.946255	W	0.022902
01499692207816	78108.969157	S	1.343240
01499717998016	78110.312397	W	0.025205
01499718481960	78110.337602	S	0.486583
01499727824348	78110.824185	W	0.026372
01499728330696	78110.850557	S	0.281080
01499733727428	78111.131637	W	0.013453
01499733985732	78111.145090	S	0.191326
01499737659192	78111.336416	W	0.013465
01499737917716	78111.349881	S	0.629411
01499750002416	78111.979292	W	0.013799
01499750267364	78111.993092	S	0.162578
01499753388852	78112.155669	W	0.013189
01499753642072	78112.168858	S	1.010801
01499773049456	78113.179659	W	0.013488
01499773308432	78113.193148	S	1.624875
01499804506032	78114.818022	W	0.013418
01499804763656	78114.831440	S	0.171762
01499808061492	78115.003203	W	0.014217
01499808334456	78115.017420	S	0.824595
01499824166672	78115.842014	W	0.013488
01499824425648	78115.855502	S	1.317705
01499849725584	78117.173208	W	0.013412
01499849983092	78117.186619	S	0.601033
01499861522924	78117.787652	W	0.013648
01499861784964	78117.801300	S	0.232434
01499866247696	78118.033734	W	0.021804
01499866666324	78118.055538	S	0.551323
01499877251720	78118.606860	W	0.013520
01499877511312	78118.620381	S	2.438867
01499924337556	78121.059248	W	0.013931
01499924605036	78121.073179	S	3.011069
01499982417568	78124.084248	W	0.022499
01499982849544	78124.106747	S	0.133005
01499985403244	78124.239752	W	0.016461
01499985719296	78124.256213	S	0.496002
01499995242528	78124.752215	W	0.015817
01499995546212	78124.768032	S	0.290241
01500001118836	78125.058273	W	0.013394
01500001376000	78125.071667	S	0.293855
01500007018024	78125.365522	W	0.013477
01500007276792	78125.379000	S	0.191066
01500010945256	78125.570065	W	0.013341
01500011201396	78125.583406	S	0.294034
01500016846848	78125.877440	W	0.023438
01500017296848	78125.900877	S	0.181200
01500020775888	78126.082078	W	0.018987
01500021140440	78126.101065	S	1.004979
01500040436040	78127.106044	W	0.021897
01500040856468	78127.127941	S	0.285612
01500046340220	78127.413553	W	0.013406
01500046597612	78127.426959	S	0.805634
01500062065792	78128.232593	W	0.012913
01500062313720	78128.245506	S	0.045128
01500063180184	78128.290635	W	0.062104
01500064372584	78128.352739	S	1.233749
01500088060568	78129.586488	W	0.015487
01500088357920	78129.601975	S	0.473653
01500097452064	78130.075628	W	0.013325
01500097707908	78130.088954	S	0.044427
01500098560900	78130.133380	W	0.013800
01500098825864	78130.147180	S	0.952417
01500117112268	78131.099597	W	0.013487
01500117371224	78131.113085	S	0.090949
01500119117436	78131.204033	W	0.013184
01500119370572	78131.217217	S	0.703281
01500132873576	78131.920499	W	0.014887
01500133159412	78131.935386	S	0.700313
01500146605416	78132.635699	W	0.013352
01500146861776	78132.649051	S	0.509147
01500156637392	78133.158198	W	0.021870
01500157057292	78133.180067	S	0.069999
01500158401272	78133.250066	W	0.013380
01500158658176	78133.263447	S	0.191413
01500162333296	78133.454859	W	0.013406
01500162590688	78133.468265	S	2.712755
01500214675580	78136.181020	W	0.013713
01500214938864	78136.194732	S	3.010218
01500272735056	78139.204951	W	0.013937
01500273002652	78139.218888	S	0.994437
01500292095844	78140.213325	W	0.013370
01500292352556	78140.226696	S	1.727397
01500325518584	78141.954093	W	0.013509
01500325777952	78141.967602	S	0.264261
01500330851756	78142.231862	W	0.022122
01500331276492	78142.253984	S	3.000820
01500388892244	78145.254804	W	0.013700
01500389155288	78145.268505	S	0.576828
01500400230380	78145.845332	W	0.013361
01500400486908	78145.858693	S	0.909954
01500417958028	78146.768647	W	0.013575
01500418218664	78146.782222	S	0.087152
01500419891984	78146.869374	W	0.013353
01500420148360	78146.882727	S	1.317802
01500445450160	78148.200529	W	0.013437
01500445708160	78148.213967	S	0.067389
01500447002020	78148.281355	W	0.013918
01500447269252	78148.295274	S	0.519616
01500457245884	78148.814890	W	0.013546
01500457505976	78148.828436	S	0.211849
01500461573472	78149.040285	W	0.100374
01500463500656	78149.140659	S	0.083627
01500465106288	78149.224286	W	0.083355
01500466706696	78149.307640	S	0.428891
01500474941412	78149.736532	W	0.013339
01500475197524	78149.749871	S	0.293818
01500480838832	78150.043689	W	0.012733
01500481083304	78150.056422	S	1.248869
01500505061588	78151.305291	W	0.013123
01500505313556	78151.318414	S	0.158900
01500508364440	78151.477315	W	0.013358
01500508620920	78151.490673	S	0.294043
01500514266548	78151.784716	W	0.013274
01500514521404	78151.797990	S	0.090616
01500516261240	78151.888606	W	0.013310
01500516516788	78151.901916	S	1.316396
01500541791584	78153.218312	W	0.013376
01500542048396	78153.231687	S	0.920789
01500559727540	78154.152476	W	0.312910
01500565735416	78154.465386	S	0.006004
01500565850692	78154.471390	W	0.061648
01500567034324	78154.533038	S	0.653986
01500579590848	78155.187023	W	0.015494
01500579888328	78155.202517	S	1.912514
01500616608592	78157.115031	W	0.013504
01500616867868	78157.128535	S	0.083225
01500618465792	78157.211760	W	0.013464
01500618724304	78157.225224	S	0.124217
01500621109268	78157.349441	W	0.022587
01500621542932	78157.372028	S	1.900402
01500658030660	78159.272430	W	0.166885
01500661234852	78159.439315	S	0.538320
01500671570600	78159.977635	W	0.014534
01500671849644	78159.992169	S	0.087698
01500673533440	78160.079867	W	0.013321
01500673789208	78160.093188	S	0.283548
01500679233336	78160.376736	W	0.022084
01500679657340	78160.398820	S	0.806898
01500695149788	78161.205718	W	0.013466
01500695408340	78161.219184	S	1.017506
01500714944460	78162.236691	W	0.014086
01500715214920	78162.250777	S	0.606180
01500726853568	78162.856957	W	0.013650
01500727115640	78162.870606	S	0.531351
01500737317580	78163.401957	W	0.021279
01500737726144	78163.423237	S	0.137320
01500740362696	78163.560557	W	0.013367
01500740619344	78163.573924	S	0.703909
01500754134404	78164.277834	W	0.013490
01500754393408	78164.291323	S	0.498048
01500763955932	78164.789371	W	0.013370
01500764212628	78164.802741	S	0.805967
01500779687188	78165.608708	W	0.022449
01500780118212	78165.631157	S	0.797454
01500795429332	78166.428611	W	0.022547
01500795862228	78166.451158	S	3.003213
01500853523924	78169.454371	W	0.022591
01500853957672	78169.476962	S	1.149225
01500876022784	78170.626187	W	0.013329
01500876278692	78170.639515	S	0.703712
01500889789960	78171.343227	W	0.013449
01500890048172	78171.356676	S	0.088968
01500891756352	78171.445643	W	0.013441
01500892014420	78171.459084	S	0.704973
01500905549896	78172.164057	W	0.013394
01500905807068	78172.177451	S	0.291971
01500911412904	78172.469422	W	0.021884
01500911833068	78172.491306	S	0.080772
01500913383900	78172.572078	W	0.013368
01500913640568	78172.585446	S	0.804643
01500929089720	78173.390090	W	0.012787
01500929335228	78173.402876	S	2.097933
01500969615544	78175.500810	W	0.014607
01500969896004	78175.515417	S	1.049563
01500990047612	78176.564980	W	0.012640
01500990290300	78176.577620	S	0.089247
01500992003844	78176.666867	W	0.012569
01500992245160	78176.679435	S	0.705844
01501005797372	78177.385280	W	0.012617
01501006039612	78177.397896	S	1.133056
01501027794284	78178.530952	W	0.014422
01501028071180	78178.545374	S	0.169556
01501031326652	78178.714930	W	0.012667
01501031569864	78178.727597	S	0.704110
01501045088784	78179.431707	W	0.012824
01501045335000	78179.444531	S	0.806407
01501060818020	78180.250939	W	0.012854
01501061064820	78180.263793	S	1.011981
01501080494856	78181.275774	W	0.016556
01501080812728	78181.292330	S	0.261537
01501085834236	78181.553866	W	0.014351
01501086109776	78181.568217	S	0.219706
01501090328128	78181.787923	W	0.016311
01501090641308	78181.804235	S	2.774869
01501143918784	78184.579103	W	0.022015
01501144341476	78184.601119	S	2.819365
01501198473292	78187.420484	W	0.012724
01501198717592	78187.433208	S	0.171650
01501202013276	78187.604858	W	0.014854
01501202298464	78187.619712	S	0.824302
01501218125060	78188.444014	W	0.012837
01501218371532	78188.456851	S	0.959082
01501236785912	78189.415933	W	0.036481
01501237486344	78189.452414	S	0.306076
01501243362996	78189.758489	W	0.015464
01501243659908	78189.773954	S	0.854200
01501260060548	78190.628154	W	0.022837
01501260499016	78190.650990	S	0.864818
01501277103512	78191.515808	W	0.013559
01501277363836	78191.529366	S	1.010393
01501296763384	78192.539760	W	0.013362
01501297019936	78192.553122	S	0.626371
01501309046256	78193.179492	W	0.013625
01501309307860	78193.193118	S	0.270348
01501314498540	78193.463466	W	0.013290
01501314753708	78193.476756	S	0.179331
01501318196860	78193.656086	W	0.022402
01501318626972	78193.678488	S	0.295049
01501324291912	78193.973537	W	0.013523
01501324551552	78193.987060	S	0.600769
01501336086316	78194.587829	W	0.013520
01501336345896	78194.601349	S	0.191347
01501340019752	78194.792695	W	0.012672
01501340263056	78194.805367	S	0.601692
01501351815544	78195.407060	W	0.013489
01501352074540	78195.420549	S	1.261335
01501376292180	78196.681884	W	0.013820
01501376557532	78196.695705	S	3.009758
01501434344880	78199.705463	W	0.019942
01501434727776	78199.725405	S	3.008027
01501492481896	78202.733432	W	0.013833
01501492747492	78202.747265	S	0.446388
01501501318144	78203.193653	W	0.013406
01501501575532	78203.207059	S	1.006405
01501520898512	78204.213464	W	0.013266
01501521153212	78204.226730	S	1.535011
01501550625428	78205.761741	W	0.013806
01501550890508	78205.775547	S	1.202681
01501573981988	78206.978229	W	0.013451
01501574240256	78206.991680	S	0.293984
01501579884740	78207.285664	W	0.016149
01501580194804	78207.301813	S	0.700422
01501593642916	78208.002235	W	0.013534
01501593902760	78208.015769	S	0.771493
01501608715428	78208.787262	W	0.013825
01501608980868	78208.801087	S	0.327534
01501615269516	78209.128621	W	0.013287
01501615524620	78209.141907	S	0.908362
01501632965180	78210.050270	W	0.013407
01501633222596	78210.063677	S	0.139841
01501635907544	78210.203518	W	0.084697
01501637533724	78210.288215	S	0.069023
01501638858964	78210.357238	W	0.083233
01501640457036	78210.440471	S	0.224209
01501644761856	78210.664680	W	0.013267
01501645016580	78210.677947	S	0.828772
01501660929000	78211.506719	W	0.015469
01501661226000	78211.522187	S	0.293392
01501666859128	78211.815580	W	0.022498
01501667291080	78211.838077	S	1.591424
01501697846424	78213.429501	W	0.013402
01501698103744	78213.442903	S	1.398421
01501724953432	78214.841325	W	0.013863
01501725219600	78214.855187	S	0.481349
01501734461500	78215.336536	W	0.299264
01501740207372	78215.635801	S	0.015838
01501740511456	78215.651638	W	0.061819
01501741698388	78215.713458	S	0.583240
01501752896600	78216.296698	W	0.013324
01501753152424	78216.310022	S	1.559430
01501783093476	78217.869452	W	0.021809
01501783512204	78217.891261	S	0.147844
01501786350812	78218.039105	W	0.013335
01501786606848	78218.052440	S	2.404461
01501832772508	78220.456901	W	0.085001
01501834404536	78220.541903	S	0.055339
01501835467036	78220.597241	W	0.085729
01501837113028	78220.682970	S	0.213641
01501841214940	78220.896611	W	0.023027
01501841657064	78220.919639	S	0.827040
01501857536228	78221.746679	W	0.015547
01501857834732	78221.762226	S	0.063944
01501859062456	78221.826170	W	0.013324
01501859318272	78221.839493	S	1.010793
01501878725500	78222.850286	W	0.013581
01501878986264	78222.863868	S	1.061996
01501899376588	78223.925864	W	0.022473
01501899808072	78223.948337	S	0.335633
01501906252228	78224.283970	W	0.020947
01501906654416	78224.304918	S	0.593349
01501918046708	78224.898266	W	0.013503
01501918305956	78224.911769	S	0.089453
01501920023444	78225.001221	W	0.013208
01501920277036	78225.014429	S	0.191068
01501923945536	78225.205497	W	0.013337
01501924201608	78225.218834	S	0.498660
01501933775888	78225.717494	W	0.013395
01501934033072	78225.730889	S	0.089007
01501935742004	78225.819896	W	0.013248
01501935996364	78225.833144	S	1.121211
01501957523620	78226.954355	W	0.022391
01501957953532	78226.976746	S	2.429609
01502004602028	78229.406356	W	0.012744
01502004846716	78229.419100	S	0.562948
01502015655312	78229.982048	W	0.022417
01502016085720	78230.004465	S	0.423485
01502024216632	78230.427950	W	0.013292
01502024471836	78230.441241	S	0.908285
01502041910900	78231.349526	W	0.013385
01502042167896	78231.362911	S	1.648054
01502073810528	78233.010965	W	0.013034
01502074060788	78233.023999	S	0.381443
01502081384484	78233.405442	W	0.013464
01502081642996	78233.418906	S	0.183643
01502085168948	78233.602549	W	0.016382
01502085483480	78233.618931	S	2.413324
01502131819308	78236.032256	W	0.022356
01502132248544	78236.054612	S	2.258854
01502175618548	78238.313466	W	0.012693
01502175862252	78238.326159	S	0.089081
01502177572612	78238.415240	W	0.013268
01502177827352	78238.428508	S	0.631806
01502189958024	78239.060314	W	0.022678
01502190393440	78239.082992	S	0.458892
01502199204160	78239.541883	W	0.013453
01502199462464	78239.555337	S	0.601073
01502211003072	78240.156410	W	0.013509
01502211262440	78240.169919	S	0.804375
01502226706440	78240.974294	W	0.012971
01502226955484	78240.987265	S	0.192501
01502230651496	78241.179765	W	0.013374
01502230908280	78241.193140	S	0.896942
01502248129572	78242.090082	W	0.013858
01502248395640	78242.103940	S	1.124490
01502269985848	78243.228430	W	0.013623
01502270247416	78243.242053	S	1.011512
01502289668448	78244.253565	W	0.013455
01502289926784	78244.267020	S	0.848536
01502306218672	78245.115556	W	0.013714
01502306481984	78245.129270	S	0.761271
01502321098384	78245.890541	W	0.013514
01502321357848	78245.904055	S	0.191059
01502325026172	78246.095113	W	0.013379
01502325283052	78246.108492	S	0.191440
01502328958700	78246.299932	W	0.013403
01502329216032	78246.313335	S	0.088992
01502330924684	78246.402327	W	0.013253
01502331179132	78246.415580	S	0.294126
01502336826360	78246.709706	W	0.013263
01502337081008	78246.722969	S	0.601913
01502348637736	78247.324882	W	0.015392
01502348933256	78247.340274	S	0.496740
01502358470660	78247.837014	W	0.013339
01502358726764	78247.850352	S	0.089290
01502360441140	78247.939643	W	0.013202
01502360694612	78247.952844	S	0.190253
01502364347476	78248.143098	W	0.011983
01502364577548	78248.155081	S	0.295792
01502370256756	78248.450873	W	0.013746
01502370520676	78248.464619	S	2.195060
01502412665824	78250.659678	W	0.061213
01502413841120	78250.720892	S	0.447493
01502422432992	78251.168385	W	0.013430
01502422690840	78251.181815	S	1.365137
01502448901480	78252.546952	W	0.013229
01502449155476	78252.560181	S	0.909547
01502466618784	78253.469728	W	0.013542
01502466878792	78253.483270	S	0.001533
01502466908232	78253.484804	W	0.013618
01502467169696	78253.498422	S	0.071965
01502468551416	78253.570386	W	0.013327
01502468807300	78253.583714	S	0.191390
01502472481992	78253.775104	W	0.013543
01502472742008	78253.788646	S	0.404094
01502480500620	78254.192741	W	0.021580
01502480914956	78254.214321	S	0.482452
01502490178028	78254.696772	W	0.013482
01502490436884	78254.710254	S	0.805943
01502505910980	78255.516197	W	0.013631
01502506172688	78255.529827	S	0.600518
01502517702636	78256.130346	W	0.013487
01502517961596	78256.143833	S	1.074989
01502538601388	78257.218822	W	0.022301
01502539029564	78257.241123	S	3.004780
01502596721348	78260.245904	W	0.022203
01502597147644	78260.268106	S	0.368421
01502604221324	78260.636527	W	0.013399
01502604478580	78260.649926	S	1.010022
01502623871008	78261.659948	W	0.013321
01502624126764	78261.673269	S	1.600265
01502654851856	78263.273534	W	0.013732
01502655115504	78263.287266	S	3.010220
01502712911728	78266.297486	W	0.022253
01502713338980	78266.319739	S	1.797195
01502747845124	78268.116934	W	0.013423
01502748102852	78268.130357	S	0.903401
01502765448160	78269.033758	W	0.012777
01502765693472	78269.046535	S	0.278367
01502771038128	78269.324902	W	0.021363
01502771448292	78269.346265	S	0.505900
01502781161580	78269.852166	W	0.021831
01502781580740	78269.873997	S	0.080388
01502783124188	78269.954385	W	0.013179
01502783377216	78269.967563	S	0.381480
01502790701632	78270.349043	W	0.094463
01502792515324	78270.443506	S	0.022658
01502792950352	78270.466164	W	0.083320
01502794550096	78270.549484	S	0.121701
01502796886764	78270.671186	W	0.013209
01502797140380	78270.684395	S	0.396367
01502804750632	78271.080762	W	0.013355
01502805007048	78271.094117	S	0.396292
01502812615848	78271.490409	W	0.013418
01502812873464	78271.503826	S	0.846280
01502829122032	78272.350106	W	0.023257
01502829568572	78272.373363	S	1.062646
01502849971384	78273.436010	W	0.013370
01502850228096	78273.449380	S	1.928511
01502887255516	78275.377891	W	0.012444
01502887494440	78275.390335	S	0.104848
01502889507524	78275.495184	W	0.236422
01502894046828	78275.731606	S	0.016044
01502894354880	78275.747650	W	0.062335
01502895551708	78275.809985	S	0.966547
01502914109412	78276.776532	W	0.015651
01502914409920	78276.792183	S	1.608713
01502945297204	78278.400896	W	0.020824
01502945697020	78278.421720	S	1.055838
01502965969104	78279.477557	W	0.013365
01502966225712	78279.490923	S	1.124646
01502987818924	78280.615569	W	0.169972
01502991082384	78280.785541	S	0.643598
01503003439464	78281.429139	W	0.022500
01503003871456	78281.451638	S	1.405180
01503030850904	78282.856818	W	0.021249
01503031258880	78282.878067	S	0.081210
01503032818104	78282.959276	W	0.013281
01503033073096	78282.972557	S	0.908266
01503050511796	78283.880823	W	0.013471
01503050770444	78283.894294	S	0.564024
01503061599704	78284.458318	W	0.013489
01503061858684	78284.471806	S	0.637791
01503074104276	78285.109598	W	0.013442
01503074362364	78285.123040	S	0.612480
01503086121972	78285.735519	W	0.014275
01503086396044	78285.749794	S	0.179001
01503089832856	78285.928795	W	0.013487
01503090091808	78285.942282	S	0.600954
01503101630132	78286.543236	W	0.013297
01503101885428	78286.556533	S	0.925657
01503119658044	78287.482190	W	0.012980
01503119907252	78287.495169	S	3.010682
01503177712344	78290.505851	W	0.013873
01503177978712	78290.519725	S	1.143518
01503199934260	78291.663243	W	0.013480
01503200193084	78291.676723	S	0.703935
01503213708636	78292.380658	W	0.013481
01503213967468	78292.394139	S	0.804164
01503229407424	78293.198303	W	0.012764
01503229652488	78293.211067	S	0.294426
01503235305464	78293.505493	W	0.012599
01503235547356	78293.518091	S	0.008947
01503235719144	78293.527039	W	0.014512
01503235997780	78293.541551	S	0.373598
01503243170856	78293.915149	W	0.012998
01503243420416	78293.928147	S	0.806056
01503258896700	78294.734203	W	0.012860
01503259143608	78294.747063	S	0.706081
01503272700360	78295.453144	W	0.012844
01503272946972	78295.465988	S	0.087463
01503274626260	78295.553451	W	0.012840
01503274872784	78295.566291	S	0.983487
01503293755728	78296.549777	W	0.014340
01503294031060	78296.564118	S	2.368920
01503339514324	78298.933038	W	0.012746
01503339759048	78298.945784	S	0.629387
01503351843272	78299.575170	W	0.014364
01503352119056	78299.589534	S	0.371538
01503359252576	78299.961072	W	0.012774
01503359497844	78299.973846	S	1.109279
01503380795996	78301.083125	W	0.012573
01503381037392	78301.095698	S	0.704198
01503394557984	78301.799895	W	0.012823
01503394804192	78301.812718	S	0.089540
01503396523364	78301.902259	W	0.012723
01503396767644	78301.914981	S	0.601784
01503408321892	78302.516765	W	0.012903
01503408569628	78302.529668	S	0.071307
01503409938732	78302.600976	W	0.014889
01503410224592	78302.615864	S	3.006473
01503467948868	78305.622337	W	0.014284
01503468223116	78305.636621	S	3.007469
01503525966520	78308.644090	W	0.022731
01503526402960	78308.666821	S	1.838798
01503561707888	78310.505619	W	0.013491
01503561966916	78310.519110	S	0.242608
01503566624988	78310.761718	W	0.036263
01503567321240	78310.797981	S	0.548318
01503577848944	78311.346299	W	0.015383
01503578144296	78311.361682	S	0.307507
01503584048440	78311.669190	W	0.022673
01503584483752	78311.691862	S	0.758828
01503599053248	78312.450690	W	0.013519
01503599312812	78312.464209	S	1.010321
01503618710968	78313.474530	W	0.013411
01503618968464	78313.487941	S	1.010549
01503638371012	78314.498490	W	0.013411
01503638628504	78314.511901	S	0.181720
01503642117520	78314.693621	W	0.013913
01503642384652	78314.707534	S	0.816554
01503658062488	78315.524088	W	0.013503
01503658321744	78315.537591	S	1.008856
01503677691772	78316.546446	W	0.013310
01503677947324	78316.559756	S	0.703547
01503691455420	78317.263303	W	0.013283
01503691710452	78317.276586	S	0.293916
01503697353644	78317.570502	W	0.013401
01503697610936	78317.583903	S	0.132159
01503700148380	78317.716061	W	0.021360
01503700558496	78317.737422	S	0.447491
01503709150320	78318.184913	W	0.013483
01503709409196	78318.198396	S	0.294135
01503715056592	78318.492531	W	0.015996
01503715363724	78318.508527	S	0.001532
01503715393144	78318.510060	W	0.015428
01503715689360	78318.525487	S	0.479512
01503724895996	78319.005000	W	0.015846
01503725200244	78319.020846	S	1.718953
01503758204144	78320.739799	W	0.013978
01503758472528	78320.753777	S	3.008735
01503816240232	78323.762512	W	0.013712
01503816503500	78323.776224	S	0.553310
01503827127052	78324.329534	W	0.013256
01503827381568	78324.342790	S	1.015902
01503846886884	78325.358692	W	0.012871
01503847134008	78325.371563	S	0.083594
01503848739020	78325.455157	W	0.013088
01503848990304	78325.468245	S	0.089496
01503850708636	78325.557741	W	0.016555
01503851026496	78325.574297	S	0.086564
01503852688524	78325.660861	W	0.013216
01503852942264	78325.674076	S	0.293960
01503858586292	78325.968036	W	0.013381
01503858843212	78325.981417	S	0.088592
01503860544172	78326.070009	W	0.013345
01503860800396	78326.083354	S	0.701455
01503874268332	78326.784809	W	0.012116
01503874500956	78326.796925	S	0.502168
01503884142584	78327.299093	W	0.013265
01503884397272	78327.312358	S	2.034308
01503923455988	78329.346666	W	0.013324
01503923711808	78329.359990	S	0.445014
01503932256080	78329.805004	W	0.022066
01503932679744	78329.827070	S	0.441032
01503941147552	78330.268102	W	0.013561
01503941407924	78330.281663	S	0.601087
01503952948796	78330.882750	W	0.013432
01503953206696	78330.896182	S	0.293537
01503958842612	78331.189719	W	0.013339
01503959098712	78331.203058	S	0.089070
01503960808852	78331.292128	W	0.013421
01503961066536	78331.305549	S	0.396180
01503968673192	78331.701729	W	0.013489
01503968932172	78331.715217	S	0.703265
01503982434860	78332.418482	W	0.013497
01503982694008	78332.431980	S	0.399928
01503990372632	78332.831908	W	0.022224
01503990799336	78332.854132	S	0.383611
01503998164672	78333.237743	W	0.013488
01503998423644	78333.251231	S	0.270180
01504003611092	78333.521411	W	0.085698
01504005256496	78333.607109	S	0.040015
01504006024776	78333.647124	W	0.083399
01504007626036	78333.730523	S	0.121601
01504009960776	78333.852124	W	0.013447
01504010218964	78333.865571	S	0.520583
01504020214152	78334.386154	W	0.015284
01504020507600	78334.401437	S	1.456084
01504048464412	78335.857521	W	0.021915
01504048885176	78335.879436	S	2.849100
01504103587904	78338.728537	W	0.295034
01504109252564	78339.023571	S	0.015958
01504109558960	78339.039529	W	0.061929
01504110747996	78339.101458	S	0.404925
01504118522548	78339.506383	W	0.015577
01504118821620	78339.521959	S	2.377221
01504164464260	78341.899180	W	0.013745
01504164728160	78341.912925	S	0.645173
01504177115484	78342.558098	W	0.013426
01504177373268	78342.571524	S	1.277281
01504201897068	78343.848806	W	0.086761
01504203562876	78343.935566	S	0.053943
01504204598588	78343.989510	W	0.084505
01504206221080	78344.074015	S	0.552225
01504216823804	78344.626240	W	0.015590
01504217123124	78344.641829	S	0.064541
01504218362316	78344.706371	W	0.013280
01504218617292	78344.719651	S	0.205676
01504222566268	78344.925326	W	0.021526
01504222979576	78344.946853	S	0.988603
01504241960744	78345.935455	W	0.023290
01504242407920	78345.958746	S	0.488847
01504251793788	78346.447593	W	0.013407
01504252051208	78346.461000	S	0.606939
01504263704440	78347.067940	W	0.013480
01504263963256	78347.081420	S	0.094348
01504265774732	78347.175767	W	0.013276
01504266029632	78347.189043	S	0.182042
01504269524836	78347.371085	W	0.013475
01504269783564	78347.384561	S	0.564571
01504280623324	78347.949131	W	0.013708
01504280886524	78347.962840	S	0.839720
01504297009156	78348.802560	W	0.013378
01504297266020	78348.815939	S	0.601041
01504308806000	78349.416979	W	0.013334
01504309062004	78349.430313	S	0.191473
01504312738280	78349.621785	W	0.013286
01504312993364	78349.635071	S	0.805888
01504328466416	78350.440959	W	0.013463
01504328724896	78350.454422	S	0.516946
01504338650268	78350.971368	W	0.013506
01504338909592	78350.984875	S	2.020905
01504377710964	78353.005779	W	0.013444
01504377969092	78353.019224	S	0.497883
01504387528440	78353.517106	W	0.012650
01504387771316	78353.529756	S	0.464832
01504396696096	78353.994588	W	0.013714
01504396959396	78354.008302	S	0.016666
01504397279376	78354.024967	W	0.013088
01504397530668	78354.038056	S	2.956523
01504454295916	78356.994579	W	0.013351
01504454552260	78357.007930	S	0.008578
01504454716952	78357.016508	W	0.013798
01504454981868	78357.030306	S	0.783452
01504470024140	78357.813757	W	0.018689
01504470382968	78357.832446	S	2.206681
01504512751248	78360.039128	W	0.013606
01504513012488	78360.052734	S	1.447919
01504540812524	78361.500652	W	0.013164
01504541065264	78361.513816	S	0.088776
01504542769764	78361.602592	W	0.013169
01504543022600	78361.615760	S	1.113197
01504564395980	78362.728957	W	0.013232
01504564650044	78362.742190	S	0.319717
01504570788620	78363.061907	W	0.013948
01504571056424	78363.075855	S	0.881907
01504587989036	78363.957762	W	0.013354
01504588245432	78363.971116	S	0.294321
01504593896400	78364.265437	W	0.013266
01504594151108	78364.278704	S	0.293492
01504599786156	78364.572196	W	0.013413
01504600043688	78364.585609	S	0.194471
01504603777540	78364.780080	W	0.013383
01504604034500	78364.793464	S	0.086117
01504605687944	78364.879580	W	0.013230
01504605941968	78364.892811	S	0.089170
01504607654024	78364.981980	W	0.013237
01504607908184	78364.995218	S	0.293771
01504613548596	78365.288989	W	0.013484
01504613807480	78365.302473	S	0.191305
01504617480536	78365.493778	W	0.013267
01504617735268	78365.507045	S	0.577334
01504628820084	78366.084379	W	0.013895
01504629086864	78366.098274	S	0.009959
01504629278084	78366.108234	W	0.013345
01504629534304	78366.121578	S	0.191549
01504633212036	78366.313127	W	0.012574
01504633453448	78366.325700	S	0.294682
01504639111336	78366.620382	W	0.013515
01504639370824	78366.633897	S	0.293493
01504645005892	78366.927390	W	0.013272
01504645260708	78366.940662	S	0.293952
01504650904580	78367.234614	W	0.013362
01504651161140	78367.247976	S	0.191650
01504654840820	78367.439626	W	0.013152
01504655093332	78367.452778	S	1.656516
01504686898432	78369.109293	W	0.013642
01504687160364	78369.122936	S	0.746150
01504701486440	78369.869085	W	0.013825
01504701751872	78369.882910	S	2.248684
01504744926600	78372.131594	W	0.014148
01504745198244	78372.145742	S	1.029681
01504764968120	78373.175423	W	0.013384
01504765225088	78373.188807	S	0.861649
01504781768740	78374.050455	W	0.062230
01504782963560	78374.112685	S	1.045823
01504803043356	78375.158508	W	0.013931
01504803310832	78375.172439	S	1.380990
01504829825848	78376.553430	W	0.012725
01504830070164	78376.566154	S	0.089713
01504831792656	78376.655867	W	0.013439
01504832050676	78376.669306	S	0.088512
01504833750100	78376.757818	W	0.013389
01504834007176	78376.771207	S	1.010632
01504853411308	78377.781839	W	0.013305
01504853666768	78377.795144	S	0.385145
01504861061556	78378.180289	W	0.022986
01504861502888	78378.203275	S	0.909805
01504878971136	78379.113080	W	0.012994
01504879220628	78379.126074	S	0.498950
01504888800464	78379.625024	W	0.021416
01504889211644	78379.646440	S	0.183392
01504892732768	78379.829832	W	0.013268
01504892987508	78379.843099	S	0.703477
01504906494272	78380.546577	W	0.013222
01504906748140	78380.559799	S	0.645684
01504919145268	78381.205483	W	0.013907
01504919412276	78381.219389	S	3.008524
01504977175932	78384.227913	W	0.020710
01504977573564	78384.248623	S	2.032490
01505016597368	78386.281113	W	0.013405
01505016854744	78386.294518	S	0.958755
01505035262844	78387.253273	W	0.022461
01505035694092	78387.275734	S	0.541319
01505046087416	78387.817053	W	0.013212
01505046341088	78387.830265	S	0.089709
01505048063496	78387.919974	W	0.013400
01505048320784	78387.933374	S	0.806881
01505063812904	78388.740255	W	0.013415
01505064070476	78388.753671	S	1.523809
01505093327616	78390.277480	W	0.021977
01505093749576	78390.299457	S	1.306800
01505118840144	78391.606257	W	0.015263
01505119133196	78391.621521	S	0.496922
01505128674092	78392.118442	W	0.016313
01505128987304	78392.134755	S	0.396787
01505136605608	78392.531542	W	0.013417
01505136863220	78392.544959	S	0.757834
01505151413624	78393.302793	W	0.021020
01505151817212	78393.323813	S	0.227642
01505156187932	78393.551455	W	0.013324
01505156443744	78393.564778	S	0.601105
01505167984964	78394.165884	W	0.013469
01505168243560	78394.179352	S	0.495733
01505177761628	78394.675085	W	0.083902
01505179372544	78394.758987	S	0.123428
01505181742368	78394.882415	W	0.083266
01505183341084	78394.965681	S	0.019387
01505183713316	78394.985069	W	0.013202
01505183966788	78394.998270	S	0.601444
01505195514512	78395.599714	W	0.013449
01505195772740	78395.613164	S	0.191122
01505199442288	78395.804286	W	0.012915
01505199690252	78395.817201	S	0.507689
01505209437876	78396.324889	W	0.013832
01505209703460	78396.338722	S	0.182344
01505213204472	78396.521066	W	0.013297
01505213459768	78396.534363	S	0.293699
01505219098784	78396.828062	W	0.026401
01505219605684	78396.854463	S	0.587967
01505230894644	78397.442429	W	0.026314
01505231399876	78397.468744	S	0.917367
01505249013328	78398.386111	W	0.015475
01505249310452	78398.401586	S	0.947101
01505267494792	78399.348687	W	0.014111
01505267765720	78399.362798	S	0.548485
01505278296632	78399.911283	W	0.369099
01505285383332	78400.280382	S	0.665623
01505298163292	78400.946005	W	0.015583
01505298462484	78400.961588	S	0.884370
01505315442396	78401.845958	W	0.022602
01505315876352	78401.868560	S	0.182712
01505319384416	78402.051272	W	0.013260
01505319639004	78402.064531	S	0.089272
01505321353028	78402.153804	W	0.012700
01505321596872	78402.166504	S	0.207538
01505325581608	78402.374042	W	0.021894
01505326001964	78402.395936	S	2.636810
01505376628720	78405.032746	W	0.144398
01505379401156	78405.177144	S	0.015919
01505379706800	78405.193062	W	0.061884
01505380894980	78405.254947	S	0.141887
01505383619220	78405.396834	W	0.021948
01505384040620	78405.418782	S	0.647213
01505396467104	78406.065995	W	0.015469
01505396764104	78406.081464	S	0.270272
01505401953332	78406.351736	W	0.021240
01505402361132	78406.372976	S	1.412035
01505429472196	78407.785010	W	0.013346
01505429728448	78407.798357	S	0.089041
01505431438028	78407.887397	W	0.013291
01505431693220	78407.900689	S	0.521441
01505441704884	78408.422129	W	0.013613
01505441966252	78408.435742	S	0.220974
01505446208956	78408.656716	W	0.013917
01505446476156	78408.670633	S	0.957643
01505464862896	78409.628276	W	0.013336
01505465118952	78409.641612	S	0.707634
01505478705520	78410.349246	W	0.013381
01505478962440	78410.362627	S	1.006439
01505498286068	78411.369066	W	0.013391
01505498543180	78411.382457	S	0.065683
01505499804292	78411.448140	W	0.013840
01505500070028	78411.461981	S	3.010806
01505557877508	78414.472787	W	0.013706
01505558140672	78414.486493	S	1.490859
01505586765160	78415.977352	W	0.013335
01505587021188	78415.990687	S	1.010424
01505606421332	78417.001111	W	0.013398
01505606678572	78417.014509	S	0.294307
01505612329272	78417.308816	W	0.013298
01505612584596	78417.322114	S	0.088606
01505614285836	78417.410721	W	0.013383
01505614542780	78417.424103	S	0.073475
01505615953496	78417.497578	W	0.013827
01505616218968	78417.511405	S	3.009333
01505673998168	78420.520738	W	0.021680
01505674414420	78420.542418	S	0.050228
01505675378788	78420.592645	W	0.013295
01505675634060	78420.605941	S	1.003623
01505694903612	78421.609563	W	0.013365
01505695160220	78421.622928	S	1.419975
01505722423748	78423.042904	W	0.013543
01505722683768	78423.056446	S	0.488583
01505732064560	78423.545029	W	0.021593
01505732479152	78423.566623	S	3.001908
01505790115776	78426.568530	W	0.021846
01505790535224	78426.590376	S	0.241189
01505795166044	78426.831565	W	0.013333
01505795422044	78426.844898	S	0.703783
01505808934680	78427.548681	W	0.013342
01505809190844	78427.562023	S	0.907884
01505826622208	78428.469907	W	0.013299
01505826877540	78428.483205	S	1.113202
01505848251024	78429.596407	W	0.021843
01505848670404	78429.618250	S	0.343335
01505855262436	78429.961585	W	0.013689
01505855525268	78429.975274	S	2.648936
01505906384836	78432.624210	W	0.022281
01505906812640	78432.646492	S	2.585062
01505956445832	78435.231554	W	0.036606
01505957148676	78435.268160	S	0.381814
01505964479512	78435.649975	W	0.013778
01505964744044	78435.663752	S	1.919799
01506001604192	78437.583552	W	0.013536
01506001864092	78437.597088	S	0.703447
01506015370268	78438.300535	W	0.021663
01506015786204	78438.322198	S	0.183607
01506019311452	78438.505805	W	0.013330
01506019567396	78438.519135	S	0.154482
01506022533444	78438.673617	W	0.022405
01506022963616	78438.696022	S	0.833115
01506038959420	78439.529136	W	0.015043
01506039248252	78439.544180	S	0.701804
01506052722892	78440.245984	W	0.013573
01506052983488	78440.259557	S	1.010396
01506072383092	78441.269953	W	0.013473
01506072641776	78441.283426	S	0.416262
01506080634012	78441.699688	W	0.013785
01506080898692	78441.713474	S	0.581002
01506092053940	78442.294476	W	0.013315
01506092309580	78442.307791	S	0.088592
01506094010552	78442.396383	W	0.013181
01506094263620	78442.409564	S	1.318014
01506119569496	78443.727578	W	0.013401
01506119826796	78443.740979	S	0.498584
01506129399612	78444.239563	W	0.013334
01506129655624	78444.252897	S	0.089601
01506131375960	78444.342498	W	0.013368
01506131632624	78444.355866	S	0.293316
01506137264288	78444.649182	W	0.013485
01506137523196	78444.662666	S	0.063725
01506138746724	78444.726392	W	0.013794
01506139011564	78444.740186	S	0.625796
01506151026852	78445.365982	W	0.013340
01506151282972	78445.379321	S	2.369131
01506196770296	78447.748453	W	0.013744
01506197034176	78447.762197	S	3.014951
01506254921244	78450.777148	W	0.020801
01506255320624	78450.797949	S	0.098050
01506257203188	78450.895999	W	0.013260
01506257457776	78450.909259	S	0.293784
01506263098428	78451.203043	W	0.013352
01506263354788	78451.216395	S	0.703546
01506276862880	78451.919942	W	0.013420
01506277120540	78451.933361	S	0.293369
01506282753228	78452.226731	W	0.013288
01506283008348	78452.240018	S	0.808115
01506298524156	78453.048133	W	0.013441
01506298782220	78453.061574	S	0.191105
01506302451440	78453.252679	W	0.014689
01506302733476	78453.267369	S	0.536038
01506313025412	78453.803407	W	0.013855
01506313291420	78453.817261	S	0.252771
01506318144616	78454.070032	W	0.013370
01506318401328	78454.083402	S	0.805784
01506333872376	78454.889186	W	0.013505
01506334131676	78454.902691	S	1.924596
01506371083920	78456.827287	W	0.013936
01506371351488	78456.841223	S	0.198399
01506375160748	78457.039622	W	0.013272
01506375415580	78457.052895	S	1.113605
01506396796792	78458.166500	W	0.013526
01506397056488	78458.180025	S	1.009992
01506416448336	78459.190018	W	0.013496
01506416707452	78459.203513	S	0.396627
01506424322692	78459.600140	W	0.013130
01506424574780	78459.613270	S	0.235850
01506429103104	78459.849120	W	0.014497
01506429381448	78459.863617	S	0.118182
01506431650552	78459.981800	W	0.085801
01506433297936	78460.067601	S	0.043751
01506434137964	78460.111352	W	0.083208
01506435735564	78460.194561	S	0.531490
01506445940180	78460.726051	W	0.013447
01506446198372	78460.739499	S	2.136666
01506487222364	78462.876165	W	0.022076
01506487646224	78462.898241	S	1.003777
01506506918748	78463.902018	W	0.013456
01506507177112	78463.915475	S	0.702604
01506520667116	78464.618079	W	0.016063
01506520975516	78464.634141	S	0.495898
01506530496760	78465.130040	W	0.016221
01506530808200	78465.146260	S	0.046116
01506531693632	78465.192377	W	0.293290
01506537324796	78465.485666	S	0.015840
01506537628920	78465.501506	W	0.061696
01506538813480	78465.563202	S	0.338423
01506545311204	78465.901625	W	0.013981
01506545579640	78465.915606	S	2.184817
01506587528124	78468.100423	W	0.013463
01506587786612	78468.113886	S	0.087315
01506589463068	78468.201201	W	0.013456
01506589721416	78468.214657	S	0.710883
01506603370368	78468.925540	W	0.013667
01506603632768	78468.939207	S	0.388431
01506611090652	78469.327638	W	0.013443
01506611348752	78469.341081	S	0.714862
01506625074112	78470.055943	W	0.013496
01506625333228	78470.069439	S	0.243170
01506630002084	78470.312609	W	0.087538
01506631682820	78470.400147	S	0.053640
01506632712708	78470.453787	W	0.084758
01506634340068	78470.538545	S	0.807192
01506649838148	78471.345737	W	0.015506
01506650135860	78471.361243	S	0.587010
01506661406460	78471.948253	W	0.014057
01506661676356	78471.962310	S	0.437340
01506670073284	78472.399650	W	0.013499
01506670332472	78472.413150	S	0.908804
01506687781508	78473.321954	W	0.012875
01506688028704	78473.334828	S	0.907106
01506705445136	78474.241934	W	0.012794
01506705690788	78474.254729	S	0.719145
01506719498376	78474.973874	W	0.014547
01506719777672	78474.988420	S	0.072852
01506721176424	78475.061272	W	0.012700
01506721420260	78475.073972	S	0.005904
01506721533616	78475.079876	W	0.014764
01506721817088	78475.094640	S	0.068879
01506723139556	78475.163519	W	0.012842
01506723386124	78475.176361	S	0.294813
01506729046528	78475.471173	W	0.012750
01506729291320	78475.483923	S	0.089162
01506731003224	78475.573085	W	0.012704
01506731247148	78475.585789	S	0.192141
01506734936256	78475.777930	W	0.012711
01506735180312	78475.790641	S	1.318730
01506760499936	78477.109372	W	0.013037
01506760750252	78477.122409	S	0.874848
01506777547332	78477.997257	W	0.014479
01506777825324	78478.011736	S	0.223836
01506782122976	78478.235572	W	0.012440
01506782361820	78478.248011	S	0.911437
01506799861412	78479.159449	W	0.015059
01506800150552	78479.174508	S	1.849198
01506835655144	78481.023705	W	0.022396
01506836085156	78481.046102	S	2.515392
01506884380688	78483.561494	W	0.013558
01506884640992	78483.575052	S	0.474283
01506893747232	78484.049335	W	0.021734
01506894164516	78484.071069	S	3.001371
01506951790836	78487.072439	W	0.013864
01506952057028	78487.086304	S	0.058944
01506953188760	78487.145248	W	0.013161
01506953441460	78487.158409	S	0.089503
01506955159920	78487.247912	W	0.013204
01506955413432	78487.261116	S	0.191516
01506959090548	78487.452633	W	0.013351
01506959346884	78487.465984	S	0.293700
01506964985920	78487.759683	W	0.013503
01506965245176	78487.773186	S	0.191358
01506968919244	78487.964544	W	0.012855
01506969166060	78487.977399	S	0.193426
01506972879836	78488.170825	W	0.013335
01506973135872	78488.184160	S	0.087505
01506974815964	78488.271665	W	0.014543
01506975095188	78488.286208	S	1.419034
01507002340648	78489.705242	W	0.013467
01507002599212	78489.718709	S	0.375315
01507009805268	78490.094024	W	0.013761
01507010069472	78490.107785	S	0.109485
01507012171592	78490.217270	W	0.013313
01507012427200	78490.230583	S	0.191484
01507016103700	78490.422068	W	0.013412
01507016361212	78490.435480	S	0.601025
01507027900896	78491.036505	W	0.013445
01507028159036	78491.049950	S	0.191339
01507031832744	78491.241289	W	0.013379
01507032089616	78491.254668	S	1.863246
01507067863936	78493.117913	W	0.014511
01507068142540	78493.132424	S	3.010532
01507125944760	78496.142956	W	0.013722
01507126208224	78496.156678	S	2.866974
01507181254120	78499.023652	W	0.013472
01507181512776	78499.037124	S	0.089272
01507183226796	78499.126396	W	0.013317
01507183482484	78499.139713	S	0.029258
01507184044232	78499.168970	W	0.013642
01507184306160	78499.182612	S	1.332751
01507209894980	78500.515364	W	0.062741
01507211099616	78500.578105	S	1.486856
01507239647244	78502.064961	W	0.015547
01507239945740	78502.080507	S	0.112549
01507242106672	78502.193056	W	0.013769
01507242371032	78502.206825	S	0.093698
01507244170028	78502.300522	W	0.013375
01507244426836	78502.313898	S	0.293807
01507250067924	78502.607704	W	0.013421
01507250325608	78502.621125	S	0.705105
01507263863624	78503.326230	W	0.012837
01507264110096	78503.339067	S	0.292612
01507269728252	78503.631680	W	0.013406
01507269985644	78503.645086	S	0.703470
01507283492272	78504.348556	W	0.013312
01507283747872	78504.361868	S	0.703401
01507297253164	78505.065269	W	0.013323
01507297508968	78505.078592	S	0.141027
01507300216688	78505.219619	W	0.021575
01507300630932	78505.241194	S	0.336113
01507307084308	78505.577308	W	0.013505
01507307343604	78505.590813	S	0.293820
01507312984940	78505.884632	W	0.012889
01507313232400	78505.897521	S	0.703802
01507326745396	78506.601323	W	0.013452
01507327003676	78506.614775	S	1.630246
01507358304396	78508.245021	W	0.013851
01507358570332	78508.258871	S	3.017603
01507416508300	78511.276474	W	0.021720
01507416925320	78511.298194	S	2.676456
01507468313268	78513.974649	W	0.023567
01507468765752	78513.998216	S	0.182527
01507472270268	78514.180743	W	0.014221
01507472543320	78514.194965	S	0.107903
01507474615052	78514.302867	W	0.013925
01507474882416	78514.316793	S	3.010069
01507532675732	78517.326861	W	0.013204
01507532929252	78517.340065	S	0.525196
01507543013008	78517.865261	W	0.013413
01507543270532	78517.878674	S	1.010633
01507562674684	78518.889306	W	0.013652
01507562936812	78518.902959	S	0.191199
01507566607824	78519.094158	W	0.013184
01507566860964	78519.107342	S	0.001583
01507566891360	78519.108925	W	0.015485
01507567188672	78519.124410	S	0.993720
01507586268092	78520.118130	W	0.013297
01507586523392	78520.131427	S	0.223968
01507590823572	78520.355394	W	0.013645
01507591085564	78520.369040	S	0.116836
01507593328816	78520.485876	W	0.085641
01507594973132	78520.571517	S	0.058384
01507596094112	78520.629902	W	0.083015
01507597688008	78520.712917	S	0.224430
01507601997072	78520.937348	W	0.013444
01507602255200	78520.950792	S	0.314722
01507608297856	78521.265513	W	0.015448
01507608594456	78521.280961	S	0.373698
01507615769464	78521.654660	W	0.013291
01507616024656	78521.667951	S	0.088346
01507617720904	78521.756297	W	0.013169
01507617973740	78521.769466	S	0.089176
01507619685928	78521.858642	W	0.013095
01507619937348	78521.871737	S	0.702994
01507633434836	78522.574731	W	0.012828
01507633681140	78522.587559	S	0.089650
01507635402424	78522.677210	W	0.012794
01507635648064	78522.690003	S	0.692819
01507648950188	78523.382822	W	0.014360
01507649225904	78523.397183	S	1.233564
01507672910328	78524.630746	W	0.013419
01507673167980	78524.644166	S	0.490849
01507682592272	78525.135014	W	0.012819
01507682838388	78525.147833	S	0.002112
01507682878932	78525.149944	W	0.014930
01507683165584	78525.164874	S	0.442716
01507691665740	78525.607591	W	0.297793
01507697383356	78525.905383	S	0.016929
01507697708384	78525.922312	W	0.060554
01507698871012	78525.982865	S	0.281509
01507704275984	78526.264374	W	0.015204
01507704567900	78526.279578	S	0.128697
01507707038876	78526.408275	W	0.023071
01507707481832	78526.431345	S	2.493886
01507755364440	78528.925231	W	0.012816
01507755610504	78528.938047	S	0.499752
01507765205740	78529.437799	W	0.014575
01507765485576	78529.452374	S	1.275396
01507789973172	78530.727769	W	0.086998
01507791643540	78530.814768	S	0.054217
01507792684512	78530.868985	W	0.083095
01507794279940	78530.952080	S	0.553377
01507804904780	78531.505457	W	0.015349
01507805199480	78531.520806	S	0.007506
01507805343592	78531.528312	W	0.013665
01507805605956	78531.541977	S	0.922019
01507823308720	78532.463996	W	0.013858
01507823574784	78532.477853	S	0.440264
01507832027852	78532.918117	W	0.013351
01507832284184	78532.931468	S	1.115095
01507853694016	78534.046563	W	0.012766
01507853939132	78534.059330	S	1.214246
01507877252656	78535.273576	W	0.012990
01507877502068	78535.286566	S	0.202942
01507881398548	78535.489508	W	0.021679
01507881814792	78535.511187	S	0.478954
01507891010712	78535.990141	W	0.013480
01507891269520	78536.003621	S	0.908126
01507908705544	78536.911747	W	0.013315
01507908961192	78536.925062	S	1.421644
01507936256756	78538.346706	W	0.013254
01507936511236	78538.359960	S	0.088435
01507938209180	78538.448395	W	0.013309
01507938464704	78538.461703	S	0.053024
01507939482772	78538.514728	W	0.013716
01507939746116	78538.528444	S	0.228015
01507944124000	78538.756458	W	0.018608
01507944481280	78538.775067	S	0.389645
01507951962472	78539.164712	W	0.012832
01507952208848	78539.177544	S	0.090978
01507953955620	78539.268522	W	0.016323
01507954269020	78539.284845	S	2.253250
01507997531424	78541.538095	W	0.013737
01507997795184	78541.551833	S	0.889310
01508014869932	78542.441142	W	0.026446
01508015377696	78542.467588	S	0.557991
01508026091128	78543.025580	W	0.015565
01508026389968	78543.041144	S	0.628810
01508038463116	78543.669954	W	0.034279
01508039121264	78543.704232	S	0.070113
01508040467440	78543.774346	W	0.013192
01508040720732	78543.787538	S	0.497784
01508050278180	78544.285322	W	0.015040
01508050566948	78544.300362	S	0.264498
01508055645316	78544.564860	W	0.013815
01508055910556	78544.578675	S	0.219678
01508060128376	78544.798353	W	0.013394
01508060385544	78544.811747	S	2.032998
01508099419096	78546.844745	W	0.012749
01508099663880	78546.857494	S	0.089474
01508101381780	78546.946968	W	0.013343
01508101637956	78546.960310	S	0.628532
01508113705768	78547.588842	W	0.021091
01508114110720	78547.609933	S	0.463524
01508123010376	78548.073457	W	0.012962
01508123259244	78548.086419	S	1.113863
01508144645416	78549.200282	W	0.013411
01508144902916	78549.213694	S	1.214909
01508168229160	78550.428602	W	0.013505
01508168488456	78550.442107	S	0.173275
01508171815340	78550.615382	W	0.013604
01508172076544	78550.628987	S	0.516384
01508181991112	78551.145370	W	0.013507
01508182250452	78551.158878	S	0.703343
01508195754636	78551.862221	W	0.013342
01508196010808	78551.875563	S	1.766442
01508229926504	78553.642005	W	0.013809
01508230191628	78553.655814	S	1.694114
01508262718616	78555.349928	W	0.013410
01508262976092	78555.363338	S	0.492457
01508272431272	78555.855795	W	0.013416
01508272688868	78555.869212	S	0.799770
01508288044444	78556.668981	W	0.014033
01508288313876	78556.683014	S	0.299398
01508294062320	78556.982413	W	0.023376
01508294511140	78557.005789	S	2.229287
01508337313448	78559.235075	W	0.013510
01508337572844	78559.248586	S	0.397857
01508345211708	78559.646443	W	0.012891
01508345459212	78559.659334	S	0.035866
01508346147844	78559.695200	W	0.013655
01508346410024	78559.708855	S	0.857923
01508362882144	78560.566778	W	0.013421
01508363139820	78560.580199	S	0.348754
01508369835900	78560.928953	W	0.035054
01508370508936	78560.964007	S	0.626197
01508382531912	78561.590204	W	0.013406
01508382789300	78561.603609	S	1.117042
01508404236508	78562.720651	W	0.013680
01508404499156	78562.734331	S	0.494314
01508413989988	78563.228645	W	0.013473
01508414248660	78563.242118	S	1.010471
01508433649696	78564.252588	W	0.013439
01508433907724	78564.266027	S	1.215426
01508457243896	78565.481453	W	0.013563
01508457504300	78565.495016	S	0.254155
01508462384072	78565.749170	W	0.021593
01508462798652	78565.770763	S	0.427458
01508471005844	78566.198221	W	0.013417
01508471263444	78566.211638	S	0.089232
01508472976700	78566.300870	W	0.013220
01508473230520	78566.314090	S	0.088947
01508474938304	78566.403037	W	0.013260
01508475192904	78566.416297	S	0.498758
01508484769060	78566.915055	W	0.013473
01508485027732	78566.928528	S	1.847341
01508520496676	78568.775869	W	0.021762
01508520914500	78568.797630	S	3.001674
01508578546632	78571.799304	W	0.014691
01508578828696	78571.813995	S	0.322530
01508585021276	78572.136525	W	0.012760
01508585266268	78572.149285	S	2.547303
01508634174484	78574.696588	W	0.021796
01508634592968	78574.718384	S	0.106402
01508636635884	78574.824786	W	0.014208
01508636908672	78574.838993	S	0.985010
01508655820868	78575.824004	W	0.016616
01508656139888	78575.840619	S	0.495432
01508665652176	78576.336051	W	0.016784
01508665974424	78576.352835	S	1.497595
01508694728252	78577.850430	W	0.014339
01508695003556	78577.864769	S	1.439882
01508722649300	78579.304651	W	0.012725
01508722893616	78579.317376	S	1.420754
01508750172092	78580.738130	W	0.012821
01508750418256	78580.750951	S	0.127470
01508752865680	78580.878421	W	0.014385
01508753141872	78580.892806	S	0.562121
01508763934604	78581.454927	W	0.012608
01508764176676	78581.467535	S	0.192250
01508767867868	78581.659785	W	0.012827
01508768114144	78581.672612	S	0.332355
01508774495360	78582.004967	W	0.085639
01508776139632	78582.090606	S	0.080828
01508777691528	78582.171434	W	0.081235
01508779251232	78582.252668	S	0.256582
01508784177604	78582.509250	W	0.015316
01508784471664	78582.524566	S	1.381783
01508811001896	78583.906349	W	0.014578
01508811281792	78583.920927	S	3.012465
01508869121124	78586.933392	W	0.013833
01508869386716	78586.947225	S	0.099685
01508871300676	78587.046910	W	0.235393
01508875820228	78587.282304	S	0.015877
01508876125076	78587.298181	W	0.061971
01508877314924	78587.360152	S	0.034754
01508877982200	78587.394906	W	0.234706
01508882488552	78587.629612	S	0.015892
01508882793684	78587.645504	W	0.083566
01508884398148	78587.729070	S	0.281974
01508889812052	78588.011044	W	0.015458
01508890108836	78588.026502	S	1.932300
01508927208996	78589.958802	W	0.013871
01508927475312	78589.972672	S	2.196027
01508969639028	78592.168699	W	0.086793
01508971305452	78592.255492	S	0.054562
01508972353052	78592.310055	W	0.085425
01508973993204	78592.395479	S	0.546782
01508984491424	78592.942262	W	0.013471
01508984750060	78592.955732	S	0.028499
01508985297248	78592.984232	W	0.013714
01508985560560	78592.997946	S	1.361168
01509011694980	78594.359114	W	0.021140
01509012100868	78594.380254	S	1.106100
01509033337992	78595.486354	W	0.012910
01509033585856	78595.499263	S	0.508022
01509043339872	78596.007285	W	0.013725
01509043603388	78596.021010	S	0.385287
01509051000900	78596.406297	W	0.013357
01509051257348	78596.419654	S	0.703459
01509064763756	78597.123112	W	0.013277
01509065018684	78597.136390	S	0.191879
01509068702752	78597.328268	W	0.013296
01509068958032	78597.341564	S	0.088708
01509070661224	78597.430272	W	0.013318
01509070916924	78597.443590	S	0.498710
01509080492152	78597.942300	W	0.013499
01509080751328	78597.955798	S	1.077834
01509101445744	78599.033632	W	0.013735
01509101709464	78599.047368	S	0.123787
01509104086168	78599.171155	W	0.013391
01509104343284	78599.184546	S	2.444137
01509151270716	78601.628683	W	0.013369
01509151527396	78601.642052	S	0.417833
01509159549792	78602.059885	W	0.021049
01509159953932	78602.080934	S	2.517335
01509208286772	78604.598269	W	0.013461
01509208545216	78604.611730	S	0.089300
01509210259780	78604.701030	W	0.013348
01509210516056	78604.714378	S	0.372882
01509217675388	78605.087260	W	0.013752
01509217939432	78605.101012	S	0.521353
01509227949412	78605.622365	W	0.013527
01509228209128	78605.635892	S	0.195389
01509231960588	78605.831281	W	0.013376
01509232217408	78605.844657	S	0.801696
01509247609968	78606.646352	W	0.013300
01509247865336	78606.659653	S	1.452137
01509275746368	78608.111790	W	0.021181
01509276153044	78608.132971	S	0.151994
01509279071332	78608.284965	W	0.012723
01509279315616	78608.297688	S	0.294250
01509284965208	78608.591938	W	0.013459
01509285223612	78608.605396	S	0.191331
01509288897168	78608.796727	W	0.013472
01509289155824	78608.810199	S	0.293892
01509294798556	78609.104091	W	0.013477
01509295057312	78609.117568	S	2.021230
01509333864936	78611.138799	W	0.021970
01509334286768	78611.160769	S	0.093766
01509336087076	78611.254535	W	0.021132
01509336492808	78611.275667	S	0.003154
01509336553372	78611.278821	W	0.013583
01509336814164	78611.292404	S	0.269853
01509341995348	78611.562258	W	0.017137
01509342324384	78611.579395	S	0.289492
01509347882640	78611.868887	W	0.013426
01509348140420	78611.882314	S	0.191989
01509351826604	78612.074302	W	0.012650
01509352069488	78612.086953	S	0.089140
01509353780976	78612.176092	W	0.013204
01509354034496	78612.189297	S	0.191440
01509357710140	78612.380736	W	0.013280
01509357965124	78612.394017	S	0.396812
01509365583920	78612.790829	W	0.013291
01509365839104	78612.804120	S	0.088634
01509367540880	78612.892754	W	0.013334
01509367796884	78612.906088	S	0.293813
01509373438092	78613.199901	W	0.013171
01509373690984	78613.213072	S	0.191934
01509377376116	78613.405006	W	0.012540
01509377616876	78613.417546	S	0.749078
01509391999172	78614.166624	W	0.013686
01509392261952	78614.180310	S	0.658016
01509404895860	78614.838326	W	0.013381
01509405152768	78614.851707	S	0.703600
01509418661880	78615.555306	W	0.013349
01509418918176	78615.568655	S	0.704894
01509432452140	78616.273549	W	0.013497
01509432711288	78616.287046	S	0.904493
01509450077544	78617.191539	W	0.011867
01509450305396	78617.203406	S	0.092470
01509452080828	78617.295876	W	0.022652
01509452515744	78617.318528	S	0.079791
01509454047732	78617.398319	W	0.013353
01509454304112	78617.411673	S	1.932319
01509491404632	78619.343991	W	0.013499
01509491663820	78619.357491	S	0.859645
01509508169004	78620.217136	W	0.013743
01509508432868	78620.230879	S	1.368158
01509534701504	78621.599037	W	0.013477
01509534960268	78621.612514	S	0.759611
01509549544796	78622.372125	W	0.061569
01509550726920	78622.433694	S	0.811010
01509566298316	78623.244704	W	0.021449
01509566710136	78623.266153	S	2.020091
01509605495880	78625.286244	W	0.014037
01509605765392	78625.300281	S	0.972198
01509624431584	78626.272478	W	0.014266
01509624705496	78626.286745	S	0.019369
01509625077380	78626.306114	W	0.012622
01509625319720	78626.318735	S	0.397095
01509632943940	78626.715830	W	0.012731
01509633188376	78626.728561	S	0.396867
01509640808224	78627.125428	W	0.012744
01509641052912	78627.138172	S	0.704135
01509654572308	78627.842308	W	0.012736
01509654816840	78627.855044	S	0.499231
01509664402072	78628.354275	W	0.012911
01509664649960	78628.367185	S	0.191919
01509668334800	78628.559104	W	0.012912
01509668582712	78628.572016	S	0.730765
01509682613400	78629.302781	W	0.021051
01509683017572	78629.323832	S	2.616151
01509733247664	78631.939983	W	0.016234
01509733559364	78631.956217	S	0.372981
01509740720604	78632.329198	W	0.022538
01509741153328	78632.351736	S	0.100311
01509743079296	78632.452047	W	0.017863
01509743422272	78632.469910	S	2.888021
01509798872268	78635.357931	W	0.020865
01509799272872	78635.378795	S	3.007849
01509857023564	78638.386644	W	0.012607
01509857265624	78638.399251	S	0.912741
01509874790256	78639.311993	W	0.013285
01509875045328	78639.325278	S	1.317839
01509900347832	78640.643116	W	0.013496
01509900606960	78640.656612	S	0.758507
01509915170296	78641.415120	W	0.013704
01509915433412	78641.428824	S	0.238333
01509920009400	78641.667156	W	0.013394
01509920266560	78641.680550	S	0.908254
01509937705032	78642.588804	W	0.016709
01509938025836	78642.605512	S	0.700089
01509951467544	78643.305601	W	0.013296
01509951722832	78643.318897	S	0.229033
01509956120260	78643.547930	W	0.127464
01509958567568	78643.675394	S	0.015984
01509958874456	78643.691378	W	0.061832
01509960061632	78643.753210	S	0.064393
01509961297968	78643.817602	W	0.013380
01509961554872	78643.830983	S	0.293893
01509967197620	78644.124876	W	0.012659
01509967440680	78644.137535	S	0.301590
01509973231208	78644.439125	W	0.013708
01509973494408	78644.452834	S	2.130643
01510014402748	78646.583476	W	0.013599
01510014663840	78646.597075	S	0.088250
01510016358248	78646.685325	W	0.012640
01510016600940	78646.697966	S	0.766330
01510031314472	78647.464295	W	0.013758
01510031578616	78647.478053	S	1.265277
01510055871936	78648.743330	W	0.235995
01510060403040	78648.979325	S	0.016179
01510060713672	78648.995504	W	0.063033
01510061923896	78649.058536	S	1.433490
01510089446896	78650.492026	W	0.021818
01510089865804	78650.513844	S	3.006860
01510147597512	78653.520704	W	0.022640
01510148032192	78653.543343	S	0.320114
01510154178376	78653.863457	W	0.118523
01510156454012	78653.981980	S	0.075409
01510157901856	78654.057388	W	0.085087
01510159535536	78654.142476	S	0.235367
01510164054588	78654.377843	W	0.014740
01510164337600	78654.392583	S	0.002993
01510164395068	78654.395576	W	0.015383
01510164690416	78654.410959	S	2.139181
01510205762684	78656.550140	W	0.013855
01510206028708	78656.563995	S	1.387224
01510232663404	78657.951219	W	0.014697
01510232945592	78657.965916	S	0.802336
01510248350436	78658.768252	W	0.023774
01510248806892	78658.792026	S	0.080022
01510250343324	78658.872048	W	0.013433
01510250601244	78658.885481	S	0.690383
01510263856600	78659.575865	W	0.021298
01510264265528	78659.597163	S	0.809293
01510279803960	78660.406456	W	0.013395
01510280061144	78660.419851	S	0.601457
01510291609128	78661.021309	W	0.013405
01510291866496	78661.034713	S	0.088507
01510293565832	78661.123220	W	0.013370
01510293822544	78661.136591	S	0.498657
01510303396760	78661.635248	W	0.013237
01510303650904	78661.648485	S	0.959241
01510322068336	78662.607726	W	0.013720
01510322331768	78662.621446	S	3.013970
01510380199992	78665.635416	W	0.013642
01510380461912	78665.649058	S	1.003822
01510399735292	78666.652880	W	0.013449
01510399993508	78666.666329	S	1.994091
01510438280048	78668.660419	W	0.020653
01510438676584	78668.681072	S	3.005917
01510496390184	78671.686989	W	0.014269
01510496664140	78671.701257	S	1.811588
01510531446632	78673.512845	W	0.012588
01510531688324	78673.525434	S	1.011350
01510551106252	78674.536784	W	0.012589
01510551347968	78674.549373	S	0.164960
01510554515192	78674.714333	W	0.014132
01510554786524	78674.728465	S	1.037095
01510574698756	78675.765560	W	0.012928
01510574946972	78675.778488	S	0.908866
01510592397200	78676.687354	W	0.013180
01510592650248	78676.700534	S	0.606136
01510604288068	78677.306670	W	0.013354
01510604544472	78677.320025	S	0.417829
01510612566780	78677.737853	W	0.013787
01510612831500	78677.751641	S	3.009526
01510670614400	78680.761167	W	0.013906
01510670881404	78680.775073	S	0.828218
01510686783184	78681.603291	W	0.013334
01510687039188	78681.616624	S	2.170440
01510728711644	78683.787065	W	0.020609
01510729107332	78683.807674	S	0.311427
01510735086732	78684.119101	W	0.062529
01510736287296	78684.181630	S	0.923184
01510754012424	78685.104814	W	0.015515
01510754310308	78685.120329	S	1.602982
01510785087568	78686.723311	W	0.013434
01510785345504	78686.736745	S	0.075762
01510786800128	78686.812507	W	0.013703
01510787063220	78686.826209	S	3.011186
01510844877996	78689.837396	W	0.021914
01510845298740	78689.859309	S	0.550948
01510855876936	78690.410257	W	0.013438
01510856134944	78690.423695	S	0.088555
01510857835196	78690.512250	W	0.013312
01510858090788	78690.525562	S	2.343804
01510903091832	78692.869366	W	0.021374
01510903502216	78692.890740	S	1.614979
01510934509816	78694.505720	W	0.013266
01510934764528	78694.518986	S	0.498735
01510944340240	78695.017721	W	0.013365
01510944596840	78695.031085	S	0.293922
01510950240148	78695.325008	W	0.012711
01510950484200	78695.337719	S	0.089551
01510952203572	78695.427269	W	0.013357
01510952460032	78695.440627	S	0.464036
01510961369520	78695.904663	W	0.021406
01510961780520	78695.926069	S	0.115704
01510964002036	78696.041773	W	0.013382
01510964258972	78696.055155	S	0.293773
01510969899416	78696.348928	W	0.013326
01510970155272	78696.362254	S	0.089063
01510971865288	78696.451317	W	0.013333
01510972121280	78696.464650	S	1.523531
01511001373076	78697.988181	W	0.015990
01511001680084	78698.004171	S	0.290550
01511007258652	78698.294721	W	0.013305
01511007514108	78698.308026	S	0.089437
01511009231304	78698.397464	W	0.013332
01511009487280	78698.410796	S	0.089404
01511011203832	78698.500200	W	0.013334
01511011459844	78698.513534	S	0.089229
01511013173040	78698.602762	W	0.013237
01511013427196	78698.616000	S	0.312448
01511019426196	78698.928448	W	0.013705
01511019689340	78698.942153	S	2.731752
01511072138988	78701.673906	W	0.012856
01511072385824	78701.686762	S	0.265623
01511077485788	78701.952385	W	0.022156
01511077911176	78701.974540	S	3.007754
01511135660060	78704.982295	W	0.022658
01511136095096	78705.004953	S	1.686405
01511168474076	78706.691358	W	0.013420
01511168731740	78706.704778	S	1.302600
01511193741652	78708.007378	W	0.013912
01511194008772	78708.021290	S	0.308416
01511199930356	78708.329706	W	0.013362
01511200186916	78708.343069	S	0.908278
01511217625856	78709.251347	W	0.013588
01511217886752	78709.264935	S	0.604857
01511229500004	78709.869792	W	0.013347
01511229756264	78709.883139	S	0.261744
01511234781752	78710.144883	W	0.085763
01511236428400	78710.230646	S	0.044464
01511237282116	78710.275110	W	0.129463
01511239767796	78710.404573	S	0.280432
01511245152096	78710.685005	W	0.012852
01511245398864	78710.697857	S	0.192048
01511249086184	78710.889905	W	0.023412
01511249535704	78710.913318	S	0.119076
01511251821972	78711.032394	W	0.021918
01511252242804	78711.054313	S	0.245029
01511256947364	78711.299342	W	0.013281
01511257202352	78711.312623	S	0.191521
01511260879560	78711.504144	W	0.013256
01511261134076	78711.517400	S	2.538910
01511309881148	78714.056310	W	0.014000
01511310149952	78714.070310	S	0.506857
01511319881616	78714.577167	W	0.013323
01511320137420	78714.590491	S	0.713784
01511333842068	78715.304274	W	0.235428
01511338362284	78715.539702	S	0.016191
01511338673144	78715.555893	W	0.062562
01511339874328	78715.618455	S	0.197268
01511343661872	78715.815723	W	0.013408
01511343919300	78715.829130	S	1.251602
01511367950068	78717.080733	W	0.013138
01511368202312	78717.093870	S	2.914271
01511424156316	78720.008141	W	0.013131
01511424408436	78720.021273	S	0.083482
01511426011284	78720.104754	W	0.017158
01511426340712	78720.121912	S	0.300336
01511432107172	78720.422249	W	0.173191
01511435432448	78720.595440	S	0.168121
01511438660376	78720.763561	W	0.015274
01511438953632	78720.778835	S	0.145197
01511441741420	78720.924032	W	0.014136
01511442012836	78720.938169	S	0.702747
01511455505580	78721.640916	W	0.012723
01511455749860	78721.653639	S	1.470507
01511483983600	78723.124146	W	0.014406
01511484260192	78723.138552	S	1.165718
01511506641980	78724.304270	W	0.013470
01511506900604	78724.317740	S	1.012008
01511526331152	78725.329747	W	0.013487
01511526590104	78725.343235	S	0.599240
01511538095504	78725.942474	W	0.013415
01511538353076	78725.955889	S	0.192656
01511542052068	78726.148545	W	0.012032
01511542283080	78726.160577	S	0.498824
01511551860500	78726.659401	W	0.013503
01511552119748	78726.672904	S	0.191273
01511555792180	78726.864176	W	0.013286
01511556047268	78726.877462	S	0.499164
01511565631220	78727.376626	W	0.013396
01511565888416	78727.390022	S	0.805376
01511581351632	78728.195398	W	0.013415
01511581609200	78728.208813	S	0.908352
01511599049552	78729.117164	W	0.013589
01511599310464	78729.130753	S	0.041625
01511600109660	78729.172378	W	0.013777
01511600374176	78729.186155	S	0.135653
01511602978704	78729.321808	W	0.013451
01511603236960	78729.335258	S	0.294087
01511608883432	78729.629345	W	0.013424
01511609141172	78729.642769	S	0.293539
01511614777120	78729.936308	W	0.013407
01511615034544	78729.949716	S	2.243292
01511658105760	78732.193008	W	0.013866
01511658371984	78732.206874	S	0.699081
01511671794336	78732.905955	W	0.013296
01511672049624	78732.919251	S	2.297717
01511716165788	78735.216968	W	0.023366
01511716614424	78735.240335	S	0.156163
01511719612760	78735.396498	W	0.013871
01511719879088	78735.410369	S	2.833390
01511774280184	78738.243760	W	0.021243
01511774688048	78738.265003	S	2.936814
01511831074872	78741.201816	W	0.013505
01511831334164	78741.215321	S	0.054143
01511832373704	78741.269464	W	0.013946
01511832641460	78741.283409	S	0.428781
01511840874052	78741.712190	W	0.013426
01511841131840	78741.725617	S	0.293781
01511846772432	78742.019398	W	0.013321
01511847028204	78742.032719	S	0.089055
01511848738056	78742.121774	W	0.013243
01511848992312	78742.135016	S	0.498820
01511858569656	78742.633836	W	0.012868
01511858816728	78742.646705	S	0.806271
01511874297128	78743.452975	W	0.013328
01511874553028	78743.466304	S	0.703457
01511888059400	78744.169760	W	0.013368
01511888316064	78744.183128	S	0.109556
01511890419544	78744.292685	W	0.022299
01511890847688	78744.314984	S	2.416747
01511937249236	78746.731731	W	0.013424
01511937506984	78746.745155	S	0.571246
01511948474904	78747.316401	W	0.022043
01511948898128	78747.338444	S	3.001899
01512006534596	78750.340344	W	0.013292
01512006789808	78750.353636	S	0.218914
01512010992964	78750.572550	W	0.036676
01512011697136	78750.609226	S	0.728529
01512025684892	78751.337755	W	0.013311
01512025940464	78751.351066	S	2.013824
01512064605880	78753.364890	W	0.021775
01512065023960	78753.386665	S	1.330363
01512090566932	78754.717028	W	0.013412
01512090824448	78754.730440	S	0.908162
01512108261160	78755.638602	W	0.013454
01512108519480	78755.652056	S	0.088962
01512110227556	78755.741019	W	0.013108
01512110479228	78755.754126	S	0.638804
01512122744272	78756.392931	W	0.020924
01512123146008	78756.413855	S	0.555970
01512133820628	78756.969824	W	0.013349
01512134076936	78756.983174	S	0.397115
01512141701536	78757.380288	W	0.013268
01512141956284	78757.393556	S	0.088479
01512143655080	78757.482035	W	0.013271
01512143909888	78757.495307	S	0.294247
01512149559436	78757.789554	W	0.013511
01512149818848	78757.803065	S	0.907524
01512167243304	78758.710589	W	0.013414
01512167500856	78758.724003	S	0.498809
01512177077980	78759.222811	W	0.013274
01512177332844	78759.236086	S	0.001539
01512177362392	78759.237625	W	0.013885
01512177628988	78759.251510	S	0.168266
01512180859700	78759.419776	W	0.013775
01512181124188	78759.433551	S	0.096393
01512182974932	78759.529944	W	0.013263
01512183229576	78759.543207	S	0.191610
01512186908492	78759.734817	W	0.013137
01512187160720	78759.747954	S	0.192201
01512190850984	78759.940155	W	0.013315
01512191106628	78759.953470	S	0.088474
01512192805328	78760.041944	W	0.013336
01512193061372	78760.055280	S	0.089152
01512194773084	78760.144431	W	0.013305
01512195028548	78760.157737	S	1.010707
01512214434116	78761.168444	W	0.013407
01512214691532	78761.181851	S	0.498404
01512224260880	78761.680254	W	0.013291
01512224516076	78761.693546	S	0.750029
01512238916632	78762.443575	W	0.013952
01512239184520	78762.457527	S	0.861876
01512255732540	78763.319403	W	0.013349
01512255988844	78763.332752	S	0.600724
01512267522744	78763.933476	W	0.013230
01512267776768	78763.946707	S	0.292646
01512273395580	78764.239353	W	0.012767
01512273640712	78764.252120	S	1.011192
01512293055596	78765.263312	W	0.012712
01512293299664	78765.276024	S	0.089728
01512295022440	78765.365752	W	0.012734
01512295266928	78765.378486	S	0.090676
01512297007904	78765.469162	W	0.014541
01512297287092	78765.483703	S	0.702780
01512310780468	78766.186483	W	0.017214
01512311110968	78766.203696	S	0.495020
01512320615344	78766.698716	W	0.012669
01512320858580	78766.711384	S	0.395155
01512328445552	78767.106539	W	0.012782
01512328690960	78767.119321	S	0.192039
01512332378108	78767.311360	W	0.022938
01512332818520	78767.334298	S	0.797087
01512348122596	78768.131385	W	0.016773
01512348444636	78768.148158	S	0.343489
01512355039620	78768.491647	W	0.022758
01512355476576	78768.514405	S	0.129024
01512357953840	78768.643429	W	0.016301
01512358266824	78768.659730	S	1.626281
01512389491420	78770.286011	W	0.013419
01512389749064	78770.299430	S	1.008741
01512409116884	78771.308171	W	0.013288
01512409372008	78771.321459	S	0.194960
01512413115244	78771.516419	W	0.014011
01512413384260	78771.530430	S	0.594587
01512424800336	78772.125018	W	0.012775
01512425045616	78772.137792	S	0.519650
01512435022888	78772.657442	W	0.255037
01512439919604	78772.912479	S	0.441964
01512448405304	78773.354443	W	0.012745
01512448650016	78773.367188	S	0.089031
01512450359404	78773.456219	W	0.013271
01512450614208	78773.469490	S	0.089170
01512452326280	78773.558660	W	0.013335
01512452582320	78773.571996	S	0.968318
01512471174032	78774.540314	W	0.013805
01512471439080	78774.554119	S	2.702797
01512523332788	78777.256916	W	0.013386
01512523589792	78777.270302	S	0.297053
01512529293204	78777.567354	W	0.013759
01512529557376	78777.581113	S	0.185877
01512533126212	78777.766990	W	0.235608
01512537649888	78778.002598	S	0.015851
01512537954220	78778.018449	W	0.072481
01512539345860	78778.090930	S	0.453596
01512548054904	78778.544526	W	0.015480
01512548352116	78778.560006	S	2.033740
01512587399920	78780.593746	W	0.013905
01512587666892	78780.607651	S	0.528585
01512597815716	78781.136235	W	0.013322
01512598071508	78781.149558	S	0.499121
01512607654628	78781.648679	W	0.013339
01512607910732	78781.662017	S	1.226238
01512631454492	78782.888255	W	0.168399
01512634687760	78783.056654	S	0.562441
01512645486620	78783.619095	W	0.020489
01512645880008	78783.639584	S	1.285666
01512670564796	78784.925250	W	0.012896
01512670812396	78784.938146	S	1.011456
01512690232352	78785.949602	W	0.013515
01512690491848	78785.963117	S	0.680252
01512703552692	78786.643369	W	0.013829
01512703818212	78786.657199	S	0.111125
01512705951812	78786.768324	W	0.013143
01512706204160	78786.781467	S	0.498805
01512715781216	78787.280272	W	0.013396
01512716038424	78787.293668	S	0.601008
01512727577768	78787.894675	W	0.013363
01512727834344	78787.908039	S	0.089046
01512729544036	78787.997085	W	0.013275
01512729798908	78788.010360	S	0.089153
01512731510640	78788.099513	W	0.013291
01512731765836	78788.112804	S	0.703486
01512745272772	78788.816290	W	0.013312
01512745528368	78788.829603	S	0.837144
01512761601536	78789.666747	W	0.013740
01512761865344	78789.680487	S	3.009850
01512819654456	78792.690336	W	0.014089
01512819924960	78792.704425	S	3.008762
01512877693192	78795.713187	W	0.013700
01512877956224	78795.726887	S	0.257426
01512882898800	78795.984313	W	0.013379
01512883155676	78795.997691	S	0.908182
01512900592772	78796.905874	W	0.013369
01512900849464	78796.919243	S	0.089335
01512902564700	78797.008578	W	0.013278
01512902819636	78797.021856	S	1.714419
01512935736480	78798.736275	W	0.021824
01512936155508	78798.758099	S	0.810098
01512951709384	78799.568197	W	0.013383
01512951966332	78799.581580	S	0.601653
01512963518072	78800.183233	W	0.013531
01512963777860	78800.196764	S	0.088392
01512965474996	78800.285156	W	0.012653
01512965717932	78800.297809	S	0.808239
01512981236124	78801.106048	W	0.013448
01512981494328	78801.119496	S	0.599239
01512992999712	78801.718735	W	0.013286
01512993254812	78801.732021	S	0.031808
01512993865516	78801.763829	W	0.021808
01512994284220	78801.785636	S	0.649887
01513006762060	78802.435524	W	0.013339
01513007018172	78802.448863	S	0.805826
01513022490040	78803.254690	W	0.013513
01513022749496	78803.268203	S	0.805793
01513038220728	78804.073996	W	0.012826
01513038466980	78804.086822	S	0.700819
01513051922700	78804.787641	W	0.012073
01513052154504	78804.799714	S	1.936629
01513089337788	78806.736343	W	0.013277
01513089592716	78806.749621	S	1.058493
01513109915772	78807.808113	W	0.022028
01513110338708	78807.830141	S	3.002001
01513167977124	78810.832142	W	0.014576
01513168256976	78810.846717	S	0.805523
01513183723008	78811.652240	W	0.012874
01513183970180	78811.665114	S	1.367268
01513210221732	78813.032382	W	0.035261
01513210898744	78813.067643	S	0.306991
01513216792972	78813.374634	W	0.015509
01513217090740	78813.390143	S	0.472450
01513226161780	78813.862593	W	0.022992
01513226603232	78813.885585	S	0.222801
01513230881012	78814.108386	W	0.012889
01513231128472	78814.121275	S	0.001594
01513231159072	78814.122868	W	0.014980
01513231446684	78814.137848	S	1.097812
01513252524672	78815.235660	W	0.013522
01513252784296	78815.249182	S	0.396084
01513260389100	78815.645266	W	0.012657
01513260632108	78815.657922	S	0.603242
01513272214356	78816.261164	W	0.013378
01513272471220	78816.274543	S	0.614611
01513284271756	78816.889154	W	0.013371
01513284528484	78816.902525	S	0.995420
01513303640548	78817.897945	W	0.013356
01513303896984	78817.911301	S	0.396701
01513311513640	78818.308002	W	0.013422
01513311771340	78818.321424	S	0.088512
01513313470780	78818.409936	W	0.013223
01513313724656	78818.423159	S	0.191599
01513317403360	78818.614758	W	0.013252
01513317657804	78818.628011	S	0.806036
01513333133704	78819.434047	W	0.012915
01513333381668	78819.446962	S	0.466783
01513342343896	78819.913745	W	0.013823
01513342609300	78819.927568	S	1.759224
01513376386404	78821.686792	W	0.013429
01513376644232	78821.700220	S	1.238158
01513400416860	78822.938378	W	0.013789
01513400681612	78822.952167	S	3.010084
01513458475232	78825.962252	W	0.022373
01513458904788	78825.984624	S	0.721593
01513472759372	78826.706217	W	0.013267
01513473014092	78826.719484	S	0.500950
01513482632328	78827.220434	W	0.013341
01513482888480	78827.233775	S	0.801790
01513498282856	78828.035565	W	0.013214
01513498536556	78828.048779	S	0.936514
01513516517616	78828.985293	W	0.022198
01513516943816	78829.007490	S	2.305364
01513561206812	78831.312855	W	0.013441
01513561464872	78831.326295	S	0.088460
01513563163300	78831.414755	W	0.013345
01513563419524	78831.428100	S	0.582460
01513574602760	78832.010560	W	0.014115
01513574873772	78832.024676	S	0.109244
01513576971252	78832.133919	W	0.013459
01513577229668	78832.147379	S	1.622614
01513608383848	78833.769992	W	0.013423
01513608641564	78833.783415	S	0.359882
01513615551300	78834.143297	W	0.085434
01513617191624	78834.228730	S	0.053016
01513618209528	78834.281746	W	0.083244
01513619807808	78834.364990	S	0.489388
01513629204064	78834.854378	W	0.015328
01513629498360	78834.869706	S	0.129092
01513631976936	78834.998799	W	0.013393
01513632234084	78835.012192	S	0.019567
01513632609768	78835.031759	W	0.021098
01513633014844	78835.052856	S	3.000192
01513690618540	78838.053049	W	0.014078
01513690888836	78838.067127	S	0.633668
01513703055260	78838.700795	W	0.013633
01513703317012	78838.714428	S	0.494055
01513712802864	78839.208483	W	0.235381
01513717322188	78839.443864	S	0.015852
01513717626548	78839.459716	W	0.063008
01513718836300	78839.522724	S	0.461719
01513727701308	78839.984443	W	0.015501
01513727998924	78839.999944	S	1.075215
01513748643048	78841.075159	W	0.014067
01513748913136	78841.089226	S	0.156909
01513751925780	78841.246134	W	0.015659
01513752226428	78841.261793	S	0.392994
01513759771904	78841.654787	W	0.013451
01513760030160	78841.668237	S	0.090551
01513761768740	78841.758789	W	0.025399
01513762256408	78841.784188	S	0.076005
01513763715696	78841.860192	W	0.013156
01513763968284	78841.873348	S	0.088974
01513765676576	78841.962322	W	0.028106
01513766216216	78841.990428	S	0.586144
01513777470172	78842.576571	W	0.013219
01513777723980	78842.589791	S	1.512034
01513806755024	78844.101824	W	0.013737
01513807018784	78844.115562	S	0.213119
01513811110672	78844.328681	W	0.168970
01513814354896	78844.497651	S	0.606587
01513826001360	78845.104237	W	0.015580
01513826300492	78845.119817	S	1.655062
01513858077688	78846.774880	W	0.013226
01513858331628	78846.788106	S	0.089424
01513860048564	78846.877529	W	0.013425
01513860306328	78846.890955	S	0.234123
01513864801488	78847.125077	W	0.013752
01513865065520	78847.138829	S	0.762341
01513879702476	78847.901171	W	0.013348
01513879958764	78847.914519	S	0.089105
01513881669576	78848.003624	W	0.013331
01513881925532	78848.016955	S	0.703448
01513895431732	78848.720403	W	0.013224
01513895685636	78848.733627	S	0.603242
01513907267876	78849.336869	W	0.014620
01513907548572	78849.351488	S	0.603802
01513919141572	78849.955290	W	0.013520
01513919401156	78849.968810	S	0.179428
01513922846168	78850.148238	W	0.013433
01513923104076	78850.161671	S	0.299550
01513928855432	78850.461220	W	0.013446
01513929113596	78850.474666	S	0.191556
01513932791468	78850.666222	W	0.013142
01513933043788	78850.679364	S	2.494504
01513980938272	78853.173868	W	0.013899
01513981205136	78853.187767	S	3.008764
01514038973396	78856.196531	W	0.014661
01514039254888	78856.211192	S	1.930650
01514076323364	78858.141842	W	0.012850
01514076570092	78858.154692	S	0.395402
01514084161816	78858.550095	W	0.012626
01514084404236	78858.562721	S	0.192000
01514088090636	78858.754721	W	0.015781
01514088393636	78858.770502	S	0.393981
01514095958064	78859.164482	W	0.012706
01514096202016	78859.177188	S	0.044699
01514097060240	78859.221887	W	0.022540
01514097493016	78859.244428	S	0.023212
01514097938688	78859.267640	W	0.012759
01514098183652	78859.280399	S	0.191307
01514101856756	78859.471706	W	0.012573
01514102098156	78859.484279	S	1.114659
01514123499604	78860.598938	W	0.012853
01514123746380	78860.611791	S	1.113562
01514145126776	78861.725353	W	0.012910
01514145374648	78861.738263	S	0.509978
01514155166232	78862.248241	W	0.021997
01514155588580	78862.270239	S	0.479216
01514164789528	78862.749455	W	0.012982
01514165038776	78862.762436	S	0.908393
01514182479916	78863.670829	W	0.013418
01514182737540	78863.684247	S	0.703391
01514196242652	78864.387638	W	0.016595
01514196561272	78864.404233	S	0.188218
01514200175056	78864.592451	W	0.013476
01514200433800	78864.605927	S	0.088910
01514202140868	78864.694837	W	0.013236
01514202395008	78864.708073	S	0.001558
01514202424916	78864.709631	W	0.015130
01514202715420	78864.724761	S	0.277258
01514208038768	78865.002019	W	0.013282
01514208293784	78865.015301	S	0.193501
01514212009004	78865.208802	W	0.013231
01514212263048	78865.222034	S	0.050509
01514213232820	78865.272543	W	0.013807
01514213497920	78865.286350	S	0.511548
01514223319636	78865.797898	W	0.013761
01514223583844	78865.811659	S	0.009485
01514223765952	78865.821143	W	0.023322
01514224213728	78865.844465	S	0.386902
01514231642240	78866.231367	W	0.013264
01514231896900	78866.244630	S	0.088593
01514233597884	78866.333223	W	0.013049
01514233848424	78866.346272	S	0.294172
01514239496528	78866.640444	W	0.013264
01514239751204	78866.653709	S	0.089125
01514241462396	78866.742833	W	0.013214
01514241716100	78866.756047	S	1.537986
01514271245424	78868.294032	W	0.013680
01514271508072	78868.307712	S	0.073847
01514272925932	78868.381559	W	0.013035
01514273176208	78868.394594	S	2.914205
01514329128948	78871.308799	W	0.013824
01514329394372	78871.322624	S	3.005400
01514387098044	78874.328023	W	0.020623
01514387494012	78874.348646	S	0.125355
01514389900824	78874.474001	W	0.044924
01514390763360	78874.518925	S	0.108742
01514392851208	78874.627667	W	0.013398
01514393108448	78874.641065	S	1.183006
01514415822164	78875.824071	W	0.015463
01514416119056	78875.839534	S	1.513130
01514445171156	78877.352664	W	0.013904
01514445438116	78877.366569	S	1.254472
01514469523972	78878.621040	W	0.013126
01514469775996	78878.634166	S	0.498879
01514479354468	78879.133045	W	0.025583
01514479845660	78879.158628	S	0.179208
01514483286456	78879.337836	W	0.026169
01514483788896	78879.364005	S	0.281820
01514489199848	78879.645825	W	0.012635
01514489442432	78879.658460	S	0.017349
01514489775524	78879.675809	W	0.015414
01514490071468	78879.691222	S	0.056296
01514491152360	78879.747519	W	0.016814
01514491475188	78879.764333	S	0.615741
01514503297424	78880.380074	W	0.013840
01514503563156	78880.393914	S	0.479186
01514512763524	78880.873100	W	0.012525
01514513004012	78880.885626	S	0.705168
01514526543236	78881.590794	W	0.013317
01514526798920	78881.604110	S	0.089145
01514528510508	78881.693256	W	0.012826
01514528756772	78881.706082	S	0.806319
01514544238092	78882.512401	W	0.013010
01514544487888	78882.525411	S	0.880314
01514561389920	78883.405725	W	0.013348
01514561646208	78883.419073	S	3.006604
01514619373000	78886.425677	W	0.013712
01514619636264	78886.439389	S	0.271531
01514624849664	78886.710920	W	0.013274
01514625104516	78886.724194	S	2.718016
01514677290424	78889.442210	W	0.013804
01514677555460	78889.456014	S	0.533434
01514687797388	78889.989447	W	0.013325
01514688053228	78890.002772	S	0.087298
01514689729344	78890.090070	W	0.013221
01514689983184	78890.103291	S	2.358794
01514735272024	78892.462085	W	0.014812
01514735556408	78892.476896	S	1.402041
01514762475588	78893.878937	W	0.013255
01514762730080	78893.892192	S	0.910449
01514780210700	78894.802641	W	0.013843
01514780476484	78894.816484	S	0.667450
01514793291520	78895.483933	W	0.013845
01514793557348	78895.497779	S	0.429158
01514801797172	78895.926936	W	0.013538
01514802057104	78895.940474	S	0.674339
01514815004408	78896.614813	W	0.085685
01514816649552	78896.700498	S	0.045420
01514817521620	78896.745918	W	0.175405
01514820889388	78896.921322	S	0.644069
01514833255512	78897.565391	W	0.012845
01514833502128	78897.578236	S	0.089617
01514835222776	78897.667853	W	0.013518
01514835482328	78897.681371	S	0.001524
01514835511596	78897.682896	W	0.013437
01514835769580	78897.696332	S	0.807945
01514851282116	78898.504277	W	0.013838
01514851547812	78898.518115	S	1.615856
01514882572240	78900.133971	W	0.014739
01514882855224	78900.148710	S	1.307268
01514907954772	78901.455978	W	0.023100
01514908398288	78901.479078	S	0.047073
01514909302084	78901.526150	W	0.014606
01514909582520	78901.540756	S	0.129178
01514912062740	78901.669934	W	0.234840
01514916571664	78901.904774	S	0.016329
01514916885176	78901.921103	W	0.065026
01514918133672	78901.986129	S	0.083585
01514919738496	78902.069713	W	0.083105
01514921334116	78902.152819	S	0.256210
01514926253356	78902.409029	W	0.015459
01514926550160	78902.424488	S	0.157524
01514929574612	78902.582011	W	0.012851
01514929821356	78902.594862	S	1.011241
01514949237192	78903.606104	W	0.012860
01514949484104	78903.618964	S	0.934647
01514967429320	78904.553610	W	0.013770
01514967693696	78904.567380	S	0.679865
01514980747112	78905.247245	W	0.012799
01514980992848	78905.260044	S	1.623409
01515012162304	78906.883453	W	0.084704
01515013788616	78906.968157	S	0.335276
01515020225912	78907.303433	W	0.110668
01515022350744	78907.414101	S	0.161610
01515025453652	78907.575711	W	0.022267
01515025881180	78907.597978	S	0.225789
01515030216324	78907.823767	W	0.015331
01515030510684	78907.839098	S	1.092550
01515051487648	78908.931648	W	0.013696
01515051750620	78908.945345	S	0.191205
01515055421756	78909.136550	W	0.013523
01515055681392	78909.150072	S	0.606574
01515067327608	78909.756646	W	0.013527
01515067587320	78909.770173	S	0.083173
01515069184240	78909.853346	W	0.013453
01515069442536	78909.866799	S	0.293820
01515075083872	78910.160618	W	0.013437
01515075341872	78910.174056	S	0.426137
01515083523700	78910.600193	W	0.013894
01515083790460	78910.614086	S	0.468056
01515092777136	78911.082143	W	0.013691
01515093040012	78911.095834	S	0.703065
01515106538868	78911.798899	W	0.013619
01515106800352	78911.812518	S	0.805604
01515122267956	78912.618123	W	0.013566
01515122528420	78912.631689	S	0.992089
01515141576520	78913.623777	W	0.014317
01515141851412	78913.638094	S	1.643256
01515173401920	78915.281350	W	0.013815
01515173667160	78915.295165	S	0.087992
01515175356604	78915.383156	W	0.015849
01515175660904	78915.399005	S	0.496761
01515185198708	78915.895766	W	0.016236
01515185510444	78915.912002	S	0.733995
01515199603144	78916.645997	W	0.013772
01515199867560	78916.659769	S	3.010895
01515257676752	78919.670664	W	0.013780
01515257941328	78919.684444	S	2.047328
01515297250032	78921.731773	W	0.013549
01515297510168	78921.745321	S	0.948373
01515315718924	78922.693694	W	0.013979
01515315987312	78922.707672	S	0.764904
01515330673464	78923.472576	W	0.013633
01515330935208	78923.486209	S	1.625209
01515362139216	78925.111417	W	0.013379
01515362396096	78925.124797	S	0.088552
01515364096288	78925.213348	W	0.013276
01515364351196	78925.226625	S	0.489016
01515373740304	78925.715641	W	0.021390
01515374151000	78925.737031	S	0.403635
01515381900796	78926.140666	W	0.013572
01515382161384	78926.154239	S	0.697566
01515395554656	78926.851805	W	0.013654
01515395816808	78926.865459	S	0.703112
01515409316556	78927.568571	W	0.013586
01515409577404	78927.582156	S	0.600809
01515421112940	78928.182966	W	0.013801
01515421377924	78928.196767	S	0.542017
01515431784656	78928.738784	W	0.013961
01515432052700	78928.752745	S	1.580764
01515462403376	78930.333509	W	0.022371
01515462832892	78930.355880	S	1.404920
01515489807348	78931.760799	W	0.014118
01515490078412	78931.774917	S	3.010624
01515547882392	78934.785541	W	0.013752
01515548146436	78934.799294	S	1.882841
01515584296984	78936.682135	W	0.013671
01515584559472	78936.695806	S	0.671100
01515597444584	78937.366905	W	0.058466
01515598567132	78937.425371	S	0.385918
01515605976752	78937.811289	W	0.013936
01515606244332	78937.825226	S	1.175336
01515628810776	78939.000561	W	0.013868
01515629077048	78939.014430	S	1.822111
01515664061572	78940.836540	W	0.014026
01515664330872	78940.850566	S	0.030576
01515664917936	78940.881143	W	0.013513
01515665177392	78940.894656	S	0.088306
01515666872868	78940.982962	W	0.013521
01515667132480	78940.996483	S	0.705197
01515680672268	78941.701681	W	0.013642
01515680934196	78941.715323	S	0.190879
01515684599080	78941.906202	W	0.013661
01515684861372	78941.919863	S	1.008716
01515704228720	78942.928579	W	0.013543
01515704488740	78942.942122	S	0.600929
01515716026584	78943.543051	W	0.013634
01515716288348	78943.556685	S	0.088785
01515717993012	78943.645469	W	0.012614
01515718235196	78943.658083	S	0.202721
01515722127436	78943.860804	W	0.021821
01515722546396	78943.882625	S	0.069795
01515723886468	78943.952420	W	0.013462
01515724144936	78943.965882	S	0.395373
01515731736096	78944.361255	W	0.012765
01515731981188	78944.374020	S	2.511137
01515780195028	78946.885158	W	0.014550
01515780474384	78946.899707	S	0.432711
01515788782428	78947.332418	W	0.012534
01515789023088	78947.344953	S	2.034806
01515828091356	78949.379758	W	0.013576
01515828352008	78949.393334	S	0.518190
01515838301252	78949.911524	W	0.013729
01515838564848	78949.925253	S	2.220935
01515881206796	78952.146187	W	0.013499
01515881465968	78952.159686	S	0.774352
01515896333524	78952.934038	W	0.013892
01515896600244	78952.947929	S	2.678748
01515948032208	78955.626677	W	0.013493
01515948291280	78955.640171	S	0.088447
01515949989460	78955.728618	W	0.013385
01515950246452	78955.742003	S	0.216663
01515954406372	78955.958665	W	0.013788
01515954671104	78955.972453	S	0.679377
01515967715140	78956.651830	W	0.015693
01515968016452	78956.667524	S	1.416282
01515995209068	78958.083806	W	0.013442
01515995467152	78958.097248	S	0.600945
01516007005296	78958.698193	W	0.013682
01516007267996	78958.711875	S	0.191421
01516010943280	78958.903296	W	0.013726
01516011206816	78958.917022	S	0.063237
01516012420972	78958.980259	W	0.013268
01516012675720	78958.993527	S	0.113731
01516014859364	78959.107259	W	0.084085
01516016473788	78959.191343	S	0.121037
01516018797704	78959.312380	W	0.086641
01516020461212	78959.399021	S	0.220835
01516024701236	78959.619856	W	0.013444
01516024959364	78959.633300	S	0.670325
01516037829596	78960.303625	W	0.015369
01516038124672	78960.318993	S	1.256054
01516062240916	78961.575048	W	0.013673
01516062503444	78961.588721	S	0.181491
01516065988072	78961.770212	W	0.013477
01516066246824	78961.783689	S	0.222206
01516070513172	78962.005894	W	0.013695
01516070776120	78962.019590	S	1.593839
01516101377832	78963.613429	W	0.013393
01516101634976	78963.626822	S	0.509051
01516111408752	78964.135873	W	0.235304
01516115926584	78964.371176	S	0.015814
01516116230216	78964.386990	W	0.063995
01516117458916	78964.450985	S	0.084029
01516119072272	78964.535014	W	0.084570
01516120696012	78964.619584	S	0.411013
01516128587452	78965.030596	W	0.014309
01516128862184	78965.044905	S	0.514280
01516138736368	78965.559186	W	0.022013
01516139159012	78965.581199	S	1.519523
01516168333852	78967.100721	W	0.013590
01516168594772	78967.114311	S	0.940157
01516186645784	78968.054468	W	0.013778
01516186910328	78968.068246	S	1.279319
01516211473260	78969.347566	W	0.084861
01516213102584	78969.432426	S	0.334956
01516219533740	78969.767382	W	0.118875
01516221816144	78969.886257	S	0.657434
01516234438880	78970.543692	W	0.015683
01516234740000	78970.559375	S	0.119739
01516237038996	78970.679114	W	0.013546
01516237299084	78970.692661	S	0.293588
01516242935972	78970.986249	W	0.013616
01516243197404	78970.999865	S	0.078034
01516244695664	78971.077899	W	0.013937
01516244963248	78971.091836	S	0.201604
01516248834036	78971.293439	W	0.013311
01516249089600	78971.306750	S	0.191680
01516252769864	78971.498430	W	0.013462
01516253028340	78971.511893	S	0.395916
01516260629932	78971.907809	W	0.013331
01516260885888	78971.921140	S	0.089355
01516262601512	78972.010495	W	0.013311
01516262857088	78972.023807	S	1.215138
01516286187736	78973.238945	W	0.013088
01516286439016	78973.252032	S	0.806197
01516301917992	78974.058229	W	0.022230
01516302344816	78974.080459	S	0.023519
01516302796372	78974.103978	W	0.013680
01516303059036	78974.117658	S	0.657398
01516315681084	78974.775056	W	0.013626
01516315942712	78974.788683	S	2.332671
01516360729996	78977.121354	W	0.014010
01516360998996	78977.135364	S	3.000289
01516418604552	78980.135654	W	0.022559
01516419037676	78980.158212	S	1.587698
01516449521472	78981.745910	W	0.013784
01516449786116	78981.759694	S	0.290017
01516455354444	78982.049711	W	0.012346
01516455591480	78982.062056	S	1.098514
01516476682940	78983.160570	W	0.013964
01516476951044	78983.174534	S	2.864431
01516531948124	78986.038965	W	0.013290
01516532203288	78986.052255	S	0.133936
01516534774860	78986.186191	W	0.021816
01516535193728	78986.208007	S	0.855097
01516551611584	78987.063103	W	0.013736
01516551875320	78987.076840	S	1.317399
01516577169388	78988.394239	W	0.012500
01516577409396	78988.406739	S	0.704291
01516590931776	78989.111030	W	0.013644
01516591193744	78989.124674	S	0.084312
01516592812544	78989.208987	W	0.012898
01516593060180	78989.221884	S	0.707450
01516606643228	78989.929335	W	0.012696
01516606886988	78989.942031	S	0.500147
01516616489812	78990.442178	W	0.016560
01516616807768	78990.458738	S	0.495394
01516626319332	78990.954132	W	0.016265
01516626631612	78990.970396	S	0.102021
01516628590408	78991.072417	W	0.112125
01516630743216	78991.184543	S	0.075776
01516632198120	78991.260319	W	0.138751
01516634862132	78991.399069	S	0.016008
01516635169488	78991.415078	W	0.076825
01516636644536	78991.491903	S	0.075833
01516638100532	78991.567736	W	0.128262
01516640563168	78991.695998	S	0.016097
01516640872232	78991.712095	W	0.078799
01516642385180	78991.790895	S	0.083762
01516643993404	78991.874656	W	0.157690
01516647021056	78992.032347	S	0.015926
01516647326844	78992.048273	W	0.060125
01516648481252	78992.108399	S	0.073515
01516649892736	78992.181913	W	0.156236
01516652892476	78992.338150	S	0.016739
01516653213864	78992.354889	W	0.098693
01516655108776	78992.453582	S	0.016720
01516655429796	78992.470302	W	0.089914
01516657156144	78992.560216	S	0.007757
01516657305084	78992.567973	W	0.084502
01516658927516	78992.652475	S	0.016904
01516659252064	78992.669378	W	0.085321
01516660890232	78992.754700	S	0.016461
01516661206276	78992.771160	W	0.090256
01516662939192	78992.861416	S	0.016900
01516663263672	78992.878316	W	0.141385
01516665978272	78993.019702	S	0.015104
01516666268260	78993.034805	W	0.154112
01516669227208	78993.188917	S	0.016756
01516669548916	78993.205673	W	0.135926
01516672158692	78993.341599	S	0.016881
01516672482800	78993.358479	W	0.117853
01516674745584	78993.476332	S	0.016597
01516675064240	78993.492929	W	0.084983
01516676695916	78993.577912	S	0.016779
01516677018068	78993.594691	W	0.172455
01516680329208	78993.767146	S	0.016715
01516680650132	78993.783861	W	0.060066
01516681803392	78993.843927	S	0.078789
01516683316136	78993.922715	W	0.080707
01516684865716	78994.003423	S	0.017017
01516685192436	78994.020439	W	0.058629
01516686318120	78994.079069	S	0.166708
01516689518912	78994.245777	W	0.013657
01516689781128	78994.259434	S	0.603985
01516701377644	78994.863419	W	0.015352
01516701672404	78994.878771	S	0.361105
01516708605628	78995.239876	W	0.013968
01516708873808	78995.253844	S	0.001516
01516708902916	78995.255360	W	0.013469
01516709161528	78995.268830	S	0.293633
01516714799284	78995.562463	W	0.021236
01516715207008	78995.583698	S	0.551504
01516725795884	78996.135202	W	0.085919
01516727445520	78996.221121	S	0.040825
01516728229368	78996.261946	W	0.021185
01516728636112	78996.283131	S	0.364257
01516735629844	78996.647388	W	0.235740
01516740156044	78996.883127	S	0.016229
01516740467644	78996.899356	W	0.061173
01516741642172	78996.960530	S	0.035085
01516742315804	78996.995615	W	0.234070
01516746809956	78997.229685	S	0.016046
01516747118036	78997.245731	W	0.083506
01516748721352	78997.329237	S	0.383960
01516756093380	78997.713197	W	0.013286
01516756348464	78997.726483	S	0.088615
01516758049864	78997.815097	W	0.013156
01516758302456	78997.828253	S	0.438516
01516766721968	78998.266769	W	0.030096
01516767299820	78998.296866	S	0.987150
01516786253092	78999.284015	W	0.022385
01516786682876	78999.306400	S	0.987918
01516805650900	79000.294318	W	0.014168
01516805922924	79000.308486	S	0.885092
01516822916688	79001.193578	W	0.022128
01516823341552	79001.215706	S	0.071929
01516824722580	79001.287634	W	0.014716
01516825005120	79001.302350	S	0.001280
01516825029688	79001.303630	W	0.014741
01516825312708	79001.318370	S	0.489122
01516834703856	79001.807492	W	0.012390
01516834941752	79001.819883	S	0.403385
01516842686752	79002.223268	W	0.021357
01516843096812	79002.244626	S	0.065554
01516844355452	79002.310180	W	0.014162
01516844627372	79002.324342	S	0.992484
01516863683072	79003.316827	W	0.014432
01516863960164	79003.331259	S	0.217053
01516868127580	79003.548311	W	0.012327
01516868364264	79003.560639	S	0.602007
01516879922792	79004.162645	W	0.021422
01516880334092	79004.184067	S	0.125326
01516882740360	79004.309394	W	0.014590
01516883020484	79004.323984	S	0.000620
01516883032388	79004.324604	W	0.021864
01516883452168	79004.346467	S	0.020784
01516883851216	79004.367251	W	0.012236
01516884086140	79004.379486	S	0.706030
01516897641916	79005.085516	W	0.012528
01516897882452	79005.098044	S	0.240442
01516902498936	79005.338486	W	0.012877
01516902746168	79005.351363	S	0.996614
01516921881148	79006.347976	W	0.021541
01516922294732	79006.369517	S	0.964469
01516940812532	79007.333986	W	0.013097
01516941063996	79007.347083	S	0.012979
01516941313200	79007.360062	W	0.013592
01516941574172	79007.373655	S	0.997256
01516960721496	79008.370911	W	0.021961
01516961143144	79008.392872	S	0.990064
01516980152376	79009.382936	W	0.012308
01516980388692	79009.395244	S	0.960277
01516998826012	79010.355521	W	0.013898
01516999092852	79010.369419	S	0.023159
01516999537500	79010.392578	W	0.021680
01516999953764	79010.414259	S	0.990623
01517018973728	79011.404882	W	0.013269
01517019228484	79011.418150	S	0.998565
01517038400924	79012.416715	W	0.022933
01517038841228	79012.439647	S	0.122951
01517041201888	79012.562598	W	0.016403
01517041516832	79012.579002	S	0.799316
01517056863708	79013.378318	W	0.012225
01517057098436	79013.390544	S	0.041653
01517057898176	79013.432197	W	0.021616
01517058313208	79013.453813	S	0.989921
01517077319700	79014.443734	W	0.022752
01517077756548	79014.466487	S	1.935044
01517114909392	79016.401531	W	0.013754
01517115173476	79016.415285	S	0.036627
01517115876716	79016.451912	W	0.013421
01517116134392	79016.465333	S	1.215383
01517139469744	79017.680716	W	0.013400
01517139727020	79017.694116	S	1.010576
01517159130084	79018.704692	W	0.013632
01517159391816	79018.718324	S	0.710696
01517173037188	79019.429020	W	0.013818
01517173302488	79019.442838	S	0.081098
01517174859560	79019.523935	W	0.013507
01517175118892	79019.537442	S	0.022432
01517175549592	79019.559875	W	0.085841
01517177197740	79019.645716	S	0.082805
01517178787600	79019.728521	W	0.083944
01517180399328	79019.812465	S	0.325873
01517186656092	79020.138338	W	0.013448
01517186914292	79020.151786	S	1.625182
01517218117780	79021.776968	W	0.013594
01517218378788	79021.790562	S	0.664717
01517231141348	79022.455279	W	0.013761
01517231405560	79022.469040	S	0.332035
01517237780628	79022.801074	W	0.013341
01517238036772	79022.814415	S	0.202061
01517241916352	79023.016477	W	0.013563
01517242176768	79023.030040	S	0.694241
01517255506196	79023.724281	W	0.013523
01517255765832	79023.737804	S	1.070698
01517276323240	79024.808502	W	0.309534
01517282266296	79025.118036	S	0.364361
01517289262028	79025.482397	W	0.013764
01517289526292	79025.496161	S	2.022702
01517328362172	79027.518863	W	0.016124
01517328671760	79027.534987	S	0.180943
01517332145856	79027.715930	W	0.014140
01517332417348	79027.730070	S	0.293918
01517338060568	79028.023988	W	0.016010
01517338367960	79028.039998	S	0.469168
01517347375976	79028.509165	W	0.021993
01517347798236	79028.531158	S	1.397480
01517374629860	79029.928639	W	0.085926
01517376279636	79030.014564	S	0.056328
01517377361124	79030.070892	W	0.084807
01517378989424	79030.155699	S	0.547706
01517389505372	79030.703405	W	0.015482
01517389802636	79030.718887	S	0.069116
01517391129672	79030.788004	W	0.013233
01517391383748	79030.801237	S	0.734605
01517405488168	79031.535842	W	0.013782
01517405752788	79031.549624	S	0.058060
01517406867532	79031.607684	W	0.013154
01517407120084	79031.620838	S	0.088690
01517408822936	79031.709528	W	0.013431
01517409080816	79031.722959	S	0.520034
01517419065468	79032.242993	W	0.106938
01517421118680	79032.349931	S	0.076175
01517422581248	79032.426107	W	0.133002
01517425134892	79032.559109	S	0.015826
01517425438756	79032.574935	W	0.121776
01517427776852	79032.696711	S	0.015867
01517428081492	79032.712578	W	0.061828
01517429268584	79032.774405	S	0.061326
01517430446040	79032.835731	W	0.091861
01517432209780	79032.927593	S	0.010762
01517432416412	79032.938355	W	0.013171
01517432669304	79032.951526	S	0.088999
01517434378092	79033.040526	W	0.087343
01517436055084	79033.127869	S	0.015969
01517436361692	79033.143838	W	0.061823
01517437548692	79033.205661	S	0.039699
01517438310920	79033.245360	W	0.083710
01517439918152	79033.329070	S	0.015980
01517440224964	79033.345050	W	0.058459
01517441347376	79033.403509	S	0.046268
01517442235720	79033.449777	W	0.123250
01517444602120	79033.573027	S	0.015900
01517444907404	79033.588927	W	0.084693
01517446533504	79033.673620	S	0.391024
01517454041172	79034.064644	W	0.013529
01517454300928	79034.078173	S	0.482074
01517463556744	79034.560247	W	0.014908
01517463842976	79034.575155	S	0.000751
01517463857392	79034.575906	W	0.012714
01517464101496	79034.588620	S	0.089347
01517465816956	79034.677966	W	0.153640
01517468766840	79034.831606	S	0.016168
01517469077256	79034.847774	W	0.060452
01517470237940	79034.908226	S	0.076911
01517471714624	79034.985137	W	0.081627
01517473281860	79035.066764	S	0.016082
01517473590640	79035.082846	W	0.059222
01517474727704	79035.142068	S	0.070059
01517476072836	79035.212127	W	0.098816
01517477970100	79035.310943	S	0.001915
01517478006864	79035.312858	W	0.059985
01517479158584	79035.372843	S	0.021900
01517479579060	79035.394743	W	0.290852
01517485163420	79035.685595	S	0.016267
01517485475748	79035.701862	W	0.085000
01517487107748	79035.786862	S	0.016283
01517487420376	79035.803145	W	0.082178
01517488998196	79035.885323	S	0.016273
01517489310636	79035.901596	W	0.089853
01517491035804	79035.991448	S	0.016325
01517491349252	79036.007774	W	0.082401
01517492931356	79036.090175	S	0.016182
01517493242056	79036.106357	W	0.060157
01517494397064	79036.166514	S	0.281116
01517499794488	79036.447630	W	0.015368
01517500089560	79036.462998	S	1.127331
01517521734316	79037.590329	W	0.014340
01517522009640	79037.604669	S	0.006880
01517522141728	79037.611548	W	0.014347
01517522417184	79037.625895	S	0.124134
01517524800564	79037.750029	W	0.258017
01517529754496	79038.008047	S	0.015745
01517530056800	79038.023792	W	0.060084
01517531210408	79038.083875	S	0.282016
01517536625108	79038.365891	W	0.015358
01517536919980	79038.381249	S	0.239765
01517541523476	79038.621014	W	0.024224
01517541988568	79038.645238	S	0.989648
01517560989800	79039.634885	W	0.014456
01517561267356	79039.649341	S	0.967956
01517579852108	79040.617297	W	0.014541
01517580131304	79040.631839	S	0.011217
01517580346672	79040.643056	W	0.014805
01517580630928	79040.657861	S	0.995481
01517599744172	79041.653342	W	0.022604
01517600178168	79041.675946	S	0.067911
01517601482056	79041.743857	W	0.012926
01517601730244	79041.756784	S	0.813859
01517617356336	79042.570642	W	0.012845
01517617602968	79042.583488	S	0.083268
01517619201708	79042.666756	W	0.011972
01517619431568	79042.678727	S	0.909831
01517636900328	79043.588559	W	0.013526
01517637160036	79043.602085	S	0.041938
01517637965248	79043.644023	W	0.014001
01517638234072	79043.658025	S	0.017421
01517638568564	79043.675446	W	0.014142
01517638840096	79043.689588	S	0.102925
01517640816264	79043.792514	W	0.013150
01517641068752	79043.805664	S	0.878942
01517657944444	79044.684606	W	0.022965
01517658385364	79044.707571	S	0.000714
01517658399072	79044.708285	W	0.014562
01517658678660	79044.722847	S	0.912902
01517676206376	79045.635749	W	0.122621
01517678560704	79045.758370	S	0.015860
01517678865212	79045.774230	W	0.085034
01517680497872	79045.859264	S	0.800729
01517695871872	79046.659993	W	0.013510
01517696131256	79046.673503	S	0.003336
01517696195308	79046.676839	W	0.013118
01517696447164	79046.689956	S	0.013917
01517696714368	79046.703873	W	0.013678
01517696976980	79046.717551	S	0.966850
01517715540508	79047.684401	W	0.013611
01517715801844	79047.698013	S	0.016918
01517716126676	79047.714931	W	0.013904
01517716393624	79047.728835	S	0.998429
01517735563460	79048.727264	W	0.013884
01517735830028	79048.741147	S	0.172049
01517739133368	79048.913196	W	0.013326
01517739389228	79048.926522	S	0.703026
01517752887320	79049.629548	W	0.013381
01517753144244	79049.642929	S	0.051792
01517754138652	79049.694721	W	0.013720
01517754402068	79049.708441	S	0.029054
01517754959908	79049.737495	W	0.013706
01517755223056	79049.751201	S	0.083252
01517756821492	79049.834453	W	0.012666
01517757064672	79049.847118	S	0.704040
01517770582244	79050.551159	W	0.013404
01517770839608	79050.564563	S	0.183635
01517774365396	79050.748198	W	0.013907
01517774632412	79050.762105	S	0.158559
01517777676736	79050.920663	W	0.085876
01517779325556	79051.006539	S	0.754302
01517793808148	79051.760841	W	0.023011
01517794249964	79051.783852	S	0.712891
01517807937468	79052.496743	W	0.021934
01517808358596	79052.518677	S	0.200267
01517812203728	79052.718944	W	0.013679
01517812466368	79052.732623	S	0.041262
01517813258600	79052.773885	W	0.013966
01517813526756	79052.787852	S	0.995612
01517832642504	79053.783464	W	0.013691
01517832905364	79053.797154	S	0.338222
01517839399236	79054.135377	W	0.013316
01517839654904	79054.148693	S	0.644882
01517852036636	79054.793575	W	0.021567
01517852450724	79054.815142	S	0.927221
01517870253360	79055.742362	W	0.013819
01517870518688	79055.756182	S	0.047816
01517871436748	79055.803997	W	0.013827
01517871702224	79055.817824	S	0.996862
01517890841968	79056.814686	W	0.013625
01517891103568	79056.828311	S	0.998429
01517910273404	79057.826740	W	0.013845
01517910539232	79057.840585	S	0.290346
01517916113868	79058.130931	W	0.013466
01517916372412	79058.144396	S	0.624046
01517928354088	79058.768442	W	0.013425
01517928611848	79058.781867	S	0.053938
01517929647456	79058.835805	W	0.020664
01517930044208	79058.856469	S	0.990525
01517949062284	79059.846994	W	0.013906
01517949329280	79059.860900	S	0.999493
01517968519552	79060.860393	W	0.013875
01517968785952	79060.874268	S	0.919747
01517986445096	79061.794015	W	0.021892
01517986865420	79061.815907	S	0.102205
01517988827752	79061.918112	W	0.013306
01517989083236	79061.931419	S	0.088602
01517990784396	79062.020021	W	0.013349
01517991040688	79062.033369	S	0.805797
01518006511984	79062.839166	W	0.013388
01518006769036	79062.852554	S	0.908292
01518024208236	79063.760846	W	0.013123
01518024460204	79063.773969	S	0.294039
01518030105756	79064.068008	W	0.013376
01518030362580	79064.081384	S	0.703386
01518043867596	79064.784771	W	0.013495
01518044126696	79064.798265	S	0.022735
01518044563208	79064.821000	W	0.013727
01518044826768	79064.834727	S	0.154861
01518047800108	79064.989589	W	0.013355
01518048056524	79065.002944	S	0.601074
01518059597136	79065.604017	W	0.013391
01518059854252	79065.617409	S	1.523168
01518089099076	79067.140577	W	0.013492
01518089358120	79067.154069	S	0.088515
01518091057616	79067.242584	W	0.013223
01518091311496	79067.255807	S	0.592330
01518102684224	79067.848137	W	0.014005
01518102953128	79067.862142	S	3.012585
01518160794768	79070.874728	W	0.013816
01518161060036	79070.888544	S	1.269068
01518185426140	79072.157611	W	0.013415
01518185683700	79072.171026	S	0.293978
01518191328068	79072.465004	W	0.013290
01518191583240	79072.478294	S	0.001487
01518191611796	79072.479781	W	0.013481
01518191870636	79072.493262	S	0.381937
01518199203832	79072.875200	W	0.012644
01518199446600	79072.887844	S	0.088992
01518201155244	79072.976836	W	0.027454
01518201682352	79073.004289	S	0.075114
01518203124548	79073.079404	W	0.013163
01518203377280	79073.092567	S	0.089041
01518205086864	79073.181607	W	0.013244
01518205341152	79073.194852	S	0.089162
01518207053068	79073.284014	W	0.015364
01518207348056	79073.299378	S	0.189605
01518210988480	79073.488983	W	0.013212
01518211242152	79073.502195	S	0.397078
01518218866052	79073.899274	W	0.013827
01518219131536	79073.913101	S	0.702295
01518232615604	79074.615396	W	0.013345
01518232871820	79074.628741	S	2.239475
01518275869744	79076.868216	W	0.013387
01518276126768	79076.881602	S	0.039528
01518276885696	79076.921130	W	0.013631
01518277147420	79076.934761	S	0.547672
01518287662716	79077.482433	W	0.013359
01518287919204	79077.495792	S	0.705861
01518301471728	79078.201653	W	0.013396
01518301728940	79078.215049	S	0.291345
01518307322764	79078.506394	W	0.013229
01518307576752	79078.519622	S	0.601900
01518319133228	79079.121522	W	0.013521
01518319392824	79079.135043	S	0.088219
01518321086628	79079.223262	W	0.013365
01518321343232	79079.236627	S	0.089275
01518323057308	79079.325901	W	0.012779
01518323302668	79079.338681	S	0.089510
01518325021260	79079.428191	W	0.013422
01518325278956	79079.441612	S	0.501251
01518334902972	79079.942863	W	0.013655
01518335165148	79079.956518	S	0.085924
01518336814888	79080.042442	W	0.013288
01518337070016	79080.055730	S	0.017179
01518337399852	79080.072909	W	0.090364
01518339134844	79080.163273	S	0.083704
01518340741968	79080.246978	W	0.083362
01518342342512	79080.330339	S	0.224191
01518346646972	79080.554530	W	0.012607
01518346889020	79080.567136	S	0.055808
01518347960536	79080.622945	W	0.015581
01518348259696	79080.638526	S	0.018186
01518348608864	79080.656712	W	0.013120
01518348860760	79080.669831	S	0.089427
01518350577760	79080.759258	W	0.013397
01518350834988	79080.772656	S	0.499112
01518360417936	79081.271768	W	0.013436
01518360675904	79081.285203	S	0.088429
01518362373748	79081.373633	W	0.013265
01518362628428	79081.386897	S	1.216400
01518385983316	79082.603298	W	0.016040
01518386291288	79082.619338	S	0.346548
01518392945012	79082.965886	W	0.013545
01518393205084	79082.979431	S	0.135929
01518395814928	79083.115361	W	0.015299
01518396108676	79083.130660	S	0.701363
01518409574840	79083.832023	W	0.012757
01518409819772	79083.844780	S	0.689028
01518423049100	79084.533807	W	0.014423
01518423326016	79084.548230	S	0.675015
01518436286312	79085.223245	W	0.292635
01518441904908	79085.515881	S	0.016090
01518442213840	79085.531971	W	0.060873
01518443382608	79085.592844	S	0.281289
01518448783348	79085.874133	W	0.013430
01518449041200	79085.887562	S	0.101630
01518450992496	79085.989192	W	0.014592
01518451272672	79086.003785	S	3.009170
01518509048732	79089.012955	W	0.014337
01518509324012	79089.027292	S	1.316404
01518534598976	79090.343697	W	0.086732
01518536264236	79090.430429	S	0.055578
01518537331328	79090.486007	W	0.083978
01518538943712	79090.569985	S	0.254030
01518543821084	79090.824015	W	0.015332
01518544115464	79090.839347	S	0.672382
01518557025192	79091.511729	W	0.013364
01518557281780	79091.525093	S	0.293362
01518562914328	79091.818455	W	0.013386
01518563171332	79091.831840	S	0.191417
01518566846536	79092.023257	W	0.013391
01518567103640	79092.036648	S	0.003548
01518567171768	79092.040196	W	0.021564
01518567585792	79092.061760	S	0.268897
01518572748608	79092.330657	W	0.013401
01518573005904	79092.344057	S	1.215872
01518596350652	79093.559930	W	0.013285
01518596605716	79093.573214	S	1.113208
01518617979308	79094.686422	W	0.013157
01518618231924	79094.699579	S	0.365618
01518625251784	79095.065197	W	0.013615
01518625513196	79095.078812	S	0.323663
01518631727516	79095.402475	W	0.013252
01518631981948	79095.415726	S	0.908288
01518649421084	79096.324015	W	0.013446
01518649679244	79096.337461	S	0.089167
01518651391260	79096.426628	W	0.013253
01518651645724	79096.439881	S	0.088996
01518653354440	79096.528877	W	0.013384
01518653611412	79096.542261	S	1.548683
01518683346124	79098.090944	W	0.013912
01518683613232	79098.104856	S	3.006994
01518741347524	79101.111850	W	0.014621
01518741628248	79101.126471	S	3.008345
01518799388464	79104.134816	W	0.013852
01518799654420	79104.148668	S	0.367409
01518806708668	79104.516076	W	0.013368
01518806965340	79104.529445	S	1.010616
01518826369168	79105.540061	W	0.013505
01518826628460	79105.553566	S	1.605260
01518857449448	79107.158825	W	0.014174
01518857721584	79107.172999	S	1.439089
01518885352096	79108.612088	W	0.013479
01518885610900	79108.625568	S	0.909729
01518903077704	79109.535297	W	0.013362
01518903334248	79109.548659	S	0.634080
01518915508584	79110.182739	W	0.013622
01518915770128	79110.196361	S	0.873332
01518932538112	79111.069693	W	0.013463
01518932796604	79111.083156	S	0.600898
01518944333852	79111.684055	W	0.013638
01518944595692	79111.697692	S	0.805613
01518960063468	79112.503306	W	0.013544
01518960323504	79112.516849	S	0.688204
01518973537016	79113.205053	W	0.013923
01518973804340	79113.218976	S	1.946894
01519011184712	79115.165870	W	0.012624
01519011427092	79115.178494	S	0.806566
01519026913164	79115.985061	W	0.021167
01519027319564	79116.006227	S	0.223529
01519031611328	79116.229757	W	0.021739
01519032028708	79116.251495	S	2.088773
01519072133156	79118.340269	W	0.013602
01519072394308	79118.353870	S	0.902860
01519089729212	79119.256730	W	0.021252
01519090137248	79119.277982	S	0.086182
01519091791952	79119.364164	W	0.021204
01519092199060	79119.385368	S	0.802034
01519107598120	79120.187402	W	0.013415
01519107855688	79120.200817	S	0.187888
01519111463136	79120.388705	W	0.023615
01519111916536	79120.412320	S	0.134357
01519114496196	79120.546677	W	0.064527
01519115735112	79120.611204	S	0.971787
01519134393424	79121.582991	W	0.015505
01519134691116	79121.598496	S	0.681737
01519147780468	79122.280233	W	0.013882
01519148047008	79122.294115	S	1.371329
01519174376524	79123.665444	W	0.013339
01519174632636	79123.678783	S	0.088534
01519176332488	79123.767317	W	0.013308
01519176588004	79123.780625	S	0.909868
01519194057476	79124.690494	W	0.013330
01519194313408	79124.703823	S	0.599470
01519205823232	79125.303293	W	0.013772
01519206087652	79125.317065	S	0.805414
01519221551600	79126.122479	W	0.013439
01519221809620	79126.135918	S	0.600964
01519233348124	79126.736881	W	0.013595
01519233609156	79126.750477	S	0.805674
01519249078100	79127.556151	W	0.013480
01519249336924	79127.569631	S	0.755253
01519263837784	79128.324885	W	0.013812
01519264102976	79128.338697	S	3.006562
01519321828968	79131.345259	W	0.014557
01519322108472	79131.359816	S	3.008828
01519379877972	79134.368644	W	0.014425
01519380154936	79134.383070	S	0.653042
01519392693348	79135.036112	W	0.012876
01519392940576	79135.048988	S	2.343572
01519437937164	79137.392561	W	0.022007
01519438359696	79137.414568	S	1.303632
01519463389428	79138.718199	W	0.013170
01519463642288	79138.731369	S	0.088776
01519465346788	79138.820145	W	0.013260
01519465601380	79138.833405	S	1.011219
01519485016780	79139.844624	W	0.013256
01519485271288	79139.857880	S	0.088653
01519486973428	79139.946533	W	0.013082
01519487224608	79139.959615	S	0.398215
01519494870336	79140.357830	W	0.013462
01519495128800	79140.371292	S	0.048721
01519496064244	79140.420013	W	0.021429
01519496475672	79140.441441	S	0.733895
01519510566448	79141.175336	W	0.013381
01519510823368	79141.188717	S	0.368091
01519517890724	79141.556809	W	0.085700
01519519536164	79141.642509	S	0.147752
01519522373004	79141.790261	W	0.013368
01519522629668	79141.803629	S	0.088303
01519524325076	79141.891931	W	0.083371
01519525925792	79141.975302	S	0.019316
01519526296660	79141.994618	W	0.012615
01519526538876	79142.007233	S	0.704119
01519540057952	79142.711352	W	0.013405
01519540315320	79142.724756	S	0.722916
01519554195304	79143.447672	W	0.013643
01519554457256	79143.461315	S	1.093473
01519575451936	79144.554788	W	0.012742
01519575696576	79144.567530	S	1.329113
01519601215552	79145.896643	W	0.013312
01519601471148	79145.909956	S	0.560078
01519612224652	79146.470034	W	0.013827
01519612490140	79146.483861	S	0.180662
01519615958848	79146.664523	W	0.310016
01519621911148	79146.974539	S	0.037391
01519622629056	79147.011930	W	0.084693
01519624255156	79147.096623	S	1.365672
01519650476064	79148.462295	W	0.015673
01519650776984	79148.477968	S	0.275353
01519656063764	79148.753321	W	0.016501
01519656380592	79148.769823	S	0.496424
01519665911936	79149.266247	W	0.016389
01519666226604	79149.282636	S	0.208805
01519670235660	79149.491441	W	0.014050
01519670505428	79149.505491	S	0.580517
01519681651360	79150.086008	W	0.013425
01519681909124	79150.099434	S	1.008664
01519701275472	79151.108097	W	0.013223
01519701529352	79151.121320	S	0.805800
01519717000708	79151.927120	W	0.084597
01519718624964	79152.011717	S	0.028981
01519719181400	79152.040698	W	0.109949
01519721292428	79152.150647	S	0.366268
01519728324764	79152.516915	W	0.013850
01519728590692	79152.530765	S	1.854201
01519764191348	79154.384966	W	0.013747
01519764455296	79154.398713	S	0.907825
01519781885536	79155.306538	W	0.013315
01519782141188	79155.319854	S	0.220613
01519786376960	79155.540467	W	0.013982
01519786645412	79155.554449	S	0.673723
01519799580888	79156.228171	W	0.013466
01519799839428	79156.241637	S	0.908157
01519817276040	79157.149794	W	0.013437
01519817534024	79157.163230	S	0.088969
01519819242228	79157.252199	W	0.013305
01519819497676	79157.265504	S	0.498656
01519829071876	79157.764160	W	0.013341
01519829328028	79157.777501	S	0.703393
01519842833168	79158.480894	W	0.013505
01519843092464	79158.494399	S	0.068400
01519844405736	79158.562799	W	0.013845
01519844671568	79158.576644	S	0.211305
01519848728616	79158.787949	W	0.087809
01519850414540	79158.875757	S	0.219402
01519854627056	79159.095159	W	0.084526
01519856249948	79159.179685	S	0.803169
01519871670784	79159.982853	W	0.015639
01519871971060	79159.998493	S	0.325672
01519878223956	79160.324164	W	0.013326
01519878479812	79160.337490	S	1.248921
01519902459104	79161.586412	W	0.013865
01519902725304	79161.600276	S	2.307677
01519947032704	79163.907953	W	0.084895
01519948662684	79163.992848	S	0.616962
01519960508352	79164.609810	W	0.013886
01519960774956	79164.623696	S	2.049196
01520000119516	79166.672891	W	0.013390
01520000376604	79166.686281	S	0.948177
01520018581608	79167.634459	W	0.013299
01520018836948	79167.647758	S	1.790048
01520053205860	79169.437805	W	0.013413
01520053463380	79169.451218	S	0.908521
01520070906984	79170.359739	W	0.013530
01520071166756	79170.373269	S	0.287194
01520076680888	79170.660463	W	0.022561
01520077114052	79170.683024	S	0.905163
01520094493184	79171.588187	W	0.013435
01520094751132	79171.601621	S	0.908197
01520112188508	79172.509818	W	0.013711
01520112451760	79172.523529	S	0.600659
01520123984404	79173.124188	W	0.013380
01520124241296	79173.137568	S	0.551093
01520134822280	79173.688660	W	0.029855
01520135395488	79173.718515	S	2.170360
01520177066400	79175.888875	W	0.013467
01520177324968	79175.902342	S	0.810364
01520192883964	79176.712706	W	0.012969
01520193132960	79176.725675	S	1.825020
01520228173340	79178.550695	W	0.021394
01520228584104	79178.572089	S	1.162906
01520250911900	79179.734995	W	0.022092
01520251336072	79179.757087	S	0.636685
01520263560424	79180.393772	W	0.012725
01520263804748	79180.406497	S	1.011755
01520283230440	79181.418252	W	0.013419
01520283488076	79181.431671	S	1.331859
01520309059760	79182.763529	W	0.014380
01520309335852	79182.777909	S	3.010447
01520367136440	79185.788356	W	0.013756
01520367400556	79185.802112	S	1.043774
01520387441024	79186.845887	W	0.012748
01520387685776	79186.858634	S	0.704644
01520401214932	79187.563278	W	0.013381
01520401471848	79187.576659	S	0.805184
01520416931372	79188.381842	W	0.013317
01520417187052	79188.395159	S	0.421240
01520425274852	79188.816399	W	0.021517
01520425687988	79188.837916	S	3.004902
01520483382100	79191.842818	W	0.013762
01520483646336	79191.856580	S	2.113083
01520524217532	79193.969663	W	0.062582
01520525419112	79194.032245	S	0.510363
01520535218084	79194.542609	W	0.015494
01520535515572	79194.558103	S	0.310196
01520541471340	79194.868299	W	0.021506
01520541884260	79194.889805	S	1.889007
01520578153196	79196.778812	W	0.013535
01520578413072	79196.792347	S	1.099098
01520599515756	79197.891446	W	0.013742
01520599779612	79197.905188	S	2.457486
01520646963336	79200.362674	W	0.013436
01520647221304	79200.376110	S	0.537863
01520657548280	79200.913973	W	0.020909
01520657949724	79200.934881	S	0.758947
01520672521512	79201.693829	W	0.013437
01520672779504	79201.707266	S	0.908147
01520690215932	79202.615413	W	0.013874
01520690482316	79202.629287	S	0.600546
01520702012804	79203.229834	W	0.013425
01520702270560	79203.243258	S	0.694297
01520715601064	79203.937555	W	0.013795
01520715865928	79203.951350	S	0.097712
01520717742008	79204.049063	W	0.013214
01520717995724	79204.062277	S	0.003151
01520718056224	79204.065428	W	0.112506
01520720216340	79204.177934	S	0.075706
01520721669888	79204.253640	W	0.083575
01520723274528	79204.337215	S	0.428683
01520731505248	79204.765898	W	0.012815
01520731751292	79204.778713	S	2.185260
01520773708288	79206.963973	W	0.021021
01520774111884	79206.984994	S	0.374479
01520781301876	79207.359473	W	0.014480
01520781579884	79207.373952	S	1.754523
01520815266728	79209.128475	W	0.235678
01520819791736	79209.364153	S	0.015768
01520820094472	79209.379920	W	0.061771
01520821280476	79209.441691	S	0.034298
01520821938992	79209.475989	W	0.084906
01520823569196	79209.560896	S	0.341926
01520830134184	79209.902822	W	0.015454
01520830430904	79209.918276	S	0.074504
01520831861372	79209.992780	W	0.021775
01520832279452	79210.014555	S	2.431678
01520878967660	79212.446232	W	0.027583
01520879497256	79212.473815	S	0.074298
01520880923768	79212.548113	W	0.012892
01520881171288	79212.561005	S	0.296086
01520886856136	79212.857090	W	0.013488
01520887115100	79212.870578	S	0.145200
01520889902944	79213.015778	W	0.021608
01520890317808	79213.037386	S	0.022849
01520890756508	79213.060235	W	0.014258
01520891030260	79213.074493	S	1.316772
01520916312276	79214.391264	W	0.084902
01520917942388	79214.476166	S	0.028514
01520918489852	79214.504680	W	0.118256
01520920760376	79214.622936	S	0.399967
01520928439736	79215.022903	W	0.015491
01520928737160	79215.038394	S	0.583050
01520939931728	79215.621444	W	0.013394
01520940188884	79215.634838	S	0.088023
01520941878924	79215.722861	W	0.013305
01520942134376	79215.736165	S	0.296278
01520947822912	79216.032443	W	0.013478
01520948081696	79216.045922	S	0.001554
01520948111536	79216.047476	W	0.014163
01520948383460	79216.061639	S	0.070801
01520949742848	79216.132440	W	0.013282
01520949997860	79216.145722	S	0.600906
01520961535260	79216.746628	W	0.013315
01520961790912	79216.759943	S	0.908691
01520979237780	79217.668634	W	0.021428
01520979649192	79217.690062	S	1.207028
01521002824128	79218.897090	W	0.013366
01521003080748	79218.910456	S	0.163042
01521006211148	79219.073497	W	0.013801
01521006476120	79219.087298	S	0.629495
01521018562428	79219.716793	W	0.013477
01521018821184	79219.730270	S	0.191442
01521022496868	79219.921712	W	0.016214
01521022808176	79219.937926	S	0.495233
01521032316640	79220.433158	W	0.018162
01521032665352	79220.451320	S	0.186570
01521036247488	79220.637890	W	0.013261
01521036502108	79220.651151	S	1.010714
01521055907820	79221.661866	W	0.013522
01521056167444	79221.675388	S	0.423018
01521064289396	79222.098406	W	0.013908
01521064556436	79222.112314	S	1.499275
01521093342524	79223.611590	W	0.013506
01521093601840	79223.625096	S	0.084828
01521095230536	79223.709924	W	0.013334
01521095486556	79223.723258	S	1.400938
01521122384564	79225.124196	W	0.014380
01521122660660	79225.138576	S	2.973529
01521179752424	79228.112105	W	0.012752
01521179997264	79228.124858	S	0.021969
01521180419072	79228.146827	W	0.014417
01521180695884	79228.161244	S	0.389706
01521188178240	79228.550950	W	0.014507
01521188456772	79228.565457	S	2.603224
01521238438676	79231.168681	W	0.014246
01521238712204	79231.182927	S	0.617060
01521250559756	79231.799987	W	0.023653
01521251013896	79231.823640	S	0.897473
01521268245380	79232.721114	W	0.013380
01521268502276	79232.734494	S	1.456349
01521296464172	79234.190842	W	0.013290
01521296719340	79234.204132	S	0.667318
01521309531844	79234.871450	W	0.023510
01521309983236	79234.894960	S	0.181371
01521313465564	79235.076331	W	0.013277
01521313720488	79235.089609	S	0.703461
01521327226940	79235.793070	W	0.013226
01521327480872	79235.806295	S	1.399653
01521354354212	79237.205949	W	0.013829
01521354619732	79237.219778	S	1.850336
01521390146176	79239.070113	W	0.013462
01521390404648	79239.083575	S	0.003270
01521390467428	79239.086845	W	0.013220
01521390721244	79239.100065	S	1.120519
01521412235204	79240.220584	W	0.013835
01521412500832	79240.234418	S	0.166777
01521415702956	79240.401196	W	0.013396
01521415960160	79240.414592	S	2.832158
01521470337600	79243.246750	W	0.013637
01521470599436	79243.260387	S	1.306444
01521495683168	79244.566832	W	0.050311
01521496649148	79244.617143	S	1.124989
01521518248932	79245.742132	W	0.015077
01521518538416	79245.757209	S	0.513074
01521528389440	79246.270283	W	0.013925
01521528656808	79246.284209	S	2.206490
01521571021420	79248.490699	W	0.013220
01521571275248	79248.503919	S	0.791948
01521586480644	79249.295867	W	0.022130
01521586905536	79249.317997	S	0.094373
01521588717492	79249.412369	W	0.017031
01521589044496	79249.429401	S	1.211721
01521612309532	79250.641121	W	0.013552
01521612569724	79250.654673	S	0.805653
01521628038260	79251.460326	W	0.013672
01521628300756	79251.473998	S	0.600803
01521639836168	79252.074800	W	0.012742
01521640080812	79252.087542	S	0.237253
01521644636060	79252.324795	W	0.022230
01521645062884	79252.347025	S	3.003893
01521702737624	79255.350918	W	0.012005
01521702968124	79255.362923	S	3.009327
01521760747212	79258.372251	W	0.013838
01521761012900	79258.386089	S	1.983059
01521799087632	79260.369147	W	0.013203
01521799341132	79260.382351	S	1.004208
01521818621924	79261.386559	W	0.013980
01521818890332	79261.400538	S	2.040778
01521858073268	79263.441316	W	0.013504
01521858332548	79263.454820	S	0.948750
01521876548552	79264.403570	W	0.013965
01521876816688	79264.417536	S	0.150185
01521879700232	79264.567720	W	0.013261
01521879954840	79264.580981	S	1.317776
01521905256148	79265.898758	W	0.013288
01521905511284	79265.912046	S	0.601586
01521917061740	79266.513632	W	0.013351
01521917318072	79266.526983	S	0.008676
01521917484656	79266.535659	W	0.098282
01521919371668	79266.633941	S	0.083766
01521920979980	79266.717707	W	0.083106
01521922575616	79266.800813	S	0.429198
01521930816212	79267.230011	W	0.013266
01521931070920	79267.243277	S	0.184479
01521934612916	79267.427756	W	0.014594
01521934893128	79267.442350	S	1.331276
01521960453628	79268.773626	W	0.014547
01521960732940	79268.788174	S	1.659320
01521992591880	79270.447494	W	0.022255
01521993019172	79270.469749	S	1.120555
01522014533832	79271.590304	W	0.235191
01522019049508	79271.825495	S	0.016107
01522019358756	79271.841602	W	0.061403
01522020537696	79271.903005	S	0.281155
01522025935876	79272.184160	W	0.015472
01522026232936	79272.199632	S	0.456671
01522035001024	79272.656303	W	0.012705
01522035244960	79272.669008	S	0.803722
01522050676420	79273.472730	W	0.012244
01522050911512	79273.484975	S	0.707303
01522064491724	79274.192277	W	0.012597
01522064733588	79274.204874	S	1.529637
01522094102620	79275.734511	W	0.012985
01522094351936	79275.747497	S	0.746770
01522108689928	79276.494267	W	0.013793
01522108954748	79276.508060	S	0.144497
01522111729096	79276.652557	W	0.013555
01522111989352	79276.666112	S	0.045447
01522112861932	79276.711559	W	0.085847
01522114510192	79276.797406	S	0.057967
01522115623160	79276.855373	W	0.084508
01522117245712	79276.939881	S	0.802618
01522132655980	79277.742499	W	0.015421
01522132952064	79277.757920	S	1.757354
01522166693260	79279.515274	W	0.019607
01522167069708	79279.534881	S	0.290279
01522172643072	79279.825160	W	0.013408
01522172900512	79279.838568	S	0.602680
01522184471972	79280.441249	W	0.013361
01522184728500	79280.454609	S	0.395134
01522192315064	79280.849743	W	0.013619
01522192576540	79280.863361	S	0.088264
01522194271216	79280.951626	W	0.013449
01522194529436	79280.965075	S	0.908110
01522211965144	79281.873185	W	0.013475
01522212223864	79281.886660	S	0.650293
01522224709492	79282.536953	W	0.013786
01522224974192	79282.550739	S	0.039254
01522225727868	79282.589993	W	0.013554
01522225988104	79282.603547	S	0.294090
01522231634628	79282.897637	W	0.013499
01522231893800	79282.911135	S	0.088460
01522233592240	79282.999596	W	0.013255
01522233846732	79283.012851	S	0.396358
01522241456800	79283.409208	W	0.013550
01522241716952	79283.422758	S	0.191415
01522245392128	79283.614173	W	0.023070
01522245835072	79283.637243	S	0.081083
01522247391860	79283.718326	W	0.013331
01522247647816	79283.731657	S	1.112703
01522269011712	79284.844360	W	0.014184
01522269284036	79284.858544	S	0.700795
01522282739300	79285.559339	W	0.013881
01522283005816	79285.573220	S	3.006720
01522340734848	79288.579940	W	0.013955
01522341002792	79288.593895	S	0.105405
01522343026576	79288.699301	W	0.013971
01522343294824	79288.713272	S	2.683106
01522394810464	79291.396378	W	0.013724
01522395073956	79291.410102	S	0.190810
01522398737500	79291.600911	W	0.012164
01522398971048	79291.613075	S	1.422773
01522426288288	79293.035848	W	0.012825
01522426534524	79293.048673	S	0.088910
01522428241600	79293.137583	W	0.015428
01522428537824	79293.153012	S	0.497059
01522438081356	79293.650071	W	0.016203
01522438392460	79293.666274	S	0.956731
01522456761700	79294.623005	W	0.013862
01522457027860	79294.636868	S	0.138745
01522459691772	79294.775613	W	0.023610
01522460145088	79294.799223	S	1.103437
01522481331080	79295.902660	W	0.013537
01522481591000	79295.916198	S	1.214605
01522504911408	79297.130803	W	0.013503
01522505170656	79297.144305	S	0.500890
01522514787740	79297.645195	W	0.013874
01522515054120	79297.659069	S	0.086151
01522516708220	79297.745220	W	0.013500
01522516967412	79297.758719	S	0.088893
01522518674156	79297.847612	W	0.013468
01522518932748	79297.861081	S	0.703307
01522532436240	79298.564387	W	0.013580
01522532696976	79298.577967	S	1.830029
01522567833532	79300.407996	W	0.013634
01522568095312	79300.421631	S	0.244493
01522572789580	79300.666124	W	0.013909
01522573056636	79300.680033	S	3.008571
01522630821204	79303.688604	W	0.022824
01522631259416	79303.711428	S	2.329301
01522675982000	79306.040729	W	0.013441
01522676240064	79306.054170	S	0.087660
01522677923140	79306.141830	W	0.016926
01522678248128	79306.158757	S	0.291039
01522683836084	79306.449796	W	0.013336
01522684092144	79306.463132	S	0.088274
01522685787000	79306.551406	W	0.013169
01522686039840	79306.564575	S	0.149668
01522688913456	79306.714243	W	0.013792
01522689178260	79306.728034	S	0.028801
01522689731236	79306.756835	W	0.021540
01522690144804	79306.778375	S	0.138352
01522692801156	79306.916727	W	0.063049
01522694011692	79306.979776	S	0.083880
01522695622196	79307.063656	W	0.013270
01522695876972	79307.076926	S	0.089606
01522697597400	79307.166531	W	0.012737
01522697841948	79307.179268	S	1.215935
01522721187896	79308.395203	W	0.012713
01522721431984	79308.407916	S	1.318501
01522746747208	79309.726417	W	0.012685
01522746990764	79309.739102	S	0.002538
01522747039488	79309.741640	W	0.014860
01522747324792	79309.756500	S	0.001730
01522747358004	79309.758229	W	0.014417
01522747634820	79309.772647	S	0.260624
01522752638792	79310.033270	W	0.013319
01522752894512	79310.046589	S	0.601239
01522764438300	79310.647828	W	0.013464
01522764696808	79310.661292	S	0.396081
01522772301556	79311.057373	W	0.013521
01522772561152	79311.070893	S	0.191174
01522776231688	79311.262067	W	0.013422
01522776489388	79311.275489	S	0.908137
01522793925620	79312.183626	W	0.013549
01522794185752	79312.197175	S	0.088937
01522795893348	79312.286112	W	0.016315
01522796206600	79312.302427	S	0.290794
01522801789844	79312.593221	W	0.013505
01522802049132	79312.606726	S	0.157759
01522805078108	79312.764485	W	0.014053
01522805347932	79312.778538	S	0.121866
01522807687768	79312.900405	W	0.013243
01522807942024	79312.913647	S	0.396578
01522815556324	79313.310225	W	0.021721
01522815973360	79313.331946	S	0.183005
01522819487060	79313.514951	W	0.012666
01522819730248	79313.527617	S	0.601633
01522831281596	79314.129250	W	0.013580
01522831542332	79314.142830	S	0.088941
01522833250000	79314.231771	W	0.023529
01522833701760	79314.255300	S	1.532173
01522863119484	79315.787473	W	0.013073
01522863370476	79315.800546	S	3.008619
01522921135968	79318.809165	W	0.014497
01522921414316	79318.823662	S	1.551124
01522951195900	79320.374786	W	0.012749
01522951440676	79320.387535	S	1.444628
01522979177536	79321.832163	W	0.013955
01522979445468	79321.846118	S	0.272489
01522984677256	79322.118607	W	0.013607
01522984938520	79322.132215	S	2.721046
01523037182608	79324.853261	W	0.013884
01523037449180	79324.867145	S	1.140855
01523059353604	79326.008000	W	0.013615
01523059615020	79326.021616	S	1.010685
01523079020168	79327.032300	W	0.013748
01523079284124	79327.046048	S	0.832644
01523095270888	79327.878692	W	0.013871
01523095537216	79327.892563	S	0.572802
01523106535016	79328.465365	W	0.013331
01523106790972	79328.478696	S	0.530309
01523116972904	79329.009005	W	0.089144
01523118684468	79329.098149	S	0.083709
01523120291676	79329.181858	W	0.084055
01523121905540	79329.265914	S	0.837763
01523137990588	79330.103676	W	0.013575
01523138251236	79330.117252	S	0.097843
01523140129820	79330.215095	W	0.013740
01523140393620	79330.228834	S	0.670302
01523153263416	79330.899136	W	0.013983
01523153531896	79330.913120	S	2.160310
01523195009848	79333.073430	W	0.013628
01523195271512	79333.087058	S	0.293442
01523200905604	79333.380500	W	0.013335
01523201161628	79333.393835	S	0.293855
01523206803644	79333.687690	W	0.013304
01523207059076	79333.700994	S	0.192025
01523210745952	79333.893018	W	0.015341
01523211040508	79333.908360	S	0.013720
01523211303928	79333.922080	W	0.013929
01523211571368	79333.936009	S	0.118928
01523213854784	79334.054937	W	0.235235
01523218371296	79334.290172	S	0.015964
01523218677808	79334.306136	W	0.061859
01523219865508	79334.367995	S	0.974211
01523238570360	79335.342206	W	0.015578
01523238869464	79335.357785	S	1.586879
01523269337544	79336.944664	W	0.014358
01523269613216	79336.959022	S	2.059169
01523309149264	79339.018191	W	0.013410
01523309406744	79339.031601	S	0.143974
01523312171044	79339.175575	W	0.085926
01523313820828	79339.261501	S	0.057905
01523314932612	79339.319407	W	0.084445
01523316553952	79339.403852	S	0.563306
01523327369420	79339.967157	W	0.013815
01523327634660	79339.980972	S	0.055526
01523328700760	79340.036498	W	0.013670
01523328963228	79340.050168	S	0.396006
01523336566548	79340.446174	W	0.012719
01523336810760	79340.458894	S	2.532823
01523385440960	79342.991717	W	0.021370
01523385851260	79343.013086	S	0.095354
01523387682064	79343.108441	W	0.013393
01523387939204	79343.121834	S	0.295747
01523393617540	79343.417580	W	0.013376
01523393874356	79343.430956	S	0.804508
01523409320916	79344.235464	W	0.012856
01523409567744	79344.248320	S	0.088960
01523411275768	79344.337280	W	0.013317
01523411531456	79344.350597	S	0.908289
01523428970600	79345.258885	W	0.013690
01523429233456	79345.272576	S	0.743637
01523443511296	79346.016213	W	0.013887
01523443777932	79346.030101	S	0.047973
01523444699016	79346.078074	W	0.013449
01523444957240	79346.091523	S	0.498576
01523454529892	79346.590099	W	0.013597
01523454790956	79346.603696	S	1.522801
01523484028732	79348.126496	W	0.012940
01523484277180	79348.139436	S	0.001505
01523484306068	79348.140941	W	0.014928
01523484592684	79348.155869	S	0.882835
01523501543108	79349.038704	W	0.013945
01523501810856	79349.052649	S	3.005627
01523559518896	79352.058276	W	0.013690
01523559781748	79352.071966	S	1.993232
01523598051808	79354.065198	W	0.013314
01523598307444	79354.078513	S	1.004157
01523617587264	79355.082670	W	0.014082
01523617857632	79355.096752	S	2.451245
01523664921544	79357.547997	W	0.013668
01523665183972	79357.561665	S	0.395639
01523672780244	79357.957304	W	0.013476
01523673038992	79357.970781	S	0.129741
01523675530020	79358.100522	W	0.013664
01523675792376	79358.114186	S	0.764405
01523690468948	79358.878591	W	0.013474
01523690727648	79358.892065	S	0.088415
01523692425212	79358.980480	W	0.013248
01523692679580	79358.993728	S	1.420392
01523719951112	79360.414120	W	0.013647
01523720213132	79360.427767	S	0.396330
01523727822660	79360.824097	W	0.013523
01523728082300	79360.837620	S	0.191531
01523731759696	79361.029151	W	0.013411
01523732017188	79361.042562	S	0.082230
01523733596012	79361.124792	W	0.014219
01523733869008	79361.139011	S	0.707737
01523747457556	79361.846748	W	0.012541
01523747698344	79361.859289	S	2.291295
01523791691216	79364.150584	W	0.022317
01523792119696	79364.172901	S	1.156275
01523814320184	79365.329176	W	0.012578
01523814561676	79365.341754	S	1.834434
01523849782816	79367.176188	W	0.014529
01523850061776	79367.190717	S	0.084069
01523851675904	79367.274787	W	0.016441
01523851991580	79367.291228	S	0.495791
01523861510772	79367.787019	W	0.017052
01523861838176	79367.804072	S	1.212282
01523885113996	79369.016354	W	0.013264
01523885368668	79369.029618	S	0.350667
01523892101468	79369.380285	W	0.063266
01523893316180	79369.443551	S	0.458179
01523902113216	79369.901730	W	0.015370
01523902408328	79369.917100	S	0.122601
01523904762272	79370.039702	W	0.013323
01523905018072	79370.053025	S	0.140790
01523907721248	79370.193815	W	0.013917
01523907988464	79370.207732	S	2.903990
01523963745076	79373.111723	W	0.013443
01523964003176	79373.125165	S	0.094632
01523965820104	79373.219797	W	0.013752
01523966084140	79373.233549	S	1.108575
01523987368772	79374.342124	W	0.021345
01523987778592	79374.363468	S	1.204707
01524010908968	79375.568175	W	0.012378
01524011146628	79375.580554	S	0.601959
01524022704236	79376.182512	W	0.012460
01524022943460	79376.194972	S	0.048356
01524023871888	79376.243327	W	0.014382
01524024148032	79376.257710	S	0.129653
01524026637368	79376.387363	W	0.012491
01524026877192	79376.399854	S	0.601980
01524038435200	79377.001833	W	0.012465
01524038674536	79377.014299	S	2.251039
01524081894488	79379.265338	W	0.012989
01524082143872	79379.278327	S	0.001437
01524082171460	79379.279764	W	0.013488
01524082430424	79379.293251	S	1.090510
01524103368208	79380.383761	W	0.013353
01524103624580	79380.397114	S	1.902296
01524140148656	79382.299409	W	0.013711
01524140411900	79382.313120	S	2.169281
01524182062096	79384.482401	W	0.013494
01524182321172	79384.495894	S	0.084903
01524183951312	79384.580798	W	0.013354
01524184207716	79384.594152	S	0.733598
01524198292800	79385.327750	W	0.013774
01524198557252	79385.341524	S	2.823227
01524252763212	79388.164751	W	0.013345
01524253019440	79388.178096	S	0.001413
01524253046568	79388.179509	W	0.013594
01524253307576	79388.193103	S	0.158570
01524256352120	79388.351673	W	0.014235
01524256625424	79388.365908	S	0.106723
01524258674508	79388.472631	W	0.013231
01524258928540	79388.485861	S	0.606085
01524270565376	79389.091947	W	0.012852
01524270812128	79389.104798	S	0.386726
01524278237260	79389.491524	W	0.094719
01524280055864	79389.586243	S	0.114078
01524282246160	79389.700321	W	0.083332
01524283846136	79389.783653	S	0.328937
01524290161732	79390.112590	W	0.013530
01524290421516	79390.126121	S	0.598451
01524301911784	79390.724572	W	0.013349
01524302168080	79390.737921	S	0.601049
01524313708216	79391.338970	W	0.013508
01524313967572	79391.352478	S	0.025449
01524314456188	79391.377926	W	0.013656
01524314718384	79391.391583	S	0.275757
01524320012912	79391.667339	W	0.014644
01524320294072	79391.681983	S	0.373648
01524327468112	79392.055631	W	0.013452
01524327726400	79392.069083	S	2.331497
01524372491140	79394.400580	W	0.013851
01524372757072	79394.414431	S	0.312893
01524378764612	79394.727324	W	0.235600
01524383288132	79394.962924	S	0.015727
01524383590092	79394.978651	W	0.072737
01524384986648	79395.051388	S	0.450544
01524393637088	79395.501932	W	0.015503
01524393934752	79395.517435	S	1.906246
01524430534672	79397.423681	W	0.013827
01524430800156	79397.437508	S	2.199956
01524473039320	79399.637465	W	0.013406
01524473296712	79399.650870	S	0.197797
01524477094408	79399.848667	W	0.141246
01524479806340	79399.989914	S	0.016036
01524480114236	79400.005950	W	0.061760
01524481300032	79400.067710	S	0.381947
01524488633420	79400.449657	W	0.011979
01524488863420	79400.461636	S	3.013926
01524546730796	79403.475562	W	0.013836
01524546996456	79403.489399	S	0.137575
01524549637904	79403.626974	W	0.013335
01524549893940	79403.640309	S	1.115119
01524571304232	79404.755429	W	0.013424
01524571561964	79404.768852	S	1.213348
01524594858236	79405.982200	W	0.013336
01524595114292	79405.995536	S	0.510797
01524604921596	79406.506333	W	0.014006
01524605190512	79406.520339	S	0.076240
01524606654312	79406.596579	W	0.013300
01524606909668	79406.609879	S	0.704119
01524620428752	79407.313997	W	0.013385
01524620685752	79407.327383	S	2.203375
01524662990552	79409.530758	W	0.014499
01524663268924	79409.545256	S	3.011053
01524721081148	79412.556310	W	0.023178
01524721526160	79412.579487	S	1.698725
01524754141676	79414.278212	W	0.014878
01524754427336	79414.293090	S	0.904150
01524771787008	79415.197240	W	0.012982
01524772036260	79415.210222	S	0.376575
01524779266500	79415.586797	W	0.014986
01524779554228	79415.601783	S	3.011201
01524837369288	79418.612984	W	0.020917
01524837770892	79418.633901	S	1.786746
01524872076416	79420.420647	W	0.013474
01524872335116	79420.434121	S	0.498523
01524881906764	79420.932644	W	0.013392
01524882163892	79420.946036	S	0.191529
01524885841248	79421.137565	W	0.013434
01524886099180	79421.150999	S	0.489981
01524895506808	79421.640980	W	0.022295
01524895934868	79421.663274	S	0.498320
01524905502612	79422.161594	W	0.013723
01524905766096	79422.175318	S	0.191012
01524909433528	79422.366330	W	0.012666
01524909676716	79422.378996	S	1.727976
01524942853856	79424.106972	W	0.013365
01524943110468	79424.120337	S	0.548287
01524953637576	79424.668624	W	0.013778
01524953902120	79424.682402	S	3.013603
01525011763292	79427.696005	W	0.021780
01525012181464	79427.717785	S	2.326755
01525056855164	79430.044540	W	0.041571
01525057653324	79430.086111	S	0.637920
01525069901392	79430.724031	W	0.022018
01525070324132	79430.746049	S	3.006709
01525128052952	79433.752758	W	0.021789
01525128471300	79433.774547	S	1.699065
01525161093344	79435.473612	W	0.013529
01525161353104	79435.487141	S	1.112659
01525182716148	79436.599799	W	0.013459
01525182974568	79436.613259	S	0.167604
01525186192564	79436.780863	W	0.021462
01525186604636	79436.802325	S	0.207134
01525190581612	79437.009459	W	0.013298
01525190836924	79437.022756	S	0.805891
01525206310024	79437.828647	W	0.013331
01525206565988	79437.841979	S	0.601071
01525218106556	79438.443050	W	0.013559
01525218366888	79438.456609	S	1.353129
01525244346956	79439.809737	W	0.013808
01525244612072	79439.823545	S	0.565682
01525255473168	79440.389227	W	0.013449
01525255731396	79440.402677	S	0.088536
01525257431292	79440.491213	W	0.013221
01525257685128	79440.504434	S	1.830650
01525292833600	79442.335083	W	0.016153
01525293143744	79442.351237	S	0.484347
01525302443200	79442.835583	W	0.013747
01525302707136	79442.849330	S	0.099708
01525304621536	79442.949038	W	0.016285
01525304934216	79442.965324	S	2.441100
01525351803336	79445.406424	W	0.012820
01525352049484	79445.419244	S	0.441082
01525360518268	79445.860326	W	0.022123
01525360943024	79445.882449	S	0.547805
01525371460880	79446.430254	W	0.013250
01525371715280	79446.443504	S	0.089165
01525373427244	79446.532669	W	0.013329
01525373683168	79446.545998	S	0.705084
01525387220784	79447.251083	W	0.013428
01525387478596	79447.264510	S	1.111376
01525408817020	79448.375886	W	0.013471
01525409075672	79448.389358	S	0.088900
01525410782556	79448.478258	W	0.013236
01525411036680	79448.491494	S	0.395922
01525418638384	79448.887416	W	0.013026
01525418888484	79448.900442	S	3.008611
01525476653816	79451.909053	W	0.013836
01525476919464	79451.922889	S	1.173065
01525499442316	79453.095954	W	0.022698
01525499878112	79453.118652	S	0.069995
01525501222008	79453.188646	W	0.013293
01525501477228	79453.201939	S	0.191524
01525505154488	79453.393463	W	0.013264
01525505409156	79453.406727	S	0.294135
01525511056544	79453.700862	W	0.013213
01525511310240	79453.714075	S	0.191576
01525514988504	79453.905651	W	0.013378
01525515245364	79453.919029	S	0.114986
01525517453096	79454.034015	W	0.094236
01525519262428	79454.128251	S	0.084206
01525520879184	79454.212458	W	0.082709
01525522467196	79454.295166	S	0.122736
01525524823724	79454.417902	W	0.013246
01525525078044	79454.431148	S	0.293715
01525530717364	79454.724863	W	0.013407
01525530974788	79454.738270	S	0.187077
01525534566664	79454.925347	W	0.012926
01525534814840	79454.938273	S	0.196195
01525538581784	79455.134468	W	0.013174
01525538834732	79455.147642	S	0.001550
01525538864488	79455.149192	W	0.013330
01525539120416	79455.162522	S	1.302003
01525564118868	79456.464524	W	0.012721
01525564363104	79456.477245	S	0.191929
01525568048144	79456.669174	W	0.012373
01525568285708	79456.681547	S	1.261523
01525592506952	79457.943070	W	0.021654
01525592922712	79457.964725	S	1.273611
01525617376048	79459.238336	W	0.234026
01525621869356	79459.472362	S	0.016546
01525622187044	79459.488909	W	0.065783
01525623450084	79459.554692	S	0.276406
01525628757084	79459.831098	W	0.015409
01525629052940	79459.846507	S	0.611752
01525640798572	79460.458259	W	0.012626
01525641041000	79460.470885	S	0.496226
01525650568536	79460.967111	W	0.012595
01525650810352	79460.979706	S	1.223307
01525674297844	79462.203013	W	0.014462
01525674575508	79462.217474	S	1.779063
01525708733520	79463.996538	W	0.013801
01525708998504	79464.010339	S	0.348695
01525715693440	79464.359033	W	0.168755
01525718933544	79464.527789	S	1.373094
01525745296944	79465.900883	W	0.015515
01525745594836	79465.916398	S	0.277333
01525750919632	79466.193731	W	0.012932
01525751167924	79466.206663	S	0.819149
01525766895592	79467.025812	W	0.013755
01525767159696	79467.039568	S	0.077484
01525768647380	79467.117051	W	0.012631
01525768889892	79467.129682	S	1.214222
01525792202960	79468.343904	W	0.013449
01525792461176	79468.357353	S	0.703340
01525805965308	79469.060693	W	0.013410
01525806222788	79469.074104	S	0.191912
01525809907504	79469.266016	W	0.013236
01525810161628	79469.279251	S	0.088637
01525811863452	79469.367888	W	0.013226
01525812117396	79469.381114	S	0.498734
01525821693088	79469.879848	W	0.013428
01525821950904	79469.893276	S	0.153698
01525824901908	79470.046974	W	0.013880
01525825168408	79470.060855	S	3.001760
01525882802200	79473.062615	W	0.013727
01525883065756	79473.076341	S	3.004352
01525940749316	79476.080694	W	0.021106
01525941154544	79476.101799	S	1.150911
01525963252028	79477.252710	W	0.013098
01525963503512	79477.265808	S	0.806008
01525978978872	79478.071816	W	0.013131
01525979230992	79478.084947	S	1.018781
01525998791596	79479.103729	W	0.013811
01525999056776	79479.117540	S	1.309535
01526024199844	79480.427075	W	0.013093
01526024451224	79480.440168	S	0.806200
01526039930272	79481.246368	W	0.012690
01526040173928	79481.259059	S	0.862741
01526056738556	79482.121800	W	0.013856
01526057004592	79482.135656	S	0.136253
01526059620648	79482.271909	W	0.013051
01526059871232	79482.284960	S	1.418946
01526087114992	79483.703906	W	0.013455
01526087373332	79483.717361	S	0.600938
01526098911344	79484.318299	W	0.013509
01526099170724	79484.331809	S	0.805101
01526114628660	79485.136909	W	0.011932
01526114857756	79485.148841	S	0.091069
01526116606276	79485.239910	W	0.013134
01526116858448	79485.253044	S	2.900881
01526172555360	79488.153925	W	0.014539
01526172834516	79488.168464	S	3.002961
01526230491372	79491.171426	W	0.014090
01526230761896	79491.185515	S	1.836777
01526266028016	79493.022292	W	0.018884
01526266390596	79493.041177	S	1.155429
01526288574832	79494.196606	W	0.013109
01526288826516	79494.209714	S	0.295296
01526294496196	79494.505010	W	0.036423
01526295195520	79494.541433	S	0.799807
01526310551820	79495.341241	W	0.015557
01526310850516	79495.356798	S	1.659081
01526342704876	79497.015879	W	0.013576
01526342965528	79497.029455	S	0.088856
01526344671556	79497.118310	W	0.013353
01526344927940	79497.131664	S	0.090046
01526346656824	79497.221710	W	0.013823
01526346922232	79497.235533	S	0.703835
01526360435864	79497.939368	W	0.013389
01526360692932	79497.952757	S	1.213639
01526383994792	79499.166395	W	0.012879
01526384242068	79499.179274	S	0.806217
01526399721428	79499.985491	W	0.022367
01526400150868	79500.007858	S	0.234823
01526404659472	79500.242681	W	0.013736
01526404923212	79500.256417	S	0.241143
01526409553156	79500.497560	W	0.013360
01526409809676	79500.510921	S	0.191423
01526413484996	79500.702344	W	0.013414
01526413742552	79500.715758	S	2.545312
01526462612544	79503.261070	W	0.014462
01526462890224	79503.275533	S	3.004648
01526520579460	79506.280180	W	0.014566
01526520859132	79506.294746	S	1.781427
01526555062536	79508.076174	W	0.012755
01526555307432	79508.088929	S	0.906915
01526572720208	79508.995844	W	0.013036
01526572970492	79509.008880	S	0.293899
01526578613344	79509.302778	W	0.014336
01526578888592	79509.317114	S	2.929901
01526635142696	79512.247015	W	0.013821
01526635408056	79512.260836	S	0.012794
01526635653708	79512.273631	W	0.013466
01526635912252	79512.287096	S	0.036673
01526636616372	79512.323769	W	0.013830
01526636881900	79512.337599	S	1.064215
01526657314824	79513.401814	W	0.013513
01526657574268	79513.415326	S	1.008647
01526676940292	79514.423974	W	0.013627
01526677201932	79514.437601	S	0.097508
01526679074092	79514.535109	W	0.013760
01526679338280	79514.548869	S	0.694300
01526692668840	79515.243169	W	0.013554
01526692929080	79515.256723	S	0.083620
01526694534588	79515.340343	W	0.013872
01526694800940	79515.354216	S	0.115715
01526697022660	79515.469930	W	0.128766
01526699494964	79515.598696	S	0.015989
01526699801948	79515.614685	W	0.062069
01526700993680	79515.676754	S	0.180824
01526704465496	79515.857578	W	0.013409
01526704722956	79515.870987	S	1.230248
01526728343712	79517.101235	W	0.015561
01526728642488	79517.116796	S	0.380022
01526735938920	79517.496819	W	0.016054
01526736247164	79517.512873	S	0.495959
01526745769580	79518.008832	W	0.016183
01526746080288	79518.025015	S	0.336411
01526752539388	79518.361426	W	0.013432
01526752797292	79518.374859	S	2.090730
01526792939300	79520.465589	W	0.013580
01526793200036	79520.479169	S	0.200103
01526797042012	79520.679271	W	0.235651
01526801566520	79520.914923	S	0.015821
01526801870288	79520.930744	W	0.065250
01526803123080	79520.995994	S	0.385448
01526810523684	79521.381442	W	0.013916
01526810790868	79521.395358	S	2.248671
01526853965344	79523.644028	W	0.013425
01526854223108	79523.657454	S	0.746609
01526868558008	79524.404063	W	0.013834
01526868823624	79524.417897	S	1.381510
01526895348624	79525.799408	W	0.169893
01526898610576	79525.969301	S	1.357258
01526924669932	79527.326559	W	0.012911
01526924917824	79527.339470	S	0.087048
01526926589148	79527.426518	W	0.019478
01526926963124	79527.445996	S	0.701707
01526940435900	79528.147703	W	0.013614
01526940697280	79528.161317	S	1.417855
01526967920104	79529.579172	W	0.013662
01526968182424	79529.592835	S	0.600693
01526979715724	79530.193527	W	0.013516
01526979975236	79530.207044	S	0.191350
01526983649148	79530.398393	W	0.013504
01526983908424	79530.411897	S	0.039511
01526984667028	79530.451408	W	0.013992
01526984935680	79530.465400	S	0.547384
01526995445452	79531.012784	W	0.013543
01526995705484	79531.026327	S	2.447355
01527042694708	79533.473683	W	0.014010
01527042963692	79533.487692	S	0.802051
01527058363080	79534.289744	W	0.016187
01527058673876	79534.305931	S	0.189551
01527062313260	79534.495482	W	0.013447
01527062571448	79534.508930	S	0.192606
01527066269492	79534.701536	W	0.013362
01527066526052	79534.714899	S	0.189279
01527070160216	79534.904178	W	0.013350
01527070416528	79534.917528	S	1.010636
01527089820736	79535.928163	W	0.013580
01527090081464	79535.941743	S	0.553761
01527100713680	79536.495504	W	0.013910
01527100980760	79536.509415	S	1.466919
01527129145600	79537.976333	W	0.021558
01527129559504	79537.997891	S	0.695418
01527142911536	79538.693309	W	0.013517
01527143171060	79538.706826	S	0.497935
01527152731420	79539.204761	W	0.013717
01527152994788	79539.218479	S	0.297249
01527158701960	79539.515727	W	0.013974
01527158970260	79539.529701	S	0.699051
01527172392032	79540.228752	W	0.013363
01527172648596	79540.242114	S	0.089081
01527174358944	79540.331195	W	0.013300
01527174614296	79540.344495	S	0.089147
01527176325924	79540.433642	W	0.013430
01527176583772	79540.447071	S	1.727294
01527209747808	79542.174365	W	0.013550
01527210007964	79542.187915	S	0.088882
01527211714500	79542.276797	W	0.013284
01527211969548	79542.290081	S	0.089629
01527213690428	79542.379710	W	0.013586
01527213951288	79542.393296	S	0.088311
01527215646852	79542.481607	W	0.013366
01527215903476	79542.494973	S	0.041151
01527216693580	79542.536124	W	0.013902
01527216960496	79542.550026	S	0.752363
01527231405860	79543.302389	W	0.013692
01527231668748	79543.316081	S	1.520722
01527260866612	79544.836803	W	0.013609
01527261127904	79544.850412	S	0.600729
01527272661896	79545.451140	W	0.013640
01527272923792	79545.464781	S	0.094679
01527274741620	79545.559459	W	0.013766
01527275005936	79545.573226	S	0.492396
01527284459936	79546.065622	W	0.013477
01527284718692	79546.079099	S	0.191323
01527288392088	79546.270421	W	0.013623
01527288653648	79546.284044	S	0.705911
01527302207148	79546.989956	W	0.013561
01527302467528	79547.003517	S	0.701434
01527315935064	79547.704951	W	0.013470
01527316193680	79547.718421	S	0.088169
01527317886516	79547.806589	W	0.012750
01527318131308	79547.819339	S	0.763461
01527332789764	79548.582800	W	0.013952
01527333057644	79548.596752	S	0.643400
01527345410920	79549.240152	W	0.013452
01527345669196	79549.253604	S	0.001485
01527345697708	79549.255089	W	0.013863
01527345963880	79549.268952	S	2.335668
01527390808700	79551.604620	W	0.013411
01527391066196	79551.618031	S	2.236712
01527434011076	79553.854744	W	0.012729
01527434255464	79553.867472	S	0.761919
01527448884308	79554.629391	W	0.022344
01527449313312	79554.651735	S	1.293339
01527474145412	79555.945074	W	0.035224
01527474821708	79555.980297	S	0.307083
01527480717708	79556.287381	W	0.015646
01527481018112	79556.303027	S	1.350309
01527506944048	79557.653336	W	0.022732
01527507380512	79557.676068	S	0.062778
01527508585852	79557.738846	W	0.012811
01527508831824	79557.751658	S	0.089054
01527510541660	79557.840711	W	0.012776
01527510786956	79557.853487	S	0.806371
01527526269288	79558.659859	W	0.013959
01527526537308	79558.673818	S	0.805710
01527542006944	79559.479528	W	0.013833
01527542272532	79559.493361	S	0.395357
01527549863380	79559.888718	W	0.012843
01527550109964	79559.901561	S	0.601624
01527561661148	79560.503185	W	0.012660
01527561904220	79560.515845	S	0.162034
01527565015272	79560.677879	W	0.014563
01527565294884	79560.692442	S	0.015424
01527565591032	79560.707866	W	0.012858
01527565837904	79560.720724	S	0.703979
01527579354300	79561.424703	W	0.012701
01527579598152	79561.437404	S	0.089764
01527581321616	79561.527167	W	0.012874
01527581568796	79561.540041	S	2.158108
01527623004468	79563.698149	W	0.014302
01527623279064	79563.712451	S	3.009894
01527681069032	79566.722345	W	0.014093
01527681339612	79566.736438	S	0.794004
01527696584488	79567.530442	W	0.013935
01527696852036	79567.544377	S	1.256424
01527720975368	79568.800800	W	0.015943
01527721281480	79568.816744	S	0.926907
01527739078100	79569.743651	W	0.013997
01527739346848	79569.757648	S	3.000211
01527796950908	79572.757860	W	0.013748
01527797214876	79572.771608	S	0.737171
01527811368564	79573.508779	W	0.013301
01527811623940	79573.522080	S	1.010735
01527831030048	79574.532815	W	0.013297
01527831285344	79574.546112	S	0.191841
01527834968700	79574.737953	W	0.013080
01527835219836	79574.751033	S	0.191381
01527838894352	79574.942414	W	0.013248
01527839148704	79574.955662	S	0.293953
01527844792608	79575.249615	W	0.013115
01527845044420	79575.262730	S	0.191884
01527848728596	79575.454614	W	0.013175
01527848981548	79575.467789	S	0.293833
01527854623136	79575.761622	W	0.022747
01527855059884	79575.784369	S	0.101686
01527857012252	79575.886055	W	0.251160
01527861834524	79576.137215	S	0.341239
01527868386308	79576.478454	W	0.013741
01527868650144	79576.492195	S	2.292116
01527912658764	79578.784311	W	0.014072
01527912928944	79578.798382	S	2.297217
01527957035512	79581.095600	W	0.234870
01527961545024	79581.330470	S	0.016008
01527961852372	79581.346478	W	0.065686
01527963113540	79581.412164	S	0.393847
01527970675396	79581.806010	W	0.013788
01527970940120	79581.819798	S	2.445110
01528017886224	79584.264907	W	0.013431
01528018144100	79584.278339	S	0.546638
01528028639556	79584.824977	W	0.013967
01528028907716	79584.838944	S	1.376080
01528055328460	79586.215024	W	0.169979
01528058592056	79586.385003	S	0.651760
01528071105848	79587.036763	W	0.015364
01528071400828	79587.052126	S	0.792678
01528086620240	79587.844804	W	0.013281
01528086875236	79587.858085	S	0.805956
01528102349600	79588.664042	W	0.013323
01528102605404	79588.677365	S	0.089637
01528104326440	79588.767002	W	0.012458
01528104565628	79588.779460	S	1.318153
01528129874160	79590.097613	W	0.013105
01528130125776	79590.110718	S	0.601340
01528141671512	79590.712058	W	0.013329
01528141927436	79590.725387	S	0.138131
01528144579556	79590.863519	W	0.023216
01528145025296	79590.886734	S	0.030126
01528145603716	79590.916860	W	0.013544
01528145863768	79590.930405	S	0.601652
01528157415488	79591.532057	W	0.013042
01528157665896	79591.545099	S	0.089004
01528159374764	79591.634102	W	0.016194
01528159685696	79591.650297	S	0.496217
01528169213068	79592.146514	W	0.015909
01528169518524	79592.162423	S	1.731940
01528202771780	79593.894364	W	0.013365
01528203028396	79593.907729	S	3.007503
01528260772444	79596.915231	W	0.014518
01528261051192	79596.929750	S	2.077375
01528300936792	79599.007125	W	0.012340
01528301173728	79599.019465	S	0.913092
01528318705092	79599.932557	W	0.023845
01528319162920	79599.956402	S	2.940914
01528375628476	79602.897316	W	0.021034
01528376032324	79602.918350	S	0.043823
01528376873724	79602.962173	W	0.013794
01528377138572	79602.975967	S	0.024104
01528377601376	79603.000072	W	0.013316
01528377857044	79603.013388	S	0.811772
01528393443072	79603.825160	W	0.013339
01528393699172	79603.838499	S	1.516955
01528422824700	79605.355453	W	0.012762
01528423069724	79605.368215	S	0.601463
01528434617812	79605.969678	W	0.013326
01528434873676	79605.983004	S	0.191466
01528438549820	79606.174470	W	0.013191
01528438803092	79606.187661	S	0.547902
01528449322812	79606.735563	W	0.078487
01528450829768	79606.814050	S	0.010562
01528451032552	79606.824612	W	0.013541
01528451292536	79606.838153	S	1.142704
01528473232444	79607.980856	W	0.015608
01528473532120	79607.996465	S	0.821348
01528489301996	79608.817812	W	0.199893
01528493139932	79609.017705	S	0.016403
01528493454872	79609.034108	W	0.088029
01528495145028	79609.122137	S	0.101851
01528497100564	79609.223988	W	0.101761
01528499054384	79609.325749	S	0.015822
01528499358160	79609.341571	W	0.162546
01528502479044	79609.504117	S	0.006877
01528502611088	79609.510994	W	0.501824
01528512246116	79610.012819	S	0.016827
01528512569188	79610.029645	W	0.163709
01528515712408	79610.193355	S	0.005877
01528515825256	79610.199232	W	0.060229
01528516981660	79610.259461	S	0.051300
01528517966620	79610.310761	W	1.587679
01528548450064	79611.898441	S	0.105717
01528550479832	79612.004158	W	0.087664
01528552162980	79612.091822	S	0.128872
01528554637324	79612.220694	W	0.085764
01528556283988	79612.306458	S	0.114164
01528558475940	79612.420622	W	0.082897
01528560067560	79612.503519	S	0.128253
01528562530016	79612.631772	W	0.085436
01528564170384	79612.717207	S	0.113104
01528566341980	79612.830311	W	0.082692
01528567929664	79612.913003	S	0.016185
01528568240408	79612.929188	W	0.057839
01528569350912	79612.987027	S	0.041490
01528570147512	79613.028516	W	0.092767
01528571928640	79613.121283	S	0.016948
01528572254036	79613.138231	W	0.061556
01528573435912	79613.199787	S	0.039963
01528574203196	79613.239750	W	0.082597
01528575789052	79613.322346	S	0.016112
01528576098408	79613.338459	W	0.057953
01528577211100	79613.396411	S	0.054350
01528578254624	79613.450762	W	0.085140
01528579889320	79613.535902	S	0.070860
01528581249832	79613.606762	W	0.096391
01528583100540	79613.703153	S	0.016099
01528583409636	79613.719252	W	0.061531
01528584591036	79613.780783	S	0.050783
01528585566076	79613.831566	W	0.456936
01528594339240	79614.288502	S	0.015820
01528594642980	79614.304322	W	0.080800
01528596194348	79614.385122	S	0.083479
01528597797144	79614.468601	W	0.083101
01528599392688	79614.551703	S	0.015879
01528599697568	79614.567582	W	0.064869
01528600943060	79614.632451	S	0.040954
01528601729380	79614.673405	W	0.088272
01528603424196	79614.761677	S	0.016687
01528603744584	79614.778364	W	0.060413
01528604904508	79614.838776	S	0.051184
01528605887248	79614.889961	W	0.157128
01528608904100	79615.047089	S	0.035904
01528609593456	79615.082992	W	0.081797
01528611163968	79615.164790	S	0.016562
01528611481952	79615.181352	W	0.062319
01528612678484	79615.243671	S	0.009071
01528612852648	79615.252742	W	0.113533
01528615032488	79615.366275	S	0.016680
01528615352736	79615.382955	W	0.135609
01528617956436	79615.518564	S	0.016651
01528618276140	79615.535216	W	0.949573
01528636507948	79616.484789	S	0.016821
01528636830912	79616.501610	W	0.073316
01528638238576	79616.574926	S	0.015943
01528638544688	79616.590869	W	0.062678
01528639748100	79616.653547	S	0.016106
01528640057344	79616.669653	W	0.087234
01528641732240	79616.756887	S	0.016000
01528642039440	79616.772888	W	0.069246
01528643368956	79616.842133	S	0.206401
01528647331864	79617.048535	W	0.013646
01528647593868	79617.062181	S	0.005778
01528647704808	79617.067959	W	0.013615
01528647966216	79617.081574	S	0.951085
01528666227056	79618.032659	W	0.014131
01528666498380	79618.046791	S	0.009609
01528666682876	79618.056400	W	0.013583
01528666943676	79618.069983	S	0.144683
01528669721596	79618.214666	W	0.084027
01528671334920	79618.298694	S	0.016075
01528671643552	79618.314768	W	0.063965
01528672871684	79618.378734	S	0.013126
01528673123696	79618.391859	W	0.088756
01528674827816	79618.480615	S	0.289055
01528680377672	79618.769670	W	0.012897
01528680625288	79618.782567	S	0.282667
01528686052496	79619.065234	W	0.013681
01528686315172	79619.078915	S	0.714781
01528700038972	79619.793696	W	0.013351
01528700295316	79619.807048	S	0.267313
01528705427724	79620.074361	W	0.013875
01528705694120	79620.088235	S	0.174529
01528709045076	79620.262764	W	0.085397
01528710684704	79620.348162	S	0.432354
01528718985904	79620.780516	W	0.015314
01528719279932	79620.795830	S	0.021752
01528719697576	79620.817582	W	0.013102
01528719949136	79620.830684	S	0.213919
01528724056388	79621.044604	W	0.013913
01528724323524	79621.058517	S	0.025108
01528724805600	79621.083625	W	0.013508
01528725064948	79621.097133	S	0.539784
01528735428804	79621.636917	W	0.013346
01528735685048	79621.650263	S	0.191934
01528739370176	79621.842197	W	0.013276
01528739625068	79621.855472	S	0.088766
01528741329368	79621.944238	W	0.013332
01528741585348	79621.957570	S	0.135600
01528744188860	79622.093170	W	0.013850
01528744454788	79622.107020	S	0.144278
01528747224916	79622.251298	W	0.013202
01528747478396	79622.264500	S	0.836451
01528763538260	79623.100951	W	0.013866
01528763804480	79623.114817	S	0.944223
01528781933560	79624.059040	W	0.013756
01528782197672	79624.072795	S	0.036600
01528782900384	79624.109395	W	0.013728
01528783163956	79624.123123	S	0.996083
01528802288748	79625.119206	W	0.013624
01528802550336	79625.132830	S	0.999482
01528821740384	79626.132312	W	0.022274
01528822168048	79626.154586	S	0.935887
01528840137072	79627.090473	W	0.021273
01528840545512	79627.111745	S	0.034534
01528841208572	79627.146280	W	0.013999
01528841477356	79627.160279	S	0.271107
01528846682604	79627.431386	W	0.085789
01528848329744	79627.517174	S	0.142080
01528851057688	79627.659255	W	0.014253
01528851331352	79627.673508	S	0.485354
01528860650156	79628.158862	W	0.013857
01528860916204	79628.172719	S	0.531078
01528871112904	79628.703797	W	0.016101
01528871422044	79628.719898	S	0.452048
01528880101364	79629.171946	W	0.013794
01528880366208	79629.185740	S	0.030405
01528880949976	79629.216145	W	0.016554
01528881267812	79629.232699	S	0.884082
01528898242188	79630.116781	W	0.014153
01528898513928	79630.130934	S	0.051745
01528899507440	79630.182679	W	0.013792
01528899772252	79630.196471	S	0.047782
01528900689672	79630.244254	W	0.013285
01528900944752	79630.257539	S	0.856491
01528917389372	79631.114030	W	0.321917
01528923570180	79631.435947	S	0.757160
01528938107648	79632.193107	W	0.013808
01528938372768	79632.206915	S	0.001486
01528938401296	79632.208401	W	0.013559
01528938661624	79632.221960	S	0.920228
01528956329996	79633.142187	W	0.013831
01528956595548	79633.156018	S	0.052082
01528957595528	79633.208100	W	0.013924
01528957862864	79633.222024	S	0.600493
01528969392324	79633.822517	W	0.013477
01528969651088	79633.835994	S	0.382755
01528976999976	79634.218749	W	0.021002
01528977403208	79634.239750	S	0.606816
01528989054068	79634.846566	W	0.012899
01528989301728	79634.859465	S	0.370906
01528996423120	79635.230371	W	0.013867
01528996689376	79635.244238	S	0.892421
01529013823860	79636.136659	W	0.289548
01529019383180	79636.426207	S	0.016057
01529019691476	79636.442264	W	0.061791
01529020877872	79636.504056	S	0.390457
01529028374644	79636.894513	W	0.013406
01529028632044	79636.907919	S	0.191422
01529032307356	79637.099341	W	0.013344
01529032563560	79637.112685	S	0.136573
01529035185764	79637.249259	W	0.022264
01529035613228	79637.271522	S	0.021568
01529036027328	79637.293090	W	0.091146
01529037777324	79637.384236	S	0.022112
01529038201872	79637.406348	W	0.082757
01529039790812	79637.489105	S	0.429435
01529048035956	79637.918539	W	0.013417
01529048293556	79637.931956	S	0.330426
01529054637736	79638.262382	W	0.013763
01529054901980	79638.276145	S	0.907459
01529072325184	79639.183603	W	0.022171
01529072750876	79639.205775	S	0.069293
01529074081292	79639.275067	W	0.013600
01529074342416	79639.288668	S	0.996308
01529093471520	79640.284975	W	0.022170
01529093897176	79640.307145	S	0.991426
01529112932560	79641.298571	W	0.019569
01529113308276	79641.318139	S	0.890035
01529130396940	79642.208174	W	0.014427
01529130673944	79642.222601	S	0.084383
01529132294092	79642.306984	W	0.014365
01529132569900	79642.321349	S	0.306488
01529138454464	79642.627837	W	0.083403
01529140055804	79642.711240	S	0.259103
01529145030584	79642.970343	W	0.015369
01529145325660	79642.985711	S	0.330001
01529151661680	79643.315712	W	0.022157
01529152087096	79643.337870	S	0.990337
01529171101560	79644.328206	W	0.022904
01529171541316	79644.351110	S	0.881248
01529188461276	79645.232358	W	0.014517
01529188740000	79645.246875	S	0.093831
01529190541564	79645.340706	W	0.022596
01529190975412	79645.363303	S	0.136088
01529193588296	79645.499390	W	0.012855
01529193835116	79645.512246	S	0.095305
01529195664976	79645.607551	W	0.110587
01529197788244	79645.718138	S	0.232241
01529202247264	79645.950378	W	0.015389
01529202542728	79645.965767	S	0.386452
01529209962604	79646.352219	W	0.022635
01529210397204	79646.374854	S	0.144429
01529213170248	79646.519284	W	0.012726
01529213414588	79646.532010	S	0.831063
01529229370996	79647.363073	W	0.014630
01529229651896	79647.377703	S	0.277830
01529234986240	79647.655533	W	0.110760
01529237112828	79647.766293	S	0.230698
01529241542236	79647.996991	W	0.015344
01529241836840	79648.012335	S	0.243282
01529246507860	79648.255618	W	0.013870
01529246774160	79648.269488	S	0.106127
01529248811804	79648.375615	W	0.022310
01529249240152	79648.397925	S	0.991312
01529268273344	79649.389237	W	0.013709
01529268536548	79649.402945	S	0.189225
01529272169676	79649.592171	W	0.013339
01529272425776	79649.605509	S	0.795449
01529287698392	79650.400958	W	0.022732
01529288134840	79650.423690	S	0.295374
01529293806012	79650.719063	W	0.013326
01529294061876	79650.732389	S	0.545139
01529304528544	79651.277528	W	0.013896
01529304795344	79651.291424	S	0.124249
01529307180928	79651.415673	W	0.021023
01529307584572	79651.436696	S	0.305856
01529313457000	79651.742552	W	0.013435
01529313714956	79651.755987	S	0.601274
01529325259416	79652.357261	W	0.013295
01529325514688	79652.370557	S	0.003033
01529325572924	79652.373590	W	0.013121
01529325824848	79652.386711	S	0.040030
01529326593420	79652.426741	W	0.013840
01529326859144	79652.440580	S	0.121636
01529329194548	79652.562216	W	0.013275
01529329449428	79652.575491	S	0.088669
01529331151872	79652.664160	W	0.013326
01529331407728	79652.677486	S	0.191197
01529335078704	79652.868683	W	0.085062
01529336711892	79652.953744	S	0.427231
01529344914720	79653.380975	W	0.013317
01529345170408	79653.394292	S	0.043273
01529346001256	79653.437565	W	0.013854
01529346267252	79653.451419	S	0.441525
01529354744524	79653.892944	W	0.015832
01529355048508	79653.908776	S	0.189020
01529358677700	79654.097797	W	0.013417
01529358935304	79654.111214	S	0.196129
01529362700980	79654.307343	W	0.013767
01529362965312	79654.321110	S	0.126494
01529365394000	79654.447604	W	0.013723
01529365657480	79654.461327	S	0.997333
01529384806272	79655.458660	W	0.021369
01529385216564	79655.480029	S	0.992215
01529404267088	79656.472244	W	0.022042
01529404690304	79656.494287	S	0.837972
01529420779368	79657.332259	W	0.022491
01529421211188	79657.354749	S	0.130267
01529423712316	79657.485016	W	0.013819
01529423977640	79657.498835	S	0.997610
01529443131752	79658.496445	W	0.022082
01529443555724	79658.518527	S	0.993902
01529462638644	79659.512429	W	0.021974
01529463060548	79659.534404	S	0.827469
01529478947960	79660.361873	W	0.013461
01529479206420	79660.375334	S	0.150705
01529482099964	79660.526040	W	0.022058
01529482523472	79660.548097	S	0.103453
01529484509772	79660.651551	W	0.028069
01529485048700	79660.679620	S	0.859512
01529501551324	79661.539131	W	0.013846
01529501817176	79661.552978	S	0.998409
01529520986636	79662.551387	W	0.013734
01529521250324	79662.565121	S	0.822767
01529537047444	79663.387888	W	0.021375
01529537457844	79663.409263	S	0.153173
01529540398772	79663.562436	W	0.022769
01529540835940	79663.585205	S	0.957867
01529559226988	79664.543072	W	0.013368
01529559483656	79664.556440	S	0.020187
01529559871248	79664.576628	W	0.022208
01529560297636	79664.598835	S	0.046144
01529561183604	79664.644979	W	0.013359
01529561440104	79664.658339	S	0.908288
01529578879240	79665.566627	W	0.013044
01529579129676	79665.579671	S	0.007386
01529579271480	79665.587056	W	0.014701
01529579553732	79665.601757	S	0.812573
01529595155128	79666.414330	W	0.013925
01529595422492	79666.428255	S	0.171222
01529598709952	79666.599477	W	0.022325
01529599138600	79666.621802	S	0.378372
01529606403344	79667.000174	W	0.013443
01529606661456	79667.013617	S	0.598348
01529618149736	79667.611965	W	0.020365
01529618540752	79667.632331	S	0.084654
01529620166104	79667.716985	W	0.013404
01529620423456	79667.730388	S	0.089104
01529622134260	79667.819493	W	0.013396
01529622391472	79667.832889	S	0.790282
01529637564884	79668.623171	W	0.021792
01529637983296	79668.644963	S	0.790049
01529653152228	79669.435012	W	0.014506
01529653430752	79669.449518	S	0.186665
01529657014720	79669.636183	W	0.013956
01529657282684	79669.650140	S	0.996652
01529676418396	79670.646791	W	0.023099
01529676861904	79670.669891	S	0.992906
01529695925692	79671.662796	W	0.022015
01529696348388	79671.684812	S	0.777363
01529711273760	79672.462175	W	0.013865
01529711539976	79672.476040	S	0.200566
01529715390844	79672.676606	W	0.022044
01529715814096	79672.698651	S	0.990909
01529734839556	79673.689560	W	0.021997
01529735261892	79673.711557	S	0.992779
01529754323244	79674.704336	W	0.021725
01529754740372	79674.726061	S	0.758377
01529769301208	79675.484438	W	0.013684
01529769563940	79675.498122	S	0.219299
01529773774476	79675.717421	W	0.013837
01529774040140	79675.731257	S	0.999670
01529793233800	79676.730927	W	0.021709
01529793650604	79676.752636	S	0.184444
01529797191928	79676.937080	W	0.013389
01529797449004	79676.950469	S	0.792918
01529812673020	79677.743386	W	0.013854
01529812939008	79677.757240	S	0.748914
01529827318152	79678.506154	W	0.022199
01529827744372	79678.528353	S	0.223702
01529832039448	79678.752055	W	0.013786
01529832304136	79678.765840	S	1.652845
01529864038756	79680.418685	W	0.013352
01529864295124	79680.432038	S	0.497025
01529873838004	79680.929063	W	0.013022
01529874088024	79680.942085	S	0.590580
01529885427164	79681.532665	W	0.022289
01529885855104	79681.554953	S	0.498091
01529895418444	79682.053044	W	0.013200
01529895671884	79682.066244	S	0.192124
01529899360656	79682.258368	W	0.013507
01529899619984	79682.271874	S	0.200128
01529903462432	79682.472002	W	0.111572
01529905604612	79682.583574	S	0.188850
01529909230532	79682.772424	W	0.085321
01529910868688	79682.857744	S	0.116557
01529913106580	79682.974301	W	0.092064
01529914874200	79683.066365	S	0.010586
01529915077460	79683.076951	W	0.013333
01529915333456	79683.090284	S	0.088823
01529917038852	79683.179107	W	0.121624
01529919374028	79683.300731	S	0.015439
01529919670464	79683.316170	W	0.094654
01529921487820	79683.410824	S	0.075489
01529922937204	79683.486313	W	0.084440
01529924558452	79683.570753	S	0.120414
01529926870404	79683.691167	W	0.121175
01529929196968	79683.812342	S	0.003362
01529929261516	79683.815704	W	0.061637
01529930444956	79683.877341	S	0.018633
01529930802708	79683.895974	W	0.092329
01529932575420	79683.988303	S	0.016079
01529932884140	79684.004382	W	0.062835
01529934090576	79684.067218	S	0.033541
01529934734556	79684.100758	W	0.083140
01529936330836	79684.183898	S	0.016036
01529936638724	79684.199934	W	0.057807
01529937748612	79684.257740	S	0.302457
01529943555792	79684.560198	W	0.021877
01529943975828	79684.582074	S	0.194460
01529947709452	79684.776534	W	0.013500
01529947968644	79684.790034	S	0.996875
01529967108648	79685.786909	W	0.021617
01529967523700	79685.808526	S	0.033881
01529968174208	79685.842407	W	0.016486
01529968490744	79685.858893	S	0.495488
01529978004112	79686.354381	W	0.016646
01529978323724	79686.371027	S	0.429181
01529986564000	79686.800208	W	0.013488
01529986822972	79686.813696	S	0.772268
01530001650524	79687.585965	W	0.013114
01530001902312	79687.599079	S	0.213698
01530006005320	79687.812777	W	0.020951
01530006407588	79687.833729	S	0.362145
01530013360776	79688.195874	W	0.082509
01530014944948	79688.278383	S	0.255419
01530019848984	79688.533801	W	0.015304
01530020142824	79688.549105	S	0.275226
01530025427160	79688.824331	W	0.022926
01530025867332	79688.847257	S	0.990028
01530044875864	79689.837285	W	0.022981
01530045317096	79689.860265	S	0.756132
01530059834836	79690.616398	W	0.022473
01530060266324	79690.638871	S	0.213123
01530064358280	79690.851994	W	0.024821
01530064834852	79690.876815	S	0.991952
01530083880332	79691.868767	W	0.022681
01530084315812	79691.891449	S	0.990559
01530103334540	79692.882007	W	0.014632
01530103615484	79692.896640	S	0.749405
01530118004052	79693.646044	W	0.013475
01530118262764	79693.659519	S	0.236985
01530122812876	79693.896504	W	0.022332
01530123241656	79693.918836	S	0.989254
01530142235324	79694.908090	W	0.022938
01530142675740	79694.931028	S	0.126752
01530145109380	79695.057780	W	0.013458
01530145367780	79695.071239	S	0.396331
01530152977332	79695.467569	W	0.013351
01530153233680	79695.480921	S	0.295311
01530158903656	79695.776232	W	0.013149
01530159156112	79695.789381	S	0.132101
01530161692452	79695.921482	W	0.022475
01530162123972	79695.943957	S	0.137887
01530164771412	79696.081844	W	0.013367
01530165028052	79696.095211	S	0.090946
01530166774208	79696.186157	W	0.013331
01530167030168	79696.199488	S	0.089295
01530168744628	79696.288783	W	0.014519
01530169023388	79696.303301	S	0.370469
01530176136400	79696.673771	W	0.013697
01530176399392	79696.687468	S	0.247405
01530181149568	79696.934873	W	0.013641
01530181411472	79696.948514	S	0.464626
01530190332288	79697.413140	W	0.013470
01530190590912	79697.426610	S	0.519243
01530200560368	79697.945852	W	0.021542
01530200973972	79697.967394	S	0.162393
01530204091924	79698.129788	W	0.013357
01530204348384	79698.143145	S	0.665566
01530217127260	79698.808711	W	0.084599
01530218751552	79698.893310	S	0.055386
01530219814968	79698.948696	W	0.084317
01530221433860	79699.033014	S	0.664688
01530234195864	79699.697701	W	0.021509
01530234608836	79699.719210	S	0.246291
01530239337616	79699.965501	W	0.021759
01530239755392	79699.987260	S	0.991445
01530258791128	79700.978705	W	0.022461
01530259222384	79701.001166	S	0.992254
01530278273652	79701.993419	W	0.023473
01530278724328	79702.016892	S	0.706740
01530292293744	79702.723632	W	0.013680
01530292556392	79702.737312	S	0.272233
01530297783264	79703.009545	W	0.021593
01530298197848	79703.031138	S	0.013900
01530298464736	79703.045038	W	0.013135
01530298716924	79703.058173	S	0.918344
01530316349132	79703.976517	W	0.361845
01530323296560	79704.338362	S	0.689787
01530336540476	79705.028150	W	0.021737
01530336957836	79705.049887	S	0.697638
01530350352492	79705.747526	W	0.021395
01530350763284	79705.768921	S	0.270399
01530355954940	79706.039320	W	0.013756
01530356219048	79706.053075	S	0.678491
01530369246084	79706.731567	W	0.013286
01530369501176	79706.744853	S	0.304875
01530375354768	79707.049727	W	0.021292
01530375763580	79707.071020	S	0.989809
01530394767904	79708.060828	W	0.012136
01530395000920	79708.072965	S	0.700972
01530408459588	79708.773937	W	0.022390
01530408889472	79708.796327	S	0.273989
01530414150052	79709.070315	W	0.013758
01530414414200	79709.084073	S	0.104724
01530416424892	79709.188796	W	0.087727
01530418109252	79709.276524	S	0.806291
01530433590040	79710.082815	W	0.013949
01530433857868	79710.096764	S	0.998467
01530453028444	79711.095231	W	0.023321
01530453476216	79711.118553	S	0.679273
01530466518252	79711.797826	W	0.013784
01530466782896	79711.811609	S	0.295579
01530472458004	79712.107188	W	0.013772
01530472722424	79712.120960	S	0.345409
01530479354276	79712.466369	W	0.013378
01530479611128	79712.479746	S	0.088475
01530481309848	79712.568221	W	0.013234
01530481563936	79712.581455	S	0.498810
01530491141096	79713.080265	W	0.013319
01530491396812	79713.093584	S	0.027219
01530491919416	79713.120803	W	0.021622
01530492334560	79713.142425	S	0.347930
01530499014824	79713.490355	W	0.013355
01530499271232	79713.503710	S	0.088551
01530500971420	79713.592261	W	0.013317
01530501227104	79713.605578	S	0.191477
01530504903468	79713.797056	W	0.013238
01530505157644	79713.810294	S	0.323702
01530511372720	79714.133996	W	0.013436
01530511630692	79714.147432	S	0.068574
01530512947304	79714.216005	W	0.111334
01530515084916	79714.327339	S	0.391296
01530522597796	79714.718635	W	0.013438
01530522855800	79714.732073	S	0.092705
01530524635744	79714.824778	W	0.013821
01530524901108	79714.838599	S	0.308140
01530530817396	79715.146739	W	0.021138
01530531223244	79715.167877	S	0.369924
01530538325784	79715.537801	W	0.013470
01530538584408	79715.551271	S	0.608903
01530550275352	79716.160175	W	0.023386
01530550724372	79716.183561	S	0.992029
01530569771320	79717.175590	W	0.012075
01530570003156	79717.187664	S	0.669171
01530582851244	79717.856836	W	0.021827
01530583270328	79717.878663	S	0.307411
01530589172620	79718.186074	W	0.013694
01530589435544	79718.199768	S	0.998962
01530608615612	79719.198730	W	0.013994
01530608884288	79719.212723	S	0.216062
01530613032672	79719.428785	W	0.084894
01530614662632	79719.513679	S	0.696600
01530628037360	79720.210279	W	0.022477
01530628468924	79720.232756	S	0.649590
01530640941044	79720.882346	W	0.022897
01530641380672	79720.905243	S	0.318263
01530647491316	79721.223506	W	0.013769
01530647755680	79721.237275	S	0.998423
01530666925400	79722.235698	W	0.022336
01530667354248	79722.258034	S	0.755094
01530681852044	79723.013127	W	0.013399
01530682109312	79723.026527	S	0.221711
01530686366168	79723.248238	W	0.013601
01530686627316	79723.261839	S	0.648987
01530699087860	79723.910826	W	0.022269
01530699515432	79723.933095	S	0.326273
01530705779872	79724.259368	W	0.013709
01530706043088	79724.273077	S	0.070972
01530707405760	79724.344050	W	0.124210
01530709790592	79724.468260	S	0.016290
01530710103364	79724.484550	W	0.082978
01530711696548	79724.567529	S	0.698307
01530725104036	79725.265835	W	0.013352
01530725360396	79725.279187	S	0.089065
01530727070436	79725.368252	W	0.015518
01530727368388	79725.383770	S	0.803648
01530742798428	79726.187418	W	0.013404
01530743055776	79726.200822	S	0.075750
01530744510184	79726.276572	W	0.013935
01530744777740	79726.290507	S	0.644989
01530757161528	79726.935496	W	0.013400
01530757418808	79726.948896	S	0.338814
01530763924028	79727.287710	W	0.013648
01530764186068	79727.301358	S	0.997210
01530783332508	79728.298568	W	0.013660
01530783594784	79728.312228	S	0.995059
01530802699912	79729.307287	W	0.013745
01530802963824	79729.321032	S	0.143002
01530805709460	79729.464034	W	0.085122
01530807343796	79729.549156	S	0.408869
01530815194080	79729.958025	W	0.014167
01530815466084	79729.972192	S	0.345803
01530822105508	79730.317995	W	0.013883
01530822372060	79730.331878	S	0.053988
01530823408624	79730.385866	W	0.013306
01530823664100	79730.399172	S	0.908271
01530841102900	79731.307443	W	0.016393
01530841417644	79731.323836	S	0.004751
01530841508868	79731.328587	W	0.013863
01530841775044	79731.342450	S	0.583825
01530852984476	79731.926275	W	0.013335
01530853240500	79731.939609	S	0.400924
01530860938248	79732.340534	W	0.012930
01530861186496	79732.353463	S	0.184693
01530864732592	79732.538156	W	0.013386
01530864989612	79732.551542	S	0.189257
01530868623352	79732.740800	W	0.013249
01530868877724	79732.754048	S	0.226139
01530873219596	79732.980187	W	0.021958
01530873641196	79733.002146	S	0.346973
01530880303076	79733.349119	W	0.023081
01530880746228	79733.372199	S	0.991204
01530899777344	79734.363403	W	0.014791
01530900061340	79734.378195	S	0.998576
01530919234004	79735.376771	W	0.014533
01530919513040	79735.391304	S	0.611809
01530931259776	79736.003113	W	0.022713
01530931695860	79736.025826	S	0.363733
01530938679528	79736.389559	W	0.014528
01530938958456	79736.404086	S	0.000758
01530938973016	79736.404845	W	0.014194
01530939245540	79736.419039	S	0.989024
01530958234796	79737.408062	W	0.014583
01530958514784	79737.422645	S	0.997731
01530977671216	79738.420376	W	0.023752
01530978127248	79738.444127	S	0.581626
01530989294464	79739.025753	W	0.014616
01530989575100	79739.040370	S	0.396115
01530997180504	79739.436485	W	0.021693
01530997597008	79739.458177	S	0.992656
01531016656012	79740.450834	W	0.021277
01531017064536	79740.472111	S	0.989309
01531036059264	79741.461420	W	0.021587
01531036473736	79741.483007	S	0.563674
01531047296284	79742.046681	W	0.024316
01531047763148	79742.070997	S	0.401620
01531055474256	79742.472617	W	0.021694
01531055890784	79742.494312	S	0.691638
01531069170236	79743.185950	W	0.013430
01531069428092	79743.199380	S	1.875933
01531105446000	79745.075313	W	0.013657
01531105708212	79745.088969	S	0.964111
01531124219140	79746.053080	W	0.013415
01531124476712	79746.066495	S	1.112985
01531145846028	79747.179481	W	0.013539
01531146105980	79747.193020	S	0.907627
01531163532424	79748.100647	W	0.021294
01531163941264	79748.121941	S	0.081597
01531165507932	79748.203538	W	0.013301
01531165763312	79748.216839	S	0.805876
01531181236132	79749.022715	W	0.013449
01531181494348	79749.036164	S	0.088941
01531183202008	79749.125105	W	0.013300
01531183457372	79749.138405	S	0.601125
01531194998980	79749.739530	W	0.013515
01531195258464	79749.753045	S	1.374960
01531221657700	79751.128005	W	0.021772
01531222075724	79751.149777	S	0.023090
01531222519056	79751.172868	W	0.090053
01531224248080	79751.262921	S	0.114685
01531226450032	79751.377606	W	0.084212
01531228066900	79751.461818	S	0.428934
01531236302440	79751.890752	W	0.016925
01531236627404	79751.907677	S	0.494416
01531246120188	79752.402093	W	0.013369
01531246376876	79752.415462	S	0.089274
01531248090928	79752.504736	W	0.018184
01531248440060	79752.522920	S	1.632631
01531279786580	79754.155551	W	0.013639
01531280048456	79754.169190	S	2.945737
01531336606600	79757.114927	W	0.013446
01531336864760	79757.128373	S	0.052346
01531337869800	79757.180719	W	0.013660
01531338132068	79757.194379	S	1.351322
01531364077444	79758.545700	W	0.026207
01531364580612	79758.571907	S	0.448291
01531373187804	79759.020198	W	0.015398
01531373483452	79759.035596	S	0.943627
01531391601084	79759.979223	W	0.036539
01531392302632	79760.015762	S	0.189559
01531395942168	79760.205321	W	0.013504
01531396201440	79760.218825	S	0.091481
01531397957868	79760.310306	W	0.014579
01531398237784	79760.324885	S	0.268685
01531403396536	79760.593570	W	0.084691
01531405022604	79760.678261	S	0.530054
01531415199640	79761.208315	W	0.013403
01531415456984	79761.221718	S	0.118028
01531417723128	79761.339746	W	0.091701
01531419483780	79761.431447	S	0.083899
01531421094648	79761.515346	W	0.087326
01531422771312	79761.602672	S	0.630039
01531434868068	79762.232712	W	0.013462
01531435126532	79762.246174	S	0.088537
01531436826436	79762.334710	W	0.013312
01531437082020	79762.348022	S	0.806037
01531452557932	79763.154059	W	0.013470
01531452816560	79763.167529	S	0.061709
01531454001364	79763.229238	W	0.022270
01531454428948	79763.251508	S	0.312063
01531460420556	79763.563571	W	0.013284
01531460675600	79763.576854	S	0.601036
01531472215500	79764.177891	W	0.013326
01531472471368	79764.191217	S	0.293917
01531478114576	79764.485134	W	0.013548
01531478374692	79764.498682	S	0.498451
01531487944952	79764.997133	W	0.013476
01531488203700	79765.010609	S	0.600676
01531499736676	79765.611285	W	0.122091
01531502080828	79765.733376	S	0.015897
01531502386056	79765.749274	W	0.085545
01531504028524	79765.834819	S	0.420494
01531512102012	79766.255313	W	0.013795
01531512366880	79766.269108	S	0.169939
01531515629716	79766.439048	W	0.363094
01531522601128	79766.802142	S	1.178041
01531545219516	79767.980183	W	0.015571
01531545518480	79767.995754	S	1.285205
01531570194412	79769.280959	W	0.014229
01531570467612	79769.295188	S	1.333704
01531596074720	79770.628892	W	0.084581
01531597698668	79770.713472	S	0.939421
01531615735560	79771.652894	W	0.085195
01531617371296	79771.738088	S	0.570034
01531628315948	79772.308122	W	0.013761
01531628580152	79772.321883	S	0.150470
01531631469168	79772.472353	W	0.013383
01531631726124	79772.485736	S	0.089240
01531633439532	79772.574976	W	0.016218
01531633750912	79772.591193	S	2.747101
01531686495260	79775.338295	W	0.020008
01531686879416	79775.358303	S	0.800955
01531702257752	79776.159258	W	0.013384
01531702514724	79776.172642	S	0.911978
01531720024700	79777.084620	W	0.013357
01531720281156	79777.097977	S	1.266641
01531744600660	79778.364618	W	0.012949
01531744849288	79778.377567	S	0.238572
01531749429868	79778.616139	W	0.013317
01531749685560	79778.629456	S	0.600830
01531761221504	79779.230287	W	0.012830
01531761467832	79779.243116	S	0.293831
01531767109392	79779.536948	W	0.012870
01531767356496	79779.549817	S	0.601656
01531778908284	79780.151473	W	0.012846
01531779154920	79780.164319	S	1.226039
01531802694872	79781.390358	W	0.014590
01531802974992	79781.404948	S	3.011962
01531860804664	79784.416910	W	0.022197
01531861230852	79784.439107	S	3.007878
01531918982112	79787.446985	W	0.012989
01531919231496	79787.459974	S	0.988693
01531938214400	79788.448667	W	0.012885
01531938461784	79788.461551	S	2.016420
01531977177056	79790.477972	W	0.022351
01531977606200	79790.500323	S	1.223222
01532001092068	79791.723545	W	0.023646
01532001546064	79791.747191	S	1.000825
01532020761900	79792.748016	W	0.013382
01532021018840	79792.761398	S	0.605619
01532032646732	79793.367017	W	0.013539
01532032906684	79793.380556	S	0.123831
01532035284232	79793.504387	W	0.013306
01532035539704	79793.517693	S	0.663486
01532048278644	79794.181179	W	0.013359
01532048535136	79794.194538	S	0.191501
01532052211960	79794.386040	W	0.013324
01532052467780	79794.399364	S	0.396758
01532060085536	79794.796122	W	0.012712
01532060329616	79794.808834	S	0.089059
01532062039544	79794.897893	W	0.013394
01532062296716	79794.911287	S	0.089081
01532064007080	79795.000369	W	0.013352
01532064263432	79795.013720	S	0.293867
01532069905672	79795.307587	W	0.013345
01532070161892	79795.320932	S	0.498683
01532079736612	79795.819615	W	0.013382
01532079993544	79795.832997	S	0.703414
01532093499100	79796.536411	W	0.021453
01532093910992	79796.557864	S	3.007520
01532151655380	79799.565384	W	0.013837
01532151921044	79799.579221	S	2.135292
01532192918660	79801.714514	W	0.062638
01532194121312	79801.777152	S	0.762574
01532208762724	79802.539725	W	0.015476
01532209059868	79802.555201	S	0.033455
01532209702212	79802.588657	W	0.013870
01532209968508	79802.602526	S	1.103768
01532231160860	79803.706295	W	0.013476
01532231419604	79803.719771	S	1.895914
01532267821152	79805.615685	W	0.013914
01532268088296	79805.629599	S	1.556897
01532297980712	79807.186495	W	0.013441
01532298238784	79807.199937	S	0.088478
01532299937552	79807.288414	W	0.013290
01532300192716	79807.301704	S	0.807723
01532315701004	79808.109427	W	0.021829
01532316120112	79808.131256	S	0.511413
01532325939232	79808.642668	W	0.013923
01532326206548	79808.656591	S	0.987135
01532345159544	79809.643726	W	0.013381
01532345416460	79809.657107	S	0.601034
01532356956312	79810.258141	W	0.013333
01532357212300	79810.271474	S	0.088952
01532358920176	79810.360426	W	0.013273
01532359175024	79810.373699	S	0.089266
01532360888928	79810.462965	W	0.013310
01532361144480	79810.476275	S	0.089095
01532362855096	79810.565370	W	0.013327
01532363110980	79810.578697	S	0.600904
01532374648344	79811.179601	W	0.013472
01532374907008	79811.193073	S	0.475865
01532384043624	79811.668939	W	0.021416
01532384454808	79811.690355	S	1.742245
01532417905920	79813.432600	W	0.021524
01532418319180	79813.454124	S	0.695218
01532431667364	79814.149342	W	0.016295
01532431980236	79814.165637	S	0.530124
01532442158608	79814.695761	W	0.013648
01532442420656	79814.709409	S	0.668787
01532455261364	79815.378196	W	0.013416
01532455518956	79815.391612	S	0.908185
01532472956116	79816.299798	W	0.013607
01532473217372	79816.313405	S	0.293472
01532478852032	79816.606877	W	0.012717
01532479096200	79816.619594	S	0.192035
01532482783276	79816.811629	W	0.013507
01532483042612	79816.825136	S	0.293883
01532488685172	79817.119019	W	0.013396
01532488942380	79817.132416	S	0.294236
01532494591708	79817.426651	W	0.013263
01532494846364	79817.439915	S	0.279752
01532500217604	79817.719667	W	0.013897
01532500484424	79817.733564	S	1.638040
01532531934800	79819.371604	W	0.013390
01532532191880	79819.384994	S	1.360614
01532558315668	79820.745608	W	0.013775
01532558580140	79820.759382	S	0.978057
01532577358840	79821.737440	W	0.013519
01532577618396	79821.750958	S	0.283917
01532583069596	79822.034875	W	0.016008
01532583376944	79822.050882	S	0.496167
01532592903352	79822.547050	W	0.017414
01532593237700	79822.564464	S	1.005542
01532612544104	79823.570005	W	0.013427
01532612801896	79823.583432	S	0.185953
01532616372192	79823.769385	W	0.014048
01532616641908	79823.783433	S	1.015985
01532636148824	79824.799418	W	0.013348
01532636405100	79824.812766	S	0.804820
01532651857644	79825.617586	W	0.012951
01532652106300	79825.630536	S	0.268831
01532657267864	79825.899368	W	0.085416
01532658907852	79825.984784	S	0.041618
01532659706908	79826.026401	W	0.170124
01532662973284	79826.196525	S	0.137361
01532665610616	79826.333886	W	0.012784
01532665856064	79826.346670	S	0.131390
01532668378756	79826.478060	W	0.015355
01532668673568	79826.493415	S	0.302718
01532674485752	79826.796133	W	0.014368
01532674761616	79826.810501	S	3.009733
01532732548480	79829.820233	W	0.022693
01532732984180	79829.842926	S	1.108378
01532754265032	79830.951304	W	0.234909
01532758775280	79831.186213	S	0.016134
01532759085060	79831.202347	W	0.064732
01532760327920	79831.267079	S	0.277331
01532765652672	79831.544410	W	0.015337
01532765947144	79831.559747	S	1.289740
01532790710160	79832.849488	W	0.014458
01532790987752	79832.863945	S	1.457092
01532818963912	79834.321037	W	0.012757
01532819208856	79834.333795	S	0.174975
01532822568376	79834.508770	W	0.209308
01532826587088	79834.718078	S	0.114704
01532828789396	79834.832781	W	0.141335
01532831503032	79834.974116	S	0.016355
01532831817044	79834.990471	W	0.419943
01532839879952	79835.410414	S	0.008336
01532840039996	79835.418750	W	0.113709
01532842223216	79835.532459	S	0.016074
01532842531844	79835.548534	W	0.091480
01532844288256	79835.640013	S	0.015708
01532844589848	79835.655721	W	0.061520
01532845771036	79835.717241	S	0.160648
01532848855472	79835.877889	W	0.014621
01532849136196	79835.892510	S	0.003989
01532849212788	79835.896499	W	0.014713
01532849495284	79835.911213	S	0.086759
01532851161052	79835.997971	W	0.015489
01532851458436	79836.013460	S	0.151632
01532854369772	79836.165092	W	0.084877
01532855999412	79836.249969	S	0.015925
01532856305168	79836.265894	W	0.061708
01532857489964	79836.327602	S	0.578968
01532868606148	79836.906570	W	0.013867
01532868872392	79836.920437	S	0.986084
01532887805204	79837.906521	W	0.013360
01532888061720	79837.919881	S	0.003346
01532888125964	79837.923227	W	0.013882
01532888392496	79837.937109	S	0.071330
01532889762040	79838.008440	W	0.013374
01532890018816	79838.021813	S	0.878873
01532906893180	79838.900686	W	0.013678
01532907155792	79838.914364	S	0.010124
01532907350172	79838.924488	W	0.032827
01532907980452	79838.957315	S	0.980379
01532926803720	79839.937694	W	0.014042
01532927073328	79839.951736	S	0.104462
01532929078992	79840.056198	W	0.084883
01532930708740	79840.141080	S	0.017805
01532931050592	79840.158885	W	0.013355
01532931307016	79840.172240	S	0.601009
01532942846388	79840.773249	W	0.013297
01532943101696	79840.786547	S	0.161194
01532946196620	79840.947741	W	0.022047
01532946619916	79840.969787	S	0.008139
01532946776192	79840.977927	W	0.013310
01532947031744	79840.991237	S	0.601204
01532958574864	79841.592441	W	0.013408
01532958832304	79841.605849	S	0.323230
01532965038324	79841.929079	W	0.022009
01532965460896	79841.951088	S	0.008795
01532965629752	79841.959883	W	0.013743
01532965893620	79841.973626	S	0.998626
01532985067240	79842.972252	W	0.022369
01532985496720	79842.994621	S	0.992698
01533004556528	79843.987319	W	0.013736
01533004820256	79844.001055	S	0.952294
01533023104300	79844.953349	W	0.022529
01533023536848	79844.975877	S	0.023555
01533023989104	79844.999433	W	0.013627
01533024250736	79845.013059	S	0.995592
01533043366112	79846.008652	W	0.020971
01533043768764	79846.029623	S	0.991496
01533062805488	79847.021119	W	0.013850
01533063071416	79847.034970	S	0.946148
01533081237460	79847.981118	W	0.013735
01533081501164	79847.994852	S	0.037103
01533082213544	79848.031955	W	0.021901
01533082634036	79848.053856	S	0.990208
01533101646028	79849.044064	W	0.013741
01533101909864	79849.057805	S	0.009832
01533102098632	79849.067637	W	0.013192
01533102351916	79849.080829	S	0.089463
01533104069596	79849.170291	W	0.013229
01533104323600	79849.183521	S	0.395912
01533111925108	79849.579433	W	0.088284
01533113620156	79849.667716	S	0.116633
01533115859500	79849.784349	W	0.084808
01533117487812	79849.869157	S	0.186635
01533121071196	79850.055791	W	0.021493
01533121483860	79850.077284	S	0.927194
01533139285988	79851.004479	W	0.013752
01533139550020	79851.018230	S	0.049147
01533140493640	79851.067377	W	0.013774
01533140758108	79851.081151	S	0.997193
01533159904204	79852.078344	W	0.023080
01533160347344	79852.101424	S	0.755398
01533174850980	79852.856822	W	0.013479
01533175109776	79852.870301	S	0.221962
01533179371448	79853.092263	W	0.013780
01533179636032	79853.106043	S	0.778511
01533194583444	79853.884554	W	0.013400
01533194840724	79853.897954	S	0.131066
01533197357184	79854.029020	W	0.022264
01533197784644	79854.051284	S	0.050739
01533198758824	79854.102022	W	0.013773
01533199023260	79854.115795	S	0.997609
01533218177352	79855.113404	W	0.013716
01533218440692	79855.127119	S	0.001573
01533218470892	79855.128692	W	0.013499
01533218730072	79855.142191	S	0.171906
01533222030660	79855.314097	W	0.013374
01533222287440	79855.327471	S	0.601495
01533233836152	79855.928966	W	0.013239
01533234090340	79855.942205	S	0.088658
01533235792576	79856.030863	W	0.013184
01533236045708	79856.044047	S	0.086763
01533237711564	79856.130811	W	0.085502
01533239353200	79856.216312	S	0.531323
01533249554596	79856.747635	W	0.013269
01533249809364	79856.760904	S	0.293652
01533255447480	79857.054556	W	0.013818
01533255712788	79857.068374	S	0.076902
01533257189312	79857.145277	W	0.013925
01533257456680	79857.159202	S	0.996918
01533276597496	79858.156120	W	0.022150
01533277022768	79858.178269	S	0.990276
01533296036076	79859.168546	W	0.013694
01533296299000	79859.182240	S	0.897077
01533313522872	79860.079316	W	0.013430
01533313780732	79860.092746	S	0.085497
01533315422272	79860.178243	W	0.013681
01533315684940	79860.191924	S	0.958721
01533334092388	79861.150645	W	0.122662
01533336447496	79861.273307	S	0.015876
01533336752308	79861.289183	W	0.084866
01533338381744	79861.374049	S	0.817946
01533354086304	79862.191995	W	0.021870
01533354506208	79862.213865	S	0.895624
01533371702184	79863.109489	W	0.022544
01533372135032	79863.132033	S	0.071449
01533373506852	79863.203482	W	0.013728
01533373770428	79863.217210	S	0.996905
01533392911000	79864.214115	W	0.021990
01533393333212	79864.236105	S	0.500578
01533402944308	79864.736683	W	0.013409
01533403201764	79864.750092	S	0.477451
01533412368816	79865.227542	W	0.021852
01533412788372	79865.249394	S	0.099638
01533414701412	79865.349032	W	0.120854
01533417021808	79865.469886	S	0.007021
01533417156616	79865.476907	W	0.061310
01533418333764	79865.538217	S	0.015620
01533418633660	79865.553836	W	0.082707
01533420221632	79865.636543	S	0.100578
01533422152732	79865.737121	W	0.085895
01533423801916	79865.823016	S	0.140419
01533426497960	79865.963435	W	0.088656
01533428200152	79866.052091	S	0.087000
01533429870548	79866.139091	W	0.013946
01533430138320	79866.153038	S	0.015415
01533430434288	79866.168453	W	0.166930
01533433639336	79866.335382	S	0.037739
01533434363920	79866.373121	W	0.088143
01533436056268	79866.461264	S	0.013874
01533436322652	79866.475138	W	0.088088
01533438013936	79866.563226	S	0.015142
01533438304656	79866.578367	W	0.129099
01533440783360	79866.707467	S	0.016021
01533441090956	79866.723487	W	0.100767
01533443025680	79866.824254	S	0.007947
01533443178256	79866.832201	W	0.085509
01533444820024	79866.917710	S	0.016092
01533445129000	79866.933802	W	0.219356
01533449340640	79867.153158	S	0.015849
01533449644940	79867.169007	W	0.144237
01533452414284	79867.313244	S	0.002597
01533452464148	79867.315841	W	0.264275
01533457538232	79867.580116	S	0.015983
01533457845096	79867.596099	W	0.143399
01533460598360	79867.739498	S	0.016064
01533460906784	79867.755562	W	0.077770
01533462399972	79867.833332	S	0.075637
01533463852212	79867.908969	W	0.087716
01533465536360	79867.996685	S	0.016154
01533465846524	79868.012840	W	0.061447
01533467026300	79868.074286	S	0.039572
01533467786084	79868.113859	W	0.083000
01533469379684	79868.196859	S	0.015953
01533469685976	79868.212811	W	0.058522
01533470809592	79868.271333	S	0.457496
01533479593524	79868.728829	W	0.013527
01533479853240	79868.742356	S	0.421413
01533487944372	79869.163769	W	0.021177
01533488350972	79869.184946	S	0.072493
01533489742832	79869.257439	W	0.022579
01533490176352	79869.280018	S	0.474651
01533499289656	79869.754670	W	0.014486
01533499567780	79869.769155	S	0.503370
01533509232492	79870.272526	W	0.022459
01533509663696	79870.294984	S	0.583912
01533520874816	79870.878897	W	0.013507
01533521134152	79870.892404	S	0.392792
01533528675752	79871.285195	W	0.021019
01533529079320	79871.306215	S	0.289768
01533534642860	79871.595982	W	0.012718
01533534887044	79871.608700	S	0.191924
01533538571988	79871.800624	W	0.013444
01533538830104	79871.814068	S	0.372708
01533545986096	79872.186776	W	0.021442
01533546397788	79872.208218	S	0.087707
01533548081760	79872.295925	W	0.014360
01533548357464	79872.310285	S	0.003358
01533548421944	79872.313643	W	0.013325
01533548677788	79872.326968	S	0.292739
01533554298380	79872.619707	W	0.021428
01533554709804	79872.641136	S	0.663845
01533567455632	79873.304981	W	0.021458
01533567867616	79873.326438	S	0.991271
01533586900016	79874.317709	W	0.013807
01533587165112	79874.331516	S	0.001576
01533587195380	79874.333093	W	0.013345
01533587451596	79874.346437	S	0.864331
01533604046752	79875.210768	W	0.022054
01533604470196	79875.232823	S	0.100926
01533606407968	79875.333748	W	0.022194
01533606834088	79875.355942	S	0.028616
01533607383516	79875.384558	W	0.013309
01533607639056	79875.397867	S	0.948083
01533625842240	79876.345950	W	0.014424
01533626119188	79876.360374	S	0.000755
01533626133676	79876.361129	W	0.014741
01533626416700	79876.375870	S	0.987376
01533645374312	79877.363245	W	0.014599
01533645654608	79877.377844	S	0.858248
01533662132976	79878.236092	W	0.014557
01533662412480	79878.250650	S	0.123673
01533664786996	79878.374323	W	0.014576
01533665066848	79878.388898	S	0.995911
01533684188348	79879.384810	W	0.021894
01533684608704	79879.406703	S	0.688914
01533697835844	79880.095617	W	0.012600
01533698077772	79880.108217	S	0.290347
01533703652440	79880.398565	W	0.021157
01533704058660	79880.419722	S	0.843321
01533720250432	79881.263043	W	0.020845
01533720650660	79881.283889	S	0.126186
01533723073424	79881.410074	W	0.014265
01533723347308	79881.424339	S	0.998303
01533742514720	79882.422642	W	0.022134
01533742939700	79882.444776	S	0.730500
01533756965300	79883.175276	W	0.013599
01533757226408	79883.188875	S	1.097789
01533778303948	79884.286664	W	0.021251
01533778711968	79884.307915	S	1.419324
01533805962992	79885.727239	W	0.021360
01533806373096	79885.748599	S	0.676452
01533819360972	79886.425051	W	0.109526
01533821463864	79886.534576	S	0.010949
01533821674084	79886.545525	W	0.083010
01533823267880	79886.628535	S	0.122889
01533825627356	79886.751425	W	0.013329
01533825883264	79886.764753	S	0.088564
01533827583684	79886.853317	W	0.013130
01533827835780	79886.866447	S	0.152814
01533830769800	79887.019260	W	0.015527
01533831067924	79887.034788	S	0.023287
01533831515040	79887.058075	W	0.013130
01533831767132	79887.071205	S	0.239693
01533836369236	79887.310898	W	0.013914
01533836636380	79887.324811	S	0.348238
01533843322548	79887.673049	W	0.013430
01533843580400	79887.686479	S	0.293255
01533849210900	79887.979734	W	0.013302
01533849466300	79887.993036	S	1.727969
01533882643308	79889.721006	W	0.013317
01533882899000	79889.734323	S	0.088603
01533884600180	79889.822926	W	0.013251
01533884854608	79889.836177	S	0.497961
01533894415464	79890.334139	W	0.011937
01533894644652	79890.346076	S	1.278434
01533919190588	79891.624510	W	0.301429
01533924978016	79891.925938	S	0.015929
01533925283860	79891.941868	W	0.061813
01533926470664	79892.003680	S	0.379662
01533933760176	79892.383343	W	0.013601
01533934021316	79892.396944	S	0.959110
01533952436220	79893.356053	W	0.020575
01533952831252	79893.376628	S	1.157264
01533975050712	79894.533891	W	0.013376
01533975307524	79894.547267	S	0.499155
01533984891292	79895.046421	W	0.013348
01533985147568	79895.059769	S	0.088119
01533986839456	79895.147888	W	0.019174
01533987207604	79895.167063	S	0.085866
01533988856236	79895.252929	W	0.013285
01533989111308	79895.266214	S	0.086345
01533990769140	79895.352559	W	0.013603
01533991030316	79895.366162	S	0.294056
01533996676192	79895.660218	W	0.019510
01533997050776	79895.679728	S	0.697806
01534010448644	79896.377534	W	0.013822
01534010714024	79896.391355	S	0.353086
01534017493268	79896.744441	W	0.086406
01534019152268	79896.830847	S	0.057429
01534020254896	79896.888276	W	0.084424
01534021875828	79896.972699	S	0.286644
01534027379388	79897.259343	W	0.015426
01534027675564	79897.274769	S	2.125461
01534068484408	79899.400230	W	0.022184
01534068910336	79899.422413	S	0.128552
01534071378528	79899.550965	W	0.013339
01534071634628	79899.564304	S	0.908394
01534089075792	79900.472697	W	0.013437
01534089333780	79900.486134	S	1.318133
01534114641932	79901.804267	W	0.013431
01534114899804	79901.817698	S	0.607828
01534126570096	79902.425526	W	0.021866
01534126989916	79902.447391	S	0.073177
01534128394912	79902.520568	W	0.013373
01534128651672	79902.533941	S	0.191387
01534132326300	79902.725328	W	0.013375
01534132583100	79902.738703	S	0.498666
01534142157492	79903.237369	W	0.013308
01534142413008	79903.250677	S	0.908276
01534159851908	79904.158954	W	0.013507
01534160111236	79904.172460	S	0.703408
01534173616672	79904.875868	W	0.022847
01534174055328	79904.898715	S	0.181822
01534177546316	79905.080537	W	0.013281
01534177801308	79905.093818	S	0.356893
01534184653656	79905.450711	W	0.013945
01534184921408	79905.464657	S	2.687903
01534236529140	79908.152559	W	0.013347
01534236785404	79908.165906	S	0.310121
01534242739720	79908.476027	W	0.021041
01534243143712	79908.497068	S	3.008857
01534300913760	79911.505925	W	0.013772
01534301178176	79911.519697	S	3.011022
01534358989796	79914.530719	W	0.013842
01534359255560	79914.544560	S	0.161773
01534362361604	79914.706334	W	0.013369
01534362618296	79914.719703	S	0.600885
01534374155288	79915.320588	W	0.013432
01534374413184	79915.334020	S	0.093527
01534376208900	79915.427547	W	0.085544
01534377851336	79915.513090	S	0.114437
01534380048524	79915.627527	W	0.177478
01534383456108	79915.805006	S	0.027345
01534383981132	79915.832351	W	0.121904
01534386321696	79915.954255	S	0.015753
01534386624160	79915.970008	W	0.144509
01534389398728	79916.114517	S	0.127407
01534391844944	79916.241924	W	0.179845
01534395297976	79916.421770	S	0.025028
01534395778516	79916.446798	W	0.090991
01534397525536	79916.537788	S	0.015993
01534397832608	79916.553782	W	0.137168
01534400466232	79916.690950	S	0.016042
01534400774236	79916.706991	W	0.065553
01534402032856	79916.772545	S	0.083761
01534403641060	79916.856305	W	0.083209
01534405238676	79916.939514	S	0.015812
01534405542272	79916.955327	W	0.058031
01534406656476	79917.013358	S	0.016028
01534406964208	79917.029386	W	0.061869
01534408152096	79917.091255	S	0.074134
01534409575476	79917.165389	W	0.013245
01534409829788	79917.178635	S	0.375740
01534417043992	79917.554375	W	0.014247
01534417317532	79917.568621	S	0.011134
01534417531296	79917.579755	W	0.013679
01534417793932	79917.593434	S	0.082352
01534419375084	79917.675786	W	0.012560
01534419616228	79917.688345	S	0.192189
01534423306260	79917.880534	W	0.013348
01534423562536	79917.893882	S	0.601108
01534435103800	79918.494990	W	0.013423
01534435361528	79918.508413	S	0.080441
01534436906000	79918.588854	W	0.014015
01534437175088	79918.602869	S	0.996390
01534456305768	79919.599259	W	0.021973
01534456727652	79919.621232	S	0.957462
01534475110932	79920.578694	W	0.012960
01534475359768	79920.591655	S	0.019949
01534475742780	79920.611603	W	0.023381
01534476191704	79920.634985	S	0.009712
01534476378172	79920.644696	W	0.084752
01534478005420	79920.729449	S	0.384510
01534485388008	79921.113959	W	0.015621
01534485687940	79921.129580	S	0.497661
01534495243032	79921.627241	W	0.024502
01534495713472	79921.651743	S	0.991340
01534514747204	79922.643084	W	0.022501
01534515179228	79922.665585	S	0.936736
01534533164568	79923.602321	W	0.022337
01534533593432	79923.624658	S	0.029532
01534534160452	79923.654190	W	0.023173
01534534605368	79923.677363	S	0.993966
01534553689516	79924.671329	W	0.023134
01534554133680	79924.694463	S	0.989607
01534573134140	79925.684070	W	0.022850
01534573572852	79925.706919	S	0.923348
01534591301140	79926.630268	W	0.014478
01534591579116	79926.644746	S	0.050297
01534592544812	79926.695042	W	0.023496
01534592995936	79926.718538	S	0.893165
01534610144712	79927.611704	W	0.013200
01534610398156	79927.624904	S	0.078766
01534611910472	79927.703670	W	0.014725
01534612193188	79927.718395	S	0.812075
01534627785032	79928.530470	W	0.023386
01534628234036	79928.553856	S	0.165862
01534631418584	79928.719718	W	0.014302
01534631693184	79928.734020	S	0.003319
01534631756904	79928.737339	W	0.013233
01534632010984	79928.750572	S	0.086788
01534633677316	79928.837360	W	0.015491
01534633974740	79928.852851	S	0.087932
01534635663044	79928.940784	W	0.013356
01534635919484	79928.954140	S	0.293611
01534641556824	79929.247751	W	0.012952
01534641805500	79929.260703	S	0.088754
01534643509580	79929.349457	W	0.013289
01534643764728	79929.362746	S	0.089240
01534645478140	79929.451986	W	0.013186
01534645731304	79929.465172	S	0.193128
01534649439368	79929.658300	W	0.022256
01534649866692	79929.680557	S	0.049744
01534650821772	79929.730301	W	0.013683
01534651084492	79929.743984	S	0.194220
01534654813524	79929.938204	W	0.013860
01534655079632	79929.952064	S	0.524022
01534665140856	79930.476086	W	0.012891
01534665388364	79930.488977	S	0.250751
01534670202788	79930.739729	W	0.021241
01534670610608	79930.760969	S	0.992192
01534689660700	79931.753161	W	0.013246
01534689915028	79931.766408	S	0.457799
01534698704776	79932.224207	W	0.015324
01534698999004	79932.239531	S	0.387269
01534706434564	79932.626800	W	0.013259
01534706689128	79932.640059	S	0.043741
01534707528956	79932.683800	W	0.021268
01534707937308	79932.705068	S	0.060425
01534709097468	79932.765493	W	0.013669
01534709359908	79932.779162	S	0.359169
01534716255956	79933.138331	W	0.013319
01534716511672	79933.151650	S	0.088921
01534718218956	79933.240571	W	0.013337
01534718475032	79933.253908	S	0.293870
01534724117336	79933.547778	W	0.013312
01534724372920	79933.561090	S	0.216412
01534728528036	79933.777502	W	0.021448
01534728939832	79933.798950	S	0.260853
01534733948212	79934.059803	W	0.013292
01534734203412	79934.073094	S	0.498635
01534743777204	79934.571729	W	0.013437
01534744035200	79934.585167	S	0.089019
01534745744356	79934.674185	W	0.013444
01534746002472	79934.687629	S	0.102313
01534747966872	79934.789941	W	0.013748
01534748230832	79934.803689	S	0.484907
01534757541048	79935.288596	W	0.013541
01534757801044	79935.302138	S	0.089155
01534759512812	79935.391292	W	0.013257
01534759767348	79935.404549	S	0.306440
01534765650992	79935.710989	W	0.013702
01534765914064	79935.724691	S	0.074485
01534767344172	79935.799176	W	0.011987
01534767574320	79935.811163	S	0.808622
01534783099864	79936.619785	W	0.013381
01534783356772	79936.633165	S	0.089009
01534785065752	79936.722175	W	0.013119
01534785317636	79936.735294	S	0.072856
01534786716468	79936.808149	W	0.014244
01534786989952	79936.822393	S	0.309564
01534792933576	79937.131957	W	0.013489
01534793192572	79937.145446	S	0.191336
01534796866224	79937.336783	W	0.013251
01534797120644	79937.350034	S	0.293798
01534802761560	79937.643831	W	0.013440
01534803019600	79937.657271	S	0.163014
01534806149468	79937.820285	W	0.021968
01534806571248	79937.842253	S	0.108940
01534808662892	79937.951192	W	0.013362
01534808919452	79937.964555	S	0.775007
01534823799588	79938.739562	W	0.013779
01534824064140	79938.753341	S	0.078730
01534825575748	79938.832070	W	0.022791
01534826013344	79938.854862	S	0.992280
01534845065112	79939.847141	W	0.013681
01534845327788	79939.860822	S	0.998470
01534864498420	79940.859293	W	0.022615
01534864932620	79940.881907	S	0.882245
01534881871724	79941.764152	W	0.013589
01534882132624	79941.777741	S	0.093455
01534883926960	79941.871196	W	0.021583
01534884341352	79941.892779	S	0.990620
01534903361248	79942.883398	W	0.022445
01534903792184	79942.905843	S	0.370003
01534910896248	79943.275846	W	0.012839
01534911142760	79943.288685	S	0.609300
01534922841320	79943.897985	W	0.013848
01534923107208	79943.911834	S	0.285783
01534928594248	79944.197617	W	0.013274
01534928849112	79944.210891	S	0.466123
01534937798680	79944.677015	W	0.013761
01534938062888	79944.690775	S	0.095006
01534939887008	79944.785782	W	0.021505
01534940299896	79944.807286	S	0.102490
01534942267696	79944.909776	W	0.013377
01534942524540	79944.923153	S	1.737602
01534975886496	79946.660755	W	0.013430
01534976144360	79946.674185	S	0.902409
01534993470620	79947.576595	W	0.013366
01534993727256	79947.589961	S	0.220702
01534997964740	79947.810664	W	0.013830
01534998230276	79947.824494	S	0.673682
01535011164972	79948.498176	W	0.013191
01535011418236	79948.511366	S	0.429846
01535019671284	79948.941213	W	0.087234
01535021346172	79949.028446	S	0.083926
01535022957548	79949.112372	W	0.083208
01535024555140	79949.195580	S	0.531487
01535034759688	79949.727067	W	0.012796
01535035005372	79949.739863	S	0.191931
01535038690452	79949.931794	W	0.013392
01535038947572	79949.945186	S	0.889335
01535056022808	79950.834521	W	0.014188
01535056295212	79950.848709	S	1.234538
01535079998348	79952.083247	W	0.013479
01535080257152	79952.096727	S	1.628169
01535111518000	79953.724896	W	0.013266
01535111772708	79953.738162	S	0.125510
01535114182500	79953.863672	W	0.013599
01535114443608	79953.877271	S	0.210960
01535118494048	79954.088232	W	0.292408
01535124108288	79954.380640	S	0.016107
01535124417544	79954.396747	W	0.061894
01535125605912	79954.458641	S	0.400666
01535133298708	79954.859308	W	0.015394
01535133594268	79954.874701	S	0.689101
01535146825016	79955.563803	W	0.013310
01535147080560	79955.577113	S	1.310299
01535172238296	79956.887411	W	0.013856
01535172504324	79956.901267	S	1.530558
01535201891028	79958.431824	W	0.015794
01535202194264	79958.447618	S	0.761141
01535216808180	79959.208759	W	0.086085
01535218461016	79959.294845	S	0.057562
01535219566204	79959.352406	W	0.084718
01535221192792	79959.437125	S	0.475979
01535230331592	79959.913104	W	0.013313
01535230587200	79959.926417	S	1.781378
01535264789660	79961.707795	W	0.013372
01535265046404	79961.721167	S	0.908700
01535282493436	79962.629866	W	0.013269
01535282748192	79962.643135	S	0.088684
01535284450924	79962.731819	W	0.013118
01535284702792	79962.744937	S	0.191731
01535288384028	79962.936668	W	0.019716
01535288762576	79962.956384	S	0.697086
01535302146624	79963.653470	W	0.013600
01535302407736	79963.667070	S	0.805571
01535317874704	79964.472641	W	0.013409
01535318132160	79964.486050	S	0.191896
01535321816568	79964.677946	W	0.013279
01535322071528	79964.691225	S	0.088595
01535323772552	79964.779820	W	0.013365
01535324029156	79964.793185	S	0.396342
01535331638928	79965.189527	W	0.013420
01535331896600	79965.202948	S	0.756454
01535346420512	79965.959402	W	0.013984
01535346689012	79965.973386	S	3.007441
01535404431880	79968.980827	W	0.014342
01535404707248	79968.995169	S	0.187805
01535408313112	79969.182975	W	0.017563
01535408650328	79969.200538	S	0.496136
01535418176144	79969.696674	W	0.016560
01535418494100	79969.713234	S	2.288635
01535462435884	79972.001869	W	0.014464
01535462713596	79972.016333	S	1.773751
01535496769612	79973.790084	W	0.020773
01535497168456	79973.810857	S	1.212280
01535520444228	79975.023137	W	0.013669
01535520706664	79975.036805	S	0.392697
01535528246456	79975.429503	W	0.013269
01535528501216	79975.442772	S	0.089847
01535530226272	79975.532618	W	0.013345
01535530482488	79975.545963	S	0.907682
01535547909988	79976.453645	W	0.013273
01535548164828	79976.466918	S	1.010558
01535567567536	79977.477476	W	0.013216
01535567821288	79977.490692	S	0.192065
01535571508928	79977.682757	W	0.013014
01535571758800	79977.695771	S	0.088857
01535573464852	79977.784628	W	0.013175
01535573717820	79977.797803	S	0.250312
01535578523808	79978.048115	W	0.013685
01535578786560	79978.061800	S	0.542072
01535589194352	79978.603872	W	0.025075
01535589675800	79978.628948	S	1.306143
01535614753752	79979.935091	W	0.013345
01535615009968	79979.948436	S	0.601006
01535626549280	79980.549442	W	0.013556
01535626809552	79980.562998	S	0.508737
01535636577308	79981.071735	W	0.013925
01535636844676	79981.085660	S	0.283020
01535642278668	79981.368681	W	0.013153
01535642531204	79981.381834	S	2.714956
01535694658352	79984.096789	W	0.013970
01535694926584	79984.110760	S	3.008401
01535752687880	79987.119160	W	0.013836
01535752953532	79987.132996	S	2.280274
01535796734792	79989.413270	W	0.063405
01535797952160	79989.476675	S	0.666813
01535810754976	79990.143488	W	0.013911
01535811022060	79990.157399	S	0.120103
01535813328040	79990.277502	W	0.013409
01535813585492	79990.290911	S	2.880204
01535868885416	79993.171115	W	0.013248
01535869139780	79993.184364	S	0.472323
01535878208384	79993.656687	W	0.013411
01535878465872	79993.670097	S	1.112974
01535899834968	79994.783071	W	0.013356
01535900091400	79994.796427	S	0.703499
01535913598584	79995.499926	W	0.016781
01535913920772	79995.516707	S	0.597586
01535925394420	79996.114293	W	0.013382
01535925651348	79996.127674	S	0.068020
01535926957328	79996.195694	W	0.013770
01535927221708	79996.209464	S	0.519209
01535937190528	79996.728673	W	0.013431
01535937448408	79996.742105	S	0.293893
01535943091160	79997.035998	W	0.012642
01535943333896	79997.048640	S	0.601662
01535954885816	79997.650303	W	0.013361
01535955142340	79997.663664	S	1.555275
01535985003620	79999.218939	W	0.013870
01535985269928	79999.232809	S	3.009852
01536043059084	80002.242661	W	0.014016
01536043328196	80002.256677	S	3.013367
01536101184836	80005.270044	W	0.013730
01536101448452	80005.283774	S	0.771544
01536116262100	80006.055318	W	0.013532
01536116521912	80006.068850	S	2.226769
01536159275868	80008.295618	W	0.013184
01536159529004	80008.308802	S	3.010859
01536217337504	80011.319662	W	0.013798
01536217602428	80011.333460	S	0.448066
01536226205300	80011.781526	W	0.016313
01536226518508	80011.797839	S	0.598148
01536238002948	80012.395987	W	0.012804
01536238248792	80012.408791	S	0.042965
01536239073728	80012.451757	W	0.167868
01536242296788	80012.619624	S	0.015504
01536242594468	80012.635129	W	0.094381
01536244406592	80012.729510	S	0.485633
01536253730740	80013.215143	W	0.013344
01536253986948	80013.228487	S	0.704542
01536267514148	80013.933029	W	0.013349
01536267770452	80013.946378	S	0.087630
01536269452944	80014.034007	W	0.013195
01536269706280	80014.047202	S	0.299573
01536275458080	80014.346775	W	0.014382
01536275734216	80014.361157	S	1.208323
01536298934024	80015.569480	W	0.012596
01536299175868	80015.582076	S	0.089675
01536300897636	80015.671752	W	0.012799
01536301143380	80015.684551	S	1.688147
01536333555796	80017.372698	W	0.014476
01536333833736	80017.387174	S	0.188666
01536337456124	80017.575840	W	0.311425
01536343435492	80017.887265	S	0.291883
01536349039652	80018.179149	W	0.015345
01536349334268	80018.194493	S	2.205756
01536391684780	80020.400249	W	0.013818
01536391950088	80020.414067	S	0.685885
01536405119084	80021.099952	W	0.013543
01536405379116	80021.113496	S	1.010404
01536424778880	80022.123900	W	0.013607
01536425040136	80022.137507	S	0.559248
01536435777704	80022.696755	W	0.213911
01536439884796	80022.910666	S	0.516205
01536449795940	80023.426872	W	0.013726
01536450059488	80023.440598	S	0.423944
01536458199216	80023.864542	W	0.086301
01536459856196	80023.950844	S	0.118439
01536462130224	80024.069283	W	0.084706
01536463756572	80024.153988	S	1.105058
01536484973684	80025.259046	W	0.015557
01536485272372	80025.274603	S	0.945844
01536503432572	80026.220446	W	0.013437
01536503690568	80026.233884	S	0.088443
01536505388668	80026.322326	W	0.013214
01536505642376	80026.335540	S	0.116970
01536507888192	80026.452510	W	0.013285
01536508143268	80026.465795	S	0.573693
01536519158168	80027.039488	W	0.013409
01536519415616	80027.052897	S	0.600854
01536530952016	80027.653751	W	0.013438
01536531210020	80027.667189	S	0.191142
01536534879940	80027.858330	W	0.013351
01536535136284	80027.871681	S	0.805890
01536550609376	80028.677572	W	0.013361
01536550865908	80028.690933	S	0.293590
01536556502832	80028.984523	W	0.084895
01536558132816	80029.069417	S	0.223006
01536562414540	80029.292424	W	0.013310
01536562670088	80029.305734	S	0.088606
01536564371316	80029.394339	W	0.013335
01536564627356	80029.407675	S	0.067555
01536565924404	80029.475229	W	0.013787
01536566189108	80029.489016	S	0.007746
01536566337824	80029.496762	W	0.013357
01536566594272	80029.510118	S	2.987659
01536623957332	80032.497778	W	0.013822
01536624222712	80032.511600	S	3.009469
01536682004512	80035.521068	W	0.014923
01536682291036	80035.535991	S	0.001166
01536682313428	80035.537158	W	0.012926
01536682561600	80035.550083	S	2.650680
01536733454652	80038.200763	W	0.013742
01536733718508	80038.214506	S	0.331888
01536740090760	80038.546394	W	0.022394
01536740520732	80038.568788	S	3.005075
01536798218172	80041.573863	W	0.022113
01536798642744	80041.595976	S	1.110914
01536819972300	80042.706891	W	0.013474
01536820231004	80042.720365	S	0.088430
01536821928860	80042.808795	W	0.013206
01536822182408	80042.822000	S	0.908907
01536839633416	80043.730907	W	0.013459
01536839891832	80043.744366	S	0.088437
01536841589816	80043.832803	W	0.013427
01536841847608	80043.846230	S	0.703695
01536855358556	80044.549925	W	0.013256
01536855613064	80044.563180	S	0.043076
01536856440124	80044.606256	W	0.013732
01536856703776	80044.619988	S	0.646817
01536869122664	80045.266805	W	0.013469
01536869381264	80045.280274	S	0.088942
01536871088952	80045.369216	W	0.016671
01536871409032	80045.385887	S	0.291749
01536877010608	80045.677636	W	0.012679
01536877254036	80045.690314	S	0.193159
01536880962692	80045.883474	W	0.016529
01536881280040	80045.900002	S	0.186155
01536884854216	80046.086157	W	0.013445
01536885112352	80046.099602	S	0.088580
01536886813092	80046.188182	W	0.013263
01536887067748	80046.201445	S	1.431027
01536914543472	80047.632473	W	0.013737
01536914807228	80047.646210	S	3.013519
01536972666788	80050.659729	W	0.021719
01536973083792	80050.681447	S	0.421722
01536981180852	80051.103169	W	0.016524
01536981498104	80051.119693	S	0.905098
01536998875984	80052.024791	W	0.013336
01536999132044	80052.038127	S	0.089107
01537000842900	80052.127234	W	0.012934
01537001091240	80052.140169	S	1.544300
01537030741804	80053.684469	W	0.013791
01537031006600	80053.698260	S	0.374527
01537038197524	80054.072788	W	0.013503
01537038456776	80054.086290	S	0.088925
01537040164140	80054.175216	W	0.013346
01537040420380	80054.188561	S	0.910134
01537057894960	80055.098696	W	0.013513
01537058154416	80055.112209	S	0.293748
01537063794376	80055.405957	W	0.013226
01537064048324	80055.419184	S	1.288614
01537088789716	80056.707798	W	0.022965
01537089230640	80056.730762	S	1.131016
01537110946148	80057.861779	W	0.013443
01537111204260	80057.875222	S	0.293598
01537116841348	80058.168820	W	0.013096
01537117092784	80058.181916	S	0.294144
01537122740348	80058.476060	W	0.012650
01537122983224	80058.488710	S	0.192900
01537126686896	80058.681609	W	0.013525
01537126946584	80058.695135	S	0.350953
01537133684872	80059.046087	W	0.062797
01537134890568	80059.108884	S	0.279718
01537140261160	80059.388602	W	0.015436
01537140557528	80059.404038	S	0.330515
01537146903420	80059.734553	W	0.014327
01537147178504	80059.748880	S	0.569348
01537158109992	80060.318229	W	0.012737
01537158354536	80060.330965	S	0.704195
01537171875088	80061.035161	W	0.012936
01537172123464	80061.048097	S	0.806199
01537187602480	80061.854296	W	0.012744
01537187847164	80061.867040	S	0.602519
01537199415528	80062.469559	W	0.013265
01537199670216	80062.482824	S	0.191600
01537203348940	80062.674424	W	0.013210
01537203602568	80062.687634	S	0.072738
01537204999132	80062.760371	W	0.022136
01537205424140	80062.782507	S	3.002644
01537263074900	80065.785151	W	0.022376
01537263504524	80065.807527	S	1.687652
01537295907448	80067.495180	W	0.013383
01537296164396	80067.508562	S	1.306987
01537321258544	80068.815549	W	0.019578
01537321634436	80068.835127	S	1.316616
01537346913464	80070.151743	W	0.016259
01537347225644	80070.168002	S	1.673514
01537379357108	80071.841516	W	0.013757
01537379621248	80071.855273	S	0.956719
01537397990252	80072.811992	W	0.013486
01537398249192	80072.825479	S	0.703352
01537411753544	80073.528830	W	0.013386
01537412010548	80073.542216	S	0.191384
01537415685120	80073.733600	W	0.013265
01537415939816	80073.746865	S	0.089958
01537417667012	80073.836824	W	0.012736
01537417911552	80073.849560	S	0.121869
01537420251428	80073.971429	W	0.087884
01537421938800	80074.059313	S	0.083688
01537423545608	80074.143000	W	0.083768
01537425153952	80074.226768	S	0.018881
01537425516472	80074.245650	W	0.013354
01537425772860	80074.259003	S	0.605090
01537437390592	80074.864093	W	0.021381
01537437801108	80074.885474	S	0.383873
01537445171468	80075.269347	W	0.084496
01537446793784	80075.353843	S	0.120652
01537449110312	80075.474495	W	0.013363
01537449366876	80075.487858	S	0.970772
01537468005696	80076.458630	W	0.015534
01537468303948	80076.474164	S	0.126568
01537470734056	80076.600732	W	0.013280
01537470989028	80076.614012	S	0.293993
01537476633700	80076.908005	W	0.013265
01537476888396	80076.921271	S	0.293980
01537482532820	80077.215251	W	0.013377
01537482789652	80077.228628	S	0.657314
01537495410088	80077.885942	W	0.013618
01537495671556	80077.899560	S	0.032460
01537496294780	80077.932020	W	0.013151
01537496547288	80077.945171	S	1.069585
01537517083316	80079.014756	W	0.234185
01537521579668	80079.248941	S	0.016651
01537521899368	80079.265592	W	0.061906
01537523087960	80079.327498	S	0.037844
01537523814556	80079.365341	W	0.083145
01537525410936	80079.448486	S	0.042854
01537526233736	80079.491340	W	0.117908
01537528497572	80079.609249	S	0.016129
01537528807240	80079.625377	W	0.105350
01537530829956	80079.730727	S	0.016020
01537531137540	80079.746747	W	0.061934
01537532326676	80079.808681	S	0.068721
01537533646116	80079.877402	W	0.158061
01537536680884	80080.035463	S	0.015665
01537536981644	80080.051127	W	0.175590
01537540352964	80080.226717	S	0.015781
01537540655952	80080.242498	W	0.190309
01537544309892	80080.432807	S	0.015284
01537544603344	80080.448091	W	0.062316
01537545799820	80080.510407	S	0.083709
01537547407024	80080.594116	W	0.124585
01537549799064	80080.718701	S	0.015793
01537550102288	80080.734494	W	0.083038
01537551696624	80080.817533	S	0.092606
01537553474668	80080.910139	W	0.013834
01537553740272	80080.923972	S	0.004355
01537553823892	80080.928328	W	0.013698
01537554086900	80080.942026	S	0.061683
01537555271212	80081.003709	W	0.530561
01537565457976	80081.534270	S	0.013803
01537565722996	80081.548073	W	0.088566
01537567423460	80081.636639	S	0.014856
01537567708696	80081.651495	W	0.198163
01537571513432	80081.849658	S	0.004877
01537571607068	80081.854535	W	0.139571
01537574286832	80081.994106	S	0.015961
01537574593276	80082.010066	W	0.088613
01537576294640	80082.098679	S	0.005675
01537576403592	80082.104354	W	0.085540
01537578045960	80082.189894	S	0.016076
01537578354624	80082.205970	W	0.160437
01537581435008	80082.366407	S	0.015965
01537581741532	80082.382371	W	0.073543
01537583153560	80082.455915	S	0.083888
01537584764200	80082.539802	W	0.135505
01537587365888	80082.675307	S	0.015877
01537587670720	80082.691183	W	0.136302
01537590287724	80082.827486	S	0.016004
01537590595008	80082.843490	W	0.058510
01537591718408	80082.902000	S	0.047411
01537592628692	80082.949411	W	0.126408
01537595055732	80083.075819	S	0.016001
01537595362944	80083.091820	W	0.242357
01537600016192	80083.334177	S	0.024826
01537600492852	80083.359003	W	0.134099
01537603067556	80083.493102	S	0.015846
01537603371796	80083.508948	W	0.105675
01537605400748	80083.614622	S	0.015747
01537605703096	80083.630370	W	0.061679
01537606887324	80083.692048	S	0.241608
01537611526196	80083.933656	W	0.013824
01537611791608	80083.947480	S	0.016707
01537612112380	80083.964186	W	0.013721
01537612375832	80083.977908	S	0.302708
01537618187824	80084.280616	W	0.084501
01537619810248	80084.365117	S	0.016182
01537620120948	80084.381299	W	0.061575
01537621303184	80084.442874	S	0.533636
01537631548992	80084.976510	W	0.013785
01537631813668	80084.990295	S	0.417192
01537639823760	80085.407487	W	0.015930
01537640129620	80085.423418	S	0.000686
01537640142800	80085.424104	W	0.014376
01537640418812	80085.438480	S	0.079382
01537641942940	80085.517861	W	0.013359
01537642199424	80085.531220	S	0.080933
01537643753344	80085.612153	W	0.016558
01537644071252	80085.628711	S	0.292896
01537649694856	80085.921607	W	0.016056
01537650003132	80085.937663	S	0.051090
01537650984056	80085.988753	W	0.021912
01537651404768	80086.010665	S	0.010951
01537651615020	80086.021616	W	0.013287
01537651870124	80086.034902	S	0.089250
01537653583720	80086.124152	W	0.013153
01537653836256	80086.137305	S	0.093799
01537655637196	80086.231104	W	0.013291
01537655892388	80086.244395	S	0.712024
01537669563240	80086.956419	W	0.013784
01537669827900	80086.970203	S	0.029084
01537670386312	80086.999287	W	0.022793
01537670823928	80087.022080	S	0.228537
01537675211840	80087.250617	W	0.013283
01537675466872	80087.263900	S	0.749203
01537689851564	80088.013102	W	0.024139
01537690315032	80088.037241	S	0.990803
01537709338448	80089.028044	W	0.022194
01537709764576	80089.050238	S	0.248358
01537714533040	80089.298596	W	0.013368
01537714789700	80089.311964	S	0.499001
01537724370520	80089.810965	W	0.013346
01537724626772	80089.824311	S	0.088521
01537726326384	80089.912833	W	0.013205
01537726579920	80089.926038	S	0.057640
01537727686616	80089.983678	W	0.013634
01537727948380	80089.997311	S	0.044021
01537728793584	80090.041332	W	0.013908
01537729060616	80090.055240	S	0.369623
01537736157380	80090.424864	W	0.013290
01537736412556	80090.438154	S	0.396253
01537744020620	80090.834407	W	0.023613
01537744473988	80090.858020	S	0.194665
01537748211564	80091.052686	W	0.013714
01537748474872	80091.066400	S	0.382447
01537755817856	80091.448847	W	0.021524
01537756231116	80091.470371	S	0.388047
01537763681616	80091.858417	W	0.013327
01537763937500	80091.871745	S	0.191006
01537767604812	80092.062751	W	0.020289
01537767994364	80092.083040	S	0.594667
01537779411976	80092.677707	W	0.013263
01537779666628	80092.690970	S	0.191471
01537783342864	80092.882441	W	0.013325
01537783598696	80092.895765	S	0.111564
01537785740732	80093.007330	W	0.013341
01537785996884	80093.020671	S	0.051751
01537786990500	80093.072422	W	0.021473
01537787402784	80093.093895	S	0.402944
01537795139300	80093.496839	W	0.013459
01537795397712	80093.510298	S	0.575162
01537806440824	80094.085460	W	0.013818
01537806706128	80094.099278	S	0.996879
01537825846208	80095.096157	W	0.021778
01537826264352	80095.117935	S	0.324580
01537832496288	80095.442515	W	0.013118
01537832748160	80095.455633	S	0.576564
01537843818188	80096.032197	W	0.022862
01537844257140	80096.055059	S	0.052875
01537845272336	80096.107934	W	0.013727
01537845535896	80096.121661	S	0.998847
01537864713752	80097.120508	W	0.013799
01537864978688	80097.134307	S	0.997367
01537884128136	80098.131674	W	0.013302
01537884383532	80098.144976	S	0.000749
01537884397920	80098.145725	W	0.014325
01537884672964	80098.160050	S	0.908314
01537902112588	80099.068364	W	0.013695
01537902375536	80099.082059	S	0.063205
01537903589068	80099.145264	W	0.013895
01537903855848	80099.159159	S	0.483225
01537913133764	80099.642384	W	0.013596
01537913394800	80099.655979	S	0.497686
01537922950368	80100.153665	W	0.013647
01537923212400	80100.167312	S	0.907115
01537940629000	80101.074427	W	0.013375
01537940885808	80101.087802	S	0.074881
01537942323532	80101.162684	W	0.013572
01537942584116	80101.176256	S	0.919528
01537960239060	80102.095784	W	0.012166
01537960472656	80102.107951	S	0.064772
01537961716284	80102.172723	W	0.014738
01537961999256	80102.187461	S	0.994675
01537981097016	80103.182136	W	0.022668
01537981532248	80103.204805	S	1.452885
01538009427644	80104.657690	W	0.012727
01538009672008	80104.670417	S	0.445783
01538018231044	80105.116200	W	0.014561
01538018510620	80105.130761	S	0.556862
01538029202376	80105.687624	W	0.012607
01538029444428	80105.700231	S	1.312433
01538054643148	80107.012664	W	0.012528
01538054883684	80107.025192	S	0.704248
01538068405240	80107.729440	W	0.012396
01538068643252	80107.741836	S	0.192418
01538072337676	80107.934254	W	0.012511
01538072577880	80107.946765	S	0.184724
01538076124584	80108.131489	W	0.014575
01538076404416	80108.146063	S	0.402696
01538084136176	80108.548759	W	0.012617
01538084378416	80108.561376	S	2.588648
01538134080452	80111.150024	W	0.013808
01538134345556	80111.163831	S	3.016372
01538192259892	80114.180203	W	0.012185
01538192493844	80114.192388	S	0.227000
01538196852240	80114.419388	W	0.036403
01538197551184	80114.455791	S	0.020986
01538197954124	80114.476777	W	0.066878
01538199238184	80114.543655	S	0.314753
01538205281444	80114.858409	W	0.015448
01538205578044	80114.873856	S	0.639098
01538217848728	80115.512955	W	0.012830
01538218095060	80115.525784	S	0.910332
01538235573444	80116.436117	W	0.013355
01538235829852	80116.449471	S	0.760863
01538250438428	80117.210335	W	0.022034
01538250861480	80117.232369	S	2.174486
01538292611616	80119.406855	W	0.016501
01538292928432	80119.423356	S	0.493671
01538302406912	80119.917027	W	0.015515
01538302704804	80119.932542	S	0.291663
01538308304728	80120.224205	W	0.013296
01538308560012	80120.237501	S	0.001438
01538308587624	80120.238939	W	0.013533
01538308847460	80120.252472	S	0.073248
01538310253828	80120.325720	W	0.013326
01538310509684	80120.339046	S	0.805860
01538325982196	80121.144906	W	0.013597
01538326243252	80121.158503	S	1.215131
01538349573768	80122.373634	W	0.013361
01538349830300	80122.386995	S	0.703492
01538363337352	80123.090487	W	0.013454
01538363595664	80123.103941	S	0.158029
01538366629816	80123.261970	W	0.013947
01538366897600	80123.275917	S	0.019372
01538367269548	80123.295289	W	0.013176
01538367522528	80123.308465	S	0.703585
01538381031356	80124.012050	W	0.013135
01538381283556	80124.025185	S	2.264257
01538424757288	80126.289442	W	0.021254
01538425165360	80126.310696	S	2.624514
01538475556020	80128.935209	W	0.013376
01538475812836	80128.948585	S	0.368210
01538482882476	80129.316796	W	0.014154
01538483154236	80129.330950	S	2.159735
01538524621144	80131.490685	W	0.012722
01538524865412	80131.503407	S	0.827364
01538540750804	80132.330771	W	0.013843
01538541016584	80132.344614	S	2.829052
01538595334384	80135.173666	W	0.013501
01538595593608	80135.187167	S	0.162060
01538598705168	80135.349228	W	0.014360
01538598980880	80135.363588	S	0.117238
01538601231848	80135.480825	W	0.013193
01538601485152	80135.494018	S	0.709677
01538615110948	80136.203695	W	0.013239
01538615365144	80136.216935	S	0.083167
01538616961948	80136.300101	W	0.013051
01538617212532	80136.313153	S	1.317095
01538642500764	80137.630248	W	0.013292
01538642755972	80137.643540	S	0.602109
01538654316472	80138.245650	W	0.013267
01538654571200	80138.258917	S	0.088020
01538656261192	80138.346937	W	0.013294
01538656516436	80138.360231	S	0.008938
01538656688040	80138.369169	W	0.014157
01538656959848	80138.383325	S	0.066208
01538658231032	80138.449533	W	0.013377
01538658487876	80138.462910	S	0.025043
01538658968696	80138.487953	W	0.086092
01538660621656	80138.574045	S	0.080839
01538662173760	80138.654883	W	0.085731
01538663819804	80138.740615	S	0.254026
01538668697112	80138.994641	W	0.015447
01538668993688	80139.010088	S	0.361387
01538675932324	80139.371475	W	0.022072
01538676356116	80139.393548	S	1.994801
01538714656304	80141.388349	W	0.013813
01538714921520	80141.402163	S	2.124940
01538755720372	80143.527103	W	0.235435
01538760240724	80143.762538	S	0.015886
01538760545744	80143.778424	W	0.061920
01538761734612	80143.840344	S	0.037150
01538762447884	80143.877494	W	0.084379
01538764067968	80143.961873	S	0.336601
01538770530708	80144.298474	W	0.015553
01538770829316	80144.314027	S	0.097190
01538772695372	80144.411217	W	0.013767
01538772959700	80144.424984	S	2.219404
01538815572248	80146.644388	W	0.013572
01538815832824	80146.657960	S	0.774480
01538830702844	80147.432440	W	0.013951
01538830970712	80147.446391	S	0.015319
01538831264836	80147.461710	W	0.013268
01538831519584	80147.474978	S	0.295090
01538837185308	80147.770068	W	0.013622
01538837446860	80147.783691	S	1.008980
01538856819276	80148.792671	W	0.085129
01538858453744	80148.877799	S	0.025854
01538858950140	80148.903653	W	0.112632
01538861112684	80149.016286	S	0.402058
01538868832204	80149.418344	W	0.015303
01538869126012	80149.433646	S	1.019999
01538888710000	80150.453646	W	0.014493
01538888988264	80150.468139	S	0.065168
01538890239484	80150.533306	W	0.012844
01538890486092	80150.546151	S	0.088985
01538892194612	80150.635136	W	0.012845
01538892441244	80150.647981	S	0.908870
01538909891544	80151.556851	W	0.014290
01538910165920	80151.571142	S	1.214461
01538933483564	80152.785602	W	0.012775
01538933728852	80152.798378	S	0.676018
01538946708400	80153.474396	W	0.014429
01538946985440	80153.488825	S	0.115980
01538949212252	80153.604805	W	0.012741
01538949456884	80153.617546	S	0.601716
01538961009840	80154.219263	W	0.012765
01538961254928	80154.232027	S	1.216087
01538984603800	80155.448115	W	0.012884
01538984851176	80155.460999	S	1.035704
01539004736692	80156.496703	W	0.014566
01539005016368	80156.511269	S	2.112229
01539045571168	80158.623498	W	0.013567
01539045831660	80158.637066	S	0.396060
01539053436020	80159.033126	W	0.013411
01539053693512	80159.046537	S	0.191377
01539057367944	80159.237914	W	0.023541
01539057819940	80159.261455	S	0.259014
01539062793012	80159.520469	W	0.013753
01539063057076	80159.534223	S	0.010843
01539063265256	80159.545065	W	0.012991
01539063514688	80159.558057	S	0.090432
01539065250988	80159.648489	W	0.012800
01539065496756	80159.661289	S	0.133355
01539068057164	80159.794644	W	0.013807
01539068322252	80159.808451	S	0.658300
01539080961604	80160.466750	W	0.013439
01539081219624	80160.480189	S	1.933724
01539118347116	80162.413912	W	0.014440
01539118624360	80162.428352	S	0.119156
01539120912152	80162.547508	W	0.013739
01539121175940	80162.561247	S	2.331713
01539165944820	80164.892959	W	0.028017
01539166482740	80164.920976	S	0.312848
01539172489424	80165.233824	W	0.015263
01539172782472	80165.249087	S	0.330741
01539179132708	80165.579829	W	0.014644
01539179413868	80165.594472	S	0.308624
01539185339444	80165.903096	W	0.028849
01539185893352	80165.931945	S	0.312929
01539191901580	80166.244874	W	0.015468
01539192198556	80166.260341	S	0.144476
01539194972488	80166.404817	W	0.012805
01539195218352	80166.417622	S	2.035066
01539234291616	80168.452688	W	0.012867
01539234538664	80168.465555	S	0.136043
01539237150696	80168.601599	W	0.014699
01539237432916	80168.616298	S	0.143534
01539240188768	80168.759832	W	0.012943
01539240437272	80168.772775	S	0.294280
01539246087444	80169.067054	W	0.012874
01539246334616	80169.079928	S	0.808804
01539261863644	80169.888731	W	0.013102
01539262115212	80169.901834	S	0.086941
01539263784480	80169.988775	W	0.013092
01539264035852	80170.001867	S	0.916467
01539281632012	80170.918334	W	0.028964
01539282188116	80170.947298	S	0.312689
01539288191740	80171.259986	W	0.015306
01539288485616	80171.275292	S	0.349037
01539295187128	80171.624330	W	0.012473
01539295426604	80171.636802	S	0.195157
01539299173624	80171.831960	W	0.023326
01539299621480	80171.855285	S	0.073846
01539301039332	80171.929132	W	0.039302
01539301793924	80171.968434	S	0.302378
01539307599572	80172.270811	W	0.015434
01539307895896	80172.286245	S	0.672303
01539320804108	80172.958547	W	0.013229
01539321058104	80172.971776	S	1.420375
01539348329308	80174.392151	W	0.013167
01539348582112	80174.405318	S	0.241599
01539353220820	80174.646918	W	0.014600
01539353501132	80174.661517	S	0.856839
01539369952432	80175.518356	W	0.013652
01539370214560	80175.532008	S	2.139362
01539411290320	80177.671371	W	0.014633
01539411571276	80177.686004	S	1.016610
01539431090196	80178.702614	W	0.022132
01539431515132	80178.724746	S	0.241375
01539436149536	80178.966122	W	0.057663
01539437256660	80179.023784	S	0.182599
01539440762552	80179.206383	W	0.012964
01539441011452	80179.219346	S	0.088747
01539442715388	80179.308093	W	0.015414
01539443011336	80179.323507	S	0.188575
01539446631980	80179.512082	W	0.013716
01539446895320	80179.525798	S	0.498050
01539456457880	80180.023848	W	0.012932
01539456706180	80180.036780	S	0.658196
01539469343540	80180.694976	W	0.023560
01539469795884	80180.718536	S	2.377959
01539515452696	80183.096495	W	0.022111
01539515877228	80183.118606	S	0.079780
01539517409008	80183.198386	W	0.013036
01539517659296	80183.211422	S	0.505801
01539527370680	80183.717223	W	0.014590
01539527650812	80183.731813	S	0.390236
01539535143344	80184.122049	W	0.013062
01539535394136	80184.135111	S	1.213584
01539558694944	80185.348695	W	0.012931
01539558943212	80185.361626	S	0.601566
01539570493280	80185.963192	W	0.013057
01539570743980	80185.976249	S	0.191730
01539574425192	80186.167979	W	0.013275
01539574680076	80186.181254	S	0.568847
01539585601944	80186.750101	W	0.014821
01539585886508	80186.764922	S	0.017397
01539586220528	80186.782319	W	0.013254
01539586475012	80186.795574	S	2.978754
01539643667096	80189.774328	W	0.014506
01539643945612	80189.788834	S	0.585287
01539655183132	80190.374121	W	0.014804
01539655467364	80190.388925	S	2.407990
01539701700768	80192.796915	W	0.014679
01539701982596	80192.811594	S	0.831841
01539717953936	80193.643434	W	0.021606
01539718368780	80193.665041	S	0.490177
01539727780176	80194.155217	W	0.018359
01539728132676	80194.173577	S	0.186458
01539731712672	80194.360035	W	0.013446
01539731970836	80194.373481	S	1.010465
01539751371772	80195.383946	W	0.012823
01539751617976	80195.396770	S	0.089968
01539753345360	80195.486738	W	0.013331
01539753601308	80195.500068	S	0.320037
01539759746028	80195.820106	W	0.014805
01539760030292	80195.834911	S	0.573240
01539771036496	80196.408151	W	0.022126
01539771461312	80196.430277	S	0.080546
01539773007788	80196.510822	W	0.016806
01539773330468	80196.527629	S	0.597759
01539784807436	80197.125387	W	0.032477
01539785431000	80197.157865	S	0.313060
01539791441756	80197.470925	W	0.015269
01539791734920	80197.486194	S	0.560162
01539802490028	80198.046356	W	0.012713
01539802734120	80198.059069	S	0.081326
01539804295588	80198.140395	W	0.036710
01539805000412	80198.177105	S	0.307985
01539810913732	80198.485090	W	0.015386
01539811209152	80198.500477	S	0.349625
01539817921960	80198.850102	W	0.015058
01539818211072	80198.865160	S	0.207401
01539822193176	80199.072561	W	0.012314
01539822429600	80199.084875	S	1.214418
01539845746424	80200.299293	W	0.012649
01539845989288	80200.311942	S	0.660974
01539858679992	80200.972916	W	0.089353
01539860395568	80201.062269	S	0.055793
01539861466796	80201.118062	W	0.079819
01539862999316	80201.197881	S	0.022742
01539863435968	80201.220623	W	0.012580
01539863677512	80201.233204	S	0.222485
01539867949228	80201.455689	W	0.015424
01539868245364	80201.471113	S	0.397800
01539875883128	80201.868913	W	0.014572
01539876162904	80201.883485	S	0.054103
01539877201676	80201.937587	W	0.012584
01539877443288	80201.950171	S	1.224296
01539900949768	80203.174467	W	0.028050
01539901488324	80203.202517	S	0.313653
01539907510464	80203.516170	W	0.015976
01539907817196	80203.532146	S	0.556140
01539918495076	80204.088285	W	0.022784
01539918932528	80204.111069	S	0.073970
01539920352756	80204.185039	W	0.034174
01539921008892	80204.219213	S	0.074250
01539922434488	80204.293463	W	0.012821
01539922680656	80204.306284	S	0.089033
01539924390080	80204.395317	W	0.022270
01539924817656	80204.417586	S	0.109324
01539926916672	80204.526910	W	0.015449
01539927213296	80204.542359	S	0.356581
01539934059660	80204.898941	W	0.022845
01539934498276	80204.921785	S	1.068145
01539955006660	80205.989930	W	0.234374
01539959506648	80206.224305	S	0.016297
01539959819560	80206.240602	W	0.086330
01539961477088	80206.326932	S	0.013603
01539961738260	80206.340534	W	0.147822
01539964576452	80206.488357	S	0.016483
01539964892916	80206.504839	W	0.061005
01539966064212	80206.565844	S	0.280999
01539971459400	80206.846844	W	0.015678
01539971760420	80206.862522	S	1.069071
01539992286576	80207.931592	W	0.022386
01539992716380	80207.953978	S	1.256191
01540016835252	80209.210169	W	0.016846
01540017158700	80209.227016	S	0.902621
01540034489016	80210.129636	W	0.013647
01540034751036	80210.143283	S	0.817269
01540050442592	80210.960552	W	0.014796
01540050726672	80210.975348	S	0.280303
01540056108492	80211.255651	W	0.084244
01540057725968	80211.339894	S	0.120665
01540060042740	80211.460559	W	0.083774
01540061651208	80211.544334	S	0.254148
01540066530844	80211.798481	W	0.015542
01540066829244	80211.814023	S	1.489942
01540095436136	80213.303965	W	0.013137
01540095688360	80213.317102	S	0.675142
01540108651096	80213.992245	W	0.014850
01540108936216	80214.007095	S	0.220629
01540113172300	80214.227724	W	0.013359
01540113428800	80214.241083	S	1.213365
01540136725404	80215.454448	W	0.013256
01540136979912	80215.467704	S	0.805917
01540152453520	80216.273621	W	0.013301
01540152708892	80216.286921	S	0.089136
01540154420296	80216.376057	W	0.013136
01540154672512	80216.389193	S	0.601170
01540166214968	80216.990363	W	0.012950
01540166463612	80217.003313	S	0.012442
01540166702500	80217.015755	W	0.022762
01540167139524	80217.038517	S	3.008996
01540224912244	80220.047513	W	0.014154
01540225183992	80220.061666	S	3.009881
01540282973700	80223.071547	W	0.013855
01540283239720	80223.085402	S	1.489583
01540311839716	80224.574985	W	0.013718
01540312103100	80224.588703	S	1.511256
01540341119212	80226.099959	W	0.022077
01540341543084	80226.122036	S	2.030963
01540380537572	80228.152999	W	0.013692
01540380800456	80228.166690	S	0.961823
01540399267448	80229.128513	W	0.013835
01540399533088	80229.142348	S	0.036590
01540400235620	80229.178939	W	0.013382
01540400492552	80229.192320	S	0.087074
01540402164376	80229.279395	W	0.013163
01540402417108	80229.292558	S	1.318029
01540427723256	80230.610586	W	0.013458
01540427981648	80230.624044	S	0.600922
01540439519356	80231.224966	W	0.013326
01540439775220	80231.238293	S	0.191443
01540443450920	80231.429735	W	0.013151
01540443703428	80231.442887	S	0.707715
01540457291560	80232.150602	W	0.013789
01540457556304	80232.164391	S	0.084601
01540459180640	80232.248992	W	0.013088
01540459431936	80232.262080	S	2.904726
01540515202684	80235.166806	W	0.013397
01540515459908	80235.180204	S	3.005777
01540573170824	80238.185980	W	0.020701
01540573568292	80238.206682	S	1.415616
01540600748120	80239.622298	W	0.013503
01540601007376	80239.635801	S	0.088454
01540602705696	80239.724255	W	0.014302
01540602980292	80239.738557	S	1.472376
01540631249920	80241.210933	W	0.012983
01540631499188	80241.223916	S	0.297355
01540637208400	80241.521271	W	0.035470
01540637889416	80241.556740	S	1.300114
01540662851612	80242.856855	W	0.015457
01540663148380	80242.872311	S	0.640627
01540675448416	80243.512938	W	0.013270
01540675703208	80243.526209	S	0.705646
01540689251612	80244.231855	W	0.013044
01540689502060	80244.244899	S	0.496837
01540699041324	80244.741736	W	0.016940
01540699366568	80244.758675	S	1.211045
01540722618640	80245.969721	W	0.012601
01540722860576	80245.982322	S	0.499335
01540732447804	80246.481656	W	0.012657
01540732690816	80246.494313	S	0.294586
01540738346872	80246.788900	W	0.012582
01540738588452	80246.801482	S	0.448734
01540747204140	80247.250216	W	0.021486
01540747616672	80247.271702	S	0.131602
01540750143432	80247.403304	W	0.012742
01540750388076	80247.416046	S	2.856032
01540805223896	80250.272078	W	0.014465
01540805501616	80250.286543	S	1.527119
01540834822308	80251.813662	W	0.014739
01540835105300	80251.828401	S	1.466449
01540863261120	80253.294850	W	0.013906
01540863528124	80253.308756	S	0.649269
01540875994096	80253.958026	W	0.013234
01540876248188	80253.971260	S	0.004271
01540876330200	80253.975531	W	0.013656
01540876592400	80253.989188	S	0.992650
01540895651284	80254.981838	W	0.013280
01540895906260	80254.995118	S	1.320569
01540921261184	80256.315687	W	0.021189
01540921668012	80256.336876	S	2.740745
01540974290324	80259.077621	W	0.012479
01540974529924	80259.090100	S	0.089430
01540976246980	80259.179530	W	0.012449
01540976486000	80259.191979	S	0.147373
01540979315556	80259.339352	W	0.014173
01540979587684	80259.353525	S	0.646386
01540991998288	80259.999911	W	0.012496
01540992238220	80260.012407	S	1.214686
01541015560188	80261.227093	W	0.012330
01541015796924	80261.239423	S	0.909245
01541033254424	80262.148668	W	0.012343
01541033491416	80262.161011	S	0.199056
01541037313300	80262.360068	W	0.014640
01541037594392	80262.374708	S	0.000319
01541037600520	80262.375027	W	0.014450
01541037877960	80262.389477	S	0.114356
01541040073592	80262.503833	W	0.084205
01541041690336	80262.588038	S	0.072611
01541043084476	80262.660650	W	0.080532
01541044630696	80262.741182	S	0.022096
01541045054940	80262.763278	W	0.013351
01541045311276	80262.776629	S	0.221457
01541049563256	80262.998086	W	0.014980
01541049850880	80263.013067	S	0.775845
01541064747112	80263.788912	W	0.013281
01541065002116	80263.802194	S	1.010082
01541084395692	80264.812276	W	0.013294
01541084650932	80264.825569	S	0.566724
01541095532028	80265.392293	W	0.022218
01541095958612	80265.414511	S	2.272803
01541139596428	80267.687314	W	0.235054
01541144109472	80267.922368	S	0.016087
01541144418348	80267.938456	W	0.066710
01541145699184	80268.005166	S	0.411057
01541153591480	80268.416223	W	0.013461
01541153849940	80268.429684	S	1.196219
01541176817340	80269.625903	W	0.015758
01541177119896	80269.641661	S	0.495383
01541186631248	80270.137044	W	0.018985
01541186995768	80270.156030	S	1.005009
01541206291940	80271.161039	W	0.013370
01541206548640	80271.174408	S	0.261902
01541211577168	80271.436311	W	0.013972
01541211845428	80271.450283	S	1.358478
01541237928204	80272.808761	W	0.135644
01541240532568	80272.944405	S	0.016039
01541240840516	80272.960444	W	0.062208
01541242034916	80273.022652	S	0.554670
01541252684588	80273.577322	W	0.015530
01541252982756	80273.592852	S	0.867221
01541269633404	80274.460073	W	0.014064
01541269903428	80274.474137	S	0.578594
01541281012428	80275.052731	W	0.013366
01541281269060	80275.066097	S	0.088546
01541282969140	80275.154643	W	0.013316
01541283224812	80275.167959	S	0.805899
01541298698072	80275.973858	W	0.013740
01541298961872	80275.987598	S	0.600672
01541310494780	80276.588270	W	0.013418
01541310752408	80276.601688	S	0.703433
01541324258324	80277.305121	W	0.013562
01541324518708	80277.318683	S	0.165499
01541327696280	80277.484181	W	0.013656
01541327958468	80277.497837	S	0.524023
01541338019708	80278.021860	W	0.013594
01541338280716	80278.035454	S	2.477913
01541385856644	80280.513367	W	0.013779
01541386121200	80280.527146	S	3.012572
01541443962588	80283.539718	W	0.013754
01541444226664	80283.553472	S	3.017527
01541502163188	80286.570999	W	0.013654
01541502425344	80286.584653	S	3.011045
01541560237416	80289.595699	W	0.013491
01541560496444	80289.609190	S	1.110301
01541581814224	80290.719491	W	0.013479
01541582073028	80290.732970	S	0.910295
01541599550696	80291.643265	W	0.013396
01541599807908	80291.656662	S	0.961720
01541618272932	80292.618382	W	0.014530
01541618551900	80292.632911	S	0.031267
01541619152228	80292.664179	W	0.012831
01541619398584	80292.677010	S	0.704003
01541632915444	80293.381013	W	0.012666
01541633158632	80293.393679	S	0.397437
01541640789428	80293.791116	W	0.022950
01541641230072	80293.814066	S	0.283723
01541646677560	80294.097790	W	0.012928
01541646925776	80294.110718	S	1.533882
01541676376308	80295.644599	W	0.022815
01541676814360	80295.667415	S	3.002475
01541734461872	80298.669889	W	0.021815
01541734880712	80298.691704	S	0.834414
01541750901460	80299.526118	W	0.013427
01541751159264	80299.539545	S	0.190900
01541754824552	80299.730445	W	0.013144
01541755076916	80299.743589	S	0.294047
01541760722620	80300.037636	W	0.013222
01541760976492	80300.050859	S	0.294343
01541766627868	80300.345201	W	0.013212
01541766881544	80300.358414	S	1.337337
01541792558420	80301.695751	W	0.013177
01541792811412	80301.708928	S	0.174673
01541796165128	80301.883600	W	0.013425
01541796422884	80301.897025	S	1.101951
01541817580352	80302.998977	W	0.041869
01541818384244	80303.040846	S	1.255628
01541842492296	80304.296474	W	0.015459
01541842789104	80304.311933	S	0.405232
01541850569560	80304.717165	W	0.022492
01541851001408	80304.739657	S	1.955264
01541888542468	80306.694920	W	0.016451
01541888858320	80306.711371	S	0.495916
01541898379912	80307.207287	W	0.016066
01541898688376	80307.223353	S	0.522477
01541908719928	80307.745830	W	0.021329
01541909129436	80307.767158	S	0.565160
01541919980508	80308.332318	W	0.013296
01541920235784	80308.345614	S	0.703514
01541933743256	80309.049128	W	0.013390
01541934000344	80309.062518	S	0.498603
01541943573520	80309.561121	W	0.013351
01541943829868	80309.574472	S	0.703430
01541957335728	80310.277903	W	0.013533
01541957595564	80310.291436	S	0.478775
01541966788048	80310.770211	W	0.014398
01541967064480	80310.784608	S	0.517811
01541977006456	80311.302420	W	0.023727
01541977462020	80311.326147	S	1.922334
01542014370828	80313.248481	W	0.013072
01542014621812	80313.261553	S	0.532781
01542024851208	80313.794334	W	0.013829
01542025116716	80313.808162	S	0.669273
01542037966760	80314.477435	W	0.012876
01542038213988	80314.490312	S	2.329664
01542082943532	80316.819976	W	0.021617
01542083358576	80316.841593	S	1.218718
01542106757956	80318.060310	W	0.013708
01542107021148	80318.074018	S	0.769707
01542121799516	80318.843725	W	0.061213
01542122974804	80318.904938	S	0.752314
01542137419232	80319.657252	W	0.015312
01542137713216	80319.672563	S	0.172140
01542141018304	80319.844703	W	0.014120
01542141289408	80319.858823	S	1.478275
01542169672284	80321.337098	W	0.013377
01542169929124	80321.350475	S	1.010683
01542189334244	80322.361159	W	0.013631
01542189595960	80322.374790	S	0.493260
01542199066552	80322.868050	W	0.013875
01542199332948	80322.881924	S	0.707918
01542212924980	80323.589843	W	0.012959
01542213173792	80323.602802	S	0.601490
01542224722408	80324.204292	W	0.012960
01542224971248	80324.217253	S	0.294246
01542230620776	80324.511499	W	0.013016
01542230870692	80324.524515	S	0.467557
01542239847780	80324.992072	W	0.084725
01542241474504	80325.076797	S	0.048882
01542242413044	80325.125679	W	0.083002
01542244006680	80325.208681	S	0.683270
01542257125460	80325.891951	W	0.013720
01542257388888	80325.905671	S	3.008618
01542315154348	80328.914289	W	0.012118
01542315387012	80328.926407	S	1.224396
01542338895420	80330.150803	W	0.235188
01542343411024	80330.385991	S	0.016124
01542343720608	80330.402115	W	0.066939
01542345005840	80330.469054	S	0.707974
01542358598948	80331.177029	W	0.015373
01542358894108	80331.192401	S	0.692072
01542372181900	80331.884474	W	0.021831
01542372601048	80331.906305	S	0.029516
01542373167760	80331.935821	W	0.013819
01542373433084	80331.949640	S	0.754234
01542387914376	80332.703874	W	0.013225
01542388168292	80332.717099	S	2.238256
01542431142800	80334.955354	W	0.011939
01542431372024	80334.967293	S	0.303806
01542437205100	80335.271099	W	0.171792
01542440503516	80335.442891	S	0.742239
01542454754500	80336.185130	W	0.013285
01542455009572	80336.198415	S	1.115548
01542476428096	80337.313963	W	0.013477
01542476686856	80337.327440	S	0.653321
01542489230628	80337.980762	W	0.021141
01542489636536	80338.001903	S	0.640876
01542501941364	80338.642779	W	0.013575
01542502202004	80338.656354	S	0.599938
01542513720816	80339.256292	W	0.012713
01542513964900	80339.269005	S	0.192059
01542517652428	80339.461064	W	0.012905
01542517900212	80339.473969	S	0.703841
01542531413956	80340.177810	W	0.012861
01542531660888	80340.190671	S	0.192006
01542535347404	80340.382677	W	0.013224
01542535601304	80340.395901	S	0.606701
01542547249960	80341.002602	W	0.022031
01542547672948	80341.024633	S	0.382221
01542555011600	80341.406854	W	0.012741
01542555256220	80341.419595	S	1.011123
01542574669784	80342.430718	W	0.012706
01542574913740	80342.443424	S	1.583833
01542605323332	80344.027257	W	0.021700
01542605739968	80344.048957	S	0.020650
01542606136448	80344.069607	W	0.012749
01542606381224	80344.082355	S	0.499416
01542615970020	80344.581772	W	0.012902
01542616217744	80344.594674	S	0.499390
01542625806036	80345.094064	W	0.013211
01542626059696	80345.107276	S	1.945175
01542663407056	80347.052451	W	0.013840
01542663672784	80347.066291	S	0.495241
01542673181420	80347.561532	W	0.013299
01542673436752	80347.574831	S	0.079388
01542674961004	80347.654219	W	0.013311
01542675216572	80347.667530	S	0.294052
01542680862376	80347.961582	W	0.013447
01542681120564	80347.975029	S	1.010209
01542700516576	80348.985238	W	0.013348
01542700772856	80348.998586	S	0.498579
01542710345568	80349.497165	W	0.021365
01542710755780	80349.518530	S	0.557661
01542721462868	80350.076191	W	0.022449
01542721893880	80350.098640	S	0.013008
01542722143628	80350.111647	W	0.013343
01542722399812	80350.124990	S	0.396153
01542730005944	80350.521143	W	0.013415
01542730263516	80350.534558	S	0.088977
01542731971876	80350.623535	W	0.013237
01542732226028	80350.636772	S	0.908437
01542749668016	80351.545209	W	0.013431
01542749925892	80351.558640	S	1.010524
01542769327956	80352.569164	W	0.013529
01542769587720	80352.582694	S	0.088883
01542771294280	80352.671577	W	0.013374
01542771551056	80352.684951	S	0.089527
01542773269984	80352.774478	W	0.013298
01542773525300	80352.787776	S	0.088653
01542775227440	80352.876429	W	0.012611
01542775469576	80352.889040	S	0.212304
01542779545808	80353.101344	W	0.013669
01542779808244	80353.115013	S	0.580692
01542790957536	80353.695705	W	0.013375
01542791214340	80353.709080	S	0.191208
01542794885536	80353.900288	W	0.013373
01542795142296	80353.913661	S	0.396446
01542802754060	80354.310107	W	0.013418
01542803011680	80354.323525	S	0.294186
01542808660060	80354.617711	W	0.013699
01542808923072	80354.631410	S	0.497783
01542818480496	80355.129192	W	0.013371
01542818737228	80355.142564	S	0.089366
01542820453064	80355.231930	W	0.013253
01542820707512	80355.245183	S	0.088783
01542822412144	80355.333966	W	0.013374
01542822668932	80355.347340	S	0.191790
01542826351300	80355.539130	W	0.013890
01542826617996	80355.553021	S	0.292754
01542832238880	80355.845775	W	0.026305
01542832743932	80355.872080	S	0.076067
01542834204428	80355.948147	W	0.026274
01542834708892	80355.974421	S	0.152292
01542837632892	80356.126713	W	0.022541
01542838065684	80356.149254	S	0.618568
01542849942192	80356.767822	W	0.013262
01542850196820	80356.781084	S	1.728353
01542883381200	80358.509438	W	0.013560
01542883641556	80358.522998	S	0.628065
01542895700404	80359.151063	W	0.013754
01542895964480	80359.164817	S	3.011701
01542953789144	80362.176518	W	0.014112
01542954060092	80362.190630	S	0.106543
01542956105716	80362.297173	W	0.021560
01542956519660	80362.318732	S	0.287264
01542962035120	80362.605996	W	0.021734
01542962452408	80362.627730	S	0.591902
01542973816924	80363.219631	W	0.015908
01542974122360	80363.235540	S	0.086111
01542975775684	80363.321650	W	0.013199
01542976029096	80363.334849	S	0.397594
01542983662900	80363.732443	W	0.016466
01542983979044	80363.748909	S	1.452183
01543011860964	80365.201092	W	0.021213
01543012268248	80365.222305	S	0.044411
01543013120932	80365.266715	W	0.013303
01543013376344	80365.280018	S	0.139318
01543016051248	80365.419336	W	0.036455
01543016751192	80365.455791	S	1.142180
01543038681044	80366.597971	W	0.013421
01543038938736	80366.611392	S	1.010590
01543058342060	80367.621982	W	0.013564
01543058602484	80367.635546	S	0.293670
01543064240956	80367.929216	W	0.013325
01543064496788	80367.942541	S	0.282247
01543069915932	80368.224788	W	0.013361
01543070172468	80368.238149	S	0.715473
01543083909556	80368.953623	W	0.013348
01543084165832	80368.966970	S	0.088644
01543085867792	80369.055614	W	0.013276
01543086122688	80369.068890	S	0.601583
01543097673076	80369.670473	W	0.013572
01543097933660	80369.684045	S	0.293226
01543103563604	80369.977271	W	0.013400
01543103820876	80369.990671	S	0.498555
01543113393132	80370.489226	W	0.013333
01543113649128	80370.502559	S	0.744170
01543127937184	80371.246728	W	0.013728
01543128200752	80371.260456	S	3.005641
01543185909064	80374.266097	W	0.013769
01543186173420	80374.279866	S	0.415963
01543194159908	80374.695829	W	0.014660
01543194441384	80374.710489	S	2.580433
01543243985704	80377.290922	W	0.013585
01543244246536	80377.304507	S	0.664372
01543257002480	80377.968879	W	0.013336
01543257258532	80377.982215	S	2.332484
01543302042220	80380.314699	W	0.013794
01543302307064	80380.328493	S	1.629495
01543333593376	80381.957988	W	0.013425
01543333851132	80381.971413	S	0.912659
01543351374176	80382.884072	W	0.013419
01543351631820	80382.897491	S	0.445049
01543360176764	80383.342540	W	0.021340
01543360586492	80383.363880	S	0.539910
01543370952760	80383.903790	W	0.022753
01543371389624	80383.926543	S	0.080765
01543372940304	80384.007307	W	0.014158
01543373212140	80384.021466	S	0.088827
01543374917616	80384.110293	W	0.013344
01543375173812	80384.123636	S	0.599183
01543386678120	80384.722819	W	0.013369
01543386934804	80384.736188	S	0.191482
01543390611252	80384.927669	W	0.012665
01543390854428	80384.940335	S	0.538237
01543401188576	80385.478572	W	0.085525
01543402830660	80385.564097	S	0.079172
01543404350764	80385.643269	W	0.081763
01543405920608	80385.725032	S	0.256128
01543410838260	80385.981159	W	0.015164
01543411129408	80385.996323	S	0.370071
01543418234780	80386.366395	W	0.014582
01543418514764	80386.380977	S	3.010780
01543476321732	80389.391757	W	0.013781
01543476586332	80389.405538	S	0.540151
01543486957228	80389.945689	W	0.013430
01543487215088	80389.959119	S	0.608166
01543498891876	80390.567285	W	0.235373
01543503411032	80390.802658	S	0.016076
01543503719696	80390.818734	W	0.066485
01543504996204	80390.885219	S	0.451202
01543513659288	80391.336421	W	0.015591
01543513958640	80391.352013	S	1.064933
01543534405344	80392.416945	W	0.013756
01543534669464	80392.430701	S	0.799066
01543550011532	80393.229767	W	0.013454
01543550269852	80393.243221	S	2.198641
01543592483760	80395.441862	W	0.013701
01543592746824	80395.455564	S	0.232804
01543597216664	80395.688368	W	0.135411
01543599816560	80395.823779	S	0.015949
01543600122780	80395.839728	W	0.063010
01543601332576	80395.902738	S	0.553920
01543611967840	80396.456658	W	0.015491
01543612265268	80396.472149	S	0.538760
01543622609464	80397.010910	W	0.013668
01543622871884	80397.024577	S	0.909451
01543640333352	80397.934029	W	0.013477
01543640592120	80397.947506	S	0.517771
01543650533328	80398.465277	W	0.013640
01543650795208	80398.478917	S	0.682462
01543663898484	80399.161379	W	0.013350
01543664154808	80399.174730	S	0.703411
01543677660292	80399.878140	W	0.013302
01543677915684	80399.891442	S	0.191908
01543681600320	80400.083350	W	0.013364
01543681856916	80400.096714	S	0.088621
01543683558440	80400.185335	W	0.013303
01543683813852	80400.198638	S	0.498720
01543693389272	80400.697358	W	0.013403
01543693646612	80400.710761	S	0.779234
01543708607912	80401.489995	W	0.013321
01543708863668	80401.503316	S	3.011319
01543766680996	80404.514635	W	0.013904
01543766947960	80404.528540	S	3.014250
01543824821556	80407.542789	W	0.014134
01543825092928	80407.556923	S	0.924731
01543842847756	80408.481654	W	0.013317
01543843103448	80408.494971	S	1.520866
01543872304084	80410.015838	W	0.013484
01543872562976	80410.029322	S	0.537579
01543882884484	80410.566900	W	0.013589
01543883145396	80410.580489	S	0.357468
01543890008776	80410.937957	W	0.013477
01543890267536	80410.951434	S	0.907403
01543907689676	80411.858837	W	0.013389
01543907946736	80411.872226	S	0.089349
01543909662228	80411.961574	W	0.013349
01543909918536	80411.974924	S	0.191200
01543913589580	80412.166124	W	0.013365
01543913846180	80412.179489	S	0.703475
01543927352904	80412.882964	W	0.013434
01543927610832	80412.896397	S	0.090846
01543929355084	80412.987244	W	0.013122
01543929607020	80413.000366	S	0.592871
01543940990140	80413.593236	W	0.022489
01543941421920	80413.615725	S	0.700920
01543954879584	80414.316645	W	0.012694
01543955123304	80414.329339	S	0.601641
01543966674804	80414.930979	W	0.013437
01543966932788	80414.944416	S	0.191267
01543970605120	80415.135683	W	0.013205
01543970858656	80415.148888	S	0.805983
01543986333520	80415.954871	W	0.023720
01543986788936	80415.978590	S	0.644519
01543999163692	80416.623109	W	0.013716
01543999427032	80416.636825	S	2.493228
01544047297008	80419.130052	W	0.015906
01544047602404	80419.145959	S	0.501334
01544057228016	80419.647292	W	0.013645
01544057490000	80419.660937	S	0.697399
01544070880056	80420.358336	W	0.014030
01544071149428	80420.372366	S	0.190527
01544074807540	80420.562893	W	0.013229
01544075061536	80420.576122	S	0.294058
01544080707448	80420.870180	W	0.013371
01544080964172	80420.883551	S	0.191503
01544084641024	80421.075053	W	0.013258
01544084895576	80421.088311	S	1.583001
01544115289196	80422.671312	W	0.013652
01544115551324	80422.684965	S	0.951650
01544133823008	80423.636615	W	0.013440
01544134081060	80423.650055	S	2.047031
01544173384048	80425.697086	W	0.013714
01544173647364	80425.710800	S	0.167183
01544176857268	80425.877983	W	0.043396
01544177690468	80425.921379	S	0.694596
01544191026708	80426.615974	W	0.015496
01544191324224	80426.631470	S	0.485633
01544200648380	80427.117103	W	0.012727
01544200892732	80427.129830	S	0.089020
01544202601924	80427.218850	W	0.013286
01544202857024	80427.232137	S	0.908447
01544220299204	80428.140584	W	0.013473
01544220557884	80428.154056	S	0.568015
01544231463776	80428.722072	W	0.013580
01544231724512	80428.735652	S	0.633372
01544243885256	80429.369024	W	0.016657
01544244205064	80429.385680	S	0.289878
01544249770728	80429.675559	W	0.012680
01544250014176	80429.688238	S	0.193055
01544253720824	80429.881293	W	0.016441
01544254036492	80429.897734	S	0.290235
01544259609004	80430.187969	W	0.013102
01544259860568	80430.201071	S	0.805698
01544275329964	80431.006769	W	0.012803
01544275575784	80431.019572	S	0.724632
01544289488724	80431.744204	W	0.014578
01544289768628	80431.758783	S	0.579940
01544300903472	80432.338723	W	0.012777
01544301148792	80432.351500	S	0.396316
01544308758056	80432.747815	W	0.012824
01544309004284	80432.760640	S	0.089991
01544310732108	80432.850631	W	0.012639
01544310974784	80432.863270	S	0.089179
01544312687024	80432.952449	W	0.012753
01544312931888	80432.965202	S	0.089673
01544314653600	80433.054875	W	0.012714
01544314897716	80433.067589	S	1.218769
01544338298072	80434.286358	W	0.013284
01544338553132	80434.299642	S	0.470091
01544347578876	80434.769733	W	0.013486
01544347837808	80434.783219	S	1.352776
01544373811112	80436.135995	W	0.014314
01544374085940	80436.150309	S	0.284745
01544379553048	80436.435055	W	0.013354
01544379809444	80436.448409	S	0.703394
01544393314612	80437.151803	W	0.013505
01544393573912	80437.165308	S	0.630121
01544405672228	80437.795429	W	0.013710
01544405935456	80437.809138	S	0.372540
01544413088232	80438.181679	W	0.013511
01544413347640	80438.195190	S	0.494785
01544422847512	80438.689975	W	0.013755
01544423111616	80438.703730	S	0.086282
01544424768232	80438.790012	W	0.013436
01544425026196	80438.803448	S	1.317922
01544450330292	80440.121369	W	0.013450
01544450588540	80440.134820	S	0.088901
01544452295432	80440.223720	W	0.013246
01544452549764	80440.236967	S	0.583493
01544463752828	80440.820460	W	0.014111
01544464023756	80440.834571	S	1.642634
01544495562328	80442.477205	W	0.012776
01544495807636	80442.489981	S	0.088853
01544497513608	80442.578834	W	0.013295
01544497768872	80442.592129	S	0.908464
01544515211376	80443.500593	W	0.013534
01544515471228	80443.514126	S	0.332365
01544521852640	80443.846492	W	0.021688
01544522269056	80443.868180	S	0.861278
01544538805592	80444.729458	W	0.013358
01544539062068	80444.742816	S	0.805687
01544554531256	80445.548503	W	0.013640
01544554793152	80445.562143	S	0.418156
01544562821748	80445.980299	W	0.158401
01544565863052	80446.138701	S	0.024202
01544566327724	80446.162902	W	0.013254
01544566582192	80446.176156	S	0.200141
01544570424896	80446.376297	W	0.015272
01544570718124	80446.391569	S	0.481957
01544579971692	80446.873526	W	0.013935
01544580239248	80446.887461	S	3.010600
01544638042764	80449.898061	W	0.021828
01544638461860	80449.919889	S	0.032020
01544639076648	80449.951909	W	0.023170
01544639521512	80449.975079	S	0.183130
01544643037616	80450.158209	W	0.012672
01544643280928	80450.170882	S	0.812826
01544658887192	80450.983708	W	0.235401
01544663406888	80451.219109	S	0.016041
01544663714872	80451.235150	W	0.066179
01544664985500	80451.301328	S	0.083792
01544666594312	80451.385120	W	0.084798
01544668222440	80451.469919	S	0.646194
01544680629368	80452.116113	W	0.015455
01544680926096	80452.131567	S	0.790116
01544696096332	80452.921684	W	0.012087
01544696328412	80452.933771	S	0.091614
01544698087396	80453.025385	W	0.013219
01544698341208	80453.038605	S	0.499080
01544707923540	80453.537684	W	0.013477
01544708182304	80453.551162	S	2.392047
01544754109600	80455.943208	W	0.013929
01544754377032	80455.957137	S	0.240789
01544759000184	80456.197926	W	0.084877
01544760629820	80456.282803	S	0.331759
01544766999600	80456.614563	W	0.114150
01544769191272	80456.728712	S	0.387417
01544776629676	80457.116129	W	0.012341
01544776866620	80457.128470	S	0.298523
01544782598256	80457.426992	W	0.013372
01544782855000	80457.440365	S	1.010659
01544802259648	80458.451023	W	0.013498
01544802518800	80458.464521	S	0.503423
01544812184524	80458.967944	W	0.013730
01544812448140	80458.981674	S	0.800605
01544827819760	80459.782279	W	0.013510
01544828079152	80459.795789	S	0.703644
01544841589120	80460.499433	W	0.013485
01544841848040	80460.512919	S	0.805352
01544857310796	80461.318271	W	0.013436
01544857568760	80461.331706	S	0.414441
01544865526028	80461.746147	W	0.014606
01544865806472	80461.760754	S	0.231775
01544870256552	80461.992529	W	0.013772
01544870520968	80462.006300	S	3.007663
01544928268092	80465.013963	W	0.013579
01544928528808	80465.027542	S	3.009401
01544986309300	80468.036943	W	0.013356
01544986565732	80468.050299	S	2.996149
01545044091800	80471.046448	W	0.013530
01545044351568	80471.059978	S	0.003991
01545044428192	80471.063968	W	0.013697
01545044691184	80471.077666	S	1.505076
01545073588644	80472.582742	W	0.013457
01545073847024	80472.596199	S	0.088441
01545075545096	80472.684640	W	0.013382
01545075802032	80472.698023	S	0.806380
01545091284524	80473.504402	W	0.013545
01545091544592	80473.517948	S	0.567706
01545102444540	80474.085653	W	0.013591
01545102705488	80474.099244	S	0.939616
01545120746116	80475.038860	W	0.012864
01545120993096	80475.051724	S	0.601569
01545132543220	80475.653293	W	0.023002
01545132984852	80475.676294	S	0.079319
01545134507772	80475.755613	W	0.012651
01545134750668	80475.768264	S	0.704200
01545148271312	80476.472464	W	0.012780
01545148516688	80476.485244	S	0.621444
01545160448416	80477.106688	W	0.014647
01545160729644	80477.121336	S	3.011907
01545218558252	80480.133242	W	0.021995
01545218980556	80480.155237	S	3.004818
01545276673064	80483.160055	W	0.020942
01545277075152	80483.180998	S	0.972999
01545295756732	80484.153996	W	0.013489
01545296015728	80484.167486	S	2.017654
01545334754680	80486.185140	W	0.014236
01545335028008	80486.199375	S	0.478471
01545344214648	80486.677846	W	0.053866
01545345248876	80486.731712	S	0.384129
01545352624152	80487.115841	W	0.015615
01545352923968	80487.131457	S	0.503596
01545362593016	80487.635053	W	0.013358
01545362849484	80487.648411	S	1.010529
01545382251640	80488.658940	W	0.013385
01545382508628	80488.672324	S	0.538714
01545392851944	80489.211039	W	0.013723
01545393115416	80489.224761	S	0.048786
01545394052100	80489.273547	W	0.013224
01545394305992	80489.286770	S	0.001478
01545394334360	80489.288248	W	0.013463
01545394592840	80489.301710	S	0.790846
01545409777080	80490.092556	W	0.013447
01545410035268	80490.106004	S	0.601509
01545421584248	80490.707513	W	0.013396
01545421841444	80490.720909	S	0.088471
01545423540096	80490.809380	W	0.013311
01545423795676	80490.822691	S	0.191483
01545427472144	80491.014174	W	0.013348
01545427728428	80491.027522	S	0.498647
01545437302452	80491.526169	W	0.013357
01545437558912	80491.539527	S	0.694941
01545450901784	80492.234468	W	0.021774
01545451319840	80492.256242	S	0.908609
01545468765136	80493.164851	W	0.013405
01545469022504	80493.178255	S	1.010417
01545488422508	80494.188672	W	0.013255
01545488677012	80494.201928	S	1.058604
01545509002216	80495.260532	W	0.021909
01545509422868	80495.282441	S	1.875723
01545545436744	80497.158164	W	0.013409
01545545694196	80497.171573	S	0.463554
01545554594424	80497.635126	W	0.013630
01545554856112	80497.648756	S	0.639177
01545567128308	80498.287933	W	0.030743
01545567718580	80498.318676	S	0.684628
01545580863436	80499.003304	W	0.013330
01545581119364	80499.016634	S	2.032749
01545620148140	80501.049382	W	0.013434
01545620406068	80501.062816	S	0.090368
01545622141132	80501.153184	W	0.013736
01545622404864	80501.166920	S	0.146544
01545625218516	80501.313464	W	0.022037
01545625641628	80501.335501	S	0.329142
01545631961148	80501.664643	W	0.016567
01545632279240	80501.681210	S	1.314275
01545657513328	80502.995486	W	0.013470
01545657771948	80503.008956	S	0.091415
01545659527112	80503.100370	W	0.013266
01545659781828	80503.113637	S	0.700543
01545673232260	80503.814180	W	0.013383
01545673489204	80503.827563	S	0.511497
01545683309940	80504.339059	W	0.013799
01545683574880	80504.352858	S	0.792553
01545698791900	80505.145411	W	0.013563
01545699052316	80505.158975	S	0.703236
01545712554452	80505.862211	W	0.013410
01545712811924	80505.875621	S	0.191397
01545716486748	80506.067018	W	0.013484
01545716745648	80506.080503	S	0.088974
01545718453948	80506.169476	W	0.013279
01545718708904	80506.182755	S	0.287369
01545724226384	80506.470124	W	0.090042
01545725955192	80506.560166	S	0.120862
01545728275752	80506.681029	W	0.083318
01545729875452	80506.764346	S	0.599112
01545741378404	80507.363459	W	0.013910
01545741645472	80507.377368	S	3.010372
01545799444624	80510.387741	W	0.022184
01545799870564	80510.409925	S	1.245643
01545823786916	80511.655569	W	0.235587
01545828310180	80511.891155	S	0.015827
01545828614060	80511.906982	W	0.061904
01545829802608	80511.968886	S	0.967671
01545848381896	80512.936557	W	0.015538
01545848680228	80512.952095	S	0.463695
01545857583176	80513.415790	W	0.021747
01545858000712	80513.437537	S	0.516138
01545867910552	80513.953675	W	0.013666
01545868172940	80513.967341	S	0.907760
01545885601940	80514.875101	W	0.013474
01545885860648	80514.888575	S	0.087664
01545887543796	80514.976239	W	0.013395
01545887800988	80514.989635	S	1.453306
01545915704468	80516.442941	W	0.013982
01545915972924	80516.456923	S	0.318680
01545922091588	80516.775604	W	0.210364
01545926130584	80516.985968	S	1.062270
01545946526164	80518.048238	W	0.012930
01545946774416	80518.061167	S	0.908905
01545964225388	80518.970072	W	0.013603
01545964486564	80518.983675	S	0.488511
01545973865968	80519.472186	W	0.014516
01545974144684	80519.486702	S	0.812982
01545989753936	80520.299684	W	0.012803
01545989999748	80520.312487	S	0.806422
01546005483044	80521.118909	W	0.012889
01546005730508	80521.131797	S	0.806317
01546021211796	80521.938114	W	0.012675
01546021455148	80521.950789	S	0.545989
01546031938132	80522.496778	W	0.014328
01546032213236	80522.511106	S	3.006589
01546089939740	80525.517695	W	0.013697
01546090202732	80525.531392	S	3.006680
01546147930992	80528.538072	W	0.021845
01546148350412	80528.559917	S	0.549058
01546158892328	80529.108975	W	0.013357
01546159148784	80529.122333	S	0.906379
01546176551252	80530.028711	W	0.013340
01546176807384	80530.042051	S	1.530763
01546206198040	80531.572815	W	0.013617
01546206459484	80531.586431	S	1.514301
01546235534064	80533.100732	W	0.013604
01546235795252	80533.114336	S	0.910049
01546253268192	80534.024385	W	0.013197
01546253521572	80534.037582	S	0.558624
01546264247148	80534.596206	W	0.013785
01546264511828	80534.609991	S	0.846009
01546280755200	80535.456000	W	0.013541
01546281015196	80535.469541	S	0.601158
01546292557436	80536.070700	W	0.013380
01546292814324	80536.084079	S	0.088625
01546294515924	80536.172704	W	0.013307
01546294771420	80536.186011	S	0.089016
01546296480524	80536.275027	W	0.013364
01546296737104	80536.288391	S	0.294055
01546302382952	80536.582445	W	0.013249
01546302637336	80536.595695	S	0.293817
01546308278624	80536.889512	W	0.013411
01546308536116	80536.902923	S	0.719531
01546322351120	80537.622454	W	0.013713
01546322614412	80537.636167	S	2.736808
01546375161120	80540.372975	W	0.013556
01546375421404	80540.386531	S	0.259069
01546380395532	80540.645601	W	0.013729
01546380659136	80540.659330	S	0.432870
01546388970236	80541.092200	W	0.012734
01546389214724	80541.104934	S	0.085953
01546390865024	80541.190887	W	0.013373
01546391121784	80541.204260	S	0.190809
01546394785312	80541.395068	W	0.013271
01546395040112	80541.408339	S	0.293925
01546400683480	80541.702265	W	0.013219
01546400937284	80541.715484	S	0.191772
01546404619308	80541.907256	W	0.013373
01546404876068	80541.920629	S	1.750451
01546438484724	80543.671079	W	0.014266
01546438758636	80543.685346	S	0.885838
01546455766724	80544.571184	W	0.013389
01546456023792	80544.584572	S	2.113251
01546496598216	80546.697824	W	0.022460
01546497029448	80546.720284	S	0.242107
01546501677900	80546.962391	W	0.036175
01546502372464	80546.998566	S	0.497699
01546511928284	80547.496265	W	0.015407
01546512224092	80547.511671	S	1.358837
01546538313772	80548.870509	W	0.013370
01546538570468	80548.883879	S	0.807910
01546554082336	80549.691788	W	0.013477
01546554341104	80549.705266	S	0.019660
01546554718584	80549.724926	W	0.013511
01546554977996	80549.738437	S	0.668106
01546567805636	80550.406544	W	0.021551
01546568219420	80550.428095	S	0.285487
01546573700776	80550.713582	W	0.013443
01546573958876	80550.727025	S	0.805633
01546589427036	80551.532658	W	0.013323
01546589682844	80551.545981	S	0.192010
01546593369428	80551.737991	W	0.013313
01546593625032	80551.751304	S	0.088564
01546595325452	80551.839867	W	0.013322
01546595581228	80551.853189	S	0.293971
01546601225476	80552.147160	W	0.013426
01546601483252	80552.160586	S	0.588272
01546612778076	80552.748858	W	0.022299
01546613206224	80552.771157	S	3.003163
01546670866944	80555.774320	W	0.013899
01546671133812	80555.788219	S	3.009990
01546728925628	80558.798210	W	0.013677
01546729188224	80558.811887	S	0.203475
01546733094944	80559.015362	W	0.014884
01546733380720	80559.030246	S	0.491297
01546742813624	80559.521543	W	0.013646
01546743075628	80559.535189	S	1.008667
01546762442032	80560.543856	W	0.013497
01546762701180	80560.557353	S	1.266505
01546787018084	80561.823859	W	0.021542
01546787431692	80561.845401	S	3.001280
01546845056276	80564.846681	W	0.012132
01546845289220	80564.858814	S	1.008941
01546864660892	80565.867755	W	0.012915
01546864908856	80565.880670	S	0.191903
01546868593388	80566.072572	W	0.012720
01546868837620	80566.085293	S	0.807012
01546884332252	80566.892305	W	0.012808
01546884578164	80566.905113	S	0.075721
01546886032000	80566.980833	W	0.093010
01546887817796	80567.073844	S	0.022466
01546888249144	80567.096310	W	0.082039
01546889824284	80567.178348	S	0.265010
01546894912476	80567.443358	W	0.015420
01546895208532	80567.458778	S	0.047369
01546896118020	80567.506147	W	0.012733
01546896362484	80567.518879	S	0.353102
01546903142044	80567.871981	W	0.021842
01546903561404	80567.893823	S	1.148885
01546925619992	80569.042708	W	0.012723
01546925864280	80569.055431	S	0.089138
01546927575732	80569.144569	W	0.012732
01546927820184	80569.157301	S	1.740424
01546961236328	80570.897725	W	0.014327
01546961511404	80570.912052	S	0.589536
01546972830488	80571.501588	W	0.013533
01546973090316	80571.515121	S	0.555916
01546983763912	80572.071037	W	0.286063
01546989256324	80572.357100	S	0.015569
01546989555244	80572.372669	W	0.068103
01546990862816	80572.440772	S	0.655321
01547003444972	80573.096092	W	0.015660
01547003745648	80573.111753	S	0.812055
01547019337108	80573.923808	W	0.021077
01547019741792	80573.944885	S	0.321304
01547025910836	80574.266189	W	0.016300
01547026223796	80574.282489	S	0.496192
01547035750688	80574.778682	W	0.022909
01547036190532	80574.801590	S	0.592653
01547047569472	80575.394243	W	0.015869
01547047874160	80575.410113	S	1.536858
01547077381836	80576.946971	W	0.014480
01547077659852	80576.961451	S	0.229723
01547082070540	80577.191174	W	0.136123
01547084684096	80577.327297	S	0.015967
01547084990668	80577.343264	W	0.061751
01547086176292	80577.405015	S	0.710871
01547099825024	80578.115887	W	0.015504
01547100122708	80578.131391	S	1.049714
01547120277208	80579.181105	W	0.022444
01547120708124	80579.203548	S	0.182775
01547124217412	80579.386324	W	0.013423
01547124475136	80579.399747	S	0.567600
01547135373064	80579.967347	W	0.013624
01547135634652	80579.980971	S	0.224118
01547139937724	80580.205090	W	0.013357
01547140194176	80580.218447	S	0.191084
01547143862992	80580.409531	W	0.019987
01547144246744	80580.429518	S	0.082558
01547145831864	80580.512076	W	0.013219
01547146085664	80580.525295	S	0.805951
01547161559928	80581.331246	W	0.013445
01547161818076	80581.344691	S	0.908141
01547179254376	80582.252832	W	0.013539
01547179514332	80582.266371	S	0.600827
01547191050220	80582.867199	W	0.013551
01547191310404	80582.880750	S	0.106035
01547193346268	80582.986785	W	0.013859
01547193612364	80583.000644	S	3.009966
01547251403704	80586.010610	W	0.013719
01547251667108	80586.024329	S	1.962979
01547289356308	80587.987308	W	0.013459
01547289614728	80588.000767	S	1.035703
01547309500228	80589.036470	W	0.013843
01547309766008	80589.050313	S	1.499066
01547338548072	80590.549379	W	0.013470
01547338806688	80590.562848	S	1.498439
01547367576724	80592.061288	W	0.013940
01547367844372	80592.075228	S	2.979185
01547425044732	80595.054413	W	0.016722
01547425365800	80595.071135	S	0.013853
01547425631772	80595.084988	W	0.022033
01547426054808	80595.107021	S	0.970339
01547444685312	80596.077360	W	0.012857
01547444932164	80596.090217	S	0.088884
01547446638736	80596.179101	W	0.013367
01547446895384	80596.192468	S	0.805888
01547462368432	80596.998356	W	0.013366
01547462625064	80597.011722	S	0.601179
01547474167696	80597.612901	W	0.013267
01547474422416	80597.626167	S	0.486377
01547483760852	80598.112544	W	0.022719
01547484197056	80598.135263	S	0.092381
01547485970764	80598.227644	W	0.013266
01547486225468	80598.240910	S	0.088620
01547487926976	80598.329530	W	0.013470
01547488185604	80598.343000	S	0.191341
01547491859348	80598.534341	W	0.013201
01547492112800	80598.547542	S	2.593000
01547541898396	80601.140541	W	0.021820
01547542317336	80601.162361	S	3.007575
01547600062780	80604.169936	W	0.020947
01547600464964	80604.190884	S	1.921166
01547637351352	80606.112050	W	0.013431
01547637609220	80606.125480	S	1.069246
01547658138748	80607.194726	W	0.013057
01547658389444	80607.207784	S	0.173557
01547661721744	80607.381341	W	0.036440
01547662421400	80607.417781	S	1.517639
01547691560064	80608.935420	W	0.015448
01547691856672	80608.950868	S	0.642644
01547704195436	80609.593512	W	0.013448
01547704453636	80609.606960	S	0.610637
01547716177872	80610.217597	W	0.022163
01547716603404	80610.239761	S	0.377854
01547723858204	80610.617615	W	0.013218
01547724111992	80610.630833	S	0.191720
01547727793016	80610.822553	W	0.013304
01547728048460	80610.835857	S	1.214417
01547751365272	80612.050275	W	0.012797
01547751610980	80612.063072	S	0.601504
01547763159864	80612.664576	W	0.012630
01547763402368	80612.677207	S	0.192162
01547767091876	80612.869369	W	0.012883
01547767339228	80612.882251	S	0.362580
01547774300756	80613.244831	W	0.014394
01547774577116	80613.259225	S	0.327039
01547780856264	80613.586264	W	0.012796
01547781101952	80613.599060	S	2.668536
01547832337852	80616.267596	W	0.014245
01547832611352	80616.281841	S	3.011948
01547890440760	80619.293790	W	0.013706
01547890703912	80619.307495	S	1.147583
01547912737512	80620.455079	W	0.014675
01547913019276	80620.469754	S	0.697575
01547926412716	80621.167329	W	0.013278
01547926667660	80621.180607	S	1.140886
01547948572664	80622.321493	W	0.022402
01547949002788	80622.343895	S	2.609666
01547999108376	80624.953561	W	0.013441
01547999366436	80624.967002	S	0.380698
01548006675844	80625.347700	W	0.014093
01548006946432	80625.361793	S	0.517486
01548016882160	80625.879279	W	0.013409
01548017139608	80625.892688	S	1.313626
01548042361224	80627.206314	W	0.013246
01548042615548	80627.219560	S	0.270812
01548047815132	80627.490371	W	0.013651
01548048077228	80627.504022	S	0.522052
01548058100628	80628.026074	W	0.013397
01548058357852	80628.039471	S	0.328722
01548064669312	80628.368193	W	0.013773
01548064933756	80628.381966	S	0.111303
01548067070768	80628.493269	W	0.085454
01548068711484	80628.578723	S	0.061105
01548069884696	80628.639828	W	0.083116
01548071480520	80628.722944	S	0.019422
01548071853424	80628.742366	W	0.013256
01548072107944	80628.755622	S	0.660362
01548084786896	80629.415984	W	0.015443
01548085083400	80629.431427	S	1.961429
01548122742832	80631.392856	W	0.022308
01548123171152	80631.415164	S	2.037910
01548162299016	80633.453074	W	0.021709
01548162715828	80633.474783	S	0.036441
01548163415500	80633.511224	W	0.235369
01548167934592	80633.746593	S	0.015963
01548168241076	80633.762556	W	0.061595
01548169423708	80633.824151	S	0.038080
01548170154844	80633.862231	W	0.236782
01548174701056	80634.099013	S	0.015958
01548175007452	80634.114971	W	0.072968
01548176408436	80634.187939	S	0.231679
01548180856664	80634.419618	W	0.013813
01548181121864	80634.433430	S	0.102312
01548183086252	80634.535742	W	0.015528
01548183384388	80634.551270	S	2.893404
01548238937752	80637.444675	W	0.021211
01548239345000	80637.465885	S	1.311445
01548264524740	80638.777330	W	0.085697
01548266170132	80638.863028	S	0.025625
01548266662124	80638.888652	W	0.123974
01548269042424	80639.012626	S	0.643268
01548281393172	80639.655894	W	0.015409
01548281689024	80639.671303	S	0.335057
01548288122116	80640.006360	W	0.013508
01548288381472	80640.019868	S	0.450214
01548297025580	80640.470082	W	0.013820
01548297290928	80640.483902	S	0.648902
01548309749852	80641.132805	W	0.013700
01548310012888	80641.146505	S	1.215109
01548333342972	80642.361613	W	0.013371
01548333599688	80642.374984	S	0.703489
01548347106684	80643.078473	W	0.013567
01548347367172	80643.092040	S	0.403139
01548355107448	80643.495180	W	0.023500
01548355558648	80643.518680	S	0.481225
01548364798164	80643.999904	W	0.013438
01548365056172	80644.013342	S	2.509243
01548413233640	80646.522585	W	0.013723
01548413497116	80646.536308	S	1.560300
01548443454868	80648.096608	W	0.013404
01548443712228	80648.110012	S	0.088579
01548445412944	80648.198591	W	0.013287
01548445668048	80648.211877	S	0.089794
01548447392092	80648.301671	W	0.016781
01548447714288	80648.318452	S	0.495436
01548457226664	80648.813889	W	0.016382
01548457541192	80648.830270	S	0.717569
01548471318512	80649.547839	W	0.021134
01548471724280	80649.568973	S	1.502376
01548500569904	80651.071349	W	0.013457
01548500828272	80651.084806	S	1.004801
01548520120456	80652.089607	W	0.013501
01548520379676	80652.103108	S	0.471683
01548529435980	80652.574791	W	0.013682
01548529698668	80652.588472	S	0.525123
01548539781032	80653.113595	W	0.013499
01548540040220	80653.127095	S	1.010543
01548559442652	80654.137638	W	0.013546
01548559702736	80654.151184	S	0.088816
01548561408012	80654.240001	W	0.013237
01548561662172	80654.253238	S	0.908354
01548579102572	80655.161592	W	0.013540
01548579362540	80655.175132	S	0.422245
01548587469652	80655.597378	W	0.022312
01548587898036	80655.619689	S	0.565949
01548598764256	80656.185638	W	0.013754
01548599028340	80656.199393	S	1.317620
01548624326648	80657.517013	W	0.012613
01548624568816	80657.529626	S	0.600687
01548636102004	80658.130313	W	0.012751
01548636346828	80658.143064	S	0.192083
01548640034820	80658.335147	W	0.013068
01548640285728	80658.348215	S	0.276395
01548645592520	80658.624610	W	0.014721
01548645875168	80658.639332	S	0.412576
01548653796624	80659.051908	W	0.012797
01548654042328	80659.064705	S	2.580793
01548703593556	80661.645498	W	0.014346
01548703869004	80661.659844	S	0.259492
01548708851244	80661.919336	W	0.012900
01548709098920	80661.932235	S	0.294128
01548714746184	80662.226364	W	0.012582
01548714987760	80662.238946	S	0.192227
01548718678524	80662.431173	W	0.013309
01548718934060	80662.444482	S	0.294002
01548724578908	80662.738485	W	0.016730
01548724900120	80662.755215	S	1.912941
01548761628592	80664.668156	W	0.014760
01548761911992	80664.682916	S	2.051521
01548801301200	80666.734437	W	0.013509
01548801560568	80666.747946	S	0.943612
01548819677920	80667.691558	W	0.013942
01548819945612	80667.705501	S	1.245597
01548843861084	80668.951098	W	0.052964
01548844878000	80669.004062	S	1.313464
01548870096504	80670.317526	W	0.012836
01548870342952	80670.330362	S	0.088946
01548872050708	80670.419308	W	0.013395
01548872307892	80670.432703	S	0.280984
01548877702792	80670.713687	W	0.013796
01548877967668	80670.727483	S	0.511064
01548887780088	80671.238546	W	0.013340
01548888036212	80671.251886	S	1.522550
01548917269180	80672.774436	W	0.013610
01548917530496	80672.788047	S	0.396134
01548925136276	80673.184181	W	0.013298
01548925391592	80673.197479	S	0.293751
01548931031620	80673.491230	W	0.013372
01548931288360	80673.504602	S	0.227576
01548935657816	80673.732178	W	0.013923
01548935925144	80673.746101	S	0.564338
01548946760440	80674.310440	W	0.013453
01548947018736	80674.323893	S	2.424437
01548993567928	80676.748330	W	0.021298
01548993976856	80676.769628	S	3.006427
01549051700256	80679.776055	W	0.021865
01549052120060	80679.797920	S	1.680548
01549084386584	80681.478468	W	0.013637
01549084648408	80681.492105	S	0.403250
01549092390816	80681.895355	W	0.014744
01549092673900	80681.910099	S	0.890209
01549109765904	80682.800308	W	0.014005
01549110034792	80682.814312	S	2.657791
01549161064376	80685.472103	W	0.013484
01549161323276	80685.485587	S	0.337602
01549167805240	80685.823190	W	0.013785
01549168069920	80685.836975	S	0.761992
01549182700176	80686.598968	W	0.013270
01549182954968	80686.612238	S	0.088637
01549184656796	80686.700875	W	0.013214
01549184910512	80686.714089	S	1.216350
01549208264440	80687.930440	W	0.013483
01549208523320	80687.943923	S	0.600154
01549220046284	80688.544077	W	0.023688
01549220501088	80688.567765	S	0.283091
01549225936436	80688.850856	W	0.013534
01549226196292	80688.864390	S	0.113835
01549228381924	80688.978225	W	0.096345
01549230231756	80689.074571	S	0.083735
01549231839460	80689.158305	W	0.083594
01549233444472	80689.241900	S	0.223787
01549237741180	80689.465686	W	0.013314
01549237996800	80689.479000	S	0.096410
01549239847868	80689.575410	W	0.015481
01549240145100	80689.590891	S	2.283144
01549283981468	80691.874035	W	0.022321
01549284410040	80691.896356	S	1.584179
01549314826268	80693.480535	W	0.013674
01549315088808	80693.494209	S	0.689134
01549328320172	80694.183342	W	0.235161
01549332835268	80694.418504	S	0.016318
01549333148576	80694.434822	W	0.066840
01549334431896	80694.501661	S	0.397732
01549342068352	80694.899393	W	0.013743
01549342332216	80694.913136	S	0.901128
01549359633872	80695.814264	W	0.174620
01549362986572	80695.988884	S	0.030023
01549363563012	80696.018907	W	0.081313
01549365124224	80696.100220	S	1.045299
01549385193968	80697.145519	W	0.013465
01549385452492	80697.158984	S	0.762370
01549400089996	80697.921354	W	0.021581
01549400504352	80697.942935	S	1.455365
01549428447356	80699.398300	W	0.084941
01549430078224	80699.483241	S	0.332326
01549436458888	80699.815567	W	0.015395
01549436754468	80699.830962	S	0.079618
01549438283136	80699.910580	W	0.022757
01549438720064	80699.933337	S	0.285112
01549444194220	80700.218449	W	0.013244
01549444448508	80700.231693	S	0.088523
01549446148148	80700.320216	W	0.013308
01549446403668	80700.333524	S	0.191569
01549450081784	80700.525093	W	0.013356
01549450338224	80700.538449	S	0.192007
01549454024752	80700.730456	W	0.013231
01549454278796	80700.743687	S	0.088528
01549455978532	80700.832215	W	0.013413
01549456236060	80700.845628	S	0.088648
01549457938108	80700.934276	W	0.084291
01549459556504	80701.018568	S	0.739232
01549473749764	80701.757800	W	0.013336
01549474005812	80701.771136	S	0.289976
01549479573356	80702.061112	W	0.013371
01549479830088	80702.074484	S	1.317588
01549505127780	80703.392072	W	0.013460
01549505386204	80703.405531	S	0.499250
01549514971800	80703.904781	W	0.013448
01549515230004	80703.918229	S	0.043740
01549516069816	80703.961970	W	0.022394
01549516499788	80703.984364	S	0.329522
01549522826620	80704.313886	W	0.013220
01549523080444	80704.327106	S	0.293821
01549528721804	80704.620927	W	0.013398
01549528979048	80704.634325	S	0.293859
01549534621148	80704.928185	W	0.012863
01549534868116	80704.941048	S	0.706562
01549548434100	80705.647609	W	0.116396
01549550668908	80705.764006	S	0.187099
01549554261208	80705.951105	W	0.012543
01549554502028	80705.963647	S	0.033534
01549555145880	80705.997181	W	0.015171
01549555437168	80706.012352	S	0.041118
01549556226624	80706.053470	W	0.012527
01549556467136	80706.065997	S	0.920865
01549574147752	80706.986862	W	0.014521
01549574426560	80707.001383	S	0.999376
01549593614588	80708.000760	W	0.012694
01549593858308	80708.013454	S	2.001686
01549632290676	80710.015139	W	0.022599
01549632724580	80710.037739	S	2.057506
01549672228692	80712.095244	W	0.023189
01549672673920	80712.118433	S	0.927316
01549690478384	80713.045749	W	0.014409
01549690755040	80713.060158	S	3.006717
01549748484008	80716.066875	W	0.014625
01549748764800	80716.081500	S	0.110136
01549750879404	80716.191636	W	0.013089
01549751130708	80716.204724	S	0.908167
01549768567508	80717.112891	W	0.014232
01549768840760	80717.127123	S	1.215527
01549792178884	80718.342650	W	0.013511
01549792438296	80718.356161	S	0.600799
01549803973644	80718.956961	W	0.012676
01549804217032	80718.969637	S	0.123785
01549806593712	80719.093422	W	0.021893
01549807014064	80719.115316	S	0.046418
01549807905280	80719.161733	W	0.013317
01549808160972	80719.175051	S	0.601068
01549819701480	80719.776119	W	0.013234
01549819955576	80719.789353	S	2.323512
01549864567000	80722.112865	W	0.014213
01549864839884	80722.127077	S	0.312445
01549870838820	80722.439522	W	0.016182
01549871149508	80722.455704	S	0.495580
01549880664644	80722.951284	W	0.019863
01549881046008	80722.971146	S	2.159480
01549922508032	80725.130627	W	0.021181
01549922914712	80725.151808	S	2.101618
01549963265772	80727.253426	W	0.016621
01549963584888	80727.270046	S	0.882594
01549980530696	80728.152640	W	0.013853
01549980796676	80728.166494	S	0.416036
01549988784560	80728.582529	W	0.013461
01549989043016	80728.595990	S	2.342805
01550034024880	80730.938796	W	0.013035
01550034275144	80730.951830	S	0.043535
01550035111024	80730.995366	W	0.062649
01550036313892	80731.058015	S	0.118340
01550038586020	80731.176355	W	0.013858
01550038852100	80731.190214	S	0.625208
01550050856088	80731.815421	W	0.015312
01550051150088	80731.830734	S	0.135035
01550053742760	80731.965769	W	0.013377
01550053999604	80731.979146	S	1.416161
01550081189892	80733.395307	W	0.013449
01550081448108	80733.408756	S	0.601012
01550092987540	80734.009768	W	0.013317
01550093243232	80734.023085	S	0.176902
01550096639760	80734.199988	W	0.014093
01550096910348	80734.214081	S	0.001538
01550096939868	80734.215618	W	0.013085
01550097191104	80734.228703	S	0.600232
01550108715564	80734.828936	W	0.013351
01550108971908	80734.842287	S	2.383814
01550154741136	80737.226101	W	0.013732
01550155004792	80737.239833	S	3.008552
01550212768992	80740.248385	W	0.013939
01550213036620	80740.262324	S	2.451414
01550260103768	80742.713738	W	0.013104
01550260355356	80742.726841	S	0.546052
01550270839552	80743.272893	W	0.013143
01550271091896	80743.286036	S	0.048444
01550272022024	80743.334480	W	0.013819
01550272287356	80743.348300	S	2.940260
01550328740356	80746.288560	W	0.022640
01550329175036	80746.311200	S	0.088954
01550330882948	80746.400154	W	0.013073
01550331133956	80746.413227	S	1.012732
01550350578408	80747.425959	W	0.012970
01550350827428	80747.438929	S	0.397805
01550358465292	80747.836734	W	0.013079
01550358716404	80747.849813	S	0.086466
01550360376544	80747.936278	W	0.012980
01550360625768	80747.949259	S	0.908479
01550378068556	80748.857737	W	0.013396
01550378325764	80748.871134	S	0.445379
01550386877044	80749.316513	W	0.021276
01550387285536	80749.337788	S	0.109258
01550389383296	80749.447047	W	0.084799
01550391011428	80749.531845	S	0.042454
01550391826540	80749.574299	W	0.083084
01550393421744	80749.657382	S	0.019616
01550393798376	80749.676999	W	0.012607
01550394040436	80749.689606	S	0.604446
01550405645804	80750.294052	W	0.013309
01550405901340	80750.307361	S	2.031831
01550444912496	80752.339193	W	0.023730
01550445368104	80752.362922	S	2.234829
01550488276812	80754.597751	W	0.236100
01550492809940	80754.833851	S	0.016081
01550493118704	80754.849933	W	0.067373
01550494412264	80754.917305	S	0.453424
01550503118004	80755.370729	W	0.013934
01550503385532	80755.384663	S	2.289654
01550547346884	80757.674317	W	0.013402
01550547604200	80757.687719	S	0.705614
01550561151980	80758.393332	W	0.022456
01550561583132	80758.415788	S	1.193925
01550584506500	80759.609714	W	0.016541
01550584824096	80759.626255	S	0.092385
01550586597880	80759.718640	W	0.134625
01550589182676	80759.853264	S	0.016026
01550589490368	80759.869290	W	0.064703
01550590732672	80759.933993	S	0.187689
01550594336308	80760.121683	W	0.013069
01550594587228	80760.134751	S	0.076514
01550596056296	80760.211265	W	0.026245
01550596560208	80760.237511	S	1.178880
01550619194708	80761.416391	W	0.014554
01550619474152	80761.430945	S	0.431100
01550627751264	80761.862045	W	0.012919
01550627999312	80761.874964	S	0.705431
01550641543584	80762.580395	W	0.013006
01550641793300	80762.593401	S	1.623501
01550672964516	80764.216902	W	0.012656
01550673207512	80764.229558	S	0.211517
01550677268632	80764.441075	W	0.014458
01550677546228	80764.455533	S	0.273823
01550682803636	80764.729356	W	0.012835
01550683050060	80764.742191	S	0.089057
01550684759964	80764.831248	W	0.012890
01550685007448	80764.844138	S	0.601556
01550696557316	80765.445694	W	0.012819
01550696803440	80765.458513	S	2.002733
01550735255920	80767.461246	W	0.014546
01550735535212	80767.475792	S	3.007693
01550793282924	80770.483486	W	0.013901
01550793549824	80770.497387	S	0.478966
01550802745980	80770.976353	W	0.013430
01550803003844	80770.989784	S	0.001520
01550803033036	80770.991304	W	0.013628
01550803294684	80771.004931	S	2.123557
01550844066976	80773.128488	W	0.013637
01550844328812	80773.142126	S	0.362490
01550851288616	80773.504615	W	0.013968
01550851556808	80773.518584	S	3.011538
01550909378332	80776.530121	W	0.013351
01550909634668	80776.543472	S	0.269835
01550914815504	80776.813307	W	0.013630
01550915077200	80776.826937	S	1.215351
01550938411936	80778.042288	W	0.013515
01550938671432	80778.055804	S	1.213797
01550961976328	80779.269600	W	0.012648
01550962219168	80779.282248	S	0.057364
01550963320548	80779.339612	W	0.049904
01550964278704	80779.389516	S	0.158625
01550967324304	80779.548141	W	0.023426
01550967774080	80779.571567	S	0.108915
01550969865240	80779.680481	W	0.015053
01550970154260	80779.695534	S	0.087301
01550971830440	80779.782835	W	0.013130
01550972082540	80779.795966	S	0.089039
01550973792080	80779.885004	W	0.013021
01550974042092	80779.898026	S	0.192035
01550977729160	80780.090060	W	0.013109
01550977980844	80780.103169	S	0.246811
01550982719624	80780.349980	W	0.030137
01550983298248	80780.380117	S	0.220752
01550987536688	80780.600869	W	0.013139
01550987788948	80780.614008	S	0.078059
01550989287684	80780.692067	W	0.015548
01550989586208	80780.707615	S	0.405111
01550997364332	80781.112726	W	0.012684
01550997607860	80781.125409	S	1.444440
01551025341100	80782.569849	W	0.014662
01551025622612	80782.584511	S	0.166782
01551028824828	80782.751293	W	0.012971
01551029073864	80782.764264	S	0.191707
01551032754636	80782.955971	W	0.012914
01551033002588	80782.968885	S	0.294312
01551038653388	80783.263197	W	0.013091
01551038904732	80783.276288	S	0.295971
01551044587372	80783.572259	W	0.015371
01551044882500	80783.587630	S	0.494841
01551054383440	80784.082471	W	0.021966
01551054805180	80784.104436	S	1.469691
01551083023240	80785.574127	W	0.029133
01551083582592	80785.603260	S	0.313105
01551089594216	80785.916365	W	0.015760
01551089896804	80785.932125	S	0.653303
01551102440224	80786.585428	W	0.029231
01551103001456	80786.614659	S	0.312642
01551109004176	80786.927301	W	0.015513
01551109302016	80786.942813	S	1.032393
01551129123956	80787.975206	W	0.013189
01551129377192	80787.988395	S	0.620098
01551141283080	80788.608494	W	0.014699
01551141565296	80788.623193	S	1.282661
01551166192392	80789.905854	W	0.042282
01551167004204	80789.948136	S	0.306870
01551172896112	80790.255006	W	0.015328
01551173190408	80790.270334	S	1.364761
01551199393816	80791.635095	W	0.022445
01551199824760	80791.657540	S	0.207293
01551203804784	80791.864832	W	0.013094
01551204056192	80791.877927	S	1.012815
01551223502240	80792.890742	W	0.013154
01551223754788	80792.903895	S	0.189728
01551227397568	80793.093623	W	0.013104
01551227649168	80793.106727	S	1.113307
01551249024656	80794.220034	W	0.013153
01551249277196	80794.233187	S	0.426562
01551257467192	80794.659750	W	0.014566
01551257746852	80794.674315	S	0.262495
01551262786756	80794.936810	W	0.013170
01551263039624	80794.949980	S	0.806067
01551278516104	80795.756047	W	0.013203
01551278769608	80795.769250	S	1.216989
01551302135796	80796.986239	W	0.013074
01551302386816	80796.999313	S	0.087991
01551304076244	80797.087304	W	0.013219
01551304330040	80797.100523	S	0.586008
01551315581396	80797.686531	W	0.014925
01551315867956	80797.701456	S	1.946350
01551353237872	80799.647806	W	0.013154
01551353490436	80799.660960	S	0.088786
01551355195120	80799.749746	W	0.013083
01551355446320	80799.762829	S	0.089384
01551357162496	80799.852213	W	0.023188
01551357607708	80799.875401	S	0.832815
01551373597752	80800.708216	W	0.023132
01551374041880	80800.731348	S	2.404973
01551420217368	80803.136321	W	0.015402
01551420513096	80803.151724	S	0.580680
01551431662156	80803.732404	W	0.014663
01551431943692	80803.747067	S	0.917737
01551449564248	80804.664805	W	0.013114
01551449816044	80804.677919	S	0.095775
01551451654916	80804.773694	W	0.014674
01551451936652	80804.788367	S	0.900491
01551469226084	80805.688859	W	0.013158
01551469478712	80805.702016	S	0.089230
01551471191924	80805.791246	W	0.013180
01551471444980	80805.804426	S	0.954791
01551489776976	80806.759218	W	0.014833
01551490061776	80806.774051	S	0.143567
01551492818264	80806.917618	W	0.013230
01551493072276	80806.930848	S	0.806003
01551508547528	80807.736850	W	0.013829
01551508813052	80807.750680	S	0.191064
01551512481488	80807.941744	W	0.022143
01551512906632	80807.963887	S	1.411352
01551540004596	80809.375239	W	0.012357
01551540241848	80809.387596	S	0.396794
01551547860300	80809.784391	W	0.011732
01551548085564	80809.796123	S	0.104713
01551550096044	80809.900836	W	0.106488
01551552140612	80810.007324	S	0.084456
01551553762172	80810.091780	W	0.080489
01551555307564	80810.172269	S	0.022154
01551555732920	80810.194423	W	0.012535
01551555973592	80810.206958	S	0.222374
01551560243164	80810.429331	W	1.241563
01551584081172	80811.670894	S	0.214120
01551588192268	80811.885014	W	0.024764
01551588667728	80811.909777	S	0.012574
01551588909148	80811.922351	W	0.014528
01551589188080	80811.936879	S	0.479639
01551598397144	80812.416518	W	0.048664
01551599331484	80812.465181	S	0.163879
01551602477956	80812.629060	W	0.022399
01551602908016	80812.651459	S	0.106457
01551604951984	80812.757916	W	0.015369
01551605247076	80812.773285	S	0.864659
01551621848528	80813.637944	W	0.014559
01551622128068	80813.652504	S	0.992986
01551641193408	80814.645490	W	0.022377
01551641623052	80814.667867	S	0.256355
01551646545072	80814.924223	W	0.014595
01551646825292	80814.938817	S	0.074843
01551648262280	80815.013660	W	0.233771
01551652750680	80815.247431	S	0.016774
01551653072732	80815.264205	W	0.076838
01551654548024	80815.341043	S	0.265339
01551659642524	80815.606381	W	0.015307
01551659936412	80815.621688	S	0.035263
01551660613452	80815.656951	W	0.014504
01551660891932	80815.671455	S	0.053551
01551661920108	80815.725006	W	0.016535
01551662237572	80815.741540	S	0.495730
01551671755588	80816.237270	W	0.017237
01551672086540	80816.254507	S	0.410137
01551679961168	80816.664644	W	0.014547
01551680240472	80816.679191	S	0.895601
01551697436012	80817.574792	W	0.028622
01551697985564	80817.603415	S	0.069300
01551699316116	80817.672714	W	0.014711
01551699598572	80817.687426	S	0.229083
01551703996968	80817.916509	W	0.015474
01551704294068	80817.931983	S	0.014626
01551704574880	80817.946608	W	0.014704
01551704857196	80817.961312	S	0.624103
01551716839964	80818.585415	W	0.039339
01551717595276	80818.624754	S	0.056362
01551718677428	80818.681116	W	0.014627
01551718958264	80818.695743	S	0.204676
01551722888040	80818.900419	W	0.012961
01551723136900	80818.913380	S	0.014267
01551723410824	80818.927647	W	0.015500
01551723708432	80818.943148	S	0.747107
01551738052884	80819.690254	W	0.023338
01551738500976	80819.713593	S	0.420475
01551746574096	80820.134067	W	0.135290
01551749171668	80820.269358	S	0.015955
01551749478000	80820.285312	W	0.065038
01551750726736	80820.350351	S	0.277345
01551756051768	80820.627696	W	0.015732
01551756353816	80820.643428	S	0.059376
01551757493844	80820.702804	W	0.022356
01551757923076	80820.725160	S	0.243225
01551762593004	80820.968386	W	0.014571
01551762872768	80820.982957	S	0.730680
01551776901820	80821.713636	W	0.014585
01551777181848	80821.728221	S	0.447210
01551785768284	80822.175431	W	0.013545
01551786028340	80822.188976	S	0.534096
01551796282976	80822.723072	W	0.023711
01551796738232	80822.746783	S	0.351740
01551803491636	80823.098523	W	0.013413
01551803749164	80823.111936	S	0.624855
01551815746376	80823.736790	W	0.022389
01551816176244	80823.759179	S	0.230649
01551820604712	80823.989829	W	0.014749
01551820887884	80824.004577	S	0.628294
01551832951120	80824.632871	W	0.013162
01551833203824	80824.646032	S	0.102416
01551835170204	80824.748448	W	0.014728
01551835452988	80824.763176	S	0.484139
01551844748448	80825.247315	W	0.013637
01551845010272	80825.260952	S	0.190956
01551848676632	80825.451908	W	0.012779
01551848921992	80825.464687	S	0.292855
01551854544804	80825.757542	W	0.019706
01551854923168	80825.777248	S	0.289086
01551860473620	80826.066334	W	0.012663
01551860716756	80826.078998	S	0.687040
01551873907916	80826.766037	W	0.015018
01551874196264	80826.781055	S	0.228716
01551878587620	80827.009772	W	0.014835
01551878872448	80827.024607	S	0.749650
01551893265732	80827.774257	W	0.014943
01551893552640	80827.789200	S	0.994770
01551912652228	80828.783970	W	0.014837
01551912937100	80828.798807	S	0.995396
01551932048696	80829.794203	W	0.014545
01551932327964	80829.808748	S	0.222229
01551936594768	80830.030978	W	0.014810
01551936879128	80830.045788	S	0.758311
01551951438696	80830.804099	W	0.015066
01551951727972	80830.819165	S	0.994198
01551970816580	80831.813364	W	0.014922
01551971103084	80831.828286	S	0.004973
01551971198564	80831.833259	W	0.014622
01551971479312	80831.847881	S	0.983833
01551990368900	80832.831714	W	0.021202
01551990775980	80832.852916	S	0.199945
01551994614932	80833.052861	W	0.013709
01551994878144	80833.066570	S	0.777820
01552009812292	80833.844390	W	0.014042
01552010081904	80833.858432	S	0.095595
01552011917324	80833.954027	W	0.013547
01552012177432	80833.967575	S	0.887329
01552029214148	80834.854904	W	0.021019
01552029617720	80834.875923	S	0.989537
01552048616836	80835.865460	W	0.021526
01552049030144	80835.886987	S	0.186553
01552052611960	80836.073540	W	0.014020
01552052881152	80836.087560	S	1.243863
01552076763316	80837.331423	W	0.013511
01552077022728	80837.344934	S	0.190258
01552080675676	80837.535191	W	1.815826
01552115539540	80839.351018	S	0.335646
01552121983936	80839.686663	W	0.013343
01552122240124	80839.700006	S	0.020376
01552122631340	80839.720382	W	0.120722
01552124949208	80839.841105	S	0.016207
01552125260376	80839.857311	W	0.096173
01552127106904	80839.953485	S	0.040150
01552127877784	80839.993635	W	0.129199
01552130358412	80840.122834	S	0.075591
01552131809752	80840.198425	W	0.164497
01552134968092	80840.362921	S	0.040322
01552135742280	80840.403244	W	0.085106
01552137376324	80840.488350	S	0.015879
01552137681200	80840.504229	W	0.084089
01552139295708	80840.588318	S	0.015735
01552139597820	80840.604053	W	0.070371
01552140948948	80840.674424	S	0.138403
01552143606280	80840.812827	W	0.157815
01552146636324	80840.970642	S	0.015826
01552146940180	80840.986468	W	0.087290
01552148616152	80841.073758	S	0.015889
01552148921212	80841.089646	W	0.061910
01552150109884	80841.151556	S	0.070885
01552151470868	80841.222441	W	0.084425
01552153091824	80841.306866	S	0.016257
01552153403960	80841.323123	W	0.061027
01552154575684	80841.384150	S	0.480284
01552163797132	80841.864434	W	0.100409
01552165724992	80841.964843	S	0.001506
01552165753908	80841.966349	W	0.093401
01552167547208	80842.059750	S	0.009567
01552167730888	80842.069317	W	0.061373
01552168909252	80842.130690	S	0.115737
01552171131404	80842.246427	W	0.084154
01552172747160	80842.330581	S	0.016840
01552173070496	80842.347422	W	0.061088
01552174243384	80842.408510	S	0.754556
01552188730864	80843.163066	W	0.013680
01552188993528	80843.176746	S	0.713101
01552202685060	80843.889847	W	0.013879
01552202951544	80843.903726	S	0.186307
01552206528632	80844.090033	W	0.013343
01552206784812	80844.103376	S	0.703048
01552220283332	80844.806424	W	0.083257
01552221881860	80844.889680	S	0.009192
01552222058340	80844.898872	W	0.013680
01552222320988	80844.912551	S	0.054133
01552223360336	80844.966684	W	0.133582
01552225925108	80845.100266	S	0.016647
01552226244728	80845.116913	W	0.060695
01552227410064	80845.177607	S	0.038671
01552228152548	80845.216279	W	0.013078
01552228403636	80845.229356	S	0.493857
01552237885684	80845.723213	W	0.013642
01552238147604	80845.736854	S	0.169378
01552241399668	80845.906233	W	0.013993
01552241668336	80845.920226	S	0.320017
01552247812656	80846.240243	W	0.013660
01552248074936	80846.253903	S	0.088797
01552249779840	80846.342700	W	0.013368
01552250036508	80846.356068	S	0.559495
01552260778804	80846.915563	W	0.023121
01552261222720	80846.938683	S	0.992156
01552280272124	80847.930840	W	0.021808
01552280690844	80847.952648	S	0.187749
01552284295620	80848.140397	W	0.013845
01552284561448	80848.154242	S	0.134040
01552287135012	80848.288282	W	0.012577
01552287376496	80848.300859	S	0.605884
01552299009460	80848.906743	W	0.013558
01552299269780	80848.920301	S	0.021868
01552299689652	80848.942169	W	0.013754
01552299953720	80848.955923	S	0.970633
01552318589868	80849.926556	W	0.013408
01552318847296	80849.939963	S	0.011403
01552319066228	80849.951366	W	0.013575
01552319326868	80849.964941	S	0.268663
01552324485188	80850.233604	W	0.085336
01552326123632	80850.318939	S	0.535608
01552336407304	80850.854547	W	0.015441
01552336703768	80850.869988	S	0.090496
01552338441300	80850.960484	W	0.013967
01552338709460	80850.974451	S	0.186688
01552342293876	80851.161139	W	0.013837
01552342559544	80851.174976	S	0.795646
01552357835940	80851.970622	W	0.013003
01552358085592	80851.983625	S	0.995415
01552377197556	80852.979039	W	0.014151
01552377469248	80852.993190	S	0.995277
01552396578572	80853.988467	W	0.013881
01552396845084	80854.002348	S	0.182125
01552400341892	80854.184474	W	0.013638
01552400603740	80854.198111	S	0.801387
01552415990368	80854.999498	W	0.013817
01552416255656	80855.013315	S	0.001560
01552416285612	80855.014876	W	0.013367
01552416542252	80855.028242	S	0.018431
01552416896128	80855.046673	W	0.013152
01552417148648	80855.059825	S	0.499085
01552426731072	80855.558910	W	0.013289
01552426986212	80855.572199	S	0.191269
01552430658580	80855.763468	W	0.013153
01552430911124	80855.776621	S	0.237316
01552435467584	80856.013937	W	0.013306
01552435723060	80856.027243	S	0.554804
01552446375288	80856.582046	W	0.012854
01552446622092	80856.594901	S	0.427166
01552454823672	80857.022066	W	0.014517
01552455102404	80857.036584	S	0.165979
01552458289196	80857.202562	W	0.014370
01552458565100	80857.216932	S	0.814638
01552474206144	80858.031570	W	0.022073
01552474629948	80858.053643	S	0.678474
01552487656652	80858.732117	W	0.012780
01552487902028	80858.744897	S	0.298457
01552493632408	80859.043355	W	0.014551
01552493911788	80859.057906	S	0.993186
01552512980964	80860.051092	W	0.014631
01552513261888	80860.065723	S	0.158296
01552516301176	80860.224020	W	0.023544
01552516753224	80860.247564	S	0.815386
01552532408636	80861.062950	W	0.021345
01552532818460	80861.084295	S	0.990347
01552551833128	80862.074642	W	0.021993
01552552255396	80862.096635	S	0.989009
01552571244372	80863.085644	W	0.022330
01552571673112	80863.107975	S	0.143393
01552574426260	80863.251368	W	0.013832
01552574691844	80863.265200	S	0.835710
01552590737472	80864.100910	W	0.013745
01552591001376	80864.114655	S	0.660014
01552603673652	80864.774669	W	0.013317
01552603929348	80864.787987	S	0.321010
01552610092732	80865.108996	W	0.014522
01552610371560	80865.123519	S	0.996072
01552629496136	80866.119590	W	0.014552
01552629775540	80866.134143	S	0.079554
01552631302972	80866.213696	W	0.014648
01552631584212	80866.228344	S	0.043422
01552632417916	80866.271766	W	0.014446
01552632695284	80866.286213	S	3.003990
01552690371900	80869.290203	W	0.014436
01552690649076	80869.304639	S	0.077144
01552692130240	80869.381783	W	0.012285
01552692366116	80869.394069	S	0.089605
01552694086532	80869.483674	W	0.012142
01552694319652	80869.495815	S	0.911965
01552711829380	80870.407780	W	0.013667
01552712091788	80870.421447	S	0.425188
01552720255400	80870.846635	W	0.090487
01552721992744	80870.937122	S	0.083680
01552723599396	80871.020802	W	0.083820
01552725208732	80871.104621	S	0.121181
01552727535400	80871.225802	W	0.013228
01552727789384	80871.239030	S	0.601285
01552739334056	80871.840315	W	0.013436
01552739592032	80871.853752	S	0.458630
01552748397720	80872.312381	W	0.022126
01552748822532	80872.334507	S	0.120713
01552751140216	80872.455220	W	0.013384
01552751397192	80872.468604	S	0.088557
01552753097492	80872.557161	W	0.012611
01552753339632	80872.569773	S	2.768165
01552806488392	80875.337937	W	0.013812
01552806753588	80875.351749	S	0.591399
01552818108440	80875.943148	W	0.285427
01552823588640	80876.228575	S	0.015746
01552823890972	80876.244321	W	0.061899
01552825079436	80876.306221	S	1.427514
01552852487704	80877.733735	W	0.015447
01552852784288	80877.749182	S	0.615390
01552864599772	80878.364571	W	0.013944
01552864867496	80878.378515	S	2.685340
01552916426016	80881.063855	W	0.134346
01552919005452	80881.198201	S	0.016051
01552919313640	80881.214252	W	0.065302
01552920567444	80881.279554	S	0.109940
01552922678296	80881.389495	W	0.013810
01552922943444	80881.403304	S	0.170958
01552926225832	80881.574262	W	0.015576
01552926524888	80881.589838	S	0.286199
01552932019912	80881.876037	W	0.016652
01552932339624	80881.892689	S	0.495845
01552941859856	80882.388534	W	0.016147
01552942169872	80882.404681	S	1.826033
01552977229708	80884.230714	W	0.013448
01552977487916	80884.244162	S	0.169356
01552980739556	80884.413519	W	0.013991
01552981008176	80884.427509	S	0.724798
01552994924296	80885.152307	W	0.013449
01552995182524	80885.165756	S	0.805714
01553010652228	80885.971470	W	0.013329
01553010908140	80885.984799	S	0.703610
01553024417444	80886.688409	W	0.012983
01553024666716	80886.701391	S	0.499421
01553034255592	80887.200812	W	0.013238
01553034509756	80887.214050	S	0.088664
01553036212104	80887.302714	W	0.013233
01553036466184	80887.315947	S	0.089192
01553038178668	80887.405139	W	0.013449
01553038436884	80887.418588	S	0.014802
01553038721084	80887.433390	W	0.021404
01553039132032	80887.454793	S	3.000867
01553096748680	80890.455660	W	0.013238
01553097002848	80890.468898	S	3.003622
01553154672396	80893.472521	W	0.013723
01553154935880	80893.486244	S	1.087003
01553175806340	80894.573247	W	0.013461
01553176064792	80894.586708	S	1.421709
01553203361600	80896.008417	W	0.013096
01553203613052	80896.021513	S	0.476094
01553212754056	80896.497607	W	0.021439
01553213165676	80896.519046	S	3.006906
01553270898268	80899.525951	W	0.013228
01553271152248	80899.539180	S	0.358541
01553278036244	80899.897721	W	0.013413
01553278293768	80899.911134	S	1.112454
01553299652888	80901.023588	W	0.013790
01553299917656	80901.037378	S	0.409552
01553307781052	80901.446930	W	0.106158
01553309819284	80901.553088	S	0.008081
01553309974444	80901.561169	W	0.014434
01553310251576	80901.575603	S	0.221566
01553314505652	80901.797169	W	0.015063
01553314794860	80901.812232	S	0.440030
01553323243436	80902.252262	W	0.012715
01553323487560	80902.264977	S	0.283843
01553328937344	80902.548820	W	0.014499
01553329215728	80902.563319	S	0.405624
01553337003716	80902.968944	W	0.012793
01553337249340	80902.981736	S	0.499528
01553346840272	80903.481264	W	0.012594
01553347082080	80903.493858	S	0.294439
01553352735312	80903.788297	W	0.012716
01553352979452	80903.801013	S	0.294438
01553358632660	80904.095451	W	0.012701
01553358876512	80904.108152	S	0.192449
01553362571524	80904.300600	W	0.014225
01553362844644	80904.314825	S	1.258032
01553386998856	80905.572857	W	0.014468
01553387276636	80905.587325	S	1.260418
01553411476660	80906.847743	W	0.092878
01553413259924	80906.940621	S	0.124163
01553415643860	80907.064784	W	0.224999
01553419963844	80907.289784	S	0.016606
01553420282676	80907.306389	W	0.084221
01553421899720	80907.390610	S	0.083786
01553423508404	80907.474396	W	0.120952
01553425830676	80907.595348	S	0.083816
01553427439936	80907.679163	W	0.129858
01553429933212	80907.809021	S	0.000766
01553429947928	80907.809788	W	0.060394
01553431107496	80907.870182	S	0.021587
01553431521972	80907.891769	W	0.084127
01553433137212	80907.975896	S	0.010361
01553433336140	80907.986257	W	0.120839
01553435656248	80908.107096	S	0.007436
01553435799024	80908.114532	W	0.107235
01553437857936	80908.221767	S	0.017046
01553438185224	80908.238814	W	0.081176
01553439743812	80908.319990	S	0.030231
01553440324248	80908.350221	W	0.084005
01553441937136	80908.434226	S	0.016655
01553442256920	80908.450881	W	0.111027
01553444388644	80908.561909	S	0.016435
01553444704188	80908.578343	W	0.152275
01553447627868	80908.730618	S	0.016323
01553447941272	80908.746941	W	0.077589
01553449430988	80908.824531	S	0.008845
01553449600820	80908.833376	W	0.060141
01553450755520	80908.893517	S	0.016664
01553451075464	80908.910180	W	0.060544
01553452237900	80908.970724	S	0.000752
01553452252344	80908.971476	W	0.084803
01553453880568	80909.056280	S	0.056509
01553454965548	80909.112789	W	0.120558
01553457280264	80909.233347	S	0.005904
01553457393620	80909.239251	W	0.059807
01553458541908	80909.299058	S	0.026826
01553459056968	80909.325884	W	0.112871
01553461224084	80909.438754	S	0.083545
01553462828148	80909.522299	W	0.081794
01553464398596	80909.604094	S	0.128531
01553466866388	80909.732624	W	0.115596
01553469085828	80909.848220	S	0.083755
01553470693916	80909.931975	W	0.081708
01553472262708	80910.013683	S	0.016261
01553472574916	80910.029944	W	0.059238
01553473712284	80910.089181	S	0.053192
01553474733572	80910.142374	W	0.085418
01553476373604	80910.227792	S	0.113726
01553478557144	80910.341518	W	0.082433
01553480139860	80910.423951	S	0.015884
01553480444832	80910.439835	W	0.059182
01553481581120	80910.499017	S	0.053187
01553482602304	80910.552203	W	0.085763
01553484248948	80910.637966	S	0.113102
01553486420508	80910.751068	W	0.081865
01553487992316	80910.832933	S	0.016199
01553488303332	80910.849132	W	0.059130
01553489438624	80910.908262	S	0.052808
01553490452540	80910.961070	W	0.084158
01553492068368	80911.045227	S	0.115483
01553494285636	80911.160710	W	0.084822
01553495914228	80911.245533	S	0.130550
01553498420784	80911.376083	W	0.111018
01553500552320	80911.487100	S	0.083245
01553502150620	80911.570345	W	0.086603
01553503813392	80911.656947	S	0.015757
01553504115932	80911.672705	W	0.060143
01553505270684	80911.732848	S	0.051094
01553506251684	80911.783942	W	0.111892
01553508400012	80911.895834	S	0.083932
01553510011512	80911.979766	W	0.446866
01553518591348	80912.426633	S	0.016460
01553518907380	80912.443093	W	0.067207
01553520197748	80912.510299	S	0.007051
01553520333136	80912.517351	W	0.096595
01553522187764	80912.613946	S	0.004460
01553522273392	80912.618406	W	0.060057
01553523426480	80912.678463	S	0.016376
01553523740908	80912.694839	W	0.082697
01553525328684	80912.777536	S	0.015817
01553525632376	80912.793353	W	0.060554
01553526795008	80912.853907	S	0.056650
01553527882688	80912.910557	W	0.112597
01553530044552	80913.023154	S	0.137048
01553532675880	80913.160202	W	0.085860
01553534324392	80913.246062	S	0.015824
01553534628204	80913.261886	W	0.087064
01553536299832	80913.348950	S	0.016044
01553536607872	80913.364993	W	0.068287
01553537918984	80913.433280	S	0.045344
01553538789592	80913.478625	W	0.083807
01553540398696	80913.562432	S	0.056834
01553541489912	80913.619266	W	0.083408
01553543091344	80913.702674	S	0.008842
01553543261116	80913.711516	W	0.090094
01553544990928	80913.801611	S	0.015936
01553545296896	80913.817547	W	0.086300
01553546953852	80913.903846	S	0.016015
01553547261340	80913.919861	W	0.060665
01553548426112	80913.980527	S	0.038368
01553549162772	80914.018894	W	0.013720
01553549426192	80914.032614	S	0.001454
01553549454104	80914.034068	W	0.185030
01553553006676	80914.219098	S	0.016002
01553553313908	80914.235099	W	0.088678
01553555016516	80914.323777	S	0.014215
01553555289440	80914.337992	W	0.061587
01553556471908	80914.399579	S	0.210191
01553560507576	80914.609770	W	0.013951
01553560775440	80914.623721	S	0.230283
01553565196876	80914.854004	W	0.015495
01553565494380	80914.869499	S	0.158674
01553568540920	80915.028173	W	0.022928
01553568981144	80915.051101	S	0.206816
01553572952004	80915.257917	W	0.013343
01553573208180	80915.271259	S	0.769979
01553587991772	80916.041238	W	0.023075
01553588434804	80916.064313	S	0.320013
01553594579060	80916.384326	W	0.013564
01553594839484	80916.397890	S	0.656394
01553607442248	80917.054284	W	0.013721
01553607705684	80917.068004	S	0.442445
01553616200628	80917.510449	W	0.083955
01553617812556	80917.594404	S	0.035173
01553618487868	80917.629576	W	0.013884
01553618754440	80917.643460	S	0.072095
01553620138672	80917.715556	W	0.013223
01553620392560	80917.728779	S	0.335267
01553626829692	80918.064046	W	0.022030
01553627252668	80918.086076	S	0.244175
01553631940836	80918.330252	W	0.020541
01553632335216	80918.350793	S	0.081550
01553633900976	80918.432343	W	0.013375
01553634157784	80918.445718	S	0.090774
01553635900648	80918.536492	W	0.013325
01553636156488	80918.549817	S	0.526467
01553646264648	80919.076284	W	0.013709
01553646527868	80919.089993	S	0.059178
01553647664080	80919.149171	W	0.013312
01553647919680	80919.162483	S	0.294086
01553653566128	80919.456569	W	0.013997
01553653834872	80919.470566	S	0.088343
01553655531060	80919.558909	W	0.013335
01553655787084	80919.572244	S	0.514097
01553665657752	80920.086341	W	0.013746
01553665921684	80920.100088	S	0.551660
01553676513564	80920.651748	W	0.013599
01553676774668	80920.665347	S	0.431068
01553685051176	80921.096415	W	0.021457
01553685463148	80921.117872	S	0.591614
01553696822132	80921.709486	W	0.013378
01553697078984	80921.722864	S	0.387996
01553704528512	80922.110860	W	0.023067
01553704971400	80922.133927	S	0.601113
01553716512768	80922.735040	W	0.013369
01553716769456	80922.748409	S	0.376147
01553723991480	80923.124556	W	0.022055
01553724414932	80923.146611	S	0.530311
01553734596908	80923.676922	W	0.020953
01553734999212	80923.697876	S	0.059366
01553736139040	80923.757242	W	0.012677
01553736382432	80923.769918	S	0.367738
01553743443004	80924.137656	W	0.022057
01553743866504	80924.159714	S	0.992853
01553762929288	80925.152567	W	0.013614
01553763190680	80925.166181	S	0.997937
01553782351072	80926.164118	W	0.013903
01553782618008	80926.178021	S	0.345807
01553789257496	80926.523828	W	0.013368
01553789514164	80926.537196	S	0.169886
01553792775984	80926.707082	W	0.014091
01553793046536	80926.721174	S	0.454714
01553801777048	80927.175888	W	0.014000
01553802045852	80927.189888	S	0.484526
01553811348748	80927.674414	W	0.014455
01553811626280	80927.688869	S	0.496981
01553821168312	80928.185850	W	0.013917
01553821435516	80928.199766	S	0.996905
01553840576088	80929.196671	W	0.021251
01553840984108	80929.217922	S	0.515941
01553850890176	80929.733863	W	0.020976
01553851292908	80929.754839	S	0.555857
01553861965360	80930.310696	W	0.013417
01553862222972	80930.324113	S	0.912358
01553879740252	80931.236471	W	0.013599
01553880001352	80931.250070	S	0.084954
01553881632468	80931.335024	W	0.013266
01553881887172	80931.348290	S	1.317681
01553907186640	80932.665971	W	0.013406
01553907444032	80932.679377	S	0.079684
01553908973972	80932.759061	W	0.021056
01553909378244	80932.780117	S	0.207083
01553913354244	80932.987200	W	0.106766
01553915404148	80933.093966	S	0.083768
01553917012488	80933.177734	W	0.083568
01553918616996	80933.261302	S	0.019086
01553918983440	80933.280387	W	0.013350
01553919239756	80933.293737	S	0.191440
01553922915396	80933.485177	W	0.013526
01553923175100	80933.498703	S	0.555368
01553933838160	80934.054071	W	0.015379
01553934133436	80934.069450	S	0.234865
01553938642840	80934.304315	W	0.013478
01553938901612	80934.317792	S	1.467618
01553967079872	80935.785410	W	0.022496
01553967511792	80935.807906	S	2.344623
01554012528556	80938.152529	W	0.235609
01554017052256	80938.388138	S	0.015860
01554017356776	80938.403999	W	0.061485
01554018537292	80938.465484	S	0.349369
01554025245172	80938.814853	W	0.013721
01554025508624	80938.828574	S	2.848759
01554080204800	80941.677333	W	0.012741
01554080449428	80941.690074	S	0.151205
01554083352564	80941.841279	W	0.013833
01554083618152	80941.855112	S	1.416418
01554110813384	80943.271530	W	0.085922
01554112463092	80943.357453	S	0.060313
01554113621096	80943.417765	W	0.084618
01554115245768	80943.502384	S	0.222860
01554119524680	80943.725244	W	0.013300
01554119780032	80943.738543	S	0.555411
01554130443924	80944.293954	W	0.015413
01554130739848	80944.309367	S	0.558005
01554141453540	80944.867372	W	0.013920
01554141720808	80944.881292	S	0.790000
01554156888812	80945.671292	W	0.013453
01554157147104	80945.684745	S	0.088462
01554158845568	80945.773207	W	0.013295
01554159100836	80945.786502	S	0.909907
01554176571048	80946.696409	W	0.022337
01554176999920	80946.718746	S	0.796373
01554192290276	80947.515119	W	0.013326
01554192546132	80947.528444	S	0.190499
01554196203708	80947.718943	W	0.013279
01554196458660	80947.732222	S	0.160241
01554199535284	80947.892463	W	0.013996
01554199804004	80947.906459	S	0.119564
01554202099636	80948.026023	W	0.013456
01554202357992	80948.039479	S	0.498501
01554211929216	80948.537980	W	0.013331
01554212185180	80948.551311	S	0.191970
01554215871004	80948.743281	W	0.013376
01554216127832	80948.756658	S	0.088525
01554217827504	80948.845182	W	0.013386
01554218084516	80948.858569	S	0.396240
01554225692316	80949.254808	W	0.013314
01554225947940	80949.268122	S	1.649196
01554257612512	80950.917318	W	0.013785
01554257877176	80950.931103	S	2.419824
01554304337800	80953.350927	W	0.016373
01554304652160	80953.367300	S	0.496347
01554314182024	80953.863647	W	0.025748
01554314676392	80953.889395	S	0.051249
01554315660364	80953.940644	W	0.022236
01554316087292	80953.962880	S	1.538875
01554345633696	80955.501755	W	0.013485
01554345892604	80955.515240	S	0.088491
01554347591624	80955.603730	W	0.013251
01554347846052	80955.616982	S	1.215431
01554371182336	80956.832413	W	0.013397
01554371439560	80956.845810	S	0.120888
01554373760604	80956.966698	W	0.013799
01554374025536	80956.980497	S	3.010017
01554431817864	80959.990514	W	0.014064
01554432087896	80960.004578	S	0.617038
01554443935028	80960.621616	W	0.013367
01554444191676	80960.634983	S	0.088533
01554445891504	80960.723516	W	0.013214
01554446145220	80960.736730	S	0.908461
01554463587676	80961.645191	W	0.013570
01554463848220	80961.658761	S	1.215246
01554487180944	80962.874007	W	0.013493
01554487440012	80962.887501	S	0.125946
01554489858184	80963.013447	W	0.013740
01554490121984	80963.027187	S	0.665986
01554502908924	80963.693173	W	0.013438
01554503166940	80963.706611	S	0.089032
01554504876356	80963.795644	W	0.013321
01554505132124	80963.808965	S	0.601055
01554516672376	80964.410020	W	0.013418
01554516929996	80964.423437	S	0.600717
01554528463756	80965.024154	W	0.036484
01554529164256	80965.060638	S	0.270902
01554534365584	80965.331541	W	0.013505
01554534624888	80965.345046	S	0.601148
01554546166932	80965.946194	W	0.013559
01554546427268	80965.959754	S	0.079246
01554547948800	80966.039000	W	0.020976
01554548351536	80966.059976	S	0.090624
01554550091520	80966.150600	W	0.026175
01554550594080	80966.176775	S	0.282036
01554556009176	80966.458811	W	0.013792
01554556273988	80966.472604	S	0.190223
01554559926264	80966.662826	W	0.013255
01554560180756	80966.676081	S	1.625987
01554591399704	80968.302068	W	0.013626
01554591661328	80968.315694	S	0.746332
01554605990896	80969.062026	W	0.013879
01554606257380	80969.075905	S	0.761385
01554620875968	80969.837290	W	0.012779
01554621121316	80969.850069	S	2.237030
01554664072300	80972.087099	W	0.019685
01554664450260	80972.106784	S	0.085635
01554666094444	80972.192419	W	0.013386
01554666351464	80972.205805	S	1.273255
01554690797964	80973.479061	W	0.063032
01554692008180	80973.542093	S	1.107936
01554713280556	80974.650029	W	0.013502
01554713539792	80974.663531	S	0.449566
01554722171468	80975.113097	W	0.022537
01554722604180	80975.135634	S	0.538384
01554732941144	80975.674018	W	0.013566
01554733201608	80975.687584	S	0.191242
01554736873452	80975.878826	W	0.013515
01554737132948	80975.892341	S	1.010836
01554756541000	80976.903177	W	0.013650
01554756803072	80976.916827	S	0.805167
01554772262272	80977.721993	W	0.013295
01554772517528	80977.735288	S	0.396342
01554780127304	80978.131630	W	0.013389
01554780384380	80978.145020	S	0.003387
01554780449412	80978.148407	W	0.012560
01554780690568	80978.160967	S	0.687568
01554793891872	80978.848535	W	0.013095
01554794143288	80978.861630	S	0.089164
01554795855236	80978.950794	W	0.013425
01554796112992	80978.964218	S	0.601025
01554807652676	80979.565244	W	0.013510
01554807912064	80979.578753	S	1.590592
01554838451436	80981.169346	W	0.013714
01554838714736	80981.183059	S	2.584709
01554888341148	80983.767768	W	0.013317
01554888596840	80983.781085	S	0.414823
01554896561444	80984.195909	W	0.021253
01554896969508	80984.217162	S	0.980356
01554915792352	80985.197518	W	0.022417
01554916222752	80985.219935	S	1.925323
01554953188948	80987.145258	W	0.013504
01554953448220	80987.158761	S	0.065670
01554954709088	80987.224432	W	0.013625
01554954970692	80987.238057	S	1.857571
01554990636064	80989.095628	W	0.022929
01554991076296	80989.118557	S	1.131299
01555012797232	80990.249856	W	0.014197
01555013069820	80990.264053	S	0.461683
01555021934128	80990.725736	W	0.035368
01555022613188	80990.761104	S	0.169622
01555025869936	80990.930726	W	0.012995
01555026119432	80990.943720	S	0.126546
01555028549120	80991.070267	W	0.015256
01555028842044	80991.085523	S	0.869213
01555045530932	80991.954736	W	0.012812
01555045776932	80991.967549	S	0.396830
01555053396076	80992.364379	W	0.012673
01555053639404	80992.377052	S	0.899713
01555070913884	80993.276765	W	0.022689
01555071349512	80993.299454	S	0.088911
01555073056596	80993.388364	W	0.012778
01555073301936	80993.401143	S	0.235202
01555077817820	80993.636345	W	0.014658
01555078099252	80993.651003	S	0.249832
01555082896028	80993.900835	W	0.012755
01555083140920	80993.913590	S	0.089065
01555084850968	80994.002655	W	0.012765
01555085096052	80994.015419	S	0.126075
01555087516700	80994.141495	W	0.084476
01555089138644	80994.225971	S	0.083706
01555090745796	80994.309677	W	0.081235
01555092305508	80994.390912	S	0.258389
01555097266568	80994.649300	W	0.015271
01555097559776	80994.664572	S	0.362203
01555104514080	80995.026775	W	0.012796
01555104759756	80995.039571	S	1.268889
01555129122432	80996.308460	W	0.023912
01555129581536	80996.332372	S	0.026411
01555130088636	80996.358783	W	0.013274
01555130343488	80996.372057	S	0.805885
01555145816480	80997.177942	W	0.013466
01555146075020	80997.191407	S	0.191239
01555149746804	80997.382646	W	0.036661
01555150450688	80997.419307	S	0.168996
01555153695412	80997.588303	W	0.013399
01555153952668	80997.601701	S	0.088384
01555155649632	80997.690085	W	0.013508
01555155908992	80997.703593	S	0.350059
01555162630124	80998.053652	W	0.015392
01555162925652	80998.069044	S	0.337979
01555169414840	80998.407023	W	0.023812
01555169872036	80998.430835	S	0.078802
01555171385040	80998.509637	W	0.013458
01555171643424	80998.523095	S	0.395772
01555179242240	80998.918867	W	0.023656
01555179696432	80998.942523	S	0.079638
01555181225476	80999.022160	W	0.013710
01555181488704	80999.035870	S	0.088070
01555183179640	80999.123940	W	0.013471
01555183438292	80999.137411	S	0.198170
01555187243164	80999.335581	W	0.236051
01555191775340	80999.571632	S	0.015850
01555192079664	80999.587483	W	0.066645
01555193359244	80999.654127	S	0.288800
01555198904208	80999.942928	W	0.013528
01555199163940	80999.956455	S	0.908848
01555216613824	81000.865303	W	0.013558
01555216874144	81000.878862	S	1.420237
01555244142700	81002.299099	W	0.013417
01555244400300	81002.312516	S	0.057676
01555245507684	81002.370192	W	0.013863
01555245773848	81002.384055	S	1.245216
01555269681992	81003.629270	W	0.013527
01555269941716	81003.642798	S	0.094946
01555271764672	81003.737743	W	0.013219
01555272018476	81003.750962	S	0.185512
01555275580300	81003.936474	W	0.013365
01555275836900	81003.949839	S	0.504617
01555285525540	81004.454455	W	0.135368
01555288124604	81004.589823	S	0.016027
01555288432328	81004.605850	W	0.065876
01555289697148	81004.671726	S	0.698388
01555303106200	81005.370115	W	0.013344
01555303362412	81005.383459	S	0.011958
01555303592008	81005.395417	W	0.013759
01555303856188	81005.409176	S	2.111303
01555344393200	81007.520479	W	0.013524
01555344652868	81007.534004	S	0.498638
01555354226720	81008.032642	W	0.016242
01555354538572	81008.048884	S	0.372947
01555361699148	81008.421831	W	0.022688
01555362134756	81008.444519	S	0.003211
01555362196408	81008.447730	W	0.013168
01555362449232	81008.460898	S	0.288573
01555367989840	81008.749471	W	0.013328
01555368245744	81008.762799	S	0.089069
01555369955868	81008.851868	W	0.013115
01555370207684	81008.864984	S	0.805876
01555385680512	81009.670860	W	0.013581
01555385941264	81009.684441	S	0.089030
01555387650632	81009.773470	W	0.013198
01555387904032	81009.786668	S	0.293971
01555393548284	81010.080640	W	0.013179
01555393801328	81010.093819	S	0.397344
01555401430324	81010.491163	W	0.013658
01555401692552	81010.504820	S	0.292663
01555407311676	81010.797483	W	0.022781
01555407749072	81010.820264	S	0.284208
01555413205860	81011.104472	W	0.013502
01555413465096	81011.117974	S	0.331670
01555419833160	81011.449644	W	0.022191
01555420259236	81011.471835	S	1.271213
01555444666520	81012.743048	W	0.013553
01555444926744	81012.756601	S	0.088735
01555446630448	81012.845336	W	0.013151
01555446882952	81012.858487	S	1.619068
01555477969048	81014.477555	W	0.022386
01555478398864	81014.499941	S	0.190773
01555482061700	81014.690714	W	0.012885
01555482309096	81014.703599	S	1.008862
01555501679256	81015.712461	W	0.013637
01555501941088	81015.726098	S	1.010583
01555521344288	81016.736682	W	0.013646
01555521606300	81016.750328	S	0.752970
01555536063328	81017.503298	W	0.013853
01555536329296	81017.517151	S	0.243624
01555541006872	81017.760775	W	0.013444
01555541264988	81017.774218	S	2.753768
01555594137336	81020.527986	W	0.022566
01555594570612	81020.550553	S	1.306001
01555619645836	81021.856554	W	0.013423
01555619903552	81021.869977	S	0.601046
01555631443628	81022.471022	W	0.013444
01555631701744	81022.484466	S	1.072219
01555652288348	81023.556685	W	0.013254
01555652542828	81023.569939	S	0.232184
01555657000760	81023.802123	W	0.013336
01555657256808	81023.815459	S	0.498820
01555666834148	81024.314279	W	0.013378
01555667090996	81024.327656	S	0.295266
01555672760112	81024.622922	W	0.013201
01555673013568	81024.636123	S	0.190257
01555676666508	81024.826381	W	0.013524
01555676926160	81024.839904	S	0.190966
01555680592708	81025.030870	W	0.013309
01555680848244	81025.044179	S	0.089304
01555682562880	81025.133483	W	0.013408
01555682820320	81025.146892	S	0.703224
01555696322220	81025.850116	W	0.027987
01555696859580	81025.878103	S	0.484803
01555706167796	81026.362906	W	0.016243
01555706479660	81026.379149	S	0.085744
01555708125948	81026.464893	W	0.013377
01555708382788	81026.478270	S	0.105950
01555710417036	81026.584221	W	0.013909
01555710684088	81026.598130	S	3.012289
01555768520028	81029.610418	W	0.013836
01555768785688	81029.624255	S	2.064935
01555808432448	81031.689190	W	0.013518
01555808691984	81031.702707	S	0.930743
01555826562248	81032.633450	W	0.013624
01555826823824	81032.647074	S	1.997115
01555865168432	81034.644189	W	0.043393
01555866001576	81034.687582	S	0.421418
01555874092800	81035.109000	W	0.015414
01555874388744	81035.124414	S	0.534937
01555884659540	81035.659351	W	0.014655
01555884940920	81035.674006	S	3.011022
01555942752540	81038.685028	W	0.022144
01555943177700	81038.707172	S	2.092656
01555983356696	81040.799828	W	0.012802
01555983602492	81040.812630	S	0.089434
01555985319620	81040.902064	W	0.012633
01555985562180	81040.914697	S	0.799160
01556000906048	81041.713857	W	0.014551
01556001185432	81041.728408	S	0.095184
01556003012960	81041.823592	W	0.012631
01556003255472	81041.836223	S	0.601740
01556014808872	81042.437962	W	0.013141
01556015061176	81042.451103	S	1.319124
01556040388348	81043.770226	W	0.013395
01556040645524	81043.783621	S	0.957611
01556059031652	81044.741232	W	0.013736
01556059295376	81044.754968	S	1.063349
01556079711676	81045.818316	W	0.021063
01556080116092	81045.839380	S	0.287053
01556085627512	81046.126433	W	0.013504
01556085886784	81046.139937	S	1.623755
01556117062872	81047.763691	W	0.012170
01556117296540	81047.775861	S	1.116598
01556138735216	81048.892459	W	0.013649
01556138997280	81048.906108	S	1.629334
01556170280496	81050.535442	W	0.014849
01556170565596	81050.550291	S	0.238018
01556175135536	81050.788309	W	0.013963
01556175403632	81050.802273	S	3.010575
01556233206668	81053.812847	W	0.013793
01556233471500	81053.826641	S	3.013989
01556291340080	81056.840629	W	0.021976
01556291762012	81056.862605	S	0.833939
01556307773644	81057.696544	W	0.013401
01556308030948	81057.709945	S	0.612546
01556319791828	81058.322491	W	0.123613
01556322165204	81058.446104	S	0.015915
01556322470776	81058.462020	W	0.072139
01556323855844	81058.534159	S	0.800823
01556339231640	81059.334981	W	0.027078
01556339751536	81059.362059	S	0.505287
01556349453040	81059.867346	W	0.013821
01556349718404	81059.881167	S	0.172459
01556353029616	81060.053626	W	0.013384
01556353286584	81060.067010	S	1.008741
01556372654404	81061.075750	W	0.013426
01556372912192	81061.089177	S	1.808113
01556407627956	81062.897289	W	0.021766
01556408045856	81062.919055	S	0.415361
01556416020784	81063.334416	W	0.235997
01556420551924	81063.570413	S	0.015860
01556420856436	81063.586273	W	0.067829
01556422158756	81063.654102	S	0.084087
01556423773220	81063.738189	W	0.013166
01556424026000	81063.751354	S	0.862222
01556440580668	81064.613576	W	0.015607
01556440880332	81064.629184	S	1.298524
01556465811996	81065.927708	W	0.013622
01556466073540	81065.941330	S	2.513141
01556514325848	81068.454471	W	0.135658
01556516930480	81068.590129	S	0.016009
01556517237852	81068.606138	W	0.065580
01556518496988	81068.671718	S	0.281686
01556523905352	81068.953404	W	0.021339
01556524315056	81068.974742	S	3.003858
01556581989128	81071.978600	W	0.013778
01556582253672	81071.992379	S	0.859568
01556598757372	81072.851946	W	0.013368
01556599014044	81072.865315	S	1.522453
01556628245148	81074.387768	W	0.013568
01556628505648	81074.401336	S	0.396103
01556636110820	81074.797439	W	0.012846
01556636357468	81074.810285	S	0.191131
01556640027176	81075.001415	W	0.012192
01556640261268	81075.013608	S	0.398165
01556647906032	81075.411772	W	0.013436
01556648164000	81075.425208	S	0.703449
01556661670220	81076.128657	W	0.012831
01556661916568	81076.141488	S	1.318271
01556687227364	81077.459759	W	0.013459
01556687485780	81077.473218	S	0.550615
01556698057588	81078.023833	W	0.021784
01556698475836	81078.045616	S	3.005592
01556756183200	81081.051208	W	0.013774
01556756447668	81081.064983	S	2.537855
01556805174488	81083.602838	W	0.014104
01556805445292	81083.616942	S	0.192394
01556809139260	81083.809336	W	0.012535
01556809379932	81083.821871	S	0.254768
01556814271476	81084.076639	W	0.014540
01556814550640	81084.091179	S	0.433256
01556822869152	81084.524435	W	0.012961
01556823118012	81084.537396	S	2.562532
01556872318632	81087.099929	W	0.014353
01556872594212	81087.114282	S	0.789415
01556887750980	81087.903697	W	0.013944
01556888018704	81087.917641	S	0.909799
01556905486840	81088.827440	W	0.012599
01556905728748	81088.840039	S	0.906857
01556923140408	81089.746896	W	0.012736
01556923384936	81089.759632	S	0.365393
01556930400472	81090.125025	W	0.021849
01556930819980	81090.146874	S	0.521622
01556940835132	81090.668496	W	0.012646
01556941077940	81090.681143	S	0.192139
01556944767012	81090.873282	W	0.012844
01556945013620	81090.886126	S	0.396763
01556952631460	81091.282889	W	0.012635
01556952874056	81091.295524	S	1.858306
01556988553524	81093.153829	W	0.014712
01556988835992	81093.168541	S	3.011755
01557046661688	81096.180296	W	0.014303
01557046936308	81096.194599	S	1.951013
01557084395752	81098.145612	W	0.013408
01557084653184	81098.159020	S	0.485468
01557093974172	81098.644488	W	0.053893
01557095008920	81098.698381	S	0.060695
01557096174260	81098.759076	W	0.013228
01557096428232	81098.772304	S	0.090315
01557098162276	81098.862619	W	0.013342
01557098418440	81098.875960	S	0.089360
01557100134156	81098.965321	W	0.018435
01557100488116	81098.983756	S	0.179279
01557103930264	81099.163035	W	0.014341
01557104205620	81099.177376	S	0.029149
01557104765280	81099.206525	W	0.013654
01557105027440	81099.220179	S	0.364428
01557112024448	81099.584607	W	0.015526
01557112322552	81099.600133	S	0.080696
01557113871920	81099.680829	W	0.013250
01557114126320	81099.694079	S	2.538407
01557162863728	81102.232486	W	0.013857
01557163129784	81102.246343	S	0.404372
01557170893724	81102.650715	W	0.013578
01557171154416	81102.664293	S	1.009887
01557190544244	81103.674179	W	0.013516
01557190803752	81103.687695	S	0.088978
01557192512132	81103.776674	W	0.013207
01557192765700	81103.789880	S	0.912488
01557210285476	81104.702369	W	0.013430
01557210543336	81104.715799	S	0.084807
01557212171632	81104.800606	W	0.013187
01557212424820	81104.813793	S	0.195715
01557216182556	81105.009508	W	0.013377
01557216439400	81105.022885	S	0.233542
01557220923404	81105.256427	W	0.022361
01557221352732	81105.278788	S	0.340974
01557227899428	81105.619762	W	0.013459
01557228157836	81105.633221	S	0.089287
01557229872148	81105.722508	W	0.013323
01557230127956	81105.735831	S	0.703210
01557243629596	81106.439041	W	0.013093
01557243880984	81106.452135	S	0.294100
01557249527708	81106.746235	W	0.013453
01557249786004	81106.759688	S	0.088991
01557251494624	81106.848678	W	0.012880
01557251741928	81106.861559	S	1.421083
01557279026720	81108.282642	W	0.013645
01557279288712	81108.296287	S	3.010369
01557337087788	81111.306656	W	0.013699
01557337350812	81111.320355	S	0.678367
01557350375464	81111.998722	W	0.013640
01557350637348	81112.012362	S	0.366038
01557357665276	81112.378400	W	0.013407
01557357922700	81112.391807	S	0.001523
01557357951940	81112.393330	W	0.014121
01557358223072	81112.407452	S	0.076353
01557359689044	81112.483804	W	0.013230
01557359943064	81112.497035	S	0.086396
01557361601860	81112.583430	W	0.013356
01557361858292	81112.596786	S	0.089655
01557363579660	81112.686441	W	0.013297
01557363834956	81112.699737	S	0.190659
01557367495612	81112.890396	W	0.013154
01557367748172	81112.903551	S	0.090226
01557369480504	81112.993776	W	0.013247
01557369734844	81113.007023	S	0.088107
01557371426492	81113.095130	W	0.013267
01557371681224	81113.108397	S	0.089254
01557373394900	81113.197651	W	0.012629
01557373637372	81113.210280	S	0.911167
01557391131784	81114.121447	W	0.013683
01557391394492	81114.135130	S	0.086473
01557393054780	81114.221603	W	0.013265
01557393309472	81114.234868	S	0.096491
01557395162104	81114.331360	W	0.021834
01557395581312	81114.353193	S	0.687766
01557408786412	81115.040959	W	0.013321
01557409042172	81115.054280	S	0.088762
01557410746412	81115.143042	W	0.013441
01557411004476	81115.156483	S	1.113123
01557432376436	81116.269606	W	0.013463
01557432634924	81116.283069	S	0.805664
01557448103672	81117.088733	W	0.012986
01557448352996	81117.101719	S	0.255276
01557453254304	81117.356995	W	0.013829
01557453519828	81117.370824	S	0.024990
01557453999636	81117.395814	W	0.013435
01557454257588	81117.409249	S	1.012159
01557473691044	81118.421409	W	0.013458
01557473949436	81118.434866	S	1.214518
01557497268188	81119.649385	W	0.012981
01557497517416	81119.662365	S	0.600676
01557509050388	81120.263041	W	0.013371
01557509307104	81120.276412	S	0.105098
01557511324984	81120.381510	W	0.014002
01557511593832	81120.395512	S	0.072453
01557512984924	81120.467965	W	0.013228
01557513238904	81120.481193	S	0.396320
01557520848256	81120.877513	W	0.012862
01557521095200	81120.890375	S	0.499063
01557530677208	81121.389438	W	0.013410
01557530934680	81121.402848	S	0.106552
01557532980488	81121.509400	W	0.120658
01557535297128	81121.630059	S	0.015876
01557535601948	81121.645935	W	0.069122
01557536929096	81121.715057	S	0.083976
01557538541428	81121.799033	W	0.013367
01557538798080	81121.812400	S	0.400954
01557546496392	81122.213354	W	0.015485
01557546793712	81122.228839	S	1.176950
01557569391148	81123.405789	W	0.021150
01557569797228	81123.426939	S	0.420150
01557577864116	81123.847089	W	0.013474
01557578122820	81123.860564	S	0.703726
01557591634368	81124.564290	W	0.016649
01557591954032	81124.580939	S	1.006913
01557611286760	81125.587852	W	0.013508
01557611546112	81125.601360	S	0.830678
01557627495124	81126.432038	W	0.013825
01557627760572	81126.445863	S	0.121339
01557630090272	81126.567202	W	0.235408
01557634610108	81126.802610	S	0.016027
01557634917824	81126.818637	W	0.061812
01557636104612	81126.880449	S	0.452746
01557644797336	81127.333195	W	0.015531
01557645095536	81127.348726	S	1.722654
01557678170488	81129.071380	W	0.013499
01557678429664	81129.084878	S	0.375975
01557685648380	81129.460853	W	0.021094
01557686053384	81129.481947	S	0.611555
01557697795236	81130.093502	W	0.013334
01557698051256	81130.106836	S	1.581913
01557728423984	81131.688749	W	0.209964
01557732455292	81131.898713	S	0.554602
01557743103660	81132.453316	W	0.015413
01557743399580	81132.468728	S	0.019830
01557743780320	81132.488558	W	0.014582
01557744060300	81132.503141	S	0.559680
01557754806148	81133.062820	W	0.026230
01557755309760	81133.089050	S	0.076406
01557756776752	81133.165456	W	0.013314
01557757032384	81133.178770	S	0.544482
01557767486444	81133.723252	W	0.015377
01557767781676	81133.738629	S	0.248313
01557772549288	81133.986942	W	0.013490
01557772808296	81134.000432	S	0.802291
01557788212288	81134.802723	W	0.025606
01557788703916	81134.828329	S	0.076840
01557790179244	81134.905169	W	0.012826
01557790425508	81134.917995	S	0.228520
01557794813096	81135.146515	W	0.015262
01557795106132	81135.161778	S	0.154008
01557798063092	81135.315786	W	0.015173
01557798354404	81135.330959	S	0.184880
01557801904092	81135.515838	W	0.013870
01557802170388	81135.529708	S	0.604426
01557813775376	81136.134134	W	0.022343
01557814204352	81136.156477	S	0.080084
01557815741968	81136.236561	W	0.012806
01557815987840	81136.249367	S	0.090253
01557817720692	81136.339619	W	0.012675
01557817964048	81136.352294	S	0.191803
01557821646672	81136.544097	W	0.013127
01557821898708	81136.557224	S	0.396090
01557829503632	81136.953314	W	0.012702
01557829747512	81136.966016	S	0.396743
01557837364972	81137.362759	W	0.012680
01557837608428	81137.375439	S	1.163787
01557859953148	81138.539226	W	0.014455
01557860230684	81138.553681	S	1.164965
01557882598008	81139.718646	W	0.016371
01557882912328	81139.735017	S	1.828198
01557918013724	81141.563215	W	0.014341
01557918289072	81141.577556	S	0.688044
01557931499516	81142.265600	W	0.093414
01557933293060	81142.359014	S	0.022461
01557933724304	81142.381474	W	0.032161
01557934341792	81142.413635	S	0.069984
01557935685484	81142.483619	W	0.085742
01557937331736	81142.569361	S	0.538876
01557947678156	81143.108237	W	0.015439
01557947974588	81143.123676	S	0.691309
01557961247724	81143.814986	W	0.013232
01557961501788	81143.828218	S	0.758560
01557976066136	81144.586778	W	0.013909
01557976333180	81144.600686	S	0.444813
01557984873592	81145.045500	W	0.013573
01557985134192	81145.059072	S	0.087390
01557986812084	81145.146463	W	0.013291
01557987067264	81145.159753	S	0.293738
01557992707028	81145.453491	W	0.020972
01557993109684	81145.474463	S	0.184183
01557996645996	81145.658646	W	0.013402
01557996903320	81145.672048	S	0.293627
01558002540960	81145.965675	W	0.013401
01558002798256	81145.979076	S	0.089600
01558004518584	81146.068676	W	0.013219
01558004772380	81146.081895	S	1.222801
01558028250164	81147.304696	W	0.112967
01558030419136	81147.417663	S	0.190131
01558034069648	81147.607794	W	0.013942
01558034337328	81147.621736	S	0.191176
01558038007916	81147.812912	W	0.015624
01558038307896	81147.828536	S	0.287516
01558043828200	81148.116052	W	0.013556
01558044088480	81148.129608	S	0.294128
01558049735740	81148.423736	W	0.013480
01558049994548	81148.437216	S	1.013930
01558069462008	81149.451146	W	0.013408
01558069719436	81149.464554	S	1.166468
01558092115628	81150.631022	W	0.013763
01558092379876	81150.644785	S	0.031311
01558092981040	81150.676096	W	0.023511
01558093432456	81150.699607	S	0.795477
01558108705624	81151.495085	W	0.013538
01558108965548	81151.508622	S	0.001554
01558108995376	81151.510176	W	0.015218
01558109287552	81151.525393	S	0.584095
01558120502180	81152.109489	W	0.013338
01558120758272	81152.122827	S	1.532733
01558150186736	81153.655559	W	0.021582
01558150601104	81153.677141	S	2.118526
01558191276804	81155.795667	W	0.026487
01558191785360	81155.822154	S	0.485922
01558201115072	81156.308077	W	0.021861
01558201534808	81156.329938	S	0.349065
01558208236856	81156.679003	W	0.013263
01558208491512	81156.692266	S	3.010420
01558266291580	81159.702686	W	0.013737
01558266555332	81159.716424	S	3.011969
01558324385132	81162.728392	W	0.021413
01558324796260	81162.749805	S	1.033323
01558344636068	81163.783129	W	0.013595
01558344897084	81163.796723	S	1.215674
01558368238032	81165.012398	W	0.013558
01558368498352	81165.025956	S	0.732925
01558382570504	81165.758880	W	0.021780
01558382988684	81165.780661	S	1.074350
01558403616212	81166.855011	W	0.013758
01558403880356	81166.868769	S	0.703159
01558417381012	81167.571928	W	0.013469
01558417639616	81167.585397	S	0.703381
01558431144532	81168.288778	W	0.012899
01558431392192	81168.301677	S	0.482309
01558440652528	81168.783986	W	0.021182
01558441059220	81168.805168	S	1.327618
01558466549480	81170.132785	W	0.013328
01558466805368	81170.146113	S	0.907413
01558484227696	81171.053526	W	0.013382
01558484484632	81171.066908	S	0.744709
01558498783040	81171.811617	W	0.013812
01558499048228	81171.825429	S	0.354353
01558505851812	81172.179782	W	0.013319
01558506107532	81172.193101	S	0.191374
01558509781904	81172.384474	W	0.026418
01558510289132	81172.410892	S	0.485868
01558519617804	81172.896761	W	0.013329
01558519873716	81172.910089	S	0.293840
01558525515452	81173.203930	W	0.013523
01558525775092	81173.217453	S	0.191934
01558529460224	81173.409387	W	0.012910
01558529708104	81173.422297	S	0.293634
01558535345872	81173.715931	W	0.013359
01558535602372	81173.729290	S	0.191454
01558539278288	81173.920744	W	0.013340
01558539534412	81173.934084	S	0.089095
01558541245036	81174.023179	W	0.013440
01558541503092	81174.036619	S	0.294157
01558547150912	81174.330777	W	0.013434
01558547408844	81174.344211	S	0.191099
01558551077936	81174.535309	W	0.013581
01558551338692	81174.548890	S	0.088922
01558553045996	81174.637812	W	0.012779
01558553291356	81174.650591	S	0.188281
01558556906356	81174.838873	W	0.020823
01558557306156	81174.859696	S	0.290051
01558562875128	81175.149746	W	0.013375
01558563131924	81175.163121	S	0.192030
01558566818908	81175.355151	W	0.021797
01558567237408	81175.376948	S	0.081436
01558568800988	81175.458385	W	0.018684
01558569159712	81175.477068	S	0.600027
01558580680228	81176.077095	W	0.013406
01558580937620	81176.090501	S	1.277062
01558605457208	81177.367563	W	0.053070
01558606476156	81177.420633	S	0.440878
01558614941008	81177.861511	W	0.013857
01558615207060	81177.875368	S	0.550863
01558625783632	81178.426231	W	0.013215
01558626037364	81178.439446	S	0.090204
01558627769280	81178.529650	W	0.012972
01558628018348	81178.542622	S	0.907667
01558645445564	81179.450290	W	0.013545
01558645705636	81179.463835	S	1.215779
01558669048596	81180.679614	W	0.013668
01558669311020	81180.693282	S	0.190044
01558672959872	81180.883327	W	0.012074
01558673191688	81180.895400	S	0.910835
01558690679716	81181.806235	W	0.013400
01558690937000	81181.819635	S	0.702859
01558704431888	81182.522494	W	0.012830
01558704678220	81182.535324	S	0.088487
01558706377180	81182.623811	W	0.013010
01558706626976	81182.636822	S	0.374289
01558713813328	81183.011111	W	0.084995
01558715445240	81183.096106	S	0.039454
01558716202760	81183.135560	W	0.083134
01558717798928	81183.218694	S	0.122370
01558720148440	81183.341065	W	0.012864
01558720395428	81183.353929	S	0.088924
01558722102764	81183.442852	W	0.013139
01558722355032	81183.455991	S	0.021285
01558722763700	81183.477276	W	0.015322
01558723057888	81183.492598	S	0.360096
01558729971728	81183.852694	W	0.012902
01558730219452	81183.865596	S	0.036122
01558730912988	81183.901718	W	0.014512
01558731191620	81183.916230	S	0.448327
01558739799504	81184.364557	W	0.022260
01558740226904	81184.386818	S	2.435655
01558786991480	81186.822473	W	0.016725
01558787312596	81186.839198	S	0.085051
01558788945576	81186.924249	W	0.013702
01558789208648	81186.937950	S	0.910489
01558806690044	81187.848440	W	0.014749
01558806973232	81187.863189	S	0.399339
01558814640536	81188.262528	W	0.234217
01558819137504	81188.496745	S	0.016665
01558819457472	81188.513410	W	0.078489
01558820964464	81188.591899	S	0.325453
01558827213164	81188.917352	W	0.015345
01558827507788	81188.932697	S	0.040073
01558828277188	81188.972770	W	0.014191
01558828549656	81188.986961	S	0.293080
01558834176796	81189.280041	W	0.012653
01558834419728	81189.292694	S	0.653336
01558846963772	81189.946030	W	0.014401
01558847240276	81189.960431	S	0.446125
01558855805868	81190.406556	W	0.016628
01558856125120	81190.423183	S	0.701961
01558869602764	81191.125144	W	0.020424
01558869994908	81191.145568	S	1.002471
01558889242344	81192.148039	W	0.013383
01558889499300	81192.161422	S	0.293946
01558895143068	81192.455368	W	0.013247
01558895397416	81192.468615	S	0.505176
01558905096796	81192.973791	W	0.021153
01558905502932	81192.994944	S	0.074582
01558906934900	81193.069526	W	0.013278
01558907189832	81193.082804	S	0.294107
01558912836684	81193.376911	W	0.138012
01558915486508	81193.514922	S	0.015839
01558915790608	81193.530761	W	0.069261
01558917120412	81193.600021	S	0.292888
01558922743868	81193.892910	W	0.015283
01558923037296	81193.908193	S	0.389864
01558930522692	81194.298057	W	0.084695
01558932148836	81194.382752	S	0.035327
01558932827112	81194.418079	W	0.103072
01558934806092	81194.521151	S	0.084150
01558936421776	81194.605301	W	0.082502
01558938005812	81194.687803	S	0.046377
01558938896256	81194.734180	W	0.218190
01558943085496	81194.952370	S	0.016254
01558943397580	81194.968624	W	0.315176
01558949448964	81195.283800	S	0.016158
01558949759188	81195.299958	W	0.260270
01558954756364	81195.560227	S	0.016110
01558955065676	81195.576337	W	1.710014
01558987897948	81197.286351	S	0.004253
01558987979604	81197.290604	W	0.098018
01558989861556	81197.388623	S	0.001603
01558989892328	81197.390225	W	0.061972
01558991082196	81197.452198	S	0.079065
01558992600236	81197.531262	W	0.085413
01558994240164	81197.616675	S	0.060695
01558995405516	81197.677371	W	0.082313
01558996985928	81197.759684	S	0.016497
01558997302668	81197.776181	W	0.059921
01558998453148	81197.836101	S	0.054490
01558999499356	81197.890591	W	0.733336
01559013579416	81198.623928	S	0.015809
01559013882944	81198.639737	W	0.915168
01559031454168	81199.554905	S	0.015752
01559031756604	81199.570656	W	0.071040
01559033120572	81199.641696	S	0.337385
01559039598360	81199.979081	W	0.235420
01559044118416	81200.214501	S	0.015775
01559044421292	81200.230276	W	0.061373
01559045599648	81200.291648	S	0.752503
01559060047708	81201.044151	W	0.013802
01559060312704	81201.057953	S	0.964079
01559078823024	81202.022032	W	0.013721
01559079086460	81202.035753	S	0.019425
01559079459428	81202.055179	W	0.013653
01559079721572	81202.068832	S	0.319300
01559085852128	81202.388132	W	0.020881
01559086253036	81202.409012	S	0.659057
01559098906940	81203.068070	W	0.013567
01559099167436	81203.081637	S	0.023285
01559099614500	81203.104922	W	0.013248
01559099868864	81203.118170	S	0.703456
01559113375212	81203.821626	W	0.013516
01559113634728	81203.835142	S	0.244365
01559118326536	81204.079507	W	0.013483
01559118585408	81204.092990	S	0.950246
01559136830124	81205.043236	W	0.013905
01559137097108	81205.057141	S	0.034226
01559137754244	81205.091367	W	0.013653
01559138016380	81205.105020	S	0.997344
01559157165392	81206.102364	W	0.021978
01559157587368	81206.124342	S	0.054068
01559158625472	81206.178410	W	0.014662
01559158906980	81206.193072	S	0.923241
01559176633200	81207.116313	W	0.022392
01559177063128	81207.138705	S	0.926662
01559194855040	81208.065367	W	0.013695
01559195117980	81208.079061	S	0.050870
01559196094684	81208.129931	W	0.021340
01559196504404	81208.151271	S	0.991089
01559215533308	81209.142360	W	0.021632
01559215948644	81209.163992	S	0.801923
01559231345560	81209.965915	W	0.013448
01559231603764	81209.979363	S	0.088615
01559233305176	81210.067978	W	0.013125
01559233557176	81210.081103	S	0.071874
01559234937164	81210.152977	W	0.021466
01559235349316	81210.174444	S	0.913553
01559252889536	81211.087997	W	0.019845
01559253270552	81211.107841	S	0.001623
01559253301704	81211.109464	W	0.015362
01559253596656	81211.124826	S	0.041127
01559254386292	81211.165953	W	0.022737
01559254822840	81211.188690	S	0.011374
01559255041212	81211.200063	W	0.013364
01559255297792	81211.213427	S	0.083316
01559256897452	81211.296742	W	0.013206
01559257151016	81211.309949	S	0.869037
01559273836528	81212.178986	W	0.013880
01559274103032	81212.192866	S	0.001564
01559274133056	81212.194430	W	0.013433
01559274390972	81212.207863	S	0.215333
01559278525372	81212.423196	W	0.013409
01559278782832	81212.436606	S	0.601885
01559290339020	81213.038491	W	0.012743
01559290583676	81213.051233	S	0.088687
01559292286460	81213.139920	W	0.013327
01559292542332	81213.153246	S	0.703540
01559306050296	81213.856786	W	0.013452
01559306308576	81213.870238	S	0.240779
01559310931524	81214.111017	W	0.013879
01559311197992	81214.124895	S	0.314437
01559317235180	81214.439332	W	0.013737
01559317498928	81214.453069	S	0.325550
01559323749484	81214.778619	W	0.013387
01559324006520	81214.792006	S	2.342117
01559368975168	81217.134123	W	0.012176
01559369208940	81217.146299	S	1.933058
01559406323648	81219.079357	W	0.013451
01559406581900	81219.092807	S	1.062521
01559426982304	81220.155328	W	0.013748
01559427246272	81220.169077	S	1.162906
01559449574076	81221.331983	W	0.013386
01559449831088	81221.345369	S	0.089264
01559451544952	81221.434633	W	0.013241
01559451799184	81221.447874	S	1.731231
01559485038812	81223.179105	W	0.013614
01559485300208	81223.192719	S	0.597244
01559496767288	81223.789963	W	0.013540
01559497027260	81223.803503	S	1.214879
01559520352928	81225.018382	W	0.013476
01559520611664	81225.031857	S	0.089447
01559522329040	81225.121304	W	0.013351
01559522585384	81225.134655	S	0.907716
01559540013536	81226.042372	W	0.013473
01559540272208	81226.055844	S	0.145951
01559543074460	81226.201795	W	0.021314
01559543483684	81226.223109	S	1.150451
01559565572340	81227.373559	W	0.013463
01559565830828	81227.387022	S	0.601302
01559577375820	81227.988324	W	0.013489
01559577634808	81228.001813	S	0.191189
01559581305632	81228.193002	W	0.013239
01559581559824	81228.206241	S	0.601142
01559593101752	81228.807383	W	0.013426
01559593359540	81228.820809	S	0.404127
01559601118776	81229.224936	W	0.013827
01559601384260	81229.238764	S	1.029866
01559621157692	81230.268630	W	0.036395
01559621856480	81230.305025	S	0.707475
01559635439996	81231.012500	W	0.015319
01559635734124	81231.027819	S	1.224928
01559659252748	81232.252747	W	0.022558
01559659685860	81232.275305	S	2.470203
01559707113760	81234.745508	W	0.012933
01559707362068	81234.758441	S	0.115563
01559709580880	81234.874004	W	0.014465
01559709858616	81234.888470	S	0.387102
01559717290976	81235.275572	W	0.022883
01559717730336	81235.298455	S	0.163861
01559720876468	81235.462316	W	0.012766
01559721121584	81235.475082	S	0.806441
01559736605252	81236.281524	W	0.012735
01559736849760	81236.294258	S	2.007535
01559775394440	81238.301794	W	0.014511
01559775673052	81238.316305	S	3.013849
01559833538944	81241.330153	W	0.013611
01559833800284	81241.343765	S	2.516414
01559882115428	81243.860179	W	0.013325
01559882371264	81243.873503	S	0.480578
01559891598364	81244.354081	W	0.014291
01559891872756	81244.368373	S	3.010896
01559949681964	81247.379269	W	0.013657
01559949944184	81247.392926	S	1.075494
01559970593664	81248.468420	W	0.017369
01559970927144	81248.485789	S	0.189257
01559974560888	81248.675046	W	0.013539
01559974820840	81248.688585	S	0.190420
01559978476896	81248.879005	W	0.016278
01559978789428	81248.895283	S	0.597114
01559990254024	81249.492397	W	0.016052
01559990562216	81249.508449	S	0.896746
01560007779736	81250.405195	W	0.014051
01560008049508	81250.419245	S	0.711348
01560021707396	81251.130594	W	0.013397
01560021964628	81251.143991	S	2.287086
01560065876680	81253.431077	W	0.013785
01560066141344	81253.444862	S	0.245555
01560070856004	81253.690417	W	0.013358
01560071112472	81253.703775	S	1.010633
01560090516628	81254.714408	W	0.013441
01560090774700	81254.727849	S	0.088983
01560092483180	81254.816832	W	0.013274
01560092738036	81254.830106	S	1.624462
01560123927712	81256.454568	W	0.019937
01560124310496	81256.474505	S	0.287919
01560129838548	81256.762424	W	0.013445
01560130096692	81256.775869	S	0.088943
01560131804404	81256.864813	W	0.013244
01560132058684	81256.878056	S	0.089369
01560133774572	81256.967426	W	0.013203
01560134028064	81256.980628	S	0.604282
01560145630272	81257.584910	W	0.088340
01560147326400	81257.673250	S	0.113018
01560149496344	81257.786268	W	0.083260
01560151094932	81257.869528	S	1.302446
01560176101904	81259.171974	W	0.015532
01560176400124	81259.187506	S	0.288497
01560181939272	81259.476004	W	0.013792
01560182204072	81259.489795	S	2.802252
01560236007320	81262.292048	W	0.013491
01560236266356	81262.305539	S	0.194854
01560240007544	81262.500393	W	0.022339
01560240436448	81262.522732	S	0.237811
01560245002424	81262.760543	W	0.235667
01560249527224	81262.996210	S	0.015542
01560249825624	81263.011751	W	0.061565
01560251007672	81263.073316	S	0.242732
01560255668136	81263.316049	W	0.013207
01560255921712	81263.329256	S	0.498829
01560265499224	81263.828085	W	0.013545
01560265759288	81263.841630	S	1.686224
01560298134792	81265.527854	W	0.013317
01560298390476	81265.541171	S	0.437442
01560306789356	81265.978612	W	0.013428
01560307047172	81265.992040	S	0.191225
01560310718692	81266.183265	W	0.013326
01560310974560	81266.196592	S	0.089355
01560312690168	81266.285946	W	0.013322
01560312945956	81266.299269	S	0.088965
01560314654080	81266.388233	W	0.013247
01560314908420	81266.401480	S	0.089144
01560316619976	81266.490624	W	0.013430
01560316877832	81266.504054	S	0.191358
01560320551896	81266.695411	W	0.023110
01560320995612	81266.718521	S	0.080284
01560322537056	81266.798805	W	0.012654
01560322780004	81266.811459	S	1.069212
01560343308880	81267.880671	W	0.130980
01560345823696	81268.011651	S	0.015768
01560346126436	81268.027419	W	0.061798
01560347312952	81268.089216	S	0.463604
01560356214144	81268.552820	W	0.013736
01560356477872	81268.566556	S	3.008974
01560414250172	81271.575530	W	0.021418
01560414661396	81271.596948	S	3.006443
01560472385108	81274.603391	W	0.013924
01560472652444	81274.617315	S	0.679536
01560485699532	81275.296851	W	0.013483
01560485958404	81275.310334	S	2.318502
01560530473644	81277.628836	W	0.021578
01560530887948	81277.650414	S	3.002243
01560588531008	81280.652657	W	0.013819
01560588796340	81280.666476	S	3.012384
01560646634108	81283.678860	W	0.013703
01560646897200	81283.692563	S	0.205956
01560650851556	81283.898519	W	0.013288
01560651106684	81283.911806	S	2.239166
01560694098664	81286.150972	W	0.017388
01560694432512	81286.168360	S	0.494787
01560703932420	81286.663147	W	0.016856
01560704256052	81286.680003	S	0.023697
01560704711040	81286.703700	W	0.023275
01560705157912	81286.726975	S	0.549947
01560715716900	81287.276922	W	0.012769
01560715962060	81287.289691	S	0.010196
01560716157816	81287.299886	W	0.014801
01560716441992	81287.314687	S	0.065492
01560717699432	81287.380179	W	0.013081
01560717950596	81287.393260	S	2.337701
01560762834460	81289.730961	W	0.013021
01560763084472	81289.743983	S	1.526473
01560792392752	81291.270456	W	0.012704
01560792636668	81291.283160	S	1.215966
01560815983212	81292.499126	W	0.012764
01560816228284	81292.511890	S	0.243114
01560820896064	81292.755003	W	0.022950
01560821336704	81292.777953	S	0.745234
01560835645192	81293.523187	W	0.012939
01560835893628	81293.536126	S	2.036016
01560874985128	81295.572142	W	0.023672
01560875439632	81295.595814	S	0.186153
01560879013764	81295.781967	W	0.013976
01560879282096	81295.795943	S	0.514111
01560889153024	81296.310053	W	0.014398
01560889429468	81296.324451	S	1.741320
01560922862816	81298.065772	W	0.036555
01560923564664	81298.102326	S	0.704534
01560937091724	81298.806861	W	0.013561
01560937352096	81298.820422	S	3.011194
01560995167028	81301.831616	W	0.013800
01560995431996	81301.845416	S	2.021148
01561034238028	81303.866564	W	0.013413
01561034495548	81303.879976	S	0.978246
01561053277876	81304.858223	W	0.022017
01561053700604	81304.880240	S	1.956058
01561091256920	81306.836298	W	0.013262
01561091511548	81306.849560	S	1.033841
01561111361296	81307.883401	W	0.013819
01561111626616	81307.897220	S	3.012331
01561169463364	81310.909550	W	0.013918
01561169730592	81310.923468	S	1.336636
01561195394008	81312.260105	W	0.012064
01561195625632	81312.272168	S	1.662029
01561227536580	81313.934197	W	0.013748
01561227800548	81313.947945	S	1.182874
01561250511724	81315.130819	W	0.013435
01561250769672	81315.144254	S	1.815106
01561285619716	81316.959360	W	0.013668
01561285882136	81316.973028	S	1.126837
01561307517404	81318.099865	W	0.087722
01561309201660	81318.187586	S	0.117129
01561311450540	81318.304716	W	0.084698
01561313076740	81318.389414	S	0.703527
01561326584464	81319.092941	W	0.121202
01561328911544	81319.214143	S	0.015947
01561329217732	81319.230090	W	0.086763
01561330883580	81319.316853	S	0.666980
01561343689592	81319.983833	W	0.013700
01561343952632	81319.997533	S	3.009264
01561401730496	81323.006797	W	0.013941
01561401998172	81323.020738	S	0.301665
01561407790144	81323.322403	W	0.085836
01561409438196	81323.408239	S	0.528759
01561419590368	81323.936998	W	0.013279
01561419845324	81323.950277	S	0.250212
01561424649396	81324.200489	W	0.235566
01561429172256	81324.436055	S	0.016046
01561429480340	81324.452101	W	0.061474
01561430660632	81324.513575	S	1.208809
01561453869756	81325.722383	W	0.015501
01561454167384	81325.737885	S	0.293718
01561459806772	81326.031603	W	0.013781
01561460071376	81326.045384	S	3.006746
01561517800896	81329.052130	W	0.013759
01561518065060	81329.065889	S	0.400422
01561525753164	81329.466311	W	0.085358
01561527392040	81329.551669	S	1.299939
01561552350876	81330.851608	W	0.015358
01561552645748	81330.866966	S	1.210221
01561575881992	81332.077187	W	0.020539
01561576276344	81332.097726	S	2.181472
01561618160612	81334.279199	W	0.012750
01561618405408	81334.291948	S	0.089067
01561620115488	81334.381015	W	0.012849
01561620362184	81334.393864	S	0.191920
01561624047052	81334.585784	W	0.012881
01561624294376	81334.598665	S	0.090304
01561626028220	81334.688970	W	0.012494
01561626268096	81334.701463	S	0.191441
01561629943768	81334.892905	W	0.012808
01561630189676	81334.905712	S	0.195613
01561633945440	81335.101325	W	0.014475
01561634223368	81335.115800	S	0.903551
01561651571548	81336.019351	W	0.012719
01561651815756	81336.032071	S	2.035342
01561690894320	81338.067412	W	0.012897
01561691141936	81338.080309	S	0.042171
01561691951624	81338.122480	W	0.014534
01561692230684	81338.137015	S	0.954248
01561710552248	81339.091263	W	0.012904
01561710800000	81339.104167	S	1.011057
01561730212300	81340.115224	W	0.012600
01561730454216	81340.127824	S	0.089841
01561732179160	81340.217665	W	0.012597
01561732421016	81340.230261	S	0.914188
01561749973428	81341.144449	W	0.014458
01561750251020	81341.158907	S	0.459118
01561759066080	81341.618025	W	0.225376
01561763393300	81341.843401	S	0.114790
01561765597272	81341.958191	W	0.121563
01561767931272	81342.079754	S	0.006062
01561768047664	81342.085816	W	0.061122
01561769221200	81342.146938	S	0.015913
01561769526728	81342.162850	W	0.167917
01561772750740	81342.330768	S	0.139402
01561775427252	81342.470169	W	0.129912
01561777921556	81342.600081	S	0.000693
01561777934860	81342.600774	W	0.156214
01561780934176	81342.756988	S	0.015715
01561781235904	81342.772703	W	0.096720
01561783092920	81342.869423	S	0.016043
01561783400944	81342.885466	W	0.086469
01561785061140	81342.971934	S	0.010071
01561785254504	81342.982005	W	0.082366
01561786835932	81343.064371	S	0.016090
01561787144860	81343.080461	W	0.086232
01561788800520	81343.166694	S	0.015756
01561789103036	81343.182450	W	0.060670
01561790267904	81343.243120	S	0.409287
01561798126220	81343.652407	W	0.015604
01561798425820	81343.668011	S	0.237609
01561802987912	81343.905620	W	0.013383
01561803244856	81343.919003	S	0.245465
01561807957776	81344.164467	W	0.013603
01561808218960	81344.178071	S	0.006645
01561808346544	81344.184716	W	0.013697
01561808609524	81344.198413	S	0.998140
01561827773816	81345.196553	W	0.023358
01561828222292	81345.219911	S	0.991392
01561847257012	81346.211303	W	0.014741
01561847540048	81346.226044	S	0.546994
01561858042332	81346.773038	W	0.013476
01561858301072	81346.786514	S	0.088233
01561859995152	81346.874747	W	0.013250
01561860249560	81346.887998	S	0.300665
01561866022320	81347.188663	W	0.013913
01561866289456	81347.202576	S	0.020152
01561866676368	81347.222728	W	0.013735
01561866940076	81347.236462	S	0.764951
01561881627144	81348.001414	W	0.013439
01561881885180	81348.014853	S	0.217089
01561886053284	81348.231942	W	0.022236
01561886480208	81348.254177	S	0.991296
01561905513084	81349.245473	W	0.022029
01561905936048	81349.267503	S	0.949421
01561924164928	81350.216923	W	0.013816
01561924430204	81350.230740	S	0.028380
01561924975092	81350.259119	W	0.013476
01561925233840	81350.272596	S	0.996533
01561944367280	81351.269129	W	0.013727
01561944630832	81351.282856	S	0.998870
01561963809144	81352.281726	W	0.013941
01561964076820	81352.295668	S	0.945449
01561982229444	81353.241117	W	0.013936
01561982497016	81353.255053	S	0.038868
01561983243284	81353.293921	W	0.013938
01561983510892	81353.307859	S	0.001553
01561983540700	81353.309411	W	0.015199
01561983832516	81353.324610	S	2.943597
01562040349572	81356.268207	W	0.013739
01562040613368	81356.281946	S	1.452762
01562068506396	81357.734708	W	0.014836
01562068791244	81357.749544	S	1.542636
01562098409860	81359.292180	W	0.013664
01562098672200	81359.305844	S	3.011587
01562156494672	81362.317431	W	0.014124
01562156765844	81362.331554	S	0.108034
01562158840096	81362.439588	W	0.013265
01562159094776	81362.452853	S	0.005543
01562159201208	81362.458396	W	0.013612
01562159462556	81362.472008	S	1.401018
01562186362096	81363.873026	W	0.013407
01562186619516	81363.886433	S	1.458265
01562214618212	81365.344699	W	0.021733
01562215035480	81365.366431	S	3.003886
01562272710092	81368.370317	W	0.013848
01562272975964	81368.384165	S	3.011466
01562330796120	81371.395631	W	0.013865
01562331062332	81371.409496	S	1.810200
01562365818168	81373.219696	W	0.036235
01562366513880	81373.255931	S	0.021081
01562366918628	81373.277012	W	0.073094
01562368322024	81373.350105	S	1.021868
01562387941892	81374.371974	W	0.015361
01562388236820	81374.387334	S	0.035865
01562388925420	81374.423199	W	0.013872
01562389191760	81374.437071	S	3.016487
01562447108312	81377.453558	W	0.013791
01562447373096	81377.467349	S	3.013100
01562505224624	81380.480449	W	0.021377
01562505635064	81380.501826	S	3.005996
01562563350184	81383.507822	W	0.023316
01562563797856	81383.531138	S	0.411338
01562571695552	81383.942477	W	0.012791
01562571941132	81383.955267	S	2.579620
01562621469844	81386.534888	W	0.014251
01562621743468	81386.549139	S	0.158391
01562624784584	81386.707530	W	0.012693
01562625028280	81386.720223	S	0.090213
01562626760360	81386.810435	W	0.012768
01562627005500	81386.823203	S	0.191337
01562630679164	81387.014540	W	0.012852
01562630925924	81387.027392	S	0.295221
01562636594176	81387.322613	W	0.013299
01562636849512	81387.335912	S	0.191709
01562640530324	81387.527621	W	0.013409
01562640787772	81387.541030	S	2.018330
01562679539716	81389.559360	W	0.021492
01562679952364	81389.580852	S	3.005702
01562737661848	81392.586555	W	0.013821
01562737927220	81392.600376	S	3.011100
01562795740336	81395.611476	W	0.022436
01562796171112	81395.633912	S	3.006380
01562853893616	81398.640293	W	0.013142
01562854145952	81398.653435	S	3.013676
01562912008524	81401.667111	W	0.013690
01562912271364	81401.680800	S	1.646115
01562943876780	81403.326916	W	0.036514
01562944577844	81403.363429	S	0.448334
01562953185856	81403.811763	W	0.015462
01562953482728	81403.827225	S	0.084208
01562955099516	81403.911433	W	0.013376
01562955356344	81403.924810	S	0.769542
01562970131556	81404.694352	W	0.022369
01562970561036	81404.716721	S	3.004785
01563028252900	81407.721505	W	0.022230
01563028679720	81407.743735	S	0.571525
01563039653000	81408.315260	W	0.016323
01563039966396	81408.331583	S	0.496200
01563049493444	81408.827784	W	0.016279
01563049805992	81408.844062	S	1.904800
01563086378144	81410.748862	W	0.013713
01563086641424	81410.762574	S	3.014120
01563144512520	81413.776694	W	0.013778
01563144777056	81413.790472	S	1.282593
01563169402844	81415.073065	W	0.013589
01563169663748	81415.086654	S	0.908192
01563187101036	81415.994846	W	0.023441
01563187551104	81416.018287	S	0.781612
01563202558048	81416.799898	W	0.021082
01563202962816	81416.820980	S	0.111230
01563205098432	81416.932210	W	0.113402
01563207275756	81417.045612	S	0.075265
01563208720852	81417.120878	W	0.083214
01563210318556	81417.204091	S	0.687788
01563223524092	81417.891880	W	0.015459
01563223820908	81417.907339	S	0.000965
01563223839428	81417.908304	W	0.014984
01563224127116	81417.923287	S	1.250508
01563248136864	81419.173795	W	0.014939
01563248423696	81419.188734	S	0.637779
01563260669060	81419.826514	W	0.014045
01563260938716	81419.840558	S	2.151822
01563302253700	81421.992380	W	0.235503
01563306775364	81422.227884	S	0.015994
01563307082452	81422.243878	W	0.061951
01563308271904	81422.305828	S	0.037464
01563308991216	81422.343292	W	0.084780
01563310618984	81422.428072	S	0.425092
01563318780752	81422.853164	W	0.012015
01563319011448	81422.865180	S	1.116735
01563340452760	81423.981915	W	0.013446
01563340710916	81423.995360	S	1.883557
01563376875204	81425.878917	W	0.013762
01563377139428	81425.892679	S	1.364912
01563403345732	81427.257590	W	0.083463
01563404948228	81427.341054	S	0.026407
01563405455240	81427.367460	W	0.114006
01563407644152	81427.481466	S	0.233487
01563412127096	81427.714953	W	0.015301
01563412420876	81427.730254	S	1.172170
01563434926540	81428.902424	W	0.014580
01563435206480	81428.917004	S	2.263877
01563478672924	81431.180881	W	0.246324
01563483402340	81431.427205	S	0.016483
01563483718804	81431.443688	W	0.074680
01563485152652	81431.518367	S	0.275454
01563490441360	81431.793821	W	0.015063
01563490730576	81431.808884	S	0.115693
01563492951880	81431.924577	W	0.014490
01563493230080	81431.939067	S	3.005216
01563550930220	81434.944282	W	0.013867
01563551196472	81434.958150	S	1.312180
01563576390328	81436.270330	W	0.085814
01563578037956	81436.356144	S	0.118219
01563580307752	81436.474362	W	0.234722
01563584814416	81436.709084	S	0.015831
01563585118380	81436.724916	W	0.083755
01563586726472	81436.808670	S	0.283048
01563592160992	81437.091718	W	0.015461
01563592457836	81437.107179	S	0.862095
01563609010052	81437.969274	W	0.021831
01563609429200	81437.991104	S	0.838578
01563625529904	81438.829682	W	0.128554
01563627998140	81438.958236	S	0.015938
01563628304140	81438.974174	W	0.090134
01563630034720	81439.064308	S	0.073175
01563631439688	81439.137484	W	0.084155
01563633055456	81439.221638	S	0.430093
01563641313244	81439.651731	W	0.015469
01563641610240	81439.667200	S	1.334235
01563667227560	81441.001435	W	0.022584
01563667661168	81441.024019	S	0.263229
01563672715172	81441.287249	W	0.084834
01563674343992	81441.372083	S	0.839651
01563690465288	81442.211734	W	0.015581
01563690764448	81442.227315	S	1.722634
01563723839012	81443.949949	W	0.013560
01563724099364	81443.963509	S	0.065395
01563725354952	81444.028904	W	0.013817
01563725620236	81444.042721	S	3.012571
01563783461596	81447.055291	W	0.013742
01563783725440	81447.069033	S	3.010132
01563841519972	81450.079165	W	0.013860
01563841786084	81450.093025	S	3.014561
01563899665656	81453.107586	W	0.013861
01563899931796	81453.121448	S	3.011126
01563957745416	81456.132574	W	0.012269
01563957980988	81456.144843	S	3.011333
01564015798588	81459.156176	W	0.021990
01564016220788	81459.178166	S	3.002657
01564073871800	81462.180823	W	0.013744
01564074135676	81462.194566	S	1.825791
01564109190868	81464.020358	W	0.013415
01564109448432	81464.033772	S	1.171897
01564131948856	81465.205670	W	0.021101
01564132354000	81465.226771	S	3.005535
01564190060280	81468.232306	W	0.022685
01564190495832	81468.254991	S	3.005889
01564248208896	81471.260880	W	0.012992
01564248458348	81471.273872	S	0.074520
01564249889124	81471.348392	W	0.063212
01564251102800	81471.411604	S	1.519658
01564280280240	81472.931263	W	0.015464
01564280577156	81472.946727	S	0.598257
01564292063684	81473.544984	W	0.013456
01564292322036	81473.558439	S	0.726158
01564306264260	81474.284597	W	0.022683
01564306699764	81474.307279	S	2.921999
01564362802148	81477.229279	W	0.012774
01564363047412	81477.242053	S	0.000702
01564363060884	81477.242754	W	0.014455
01564363338428	81477.257210	S	0.054144
01564364377996	81477.311354	W	0.014434
01564364655124	81477.325788	S	1.119189
01564386143552	81478.444977	W	0.093692
01564387942436	81478.538669	S	0.123806
01564390319520	81478.662475	W	0.081458
01564391883520	81478.743933	S	0.264064
01564396953548	81479.007997	W	0.015511
01564397251364	81479.023509	S	0.356853
01564404102944	81479.380362	W	0.016429
01564404418388	81479.396791	S	0.085318
01564406056484	81479.482109	W	0.012922
01564406304580	81479.495030	S	0.397427
01564413935188	81479.892458	W	0.016330
01564414248728	81479.908788	S	0.425722
01564422422592	81480.334510	W	0.014517
01564422701324	81480.349027	S	0.269101
01564427868060	81480.618128	W	0.014630
01564428148964	81480.632759	S	0.897013
01564445371620	81481.529772	W	0.012932
01564445619912	81481.542704	S	0.089443
01564447337216	81481.632147	W	0.012755
01564447582112	81481.644902	S	1.713385
01564480479108	81483.358287	W	0.014119
01564480750192	81483.372406	S	0.316096
01564486819232	81483.688502	W	0.235733
01564491345304	81483.924235	S	0.015939
01564491651328	81483.940173	W	0.066696
01564492931900	81484.006870	S	0.445150
01564501478784	81484.452020	W	0.015458
01564501775584	81484.467478	S	1.916296
01564538568460	81486.383774	W	0.013695
01564538831408	81486.397469	S	2.411170
01564585125868	81488.808639	W	0.130060
01564587623020	81488.938699	S	0.015857
01564587927480	81488.954556	W	0.078017
01564589425404	81489.032573	S	0.376236
01564596649140	81489.408809	W	0.021382
01564597059676	81489.430191	S	1.828678
01564632170300	81491.258870	W	0.013746
01564632434220	81491.272616	S	1.166756
01564654835928	81492.439371	W	0.013875
01564655102320	81492.453246	S	3.012352
01564712939480	81495.465598	W	0.013751
01564713203492	81495.479349	S	3.013714
01564771066808	81498.493063	W	0.013299
01564771322152	81498.506362	S	3.012512
01564829162376	81501.518874	W	0.013711
01564829425620	81501.532584	S	2.526234
01564877929304	81504.058818	W	0.013255
01564878183792	81504.072072	S	0.470645
01564887220180	81504.542718	W	0.013841
01564887485928	81504.556559	S	2.984398
01564944786376	81507.540957	W	0.013308
01564945041892	81507.554265	S	0.014572
01564945321680	81507.568838	W	0.022099
01564945745976	81507.590936	S	0.256669
01564950674012	81507.847605	W	0.013129
01564950926092	81507.860734	S	0.192013
01564954612736	81508.052747	W	0.013061
01564954863504	81508.065807	S	0.293982
01564960507968	81508.359790	W	0.013481
01564960766812	81508.373271	S	2.220796
01565003406104	81510.594068	W	0.014216
01565003679056	81510.608284	S	3.011507
01565061499996	81513.619791	W	0.013743
01565061763860	81513.633534	S	3.015048
01565119652788	81516.648583	W	0.022169
01565120078436	81516.670752	S	2.322275
01565164666108	81518.993026	W	0.044559
01565165521636	81519.037585	S	0.638079
01565177772748	81519.675664	W	0.013918
01565178039972	81519.689582	S	3.011195
01565235854916	81522.700777	W	0.022819
01565236293032	81522.723595	S	1.302438
01565261299844	81524.026034	W	0.012900
01565261547532	81524.038934	S	1.692384
01565294041296	81525.731318	W	0.014310
01565294316048	81525.745628	S	2.952100
01565350996372	81528.697728	W	1.738765
01565384380656	81530.436492	S	0.451360
01565393046760	81530.887852	W	0.013508
01565393306108	81530.901360	S	0.008660
01565393472372	81530.910019	W	0.013745
01565393736276	81530.923764	S	11.129990
01565607432080	81542.053754	W	0.015144
01565607722836	81542.068898	S	2.028434
01565646668772	81544.097332	W	0.013473
01565646927448	81544.110805	S	4.905245
01565741108144	81549.016049	W	0.036714
01565741813052	81549.052763	S	0.062069
01565743004772	81549.114832	W	0.013294
01565743260012	81549.128126	S	0.601337
01565754805688	81549.729463	W	0.012995
01565755055192	81549.742458	S	2.752211
01565807897652	81552.494669	W	0.016594
01565808216260	81552.511264	S	0.188099
01565811827756	81552.699362	W	0.013438
01565812085764	81552.712800	S	0.294142
01565817733288	81553.006942	W	0.016013
01565818040736	81553.022955	S	6.230657
01565937669352	81559.253612	W	0.013628
01565937931004	81559.267240	S	0.395073
01565945516412	81559.662313	W	0.013431
01565945774284	81559.675744	S	0.089533
01565947493316	81559.765277	W	0.013258
01565947747872	81559.778535	S	0.088417
01565949445480	81559.866952	W	0.013311
01565949701052	81559.880263	S	0.089658
01565951422476	81559.969921	W	0.012758
01565951667428	81559.982679	S	1.113217
01565973041196	81561.095896	W	0.013459
01565973299604	81561.109354	S	0.600756
01565984834120	81561.710110	W	0.013520
01565985093696	81561.723630	S	0.805791
01566000564884	81562.529421	W	0.013044
01566000815332	81562.542465	S	0.601444
01566012363056	81563.143909	W	0.013630
01566012624748	81563.157539	S	0.293395
01566018257932	81563.450934	W	0.013455
01566018516260	81563.464389	S	0.600980
01566030055068	81564.065368	W	0.013471
01566030313708	81564.078839	S	0.088879
01566032020192	81564.167718	W	0.013407
01566032277608	81564.181125	S	1.010571
01566051680568	81565.191696	W	0.013416
01566051938152	81565.205112	S	0.088995
01566053646864	81565.294107	W	0.013303
01566053902284	81565.307411	S	1.828941
01566089017952	81567.136352	W	0.012846
01566089264600	81567.149198	S	0.089621
01566090985332	81567.238819	W	0.012901
01566091233024	81567.251720	S	11.777771
01566317366232	81579.029491	W	0.036676
01566318070408	81579.066167	S	1.384678
01566344656216	81580.450845	W	0.015514
01566344954088	81580.466359	S	3.669424
01566415407024	81584.135783	W	0.013490
01566415666028	81584.149272	S	19.365494
01566787483504	81603.514766	W	0.013819
01566787748836	81603.528585	S	0.575227
01566798793188	81604.103812	W	0.013436
01566799051156	81604.117248	S	4.697692
01566889246852	81608.814940	W	0.013386
01566889503864	81608.828326	S	0.003489
01566889570856	81608.831815	W	0.014055
01566889840712	81608.845870	S	0.196618
01566893615768	81609.042488	W	0.036689
01566894320196	81609.079177	S	0.812098
01566909912484	81609.891275	W	0.015567
01566910211368	81609.906842	S	2.900215
01566965895500	81612.807057	W	0.012914
01566966143452	81612.819971	S	11.354287
01567184145756	81624.174258	W	0.013482
01567184404612	81624.187740	S	0.807411
01567199906904	81624.995151	W	0.013541
01567200166892	81625.008692	S	0.599663
01567211680416	81625.608355	W	0.016339
01567211994132	81625.624694	S	0.393008
01567219539876	81626.017702	W	0.013323
01567219795672	81626.031025	S	0.089619
01567221516364	81626.120644	W	0.016391
01567221831080	81626.137035	S	2.235766
01567264757792	81628.372802	W	0.013611
01567265019116	81628.386412	S	0.191207
01567268690296	81628.577620	W	0.013381
01567268947204	81628.591000	S	0.294006
01567274592128	81628.885007	W	0.013272
01567274846960	81628.898279	S	0.191346
01567278520804	81629.089625	W	0.018827
01567278882288	81629.108453	S	0.902569
01567296211608	81630.011021	W	0.013624
01567296473188	81630.024645	S	3.263618
01567359134648	81633.288263	W	0.013538
01567359394580	81633.301801	S	1.010063
01567378787788	81634.311864	W	0.013529
01567379047552	81634.325393	S	4.732594
01567469913356	81639.057987	W	0.036518
01567470614492	81639.094505	S	1.463923
01567498721808	81640.558428	W	0.012661
01567498964904	81640.571089	S	1.011159
01567518379160	81641.582248	W	0.013638
01567518641000	81641.595885	S	2.546492
01567567533656	81644.142378	W	0.013532
01567567793480	81644.155910	S	11.557996
01567789707000	81655.713906	W	0.013452
01567789965284	81655.727359	S	1.010121
01567809359616	81656.737480	W	0.013490
01567809618632	81656.750970	S	5.310906
01567911588024	81662.061876	W	0.012771
01567911833228	81662.074647	S	0.004627
01567911922072	81662.079275	W	0.014567
01567912201760	81662.093842	S	2.015721
01567950903600	81664.109563	W	0.012998
01567951153160	81664.122560	S	0.819747
01567966892312	81664.942308	W	0.014441
01567967169588	81664.956749	S	4.114419
01568046166432	81669.071168	W	0.036720
01568046871464	81669.107889	S	0.943056
01568064978136	81670.050945	W	0.015455
01568065274880	81670.066400	S	1.928892
01568102309612	81671.995292	W	0.013346
01568102565856	81672.008638	S	1.010468
01568121966832	81673.019106	W	0.013308
01568122222344	81673.032414	S	3.058701
01568180949396	81676.091114	W	0.013570
01568181209944	81676.104685	S	8.076091
01568336270892	81684.180776	W	0.013290
01568336526064	81684.194066	S	0.908240
01568353964268	81685.102306	W	0.013492
01568354223320	81685.115798	S	13.968532
01568622419140	81699.084330	W	0.036795
01568623125600	81699.121125	S	0.369927
01568630228200	81699.491052	W	0.015550
01568630526764	81699.506602	S	0.239271
01568635120760	81699.745873	W	0.013559
01568635381100	81699.759432	S	0.089911
01568637107392	81699.849343	W	0.013500
01568637366592	81699.862843	S	0.497526
01568646919096	81700.360370	W	0.013425
01568647176864	81700.373795	S	0.088932
01568648884352	81700.462727	W	0.013386
01568649141364	81700.476113	S	0.089502
01568650859804	81700.565615	W	0.013456
01568651118156	81700.579071	S	3.569715
01568719656692	81704.148786	W	0.013465
01568719915224	81704.162251	S	18.316568
01569071593336	81722.478820	W	0.012771
01569071838548	81722.491591	S	0.004742
01569071929592	81722.496333	W	0.013490
01569072188592	81722.509822	S	1.607019
01569103043360	81724.116842	W	0.013450
01569103301592	81724.130291	S	2.245222
01569146409848	81726.375513	W	0.014843
01569146694828	81726.390356	S	2.707224
01569198673536	81729.097580	W	0.055502
01569199739172	81729.153082	S	1.057662
01569220046284	81730.210744	W	0.015557
01569220344972	81730.226301	S	6.690238
01569348797544	81736.916539	W	0.282661
01569354224632	81737.199200	S	0.015933
01569354530540	81737.215132	W	0.074780
01569355966320	81737.289912	S	0.600975
01569367505048	81737.890888	W	0.015477
01569367802200	81737.906365	S	1.161361
01569390100336	81739.067726	W	0.016565
01569390418388	81739.084291	S	0.495931
01569399940272	81739.580222	W	0.013525
01569400199956	81739.593748	S	0.088294
01569401895208	81739.682042	W	0.013439
01569402153236	81739.695481	S	4.491802
01569488395832	81744.187283	W	0.013659
01569488658088	81744.200942	S	4.902301
01569582782272	81749.103243	W	0.013683
01569583044980	81749.116926	S	0.291630
01569588644272	81749.408556	W	0.012766
01569588889388	81749.421322	S	0.192228
01569592580172	81749.613551	W	0.013067
01569592831068	81749.626618	S	0.294296
01569598481544	81749.920914	W	0.013655
01569598743712	81749.934568	S	4.185338
01569679102196	81754.119906	W	0.013432
01569679360100	81754.133339	S	0.003292
01569679423304	81754.136630	W	0.012908
01569679671128	81754.149538	S	2.940341
01569736125680	81757.089879	W	0.018357
01569736478128	81757.108236	S	1.005311
01569755780100	81758.113547	W	0.013456
01569756038464	81758.127003	S	3.058644
01569814764428	81761.185647	W	0.013529
01569815024184	81761.199176	S	2.956125
01569871781776	81764.155301	W	0.013454
01569872040084	81764.168754	S	3.087626
01569931322504	81767.256380	W	0.036811
01569932029272	81767.293191	S	1.316829
01569957312380	81768.610020	W	0.015344
01569957606976	81768.625363	S	1.571519
01569987780148	81770.196883	W	0.013419
01569988037792	81770.210302	S	10.329832
01570186370572	81780.540134	W	0.013551
01570186630756	81780.553685	S	3.672051
01570257134128	81784.225736	W	0.013556
01570257394408	81784.239292	S	3.644516
01570327369116	81787.883808	W	0.013667
01570327631520	81787.897475	S	4.827591
01570420321268	81792.725066	W	0.013391
01570420578372	81792.738457	S	0.002455
01570420625508	81792.740912	W	0.014800
01570420909676	81792.755712	S	1.402749
01570447842464	81794.158462	W	0.016643
01570448162008	81794.175105	S	0.495705
01570457679536	81794.670809	W	0.016814
01570458002372	81794.687624	S	1.561878
01570487990432	81796.249502	W	0.014353
01570488266000	81796.263854	S	0.965814
01570506809624	81797.229668	W	0.012770
01570507054808	81797.242438	S	0.026388
01570507561448	81797.268825	W	0.034478
01570508223420	81797.303303	S	0.307839
01570514133932	81797.611142	W	0.015144
01570514424704	81797.626287	S	6.567893
01570640528252	81804.194180	W	0.013397
01570640785480	81804.207577	S	20.056583
01571025871880	81824.264160	W	0.013361
01571026128404	81824.277521	S	3.003689
01571083799232	81827.281210	W	0.036708
01571084504020	81827.317918	S	1.390679
01571111205060	81828.708597	W	1.581003
01571141560324	81830.289600	S	0.016346
01571141874160	81830.305946	W	0.013350
01571142130488	81830.319296	S	0.001499
01571142159268	81830.320795	W	0.013340
01571142415396	81830.334135	S	13.897186
01571409241372	81844.231321	W	0.012883
01571409488732	81844.244205	S	5.009848
01571505677820	81849.254053	W	0.014495
01571505956124	81849.268548	S	1.005279
01571525257484	81850.273827	W	0.013440
01571525515524	81850.287267	S	0.089349
01571527231020	81850.376616	W	0.013445
01571527489164	81850.390061	S	0.088639
01571529191028	81850.478699	W	0.012634
01571529433600	81850.491333	S	0.704173
01571542953716	81851.195506	W	0.013604
01571543214916	81851.209110	S	1.010385
01571562614300	81852.219495	W	0.013541
01571562874288	81852.233036	S	1.010429
01571582274520	81853.243465	W	0.013462
01571582532988	81853.256926	S	1.010587
01571601936260	81854.267514	W	0.013359
01571602192760	81854.280873	S	0.088502
01571603891992	81854.369375	W	0.018309
01571604243528	81854.387684	S	0.084459
01571605865136	81854.472143	W	0.013330
01571606121080	81854.485473	S	0.703659
01571619631324	81855.189131	W	0.013290
01571619886500	81855.202422	S	1.010652
01571639291016	81856.213074	W	0.013477
01571639549776	81856.226551	S	1.011427
01571658969176	81857.237978	W	0.013465
01571659227712	81857.251443	S	0.043410
01571660061180	81857.294853	W	0.063137
01571661273408	81857.357990	S	0.698331
01571674681368	81858.056321	W	0.013302
01571674936760	81858.069623	S	0.006061
01571675053128	81858.075684	W	0.013716
01571675316480	81858.089400	S	2.220213
01571717944568	81860.309613	W	0.016236
01571718256308	81860.325849	S	0.496239
01571727784104	81860.822089	W	0.016386
01571728098720	81860.838475	S	3.464198
01571794611324	81864.302673	W	0.013320
01571794867072	81864.315993	S	5.618837
01571902748752	81869.934831	W	0.013454
01571903007072	81869.948285	S	0.293580
01571908643800	81870.241865	W	0.013398
01571908901048	81870.255263	S	0.191397
01571912575864	81870.446660	W	0.013323
01571912831672	81870.459983	S	0.294056
01571918477552	81870.754039	W	0.013650
01571918739636	81870.767689	S	7.666519
01572065936796	81878.434208	W	0.013583
01572066197592	81878.447791	S	5.822927
01572177997788	81884.270718	W	0.013585
01572178258616	81884.284303	S	3.022994
01572236300104	81887.307297	W	0.052670
01572237311372	81887.359967	S	0.289344
01572242866784	81887.649312	W	0.015411
01572243162684	81887.664723	S	11.351759
01572461116460	81899.016482	W	0.013568
01572461376964	81899.030050	S	0.805466
01572476841908	81899.835516	W	0.013493
01572477100972	81899.849009	S	1.113034
01572498471224	81900.962043	W	0.013610
01572498732536	81900.975653	S	0.006025
01572498848216	81900.981678	W	0.013803
01572499113240	81900.995481	S	3.141137
01572559423072	81904.136618	W	0.013125
01572559675076	81904.149744	S	0.089080
01572561385412	81904.238824	W	0.012233
01572561620280	81904.251056	S	0.404903
01572569394424	81904.655960	W	0.013668
01572569656848	81904.669627	S	0.094384
01572571469012	81904.764011	W	0.107537
01572573533716	81904.871548	S	0.083715
01572575141052	81904.955263	W	0.083426
01572576742836	81905.038689	S	0.121590
01572579077368	81905.160280	W	0.013283
01572579332400	81905.173563	S	0.396409
01572586943448	81905.569971	W	0.015491
01572587240872	81905.585462	S	0.080110
01572588778988	81905.665572	W	0.022439
01572589209816	81905.688011	S	0.134754
01572591797084	81905.822765	W	0.079880
01572593330776	81905.902645	S	0.776628
01572608242024	81906.679272	W	0.022001
01572608664440	81906.701273	S	0.991531
01572627701844	81907.692804	W	0.023570
01572628154392	81907.716375	S	0.073019
01572629556356	81907.789394	W	0.013836
01572629822016	81907.803230	S	0.325782
01572636077032	81908.129012	W	0.018122
01572636424972	81908.147134	S	0.560870
01572647193672	81908.708004	W	0.013798
01572647458592	81908.721802	S	0.998200
01572666624032	81909.720002	W	0.013790
01572666888800	81909.733792	S	0.194720
01572670627416	81909.928511	W	0.235193
01572675143124	81910.163704	S	0.015786
01572675446216	81910.179490	W	0.061936
01572676635384	81910.241426	S	0.448468
01572685245960	81910.689894	W	0.015460
01572685542788	81910.705354	S	0.027246
01572686065920	81910.732600	W	0.013769
01572686330280	81910.746369	S	0.063301
01572687545660	81910.809670	W	0.021374
01572687956036	81910.831044	S	0.913096
01572705487472	81911.744139	W	0.013935
01572705755024	81911.758074	S	0.672813
01572718673028	81912.430887	W	0.013503
01572718932284	81912.444390	S	0.312865
01572724939300	81912.757255	W	0.013829
01572725204824	81912.771085	S	0.001609
01572725235720	81912.772694	W	0.013496
01572725494848	81912.786190	S	0.989173
01572744486964	81913.775363	W	0.023497
01572744938100	81913.798859	S	0.033680
01572745584748	81913.832539	W	0.021977
01572746006708	81913.854516	S	0.936746
01572763992240	81914.791263	W	0.013838
01572764257936	81914.805101	S	0.001590
01572764288468	81914.806691	W	0.013420
01572764546128	81914.820111	S	0.228205
01572768927660	81915.048316	W	0.128997
01572771404400	81915.177313	S	0.016013
01572771711848	81915.193325	W	0.058328
01572772831748	81915.251654	S	0.555750
01572783502144	81915.807403	W	0.012008
01572783732704	81915.819412	S	0.926960
01572801530336	81916.746372	W	0.013637
01572801792172	81916.760009	S	0.093856
01572803594200	81916.853865	W	0.033793
01572804243024	81916.887658	S	0.056319
01572805324352	81916.943977	W	0.028412
01572805869860	81916.972389	S	0.119209
01572808158672	81917.091597	W	0.013873
01572808425036	81917.105471	S	0.195231
01572812173480	81917.300702	W	0.015208
01572812465472	81917.315910	S	3.477882
01572879240800	81920.793792	W	0.034020
01572879893984	81920.827812	S	0.095396
01572881725584	81920.923208	W	0.014562
01572882005180	81920.937770	S	0.011251
01572882221204	81920.949021	W	0.014530
01572882500176	81920.963551	S	0.011870
01572882728076	81920.975421	W	0.014795
01572883012140	81920.990216	S	0.148905
01572885871120	81921.139121	W	0.015043
01572886159948	81921.154164	S	0.251070
01572890980484	81921.405234	W	0.014323
01572891255484	81921.419556	S	0.003976
01572891331832	81921.423533	W	0.014589
01572891611940	81921.438122	S	0.089476
01572893329876	81921.527598	W	0.014927
01572893616484	81921.542525	S	0.038984
01572894364976	81921.581509	W	0.014623
01572894645740	81921.596132	S	0.040045
01572895414608	81921.636177	W	0.014543
01572895693832	81921.650720	S	0.040886
01572896478836	81921.691606	W	0.028585
01572897027668	81921.720191	S	0.027660
01572897558744	81921.747851	W	0.047983
01572898480016	81921.795834	S	0.000468
01572898488996	81921.796302	W	0.014551
01572898768380	81921.810853	S	0.058270
01572899887156	81921.869123	W	0.014580
01572900167100	81921.883703	S	0.015330
01572900461432	81921.899033	W	0.014731
01572900744276	81921.913764	S	0.055778
01572901815220	81921.969543	W	0.014404
01572902091772	81921.983946	S	0.123767
01572904468104	81922.107714	W	0.015325
01572904762348	81922.123039	S	1.866310
01572940595500	81923.989349	W	3.725459
01573012124304	81927.714808	S	0.009019
01573012297472	81927.723827	W	0.015034
01573012586116	81927.738860	S	0.017680
01573012925572	81927.756540	W	0.014506
01573013204088	81927.771046	S	0.016293
01573013516916	81927.787339	W	0.028569
01573014065448	81927.815909	S	0.000826
01573014081300	81927.816734	W	0.041945
01573014886648	81927.858680	S	0.039550
01573015646000	81927.898229	W	1.392041
01573042373188	81929.290270	S	0.015814
01573042676812	81929.306084	W	0.152487
01573045604568	81929.458571	S	0.018916
01573045967752	81929.477487	W	0.127300
01573048411908	81929.604787	S	0.016292
01573048724716	81929.621079	W	0.092116
01573050493352	81929.713195	S	0.016375
01573050807748	81929.729570	W	0.059810
01573051956100	81929.789380	S	0.048116
01573052879920	81929.837496	W	0.391709
01573060400724	81930.229204	S	0.016337
01573060714400	81930.245542	W	0.056627
01573061801644	81930.302169	S	0.012030
01573062032624	81930.314199	W	0.015481
01573062329852	81930.329680	S	0.254423
01573067214780	81930.584103	W	0.015570
01573067513716	81930.599673	S	0.261792
01573072540120	81930.861465	W	0.268887
01573077702748	81931.130351	S	0.140663
01573080403484	81931.271015	W	0.080299
01573081945224	81931.351314	S	0.016839
01573082268540	81931.368153	W	0.065839
01573083532648	81931.433992	S	0.059592
01573084676824	81931.493585	W	0.156053
01573087673040	81931.649637	S	0.281835
01573093084264	81931.931472	W	0.015216
01573093376416	81931.946688	S	0.042026
01573094183324	81931.988715	W	0.017013
01573094509968	81932.005727	S	0.116733
01573096751248	81932.122461	W	0.014484
01573097029332	81932.136944	S	0.028762
01573097581560	81932.165706	W	0.083828
01573099191064	81932.249535	S	0.257403
01573104133204	81932.506938	W	0.015385
01573104428588	81932.522322	S	0.607645
01573116095364	81933.129967	W	0.022665
01573116530524	81933.152631	S	0.473591
01573125623476	81933.626223	W	0.231922
01573130076376	81933.858145	S	0.016358
01573130390448	81933.874502	W	0.077716
01573131882592	81933.952218	S	0.190856
01573135547028	81934.143074	W	0.014741
01573135830056	81934.157815	S	0.058825
01573136959504	81934.216641	W	0.015699
01573137260916	81934.232339	S	0.077292
01573138744928	81934.309632	W	0.022390
01573139174820	81934.332022	S	0.011055
01573139387076	81934.343077	W	0.080723
01573140936964	81934.423800	S	0.257062
01573145872560	81934.680862	W	0.015190
01573146164200	81934.696052	S	0.318092
01573152271560	81935.014144	W	0.130348
01573154774236	81935.144491	S	0.013161
01573155026928	81935.157652	W	0.058009
01573156140700	81935.215661	S	0.282483
01573161564368	81935.498144	W	0.015378
01573161859616	81935.513522	S	0.013126
01573162111636	81935.526648	W	0.084160
01573163727504	81935.610807	S	0.256870
01573168659412	81935.867678	W	0.015216
01573168951568	81935.882894	S	0.296451
01573174643428	81936.179345	W	0.014713
01573174925920	81936.194058	S	0.099750
01573176841120	81936.293808	W	0.084589
01573178465232	81936.378397	S	0.256608
01573183392112	81936.635006	W	0.015304
01573183685948	81936.650310	S	0.538080
01573194017080	81937.188390	W	0.014607
01573194297528	81937.202996	S	0.126797
01573196732032	81937.329793	W	0.014580
01573197011968	81937.344373	S	0.854467
01573213417732	81938.198840	W	0.014592
01573213697904	81938.213432	S	0.994727
01573232796656	81939.208159	W	0.014406
01573233073244	81939.222565	S	0.995890
01573252194336	81940.218455	W	0.014723
01573252477020	81940.233178	S	0.111427
01573254616428	81940.344606	W	0.014641
01573254897532	81940.359246	S	0.866594
01573271536144	81941.225841	W	0.014904
01573271822304	81941.240745	S	0.994321
01573290913264	81942.235066	W	0.014445
01573291190608	81942.249511	S	0.995015
01573310294892	81943.244526	W	0.023289
01573310742032	81943.267814	S	0.092155
01573312511408	81943.359969	W	0.021644
01573312926968	81943.381613	S	0.338026
01573319417068	81943.719639	W	0.085366
01573321056104	81943.805005	S	0.256101
01573325973236	81944.061106	W	0.015523
01573326271280	81944.076629	S	0.097323
01573328139884	81944.173952	W	0.013007
01573328389624	81944.186960	S	0.071281
01573329758220	81944.258241	W	0.015057
01573330047312	81944.273297	S	0.213204
01573334140820	81944.486501	W	0.085477
01573335781984	81944.571978	S	0.255905
01573340695364	81944.827884	W	0.015482
01573340992616	81944.843365	S	0.426806
01573349187288	81945.270171	W	0.014551
01573349466660	81945.284722	S	0.995614
01573368582440	81946.280335	W	0.014502
01573368860884	81946.294838	S	0.090193
01573370592596	81946.385031	W	0.014483
01573370870668	81946.399514	S	0.891168
01573387981088	81947.290682	W	0.014961
01573388268348	81947.305643	S	0.759817
01573402856828	81948.065460	W	0.012994
01573403106316	81948.078454	S	0.089063
01573404816320	81948.167517	W	0.012702
01573405060204	81948.180219	S	0.121547
01573407393908	81948.301766	W	0.014722
01573407676576	81948.316488	S	0.523656
01573417730776	81948.840145	W	0.235025
01573422243264	81949.075170	S	0.015890
01573422548344	81949.091060	W	0.061764
01573423734208	81949.152823	S	0.161981
01573426844244	81949.314804	W	0.021103
01573427249424	81949.335908	S	0.071956
01573428630976	81949.407863	W	0.023767
01573429087300	81949.431630	S	0.175364
01573432454296	81949.606995	W	0.085719
01573434100104	81949.692714	S	0.632658
01573446247136	81950.325372	W	0.013369
01573446503824	81950.338741	S	0.505372
01573456206968	81950.844113	W	0.107488
01573458270732	81950.951601	S	0.083701
01573459877784	81951.035301	W	0.240953
01573464504088	81951.276255	S	0.016152
01573464814204	81951.292406	W	0.170806
01573468093688	81951.463213	S	0.014985
01573468381400	81951.478198	W	0.240485
01573472998704	81951.718682	S	0.033455
01573473641044	81951.752138	W	0.251485
01573478469556	81952.003623	S	0.016708
01573478790344	81952.020330	W	0.200755
01573482644840	81952.221085	S	0.016174
01573482955372	81952.237259	W	0.205718
01573486905164	81952.442977	S	0.025433
01573487393480	81952.468410	W	0.086555
01573489055340	81952.554966	S	0.016657
01573489375152	81952.571623	W	0.060817
01573490542848	81952.632440	S	0.041380
01573491337340	81952.673820	W	0.082537
01573492922060	81952.756357	S	0.016341
01573493235804	81952.772698	W	0.057546
01573494340684	81952.830244	S	0.253371
01573499205400	81953.083615	W	0.013052
01573499456008	81953.096667	S	0.238844
01573504041812	81953.335511	W	0.013688
01573504304620	81953.349199	S	0.995048
01573523409548	81954.344247	W	0.013831
01573523675108	81954.358079	S	0.465357
01573532609964	81954.823436	W	0.083929
01573534221408	81954.907365	S	0.254582
01573539109384	81955.161947	W	0.015380
01573539404680	81955.177327	S	0.173824
01573542742108	81955.351151	W	0.014021
01573543011304	81955.365172	S	0.078885
01573544525896	81955.444057	W	0.013445
01573544784044	81955.457502	S	0.697854
01573558182844	81956.155356	W	0.084063
01573559796860	81956.239420	S	0.122784
01573562154312	81956.362204	W	0.013945
01573562422052	81956.376149	S	0.381757
01573569751792	81956.757906	W	0.015336
01573570046240	81956.773242	S	0.599249
01573581551824	81957.372491	W	0.021475
01573581964144	81957.393966	S	0.989573
01573600963940	81958.383539	W	0.013799
01573601228876	81958.397337	S	0.062683
01573602432396	81958.460021	W	0.013785
01573602697064	81958.473805	S	0.918244
01573620327356	81959.392050	W	0.021845
01573620746788	81959.413895	S	0.989460
01573639744412	81960.403355	W	0.013907
01573640011424	81960.417262	S	0.996418
01573659142652	81961.413680	W	0.013841
01573659408408	81961.427521	S	0.055376
01573660471624	81961.482897	W	0.013707
01573660734792	81961.496604	S	0.926778
01573678528936	81962.423382	W	0.013853
01573678794912	81962.437235	S	0.996389
01573697925576	81963.433624	W	0.013880
01573698192080	81963.447504	S	0.994251
01573717281708	81964.441756	W	0.014762
01573717565132	81964.456517	S	0.048240
01573718491344	81964.504758	W	0.013796
01573718756228	81964.518554	S	0.935633
01573736720376	81965.454186	W	0.014268
01573736994316	81965.468454	S	2.056694
01573776482844	81967.525148	W	0.014579
01573776762764	81967.539727	S	3.005276
01573834464068	81970.545004	W	0.014828
01573834748760	81970.559831	S	1.573832
01573864966328	81972.133663	W	0.014707
01573865248708	81972.148370	S	1.417280
01573892460484	81973.565650	W	0.014764
01573892743960	81973.580415	S	3.010770
01573950550744	81976.591185	W	0.014716
01573950833288	81976.605900	S	2.998518
01574008404832	81979.604418	W	0.021276
01574008813336	81979.625695	S	0.687648
01574022016172	81980.313342	W	0.086740
01574023681584	81980.400082	S	0.023131
01574024125708	81980.423214	W	0.171601
01574027420444	81980.594815	S	0.282572
01574032845832	81980.877387	W	0.015406
01574033141636	81980.892794	S	1.745839
01574066661740	81982.638632	W	0.014918
01574066948156	81982.653550	S	2.792357
01574120561416	81985.445907	W	0.278525
01574125909100	81985.724432	S	0.016489
01574126225680	81985.740921	W	0.061811
01574127412444	81985.802731	S	0.281170
01574132810908	81986.083901	W	0.015466
01574133107848	81986.099367	S	0.272861
01574138346772	81986.372228	W	0.014527
01574138625684	81986.386754	S	2.293040
01574182652060	81988.679795	W	0.014602
01574182932424	81988.694397	S	1.969754
01574220751692	81990.664151	W	0.085013
01574222383944	81990.749164	S	0.017830
01574222726288	81990.766994	W	0.013361
01574222982820	81990.780355	S	0.191252
01574226654864	81990.971608	W	0.013562
01574226915264	81990.985170	S	0.293700
01574232554304	81991.278870	W	0.012748
01574232799072	81991.291618	S	0.294509
01574238453648	81991.586128	W	0.013642
01574238715568	81991.599769	S	0.096757
01574240573312	81991.696527	W	0.021945
01574240994660	81991.718472	S	0.686884
01574254182836	81992.405356	W	0.013750
01574254446832	81992.419106	S	0.088667
01574256149240	81992.507773	W	0.013362
01574256405800	81992.521135	S	2.199015
01574298626896	81994.720151	W	0.013968
01574298895072	81994.734118	S	0.951989
01574317173260	81995.686107	W	0.085682
01574318818352	81995.771789	S	0.255522
01574323724376	81996.027311	W	0.015723
01574324026256	81996.043034	S	1.698235
01574356632368	81997.741269	W	0.014604
01574356912756	81997.755873	S	3.007740
01574414661372	82000.763613	W	0.014813
01574414945784	82000.778426	S	0.637769
01574427190956	82001.416196	W	0.013535
01574427450820	82001.429730	S	0.497662
01574437005928	82001.927392	W	0.014876
01574437291548	82001.942268	S	1.845646
01574472727952	82003.787914	W	0.022944
01574473168472	82003.810858	S	0.677453
01574486175568	82004.488311	W	0.013483
01574486434448	82004.501794	S	0.088178
01574488127468	82004.589972	W	0.016497
01574488444216	82004.606470	S	0.393756
01574496004324	82005.000225	W	0.016897
01574496328744	82005.017122	S	1.415851
01574523513084	82006.432973	W	0.013284
01574523768132	82006.446257	S	0.366031
01574530795932	82006.812288	W	0.023034
01574531238192	82006.835323	S	0.621831
01574543177340	82007.457153	W	0.013402
01574543434656	82007.470555	S	0.088836
01574545140304	82007.559391	W	0.012988
01574545389668	82007.572379	S	1.830155
01574580528636	82009.402533	W	0.012773
01574580773880	82009.415306	S	0.089738
01574582496844	82009.505044	W	0.013269
01574582751612	82009.518313	S	0.317726
01574588851960	82009.836040	W	0.022463
01574589283252	82009.858503	S	3.000787
01574646898368	82012.859290	W	0.014856
01574647183608	82012.874146	S	3.009180
01574704959864	82015.883326	W	0.013767
01574705224196	82015.897094	S	0.162515
01574708344480	82016.059608	W	0.013317
01574708600160	82016.072925	S	0.805978
01574724074936	82016.878903	W	0.012956
01574724323700	82016.891859	S	2.011508
01574762944652	82018.903367	W	0.050656
01574763917248	82018.954023	S	0.307410
01574769819512	82019.261433	W	0.015142
01574770110232	82019.276575	S	0.570775
01574781069116	82019.847350	W	0.012552
01574781310112	82019.859902	S	0.070929
01574782671956	82019.930831	W	0.044637
01574783528988	82019.975468	S	0.296813
01574789227796	82020.272281	W	0.015285
01574789521272	82020.287566	S	1.096032
01574810565084	82021.383598	W	0.012973
01574810814168	82021.396571	S	0.000624
01574810826152	82021.397195	W	0.014396
01574811102560	82021.411592	S	0.381633
01574818429916	82021.793225	W	0.013156
01574818682504	82021.806380	S	0.109068
01574820776608	82021.915448	W	0.014717
01574821059184	82021.930166	S	0.069150
01574822386860	82021.999316	W	0.012936
01574822635224	82022.012251	S	2.647909
01574873475072	82024.660160	W	0.012321
01574873711632	82024.672481	S	0.260087
01574878705296	82024.932568	W	0.014801
01574878989484	82024.947369	S	0.178993
01574882426148	82025.126362	W	0.027872
01574882961284	82025.154234	S	0.313763
01574888985540	82025.467997	W	0.014953
01574889272632	82025.482950	S	0.264952
01574894359708	82025.747901	W	0.056594
01574895446316	82025.804496	S	0.285036
01574900919008	82026.089532	W	0.013814
01574901184232	82026.103345	S	0.032998
01574901817800	82026.136344	W	0.027932
01574902354088	82026.164275	S	0.313479
01574908372884	82026.477754	W	0.015359
01574908667784	82026.493114	S	1.460380
01574936707072	82027.953493	W	0.014717
01574936989640	82027.968210	S	0.890311
01574954083608	82028.858521	W	0.012972
01574954332664	82028.871493	S	2.103517
01574994720188	82030.975010	W	0.014778
01574995003932	82030.989788	S	2.583914
01575044615080	82033.573702	W	0.014785
01575044898948	82033.588487	S	0.407641
01575052725660	82033.996128	W	0.014770
01575053009248	82034.010898	S	3.007906
01575110761052	82037.018805	W	0.014941
01575111047928	82037.033746	S	3.008371
01575168808656	82040.042117	W	0.014650
01575169089936	82040.056768	S	3.009690
01575226875988	82043.066458	W	0.014561
01575227155568	82043.081019	S	3.007127
01575284892412	82046.088146	W	0.014474
01575285170312	82046.102620	S	3.012711
01575343014372	82049.115332	W	0.014896
01575343300368	82049.130228	S	1.463395
01575371397560	82050.593623	W	0.029044
01575371955200	82050.622667	S	0.177530
01575375363768	82050.800196	W	0.706925
01575388936728	82051.507121	S	0.000784
01575388951772	82051.507905	W	0.015346
01575389246408	82051.523250	S	0.080908
01575390799840	82051.604158	W	0.029045
01575391357500	82051.633203	S	0.075946
01575392815668	82051.709149	W	0.023037
01575393257984	82051.732187	S	0.213764
01575397362248	82051.945950	W	0.015562
01575397661040	82051.961512	S	0.526305
01575407766092	82052.487817	W	0.014513
01575408044744	82052.502330	S	0.010772
01575408251568	82052.513103	W	0.012662
01575408494680	82052.525765	S	0.295032
01575414159292	82052.820796	W	0.012836
01575414405740	82052.833632	S	0.088998
01575416114496	82052.922630	W	0.012979
01575416363684	82052.935609	S	0.294170
01575422011748	82053.229779	W	0.012941
01575422260224	82053.242720	S	0.090411
01575423996120	82053.333131	W	0.012784
01575424241572	82053.345915	S	0.149685
01575427115532	82053.495601	W	0.014772
01575427399148	82053.510372	S	0.026855
01575427914772	82053.537228	W	0.013164
01575428167512	82053.550391	S	0.048348
01575429095788	82053.598739	W	0.085390
01575430735272	82053.684129	S	0.057364
01575431836656	82053.741493	W	0.120982
01575434159512	82053.862475	S	0.012378
01575434397176	82053.874853	W	0.098844
01575436294980	82053.973697	S	0.243115
01575440962796	82054.216812	W	0.015485
01575441260112	82054.232297	S	0.272204
01575446486428	82054.504501	W	0.023215
01575446932160	82054.527717	S	0.200263
01575450777216	82054.727980	W	0.014400
01575451053700	82054.742380	S	0.023668
01575451508116	82054.766048	W	0.013081
01575451759264	82054.779128	S	0.293700
01575457398304	82055.072828	W	0.013343
01575457654488	82055.086171	S	0.431566
01575465940564	82055.517738	W	0.014986
01575466228300	82055.532724	S	0.359606
01575473132732	82055.892330	W	0.012721
01575473376984	82055.905051	S	0.191954
01575477062508	82056.097006	W	0.012949
01575477311132	82056.109955	S	0.415873
01575485295892	82056.525828	W	0.022052
01575485719292	82056.547880	S	0.066414
01575486994444	82056.614294	W	0.029011
01575487551456	82056.643305	S	0.313235
01575493565576	82056.956540	W	0.015497
01575493863112	82056.972037	S	0.046616
01575494758132	82057.018653	W	0.012724
01575495002436	82057.031377	S	0.090304
01575496736276	82057.121681	W	0.013242
01575496990528	82057.134923	S	0.395746
01575504588848	82057.530669	W	0.021099
01575504993956	82057.551769	S	0.073568
01575506406464	82057.625337	W	0.036773
01575507112512	82057.662110	S	0.083234
01575508710604	82057.745344	W	0.014715
01575508993140	82057.760059	S	0.209119
01575513008224	82057.969178	W	0.015639
01575513308488	82057.984817	S	0.555501
01575523974100	82058.540318	W	0.022790
01575524411664	82058.563107	S	0.093861
01575526213800	82058.656969	W	0.284242
01575531671244	82058.941211	S	0.016139
01575531981104	82058.957349	W	0.062737
01575533185648	82059.020086	S	0.279952
01575538560720	82059.300037	W	0.015207
01575538852696	82059.315245	S	0.237984
01575543421984	82059.553228	W	0.015011
01575543710192	82059.568239	S	0.993677
01575562788784	82060.561916	W	0.014666
01575563070368	82060.576582	S	0.025938
01575563568372	82060.602519	W	0.013416
01575563825960	82060.615935	S	0.088995
01575565534660	82060.704930	W	0.012920
01575565782716	82060.717850	S	0.049300
01575566729284	82060.767150	W	0.023094
01575567172688	82060.790244	S	0.782000
01575582187092	82061.572244	W	0.015004
01575582475164	82061.587248	S	0.995574
01575601590180	82062.582822	W	0.022270
01575602017764	82062.605092	S	0.988918
01575621004988	82063.594010	W	0.022336
01575621433840	82063.616346	S	0.165439
01575624610272	82063.781785	W	0.130211
01575627110320	82063.911996	S	0.016580
01575627428656	82063.928576	W	0.071427
01575628800056	82064.000003	S	0.270257
01575633988992	82064.270260	W	0.015842
01575634293164	82064.286102	S	0.318633
01575640410920	82064.604735	W	0.014677
01575640692728	82064.619413	S	0.992921
01575659756812	82065.612334	W	0.014955
01575660043940	82065.627289	S	0.996975
01575679185860	82066.624264	W	0.015410
01575679481736	82066.639674	S	0.161707
01575682586504	82066.801380	W	0.014927
01575682873104	82066.816308	S	0.816628
01575698552368	82067.632936	W	0.021841
01575698971712	82067.654777	S	0.988575
01575717952344	82068.643351	W	0.014472
01575718230208	82068.657823	S	0.995677
01575737347200	82069.653500	W	0.014759
01575737630572	82069.668259	S	0.149046
01575740492248	82069.817305	W	0.019780
01575740872024	82069.837085	S	0.824488
01575756702184	82070.661572	W	0.014420
01575756979048	82070.675992	S	0.996438
01575776110656	82071.672430	W	0.014443
01575776387968	82071.686873	S	0.994085
01575795474404	82072.680959	W	0.023601
01575795927544	82072.704560	S	0.130176
01575798426916	82072.834735	W	0.014523
01575798705760	82072.849258	S	0.554726
01575809356504	82073.403985	W	0.013505
01575809615808	82073.417490	S	0.275675
01575814908764	82073.693165	W	0.014145
01575815180356	82073.707310	S	0.001541
01575815209944	82073.708851	W	0.015340
01575815504464	82073.724191	S	0.703659
01575829014716	82074.427850	W	0.012477
01575829254276	82074.440327	S	1.412083
01575856366268	82075.852410	W	0.014010
01575856635256	82075.866420	S	1.222626
01575880109672	82077.089045	W	0.017933
01575880453984	82077.106978	S	1.417481
01575907669624	82078.524460	W	0.016218
01575907981004	82078.540677	S	0.331636
01575914348408	82078.872313	W	0.013530
01575914608184	82078.885843	S	0.150672
01575917501080	82079.036515	W	0.014201
01575917773736	82079.050715	S	0.087813
01575919459752	82079.138529	W	0.012869
01575919706828	82079.151397	S	2.737780
01575972272204	82081.889177	W	0.013751
01575972536216	82081.902928	S	3.003045
01576030194688	82084.905973	W	0.013834
01576030460304	82084.919808	S	3.012566
01576088301576	82087.932374	W	0.021443
01576088713288	82087.953817	S	3.003365
01576146377888	82090.957182	W	0.013820
01576146643228	82090.971001	S	2.994278
01576204133372	82093.965280	W	0.038136
01576204865588	82094.003416	S	0.303992
01576210702228	82094.307408	W	0.015145
01576210993012	82094.322553	S	0.691283
01576224265644	82095.013836	W	0.014717
01576224548208	82095.028553	S	1.973955
01576262448152	82097.002508	W	0.020850
01576262848472	82097.023358	S	0.034480
01576263510484	82097.057838	W	0.013166
01576263763280	82097.071004	S	2.710046
01576315796160	82099.781050	W	0.013639
01576316058032	82099.794689	S	0.083909
01576317669088	82099.878598	W	0.032390
01576318290976	82099.910988	S	0.075558
01576319741692	82099.986546	W	0.027937
01576320278076	82100.014483	S	0.095576
01576322113132	82100.110059	W	0.014467
01576322390900	82100.124526	S	0.222819
01576326669032	82100.347345	W	0.015208
01576326961024	82100.362553	S	10.783014
01576533994892	82111.145567	W	0.409851
01576541864028	82111.555418	S	240.733870
01581163954332	82352.289288	W	15.203370
01581455859036	82367.492658	S	0.748508
01581470230396	82368.241166	W	0.014564
01581470510016	82368.255730	S	0.995523
01581489624060	82369.251253	W	0.023116
01581490067884	82369.274369	S	0.022384
01581490497652	82369.296753	W	0.022637
01581490932276	82369.319389	S	0.944066
01581509058352	82370.263456	W	0.014412
01581509335064	82370.277868	S	0.995156
01581528442056	82371.273024	W	0.022701
01581528877908	82371.295724	S	0.988154
01581547850456	82372.283878	W	0.014529
01581548129412	82372.298407	S	0.020894
01581548530584	82372.319301	W	0.014355
01581548806208	82372.333657	S	0.441731
01581557287436	82372.775387	W	0.084358
01581558907112	82372.859745	S	0.256816
01581563837988	82373.116562	W	0.015141
01581564128696	82373.131703	S	0.154838
01581567101592	82373.286541	W	0.085325
01581568739840	82373.371867	S	0.256207
01581573659024	82373.628074	W	0.015241
01581573951660	82373.643316	S	0.659484
01581586613748	82374.302799	W	0.014464
01581586891456	82374.317263	S	0.994227
01581605980616	82375.311490	W	0.014469
01581606258420	82375.325959	S	0.015775
01581606561308	82375.341735	W	0.014573
01581606841112	82375.356308	S	0.967670
01581625420376	82376.323978	W	0.023013
01581625862228	82376.346991	S	0.876930
01581642699292	82377.223921	W	0.012493
01581642939152	82377.236414	S	0.102180
01581644901012	82377.338594	W	0.014811
01581645185380	82377.353405	S	0.996861
01581664325120	82378.350267	W	0.028856
01581664879148	82378.379122	S	0.028099
01581665418652	82378.407221	W	0.089402
01581667135180	82378.496624	S	0.649123
01581679598336	82379.145747	W	0.015531
01581679896524	82379.161277	S	0.197622
01581683690860	82379.358899	W	0.021454
01581684102776	82379.380353	S	0.991842
01581703146152	82380.372195	W	0.022160
01581703571620	82380.394355	S	0.517740
01581713512228	82380.912095	W	0.013641
01581713774144	82380.925737	S	0.456005
01581722529448	82381.381742	W	0.021450
01581722941284	82381.403192	S	0.992876
01581742004504	82382.396068	W	0.021801
01581742423076	82382.417869	S	0.746828
01581756762180	82383.164697	W	0.016887
01581757086416	82383.181584	S	0.226193
01581761429316	82383.407777	W	0.013833
01581761694904	82383.421610	S	0.255298
01581766596628	82383.676908	W	0.015890
01581766901724	82383.692798	S	0.716522
01581780658952	82384.409320	W	0.021578
01581781073252	82384.430899	S	0.992291
01581800125232	82385.423189	W	0.013936
01581800392812	82385.437126	S	0.996995
01581819535120	82386.434121	W	0.022786
01581819972620	82386.456907	S	0.979165
01581838772588	82387.436072	W	0.022950
01581839213228	82387.459022	S	0.996802
01581858351828	82388.455824	W	0.013825
01581858617260	82388.469649	S	1.989763
01581896820700	82390.459411	W	0.013861
01581897086824	82390.473272	S	3.011175
01581954901388	82393.484447	W	0.021677
01581955317584	82393.506124	S	3.002959
01582012974396	82396.509083	W	0.013820
01582013239740	82396.522903	S	0.772397
01582028069764	82397.295300	W	0.023345
01582028517980	82397.318645	S	2.214362
01582071033728	82399.533007	W	0.013898
01582071300568	82399.546905	S	3.010735
01582129106676	82402.557639	W	0.021726
01582129523820	82402.579366	S	3.004941
01582187218692	82405.584307	W	0.022010
01582187641292	82405.606317	S	2.866829
01582242684404	82408.473146	W	0.037017
01582243395136	82408.510163	S	0.095604
01582245230732	82408.605767	W	0.014389
01582245506996	82408.620156	S	1.266317
01582269820276	82409.886473	W	0.012840
01582270066800	82409.899312	S	1.726069
01582303207328	82411.625382	W	0.021817
01582303626208	82411.647198	S	1.433553
01582331150432	82413.080752	W	0.013641
01582331412348	82413.094393	S	0.073433
01582332822256	82413.167826	W	0.013247
01582333076604	82413.181073	S	0.001496
01582333105332	82413.182569	W	0.013345
01582333361548	82413.195914	S	1.306739
01582358450944	82414.502653	W	0.013992
01582358719584	82414.516645	S	0.129549
01582361206928	82414.646194	W	0.013572
01582361467504	82414.659766	S	2.603554
01582411455748	82417.263320	W	0.013428
01582411713560	82417.276748	S	0.385504
01582419115240	82417.662252	W	0.013796
01582419380132	82417.676049	S	3.007951
01582477132788	82420.683999	W	0.013730
01582477396408	82420.697730	S	3.009102
01582535171164	82423.706831	W	0.013846
01582535437008	82423.720677	S	3.011322
01582593254384	82426.731999	W	0.013648
01582593516432	82426.745648	S	3.012741
01582651361068	82429.758389	W	0.013678
01582651623692	82429.772067	S	3.009860
01582709412996	82432.781927	W	0.021997
01582709835344	82432.803924	S	3.003940
01582767511000	82435.807865	W	0.013735
01582767774712	82435.821600	S	1.410116
01582794848940	82437.231716	W	0.013216
01582795102684	82437.244931	S	1.241857
01582818946344	82438.486789	W	0.036445
01582819646092	82438.523234	S	0.308570
01582825570640	82438.831804	W	0.013904
01582825837604	82438.845709	S	3.010811
01582883645184	82441.856520	W	0.021142
01582884051104	82441.877662	S	3.005700
01582941760548	82444.883362	W	0.013652
01582942022660	82444.897014	S	3.009097
01582999797324	82447.906111	W	0.013769
01583000061688	82447.919880	S	3.013590
01583057922616	82450.933470	W	0.014054
01583058192444	82450.947523	S	2.155801
01583099583816	82453.103324	W	0.012695
01583099827560	82453.116019	S	0.089509
01583101546140	82453.205528	W	0.012629
01583101788616	82453.218157	S	0.294436
01583107441796	82453.512594	W	0.012807
01583107687684	82453.525400	S	0.432903
01583115999416	82453.958303	W	0.014532
01583116278428	82453.972835	S	2.408304
01583162517868	82456.381139	W	0.012691
01583162761540	82456.393830	S	0.190401
01583166417232	82456.584231	W	0.015336
01583166711680	82456.599567	S	0.292537
01583172328392	82456.892104	W	0.020507
01583172722124	82456.912611	S	0.068952
01583174046004	82456.981563	W	0.014268
01583174319956	82456.995831	S	0.305292
01583180181556	82457.301123	W	0.012557
01583180422648	82457.313680	S	1.215617
01583203762488	82458.529296	W	0.012797
01583204008192	82458.542093	S	0.091000
01583205755384	82458.633093	W	0.013336
01583206011436	82458.646429	S	0.003135
01583206071624	82458.649564	W	0.013419
01583206329272	82458.662983	S	0.175182
01583209692764	82458.838165	W	0.013222
01583209946628	82458.851387	S	0.089362
01583211662376	82458.940749	W	0.013264
01583211917048	82458.954013	S	0.088639
01583213618924	82459.042652	W	0.013170
01583213871788	82459.055822	S	0.192236
01583217562724	82459.248059	W	0.013311
01583217818300	82459.261370	S	0.293332
01583223450272	82459.554702	W	0.013251
01583223704696	82459.567953	S	0.023449
01583224154912	82459.591402	W	0.117996
01583226420432	82459.709398	S	0.015915
01583226726004	82459.725313	W	0.086825
01583228393036	82459.812137	S	0.192081
01583232080984	82460.004218	W	0.021890
01583232501272	82460.026108	S	0.859815
01583249009716	82460.885923	W	0.013389
01583249266780	82460.899311	S	2.129028
01583290144112	82463.028339	W	0.021388
01583290554756	82463.049727	S	0.089005
01583292263648	82463.138732	W	0.013316
01583292519308	82463.152047	S	0.498210
01583302084940	82463.650257	W	0.013011
01583302334752	82463.663268	S	0.191981
01583306020780	82463.855249	W	0.013279
01583306275732	82463.868528	S	0.806020
01583321751320	82464.674548	W	0.235310
01583326269264	82464.909857	S	0.015598
01583326568740	82464.925455	W	0.074840
01583328005664	82465.000295	S	0.288674
01583333548208	82465.288969	W	0.013441
01583333806280	82465.302410	S	0.753317
01583348269968	82466.055728	W	0.021346
01583348679820	82466.077074	S	0.031064
01583349276252	82466.108138	W	0.012996
01583349525772	82466.121134	S	0.601409
01583361072828	82466.722543	W	0.013425
01583361330592	82466.735968	S	0.088996
01583363039312	82466.824964	W	0.013232
01583363293372	82466.838196	S	0.089173
01583365005496	82466.927370	W	0.013468
01583365264088	82466.940838	S	0.703276
01583378766988	82467.644114	W	0.013329
01583379022904	82467.657443	S	1.425281
01583406388304	82469.082724	W	0.013660
01583406650572	82469.096384	S	0.698190
01583420055828	82469.794574	W	0.133364
01583422616412	82469.927938	S	0.015777
01583422919328	82469.943715	W	0.073993
01583424339996	82470.017708	S	1.298750
01583449275992	82471.316458	W	0.015422
01583449572100	82471.331880	S	0.775601
01583464463640	82472.107481	W	0.013868
01583464729904	82472.121349	S	1.871796
01583500668392	82473.993145	W	0.013454
01583500926700	82474.006599	S	0.191174
01583504597232	82474.197773	W	0.013247
01583504851576	82474.211020	S	0.293985
01583510496088	82474.505005	W	0.013476
01583510754820	82474.518480	S	0.293848
01583516396696	82474.812328	W	0.013339
01583516652796	82474.825666	S	0.306037
01583522528704	82475.131703	W	0.013372
01583522785440	82475.145075	S	0.797933
01583538105752	82475.943008	W	0.013746
01583538369676	82475.956754	S	1.313395
01583563586860	82477.270149	W	0.013573
01583563847468	82477.283722	S	0.870154
01583580554420	82478.153876	W	0.020998
01583580957576	82478.174874	S	3.004890
01583638651464	82481.179764	W	0.013812
01583638916656	82481.193576	S	2.322307
01583683504944	82483.515882	W	0.125160
01583685908012	82483.641042	S	0.016034
01583686215872	82483.657077	W	0.082272
01583687795488	82483.739348	S	0.387916
01583695243476	82484.127264	W	0.012133
01583695476428	82484.139397	S	0.068043
01583696782860	82484.207441	W	0.013700
01583697045900	82484.221141	S	0.319007
01583703170840	82484.540148	W	0.013423
01583703428560	82484.553571	S	0.703419
01583716934208	82485.256990	W	0.013469
01583717192820	82485.270459	S	0.703325
01583730696660	82485.973784	W	0.013398
01583730953896	82485.987182	S	0.805780
01583746424876	82486.792962	W	0.013442
01583746682956	82486.806404	S	0.425970
01583754861584	82487.232374	W	0.013879
01583755128056	82487.246253	S	0.263527
01583760187768	82487.509780	W	0.013471
01583760446416	82487.523251	S	0.805874
01583775919200	82488.329125	W	0.013360
01583776175712	82488.342485	S	0.088653
01583777877852	82488.431138	W	0.083170
01583779474708	82488.514308	S	0.121666
01583781810692	82488.635974	W	0.331510
01583788175676	82488.967483	S	0.016169
01583788486116	82488.983652	W	0.080448
01583790030712	82489.064100	S	1.194034
01583812956172	82490.258134	W	0.014174
01583813228308	82490.272308	S	3.008973
01583871000592	82493.281281	W	0.021880
01583871420696	82493.303161	S	3.004739
01583929111676	82496.307900	W	0.014006
01583929380600	82496.321906	S	1.018931
01583948944072	82497.340837	W	0.013318
01583949199784	82497.354155	S	1.977099
01583987160084	82499.331254	W	0.014506
01583987438608	82499.345761	S	3.008209
01584045196216	82502.353970	W	0.012454
01584045435332	82502.366424	S	3.010771
01584103242128	82505.377194	W	0.013778
01584103506664	82505.390972	S	3.008655
01584161272840	82508.399627	W	0.013155
01584161525412	82508.412782	S	3.009983
01584219317080	82511.422765	W	0.013667
01584219579484	82511.436431	S	3.008801
01584277348460	82514.445232	W	0.013842
01584277614224	82514.459074	S	2.849361
01584332321948	82517.308435	W	0.012799
01584332567680	82517.321233	S	0.149029
01584335429040	82517.470263	W	0.013795
01584335693908	82517.484058	S	1.538300
01584365229264	82519.022357	W	0.052767
01584366242396	82519.075125	S	0.891751
01584383364008	82519.966875	W	0.012341
01584383600964	82519.979217	S	0.512799
01584393446700	82520.492016	W	0.013864
01584393712880	82520.505879	S	0.506195
01584403431832	82521.012075	W	2.395162
01584449418940	82523.407236	S	0.022055
01584449842400	82523.429292	W	0.013480
01584450101212	82523.442771	S	0.069163
01584451429132	82523.511934	W	0.013828
01584451694636	82523.525762	S	3.005742
01584509404880	82526.531504	W	0.022123
01584509829648	82526.553628	S	3.007844
01584567580256	82529.561472	W	0.013780
01584567844824	82529.575251	S	0.841037
01584583992744	82530.416289	W	0.016068
01584584301244	82530.432356	S	0.598089
01584595784548	82531.030445	W	0.013277
01584596039464	82531.043722	S	0.089396
01584597755876	82531.133119	W	0.013407
01584598013292	82531.146526	S	1.435194
01584625569024	82532.581720	W	0.013768
01584625833368	82532.595488	S	3.009494
01584683615644	82535.604981	W	0.013722
01584683879108	82535.618704	S	1.759973
01584717670592	82537.378677	W	0.013411
01584717928092	82537.392088	S	1.238593
01584741709076	82538.630681	W	0.013789
01584741973820	82538.644470	S	2.829990
01584796309628	82541.474460	W	0.121032
01584798633444	82541.595492	S	0.004270
01584798715420	82541.599761	W	0.069156
01584800043208	82541.668917	S	0.010361
01584800242132	82541.679278	W	0.083370
01584801842836	82541.762648	S	0.042680
01584802662288	82541.805327	W	0.169789
01584805922236	82541.975116	S	0.015873
01584806227004	82541.990990	W	0.061844
01584807414412	82542.052834	S	0.943952
01584825538288	82542.996786	W	0.015681
01584825839364	82543.012467	S	1.662360
01584857756668	82544.674826	W	0.013839
01584858022368	82544.688665	S	2.008167
01584896579184	82546.696833	W	0.084630
01584898204076	82546.781462	S	0.018250
01584898554476	82546.799712	W	0.021684
01584898970804	82546.821396	S	0.032871
01584899601920	82546.854267	W	0.237171
01584904155604	82547.091438	S	0.016046
01584904463696	82547.107484	W	0.061815
01584905650544	82547.169299	S	0.534681
01584915916416	82547.703980	W	0.014217
01584916189376	82547.718197	S	0.311250
01584922165380	82548.029447	W	0.020723
01584922563264	82548.050170	S	2.677838
01584973977756	82550.728008	W	0.014519
01584974256516	82550.742527	S	1.380586
01585000763764	82552.123113	W	0.083277
01585002362688	82552.206390	S	0.254633
01585007251648	82552.461023	W	0.015175
01585007543000	82552.476198	S	1.280418
01585032127020	82553.756616	W	0.014042
01585032396636	82553.770658	S	3.011307
01585090213724	82556.781965	W	0.013783
01585090478356	82556.795748	S	0.550939
01585101056376	82557.346686	W	0.013324
01585101312192	82557.360010	S	2.447090
01585148296316	82559.807100	W	0.013647
01585148558348	82559.820747	S	3.013530
01585206418120	82562.834277	W	0.013833
01585206683720	82562.848110	S	2.792947
01585260308308	82565.641058	W	0.013409
01585260565756	82565.654466	S	0.202810
01585264459712	82565.857277	W	0.021640
01585264875196	82565.878916	S	0.478993
01585274071856	82566.357909	W	0.013454
01585274330176	82566.371363	S	0.805751
01585289800588	82567.177114	W	0.013400
01585290057872	82567.190514	S	0.703388
01585303562916	82567.893902	W	0.013307
01585303818412	82567.907209	S	0.001608
01585303849280	82567.908817	W	0.015157
01585304140288	82567.923973	S	0.685845
01585317308516	82568.609819	W	0.013021
01585317558524	82568.622840	S	0.259415
01585322539300	82568.882255	W	0.013687
01585322802084	82568.895942	S	0.533983
01585333054560	82569.429925	W	0.013472
01585333313228	82569.443397	S	2.461832
01585380580412	82571.905230	W	0.013846
01585380846260	82571.919076	S	3.009262
01585438624096	82574.928338	W	0.013235
01585438878212	82574.941574	S	2.475602
01585486409776	82577.417176	W	0.013534
01585486669624	82577.430710	S	0.520791
01585496668812	82577.951501	W	0.022482
01585497100476	82577.973983	S	3.007152
01585554837800	82580.981135	W	0.022231
01585555264628	82581.003366	S	1.180183
01585577924148	82582.183549	W	0.036436
01585578623712	82582.219985	S	0.466604
01585587582500	82582.686589	W	0.015545
01585587880964	82582.702134	S	1.303124
01585612900940	82584.005257	W	0.013945
01585613168684	82584.019202	S	3.009865
01585670958088	82587.029067	W	0.013760
01585671222288	82587.042828	S	3.011837
01585729049560	82590.054665	W	0.013940
01585729317204	82590.068604	S	3.010783
01585787124244	82593.079388	W	0.013085
01585787375480	82593.092473	S	1.731908
01585820628120	82594.824381	W	0.022149
01585821053372	82594.846530	S	0.182499
01585824557344	82595.029028	W	0.012881
01585824804664	82595.041910	S	0.294280
01585830454836	82595.336189	W	0.012742
01585830699488	82595.348932	S	0.192417
01585834393888	82595.541348	W	0.014352
01585834669448	82595.555700	S	0.547974
01585845190556	82596.103675	W	0.023112
01585845634304	82596.126787	S	1.257481
01585869777932	82597.384267	W	0.012522
01585870018356	82597.396789	S	1.446417
01585897789572	82598.843207	W	0.013665
01585898051944	82598.856872	S	0.277055
01585903371408	82599.133928	W	0.013700
01585903634448	82599.147628	S	0.797281
01585918942240	82599.944908	W	0.231815
01585923393096	82600.176724	S	0.343828
01585929994596	82600.520552	W	0.083791
01585931603384	82600.604343	S	0.057331
01585932704148	82600.661674	W	0.083186
01585934301324	82600.744861	S	1.141893
01585956225664	82601.886753	W	0.012774
01585956470924	82601.899527	S	0.257093
01585961407116	82602.156621	W	0.013792
01585961671920	82602.170412	S	2.075699
01586001525340	82604.246111	W	0.022093
01586001949520	82604.268204	S	0.285757
01586007436060	82604.553961	W	0.015924
01586007741792	82604.569885	S	0.375121
01586014944112	82604.945006	W	0.183608
01586018469384	82605.128614	S	0.015941
01586018775444	82605.144554	W	0.061588
01586019957924	82605.206142	S	0.165967
01586023144492	82605.372109	W	0.084701
01586024770744	82605.456810	S	0.269577
01586029946624	82605.726387	W	0.015388
01586030242064	82605.741774	S	2.455396
01586077385672	82608.197170	W	0.013269
01586077640436	82608.210439	S	1.877963
01586113697332	82610.088403	W	0.275779
01586118992292	82610.364182	S	0.015990
01586119299308	82610.380172	W	0.063930
01586120526756	82610.444102	S	0.402451
01586128253816	82610.846553	W	0.015339
01586128548320	82610.861892	S	0.359756
01586135455644	82611.221648	W	0.013913
01586135722780	82611.235561	S	3.011996
01586193553104	82614.247557	W	0.013723
01586193816588	82614.261281	S	3.010614
01586251620368	82617.271894	W	0.013750
01586251884368	82617.285644	S	0.169965
01586255147688	82617.455609	W	0.013288
01586255402824	82617.468897	S	2.825981
01586309661656	82620.294878	W	0.013800
01586309926616	82620.308678	S	3.010522
01586367728644	82623.319200	W	0.013901
01586367995548	82623.333101	S	3.011520
01586425816732	82626.344621	W	0.014186
01586426089104	82626.358808	S	3.009003
01586483861960	82629.367810	W	0.021214
01586484269272	82629.389025	S	3.002496
01586541917188	82632.391520	W	0.013613
01586542178564	82632.405134	S	1.639442
01586573655844	82634.044575	W	0.013398
01586573913088	82634.057973	S	1.358225
01586599991012	82635.416199	W	0.021864
01586600410808	82635.438063	S	1.985558
01586638533516	82637.423621	W	0.013450
01586638791748	82637.437070	S	1.003928
01586658067168	82638.440998	W	0.014682
01586658349056	82638.455680	S	1.964552
01586696068452	82640.420232	W	0.035055
01586696741504	82640.455287	S	0.316961
01586702827152	82640.772248	W	0.015346
01586703121804	82640.787594	S	0.676920
01586716118660	82641.464514	W	0.022564
01586716551884	82641.487077	S	0.138989
01586719220464	82641.626066	W	0.016315
01586719533708	82641.642381	S	0.593785
01586730934388	82642.236166	W	0.016711
01586731255232	82642.252877	S	2.236897
01586774203652	82644.489774	W	0.014600
01586774483976	82644.504374	S	3.012532
01586832324596	82647.516906	W	0.021955
01586832746136	82647.538861	S	3.003327
01586890410012	82650.542188	W	0.014555
01586890689468	82650.556743	S	3.010776
01586948496360	82653.567519	W	0.013734
01586948760060	82653.581253	S	3.012540
01587006600824	82656.593793	W	0.022035
01587007023900	82656.615828	S	0.878221
01587023885752	82657.494050	W	0.013512
01587024145188	82657.507562	S	2.113936
01587064732764	82659.621498	W	0.013709
01587064995980	82659.635207	S	0.636041
01587077207964	82660.271248	W	0.013909
01587077475016	82660.285157	S	2.362501
01587122835028	82662.647658	W	0.021825
01587123254060	82662.669482	S	0.846343
01587139503840	82663.515825	W	0.085685
01587141148984	82663.601510	S	1.004758
01587160440344	82664.606268	W	0.015614
01587160740132	82664.621882	S	0.451559
01587169410064	82665.073441	W	0.085499
01587171051640	82665.158940	S	0.014848
01587171336724	82665.173788	W	0.120903
01587173658056	82665.294690	S	0.003482
01587173724908	82665.298172	W	0.061730
01587174910132	82665.359903	S	0.312177
01587180903932	82665.672080	W	0.013706
01587181167084	82665.685786	S	3.011668
01587238991100	82668.697453	W	0.244977
01587243694668	82668.942431	S	0.016054
01587244002896	82668.958484	W	0.058540
01587245126856	82669.017024	S	0.709310
01587258745608	82669.726334	W	0.015329
01587259039932	82669.741663	S	0.506899
01587268772400	82670.248562	W	0.274145
01587274035980	82670.522707	S	0.015803
01587274339392	82670.538510	W	0.089003
01587276048248	82670.627513	S	0.368838
01587283129936	82670.996351	W	0.015348
01587283424620	82671.011699	S	0.715835
01587297168644	82671.727534	W	0.013733
01587297432320	82671.741267	S	3.010743
01587355238580	82674.752009	W	0.013332
01587355494552	82674.765341	S	0.603370
01587367079256	82675.368711	W	0.125348
01587369485928	82675.494059	S	0.015988
01587369792896	82675.510047	W	0.060736
01587370959024	82675.570782	S	0.555578
01587381626116	82676.126360	W	0.013186
01587381879292	82676.139546	S	1.322498
01587407271248	82677.462044	W	0.013274
01587407526104	82677.475318	S	0.304663
01587413375628	82677.779981	W	0.021942
01587413796912	82677.801923	S	3.005290
01587471498472	82680.807212	W	0.013690
01587471761312	82680.820902	S	3.010875
01587529570120	82683.831777	W	0.022126
01587529994932	82683.853903	S	1.604356
01587560798560	82685.458258	W	4.750413
01587652006492	82690.208671	S	0.019365
01587652378308	82690.228037	W	0.014496
01587652656632	82690.242533	S	0.326093
01587658917612	82690.568626	W	0.012810
01587659163556	82690.581435	S	0.001370
01587659189856	82690.582805	W	0.014912
01587659476160	82690.597717	S	2.308347
01587703796420	82692.906064	W	0.014330
01587704071548	82692.920393	S	3.012218
01587761906140	82695.932611	W	0.013697
01587762169124	82695.946309	S	0.767810
01587776911076	82696.714119	W	0.013366
01587777167700	82696.727484	S	0.089567
01587778887388	82696.817051	W	0.013376
01587779144204	82696.830427	S	0.497685
01587788699756	82697.328112	W	0.015846
01587789004004	82697.343959	S	0.086414
01587790663148	82697.430372	W	0.013344
01587790919356	82697.443716	S	1.512644
01587819962116	82698.956360	W	0.013689
01587820224940	82698.970049	S	2.453816
01587867338212	82701.423865	W	0.013439
01587867596240	82701.437304	S	0.543258
01587878026788	82701.980562	W	0.013802
01587878291780	82701.994364	S	3.005249
01587935992560	82704.999613	W	0.013245
01587936246864	82705.012857	S	0.536019
01587946538428	82705.548876	W	0.040748
01587947320792	82705.589625	S	1.245801
01587971240172	82706.835426	W	0.015457
01587971536944	82706.850883	S	1.172392
01587994046864	82708.023274	W	0.013881
01587994313376	82708.037155	S	3.011067
01588052125860	82711.048222	W	0.012116
01588052358480	82711.060338	S	3.010931
01588110168356	82714.071269	W	0.013737
01588110432100	82714.085005	S	1.060301
01588130789888	82715.145307	W	0.013328
01588131045776	82715.158634	S	0.396455
01588138657704	82715.555089	W	0.013601
01588138918852	82715.568690	S	0.293403
01588144552184	82715.862093	W	0.013278
01588144807120	82715.875371	S	0.191570
01588148485272	82716.066941	W	0.013209
01588148738876	82716.080150	S	0.294149
01588154386536	82716.374299	W	0.013231
01588154640580	82716.387530	S	0.710970
01588168291212	82717.098501	W	0.014508
01588168569760	82717.113008	S	0.387413
01588176008084	82717.500421	W	0.013276
01588176262988	82717.513697	S	2.103797
01588216655892	82719.617494	W	0.013253
01588216910340	82719.630747	S	0.019216
01588217279292	82719.649963	W	0.012878
01588217526544	82719.662841	S	0.090646
01588219266956	82719.753487	W	0.013442
01588219525044	82719.766929	S	0.357309
01588226385384	82720.124239	W	0.013785
01588226650064	82720.138024	S	1.566751
01588256731692	82721.704776	W	0.013703
01588256994788	82721.718479	S	1.429605
01588284443196	82723.148083	W	0.022327
01588284871872	82723.170410	S	3.003151
01588342532372	82726.173561	W	0.013683
01588342795080	82726.187244	S	3.010494
01588400596564	82729.197738	W	0.022290
01588401024540	82729.220028	S	3.003309
01588458688068	82732.223337	W	0.014582
01588458968052	82732.237919	S	3.015035
01588516856728	82735.252955	W	0.022029
01588517279684	82735.274984	S	0.286702
01588522784360	82735.561685	W	0.036491
01588523484984	82735.598176	S	0.507112
01588533221544	82736.105289	W	0.015437
01588533517932	82736.120726	S	1.348009
01588559399700	82737.468734	W	0.012916
01588559647680	82737.481650	S	0.799417
01588574996492	82738.281067	W	0.013896
01588575263300	82738.294964	S	3.008836
01588633032952	82741.303800	W	0.013315
01588633288592	82741.317114	S	2.090830
01588673432528	82743.407944	W	0.013445
01588673690668	82743.421389	S	0.843183
01588689879784	82744.264572	W	0.085278
01588691517124	82744.349850	S	0.081690
01588693085580	82744.431541	W	0.082996
01588694679096	82744.514536	S	0.721460
01588708531136	82745.235997	W	0.015430
01588708827392	82745.251427	S	2.093729
01588749026988	82747.345156	W	0.013848
01588749292860	82747.359003	S	1.991889
01588787537124	82749.350892	W	0.235586
01588792060368	82749.586477	S	0.016010
01588792367768	82749.602488	W	0.077841
01588793862308	82749.680329	S	0.675476
01588806831452	82750.355805	W	0.015577
01588807130540	82750.371382	S	0.000815
01588807146184	82750.372197	W	0.014657
01588807427604	82750.386854	S	3.002623
01588865077960	82753.389477	W	0.013744
01588865341844	82753.403221	S	1.069035
01588885867324	82754.472256	W	0.124123
01588888250488	82754.596380	S	0.015975
01588888557212	82754.612355	W	0.077855
01588890052032	82754.690210	S	0.785671
01588905136912	82755.475881	W	0.015591
01588905436252	82755.491471	S	0.922628
01588923150708	82756.414099	W	0.022118
01588923575368	82756.436217	S	1.102788
01588944748888	82757.539005	W	0.013365
01588945005500	82757.552370	S	1.890471
01588981302544	82759.442841	W	0.013699
01588981565568	82759.456540	S	0.130448
01588984070168	82759.586988	W	0.013379
01588984327044	82759.600367	S	1.009723
01589003713716	82760.610089	W	0.013050
01589003964284	82760.623140	S	0.090170
01589005695556	82760.713310	W	0.013403
01589005952888	82760.726713	S	1.742674
01589039412228	82762.469387	W	0.022278
01589039839960	82762.491665	S	0.064940
01589041086800	82762.556604	W	0.013331
01589041342760	82762.569935	S	0.089044
01589043052396	82762.658979	W	0.013200
01589043305844	82762.672179	S	0.192480
01589047001464	82762.864660	W	0.016372
01589047315812	82762.881032	S	0.495811
01589056835376	82763.376843	W	0.015990
01589057142380	82763.392832	S	2.102755
01589097515284	82765.495588	W	0.013931
01589097782752	82765.509518	S	3.011298
01589155599676	82768.520816	W	0.013638
01589155861528	82768.534455	S	0.166333
01589159055124	82768.700788	W	0.013195
01589159308472	82768.713983	S	2.829365
01589213632276	82771.543348	W	0.013869
01589213898560	82771.557217	S	3.007365
01589271639976	82774.564582	W	0.013648
01589271902020	82774.578230	S	2.927867
01589328117064	82777.506097	W	0.012851
01589328363812	82777.518949	S	0.069203
01589329692500	82777.588151	W	0.014473
01589329970388	82777.602624	S	3.008601
01589387735532	82780.611226	W	0.024035
01589388197012	82780.635261	S	2.508039
01589436351360	82783.143300	W	0.013800
01589436616324	82783.157100	S	0.484320
01589445915268	82783.641420	W	0.014757
01589446198608	82783.656178	S	0.994910
01589465300876	82784.651087	W	0.042284
01589466112736	82784.693372	S	1.501709
01589494945552	82786.195081	W	0.015628
01589495245612	82786.210709	S	0.457859
01589504036496	82786.668568	W	0.013710
01589504299724	82786.682277	S	3.010296
01589562097404	82789.692573	W	0.013676
01589562359992	82789.706250	S	3.006542
01589620085600	82792.712792	W	0.022106
01589620510040	82792.734898	S	3.001927
01589678147048	82795.736825	W	0.021956
01589678568604	82795.758781	S	3.001894
01589736204976	82798.760676	W	0.021763
01589736622816	82798.782438	S	3.006853
01589794354388	82801.789291	W	0.021677
01589794770580	82801.810968	S	3.006381
01589852493104	82804.817349	W	0.013714
01589852756416	82804.831063	S	3.012176
01589910590196	82807.843239	W	0.013671
01589910852684	82807.856911	S	3.007121
01589968589412	82810.864032	W	0.013688
01589968852216	82810.877720	S	3.009384
01590026632384	82813.887103	W	0.013783
01590026897024	82813.900887	S	0.763263
01590041551680	82814.664150	W	0.053418
01590042577312	82814.717568	S	0.917842
01590060199876	82815.635410	W	0.015496
01590060497408	82815.650907	S	0.974721
01590079212044	82816.625627	W	0.013597
01590079473112	82816.639225	S	0.270806
01590084672580	82816.910030	W	0.013396
01590084929776	82816.923426	S	0.724501
01590098840192	82817.647927	W	0.013353
01590099096568	82817.661280	S	0.908192
01590116533852	82818.569471	W	0.013399
01590116791104	82818.582870	S	1.353550
01590142779256	82819.936420	W	0.013842
01590143045016	82819.950261	S	0.974581
01590161756972	82820.924842	W	0.022351
01590162186112	82820.947193	S	0.552210
01590172788540	82821.499403	W	0.086038
01590174440464	82821.585441	S	0.055807
01590175511952	82821.641247	W	0.083279
01590177110908	82821.724526	S	0.311163
01590183085228	82822.035689	W	0.015586
01590183384488	82822.051275	S	0.907922
01590200816592	82822.959197	W	0.022765
01590201253676	82822.981962	S	3.001441
01590258881336	82825.983403	W	0.014614
01590259161924	82825.998017	S	0.664080
01590271912268	82826.662097	W	0.233978
01590276404636	82826.896075	S	0.016715
01590276725556	82826.912789	W	0.070438
01590278077972	82826.983228	S	0.271556
01590283291840	82827.254783	W	0.015768
01590283594592	82827.270552	S	1.739706
01590316996952	82829.010258	W	0.012856
01590317243788	82829.023114	S	0.912912
01590334771704	82829.936026	W	0.013566
01590335032172	82829.949592	S	1.112670
01590356395432	82831.062262	W	0.013211
01590356649088	82831.075473	S	0.709211
01590370265948	82831.784685	W	0.133898
01590372836784	82831.918583	S	0.006549
01590372962528	82831.925132	W	0.077112
01590374443080	82832.002244	S	0.034339
01590375102392	82832.036583	W	0.021476
01590375514728	82832.058059	S	0.028238
01590376056904	82832.086297	W	0.013361
01590376313432	82832.099658	S	0.175648
01590379685864	82832.275305	W	0.015405
01590379981632	82832.290710	S	2.356186
01590425220412	82834.646896	W	0.013622
01590425481956	82834.660519	S	0.399753
01590433157216	82835.060272	W	0.013704
01590433420336	82835.073976	S	0.084321
01590435039292	82835.158296	W	0.013248
01590435293660	82835.171545	S	0.499195
01590444878204	82835.670740	W	0.013562
01590445138592	82835.684302	S	0.293622
01590450776128	82835.977923	W	0.016396
01590451090940	82835.994320	S	0.393281
01590458641932	82836.387601	W	0.013360
01590458898436	82836.400960	S	0.089400
01590460614912	82836.490360	W	0.015869
01590460919600	82836.506229	S	0.290642
01590466499920	82836.796871	W	0.023749
01590466955904	82836.820620	S	0.078454
01590468462224	82836.899074	W	0.013276
01590468717124	82836.912350	S	0.294130
01590474364428	82837.206481	W	0.013265
01590474619112	82837.219745	S	0.867149
01590491268380	82838.086895	W	0.013683
01590491531096	82838.100578	S	3.010995
01590549342204	82841.111573	W	0.013791
01590549607000	82841.125365	S	2.225651
01590592339504	82843.351016	W	0.013567
01590592599984	82843.364582	S	0.088241
01590594294212	82843.452824	W	0.013209
01590594547816	82843.466032	S	0.191660
01590598227688	82843.657692	W	0.013459
01590598486092	82843.671151	S	0.191828
01590602169180	82843.862978	W	0.013388
01590602426236	82843.876366	S	0.190929
01590606092072	82844.067295	W	0.013251
01590606346484	82844.080546	S	0.054919
01590607400928	82844.135465	W	0.013878
01590607667384	82844.149343	S	0.020724
01590608065288	82844.170067	W	0.013176
01590608318276	82844.183244	S	0.429495
01590616564576	82844.612738	W	0.013843
01590616830356	82844.626581	S	0.567070
01590627718100	82845.193651	W	0.013311
01590627973668	82845.206962	S	1.956142
01590665531600	82847.163104	W	0.013808
01590665796716	82847.176912	S	0.065218
01590667048896	82847.242130	W	0.013213
01590667302576	82847.255342	S	0.907736
01590684731104	82848.163078	W	0.013315
01590684986752	82848.176393	S	1.010680
01590704391804	82849.187073	W	0.013409
01590704649264	82849.200483	S	0.089034
01590706358716	82849.289516	W	0.013198
01590706612120	82849.302715	S	0.885671
01590723616996	82850.188385	W	0.013560
01590723877344	82850.201945	S	1.033134
01590743713520	82851.235079	W	0.013506
01590743972840	82851.248585	S	0.088946
01590745680596	82851.337531	W	0.013254
01590745935068	82851.350785	S	1.859296
01590781633552	82853.210081	W	0.013873
01590781899912	82853.223954	S	3.009467
01590839681680	82856.233421	W	0.014165
01590839953648	82856.247586	S	3.008866
01590897723884	82859.256452	W	0.013677
01590897986488	82859.270130	S	1.590778
01590928529420	82860.860907	W	0.013265
01590928784112	82860.874172	S	0.007135
01590928921096	82860.881307	W	0.013787
01590929185808	82860.895094	S	0.069062
01590930511808	82860.964157	W	0.013371
01590930768536	82860.977528	S	0.190595
01590934427964	82861.168123	W	0.013350
01590934684284	82861.181473	S	0.781942
01590949697568	82861.963415	W	0.041960
01590950503208	82862.005375	S	0.279060
01590955861168	82862.284436	W	0.031915
01590956473928	82862.316350	S	3.000240
01591014078544	82865.316591	W	0.021315
01591014487800	82865.337906	S	3.007980
01591072241008	82868.345886	W	0.014432
01591072518096	82868.360318	S	2.841982
01591127084148	82871.202299	W	0.012715
01591127328276	82871.215014	S	0.157497
01591130352220	82871.372511	W	0.014428
01591130629244	82871.386940	S	0.942172
01591148718956	82872.329112	W	0.012776
01591148964260	82872.341889	S	1.010788
01591168371384	82873.352676	W	0.012590
01591168613108	82873.365266	S	1.011409
01591188032164	82874.376675	W	0.012717
01591188276328	82874.389392	S	0.009001
01591188449148	82874.398393	W	0.014811
01591188733524	82874.413204	S	3.011258
01591246549676	82877.424462	W	0.022639
01591246984352	82877.447102	S	3.005842
01591304696512	82880.452943	W	0.013867
01591304962768	82880.466811	S	3.009045
01591362736436	82883.475856	W	0.014702
01591363018708	82883.490558	S	3.013666
01591420881096	82886.504224	W	0.013764
01591421145360	82886.517988	S	3.013185
01591478998516	82889.531173	W	0.012220
01591479233148	82889.543393	S	0.501801
01591488867736	82890.045195	W	0.013323
01591489123536	82890.058518	S	1.010668
01591508528360	82891.069185	W	0.012839
01591508774872	82891.082025	S	0.894558
01591525950376	82891.976582	W	0.042343
01591526763368	82892.018925	S	0.416178
01591534753980	82892.435103	W	0.015580
01591535053120	82892.450683	S	0.105249
01591537073900	82892.555932	W	0.013686
01591537336680	82892.569619	S	1.468819
01591565538012	82894.038438	W	0.013482
01591565796860	82894.051920	S	0.305070
01591571654204	82894.356990	W	0.139791
01591574338200	82894.496781	S	0.016260
01591574650392	82894.513041	W	0.061453
01591575830280	82894.574494	S	0.078018
01591577328216	82894.652511	W	0.087458
01591579007408	82894.739969	S	0.117349
01591581260512	82894.857318	W	0.171916
01591584561300	82895.029234	S	0.031973
01591585175188	82895.061208	W	0.083487
01591586778136	82895.144695	S	0.016273
01591587090572	82895.160967	W	0.057983
01591588203852	82895.218951	S	0.047961
01591589124700	82895.266911	W	0.083151
01591590721196	82895.350062	S	0.016024
01591591028848	82895.366086	W	0.058457
01591592151216	82895.424542	S	0.149574
01591595023036	82895.574116	W	0.121459
01591597355040	82895.695575	S	0.012838
01591597601524	82895.708413	W	0.089190
01591599313972	82895.797603	S	0.012387
01591599551796	82895.809989	W	0.129034
01591602029240	82895.939023	S	0.015940
01591602335280	82895.954963	W	0.061756
01591603520992	82896.016718	S	0.069683
01591604858908	82896.086401	W	0.013278
01591605113848	82896.099680	S	0.088903
01591606820780	82896.188582	W	0.182608
01591610326844	82896.371190	S	0.022170
01591610752500	82896.393359	W	0.082940
01591612344944	82896.476299	S	0.224224
01591616650052	82896.700524	W	0.121292
01591618978860	82896.821816	S	0.015329
01591619273176	82896.837145	W	0.086925
01591620942132	82896.924069	S	0.631079
01591633058852	82897.555149	W	0.015571
01591633357816	82897.570720	S	0.051633
01591634349172	82897.622353	W	0.013418
01591634606804	82897.635771	S	0.703929
01591648122240	82898.339700	W	0.013507
01591648381580	82898.353207	S	0.249075
01591653163812	82898.602282	W	0.021851
01591653583344	82898.624133	S	0.744660
01591667880820	82899.368793	W	0.123971
01591670261060	82899.492764	S	0.015904
01591670566420	82899.508668	W	0.077697
01591672058208	82899.586365	S	0.528728
01591682209780	82900.115093	W	0.015418
01591682505804	82900.130511	S	1.497431
01591711256480	82901.627942	W	0.021903
01591711677020	82901.649845	S	1.399932
01591738555708	82903.049776	W	0.013423
01591738813436	82903.063200	S	1.425510
01591766183224	82904.488710	W	0.122551
01591768536212	82904.611261	S	0.015809
01591768839744	82904.627070	W	0.079394
01591770364108	82904.706464	S	0.528765
01591780516400	82905.235229	W	0.015367
01591780811444	82905.250596	S	0.773503
01591795662700	82906.024099	W	0.013736
01591795926428	82906.037835	S	1.633861
01591827296568	82907.671696	W	0.022445
01591827727516	82907.694141	S	0.373897
01591834906336	82908.068038	W	0.016003
01591835213600	82908.084042	S	0.496016
01591844737104	82908.580058	W	0.016020
01591845044680	82908.596077	S	2.101403
01591885391612	82910.697480	W	0.021975
01591885813532	82910.719455	S	3.002840
01591943468056	82913.722295	W	0.013794
01591943732892	82913.736088	S	3.011299
01592001549840	82916.747387	W	0.013195
01592001803176	82916.760582	S	3.011297
01592059620072	82919.771879	W	0.021960
01592060041704	82919.793839	S	3.004703
01592117732004	82922.798542	W	0.014535
01592118011076	82922.813077	S	3.015683
01592175912192	82925.828760	W	0.022171
01592176337868	82925.850931	S	0.443764
01592184858132	82926.294694	W	0.013333
01592185114128	82926.308027	S	0.007170
01592185251788	82926.315197	W	0.013774
01592185516256	82926.328972	S	2.531771
01592234126268	82928.860743	W	0.022397
01592234556288	82928.883140	S	1.302601
01592259566224	82930.185741	W	0.013314
01592259821856	82930.199055	S	1.688412
01592292239360	82931.887467	W	0.013868
01592292505628	82931.901335	S	2.764252
01592345579264	82934.665587	W	0.051761
01592346573072	82934.717348	S	0.197830
01592350371404	82934.915177	W	0.021722
01592350788460	82934.936899	S	1.028102
01592370528028	82935.965001	W	0.015281
01592370821428	82935.980283	S	1.961231
01592408477072	82937.941514	W	0.013875
01592408743476	82937.955389	S	3.010422
01592466543584	82940.965812	W	0.021587
01592466958048	82940.987398	S	3.004887
01592524651872	82943.992285	W	0.014132
01592524923216	82944.006418	S	3.008741
01592582691048	82947.015159	W	0.013733
01592582954716	82947.028891	S	3.004440
01592640639968	82950.033332	W	0.013685
01592640902716	82950.047016	S	3.011112
01592698716072	82953.058129	W	0.022550
01592699149028	82953.080679	S	3.007115
01592756885640	82956.087794	W	0.030867
01592757478292	82956.118661	S	1.101085
01592778619116	82957.219746	W	0.013566
01592778879576	82957.233311	S	0.190789
01592782542732	82957.424101	W	0.013282
01592782797744	82957.437382	S	0.293023
01592788423776	82957.730405	W	0.023148
01592788868212	82957.753553	S	0.284986
01592794339936	82958.038538	W	0.013388
01592794596976	82958.051926	S	1.061137
01592814970804	82959.113063	W	0.013630
01592815232500	82959.126693	S	3.012016
01592873063216	82962.138709	W	0.021907
01592873483824	82962.160616	S	0.895438
01592890676236	82963.056054	W	0.013278
01592890931176	82963.069332	S	0.703563
01592904439584	82963.772895	W	0.013339
01592904695684	82963.786234	S	0.494211
01592914184544	82964.280445	W	0.182105
01592917680960	82964.462550	S	0.129481
01592920167004	82964.592031	W	0.013232
01592920421052	82964.605263	S	0.559322
01592931160036	82965.164585	W	0.021251
01592931568052	82965.185836	S	2.288470
01592975506672	82967.474306	W	0.014645
01592975787852	82967.488951	S	0.702705
01592989279780	82968.191655	W	0.022745
01592989716476	82968.214400	S	1.295896
01593014597688	82969.510296	W	0.274940
01593019876532	82969.785236	S	0.016899
01593020201000	82969.802135	W	0.065073
01593021450400	82969.867208	S	0.287693
01593026974104	82970.154901	W	0.015349
01593027268804	82970.170250	S	1.047835
01593047387244	82971.218086	W	0.014485
01593047665356	82971.232571	S	3.009577
01593105449228	82974.242147	W	0.013681
01593105711904	82974.255828	S	0.166992
01593108918148	82974.422820	W	0.013462
01593109176616	82974.436282	S	0.195081
01593112922180	82974.631364	W	0.124675
01593115315948	82974.756039	S	0.015810
01593115619500	82974.771849	W	0.078536
01593117127384	82974.850385	S	0.794424
01593132380316	82975.644808	W	0.015386
01593132675720	82975.660194	S	0.093674
01593134474264	82975.753868	W	0.013420
01593134731924	82975.767288	S	1.499423
01593163520844	82977.266711	W	0.013671
01593163783328	82977.280382	S	3.009806
01593221571612	82980.290188	W	0.013773
01593221836044	82980.303961	S	0.673610
01593234769352	82980.977570	W	0.013820
01593235034692	82980.991390	S	1.213635
01593258336476	82982.205025	W	0.016538
01593258654012	82982.221563	S	0.496447
01593268185788	82982.718010	W	0.016344
01593268499584	82982.734353	S	0.578779
01593279612132	82983.313132	W	0.013956
01593279880088	82983.327088	S	3.008006
01593337633812	82986.335094	W	0.013737
01593337897564	82986.348831	S	3.013223
01593395751440	82989.362054	W	0.013872
01593396017780	82989.375926	S	3.013030
01593453867956	82992.388956	W	0.021109
01593454273252	82992.410065	S	3.004859
01593511966552	82995.414925	W	0.020973
01593512369240	82995.435898	S	3.005305
01593570071100	82998.441203	W	0.013943
01593570338808	82998.455146	S	3.010664
01593628143552	83001.465810	W	0.013690
01593628406400	83001.479500	S	3.013060
01593686257156	83004.492560	W	0.020279
01593686646508	83004.512839	S	0.297424
01593692357048	83004.810263	W	0.043461
01593693191492	83004.853724	S	1.500261
01593721996496	83006.353984	W	0.015908
01593722301920	83006.369892	S	0.820811
01593738061488	83007.190702	W	0.013310
01593738317032	83007.204012	S	0.006494
01593738441720	83007.210506	W	0.013648
01593738703768	83007.224155	S	0.291835
01593744307000	83007.515990	W	0.020832
01593744706976	83007.536822	S	3.005396
01593802410580	83010.542218	W	0.013856
01593802676624	83010.556074	S	3.010041
01593860469408	83013.566115	W	0.014608
01593860749872	83013.580723	S	0.470201
01593869777740	83014.050924	W	0.013208
01593870031336	83014.064132	S	2.034305
01593909089992	83016.098437	W	0.022702
01593909525868	83016.121139	S	0.471201
01593918572928	83016.592340	W	0.023053
01593919015548	83016.615393	S	0.405025
01593926792028	83017.020418	W	0.012818
01593927038128	83017.033236	S	1.626647
01593958269752	83018.659883	W	0.013594
01593958530764	83018.673477	S	0.703221
01593972032600	83019.376698	W	0.016641
01593972352108	83019.393339	S	0.226745
01593976705612	83019.620084	W	0.022477
01593977137168	83019.642561	S	0.041261
01593977929384	83019.683822	W	0.013201
01593978182836	83019.697023	S	0.191981
01593981868880	83019.889004	W	0.016107
01593982178132	83019.905111	S	0.188233
01593985792212	83020.093344	W	0.013264
01593986046884	83020.106609	S	0.578986
01593997163408	83020.685594	W	0.013731
01593997427044	83020.699325	S	0.008061
01593997581808	83020.707386	W	0.013210
01593997835432	83020.720595	S	1.926675
01594034827584	83022.647270	W	0.014006
01594035096508	83022.661276	S	3.012134
01594092929476	83025.673410	W	0.022576
01594093362936	83025.695986	S	3.008538
01594151126860	83028.704524	W	0.013719
01594151390260	83028.718243	S	0.186016
01594154961776	83028.904259	W	0.013763
01594155226032	83028.918023	S	0.186182
01594158800720	83029.104204	W	0.013494
01594159059804	83029.117698	S	2.610897
01594209189032	83031.728595	W	0.021211
01594209596292	83031.749807	S	3.008238
01594267354460	83034.758045	W	0.021564
01594267768492	83034.779609	S	0.043365
01594268601100	83034.822974	W	0.044663
01594269458628	83034.867637	S	0.926765
01594287252508	83035.794401	W	0.015491
01594287549940	83035.809893	S	1.975939
01594325487972	83037.785832	W	0.013880
01594325754476	83037.799712	S	3.016728
01594383675644	83040.816440	W	0.013226
01594383929576	83040.829665	S	3.014703
01594441811868	83043.844368	W	0.013957
01594442079836	83043.858325	S	3.013061
01594499930604	83046.871386	W	0.013827
01594500196080	83046.885212	S	3.011926
01594558025068	83049.897139	W	0.014420
01594558301928	83049.911559	S	1.823233
01594593308004	83051.734792	W	0.013295
01594593563264	83051.748087	S	0.289790
01594599127232	83052.037877	W	0.084875
01594600756836	83052.122752	S	0.021228
01594601164416	83052.143980	W	0.083283
01594602763444	83052.227263	S	0.698695
01594616178384	83052.925958	W	0.022227
01594616605140	83052.948184	S	3.006623
01594674332292	83055.954807	W	0.013831
01594674597848	83055.968638	S	0.169382
01594677849980	83056.138020	W	0.013298
01594678105300	83056.151318	S	0.499450
01594687694732	83056.650767	W	0.013366
01594687951364	83056.664134	S	0.399948
01594695630364	83057.064081	W	0.235364
01594700149352	83057.299445	S	0.016021
01594700456948	83057.315466	W	0.069501
01594701791372	83057.384967	S	0.084046
01594703405064	83057.469014	W	0.083593
01594705010056	83057.552607	S	0.546303
01594715499064	83058.098910	W	0.015566
01594715797940	83058.114476	S	0.864760
01594732401324	83058.979236	W	0.023496
01594732852444	83059.002731	S	2.663765
01594783996728	83061.666496	W	0.012765
01594784241820	83061.679261	S	0.332825
01594790632068	83062.012087	W	0.021562
01594791046056	83062.033649	S	0.247078
01594795789960	83062.280727	W	0.082887
01594797381388	83062.363614	S	0.255195
01594802281136	83062.618809	W	0.015225
01594802573460	83062.634034	S	0.056454
01594803657380	83062.690489	W	0.085008
01594805289532	83062.775496	S	0.017277
01594805621248	83062.792773	W	0.012810
01594805867208	83062.805584	S	0.229786
01594810279100	83063.035370	W	0.015303
01594810572908	83063.050672	S	1.585410
01594841012784	83064.636083	W	0.012736
01594841257324	83064.648819	S	0.089649
01594842978592	83064.738468	W	0.012689
01594843222216	83064.751157	S	0.285977
01594848712976	83065.037134	W	0.014535
01594848992040	83065.051669	S	3.010567
01594906794928	83068.062236	W	0.013694
01594907057856	83068.075930	S	3.014297
01594964932360	83071.090227	W	0.013832
01594965197944	83071.104060	S	3.015190
01595023089592	83074.119250	W	0.013143
01595023341940	83074.132393	S	1.358870
01595049432252	83075.491263	W	0.016756
01595049753960	83075.508019	S	0.000915
01595049771536	83075.508934	W	0.014968
01595050058916	83075.523902	S	0.480288
01595059280444	83076.004190	W	0.016154
01595059590592	83076.020343	S	1.126365
01595081216804	83077.146709	W	0.021055
01595081621052	83077.167763	S	0.781513
01595096626096	83077.949276	W	0.012879
01595096873368	83077.962155	S	0.294092
01595102519944	83078.256247	W	0.013342
01595102776104	83078.269589	S	0.293859
01595108418192	83078.563447	W	0.013258
01595108672744	83078.576705	S	0.191911
01595112357440	83078.768617	W	0.013831
01595112622988	83078.782447	S	1.396526
01595139436284	83080.178973	W	0.013710
01595139699508	83080.192683	S	3.014067
01595197569592	83083.206750	W	0.013594
01595197830604	83083.220344	S	3.015594
01595255730008	83086.235938	W	0.021921
01595256150892	83086.257859	S	1.317667
01595281450096	83087.575526	W	0.013282
01595281705108	83087.588808	S	1.009971
01595301096552	83088.598779	W	0.013371
01595301353276	83088.612150	S	0.653639
01595313903144	83089.265789	W	0.021059
01595314307480	83089.286848	S	1.056297
01595334588380	83090.343145	W	0.013838
01595334854064	83090.356983	S	1.211318
01595358111376	83091.568301	W	0.013467
01595358369944	83091.581768	S	0.722763
01595372246988	83092.304531	W	0.020163
01595372634120	83092.324694	S	0.428521
01595380861724	83092.753215	W	0.062240
01595382056740	83092.815455	S	0.391324
01595389570160	83093.206779	W	0.023239
01595390016344	83093.230018	S	2.106923
01595430469264	83095.336941	W	0.021169
01595430875712	83095.358110	S	3.011464
01595488695820	83098.369574	W	0.013785
01595488960492	83098.383359	S	2.298507
01595533091828	83100.681866	W	0.013406
01595533349232	83100.695273	S	0.700536
01595546799524	83101.395809	W	0.012124
01595547032300	83101.407932	S	3.009888
01595604822148	83104.417820	W	0.013842
01595605087912	83104.431662	S	3.008721
01595662855364	83107.440384	W	0.014590
01595663135496	83107.454974	S	3.017120
01595721064208	83110.472094	W	0.014318
01595721339112	83110.486412	S	1.767450
01595755274160	83112.253863	W	0.014231
01595755547388	83112.268093	S	1.227081
01595779107336	83113.495174	W	0.022913
01595779547260	83113.518086	S	3.002742
01595837199900	83116.520828	W	0.013557
01595837460188	83116.534385	S	3.009714
01595895246692	83119.544099	W	0.022503
01595895678740	83119.566601	S	3.010265
01595953475836	83122.576866	W	0.020856
01595953876280	83122.597723	S	0.168201
01595957105744	83122.765924	W	0.052914
01595958121684	83122.818838	S	1.005707
01595977431256	83123.824545	W	0.023634
01595977885024	83123.848178	S	0.871007
01595994608356	83124.719185	W	0.161446
01595997708124	83124.880631	S	0.015860
01595998012628	83124.896491	W	0.072563
01595999405832	83124.969054	S	0.424945
01596007564784	83125.393999	W	0.015561
01596007863564	83125.409561	S	0.199401
01596011692060	83125.608961	W	0.021083
01596012096844	83125.630044	S	2.085597
01596052140312	83127.715641	W	0.013571
01596052400868	83127.729212	S	0.912247
01596069916008	83128.641459	W	0.013823
01596070181408	83128.655282	S	1.113285
01596091556472	83129.768566	W	0.235247
01596096073224	83130.003814	S	0.016024
01596096380880	83130.019838	W	0.069326
01596097711948	83130.089164	S	0.425004
01596105872016	83130.514168	W	0.015344
01596106166612	83130.529511	S	1.138785
01596128031292	83131.668296	W	0.013919
01596128298544	83131.682216	S	3.015026
01596186187036	83134.697241	W	0.014857
01596186472284	83134.712098	S	0.175660
01596189844964	83134.887759	W	0.128412
01596192310480	83135.016171	S	0.016107
01596192619728	83135.032277	W	0.073985
01596194040236	83135.106262	S	0.268335
01596199192264	83135.374597	W	0.016145
01596199502240	83135.390742	S	0.003852
01596199576196	83135.394594	W	0.013342
01596199832360	83135.407935	S	0.805759
01596215302940	83136.213695	W	0.012733
01596215547404	83136.226427	S	0.704157
01596229067224	83136.930585	W	0.013399
01596229324480	83136.943983	S	0.780042
01596244301288	83137.724025	W	0.014990
01596244589092	83137.739015	S	3.012017
01596302419820	83140.751032	W	0.014921
01596302706312	83140.765954	S	0.773468
01596317556892	83141.539421	W	0.016882
01596317881020	83141.556303	S	0.495133
01596327387572	83142.051436	W	0.017099
01596327715876	83142.068535	S	1.708411
01596360517368	83143.776946	W	0.014700
01596360799604	83143.791646	S	3.012159
01596418633064	83146.803805	W	0.022943
01596419073576	83146.826749	S	0.651091
01596431574532	83147.477840	W	0.023949
01596432034352	83147.501789	S	0.591562
01596443392336	83148.093351	W	0.013237
01596443646484	83148.106588	S	1.009633
01596463031436	83149.116221	W	0.013556
01596463291712	83149.129777	S	0.701379
01596476758192	83149.831156	W	0.011864
01596476985988	83149.843020	S	0.297396
01596482696000	83150.140417	W	0.013183
01596482949108	83150.153599	S	0.294524
01596488603968	83150.448123	W	0.013252
01596488858412	83150.461376	S	0.293415
01596494491980	83150.754791	W	0.012625
01596494734384	83150.767416	S	0.192538
01596498431112	83150.959954	W	0.012873
01596498678264	83150.972826	S	0.089050
01596500388024	83151.061876	W	0.013273
01596500642868	83151.075149	S	0.089506
01596502361384	83151.164655	W	0.012942
01596502609868	83151.177597	S	0.672329
01596515518588	83151.849926	W	0.014669
01596515800236	83151.864596	S	0.529498
01596525966600	83152.394094	W	0.013432
01596526224504	83152.407526	S	0.448527
01596534836216	83152.856053	W	0.013699
01596535099228	83152.869751	S	1.673905
01596567238208	83154.543657	W	0.012775
01596567483488	83154.556432	S	0.601444
01596579031216	83155.157876	W	0.012754
01596579276096	83155.170630	S	0.711911
01596592944788	83155.882541	W	0.014427
01596593221780	83155.896968	S	0.286639
01596598725248	83156.183607	W	0.012842
01596598971812	83156.196449	S	0.087828
01596600658104	83156.284276	W	0.012749
01596600902880	83156.297025	S	1.932781
01596638012276	83158.229806	W	0.012979
01596638261480	83158.242785	S	0.089350
01596639977008	83158.332136	W	0.012623
01596640219372	83158.344759	S	0.559650
01596650964644	83158.904409	W	0.014587
01596651244720	83158.918996	S	3.011163
01596709059056	83161.930159	W	0.021777
01596709477172	83161.951936	S	1.706038
01596742233092	83163.657974	W	0.013492
01596742492140	83163.671466	S	0.805720
01596757961968	83164.477186	W	0.013423
01596758219692	83164.490609	S	0.463402
01596767117004	83164.954011	W	0.013811
01596767382172	83164.967821	S	0.102840
01596769356696	83165.070661	W	0.046168
01596770243124	83165.116829	S	0.077099
01596771723432	83165.193929	W	0.013332
01596771979400	83165.207260	S	1.146657
01596793995208	83166.353917	W	0.015596
01596794294660	83166.369514	S	1.607283
01596825154492	83167.976796	W	0.022385
01596825584288	83167.999182	S	3.002374
01596883229876	83171.001556	W	0.022450
01596883660920	83171.024006	S	0.109370
01596885760820	83171.133376	W	0.023277
01596886207740	83171.156653	S	2.871975
01596941349664	83174.028628	W	0.021073
01596941754256	83174.049701	S	3.007153
01596999491600	83177.056854	W	0.021324
01596999901020	83177.078178	S	3.002923
01597057557144	83180.081101	W	0.013802
01597057822140	83180.094903	S	3.009175
01597115598296	83183.104078	W	0.013828
01597115863792	83183.117906	S	3.007099
01597173600088	83186.125005	W	0.013766
01597173864404	83186.138771	S	3.009794
01597231652444	83189.148565	W	0.022229
01597232079244	83189.170794	S	3.005135
01597289777832	83192.175929	W	0.021987
01597290199988	83192.197916	S	0.132120
01597292736688	83192.330036	W	0.013333
01597292992680	83192.343369	S	0.805963
01597308467164	83193.149331	W	0.012755
01597308712052	83193.162086	S	0.152636
01597311642656	83193.314722	W	0.085630
01597313286760	83193.400352	S	0.055843
01597314358944	83193.456195	W	0.083207
01597315956524	83193.539402	S	0.326631
01597322227844	83193.866034	W	0.013381
01597322484764	83193.879415	S	1.323371
01597347893496	83195.202786	W	0.013721
01597348156940	83195.216507	S	1.499994
01597376956816	83196.716501	W	0.085654
01597378601364	83196.802154	S	0.135656
01597381205960	83196.937810	W	0.085211
01597382842016	83197.023022	S	1.202956
01597405938772	83198.225978	W	0.020880
01597406339664	83198.246857	S	0.127766
01597408792764	83198.374623	W	0.086434
01597410452304	83198.461057	S	0.319756
01597416591628	83198.780814	W	0.121338
01597418921320	83198.902152	S	0.186045
01597422493388	83199.088197	W	0.013451
01597422751656	83199.101649	S	0.025773
01597423246496	83199.127422	W	0.015359
01597423541396	83199.142781	S	0.149572
01597426413172	83199.292353	W	0.012793
01597426658792	83199.305145	S	0.294524
01597432313648	83199.599669	W	0.013576
01597432574304	83199.613245	S	1.641477
01597464090672	83201.254723	W	0.014123
01597464361828	83201.268845	S	2.324115
01597508984836	83203.592960	W	0.083035
01597510579108	83203.675995	S	0.258070
01597515534052	83203.934065	W	0.015248
01597515826804	83203.949313	S	0.058226
01597516944736	83204.007538	W	0.084947
01597518575724	83204.092486	S	0.188048
01597522186244	83204.280534	W	0.013721
01597522449680	83204.294254	S	0.459368
01597531269548	83204.753622	W	0.015435
01597531565892	83204.769057	S	1.281883
01597556178052	83206.050940	W	0.012958
01597556426840	83206.063898	S	1.239954
01597580233948	83207.303851	W	0.013439
01597580491984	83207.317291	S	1.499168
01597609276008	83208.816459	W	0.013388
01597609533060	83208.829847	S	1.494576
01597638228912	83210.324422	W	0.013773
01597638493360	83210.338196	S	1.346053
01597664337572	83211.684249	W	0.016811
01597664660348	83211.701060	S	0.495889
01597674181420	83212.196949	W	0.016160
01597674491688	83212.213109	S	1.010072
01597693885064	83213.223180	W	0.013791
01597694149860	83213.236972	S	0.110682
01597696274948	83213.347654	W	0.022103
01597696699328	83213.369757	S	1.284116
01597721354352	83214.653872	W	0.013375
01597721611148	83214.667247	S	0.396425
01597729222512	83215.063672	W	0.013304
01597729477956	83215.076977	S	1.295501
01597754351576	83216.372478	W	0.013660
01597754613856	83216.386138	S	3.012970
01597812462872	83219.399108	W	0.013716
01597812726224	83219.412824	S	3.012490
01597870566024	83222.425314	W	0.022146
01597870991224	83222.447460	S	3.004862
01597928684572	83225.452321	W	0.022156
01597929109976	83225.474478	S	3.006719
01597986838984	83228.481197	W	0.022178
01597987264796	83228.503375	S	3.006819
01598044995728	83231.510194	W	0.013814
01598045260960	83231.524008	S	2.546276
01598094149460	83234.070284	W	0.057314
01598095249892	83234.127599	S	0.406330
01598103051432	83234.533929	W	0.013876
01598103317860	83234.547805	S	3.010548
01598161120388	83237.558354	W	0.013864
01598161386584	83237.572218	S	3.013376
01598219243408	83240.585594	W	0.013571
01598219503972	83240.599165	S	3.013968
01598277372148	83243.613133	W	0.021633
01598277787508	83243.634766	S	3.003157
01598335448132	83246.637924	W	0.014578
01598335728024	83246.652501	S	3.013151
01598393580524	83249.665652	W	0.013820
01598393845860	83249.679472	S	3.009734
01598451632748	83252.689206	W	0.013845
01598451898580	83252.703051	S	3.011703
01598509723276	83255.714754	W	0.020255
01598510112176	83255.735009	S	2.686573
01598561694380	83258.421582	W	0.085697
01598563339772	83258.507280	S	0.075827
01598564795656	83258.583107	W	0.130320
01598567297792	83258.713427	S	0.016308
01598567610912	83258.729735	W	0.105562
01598569637700	83258.835297	S	0.015977
01598569944464	83258.851274	W	0.120911
01598572265956	83258.972185	S	0.015879
01598572570832	83258.988064	W	0.135932
01598575180724	83259.123996	S	0.016088
01598575489612	83259.140084	W	0.288454
01598581027924	83259.428538	S	0.005015
01598581124212	83259.433553	W	0.256275
01598586044696	83259.689828	S	0.016268
01598586357032	83259.706095	W	0.190535
01598590015304	83259.896630	S	0.015977
01598590322060	83259.912607	W	0.435316
01598598680128	83260.347923	S	0.016406
01598598995116	83260.364329	W	0.244465
01598603688852	83260.608794	S	0.016064
01598603997280	83260.624858	W	0.178484
01598607424168	83260.803342	S	0.016261
01598607736384	83260.819603	W	0.070057
01598609081476	83260.889660	S	0.048181
01598610006560	83260.937842	W	0.082452
01598611589632	83261.020293	S	0.016388
01598611904288	83261.036682	W	0.057062
01598612999876	83261.093744	S	0.016543
01598613317504	83261.110287	W	0.060763
01598614484156	83261.171050	S	0.016371
01598614798488	83261.187421	W	0.075399
01598616246144	83261.262820	S	0.490482
01598625663400	83261.753302	W	0.124706
01598628057748	83261.878008	S	0.006125
01598628175356	83261.884133	W	0.133185
01598630732504	83262.017318	S	0.015898
01598631037752	83262.033216	W	0.355833
01598637869744	83262.389049	S	0.003632
01598637939488	83262.392682	W	0.062089
01598639131600	83262.454771	S	0.316892
01598645215928	83262.771663	W	0.013968
01598645484108	83262.785631	S	0.814744
01598661127200	83263.600375	W	0.278972
01598666483468	83263.879347	S	0.015875
01598666788260	83263.895222	W	0.066786
01598668070552	83263.962008	S	0.047876
01598668989768	83264.009884	W	0.083091
01598670585120	83264.092975	S	0.682494
01598683689012	83264.775469	W	0.013754
01598683953092	83264.789224	S	0.001520
01598683982276	83264.790744	W	0.013361
01598684238816	83264.804105	S	0.988999
01598703227588	83265.793104	W	0.013915
01598703494752	83265.807018	S	0.997578
01598722648244	83266.804596	W	0.022414
01598723078596	83266.827010	S	0.968759
01598741678768	83267.795769	W	0.012082
01598741910748	83267.807851	S	0.008875
01598742081148	83267.816726	W	0.013594
01598742342148	83267.830320	S	0.997212
01598761488616	83268.827532	W	0.021640
01598761904112	83268.849173	S	0.075887
01598763361152	83268.925060	W	0.085176
01598764996536	83269.010236	S	0.829548
01598780923852	83269.839784	W	0.022831
01598781362204	83269.862615	S	0.953533
01598799670028	83270.816147	W	0.013688
01598799932832	83270.829835	S	0.023736
01598800388568	83270.853571	W	0.021087
01598800793432	83270.874658	S	0.406136
01598808591248	83271.280794	W	0.012632
01598808833780	83271.293426	S	0.003880
01598808908284	83271.297306	W	0.013569
01598809168808	83271.310875	S	0.555492
01598819834252	83271.866367	W	0.021841
01598820253604	83271.888209	S	0.989386
01598839249820	83272.877595	W	0.021504
01598839662696	83272.899099	S	0.941312
01598857735880	83273.840410	W	0.013493
01598857994944	83273.853903	S	0.035313
01598858672960	83273.889217	W	0.014699
01598858955184	83273.903916	S	0.764685
01598873637132	83274.668601	W	0.013692
01598873900028	83274.682293	S	0.218371
01598878092752	83274.900664	W	0.013981
01598878361188	83274.914645	S	0.996197
01598897488164	83275.910842	W	0.021907
01598897908776	83275.932749	S	0.930312
01598915770764	83276.863061	W	0.013671
01598916033240	83276.876731	S	0.046531
01598916926644	83276.923263	W	0.021664
01598917342600	83276.944927	S	0.992448
01598936397608	83277.937375	W	0.013910
01598936664680	83277.951285	S	0.996255
01598955792784	83278.947541	W	0.023298
01598956240112	83278.970839	S	0.915225
01598973812436	83279.886064	W	0.013930
01598974079900	83279.899995	S	0.062860
01598975286804	83279.962854	W	0.021448
01598975698604	83279.984302	S	0.991790
01598994740964	83280.976092	W	0.023886
01598995199584	83280.999978	S	1.909638
01599031864624	83282.909616	W	0.013770
01599032129000	83282.923385	S	0.852115
01599048489616	83283.775501	W	0.017130
01599048818504	83283.792630	S	0.493803
01599058299520	83284.286433	W	0.016218
01599058610904	83284.302651	S	1.630851
01599089923248	83285.933503	W	0.013822
01599090188628	83285.947324	S	0.079416
01599091713412	83286.026740	W	0.013348
01599091969688	83286.040088	S	0.088633
01599093671444	83286.128721	W	0.013178
01599093924468	83286.141899	S	2.816583
01599148002864	83288.958483	W	0.013226
01599148256812	83288.971709	S	2.071014
01599188020280	83291.042723	W	0.012837
01599188266752	83291.055560	S	0.927347
01599206071820	83291.982907	W	0.014518
01599206350564	83291.997425	S	0.069321
01599207681536	83292.066747	W	0.012640
01599207924228	83292.079387	S	0.089819
01599209648756	83292.169206	W	0.012710
01599209892784	83292.181916	S	1.830590
01599245040116	83294.012506	W	0.012853
01599245286896	83294.025359	S	0.089549
01599247006232	83294.114908	W	0.022877
01599247445464	83294.137785	S	0.863654
01599264027624	83295.001439	W	0.014350
01599264303144	83295.015789	S	3.000125
01599321905536	83298.015913	W	0.014479
01599322183528	83298.030392	S	0.955823
01599340535336	83298.986215	W	0.062506
01599341735456	83299.048722	S	0.434537
01599350078572	83299.483259	W	0.015452
01599350375260	83299.498711	S	1.540611
01599379955000	83301.039323	W	0.013790
01599380219768	83301.053113	S	3.011710
01599438044608	83304.064823	W	0.013817
01599438309900	83304.078641	S	3.012191
01599496143960	83307.090831	W	0.013185
01599496397112	83307.104016	S	3.012463
01599554236408	83310.116480	W	0.022482
01599554668060	83310.138961	S	3.002647
01599612318880	83313.141608	W	0.013722
01599612582340	83313.155330	S	3.011689
01599670406768	83316.167019	W	0.013642
01599670668692	83316.180661	S	3.009046
01599728442384	83319.189708	W	0.021248
01599728850348	83319.210956	S	0.402632
01599736580884	83319.613588	W	0.013403
01599736838220	83319.626991	S	0.293687
01599742477012	83319.920678	W	0.012666
01599742720192	83319.933343	S	0.192055
01599746407640	83320.125398	W	0.013431
01599746665512	83320.138829	S	0.293980
01599752309936	83320.432809	W	0.024332
01599752777116	83320.457141	S	0.385946
01599760187276	83320.843087	W	0.016041
01599760495264	83320.859128	S	0.495881
01599770016180	83321.355009	W	0.015955
01599770322516	83321.370964	S	0.847902
01599786602236	83322.218866	W	0.013671
01599786864716	83322.232537	S	3.010658
01599844669348	83325.243195	W	0.011992
01599844899592	83325.255187	S	3.012655
01599902742572	83328.267842	W	0.021215
01599903149900	83328.289057	S	0.709345
01599916769320	83328.998402	W	0.054147
01599917808948	83329.052549	S	1.140529
01599939707108	83330.193079	W	0.015525
01599940005184	83330.208603	S	0.361772
01599946951200	83330.570375	W	0.020959
01599947353604	83330.591334	S	0.528013
01599957491452	83331.119346	W	0.013859
01599957757536	83331.133205	S	0.162499
01599960877524	83331.295704	W	0.022416
01599961307916	83331.318121	S	0.110766
01599963434624	83331.428887	W	0.110035
01599965547292	83331.538921	S	0.015971
01599965853932	83331.554892	W	0.061768
01599967039872	83331.616660	S	0.079733
01599968570748	83331.696393	W	0.082853
01599970161528	83331.779246	S	0.973930
01599988860976	83332.753176	W	0.015572
01599989159964	83332.768748	S	1.551653
01600018951692	83334.320401	W	0.013754
01600019215768	83334.334155	S	1.800159
01600053778816	83336.134313	W	0.013871
01600054045132	83336.148184	S	0.467308
01600063017448	83336.615492	W	0.236444
01600067557168	83336.851936	S	0.015904
01600067862528	83336.867840	W	0.078040
01600069360888	83336.945880	S	0.395671
01600076957772	83337.341551	W	0.021366
01600077368008	83337.362917	S	3.004441
01600135053268	83340.367358	W	0.014520
01600135332060	83340.381878	S	1.352517
01600161300388	83341.734395	W	0.129345
01600163783820	83341.863741	S	0.016175
01600164094372	83341.879915	W	0.081996
01600165668692	83341.961911	S	0.260221
01600170664944	83342.222132	W	0.015731
01600170966972	83342.237863	S	1.156816
01600193177836	83343.394679	W	0.014179
01600193450080	83343.408858	S	3.012523
01600251290524	83346.421381	W	0.022244
01600251717608	83346.443625	S	3.004559
01600309405144	83349.448185	W	0.022077
01600309829028	83349.470262	S	3.002950
01600367485676	83352.473212	W	0.022516
01600367917976	83352.495728	S	0.193100
01600371625496	83352.688828	W	0.013359
01600371881984	83352.702187	S	2.034225
01600410939100	83354.736411	W	0.085038
01600412571820	83354.821449	S	0.003229
01600412633812	83354.824678	W	0.093622
01600414431364	83354.918300	S	0.125334
01600416837780	83355.043634	W	0.082618
01600418424044	83355.126252	S	0.150926
01600421321828	83355.277179	W	0.399226
01600428986960	83355.676404	S	0.001550
01600429016716	83355.677954	W	0.162388
01600432134564	83355.840342	S	0.016426
01600432449944	83355.856768	W	0.060625
01600433613936	83355.917393	S	0.599026
01600445115244	83356.516419	W	0.013851
01600445381180	83356.530270	S	0.003200
01600445442612	83356.533469	W	0.013125
01600445694620	83356.546595	S	0.988507
01600464673964	83357.535102	W	0.013843
01600464939756	83357.548946	S	0.969948
01600483562756	83358.518894	W	0.013952
01600483830632	83358.532845	S	0.013830
01600484096164	83358.546675	W	0.021836
01600484515416	83358.568511	S	0.992088
01600503563504	83359.560599	W	0.021580
01600503977840	83359.582179	S	0.171829
01600507276964	83359.754009	W	0.084869
01600508906440	83359.838877	S	0.585314
01600520144468	83360.424191	W	0.235699
01600524669884	83360.659890	S	0.016101
01600524979032	83360.675991	W	0.062389
01600526176896	83360.738380	S	0.804469
01600541622708	83361.542849	W	0.013759
01600541886884	83361.556609	S	0.024218
01600542351864	83361.580826	W	0.021470
01600542764092	83361.602296	S	0.097590
01600544637812	83361.699886	W	0.013330
01600544893752	83361.713216	S	0.806002
01600560368988	83362.519218	W	0.013418
01600560626604	83362.532636	S	0.060977
01600561797360	83362.593613	W	0.013906
01600562064360	83362.607519	S	0.628362
01600574128904	83363.235880	W	0.013486
01600574387844	83363.249367	S	0.356916
01600581240636	83363.606283	W	0.013835
01600581506260	83363.620118	S	0.332565
01600587891516	83363.952683	W	0.013436
01600588149480	83363.966119	S	0.601856
01600599705108	83364.567974	W	0.021333
01600600114704	83364.589308	S	0.027806
01600600648576	83364.617113	W	0.013785
01600600913256	83364.630899	S	0.140155
01600603604232	83364.771054	W	0.013228
01600603858208	83364.784282	S	0.704151
01600617377900	83365.488432	W	0.128827
01600619851380	83365.617259	S	0.010205
01600620047308	83365.627464	W	0.084416
01600621668104	83365.711880	S	0.330985
01600628023012	83366.042865	W	0.015301
01600628316792	83366.058166	S	0.587798
01600639602512	83366.645964	W	0.023450
01600640052744	83366.669414	S	0.662220
01600652767376	83367.331634	W	0.013046
01600653017868	83367.344681	S	0.089652
01600654739188	83367.434333	W	0.013284
01600654994240	83367.447617	S	0.145019
01600657778608	83367.592636	W	0.013975
01600658046920	83367.606610	S	0.032655
01600658673904	83367.639266	W	0.013218
01600658927692	83367.652484	S	0.007773
01600659076936	83367.660257	W	0.013742
01600659340784	83367.673999	S	0.170590
01600662616116	83367.844589	W	0.013284
01600662871172	83367.857874	S	0.088507
01600664570512	83367.946381	W	0.013206
01600664824064	83367.959587	S	0.089295
01600666538524	83368.048881	W	0.013325
01600666794356	83368.062206	S	0.609497
01600678496704	83368.671703	W	0.021341
01600678906456	83368.693045	S	0.379835
01600686199280	83369.072879	W	0.023514
01600686650748	83369.096393	S	0.589484
01600697968832	83369.685877	W	0.020280
01600698358208	83369.706157	S	0.912107
01600715870656	83370.618263	W	0.013781
01600716135256	83370.632045	S	0.064025
01600717364544	83370.696070	W	0.013761
01600717628752	83370.709831	S	0.411220
01600725524180	83371.121051	W	0.012725
01600725768500	83371.133776	S	0.572188
01600736754512	83371.705964	W	0.022154
01600737179872	83371.728118	S	0.416580
01600745178212	83372.144699	W	0.013369
01600745434900	83372.158068	S	0.559356
01600756174532	83372.717424	W	0.013810
01600756439688	83372.731234	S	0.437432
01600764838388	83373.168666	W	0.013328
01600765094276	83373.181994	S	0.089092
01600766804840	83373.271085	W	0.013084
01600767056060	83373.284170	S	0.360624
01600773980040	83373.644794	W	0.021712
01600774396920	83373.666506	S	0.061722
01600775581976	83373.728228	W	0.014586
01600775862032	83373.742814	S	0.996573
01600794996240	83374.739387	W	0.022879
01600795435520	83374.762267	S	0.454414
01600804160272	83375.216681	W	0.013454
01600804418592	83375.230135	S	0.088978
01600806126960	83375.319113	W	0.013361
01600806383484	83375.332473	S	0.421848
01600814482960	83375.754321	W	0.013699
01600814745980	83375.768020	S	0.904682
01600832115876	83376.672702	W	0.021128
01600832521536	83376.693830	S	0.264294
01600837595980	83376.958124	W	0.016687
01600837916368	83376.974811	S	0.495650
01600847432856	83377.470461	W	0.015406
01600847728660	83377.485868	S	2.210155
01600890163644	83379.696023	W	0.022933
01600890603964	83379.718956	S	3.004694
01600948294088	83382.723650	W	0.013605
01600948555304	83382.737255	S	3.008937
01601006326888	83385.746192	W	0.013380
01601006583788	83385.759572	S	0.413314
01601014519424	83386.172887	W	0.012788
01601014764956	83386.185675	S	2.577027
01601064243876	83388.762702	W	0.014571
01601064523644	83388.777273	S	0.979598
01601083331916	83389.756871	W	0.012873
01601083579068	83389.769743	S	1.010932
01601102988960	83390.780675	W	0.012829
01601103235280	83390.793504	S	0.908792
01601120684092	83391.702296	W	0.012805
01601120929944	83391.715101	S	0.072327
01601122318628	83391.787429	W	0.023350
01601122766952	83391.810779	S	2.657336
01601173787808	83394.468115	W	0.022491
01601174219644	83394.490606	S	0.322352
01601180408804	83394.812959	W	0.022139
01601180833864	83394.835097	S	0.831312
01601196795052	83395.666409	W	0.048558
01601197727356	83395.714966	S	0.233754
01601202215432	83395.948720	W	0.112890
01601204382920	83396.061610	S	0.015966
01601204689468	83396.077576	W	0.087116
01601206362100	83396.164693	S	0.146150
01601209168172	83396.310842	W	0.085526
01601210810268	83396.396368	S	0.119272
01601213100296	83396.515640	W	0.084455
01601214721836	83396.600096	S	0.983780
01601233610420	83397.583876	W	0.013824
01601233875836	83397.597700	S	0.240971
01601238502488	83397.838671	W	0.014083
01601238772876	83397.852754	S	3.011732
01601296598136	83400.864486	W	0.013689
01601296860956	83400.878175	S	0.250376
01601301668184	83401.128551	W	0.235376
01601306187412	83401.363928	S	0.015958
01601306493804	83401.379886	W	0.078039
01601307992148	83401.457924	S	0.075394
01601309439712	83401.533318	W	0.084418
01601311060540	83401.617736	S	0.254999
01601315956520	83401.872735	W	0.015364
01601316251504	83401.888099	S	2.001458
01601354679500	83403.889557	W	0.013743
01601354943364	83403.903300	S	2.442911
01601401847260	83406.346211	W	0.084918
01601403477680	83406.431129	S	0.370259
01601410586644	83406.801388	W	1.756475
01601444310968	83408.557863	S	10.383990
01601643683584	83418.941853	W	0.013438
01601643941596	83418.955291	S	14.936606
01601930724428	83433.891897	W	0.012839
01601930970944	83433.904737	S	0.089440
01601932688192	83433.994177	W	0.022953
01601933128884	83434.017129	S	1.102934
01601954305216	83435.120063	W	0.012753
01601954550080	83435.132817	S	1.011117
01601973963524	83436.143934	W	0.012748
01601974208284	83436.156681	S	0.250908
01601979025712	83436.407589	W	0.061664
01601980209652	83436.469253	S	0.280466
01601985594604	83436.749719	W	0.015483
01601985891872	83436.765202	S	3.679760
01602056543264	83440.444962	W	0.012921
01602056791348	83440.457883	S	0.294039
01602062436888	83440.751921	W	0.012970
01602062685904	83440.764891	S	0.191810
01602066368660	83440.956701	W	0.012843
01602066615244	83440.969544	S	0.295547
01602072289740	83441.265091	W	0.013557
01602072550032	83441.278648	S	1.727907
01602105725840	83443.006554	W	0.026908
01602106242480	83443.033462	S	0.485005
01602115554580	83443.518468	W	0.016105
01602115863796	83443.534573	S	5.512845
01602221710412	83449.047417	W	0.013569
01602221970932	83449.060986	S	0.088852
01602223676888	83449.149838	W	0.012711
01602223920936	83449.162549	S	5.208556
01602323925220	83454.371105	W	0.013496
01602324184336	83454.384601	S	1.011483
01602343604800	83455.396083	W	0.013505
01602343864104	83455.409589	S	1.010494
01602363265588	83456.420083	W	0.013652
01602363527700	83456.433734	S	1.522497
01602392759640	83457.956231	W	0.021702
01602393176312	83457.977933	S	0.285628
01602398660372	83458.263561	W	0.013412
01602398917880	83458.276973	S	0.088836
01602400623536	83458.365809	W	0.013290
01602400878704	83458.379099	S	0.604338
01602412481992	83458.983437	W	0.013811
01602412747156	83458.997248	S	6.946775
01602546125240	83465.944023	W	0.013555
01602546385500	83465.957578	S	0.462180
01602555259356	83466.419758	W	0.054050
01602556297112	83466.473808	S	0.678686
01602569327888	83467.152494	W	0.016104
01602569637088	83467.168598	S	4.099373
01602648345044	83471.267971	W	0.013496
01602648604160	83471.281467	S	5.106683
01602746652472	83476.388150	W	0.013418
01602746910104	83476.401568	S	2.547577
01602795823588	83478.949145	W	0.013512
01602796083020	83478.962657	S	17.394194
01603130051544	83496.356851	W	0.013534
01603130311392	83496.370385	S	0.062112
01603131503936	83496.432497	W	0.052380
01603132509624	83496.484876	S	1.396887
01603159329848	83497.881763	W	0.015570
01603159628788	83497.897333	S	2.144946
01603200811744	83500.042278	W	0.086188
01603202466560	83500.128467	S	0.118602
01603204743712	83500.247068	W	0.085229
01603206380100	83500.332297	S	1.389424
01603233057044	83501.721721	W	0.015411
01603233352944	83501.737132	S	0.557928
01603244065156	83502.295060	W	0.084851
01603245694296	83502.379911	S	0.622511
01603257646504	83503.002422	W	0.015562
01603257945292	83503.017984	S	2.144296
01603299115776	83505.162280	W	0.084967
01603300747144	83505.247247	S	0.315234
01603306799644	83505.562481	W	0.015492
01603307097084	83505.577973	S	1.734683
01603340403000	83507.312656	W	0.126761
01603342836808	83507.439417	S	0.015676
01603343137796	83507.455094	W	0.089151
01603344849488	83507.544244	S	0.568106
01603355757124	83508.112350	W	0.015943
01603356063236	83508.128294	S	5.944065
01603470189292	83514.072359	W	0.016486
01603470505832	83514.088845	S	0.495282
01603480015252	83514.584128	W	0.015989
01603480322236	83514.600116	S	1.826420
01603515389500	83516.426536	W	0.013455
01603515647832	83516.439991	S	3.998197
01603592413220	83520.438189	W	0.013850
01603592679148	83520.452039	S	5.599544
01603700190392	83526.051583	W	0.012819
01603700436524	83526.064402	S	1.010817
01603719844212	83527.075219	W	0.012789
01603720089760	83527.088008	S	3.060163
01603778844888	83530.148171	W	0.013279
01603779099836	83530.161450	S	6.233740
01603898787640	83536.395190	W	0.013433
01603899045552	83536.408623	S	1.085428
01603919885764	83537.494050	W	0.053122
01603920905704	83537.547172	S	1.284379
01603945565772	83538.831551	W	0.015909
01603945871228	83538.847460	S	0.311915
01603951859988	83539.159374	W	0.013407
01603952117400	83539.172781	S	1.727557
01603985286496	83540.900338	W	0.013573
01603985547104	83540.913912	S	0.007088
01603985683196	83540.921000	W	0.013824
01603985948616	83540.934824	S	15.427828
01604282162912	83556.362652	W	0.013476
01604282421644	83556.376127	S	4.901785
01604376535916	83561.277912	W	0.013399
01604376793184	83561.291312	S	0.191328
01604380466672	83561.482639	W	0.013479
01604380725472	83561.496118	S	0.293765
01604386365768	83561.789884	W	0.012806
01604386611636	83561.802689	S	0.192673
01604390310952	83561.995362	W	0.013459
01604390569368	83562.008821	S	5.497799
01604496127116	83567.506621	W	0.035533
01604496809340	83567.542153	S	0.315434
01604502865676	83567.857587	W	0.015412
01604503161584	83567.872999	S	8.560071
01604667514952	83576.433070	W	0.013496
01604667774076	83576.446566	S	5.208853
01604767784056	83581.655420	W	0.013634
01604768045828	83581.669054	S	0.195823
01604771805624	83581.864876	W	0.013905
01604772072600	83581.878781	S	3.668457
01604842506972	83585.547238	W	0.013357
01604842763428	83585.560595	S	0.088608
01604844464696	83585.649203	W	0.013377
01604844721532	83585.662580	S	1.522451
01604873952588	83587.185031	W	0.017048
01604874279904	83587.202078	S	0.496220
01604883807332	83587.698299	W	0.016329
01604884120852	83587.714628	S	2.747215
01604936867372	83590.461842	W	0.013572
01604937127964	83590.475415	S	1.010412
01604956527884	83591.485827	W	0.013505
01604956787184	83591.499332	S	0.088890
01604958493872	83591.588222	W	0.013356
01604958750312	83591.601579	S	1.239459
01604982547928	83592.841038	W	0.096577
01604984402200	83592.937615	S	0.084051
01604986015976	83593.021665	W	0.121259
01604988344148	83593.142924	S	0.005917
01604988457756	83593.148841	W	0.108918
01604990548976	83593.257759	S	0.015833
01604990852976	83593.273593	W	0.400213
01604998537072	83593.673806	S	0.015704
01604998838584	83593.689510	W	0.130422
01605001342684	83593.819931	S	0.015985
01605001649588	83593.835916	W	0.174946
01605005008556	83594.010862	S	1.151133
01605027110304	83595.161995	W	0.015684
01605027411436	83595.177679	S	2.814105
01605081442252	83597.991784	W	0.121656
01605083778056	83598.113440	S	0.015889
01605084083124	83598.129329	W	0.066941
01605085368396	83598.196271	S	0.150161
01605088251496	83598.346432	W	0.084603
01605089875872	83598.431035	S	0.560821
01605100643640	83598.991856	W	0.015629
01605100943712	83599.007485	S	4.254109
01605182622608	83603.261594	W	0.085269
01605184259768	83603.346863	S	0.775122
01605199142108	83604.121985	W	0.015471
01605199439160	83604.137456	S	5.473632
01605304532904	83609.611089	W	0.013574
01605304793524	83609.624663	S	0.906870
01605322205436	83610.531533	W	0.022468
01605322636820	83610.554001	S	0.081205
01605324195948	83610.635206	W	0.013331
01605324451896	83610.648536	S	1.010444
01605343852412	83611.658980	W	0.013496
01605344111544	83611.672476	S	21.637809
01605759557472	83633.310285	W	0.043455
01605760391812	83633.353740	S	1.487400
01605788949900	83634.841141	W	0.015390
01605789245388	83634.856531	S	8.454467
01605951571164	83643.310998	W	0.013780
01605951835748	83643.324779	S	3.662003
01606022146204	83646.986781	W	0.013552
01606022406396	83647.000333	S	1.010425
01606041806556	83648.010758	W	0.013534
01606042066408	83648.024292	S	9.714008
01606228575364	83657.738300	W	0.012932
01606228823668	83657.751233	S	1.010577
01606248226740	83658.761809	W	0.012831
01606248473088	83658.774640	S	2.446585
01606295447512	83661.221225	W	0.016567
01606295765608	83661.237792	S	0.494015
01606305250692	83661.731807	W	0.015843
01606305554872	83661.747650	S	0.087843
01606307241460	83661.835493	W	0.013288
01606307496584	83661.848780	S	1.481768
01606335946536	83663.330549	W	0.058871
01606337076856	83663.389420	S	0.892159
01606354206300	83664.281578	W	0.015490
01606354503700	83664.297068	S	6.446527
01606478277016	83670.743595	W	0.013363
01606478533592	83670.756958	S	3.469364
01606545145388	83674.226322	W	0.013655
01606545407568	83674.239977	S	0.394964
01606552990880	83674.634942	W	0.013433
01606553248788	83674.648374	S	0.089546
01606554968068	83674.737920	W	0.013326
01606555223920	83674.751246	S	0.088476
01606556922656	83674.839722	W	0.013234
01606557176744	83674.852955	S	0.089191
01606558889212	83674.942146	W	0.013311
01606559144792	83674.955458	S	1.113098
01606580516272	83676.068556	W	0.013449
01606580774484	83676.082004	S	2.034572
01606619838260	83678.116576	W	0.013554
01606620098496	83678.130130	S	1.010304
01606639496336	83679.140434	W	0.013461
01606639754784	83679.153895	S	1.010477
01606659155948	83680.164372	W	0.013516
01606659415456	83680.177888	S	0.088930
01606661122912	83680.266818	W	0.013288
01606661378048	83680.280107	S	1.727692
01606694549728	83682.007798	W	0.013598
01606694810812	83682.021396	S	0.089102
01606696521564	83682.110498	W	0.012845
01606696768188	83682.123343	S	0.191455
01606700444116	83682.314798	W	0.013472
01606700702780	83682.328270	S	0.191368
01606704377048	83682.519638	W	0.013311
01606704632628	83682.532949	S	0.294033
01606710278056	83682.826982	W	0.013343
01606710534244	83682.840325	S	9.817718
01606899034424	83692.658043	W	0.021534
01606899447884	83692.679577	S	0.664403
01606912204416	83693.343980	W	0.048540
01606913136392	83693.392520	S	0.328986
01606919452916	83693.721506	W	0.015363
01606919747880	83693.736869	S	4.040489
01606997325264	83697.777358	W	0.013425
01606997583020	83697.790782	S	6.952756
01607131075936	83704.743538	W	0.014589
01607131356036	83704.758127	S	2.053597
01607170785104	83706.811724	W	1.292028
01607195592040	83708.103752	S	15.255482
01607488497288	83723.359234	W	0.037248
01607489212448	83723.396482	S	1.034831
01607509081196	83724.431312	W	0.015443
01607509377704	83724.446755	S	11.935507
01607738539444	83736.382263	W	0.016811
01607738862216	83736.399074	S	0.495905
01607748383588	83736.894979	W	0.016077
01607748692264	83736.911055	S	2.338451
01607793590520	83739.249506	W	0.013564
01607793850944	83739.263070	S	0.003232
01607793913000	83739.266302	W	0.013351
01607794169332	83739.279653	S	4.987198
01607889923536	83744.266851	W	0.013575
01607890184172	83744.280426	S	3.877928
01607964640388	83748.158354	W	0.012816
01607964886456	83748.171170	S	0.191011
01607968553864	83748.362180	W	0.012659
01607968796912	83748.374839	S	4.494252
01608055086548	83752.869091	W	0.013341
01608055342704	83752.882433	S	0.490533
01608064760936	83753.372965	W	0.036526
01608065462240	83753.409492	S	0.471672
01608074518340	83753.881164	W	0.015576
01608074817400	83753.896740	S	7.982915
01608228089376	83761.879655	W	0.013463
01608228347860	83761.893118	S	4.321883
01608311328008	83766.215000	W	0.013881
01608311594524	83766.228881	S	3.330759
01608375545100	83769.559641	W	0.013445
01608375803240	83769.573085	S	0.294104
01608381450028	83769.867189	W	0.013359
01608381706524	83769.880548	S	9.100051
01608556427500	83778.980599	W	0.013549
01608556687636	83778.994148	S	4.390206
01608640979584	83783.384353	W	0.034422
01608641640488	83783.418775	S	0.988994
01608660629180	83784.407770	W	0.013360
01608660885700	83784.421130	S	1.010707
01608680291276	83785.431837	W	0.013610
01608680552592	83785.445447	S	17.394570
01609014528332	83802.840017	W	0.013582
01609014789100	83802.853599	S	0.293460
01609020423532	83803.147059	W	0.013392
01609020680664	83803.160451	S	0.191396
01609024355460	83803.351847	W	0.013391
01609024612568	83803.365238	S	0.293960
01609030256608	83803.659198	W	0.024517
01609030727328	83803.683715	S	6.528584
01609156076144	83810.212299	W	0.012811
01609156322112	83810.225110	S	0.089978
01609158049684	83810.315088	W	0.013253
01609158304132	83810.328340	S	1.114478
01609179702100	83811.442818	W	0.015745
01609180004408	83811.458563	S	0.495724
01609189522308	83811.954287	W	0.016208
01609189833504	83811.970495	S	1.424837
01609217190376	83813.395332	W	0.036770
01609217896360	83813.432102	S	0.608892
01609229587096	83814.040995	W	0.015568
01609229886004	83814.056563	S	1.173667
01609252420408	83815.230230	W	0.012924
01609252668552	83815.243154	S	1.011106
01609272081780	83816.254259	W	0.013588
01609272342664	83816.267847	S	0.088825
01609274048096	83816.356672	W	0.013504
01609274307368	83816.370175	S	1.932050
01609311402732	83818.302226	W	0.013443
01609311660832	83818.315668	S	0.088994
01609313369516	83818.404662	W	0.013299
01609313624852	83818.417961	S	9.220997
01609490668004	83827.638959	W	0.013947
01609490935780	83827.652905	S	0.275175
01609496219140	83827.928080	W	0.013352
01609496475508	83827.941433	S	0.011350
01609496693420	83827.952782	W	0.013825
01609496958868	83827.966608	S	5.696047
01609606322972	83833.662655	W	0.087825
01609608009212	83833.750480	S	0.345614
01609614644992	83834.096093	W	0.015714
01609614946692	83834.111807	S	4.464610
01609700667212	83838.576417	W	0.121268
01609702995564	83838.697686	S	0.016724
01609703316672	83838.714410	W	0.086658
01609704980500	83838.801068	S	0.086633
01609706643856	83838.887701	W	0.084886
01609708273676	83838.972587	S	0.257114
01609713210256	83839.229701	W	0.015210
01609713502280	83839.244910	S	4.861934
01609806851412	83844.106844	W	0.084834
01609808480232	83844.191679	S	0.559277
01609819218356	83844.750956	W	0.015592
01609819517716	83844.766548	S	15.007201
01610107655984	83859.773749	W	5.284151
01610209111684	83865.057900	S	8.645009
01610375095860	83873.702909	W	0.013339
01610375351960	83873.716248	S	0.453387
01610384056988	83874.169635	W	0.068541
01610385372980	83874.238176	S	0.180095
01610388830804	83874.418271	W	0.013466
01610389089356	83874.431737	S	0.601278
01610400633888	83875.033015	W	0.541960
01610411039524	83875.574975	S	0.080120
01610412577828	83875.655095	W	0.015760
01610412880416	83875.670855	S	4.480554
01610498907048	83880.151409	W	0.026449
01610499414864	83880.177858	S	0.412886
01610507342272	83880.590743	W	0.015596
01610507641716	83880.606339	S	4.562733
01610595246196	83885.169073	W	0.012673
01610595489524	83885.181746	S	0.191865
01610599173328	83885.373611	W	0.012852
01610599420080	83885.386462	S	1.114306
01610620814752	83886.500768	W	0.012823
01610621060952	83886.513591	S	0.090113
01610622791124	83886.603704	W	0.012962
01610623039996	83886.616666	S	0.396031
01610630643792	83887.012698	W	0.016713
01610630964676	83887.029410	S	2.034005
01610670017572	83889.063415	W	0.014495
01610670295880	83889.077910	S	4.385331
01610754494232	83893.463241	W	0.012697
01610754738008	83893.475938	S	0.005125
01610754836412	83893.481063	W	0.014420
01610755113272	83893.495483	S	0.071906
01610756493860	83893.567389	W	0.012708
01610756737860	83893.580097	S	0.088636
01610758439664	83893.668732	W	0.012782
01610758685076	83893.681514	S	7.565959
01610903951492	83901.247474	W	0.013470
01610904210124	83901.260944	S	0.395261
01610911799140	83901.656205	W	0.013551
01610912059328	83901.669757	S	0.089375
01610913775320	83901.759131	W	0.013350
01610914031648	83901.772482	S	0.088428
01610915729464	83901.860910	W	0.013405
01610915986844	83901.874315	S	0.089072
01610917697032	83901.963387	W	0.013294
01610917952280	83901.976681	S	1.113127
01610939324324	83903.089809	W	0.013423
01610939582048	83903.103232	S	1.080254
01610960322928	83904.183486	W	0.051056
01610961303200	83904.234542	S	0.675943
01610974281296	83904.910484	W	0.015677
01610974582288	83904.926161	S	0.314011
01610980611308	83905.240172	W	0.013574
01610980871920	83905.253746	S	0.703082
01610994371096	83905.956828	W	0.013504
01610994630380	83905.970332	S	0.191356
01610998304412	83906.161688	W	0.012823
01610998550612	83906.174511	S	0.806651
01611014038304	83906.981162	W	0.013601
01611014299440	83906.994763	S	0.088457
01611015997824	83907.083220	W	0.013410
01611016255300	83907.096630	S	0.088987
01611017963844	83907.185617	W	0.013305
01611018219304	83907.198922	S	1.624981
01611049418940	83908.823903	W	0.013447
01611049677120	83908.837350	S	0.293882
01611055319664	83909.131233	W	0.013391
01611055576764	83909.144623	S	0.088957
01611057284748	83909.233581	W	0.013340
01611057540872	83909.246920	S	0.601067
01611069081368	83909.847988	W	0.013326
01611069337224	83909.861314	S	0.089454
01611071054744	83909.950768	W	0.012603
01611071296712	83909.963370	S	0.908650
01611088742800	83910.872021	W	0.013489
01611089001784	83910.885510	S	1.010575
01611108404832	83911.896085	W	0.013700
01611108667872	83911.909785	S	2.238776
01611151652364	83914.148561	W	0.543234
01611162082460	83914.691795	S	0.080138
01611163621104	83914.771933	W	0.015731
01611163923140	83914.787664	S	1.716258
01611196875296	83916.503922	W	0.013401
01611197132592	83916.517323	S	7.154884
01611334506368	83923.672207	W	0.013583
01611334767164	83923.685790	S	0.191061
01611338435528	83923.876850	W	0.013341
01611338691668	83923.890191	S	0.294441
01611344344936	83924.184632	W	0.013539
01611344604880	83924.198171	S	0.293013
01611350230724	83924.491184	W	0.013281
01611350485724	83924.504465	S	0.151453
01611353393624	83924.655918	W	0.481731
01611362642868	83925.137649	S	0.079017
01611364159992	83925.216666	W	0.015725
01611364461908	83925.232391	S	0.794829
01611379722620	83926.027220	W	0.023864
01611380180800	83926.051083	S	4.480292
01611466202408	83930.531375	W	0.400885
01611473899396	83930.932260	S	3.267698
01611536639192	83934.199958	W	0.037471
01611537358640	83934.237429	S	0.193718
01611541078024	83934.431147	W	0.013743
01611541341896	83934.444890	S	1.185527
01611564104016	83935.630417	W	0.015322
01611564398208	83935.645740	S	5.261645
01611665421796	83940.907385	W	0.404492
01611673188044	83941.311877	S	0.084065
01611674802096	83941.395943	W	0.015633
01611675102252	83941.411576	S	6.631758
01611802432012	83948.043334	W	0.013601
01611802693156	83948.056935	S	0.703198
01611816194560	83948.760133	W	0.013355
01611816450972	83948.773488	S	1.841792
01611851813380	83950.615280	W	0.013776
01611852077872	83950.629056	S	1.203000
01611875175468	83951.832056	W	0.013451
01611875433724	83951.845506	S	8.997820
01612048191868	83960.843326	W	0.013425
01612048449632	83960.856752	S	0.806342
01612063931400	83961.663094	W	0.017106
01612064259828	83961.680199	S	0.495179
01612073767268	83962.175379	W	0.016164
01612074077620	83962.191543	S	2.022834
01612112916040	83964.214377	W	0.037129
01612113628908	83964.251506	S	0.828771
01612129541316	83965.080277	W	0.015528
01612129839452	83965.095805	S	18.478795
01612484632320	83983.574600	W	0.030834
01612485224340	83983.605434	S	0.309091
01612491158884	83983.914525	W	0.015282
01612491452304	83983.929807	S	0.976854
01612510207908	83984.906662	W	0.021800
01612510626472	83984.928462	S	2.948561
01612567238848	83987.877023	W	0.013458
01612567497248	83987.890482	S	5.106336
01612665538908	83992.996818	W	0.013574
01612665799536	83993.010393	S	1.217842
01612689182100	83994.228234	W	0.036582
01612689884472	83994.264816	S	1.524660
01612719157944	83995.789476	W	0.015435
01612719454292	83995.804911	S	4.478073
01612805433296	84000.282984	W	4.157138
01612885250352	84004.440123	S	0.018069
01612885597268	84004.458191	W	0.013810
01612885862420	84004.472001	S	0.710339
01612899500924	84005.182340	W	0.121240
01612901828724	84005.303579	S	0.008834
01612901998328	84005.312413	W	0.062319
01612903194856	84005.374732	S	0.012414
01612903433208	84005.387146	W	0.083210
01612905030840	84005.470356	S	0.559877
01612915780476	84006.030233	W	0.015461
01612916077324	84006.045694	S	0.778475
01612931024052	84006.824169	W	1.516466
01612960140208	84008.340636	S	1.961670
01612997804276	84010.302306	W	0.084891
01612999434176	84010.387197	S	0.021240
01612999841992	84010.408437	W	0.087298
01613001518112	84010.495735	S	0.654455
01613014083640	84011.150190	W	0.015548
01613014382156	84011.165737	S	0.777450
01613029309204	84011.943188	W	0.013904
01613029576160	84011.957092	S	3.670076
01613100041624	84015.627168	W	0.086422
01613101700920	84015.713590	S	0.556579
01613112387228	84016.270168	W	0.015535
01613112685496	84016.285703	S	18.388955
01613465753436	84034.674658	W	0.016199
01613466064456	84034.690857	S	0.598498
01613477555624	84035.289355	W	0.016188
01613477866432	84035.305543	S	0.187838
01613481472920	84035.493381	W	0.012931
01613481721196	84035.506312	S	0.090091
01613483450948	84035.596404	W	0.013405
01613483708316	84035.609808	S	1.932237
01613520807264	84037.542045	W	0.013511
01613521066668	84037.555556	S	0.088216
01613522760408	84037.643771	W	0.013402
01613523017736	84037.657174	S	0.908839
01613540467452	84038.566013	W	0.013477
01613540726220	84038.579491	S	1.009947
01613560117208	84039.589438	W	0.013320
01613560372952	84039.602758	S	0.907936
01613577805332	84040.510694	W	0.013033
01613578055572	84040.523728	S	1.010917
01613597465184	84041.534645	W	0.013510
01613597724580	84041.548155	S	0.088889
01613599431240	84041.637044	W	0.013447
01613599689416	84041.650490	S	1.829717
01613634819980	84043.480207	W	0.013561
01613635080360	84043.493769	S	0.088895
01613636787140	84043.582664	W	0.013290
01613637042312	84043.595954	S	0.806379
01613652524780	84044.402332	W	0.012912
01613652772696	84044.415245	S	0.089563
01613654492296	84044.504807	W	0.023554
01613654944524	84044.528361	S	0.078154
01613656445072	84044.606514	W	0.013372
01613656701820	84044.619886	S	0.090333
01613658436212	84044.710219	W	0.013356
01613658692640	84044.723575	S	0.292432
01613664307344	84045.016008	W	0.013369
01613664564020	84045.029376	S	0.191538
01613668241552	84045.220914	W	0.013216
01613668495300	84045.234130	S	0.456225
01613677254812	84045.690355	W	0.068817
01613678576092	84045.759171	S	0.076494
01613680044780	84045.835666	W	0.013727
01613680308340	84045.849393	S	0.088472
01613682007012	84045.937865	W	0.013586
01613682267860	84045.951451	S	1.010430
01613701668116	84046.961881	W	0.013639
01613701929976	84046.975520	S	0.088844
01613703635772	84047.064363	W	0.013477
01613703894536	84047.077840	S	1.830397
01613739038164	84048.908238	W	0.013365
01613739294776	84048.921603	S	1.265132
01613763585316	84050.186735	W	0.022097
01613764009576	84050.208832	S	0.088711
01613765712828	84050.297543	W	0.132149
01613768250088	84050.429692	S	0.013135
01613768502284	84050.442827	W	0.081750
01613770071880	84050.524577	S	0.315121
01613776122208	84050.839698	W	0.015164
01613776413352	84050.854862	S	0.345646
01613783049756	84051.200508	W	0.013747
01613783313700	84051.214255	S	0.020320
01613783703844	84051.234575	W	0.084150
01613785319516	84051.318725	S	0.148475
01613788170228	84051.467199	W	0.081615
01613789737232	84051.548814	S	0.328015
01613796035112	84051.876829	W	0.088544
01613797735160	84051.965373	S	0.218617
01613801932616	84052.183990	W	0.092183
01613803702536	84052.276174	S	0.015833
01613804006528	84052.292007	W	0.061931
01613805195596	84052.353937	S	0.137364
01613807832976	84052.491301	W	0.128265
01613810295672	84052.619566	S	0.015734
01613810597764	84052.635300	W	0.079550
01613812125124	84052.714850	S	0.083576
01613813729776	84052.798426	W	0.092436
01613815504548	84052.890862	S	0.015977
01613815811312	84052.906839	W	0.061971
01613817001152	84052.968810	S	0.136803
01613819627772	84053.105613	W	0.084889
01613821257632	84053.190502	S	0.016232
01613821569280	84053.206733	W	0.061800
01613822755844	84053.268534	S	0.061230
01613823931452	84053.329763	W	0.021496
01613824344180	84053.351259	S	0.164136
01613827495588	84053.515395	W	0.013304
01613827751020	84053.528699	S	0.697886
01613841150428	84054.226585	W	0.013980
01613841418852	84054.240565	S	0.995723
01613860536732	84055.236288	W	0.014104
01613860807532	84055.250392	S	0.213828
01613864913020	84055.464220	W	0.121488
01613867245584	84055.585707	S	0.015784
01613867548628	84055.601491	W	0.082750
01613869137424	84055.684241	S	0.265648
01613874237864	84055.949889	W	0.015423
01613874533988	84055.965312	S	0.280879
01613879926864	84056.246191	W	0.013767
01613880191188	84056.259958	S	0.091495
01613881947900	84056.351453	W	0.013796
01613882212788	84056.365249	S	0.892635
01613899351388	84057.257885	W	0.021794
01613899769836	84057.279679	S	0.991143
01613918799776	84058.270822	W	0.022027
01613919222696	84058.292849	S	0.989125
01613938213888	84059.281973	W	0.013871
01613938480216	84059.295845	S	0.073094
01613939883624	84059.368939	W	0.013744
01613940147516	84059.382683	S	0.911036
01613957639400	84060.293719	W	0.021962
01613958061080	84060.315681	S	0.269057
01613963226968	84060.584738	W	0.086276
01613964883464	84060.671014	S	0.408734
01613972731152	84061.079747	W	0.015475
01613973028264	84061.095222	S	0.210900
01613977077536	84061.306122	W	0.013689
01613977340372	84061.319811	S	0.996587
01613996474844	84062.316398	W	0.013611
01613996736184	84062.330010	S	0.055329
01613997798508	84062.385339	W	0.014389
01613998074772	84062.399728	S	0.927949
01614015891388	84063.327676	W	0.014416
01614016168180	84063.342093	S	0.996753
01614035305832	84064.338845	W	0.013881
01614035572356	84064.352727	S	0.996759
01614054710124	84065.349486	W	0.013833
01614054975720	84065.363319	S	0.044050
01614055821480	84065.407369	W	0.013669
01614056083928	84065.421038	S	0.382208
01614063422316	84065.803246	W	0.084157
01614065038124	84065.887402	S	0.312319
01614071034640	84066.199721	W	0.015295
01614071328312	84066.215016	S	0.144663
01614074105844	84066.359679	W	0.013930
01614074373292	84066.373609	S	0.998257
01614093539820	84067.371866	W	0.013895
01614093806596	84067.385760	S	0.261760
01614098832388	84067.647520	W	0.014566
01614099112048	84067.662086	S	0.087054
01614100783484	84067.749140	W	0.013621
01614101045012	84067.762761	S	0.395893
01614108646160	84068.158654	W	0.013209
01614108899772	84068.171863	S	0.089349
01614110615272	84068.261212	W	0.013016
01614110865184	84068.274228	S	0.092278
01614112636928	84068.366507	W	0.022948
01614113077524	84068.389454	S	0.031205
01614113676660	84068.420659	W	0.013726
01614113940204	84068.434386	S	0.133883
01614116510760	84068.568269	W	0.013390
01614116767844	84068.581659	S	0.396181
01614124374524	84068.977840	W	0.013296
01614124629816	84068.991136	S	0.089178
01614126342032	84069.080314	W	0.013161
01614126594724	84069.093475	S	0.191633
01614130274076	84069.285108	W	0.013317
01614130529760	84069.298425	S	0.083993
01614132142432	84069.382418	W	0.022580
01614132575960	84069.404998	S	0.597322
01614144044544	84070.002320	W	0.012705
01614144288476	84070.015025	S	0.089301
01614146003064	84070.104326	W	0.013608
01614146264336	84070.117934	S	0.275599
01614151555832	84070.393533	W	0.014361
01614151831572	84070.407894	S	0.823890
01614167650256	84071.231784	W	0.019785
01614168030124	84071.251569	S	0.152613
01614170960300	84071.404182	W	0.022154
01614171385656	84071.426336	S	0.010378
01614171584908	84071.436714	W	0.013480
01614171843720	84071.450194	S	0.088560
01614173544068	84071.538754	W	0.013401
01614173801368	84071.552155	S	0.293664
01614179439724	84071.845819	W	0.013303
01614179695136	84071.859122	S	0.191527
01614183372448	84072.050648	W	0.012914
01614183620400	84072.063562	S	0.088810
01614185325544	84072.152372	W	0.012884
01614185572920	84072.165256	S	0.089579
01614187292828	84072.254835	W	0.013055
01614187543480	84072.267890	S	0.090028
01614189272020	84072.357918	W	0.013008
01614189521768	84072.370925	S	0.045604
01614190397364	84072.416529	W	0.013575
01614190657996	84072.430104	S	0.337822
01614197144184	84072.767926	W	0.013335
01614197400208	84072.781261	S	0.089127
01614199111448	84072.870388	W	0.013222
01614199365320	84072.883610	S	0.190680
01614203026372	84073.074290	W	0.013271
01614203281172	84073.087561	S	0.295067
01614208946468	84073.382629	W	0.013923
01614209213784	84073.396551	S	0.031442
01614209817468	84073.427993	W	0.020985
01614210220376	84073.448978	S	0.035134
01614210894952	84073.484112	W	0.018976
01614211259288	84073.503088	S	0.186013
01614214830732	84073.689101	W	0.016248
01614215142692	84073.705349	S	0.393485
01614222697596	84074.098833	W	0.013284
01614222952656	84074.112118	S	0.293139
01614228580924	84074.405256	W	0.018522
01614228936548	84074.423779	S	0.015836
01614229240608	84074.439615	W	0.013717
01614229503968	84074.453332	S	0.006730
01614229633176	84074.460061	W	0.013819
01614229898504	84074.473880	S	0.342764
01614236479580	84074.816645	W	0.013135
01614236731780	84074.829780	S	0.087298
01614238407896	84074.917078	W	0.012957
01614238656668	84074.930035	S	0.089651
01614240377960	84075.019685	W	0.013150
01614240630436	84075.032835	S	0.418825
01614248671868	84075.451660	W	0.021204
01614249078988	84075.472864	S	0.265910
01614254184456	84075.738774	W	0.013168
01614254437272	84075.751941	S	0.190114
01614258087452	84075.942055	W	0.013302
01614258342844	84075.955356	S	0.295059
01614264007972	84076.250415	W	0.013407
01614264265388	84076.263822	S	0.200265
01614268110480	84076.464088	W	0.022779
01614268547836	84076.486866	S	0.786856
01614283655464	84077.273722	W	0.013441
01614283913540	84077.287164	S	0.192313
01614287605956	84077.479477	W	0.022286
01614288033844	84077.501763	S	0.487276
01614297389544	84077.989039	W	0.013345
01614297645760	84078.002383	S	0.490321
01614307059920	84078.492704	W	0.021766
01614307477824	84078.514470	S	0.806529
01614322963184	84079.320999	W	0.013407
01614323220592	84079.334406	S	0.172363
01614326529952	84079.506768	W	0.014264
01614326803828	84079.521033	S	0.988999
01614345792600	84080.510031	W	0.023868
01614346250868	84080.533899	S	0.993749
01614365330848	84081.527648	W	0.013344
01614365587044	84081.540992	S	0.997021
01614384729840	84082.538012	W	0.021426
01614385141220	84082.559439	S	0.037679
01614385864656	84082.597118	W	0.013440
01614386122708	84082.610558	S	0.931120
01614404000216	84083.541678	W	0.021557
01614404414104	84083.563235	S	0.058564
01614405538536	84083.621799	W	0.021231
01614405946176	84083.643030	S	0.912920
01614423474232	84084.555950	W	0.013769
01614423738604	84084.569719	S	1.099324
01614444845616	84085.669042	W	0.013588
01614445106508	84085.682631	S	0.890043
01614462195328	84086.572673	W	0.013633
01614462457088	84086.586307	S	0.106082
01614464493864	84086.692389	W	0.012905
01614464741648	84086.705294	S	0.807019
01614480236404	84087.512313	W	0.023424
01614480686148	84087.535737	S	0.693342
01614493998316	84088.229079	W	0.013352
01614494254680	84088.242431	S	1.351956
01614520212244	84089.594388	W	0.022453
01614520643336	84089.616840	S	3.002133
01614578284284	84092.618973	W	0.022926
01614578724472	84092.641900	S	3.002675
01614636375828	84095.644574	W	0.023010
01614636817620	84095.667584	S	0.195695
01614640574956	84095.863279	W	0.034910
01614641245236	84095.898189	S	0.309024
01614647178496	84096.207213	W	0.015387
01614647473932	84096.222601	S	1.564673
01614677515648	84097.787273	W	0.084171
01614679131728	84097.871444	S	0.257176
01614684069508	84098.128620	W	0.015050
01614684358464	84098.143670	S	0.526101
01614694459604	84098.669771	W	0.020076
01614694845064	84098.689847	S	3.003186
01614752506236	84101.693033	W	0.021728
01614752923408	84101.714761	S	2.684074
01614804457636	84104.398835	W	0.014695
01614804739772	84104.413530	S	0.060101
01614805893704	84104.473630	W	0.033113
01614806529476	84104.506744	S	0.007135
01614806666468	84104.513879	W	0.026997
01614807184816	84104.540876	S	0.100109
01614809106908	84104.640985	W	0.014627
01614809387740	84104.655611	S	0.199276
01614813213832	84104.854887	W	0.015043
01614813502660	84104.869930	S	3.000043
01614871103476	84107.869973	W	0.015580
01614871402616	84107.885553	S	0.011714
01614871627516	84107.897266	W	0.041070
01614872416064	84107.938337	S	0.027343
01614872941048	84107.965680	W	0.014556
01614873220528	84107.980236	S	0.004669
01614873310180	84107.984905	W	0.014680
01614873592036	84107.999585	S	0.027649
01614874122896	84108.027234	W	0.014495
01614874401200	84108.041729	S	0.209992
01614878433040	84108.251721	W	0.015215
01614878725168	84108.266936	S	0.109491
01614880827392	84108.376427	W	0.014513
01614881106036	84108.390939	S	0.051077
01614882086720	84108.442017	W	0.014626
01614882367548	84108.456643	S	0.016276
01614882680052	84108.472919	W	0.014501
01614882958480	84108.487421	S	0.018097
01614883305936	84108.505518	W	0.014301
01614883580512	84108.519818	S	0.003618
01614883649972	84108.523436	W	3.741716
01614955490928	84112.265152	S	0.018523
01614955846568	84112.283675	W	0.014430
01614956123628	84112.298106	S	0.039862
01614956888980	84112.337968	W	0.014500
01614957167384	84112.352468	S	0.026042
01614957667400	84112.378510	W	0.050224
01614958631700	84112.428734	S	0.025551
01614959122280	84112.454285	W	0.924934
01614976881016	84113.379220	S	0.016815
01614977203856	84113.396034	W	0.142547
01614979940760	84113.538581	S	0.002823
01614979994964	84113.541404	W	0.128114
01614982454748	84113.669518	S	0.000885
01614982471740	84113.670403	W	0.109116
01614984566764	84113.779519	S	0.016611
01614984885704	84113.796130	W	0.110413
01614987005628	84113.906543	S	0.016943
01614987330940	84113.923486	W	0.093126
01614989118952	84114.016612	S	0.015892
01614989424072	84114.032504	W	0.358278
01614996303012	84114.390782	S	0.017048
01614996630328	84114.407830	W	0.058748
01614997758292	84114.466578	S	0.231553
01615002204116	84114.698131	W	0.101758
01615004157876	84114.799889	S	0.016950
01615004483316	84114.816839	W	0.059688
01615005629324	84114.876527	S	0.020954
01615006031636	84114.897481	W	0.015297
01615006325336	84114.912778	S	0.148542
01615009177348	84115.061320	W	0.014490
01615009455564	84115.075811	S	0.084971
01615011087000	84115.160781	W	0.087209
01615012761408	84115.247990	S	0.016430
01615013076872	84115.264420	W	0.167639
01615016295548	84115.432060	S	0.281839
01615021706848	84115.713898	W	0.014974
01615021994352	84115.728872	S	0.163365
01615025130960	84115.892237	W	0.014342
01615025406320	84115.906579	S	0.161691
01615028510788	84116.068270	W	0.141274
01615031223256	84116.209545	S	0.015894
01615031528416	84116.225438	W	0.078861
01615033042552	84116.304300	S	0.264456
01615038120100	84116.568755	W	0.015221
01615038412348	84116.583976	S	0.157999
01615041445920	84116.741975	W	0.083593
01615043050900	84116.825568	S	0.251250
01615047874908	84117.076818	W	0.014566
01615048154580	84117.091384	S	0.992151
01615067203876	84118.083535	W	0.014678
01615067485692	84118.098213	S	0.235360
01615072004608	84118.333573	W	0.232611
01615076470744	84118.566185	S	0.016713
01615076791640	84118.582898	W	0.076762
01615078265468	84118.659660	S	0.185970
01615081836100	84118.845630	W	0.082613
01615083422268	84118.928243	S	0.161833
01615086529468	84119.090076	W	0.014617
01615086810116	84119.104694	S	0.083941
01615088421788	84119.188635	W	0.015220
01615088714008	84119.203855	S	0.153650
01615091664080	84119.357504	W	0.082208
01615093242468	84119.439712	S	0.263469
01615098301064	84119.703180	W	0.015353
01615098595848	84119.718534	S	0.379402
01615105880372	84120.097936	W	0.014655
01615106161744	84120.112591	S	0.117091
01615108409892	84120.229682	W	0.084974
01615110041384	84120.314655	S	0.256366
01615114963612	84120.571021	W	0.015342
01615115258184	84120.586364	S	0.156930
01615118271232	84120.743293	W	0.085069
01615119904552	84120.828362	S	0.260156
01615124899540	84121.088518	W	0.015374
01615125194728	84121.103892	S	0.002836
01615125249176	84121.106728	W	0.014856
01615125534404	84121.121584	S	0.809724
01615141081108	84121.931308	W	0.014585
01615141361148	84121.945893	S	0.169466
01615144614896	84122.115359	W	0.014504
01615144893376	84122.129863	S	0.996049
01615164017520	84123.125913	W	0.022045
01615164440792	84123.147958	S	0.927212
01615182243264	84124.075170	W	0.086435
01615183902812	84124.161605	S	0.793416
01615199136408	84124.955021	W	0.013685
01615199399168	84124.968707	S	0.175671
01615202772044	84125.144377	W	0.013822
01615203037432	84125.158200	S	0.993429
01615222111276	84126.151629	W	0.013842
01615222377036	84126.165471	S	0.998523
01615241548672	84127.163993	W	0.013746
01615241812588	84127.177739	S	0.794846
01615257073632	84127.972585	W	0.013820
01615257338980	84127.986405	S	0.187397
01615260937008	84128.173802	W	0.013746
01615261200924	84128.187548	S	0.236975
01615265750836	84128.424523	W	0.085783
01615267397864	84128.510305	S	0.387512
01615274838088	84128.897817	W	0.015461
01615275134948	84128.913279	S	0.020951
01615275537216	84128.934230	W	0.085863
01615277185784	84129.020093	S	0.162977
01615280314944	84129.183070	W	0.013972
01615280583200	84129.197042	S	0.301519
01615286372364	84129.498561	W	0.016258
01615286684508	84129.514818	S	0.084408
01615288305144	84129.599226	W	0.015585
01615288604380	84129.614811	S	0.394627
01615296181224	84130.009439	W	0.017019
01615296507988	84130.026458	S	0.084362
01615298127732	84130.110819	W	0.018888
01615298490372	84130.129707	S	0.061293
01615299667204	84130.191000	W	0.014553
01615299946628	84130.205554	S	0.315403
01615306002372	84130.520957	W	0.013559
01615306262696	84130.534515	S	0.088273
01615307957544	84130.622789	W	0.013068
01615308208452	84130.635857	S	0.362552
01615315169448	84130.998409	W	0.013867
01615315435692	84131.012276	S	0.020663
01615315832428	84131.032939	W	0.022516
01615316264732	84131.055455	S	0.144371
01615319036664	84131.199826	W	0.021840
01615319455984	84131.221666	S	0.220761
01615323694600	84131.442427	W	0.012601
01615323936536	84131.455028	S	0.089740
01615325659544	84131.544768	W	0.013135
01615325911732	84131.557903	S	0.653597
01615338460792	84132.211500	W	0.021956
01615338882356	84132.233456	S	0.991271
01615357914756	84133.224727	W	0.021328
01615358324248	84133.246055	S	0.775322
01615373210436	84134.021377	W	0.013581
01615373471188	84134.034958	S	0.022814
01615373909220	84134.057772	W	0.088637
01615375611044	84134.146409	S	0.089952
01615377338120	84134.236360	W	0.013905
01615377605100	84134.250266	S	0.572539
01615388597848	84134.822805	W	0.013719
01615388861256	84134.836524	S	0.410845
01615396749472	84135.247368	W	0.021348
01615397159360	84135.268717	S	0.883859
01615414129448	84136.152575	W	0.013072
01615414380424	84136.165647	S	0.093076
01615416167488	84136.258723	W	0.023003
01615416609140	84136.281726	S	0.756713
01615431138032	84137.038439	W	0.013826
01615431403484	84137.052265	S	0.220132
01615435630016	84137.272397	W	0.013693
01615435892924	84137.286090	S	0.994290
01615454983292	84138.280380	W	0.013768
01615455247640	84138.294148	S	0.996745
01615474385136	84139.290892	W	0.013867
01615474651392	84139.304760	S	0.750991
01615489070424	84140.055751	W	0.013899
01615489337276	84140.069650	S	0.230531
01615493763464	84140.300180	W	0.022359
01615494192752	84140.322539	S	0.987175
01615513146504	84141.309714	W	0.013839
01615513412212	84141.323553	S	0.994372
01615532504148	84142.317924	W	0.013601
01615532765296	84142.331526	S	0.748722
01615547140760	84143.080248	W	0.013783
01615547405400	84143.094031	S	0.233101
01615551880936	84143.327132	W	0.013710
01615552144172	84143.340842	S	0.996155
01615571270340	84144.336997	W	0.013805
01615571535400	84144.350802	S	0.995535
01615590649668	84145.346337	W	0.022216
01615591076224	84145.368553	S	0.735450
01615605196864	84146.104003	W	0.013940
01615605464512	84146.117943	S	0.241746
01615610106044	84146.359690	W	0.022242
01615610533096	84146.381932	S	2.749552
01615663324496	84149.131484	W	0.013736
01615663588224	84149.145220	S	3.010948
01615721398420	84152.156168	W	0.013729
01615721662008	84152.169896	S	3.012455
01615779501140	84155.182351	W	0.014205
01615779773884	84155.196556	S	3.007360
01615837515204	84158.203917	W	0.014024
01615837784472	84158.217941	S	3.008675
01615895551024	84161.226616	W	0.014201
01615895823684	84161.240817	S	2.882542
01615951168492	84164.123359	W	0.036705
01615951873236	84164.160064	S	0.090301
01615953607008	84164.250365	W	0.013956
01615953874968	84164.264321	S	0.494739
01615963373952	84164.759060	W	0.015428
01615963670172	84164.774488	S	0.357076
01615970526032	84165.131564	W	0.013486
01615970784960	84165.145050	S	0.089133
01615972496316	84165.234183	W	0.013406
01615972753712	84165.247589	S	0.293619
01615978391192	84165.541208	W	0.013537
01615978651100	84165.554745	S	0.191271
01615982323508	84165.746016	W	0.013330
01615982579444	84165.759346	S	0.191599
01615986258148	84165.950945	W	0.012724
01615986502448	84165.963669	S	0.088784
01615988207100	84166.052453	W	0.022512
01615988639336	84166.074965	S	0.592608
01616000017412	84166.667574	W	0.013495
01616000276512	84166.681068	S	0.593375
01616011669308	84167.274443	W	0.013584
01616011930112	84167.288027	S	2.451706
01616059002864	84169.739733	W	0.013501
01616059262080	84169.753233	S	0.544238
01616069711440	84170.297471	W	0.013771
01616069975840	84170.311242	S	0.144891
01616072757752	84170.456133	W	0.013186
01616073010924	84170.469319	S	0.806305
01616088491988	84171.275624	W	0.013518
01616088751532	84171.289142	S	0.935560
01616106714280	84172.224702	W	0.013665
01616106976644	84172.238367	S	1.076837
01616127651916	84173.315204	W	0.013744
01616127915804	84173.328948	S	3.006348
01616185637680	84176.335296	W	0.021969
01616186059488	84176.357265	S	3.000534
01616243669736	84179.357799	W	0.021469
01616244081932	84179.379267	S	2.444272
01616291011948	84181.823539	W	0.013435
01616291269904	84181.836974	S	0.546832
01616301769076	84182.383806	W	0.013745
01616302032976	84182.397551	S	1.268524
01616326388632	84183.666075	W	0.013441
01616326646696	84183.679515	S	1.010642
01616346051016	84184.690157	W	0.013440
01616346309060	84184.703597	S	0.700255
01616359753952	84185.403852	W	0.012218
01616359988540	84185.416070	S	1.219659
01616383405984	84186.635728	W	0.013550
01616383666152	84186.649279	S	1.420140
01616410932832	84188.069418	W	0.013354
01616411189228	84188.082772	S	0.340641
01616417729540	84188.423414	W	0.013707
01616417992724	84188.437121	S	0.116285
01616420225388	84188.553406	W	0.194535
01616423960456	84188.747940	S	0.303659
01616429790700	84189.051599	W	0.015146
01616430081504	84189.066745	S	2.380786
01616475792588	84191.447531	W	0.012336
01616476029448	84191.459867	S	2.243361
01616519101984	84193.703228	W	0.235521
01616523623988	84193.938749	S	0.015920
01616523929644	84193.954669	W	0.072242
01616525316692	84194.026911	S	0.440729
01616533778688	84194.467640	W	0.013894
01616534045444	84194.481534	S	1.166074
01616556434068	84195.647608	W	0.019475
01616556807992	84195.667083	S	0.492732
01616566268452	84196.159815	W	0.023998
01616566729216	84196.183813	S	0.077617
01616568219456	84196.261430	W	0.013279
01616568474408	84196.274709	S	0.399287
01616576140712	84196.673995	W	0.014409
01616576417372	84196.688405	S	0.800474
01616591786472	84197.488879	W	0.020012
01616592170700	84197.508891	S	1.314536
01616617409800	84198.823427	W	0.123881
01616619788320	84198.947308	S	0.016098
01616620097400	84198.963406	W	0.089267
01616621811336	84199.052674	S	0.256562
01616626737324	84199.309236	W	0.015394
01616627032892	84199.324630	S	1.185064
01616649786128	84200.509694	W	0.013381
01616650043052	84200.523076	S	3.006789
01616707773404	84203.529865	W	0.011917
01616708002212	84203.541782	S	3.010246
01616765798936	84206.552028	W	0.014284
01616766073196	84206.566312	S	3.009927
01616823863796	84209.576239	W	0.014623
01616824144548	84209.590862	S	3.009645
01616881929732	84212.600507	W	0.013656
01616882191936	84212.614163	S	3.009419
01616939972788	84215.623583	W	0.013771
01616940237192	84215.637354	S	3.008641
01616998003108	84218.645995	W	0.013686
01616998265888	84218.659682	S	3.010352
01617056064648	84221.670034	W	0.022194
01617056490772	84221.692228	S	2.421740
01617102988184	84224.113968	W	0.026240
01617103491988	84224.140208	S	0.412808
01617111417904	84224.553016	W	0.015508
01617111715656	84224.568524	S	0.129496
01617114201972	84224.698019	W	0.013849
01617114467864	84224.711868	S	3.009745
01617172254960	84227.721612	W	0.013890
01617172521648	84227.735502	S	0.474431
01617181630716	84228.209933	W	0.026256
01617182134840	84228.236190	S	0.178899
01617185569700	84228.415089	W	0.013491
01617185828732	84228.428580	S	0.124185
01617188213076	84228.552764	W	0.015579
01617188512200	84228.568344	S	0.433654
01617196838348	84229.001997	W	0.045686
01617197715520	84229.047683	S	0.505275
01617207416796	84229.552958	W	0.015588
01617207716092	84229.568546	S	1.178021
01617230334096	84230.746567	W	0.013681
01617230596780	84230.760249	S	3.009378
01617288376832	84233.769627	W	0.013184
01617288629964	84233.782811	S	3.011521
01617346451176	84236.794332	W	0.014173
01617346723300	84236.808505	S	3.009821
01617404511864	84239.818326	W	0.013800
01617404776824	84239.832126	S	3.007432
01617462519516	84242.839558	W	0.022729
01617462955920	84242.862288	S	3.002746
01617520608648	84245.865034	W	0.013893
01617520875384	84245.878926	S	3.008955
01617578647320	84248.887881	W	0.013975
01617578915632	84248.901856	S	3.011475
01617636735948	84251.913331	W	0.013771
01617637000352	84251.927102	S	3.010444
01617694800880	84254.937546	W	0.014019
01617695070044	84254.951565	S	1.828333
01617730174040	84256.779898	W	0.013227
01617730427996	84256.793125	S	0.010276
01617730625300	84256.803401	W	0.013544
01617730885352	84256.816945	S	0.885940
01617747895396	84257.702885	W	0.013990
01617748164012	84257.716876	S	0.241962
01617752809676	84257.958837	W	0.013784
01617753074336	84257.972622	S	0.114618
01617755275008	84258.087240	W	0.203441
01617759181068	84258.290681	S	1.178286
01617781804156	84259.468966	W	0.015453
01617782100848	84259.484419	S	1.498260
01617810867436	84260.982679	W	0.014018
01617811136588	84260.996697	S	0.289209
01617816689400	84261.285906	W	0.013358
01617816945876	84261.299264	S	0.088648
01617818647924	84261.387913	W	0.013445
01617818906076	84261.401358	S	1.932665
01617856013248	84263.334023	W	0.236111
01617860546584	84263.570135	S	0.016158
01617860856816	84263.586292	W	0.072735
01617862253324	84263.659027	S	0.346398
01617868904160	84264.005425	W	0.022062
01617869327756	84264.027487	S	1.864949
01617905134772	84265.892436	W	0.019828
01617905515472	84265.912264	S	0.083560
01617907119820	84265.995824	W	0.013243
01617907374088	84266.009067	S	0.294323
01617913025084	84266.303390	W	0.017754
01617913365964	84266.321144	S	0.089764
01617915089432	84266.410908	W	0.013412
01617915346936	84266.424320	S	0.083614
01617916952316	84266.507933	W	0.013475
01617917211040	84266.521408	S	0.294390
01617922863328	84266.815798	W	0.016640
01617923182820	84266.832439	S	0.200159
01617927025868	84267.032597	W	0.013768
01617927290212	84267.046365	S	0.280562
01617932677004	84267.326927	W	0.013426
01617932934776	84267.340353	S	0.089016
01617934643884	84267.429369	W	0.013261
01617934898500	84267.442630	S	1.011659
01617954322360	84268.454290	W	0.128395
01617956787548	84268.582685	S	0.015945
01617957093700	84268.598630	W	0.077930
01617958589948	84268.676560	S	0.595981
01617970032792	84269.272541	W	0.013632
01617970294524	84269.286173	S	0.088805
01617971999580	84269.374978	W	0.013345
01617972255800	84269.388323	S	0.666053
01617985044016	84270.054376	W	0.013954
01617985311928	84270.068330	S	3.008794
01618043080780	84273.077124	W	0.013865
01618043346980	84273.090989	S	3.008034
01618101101228	84276.099022	W	0.013580
01618101361968	84276.112602	S	3.010236
01618159158500	84279.122839	W	0.013997
01618159427236	84279.136835	S	3.008377
01618217188072	84282.145212	W	0.013960
01618217456100	84282.159172	S	3.008853
01618275226072	84285.168025	W	0.013845
01618275491896	84285.181870	S	0.884497
01618292474232	84286.066366	W	0.013729
01618292737828	84286.080095	S	0.292364
01618298351224	84286.372460	W	0.013056
01618298601896	84286.385515	S	0.192553
01618302298908	84286.578068	W	0.013412
01618302556420	84286.591480	S	0.294063
01618308202432	84286.885543	W	0.013453
01618308460728	84286.898996	S	1.292400
01618333274800	84288.191396	W	0.013171
01618333527692	84288.204567	S	3.007513
01618391271936	84291.212080	W	0.014625
01618391552740	84291.226705	S	3.006282
01618449273356	84294.232987	W	0.014439
01618449550588	84294.247426	S	3.006938
01618507283804	84297.254365	W	0.014554
01618507563244	84297.268919	S	1.367443
01618533818148	84298.636362	W	0.042856
01618534640984	84298.679218	S	0.299331
01618540388144	84298.978549	W	0.015232
01618540680604	84298.993781	S	1.282285
01618565300484	84300.276067	W	0.014455
01618565578024	84300.290522	S	3.009277
01618623356140	84303.299799	W	0.022216
01618623782688	84303.322015	S	3.004627
01618681471520	84306.326642	W	0.014279
01618681745680	84306.340921	S	2.765415
01618734841652	84309.106336	W	0.013634
01618735103432	84309.119970	S	0.001555
01618735133288	84309.121525	W	0.013362
01618735389840	84309.134887	S	0.215330
01618739524180	84309.350218	W	0.013373
01618739780932	84309.363590	S	3.008238
01618797539104	84312.371828	W	0.013927
01618797806508	84312.385756	S	0.204088
01618801724996	84312.589844	W	0.013325
01618801980836	84312.603169	S	2.794093
01618855627420	84315.397261	W	0.013998
01618855896188	84315.411260	S	3.009018
01618913669336	84318.420278	W	0.020695
01618914066680	84318.440973	S	0.702023
01618927545528	84319.142996	W	0.013948
01618927813332	84319.156944	S	2.286814
01618971720160	84321.443758	W	0.013921
01618971987444	84321.457679	S	3.006116
01619029704880	84324.463796	W	0.020522
01619030098908	84324.484318	S	3.001961
01619087736556	84327.486279	W	0.013912
01619088003664	84327.500191	S	1.062090
01619108395792	84328.562281	W	0.012912
01619108643708	84328.575193	S	0.073310
01619110051252	84328.648503	W	0.045243
01619110919924	84328.693746	S	1.174899
01619133477992	84329.868645	W	0.015405
01619133773764	84329.884050	S	0.627048
01619145813088	84330.511098	W	0.013885
01619146079684	84330.524984	S	3.010260
01619203876672	84333.535243	W	0.021787
01619204294980	84333.557030	S	3.002542
01619261943784	84336.559572	W	0.013854
01619262209776	84336.573426	S	2.742657
01619314868792	84339.316083	W	0.013521
01619315128388	84339.329604	S	0.087724
01619316812684	84339.417327	W	0.013179
01619317065712	84339.430506	S	0.155142
01619320044436	84339.585648	W	0.013710
01619320307664	84339.599358	S	0.024581
01619320779616	84339.623938	W	0.013834
01619321045224	84339.637772	S	0.086232
01619322700880	84339.724004	W	0.013315
01619322956532	84339.737319	S	0.196514
01619326729608	84339.933834	W	0.014938
01619327016420	84339.948772	S	0.082544
01619328601256	84340.031315	W	0.012637
01619328843888	84340.043952	S	0.397281
01619336471688	84340.441234	W	0.016448
01619336787484	84340.457681	S	0.495831
01619346307432	84340.953512	W	0.025735
01619346801540	84340.979247	S	1.614650
01619377802816	84342.593897	W	0.012651
01619378045708	84342.606547	S	0.000613
01619378057480	84342.607160	W	0.014521
01619378336280	84342.621681	S	0.686123
01619391509836	84343.307804	W	0.013569
01619391770356	84343.321373	S	0.417418
01619399784784	84343.738791	W	0.116076
01619402013448	84343.854867	S	0.016348
01619402327324	84343.871215	W	0.086662
01619403991232	84343.957877	S	0.271547
01619409204936	84344.229424	W	0.013587
01619409465800	84344.243010	S	1.388263
01619436120456	84345.631274	W	0.013840
01619436386180	84345.645114	S	0.223549
01619440678316	84345.868662	W	0.013362
01619440934860	84345.882024	S	0.702623
01619454425212	84346.584646	W	0.013430
01619454683072	84346.598077	S	0.805789
01619470154224	84347.403866	W	0.013437
01619470412212	84347.417303	S	1.236459
01619494152220	84348.653761	W	0.013704
01619494415340	84348.667466	S	0.171810
01619497714096	84348.839276	W	0.235487
01619502235456	84349.074763	S	0.015571
01619502534416	84349.090334	W	0.073830
01619503951956	84349.164164	S	0.391618
01619511471024	84349.555782	W	0.015554
01619511769660	84349.571336	S	2.102779
01619552143008	84351.674115	W	0.013632
01619552404740	84351.687747	S	2.271800
01619596023296	84353.959547	W	0.121422
01619598354604	84354.080969	S	0.015847
01619598658860	84354.096816	W	0.083943
01619600270572	84354.180759	S	0.186995
01619603860876	84354.367754	W	0.013440
01619604118928	84354.381194	S	0.092461
01619605894184	84354.473655	W	0.013373
01619606150936	84354.487028	S	0.187508
01619609751096	84354.674536	W	0.013562
01619610011496	84354.688099	S	0.008110
01619610167212	84354.696209	W	0.013846
01619610433060	84354.710055	S	0.169727
01619613691816	84354.879782	W	0.013408
01619613949248	84354.893190	S	0.088387
01619615646280	84354.981577	W	0.013414
01619615903820	84354.994991	S	0.089194
01619617616344	84355.084185	W	0.013402
01619617873668	84355.097587	S	1.215800
01619641217036	84356.313387	W	0.013361
01619641473568	84356.326748	S	1.391080
01619668182304	84357.717828	W	0.013866
01619668448540	84357.731695	S	0.731533
01619682493964	84358.463227	W	0.013592
01619682754928	84358.476819	S	0.601256
01619694299048	84359.078075	W	0.013506
01619694558368	84359.091582	S	1.009964
01619713949668	84360.101545	W	0.013516
01619714209184	84360.115062	S	0.088812
01619715914368	84360.203873	W	0.013249
01619716168752	84360.217123	S	0.524737
01619726243712	84360.741860	W	0.013890
01619726510408	84360.755750	S	1.394169
01619753278456	84362.149920	W	0.013660
01619753540736	84362.163580	S	1.604264
01619784342608	84363.767844	W	0.013966
01619784610748	84363.781810	S	3.007926
01619842362920	84366.789735	W	0.013929
01619842630360	84366.803665	S	3.012093
01619900462548	84369.815758	W	0.013881
01619900729072	84369.829639	S	2.662432
01619951847776	84372.492072	W	0.013426
01619952105552	84372.505497	S	0.001561
01619952135524	84372.507059	W	0.014249
01619952409108	84372.521308	S	0.316781
01619958491308	84372.838089	W	0.014016
01619958760408	84372.852105	S	3.006871
01620016492340	84375.858976	W	0.013248
01620016746696	84375.872224	S	3.009346
01620074526148	84378.881570	W	0.013718
01620074789528	84378.895288	S	1.687848
01620107196204	84380.583136	W	0.013497
01620107455352	84380.596633	S	1.308082
01620132570520	84381.904715	W	0.014021
01620132839724	84381.918736	S	2.216429
01620175395164	84384.135165	W	0.048789
01620176331908	84384.183954	S	0.371722
01620183468972	84384.555676	W	0.015945
01620183775124	84384.571621	S	0.355735
01620190605244	84384.927356	W	0.014572
01620190885024	84384.941928	S	3.014726
01620248767760	84387.956654	W	0.013801
01620249032744	84387.970455	S	3.010339
01620306831256	84390.980795	W	0.013650
01620307093340	84390.994445	S	3.008961
01620364865384	84394.003405	W	0.013651
01620365127484	84394.017056	S	3.007930
01620422879736	84397.024986	W	0.013706
01620423142884	84397.038692	S	3.008327
01620480902760	84400.047019	W	0.013451
01620481161024	84400.060470	S	3.011627
01620538984256	84403.072097	W	0.013662
01620539246572	84403.085759	S	3.013644
01620597108532	84406.099403	W	0.013704
01620597371656	84406.113107	S	0.785404
01620612451412	84406.898511	W	0.013624
01620612712996	84406.912135	S	0.191073
01620616381600	84407.103208	W	0.013487
01620616640556	84407.116696	S	0.293646
01620622278556	84407.410341	W	0.013544
01620622538608	84407.423886	S	0.191523
01620626215840	84407.615408	W	0.013427
01620626473636	84407.628835	S	1.496473
01620655205916	84409.125308	W	0.013736
01620655469656	84409.139045	S	3.008359
01620713230152	84412.147404	W	0.013843
01620713495932	84412.161246	S	0.369278
01620720586072	84412.530525	W	0.013620
01620720847580	84412.544145	S	0.003217
01620720909344	84412.547362	W	0.013599
01620721170448	84412.560961	S	0.720276
01620734999740	84413.281236	W	0.086534
01620736661200	84413.367771	S	0.083860
01620738271312	84413.451631	W	0.083481
01620739874144	84413.535112	S	0.812973
01620755483220	84414.348084	W	0.015420
01620755779276	84414.363504	S	0.113280
01620757954244	84414.476784	W	0.018993
01620758318908	84414.495776	S	0.082773
01620759908152	84414.578550	W	0.013388
01620760165192	84414.591937	S	0.088786
01620761869876	84414.680723	W	0.016738
01620762191244	84414.697461	S	0.291582
01620767789616	84414.989043	W	0.019530
01620768164588	84415.008572	S	0.081966
01620769738328	84415.090538	W	0.013302
01620769993728	84415.103840	S	0.067472
01620771289192	84415.171312	W	0.013792
01620771554004	84415.185104	S	0.008122
01620771709944	84415.193226	W	0.016770
01620772031928	84415.209996	S	2.987648
01620829394772	84418.197644	W	0.014525
01620829673652	84418.212169	S	0.258962
01620834645720	84418.471131	W	0.267431
01620839780388	84418.738562	S	0.015789
01620840083536	84418.754351	W	0.061712
01620841268408	84418.816063	S	0.652248
01620853791572	84419.468311	W	0.015648
01620854092012	84419.483959	S	1.737253
01620887447276	84421.221212	W	0.013877
01620887713716	84421.235089	S	2.356004
01620932949000	84423.591094	W	0.119211
01620935237856	84423.710305	S	0.013911
01620935504956	84423.724216	W	0.088535
01620937204820	84423.812751	S	0.433483
01620945527696	84424.246234	W	0.013717
01620945791056	84424.259951	S	2.518695
01620994150000	84426.778646	W	0.013849
01620994415900	84426.792495	S	0.139167
01620997087900	84426.931661	W	0.062764
01620998292960	84426.994425	S	0.276275
01621003597436	84427.270700	W	0.013969
01621003865640	84427.284669	S	3.003090
01621061524972	84430.287759	W	0.013929
01621061792400	84430.301688	S	3.015592
01621119691776	84433.317280	W	0.013821
01621119957140	84433.331101	S	3.011031
01621177768940	84436.342132	W	0.013766
01621178033256	84436.355899	S	1.979149
01621216032908	84438.335047	W	0.013330
01621216288840	84438.348377	S	1.023281
01621235935840	84439.371658	W	0.014073
01621236206044	84439.385731	S	2.637105
01621286838456	84442.022836	W	0.013787
01621287103176	84442.036624	S	0.360023
01621294015612	84442.396646	W	0.013868
01621294281872	84442.410514	S	3.006434
01621352005412	84445.416949	W	0.013843
01621352271192	84445.430791	S	3.013367
01621410127840	84448.444158	W	0.013864
01621410394036	84448.458023	S	0.936768
01621428379988	84449.394791	W	0.023631
01621428833696	84449.418422	S	0.897713
01621446069784	84450.316135	W	0.023539
01621446521736	84450.339674	S	0.078764
01621448034012	84450.418438	W	0.013317
01621448289708	84450.431756	S	0.908257
01621465728244	84451.340013	W	0.013468
01621465986832	84451.353481	S	0.122466
01621468338180	84451.475947	W	0.014484
01621468616268	84451.490431	S	2.272514
01621512248536	84453.762945	W	0.052727
01621513260888	84453.815671	S	0.683353
01621526381268	84454.499024	W	0.014030
01621526650648	84454.513055	S	3.006245
01621584370556	84457.519300	W	0.013895
01621584637336	84457.533195	S	3.012354
01621642474532	84460.545549	W	0.013703
01621642737636	84460.559252	S	3.010167
01621700532848	84463.569419	W	0.013805
01621700797908	84463.583224	S	3.012059
01621758629448	84466.595284	W	0.011868
01621758857308	84466.607151	S	1.874260
01621794843104	84468.481412	W	0.121159
01621797169352	84468.602570	S	0.015950
01621797475588	84468.618520	W	0.107272
01621799535212	84468.725792	S	0.016131
01621799844924	84468.741923	W	0.331427
01621806208320	84469.073350	S	0.083923
01621807819648	84469.157273	W	0.123717
01621810195024	84469.280991	S	0.015982
01621810501880	84469.296973	W	0.140241
01621813194516	84469.437214	S	0.015976
01621813501260	84469.453191	W	0.153244
01621816443552	84469.606435	S	0.013508
01621816702904	84469.619943	W	0.100962
01621818641372	84469.720905	S	0.015958
01621818947764	84469.736863	W	0.102955
01621820924504	84469.839818	S	0.016316
01621821237768	84469.856134	W	0.061208
01621822412960	84469.917342	S	0.522989
01621832454340	84470.440330	W	0.085213
01621834090436	84470.525544	S	0.015973
01621834397124	84470.541517	W	0.096814
01621836255944	84470.638330	S	0.010770
01621836462736	84470.649101	W	0.062521
01621837663148	84470.711622	S	0.084054
01621839276992	84470.795677	W	0.083777
01621840885516	84470.879454	S	0.016565
01621841203560	84470.896019	W	0.058289
01621842322712	84470.954308	S	0.703146
01621855823112	84471.657454	W	0.013829
01621856088624	84471.671282	S	0.978559
01621874876960	84472.649842	W	0.013957
01621875144936	84472.663799	S	0.003280
01621875207908	84472.667079	W	0.013743
01621875471776	84472.680822	S	0.830506
01621891417496	84473.511328	W	0.118889
01621893700164	84473.630217	S	0.016038
01621894008092	84473.646255	W	0.072627
01621895402524	84473.718881	S	0.148903
01621898261464	84473.867785	W	0.084500
01621899883872	84473.952285	S	0.565560
01621910742632	84474.517845	W	0.015514
01621911040504	84474.533360	S	0.147486
01621913872228	84474.680845	W	0.014102
01621914142992	84474.694948	S	0.089284
01621915857236	84474.784231	W	0.085403
01621917496976	84474.869634	S	0.124521
01621919887776	84474.994155	W	0.083250
01621921486180	84475.077405	S	0.597293
01621932954208	84475.674698	W	0.013856
01621933220252	84475.688555	S	0.003065
01621933279100	84475.691620	W	0.021745
01621933696596	84475.713364	S	0.988794
01621952681440	84476.702158	W	0.021924
01621953102388	84476.724083	S	0.990534
01621972120632	84477.714616	W	0.021904
01621972541196	84477.736521	S	0.944055
01621990667056	84478.680576	W	0.085157
01621992302080	84478.765733	S	0.862170
01622008855752	84479.627904	W	0.015611
01622009155484	84479.643515	S	0.089656
01622010876884	84479.733171	W	0.013651
01622011138976	84479.746822	S	0.164093
01622014289564	84479.910915	W	0.235457
01622018810336	84480.146372	S	0.016058
01622019118656	84480.162430	W	0.072867
01622020517700	84480.235297	S	0.506689
01622030246124	84480.741986	W	0.021072
01622030650700	84480.763057	S	0.954696
01622048980868	84481.717754	W	0.013696
01622049243824	84481.731449	S	0.022010
01622049666416	84481.753459	W	0.013733
01622049930092	84481.767192	S	0.600206
01622061454056	84482.367399	W	0.013468
01622061712632	84482.380866	S	0.381936
01622069045812	84482.762803	W	0.022521
01622069478216	84482.785324	S	0.991329
01622088511740	84483.776653	W	0.013880
01622088778232	84483.790533	S	0.953753
01622107090288	84484.744286	W	0.013444
01622107348420	84484.757730	S	0.027577
01622107877900	84484.785307	W	0.014411
01622108154584	84484.799718	S	0.000897
01622108171800	84484.800615	W	0.014083
01622108442188	84484.814697	S	0.983599
01622127327280	84485.798296	W	0.013804
01622127592308	84485.812099	S	0.995757
01622146710848	84486.807857	W	0.020979
01622147113644	84486.828836	S	0.186716
01622150698600	84487.015552	W	0.013727
01622150962164	84487.029279	S	0.663310
01622163697708	84487.692589	W	0.016451
01622164013564	84487.709040	S	0.057986
01622165126892	84487.767026	W	0.013877
01622165393332	84487.780903	S	0.037463
01622166112616	84487.818365	W	0.013708
01622166375812	84487.832074	S	0.373254
01622173542288	84488.205328	W	0.016193
01622173853188	84488.221520	S	0.606318
01622185494496	84488.827838	W	0.021233
01622185902176	84488.849072	S	0.687031
01622199093168	84489.536103	W	0.019145
01622199460760	84489.555248	S	0.082588
01622201046456	84489.637836	W	0.023425
01622201496224	84489.661262	S	0.177796
01622204909900	84489.839057	W	0.019672
01622205287604	84489.858729	S	0.190472
01622208944664	84490.049201	W	0.013395
01622209201848	84490.062596	S	0.089220
01622210914864	84490.151816	W	0.016280
01622211227436	84490.168096	S	0.622859
01622223186320	84490.790954	W	0.013859
01622223452416	84490.804813	S	0.043745
01622224292320	84490.848558	W	0.021800
01622224710876	84490.870358	S	0.713061
01622238401656	84491.583420	W	0.013596
01622238662704	84491.597016	S	0.264288
01622243737032	84491.861304	W	0.013908
01622244004072	84491.875212	S	1.938077
01622281215160	84493.813290	W	0.013763
01622281479416	84493.827053	S	3.010741
01622339285644	84496.837794	W	0.013844
01622339551456	84496.851638	S	3.011725
01622397376580	84499.863364	W	0.013860
01622397642692	84499.877224	S	3.008985
01622455415212	84502.886209	W	0.013840
01622455680948	84502.900049	S	0.563001
01622466490568	84503.463050	W	0.013845
01622466756400	84503.476896	S	2.427938
01622513372816	84505.904834	W	0.014011
01622513641820	84505.918845	S	3.008771
01622571410224	84508.927616	W	0.014030
01622571679600	84508.941646	S	1.259614
01622595864188	84510.201260	W	0.036832
01622596571364	84510.238092	S	1.388970
01622623239588	84511.627062	W	0.015848
01622623543860	84511.642909	S	0.308661
01622629470152	84511.951570	W	0.013873
01622629736512	84511.965443	S	3.014720
01622687619136	84514.980163	W	0.013937
01622687886728	84514.994100	S	3.008644
01622745652684	84518.002744	W	0.011863
01622745880448	84518.014607	S	3.012954
01622803729168	84521.027561	W	0.013916
01622803996364	84521.041477	S	3.010534
01622861798616	84524.052011	W	0.013990
01622862067216	84524.066001	S	1.720026
01622895091724	84525.786027	W	0.013505
01622895351012	84525.799532	S	0.087934
01622897039348	84525.887466	W	0.015225
01622897331668	84525.902691	S	0.497419
01622906882112	84526.400110	W	0.015588
01622907181404	84526.415698	S	0.086606
01622908844244	84526.502304	W	0.013300
01622909099600	84526.515604	S	0.396593
01622916714176	84526.912197	W	0.012678
01622916957596	84526.924875	S	0.088097
01622918649056	84527.012972	W	0.013497
01622918908196	84527.026469	S	0.049166
01622919852184	84527.075635	W	0.014013
01622920121224	84527.089647	S	0.026939
01622920638452	84527.116586	W	0.013784
01622920903112	84527.130370	S	0.293154
01622926531668	84527.423524	W	0.013547
01622926791776	84527.437072	S	0.191630
01622930471080	84527.628702	W	0.018127
01622930819112	84527.646829	S	0.084062
01622932433104	84527.730891	W	0.013255
01622932687596	84527.744146	S	0.088932
01622934395096	84527.833078	W	0.013414
01622934652652	84527.846492	S	0.088822
01622936358028	84527.935314	W	0.013578
01622936618724	84527.948892	S	0.293675
01622942257276	84528.242566	W	0.012568
01622942498576	84528.255134	S	0.090005
01622944226668	84528.345139	W	0.013493
01622944485732	84528.358632	S	0.088857
01622946191784	84528.447489	W	0.013479
01622946450572	84528.460967	S	1.641870
01622977974472	84530.102837	W	0.013165
01622978227232	84530.116002	S	3.007544
01623035972080	84533.123546	W	0.013936
01623036239652	84533.137482	S	3.009110
01623094014564	84536.146592	W	0.013806
01623094279632	84536.160398	S	3.008177
01623152036624	84539.168574	W	0.021438
01623152448232	84539.190012	S	1.024388
01623172116472	84540.214400	W	0.037824
01623172842696	84540.252224	S	0.815283
01623188496132	84541.067507	W	0.015415
01623188792104	84541.082922	S	1.105954
01623210026420	84542.188876	W	0.013889
01623210293084	84542.202765	S	3.007363
01623268034460	84545.210128	W	0.013777
01623268298976	84545.223905	S	3.012463
01623326138268	84548.236368	W	0.013908
01623326405308	84548.250276	S	0.165064
01623329574540	84548.415341	W	0.013596
01623329835592	84548.428937	S	0.294083
01623335481984	84548.723020	W	0.012646
01623335724796	84548.735666	S	1.010855
01623355133208	84549.746521	W	0.013643
01623355395156	84549.760164	S	1.502643
01623384245896	84551.262807	W	0.013656
01623384508092	84551.276463	S	0.108557
01623386592388	84551.385020	W	0.013449
01623386850604	84551.398469	S	0.007282
01623386990420	84551.405751	W	0.013803
01623387255428	84551.419554	S	0.974829
01623405972144	84552.394383	W	0.147311
01623408800520	84552.541694	S	0.016034
01623409108380	84552.557728	W	0.074131
01623410531692	84552.631859	S	1.235120
01623434245992	84553.866979	W	0.015571
01623434544952	84553.882550	S	0.405338
01623442327448	84554.287888	W	0.014019
01623442596608	84554.301907	S	3.010007
01623500388752	84557.311914	W	0.023183
01623500833860	84557.335097	S	0.144131
01623503601184	84557.479228	W	0.235564
01623508124004	84557.714792	S	0.015709
01623508425616	84557.730501	W	0.057715
01623509533740	84557.788216	S	1.199365
01623532561540	84558.987580	W	0.015560
01623532860288	84559.003140	S	1.338535
01623558560164	84560.341675	W	0.014561
01623558839728	84560.356236	S	2.243155
01623601908300	84562.599391	W	0.121384
01623604238872	84562.720775	S	0.016033
01623604546696	84562.736807	W	0.069041
01623605872276	84562.805848	S	0.561050
01623616644428	84563.366897	W	0.013915
01623616911604	84563.380813	S	0.497479
01623626463208	84563.878292	W	0.013663
01623626725532	84563.891955	S	0.088345
01623628421764	84563.980300	W	0.013237
01623628675912	84563.993537	S	0.909466
01623646137660	84564.903003	W	0.013809
01623646402788	84564.916812	S	1.473843
01623674700580	84566.390655	W	0.013897
01623674967400	84566.404552	S	0.135530
01623677569584	84566.540082	W	0.013196
01623677822948	84566.553279	S	2.342020
01623722789728	84568.895298	W	0.013634
01623723051504	84568.908932	S	0.502267
01623732695024	84569.411199	W	0.022722
01623733131292	84569.433921	S	0.485413
01623742451228	84569.919335	W	0.013613
01623742712604	84569.932948	S	0.088772
01623744417020	84570.021720	W	0.013432
01623744674924	84570.035152	S	1.828953
01623779790816	84571.864105	W	0.012985
01623780040136	84571.877090	S	0.089255
01623781753824	84571.966345	W	0.012656
01623781996820	84571.979001	S	0.454804
01623790729060	84572.433805	W	0.013686
01623790991828	84572.447491	S	3.009953
01623848782924	84575.457444	W	0.013825
01623849048360	84575.471269	S	3.011301
01623906865344	84578.482570	W	0.013855
01623907131368	84578.496425	S	3.010150
01623964926252	84581.506576	W	0.013852
01623965192212	84581.520428	S	1.506918
01623994125044	84583.027346	W	0.016239
01623994436836	84583.043585	S	0.393210
01624001986476	84583.436796	W	0.015267
01624002279612	84583.452063	S	0.087348
01624003956696	84583.539411	W	0.020716
01624004354444	84583.560127	S	0.491284
01624013787092	84584.051411	W	0.019246
01624014156624	84584.070657	S	0.459550
01624022979984	84584.530208	W	0.013442
01624023238072	84584.543650	S	3.017494
01624081173960	84587.561144	W	0.013655
01624081436128	84587.574798	S	3.000829
01624139052040	84590.575627	W	0.022025
01624139474912	84590.597652	S	2.184108
01624181409776	84592.781759	W	0.034709
01624182076188	84592.816468	S	0.307377
01624187977832	84593.123845	W	0.015152
01624188268760	84593.138998	S	0.461676
01624197132940	84593.600674	W	0.014586
01624197412988	84593.615260	S	3.007013
01624255147632	84596.622272	W	0.023331
01624255595596	84596.645604	S	3.000805
01624313211056	84599.646409	W	0.022336
01624313639908	84599.668745	S	3.001245
01624371263808	84602.669990	W	0.014858
01624371549088	84602.684848	S	3.010531
01624429351288	84605.695380	W	0.013975
01624429619612	84605.709355	S	3.008834
01624487389224	84608.718189	W	0.013871
01624487655548	84608.732060	S	3.000659
01624545268200	84611.732719	W	0.013787
01624545532912	84611.746506	S	3.015450
01624603429560	84614.761956	W	0.013967
01624603697728	84614.775923	S	3.004182
01624661378028	84617.780106	W	0.021793
01624661796448	84617.801898	S	0.860053
01624678309464	84618.661951	W	0.013143
01624678561804	84618.675094	S	0.450400
01624687209492	84619.125494	W	0.028147
01624687749912	84619.153641	S	0.312720
01624693754140	84619.466361	W	0.015087
01624694043804	84619.481448	S	0.203245
01624697946100	84619.684693	W	0.013043
01624698196520	84619.697735	S	0.396738
01624705813884	84620.094473	W	0.012965
01624706062816	84620.107438	S	0.028255
01624706605320	84620.135694	W	0.028721
01624707156760	84620.164415	S	0.237820
01624711722912	84620.402235	W	0.012863
01624711969884	84620.415098	S	0.062371
01624713167400	84620.477469	W	0.015477
01624713464556	84620.492946	S	0.011005
01624713675856	84620.503951	W	0.012913
01624713923784	84620.516864	S	0.192026
01624717610684	84620.708890	W	0.013084
01624717861904	84620.721974	S	0.077634
01624719352468	84620.799608	W	0.024517
01624719823188	84620.824124	S	0.089563
01624721542796	84620.913687	W	0.013010
01624721792580	84620.926697	S	0.001408
01624721819612	84620.928105	W	0.106570
01624723865748	84621.034674	S	0.083540
01624725469716	84621.118214	W	0.082787
01624727059220	84621.201001	S	0.255226
01624731959560	84621.456227	W	0.015442
01624732256052	84621.471669	S	0.773362
01624747104608	84622.245032	W	0.013360
01624747361116	84622.258391	S	0.395922
01624754962816	84622.654313	W	0.013010
01624755212608	84622.667323	S	1.149456
01624777282164	84623.816779	W	0.022489
01624777713956	84623.839269	S	0.556104
01624788391152	84624.395373	W	0.013465
01624788649684	84624.408838	S	0.703132
01624802149824	84625.111970	W	0.013194
01624802403148	84625.125164	S	0.089245
01624804116660	84625.214409	W	0.013049
01624804367196	84625.227458	S	0.091150
01624806117272	84625.318608	W	0.029280
01624806679444	84625.347888	S	0.312562
01624812680640	84625.660450	W	0.015412
01624812976548	84625.675862	S	0.410366
01624820855568	84626.086227	W	0.280995
01624826250668	84626.367222	S	0.005106
01624826348696	84626.372328	W	0.060845
01624827516916	84626.433173	S	0.281150
01624832914988	84626.714322	W	0.015278
01624833208324	84626.729600	S	0.108872
01624835298672	84626.838473	W	0.014590
01624835578804	84626.853063	S	1.330984
01624861133696	84628.184047	W	0.013257
01624861388232	84628.197304	S	0.089105
01624863099044	84628.286409	W	0.013081
01624863350192	84628.299489	S	1.558722
01624893277652	84629.858211	W	0.014666
01624893559244	84629.872877	S	1.332836
01624919149692	84631.205713	W	0.119417
01624921442508	84631.325131	S	0.016372
01624921756856	84631.341503	W	0.060342
01624922915424	84631.401845	S	0.263712
01624927978700	84631.665557	W	0.012922
01624928226804	84631.678479	S	0.004739
01624928317788	84631.683218	W	0.015397
01624928613408	84631.698615	S	0.727189
01624942575436	84632.425804	W	0.028523
01624943123080	84632.454327	S	0.312477
01624949122632	84632.766804	W	0.015360
01624949417536	84632.782163	S	0.095703
01624951255036	84632.877866	W	0.015177
01624951546440	84632.893044	S	0.543341
01624961978580	84633.436384	W	0.029259
01624962540360	84633.465644	S	0.312492
01624968540208	84633.778136	W	0.015482
01624968837460	84633.793618	S	2.101646
01625009189072	84635.895264	W	0.023104
01625009632676	84635.918369	S	2.711387
01625061691316	84638.629756	W	0.029162
01625062251220	84638.658918	S	0.258534
01625067215072	84638.917452	W	0.014873
01625067500628	84638.932324	S	0.039188
01625068253044	84638.971513	W	0.015269
01625068546200	84638.986781	S	0.653721
01625081097652	84639.640503	W	0.041264
01625081889924	84639.681767	S	1.213084
01625105181140	84640.894851	W	0.015449
01625105477768	84640.910300	S	1.021902
01625125098292	84641.932203	W	0.013932
01625125365792	84641.946135	S	0.001532
01625125395200	84641.947667	W	0.013964
01625125663308	84641.961631	S	3.002229
01625183306096	84644.963859	W	0.013770
01625183570484	84644.977629	S	2.459379
01625230790564	84647.437009	W	0.013373
01625231047332	84647.450382	S	0.001558
01625231077236	84647.451939	W	0.013528
01625231336972	84647.465467	S	0.511737
01625241162320	84647.977204	W	0.013811
01625241427484	84647.991015	S	0.469287
01625250437796	84648.460302	W	0.013405
01625250695172	84648.473707	S	0.293671
01625256333648	84648.767378	W	0.013509
01625256593028	84648.780887	S	0.191313
01625260266236	84648.972200	W	0.013222
01625260520108	84648.985422	S	0.191999
01625264206492	84649.177421	W	0.016252
01625264518540	84649.193674	S	0.086122
01625266172080	84649.279796	W	0.014914
01625266458420	84649.294709	S	0.291624
01625272057600	84649.586333	W	0.019468
01625272431384	84649.605801	S	0.082349
01625274012492	84649.688151	W	0.017848
01625274355180	84649.705999	S	0.066268
01625275627524	84649.772267	W	0.036196
01625276322480	84649.808463	S	0.304907
01625282176696	84650.113370	W	0.015519
01625282474668	84650.128889	S	0.277120
01625287795380	84650.406009	W	0.019785
01625288175256	84650.425795	S	0.081497
01625289740000	84650.507292	W	0.012906
01625289987788	84650.520197	S	0.262974
01625295036888	84650.783171	W	0.049967
01625295996256	84650.833138	S	0.159350
01625299055780	84650.992489	W	0.014754
01625299339060	84651.007243	S	0.117824
01625301601272	84651.125066	W	0.015507
01625301899000	84651.140573	S	2.868204
01625356968524	84654.008777	W	0.014520
01625357247300	84654.023297	S	1.759265
01625391025184	84655.782562	W	0.029650
01625391594472	84655.812212	S	0.312362
01625397591824	84656.124574	W	0.015391
01625397887340	84656.139966	S	0.653763
01625410439588	84656.793729	W	0.029244
01625411001064	84656.822972	S	0.214668
01625415122680	84657.037640	W	0.014793
01625415406708	84657.052433	S	0.083252
01625417005148	84657.135685	W	0.015514
01625417303024	84657.151199	S	1.548044
01625447025472	84658.699243	W	0.013154
01625447278024	84658.712397	S	1.352422
01625473244528	84660.064819	W	0.014832
01625473529304	84660.079651	S	1.298996
01625498470020	84661.378647	W	0.035485
01625499151324	84661.414131	S	0.306687
01625505039708	84661.720818	W	0.015359
01625505334608	84661.736178	S	1.357748
01625531403360	84663.093925	W	0.014694
01625531685492	84663.108619	S	3.015725
01625589587404	84666.124344	W	0.014992
01625589875256	84666.139336	S	3.021585
01625647889680	84669.160921	W	0.014645
01625648170856	84669.175565	S	3.009856
01625705960100	84672.185422	W	0.014647
01625706241316	84672.200069	S	3.009434
01625764022456	84675.209503	W	0.014830
01625764307192	84675.224333	S	3.020562
01625822301976	84678.244895	W	0.023920
01625822761248	84678.268815	S	3.008865
01625880531452	84681.277680	W	0.014543
01625880810684	84681.292223	S	3.012976
01625938659828	84684.305199	W	0.014876
01625938945456	84684.320076	S	3.012827
01625996791736	84687.332903	W	0.022297
01625997219836	84687.355200	S	0.426365
01626005406040	84687.781565	W	0.014564
01626005685664	84687.796128	S	0.395734
01626013283752	84688.191862	W	1.794900
01626047745824	84689.986762	S	1.406464
01626074749932	84691.393226	W	0.035365
01626075428948	84691.428591	S	0.306872
01626081320892	84691.735463	W	0.015424
01626081617028	84691.750887	S	23.678546
01626536245108	84715.429433	W	0.013060
01626536495852	84715.442492	S	0.088957
01626538203824	84715.531449	W	0.013124
01626538455796	84715.544573	S	4.186402
01626618834720	84719.730975	W	0.016210
01626619145952	84719.747185	S	0.085305
01626620783816	84719.832490	W	0.016209
01626621095032	84719.848700	S	0.395165
01626628682200	84720.243865	W	0.017363
01626629015572	84720.261228	S	0.083341
01626630615716	84720.344569	W	0.020523
01626631009756	84720.365091	S	0.081112
01626632567112	84720.446204	W	0.012345
01626632804132	84720.458549	S	0.296087
01626638489008	84720.754636	W	0.016427
01626638804400	84720.771063	S	0.633614
01626650969788	84721.404676	W	0.033434
01626651611728	84721.438111	S	0.032208
01626652230120	84721.470319	W	0.012709
01626652474124	84721.483027	S	0.089573
01626654193932	84721.572601	W	0.012382
01626654431660	84721.584982	S	0.161301
01626657528648	84721.746284	W	0.015393
01626657824192	84721.761677	S	1.654245
01626689585700	84723.415922	W	0.012697
01626689829476	84723.428619	S	0.089600
01626691549800	84723.518219	W	0.012334
01626691786604	84723.530552	S	4.903180
01626785927664	84728.433732	W	0.012740
01626786172276	84728.446473	S	0.001127
01626786193916	84728.447600	W	0.014999
01626786481888	84728.462598	S	0.176295
01626789866760	84728.638894	W	0.012490
01626790106564	84728.651384	S	0.089453
01626791824056	84728.740836	W	0.012600
01626792065984	84728.753437	S	0.294576
01626797721852	84729.048013	W	0.012385
01626797959636	84729.060398	S	0.090857
01626799704100	84729.151255	W	0.012633
01626799946648	84729.163888	S	0.191505
01626803623548	84729.355393	W	0.012796
01626803869240	84729.368190	S	1.113326
01626825245096	84730.481515	W	0.012524
01626825485564	84730.494040	S	2.138123
01626866537516	84732.632162	W	0.012878
01626866784772	84732.645040	S	0.066117
01626868054212	84732.711157	W	0.041372
01626868848560	84732.752529	S	0.105280
01626870869936	84732.857809	W	0.014738
01626871152912	84732.872547	S	0.179706
01626874603276	84733.052254	W	0.015480
01626874900488	84733.067734	S	0.383411
01626882261988	84733.451145	W	0.012798
01626882507708	84733.463943	S	0.172351
01626885816840	84733.636294	W	0.022584
01626886250448	84733.658877	S	0.063132
01626887462576	84733.722009	W	0.156922
01626890475488	84733.878932	S	0.000371
01626890482616	84733.879303	W	0.059431
01626891623700	84733.938734	S	0.282398
01626897045736	84734.221132	W	0.015490
01626897343144	84734.236622	S	0.238680
01626901925800	84734.475302	W	0.013517
01626902185328	84734.488819	S	0.091213
01626903936624	84734.580033	W	0.013567
01626904197104	84734.593599	S	0.050295
01626905162764	84734.643894	W	0.014793
01626905446792	84734.658687	S	0.993658
01626924525024	84735.652345	W	0.014760
01626924808412	84735.667105	S	0.856011
01626941243828	84736.523116	W	0.012691
01626941487496	84736.535807	S	0.089873
01626943213064	84736.625680	W	0.012760
01626943458064	84736.638441	S	0.026533
01626943967492	84736.664974	W	0.014971
01626944254928	84736.679944	S	0.138912
01626946922036	84736.818856	W	0.014709
01626947204448	84736.833565	S	0.841244
01626963356336	84737.674809	W	0.014623
01626963637096	84737.689432	S	0.994682
01626982734988	84738.684114	W	0.014649
01626983016248	84738.698763	S	0.027802
01626983550052	84738.726565	W	0.029191
01626984110512	84738.755756	S	0.226656
01626988462308	84738.982412	W	0.234595
01626992966536	84739.217007	S	0.016920
01626993291400	84739.233927	W	0.073545
01626994703460	84739.307472	S	0.386823
01627002130452	84739.694294	W	0.013055
01627002381116	84739.707350	S	0.001509
01627002410080	84739.708858	W	0.015586
01627002709332	84739.724444	S	0.013112
01627002961080	84739.737556	W	0.029923
01627003535600	84739.767479	S	0.067660
01627004834668	84739.835139	W	0.014067
01627005104760	84739.849206	S	0.054181
01627006145032	84739.903387	W	0.013345
01627006401252	84739.916732	S	0.785496
01627021482784	84740.702228	W	0.021255
01627021890884	84740.723484	S	0.990452
01627040907564	84741.713936	W	0.013962
01627041175628	84741.727897	S	0.996296
01627060304504	84742.724193	W	0.013823
01627060569900	84742.738016	S	0.121090
01627062894828	84742.859106	W	0.013588
01627063155708	84742.872693	S	0.861069
01627079688232	84743.733762	W	0.013859
01627079954316	84743.747621	S	0.355692
01627086783604	84744.103313	W	0.127830
01627089237948	84744.231143	S	0.004954
01627089333056	84744.236097	W	0.089126
01627091044280	84744.325223	S	0.259502
01627096026716	84744.584725	W	0.015440
01627096323168	84744.600165	S	0.143899
01627099086036	84744.744064	W	0.013721
01627099349480	84744.757785	S	0.995899
01627118470732	84745.753684	W	0.022073
01627118894540	84745.775757	S	0.103752
01627120886576	84745.879509	W	0.022198
01627121312772	84745.901707	S	0.864519
01627137911532	84746.766226	W	0.013864
01627138177716	84746.780089	S	0.995702
01627157295200	84747.775792	W	0.014008
01627157564152	84747.789800	S	0.994958
01627176667340	84748.784757	W	0.014055
01627176937200	84748.798812	S	0.108471
01627179019836	84748.907283	W	0.013796
01627179284716	84748.921079	S	0.301858
01627185080396	84749.222937	W	0.013694
01627185343324	84749.236631	S	0.558033
01627196057552	84749.794664	W	0.021122
01627196463096	84749.815786	S	0.991601
01627215501844	84750.807388	W	0.013847
01627215767712	84750.821235	S	0.996744
01627234905188	84751.817979	W	0.013826
01627235170656	84751.831805	S	0.100036
01627237091348	84751.931841	W	0.013961
01627237359396	84751.945802	S	0.883000
01627254312988	84752.828801	W	0.013801
01627254577976	84752.842603	S	0.995590
01627273693308	84753.838193	W	0.021824
01627274112324	84753.860017	S	1.095170
01627295139592	84754.955187	W	0.012214
01627295374100	84754.967401	S	3.011169
01627353188540	84757.978570	W	0.023037
01627353630860	84758.001607	S	3.001338
01627411256548	84761.002945	W	0.013810
01627411521692	84761.016755	S	3.006918
01627469254512	84764.023672	W	0.014071
01627469524672	84764.037743	S	3.010638
01627527328928	84767.048382	W	0.022119
01627527753620	84767.070501	S	2.221916
01627570414412	84769.292417	W	0.013459
01627570672820	84769.305876	S	0.191197
01627574343804	84769.497073	W	0.013337
01627574599868	84769.510410	S	0.293880
01627580242368	84769.804290	W	0.013439
01627580500388	84769.817729	S	0.191493
01627584177052	84770.009221	W	0.013465
01627584435580	84770.022686	S	0.049610
01627585388092	84770.072296	W	0.013732
01627585651752	84770.086029	S	0.733742
01627599739596	84770.819771	W	0.088464
01627601438108	84770.908235	S	0.001624
01627601469280	84770.909858	W	0.015808
01627601772788	84770.925666	S	0.107176
01627603830568	84771.032842	W	0.086729
01627605495760	84771.119571	S	0.346507
01627612148692	84771.466078	W	0.015505
01627612446380	84771.481582	S	1.600081
01627643167928	84773.081663	W	0.022965
01627643608864	84773.104628	S	0.693426
01627656922636	84773.798054	W	0.013583
01627657183436	84773.811637	S	2.035665
01627696268204	84775.847302	W	0.085762
01627697914836	84775.933064	S	0.178555
01627701343096	84776.111620	W	0.013756
01627701607212	84776.125376	S	0.027443
01627702134108	84776.152818	W	0.084353
01627703753688	84776.237171	S	0.348970
01627710453908	84776.586141	W	0.015562
01627710752708	84776.601704	S	2.532039
01627759367848	84779.133742	W	0.013398
01627759625088	84779.147140	S	2.843312
01627814216684	84781.990452	W	0.013594
01627814477684	84782.004046	S	0.152403
01627817403824	84782.156449	W	0.013676
01627817666408	84782.170125	S	2.891740
01627873187824	84785.061866	W	0.013669
01627873450264	84785.075535	S	0.101810
01627875405008	84785.177344	W	0.013671
01627875667496	84785.191015	S	0.690051
01627888916468	84785.881066	W	0.013680
01627889179124	84785.894746	S	0.600837
01627900715200	84786.495583	W	0.023043
01627901157624	84786.518626	S	1.680582
01627933424804	84788.199209	W	0.013886
01627933691408	84788.213094	S	3.009648
01627991476644	84791.222742	W	0.013956
01627991744608	84791.236698	S	1.198170
01628014749480	84792.434869	W	0.023512
01628015200912	84792.458381	S	0.387162
01628022634420	84792.845543	W	0.013461
01628022892880	84792.859004	S	0.020854
01628023293276	84792.879858	W	0.013707
01628023556460	84792.893566	S	0.054067
01628024594540	84792.947632	W	0.018215
01628024944268	84792.965847	S	0.083422
01628026545976	84793.049270	W	0.013281
01628026800972	84793.062551	S	0.294313
01628032451780	84793.356864	W	0.017851
01628032794528	84793.374715	S	0.084836
01628034423380	84793.459551	W	0.019187
01628034791768	84793.478738	S	0.082538
01628036376500	84793.561276	W	0.013414
01628036634056	84793.574690	S	0.294865
01628042295464	84793.869555	W	0.085770
01628043942240	84793.955325	S	0.117556
01628046199320	84794.072881	W	0.083286
01628047798416	84794.156167	S	0.088591
01628049499360	84794.244758	W	0.013780
01628049763928	84794.258538	S	0.247567
01628054517216	84794.506105	W	0.015514
01628054815092	84794.521619	S	2.743724
01628107494592	84797.265343	W	0.013823
01628107759992	84797.279166	S	1.607618
01628138626264	84798.886785	W	0.235447
01628143146852	84799.122232	S	0.015914
01628143452396	84799.138146	W	0.281984
01628148866496	84799.420130	S	0.015907
01628149171908	84799.436037	W	0.082749
01628150760696	84799.518786	S	0.768688
01628165519512	84800.287475	W	0.013904
01628165786476	84800.301379	S	3.009760
01628223573868	84803.311139	W	0.013944
01628223841588	84803.325083	S	0.782976
01628238874720	84804.108058	W	0.085009
01628240506896	84804.193068	S	0.070429
01628241859136	84804.263497	W	0.086059
01628243511472	84804.349556	S	0.396650
01628251127152	84804.746206	W	0.015533
01628251425392	84804.761739	S	1.570146
01628281572188	84806.331885	W	0.013591
01628281833140	84806.345476	S	3.010839
01628339641252	84809.356315	W	0.013888
01628339907900	84809.370203	S	1.292768
01628364729052	84810.662971	W	0.013944
01628364996780	84810.676916	S	1.700337
01628397643244	84812.377252	W	0.013152
01628397895764	84812.390404	S	3.005064
01628455592988	84815.395468	W	0.013947
01628455860780	84815.409416	S	3.008643
01628513626728	84818.418059	W	0.013848
01628513892612	84818.431907	S	1.957981
01628551485844	84820.389888	W	0.013416
01628551743436	84820.403304	S	0.601027
01628563283160	84821.004331	W	0.013659
01628563545416	84821.017990	S	0.422463
01628571656708	84821.440454	W	0.013729
01628571920312	84821.454183	S	0.471710
01628580977136	84821.925893	W	0.013448
01628581235344	84821.939341	S	2.522432
01628629666040	84824.461773	W	0.013846
01628629931884	84824.475619	S	3.006923
01628687664808	84827.482542	W	0.014067
01628687934900	84827.496609	S	3.007679
01628745682328	84830.504288	W	0.013833
01628745947924	84830.518121	S	3.010308
01628803745840	84833.528429	W	0.013805
01628804010896	84833.542234	S	0.783784
01628819059540	84834.326018	W	0.111189
01628821194368	84834.437207	S	0.083604
01628822799564	84834.520811	W	0.242450
01628827454612	84834.763261	S	0.016196
01628827765584	84834.779458	W	0.116890
01628830009868	84834.896347	S	0.015793
01628830313088	84834.912140	W	0.190273
01628833966332	84835.102413	S	0.032806
01628834596204	84835.135219	W	0.085151
01628836231104	84835.220370	S	0.015926
01628836536892	84835.236296	W	0.148427
01628839386684	84835.384723	S	0.016341
01628839700432	84835.401064	W	0.062159
01628840893892	84835.463224	S	1.087474
01628861773400	84836.550698	W	0.021250
01628862181404	84836.571948	S	2.762048
01628915212720	84839.333996	W	0.235591
01628919736064	84839.569587	S	0.002816
01628919790124	84839.572402	W	0.095347
01628921620792	84839.667750	S	0.280336
01628927003252	84839.948086	W	0.085622
01628928647192	84840.033708	S	0.562298
01628939443312	84840.596006	W	0.015663
01628939744040	84840.611669	S	1.978829
01628977737552	84842.590498	W	0.013784
01628978002196	84842.604281	S	1.030416
01628997786192	84843.634698	W	0.013550
01628998046348	84843.648247	S	0.703679
01629011556984	84844.351926	W	0.012774
01629011802240	84844.364700	S	0.703697
01629025313220	84845.068397	W	0.013567
01629025573716	84845.081964	S	0.529060
01629035731664	84845.611024	W	0.013486
01629035990588	84845.624510	S	3.011222
01629093806048	84848.635732	W	0.014284
01629094080292	84848.650015	S	3.009588
01629151864388	84851.659604	W	0.013844
01629152130184	84851.673447	S	1.484743
01629180637248	84853.158190	W	0.013703
01629180900344	84853.171893	S	0.001556
01629180930224	84853.173449	W	0.013543
01629181190252	84853.186992	S	0.380518
01629188496200	84853.567510	W	0.013462
01629188754664	84853.580972	S	0.398638
01629196408508	84853.979610	W	0.085306
01629198046384	84854.064916	S	0.116780
01629200288552	84854.181695	W	0.083649
01629201894620	84854.265345	S	0.019168
01629202262648	84854.284513	W	0.013367
01629202519288	84854.297880	S	0.368092
01629209586656	84854.665972	W	0.024255
01629210052352	84854.690227	S	0.413295
01629217987620	84855.103522	W	0.013485
01629218246532	84855.117007	S	2.239482
01629261244584	84857.356489	W	0.013395
01629261501772	84857.369884	S	0.324961
01629267741020	84857.694845	W	0.013904
01629268007984	84857.708749	S	0.364629
01629275008852	84858.073378	W	0.013466
01629275267400	84858.086844	S	0.960485
01629293708708	84859.047329	W	0.235284
01629298226152	84859.282612	S	0.015993
01629298533216	84859.298605	W	0.058685
01629299659972	84859.357290	S	0.428655
01629307890140	84859.785945	W	0.015516
01629308188052	84859.801461	S	0.914344
01629325743460	84860.715805	W	0.014301
01629326018044	84860.730106	S	3.008856
01629383788076	84863.738962	W	0.013794
01629384052920	84863.752756	S	0.464130
01629392964212	84864.216886	W	0.085236
01629394600736	84864.302122	S	0.603797
01629406193648	84864.905919	W	0.015492
01629406491092	84864.921411	S	1.037541
01629426411872	84865.958952	W	0.015786
01629426714964	84865.974738	S	0.085811
01629428362536	84866.060549	W	0.013983
01629428631000	84866.074531	S	0.088680
01629430333648	84866.163211	W	0.012671
01629430576936	84866.175882	S	0.191921
01629434261820	84866.367803	W	0.013602
01629434522972	84866.381405	S	0.192458
01629438218168	84866.573863	W	0.027022
01629438736992	84866.600885	S	0.160854
01629441825380	84866.761739	W	0.014041
01629442094972	84866.775780	S	0.615810
01629453918516	84867.391589	W	0.012595
01629454160340	84867.404184	S	0.089162
01629455872244	84867.493346	W	0.016780
01629456194424	84867.510126	S	0.496534
01629465727868	84868.006660	W	0.016154
01629466038028	84868.022814	S	1.264012
01629490307052	84869.286826	W	0.085770
01629491953832	84869.372595	S	0.407667
01629499781036	84869.780262	W	0.013903
01629500047976	84869.794165	S	2.308881
01629544378484	84872.103046	W	0.013839
01629544644200	84872.116885	S	0.684962
01629557795472	84872.801847	W	0.014209
01629558068284	84872.816056	S	3.008487
01629615831228	84875.824543	W	0.013983
01629616099704	84875.838526	S	3.011191
01629673914576	84878.849717	W	0.022960
01629674355408	84878.872677	S	1.523667
01629703609820	84880.396345	W	0.013412
01629703867328	84880.409757	S	0.805839
01629719339432	84881.215595	W	0.013526
01629719599132	84881.229121	S	0.600794
01629731134376	84881.829915	W	0.013429
01629731392204	84881.843344	S	0.037153
01629732105536	84881.880497	W	0.013971
01629732373780	84881.894468	S	3.008581
01629790138532	84884.903049	W	0.013851
01629790404472	84884.916900	S	3.010854
01629848212864	84887.927753	W	0.013245
01629848467172	84887.940999	S	2.081108
01629888424440	84890.022106	W	0.013525
01629888684112	84890.035631	S	0.293577
01629894320800	84890.329208	W	0.013473
01629894579476	84890.342681	S	0.293683
01629900218192	84890.636364	W	0.013513
01629900477636	84890.649877	S	0.191436
01629904153200	84890.841312	W	0.013149
01629904405652	84890.854461	S	0.096590
01629906260180	84890.951051	W	0.013623
01629906521736	84890.964674	S	3.008600
01629964286860	84893.973274	W	0.013931
01629964554328	84893.987205	S	1.154940
01629986729180	84895.142145	W	0.013596
01629986990220	84895.155741	S	0.088791
01629988695016	84895.244532	W	0.013222
01629988948880	84895.257754	S	1.735907
01630022278304	84896.993662	W	0.013723
01630022541788	84897.007385	S	2.342050
01630067509144	84899.349435	W	0.036283
01630068205776	84899.385718	S	0.628285
01630080268848	84900.014003	W	0.013932
01630080536348	84900.027935	S	3.003350
01630138200668	84903.031285	W	0.014020
01630138469860	84903.045305	S	0.595943
01630149911972	84903.641249	W	0.013220
01630150165792	84903.654468	S	0.397335
01630157794628	84904.051804	W	0.025294
01630158280276	84904.077098	S	0.076279
01630159744824	84904.153376	W	0.015128
01630160035284	84904.168504	S	0.497246
01630169582404	84904.665750	W	0.019891
01630169964308	84904.685641	S	1.367362
01630196217656	84906.053003	W	0.021823
01630196636664	84906.074826	S	0.945723
01630214794548	84907.020549	W	0.013602
01630215055704	84907.034151	S	2.038784
01630254200348	84909.072935	W	0.013826
01630254465808	84909.086761	S	3.001825
01630312100848	84912.088586	W	0.021080
01630312505584	84912.109666	S	0.132395
01630315047568	84912.242061	W	0.011667
01630315271576	84912.253728	S	2.858546
01630370155652	84915.112274	W	0.013847
01630370421520	84915.126121	S	3.010055
01630428214572	84918.136176	W	0.014058
01630428484492	84918.150234	S	3.007486
01630486228228	84921.157720	W	0.013302
01630486483624	84921.171022	S	3.005705
01630544193164	84924.176727	W	0.013989
01630544461756	84924.190716	S	3.006268
01630602182108	84927.196985	W	0.014025
01630602451380	84927.211009	S	2.151375
01630643757780	84929.362384	W	0.036515
01630644458860	84929.398899	S	0.796369
01630659749148	84930.195268	W	0.015468
01630660046140	84930.210736	S	0.009649
01630660231404	84930.220386	W	0.014566
01630660511080	84930.234952	S	3.009280
01630718289248	84933.244232	W	0.013884
01630718555812	84933.258115	S	0.284918
01630724026232	84933.543033	W	0.013871
01630724292548	84933.556904	S	2.712999
01630776382120	84936.269902	W	0.013871
01630776648452	84936.283774	S	3.004727
01630834339212	84939.288501	W	0.013696
01630834602176	84939.302197	S	0.691262
01630847874400	84939.993458	W	0.022468
01630848305776	84940.015926	S	1.001339
01630867531492	84941.017265	W	0.013591
01630867792444	84941.030856	S	1.011087
01630887205316	84942.041944	W	0.013141
01630887457632	84942.055085	S	0.253990
01630892334232	84942.309075	W	0.013750
01630892598228	84942.322824	S	0.231220
01630897037652	84942.554044	W	0.015945
01630897343796	84942.569989	S	0.496048
01630906867920	84943.066038	W	0.016078
01630907176612	84943.082115	S	2.246696
01630950313176	84945.328811	W	0.013898
01630950580012	84945.342709	S	0.486990
01630959930216	84945.829699	W	0.172078
01630963234116	84946.001777	S	0.032807
01630963864012	84946.034584	W	0.082992
01630965457452	84946.117576	S	0.707945
01630979049996	84946.825521	W	0.015544
01630979348448	84946.841065	S	0.310376
01630985307664	84947.151441	W	0.130510
01630987813460	84947.281951	S	0.011021
01630988025064	84947.292972	W	0.061761
01630989210876	84947.354733	S	0.750521
01631003620880	84948.105254	W	0.015576
01631003919932	84948.120830	S	0.228095
01631008299348	84948.348924	W	0.013105
01631008550972	84948.362030	S	2.589279
01631058265132	84950.951309	W	0.119509
01631060559700	84951.070818	S	0.010934
01631060769636	84951.081752	W	0.061705
01631061954372	84951.143457	S	0.219076
01631066160624	84951.362533	W	0.013920
01631066427884	84951.376452	S	0.568834
01631077349492	84951.945286	W	0.015460
01631077646316	84951.960746	S	0.270150
01631082833204	84952.230896	W	0.235404
01631087352968	84952.466300	S	0.015909
01631087658412	84952.482209	W	0.058288
01631088777548	84952.540497	S	0.694879
01631102119228	84953.235376	W	0.015593
01631102418620	84953.250970	S	1.132355
01631124159828	84954.383324	W	0.013779
01631124424392	84954.397104	S	1.775073
01631158505800	84956.172177	W	0.084884
01631160135568	84956.257061	S	0.017934
01631160479892	84956.274994	W	0.022039
01631160903040	84956.297033	S	0.768362
01631175655584	84957.065395	W	0.015592
01631175954948	84957.080987	S	0.314045
01631181984608	84957.395032	W	0.013962
01631182252688	84957.408994	S	2.757855
01631235203496	84960.166849	W	0.018400
01631235556784	84960.185249	S	0.084124
01631237171960	84960.269373	W	0.023561
01631237624336	84960.292934	S	0.121166
01631239950720	84960.414100	W	0.013766
01631240215024	84960.427866	S	0.250996
01631245034148	84960.678862	W	0.013537
01631245294068	84960.692399	S	0.088014
01631246983940	84960.780414	W	0.018011
01631247329752	84960.798425	S	2.630111
01631297827888	84963.428536	W	0.013220
01631298081708	84963.441756	S	3.005552
01631355788316	84966.447308	W	0.013884
01631356054888	84966.461192	S	0.976810
01631374809640	84967.438002	W	0.014814
01631375094072	84967.452816	S	0.086303
01631376751096	84967.539120	W	0.013349
01631377007404	84967.552469	S	1.916120
01631413796904	84969.468589	W	0.014311
01631414071676	84969.482900	S	3.008973
01631471843952	84972.491873	W	0.013775
01631472108428	84972.505647	S	3.008000
01631529862036	84975.513648	W	0.013988
01631530130604	84975.527636	S	2.660742
01631581216848	84978.188378	W	0.013577
01631581477536	84978.201955	S	0.335206
01631587913488	84978.537161	W	0.013866
01631588179708	84978.551026	S	0.661441
01631600879372	84979.212467	W	0.013396
01631601136576	84979.225863	S	1.010587
01631620539852	84980.236451	W	0.013399
01631620797112	84980.249850	S	1.312164
01631645990664	84981.562014	W	0.013969
01631646258864	84981.575982	S	3.008975
01631704031180	84984.584957	W	0.013906
01631704298176	84984.598863	S	1.635072
01631735691560	84986.233935	W	0.062349
01631736888652	84986.296284	S	1.304250
01631761930256	84987.600534	W	0.013889
01631762196924	84987.614423	S	3.005368
01631819899984	84990.619791	W	0.013921
01631820167276	84990.633712	S	3.003492
01631877834320	84993.637204	W	0.013802
01631878099324	84993.651006	S	1.332102
01631903675676	84994.983108	W	0.013844
01631903941476	84994.996952	S	1.657294
01631935761516	84996.654246	W	0.014098
01631936032192	84996.668343	S	3.003660
01631993702468	84999.672004	W	0.014010
01631993971464	84999.686014	S	0.518450
01632003925696	85000.204463	W	0.013424
01632004183444	85000.217888	S	2.469436
01632051596620	85002.687324	W	0.013997
01632051865364	85002.701321	S	3.003771
01632109537776	85005.705092	W	0.013191
01632109791048	85005.718284	S	3.002539
01632167439788	85008.720822	W	0.013766
01632167704088	85008.734588	S	2.118707
01632208383268	85010.853295	W	0.012747
01632208628008	85010.866042	S	0.295113
01632214294172	85011.161155	W	0.013501
01632214553384	85011.174655	S	0.191415
01632218228548	85011.366070	W	0.013317
01632218484228	85011.379387	S	0.294232
01632224133480	85011.673619	W	0.013938
01632224401092	85011.687557	S	0.055110
01632225459208	85011.742667	W	0.014012
01632225728244	85011.756679	S	3.010697
01632283533632	85014.767377	W	0.013864
01632283799812	85014.781240	S	0.375325
01632291006060	85015.156566	W	0.013565
01632291266504	85015.170130	S	1.076905
01632311943084	85016.247036	W	0.052171
01632312944768	85016.299207	S	0.290042
01632318513572	85016.589249	W	0.016017
01632318821100	85016.605266	S	0.495973
01632328343780	85017.101239	W	0.013520
01632328603364	85017.114759	S	0.089615
01632330323964	85017.204373	W	0.012704
01632330567880	85017.217077	S	0.573606
01632341581108	85017.790683	W	0.013967
01632341849268	85017.804649	S	0.730046
01632355866144	85018.534695	W	0.013409
01632356123588	85018.548104	S	0.088535
01632357823452	85018.636638	W	0.013262
01632358078076	85018.649900	S	1.624976
01632389277616	85020.274876	W	0.013580
01632389538348	85020.288456	S	0.525608
01632399630012	85020.814063	W	0.013818
01632399895312	85020.827881	S	2.723975
01632452195632	85023.551856	W	0.012672
01632452438940	85023.564528	S	0.272110
01632457663460	85023.836639	W	0.013986
01632457931984	85023.850624	S	0.725040
01632471852744	85024.575664	W	0.013630
01632472114440	85024.589294	S	0.088791
01632473819224	85024.678085	W	0.013349
01632474075528	85024.691434	S	1.625610
01632505287232	85026.317043	W	0.019934
01632505669956	85026.336977	S	0.184267
01632509207876	85026.521244	W	0.013417
01632509465476	85026.534660	S	0.088990
01632511174088	85026.623650	W	0.013361
01632511430612	85026.637011	S	0.192279
01632515122372	85026.829290	W	0.020002
01632515506404	85026.849292	S	0.016575
01632515824648	85026.865867	W	0.013962
01632516092728	85026.879830	S	3.009770
01632573880304	85029.889599	W	0.013820
01632574145648	85029.903419	S	1.021188
01632593752456	85030.924607	W	0.013405
01632594009840	85030.938013	S	0.005442
01632594114332	85030.943455	W	0.013657
01632594376548	85030.957112	S	0.174048
01632597718272	85031.131160	W	0.013571
01632597978844	85031.144731	S	0.161225
01632601074356	85031.305956	W	0.194997
01632604818292	85031.500953	S	0.038093
01632605549668	85031.539045	W	0.013459
01632605808076	85031.552504	S	0.089495
01632607526380	85031.641999	W	0.013319
01632607782108	85031.655318	S	0.088439
01632609480144	85031.743757	W	0.013340
01632609736280	85031.757098	S	0.089523
01632611455120	85031.846621	W	0.013389
01632611712188	85031.860010	S	1.054652
01632631961504	85032.914662	W	0.021431
01632632372980	85032.936093	S	0.036943
01632633082284	85032.973036	W	0.013023
01632633332324	85032.986059	S	2.137825
01632674378572	85035.123884	W	0.012700
01632674622404	85035.136584	S	0.803750
01632690054400	85035.940333	W	0.012232
01632690289260	85035.952566	S	0.502649
01632699940128	85036.455215	W	0.235261
01632704457144	85036.690476	S	0.016056
01632704765416	85036.706532	W	0.073089
01632706168732	85036.779621	S	0.186450
01632709748572	85036.966071	W	0.013395
01632710005764	85036.979467	S	0.089007
01632711714700	85037.068474	W	0.013390
01632711971796	85037.081864	S	1.876267
01632747996128	85038.958132	W	0.013156
01632748248728	85038.971288	S	0.042800
01632749070496	85039.014088	W	0.013040
01632749320868	85039.027129	S	0.089364
01632751036664	85039.116493	W	0.023584
01632751489476	85039.140077	S	1.102952
01632772666148	85040.243029	W	0.012928
01632772914360	85040.255956	S	1.318885
01632798236944	85041.574841	W	0.120017
01632800541272	85041.694858	S	0.009532
01632800724292	85041.704390	W	0.061939
01632801913516	85041.766329	S	0.207219
01632805892116	85041.973548	W	0.013855
01632806158140	85041.987403	S	0.847433
01632822428856	85042.834836	W	0.015739
01632822731044	85042.850575	S	2.141139
01632863840920	85044.991715	W	0.013991
01632864109548	85045.005706	S	3.001017
01632921729076	85048.006723	W	0.014211
01632922001932	85048.020934	S	2.462054
01632969273372	85050.482988	W	0.012541
01632969514156	85050.495529	S	0.529184
01632979674488	85051.024713	W	0.013744
01632979938380	85051.038457	S	0.468504
01632988933652	85051.506961	W	0.013274
01632989188516	85051.520235	S	1.010647
01633008592932	85052.530882	W	0.013537
01633008852844	85052.544419	S	0.191697
01633012533432	85052.736116	W	0.016305
01633012846488	85052.752421	S	0.086337
01633014504156	85052.838758	W	0.013378
01633014761020	85052.852136	S	0.396610
01633022375940	85053.248747	W	0.016293
01633022688772	85053.265040	S	0.597068
01633034152476	85053.862108	W	0.013618
01633034413940	85053.875726	S	0.164682
01633037575828	85054.040408	W	0.013831
01633037841384	85054.054239	S	2.265190
01633081333032	85056.319429	W	0.090978
01633083079800	85056.410406	S	0.012125
01633083312596	85056.422531	W	0.013730
01633083576204	85056.436261	S	0.087964
01633085265108	85056.524224	W	0.083093
01633086860492	85056.607317	S	0.224484
01633091170588	85056.831801	W	0.012639
01633091413248	85056.844440	S	0.070203
01633092761136	85056.914643	W	0.015894
01633093066300	85056.930536	S	0.134624
01633095651084	85057.065161	W	0.014084
01633095921504	85057.079245	S	3.009118
01633153696576	85060.088363	W	0.014327
01633153971664	85060.102691	S	1.234258
01633177669424	85061.336949	W	0.084537
01633179292540	85061.421486	S	0.613298
01633191067864	85062.034785	W	0.015984
01633191374760	85062.050769	S	1.063134
01633211786932	85063.113903	W	0.020818
01633212186636	85063.134721	S	3.003288
01633269849768	85066.138009	W	0.013740
01633270113572	85066.151749	S	3.008021
01633327867580	85069.159770	W	0.013588
01633328128472	85069.173358	S	1.994741
01633366427504	85071.168099	W	0.013442
01633366685584	85071.181541	S	0.998173
01633385850508	85072.179714	W	0.022354
01633386279708	85072.202068	S	1.013597
01633405740772	85073.215665	W	0.013350
01633405997084	85073.229015	S	1.972830
01633443875412	85075.201844	W	0.021128
01633444281060	85075.222972	S	3.005337
01633501983536	85078.228309	W	0.021661
01633502399424	85078.249970	S	2.998327
01633559967304	85081.248297	W	0.014281
01633560241496	85081.262578	S	3.004519
01633617928252	85084.267096	W	0.013881
01633618194772	85084.280978	S	0.813356
01633633811208	85085.094334	W	0.013487
01633634070164	85085.107821	S	0.907908
01633651502000	85086.015729	W	0.013534
01633651761848	85086.029263	S	1.255756
01633675872372	85087.285019	W	0.014016
01633676141476	85087.299035	S	3.006130
01633733859180	85090.305166	W	0.013036
01633734109480	85090.318202	S	1.080774
01633754860348	85091.398976	W	0.062344
01633756057348	85091.461320	S	1.292676
01633780876736	85092.753997	W	0.015935
01633781182696	85092.769932	S	0.548664
01633791717052	85093.318596	W	0.014141
01633791988560	85093.332737	S	3.004905
01633849682728	85096.337642	W	0.013997
01633849951480	85096.351640	S	1.132841
01633871702032	85097.484481	W	0.019543
01633872077264	85097.504024	S	0.083087
01633873672532	85097.587111	W	0.013292
01633873927736	85097.600403	S	0.397183
01633881553656	85097.997586	W	0.013449
01633881811880	85098.011035	S	0.089139
01633883523344	85098.100174	W	0.016379
01633883837816	85098.116553	S	0.084967
01633885469176	85098.201520	W	0.013266
01633885723884	85098.214786	S	1.138105
01633907575504	85099.352891	W	0.013769
01633907839876	85099.366660	S	3.008936
01633965611448	85102.375596	W	0.014011
01633965880468	85102.389608	S	2.672664
01634017195612	85105.062271	W	0.013683
01634017458324	85105.075954	S	0.001559
01634017488248	85105.077513	W	0.013441
01634017746312	85105.090954	S	0.299336
01634023493564	85105.390290	W	0.013855
01634023759576	85105.404145	S	0.026946
01634024276948	85105.431091	W	0.175903
01634027654292	85105.606994	S	0.015985
01634027961208	85105.622980	W	0.071863
01634029340984	85105.694843	S	0.565158
01634040192024	85106.260001	W	0.015322
01634040486208	85106.275323	S	2.139652
01634081567524	85108.414975	W	0.013940
01634081835168	85108.428915	S	2.010344
01634120433764	85110.439259	W	0.234762
01634124941192	85110.674020	S	0.015831
01634125245140	85110.689851	W	0.058931
01634126376608	85110.748782	S	0.042235
01634127187520	85110.791017	W	0.093495
01634128982624	85110.884512	S	0.424887
01634137140452	85111.309399	W	0.016086
01634137449304	85111.325485	S	0.106139
01634139487168	85111.431623	W	0.013769
01634139751536	85111.445392	S	3.009509
01634197534116	85114.454902	W	0.013239
01634197788304	85114.468141	S	1.140938
01634219694308	85115.609079	W	0.084645
01634221319484	85115.693723	S	0.120752
01634223637920	85115.814475	W	0.085970
01634225288536	85115.900445	S	1.164035
01634247638000	85117.064479	W	0.015569
01634247936932	85117.080049	S	0.399025
01634255598208	85117.479073	W	0.013835
01634255863844	85117.492909	S	0.370028
01634262968388	85117.862937	W	0.013955
01634263236332	85117.876892	S	2.545210
01634312104372	85120.422103	W	0.014054
01634312374212	85120.436157	S	0.060056
01634313527284	85120.496213	W	0.022644
01634313962044	85120.518856	S	0.258580
01634318926772	85120.777436	W	0.013646
01634319188772	85120.791082	S	2.721771
01634371446780	85123.512853	W	0.014669
01634371728432	85123.527522	S	3.017809
01634429670360	85126.545331	W	0.013514
01634429929832	85126.558845	S	3.002876
01634487585056	85129.561722	W	0.014538
01634487864192	85129.576260	S	1.295560
01634512738944	85130.871820	W	0.122501
01634515090968	85130.994321	S	0.218889
01634519293640	85131.213210	W	0.015131
01634519584152	85131.228341	S	0.457156
01634528361544	85131.685497	W	0.013415
01634528619104	85131.698912	S	0.191208
01634532290296	85131.890120	W	0.013137
01634532542532	85131.903257	S	0.293880
01634538185024	85132.197137	W	0.013266
01634538439732	85132.210403	S	0.294309
01634544090468	85132.504712	W	0.013517
01634544349988	85132.518229	S	0.061997
01634545540332	85132.580226	W	0.014435
01634545817488	85132.594661	S	3.001023
01634603437128	85135.595684	W	0.014622
01634603717864	85135.610305	S	0.574241
01634614743284	85136.184546	W	0.014596
01634615023536	85136.199143	S	2.428387
01634661648572	85138.627530	W	0.014552
01634661927980	85138.642082	S	2.999638
01634719521032	85141.641720	W	0.014540
01634719800204	85141.656261	S	3.005711
01634777509860	85144.661972	W	0.013988
01634777778436	85144.675960	S	1.203350
01634800882748	85145.879310	W	0.057992
01634801996196	85145.937302	S	0.566657
01634812876004	85146.503959	W	0.015404
01634813171764	85146.519363	S	1.162093
01634835483952	85147.681456	W	0.014049
01634835753700	85147.695505	S	3.011457
01634893573672	85150.706962	W	0.014116
01634893844692	85150.721078	S	3.010498
01634951646244	85153.731575	W	0.021531
01634952059644	85153.753106	S	3.004915
01635009754008	85156.758021	W	0.022169
01635010179644	85156.780190	S	3.003414
01635067845200	85159.783604	W	0.013834
01635068110816	85159.797438	S	3.000969
01635125729412	85162.798407	W	0.014551
01635126008784	85162.812958	S	1.437014
01635153599460	85164.249972	W	0.014390
01635153875744	85164.264362	S	1.009191
01635173252220	85165.273553	W	0.014386
01635173528432	85165.287939	S	0.534782
01635183796240	85165.822721	W	0.021862
01635184215984	85165.844582	S	0.452935
01635192912328	85166.297517	W	0.014257
01635193186060	85166.311774	S	0.497334
01635202734876	85166.809108	W	0.120201
01635205042744	85166.929310	S	0.009455
01635205224272	85166.938764	W	0.108616
01635207309700	85167.047380	S	0.016570
01635207627836	85167.063950	W	0.071756
01635209005552	85167.135706	S	0.418660
01635217043828	85167.554366	W	0.123998
01635219424588	85167.678364	S	0.013564
01635219685016	85167.691928	W	0.090464
01635221421932	85167.782392	S	0.481641
01635230669448	85168.264034	W	0.015429
01635230965680	85168.279462	S	0.565411
01635241821572	85168.844874	W	0.013879
01635242088040	85168.858752	S	0.203974
01635246004344	85169.062726	W	0.013248
01635246258696	85169.075974	S	0.088834
01635247964312	85169.164808	W	0.014017
01635248233436	85169.178825	S	1.418747
01635275473384	85170.597572	W	5.298642
01635377207308	85175.896214	S	0.026213
01635377710604	85175.922427	W	0.029964
01635378285912	85175.952391	S	0.122934
01635380646252	85176.075326	W	0.013891
01635380912968	85176.089217	S	0.960020
01635399345352	85177.049237	W	0.088908
01635401052388	85177.138145	S	0.013777
01635401316916	85177.151923	W	0.013339
01635401573024	85177.165262	S	0.645992
01635413976080	85177.811254	W	0.016146
01635414286080	85177.827400	S	0.041895
01635415090464	85177.869295	W	0.017063
01635415418072	85177.886358	S	0.186933
01635419007192	85178.073291	W	0.013963
01635419275280	85178.087254	S	0.002279
01635419319032	85178.089533	W	0.014353
01635419594604	85178.103886	S	0.119517
01635421889332	85178.223403	W	0.014012
01635422158356	85178.237414	S	0.040561
01635422937124	85178.277975	W	0.013439
01635423195156	85178.291414	S	0.090154
01635424926104	85178.381568	W	0.016937
01635425251288	85178.398505	S	0.188354
01635428867688	85178.586859	W	0.013981
01635429136120	85178.600840	S	0.086701
01635430800772	85178.687540	W	0.013013
01635431050624	85178.700553	S	0.261394
01635436069392	85178.961948	W	0.259429
01635441050432	85179.221377	S	0.080315
01635442592488	85179.301692	W	0.086450
01635444252336	85179.388142	S	0.000808
01635444267856	85179.388951	W	0.094009
01635446072836	85179.482960	S	0.036971
01635446782684	85179.519931	W	0.015343
01635447077268	85179.535274	S	0.072660
01635448472336	85179.607934	W	0.120784
01635450791380	85179.728718	S	0.015655
01635451091952	85179.744373	W	0.086918
01635452760780	85179.831291	S	0.016694
01635453081312	85179.847985	W	0.085419
01635454721360	85179.933404	S	0.127710
01635457173400	85180.061115	W	0.083809
01635458782536	85180.144924	S	0.016865
01635459106348	85180.161789	W	0.086676
01635460770524	85180.248465	S	0.076503
01635462239384	85180.324968	W	0.146591
01635465053932	85180.471559	S	0.001815
01635465088780	85180.473374	W	0.096333
01635466938372	85180.569707	S	0.016951
01635467263824	85180.586657	W	0.165772
01635470446640	85180.752429	S	0.007114
01635470583232	85180.759543	W	0.125706
01635472996784	85180.885249	S	0.016672
01635473316884	85180.901921	W	0.059381
01635474456992	85180.961302	S	0.017065
01635474784640	85180.978367	W	0.081720
01635476353664	85181.060087	S	0.055428
01635477417876	85181.115514	W	0.014653
01635477699212	85181.130167	S	0.106868
01635479751080	85181.237035	W	0.014491
01635480029312	85181.251527	S	0.068548
01635481345428	85181.320074	W	0.015138
01635481636080	85181.335212	S	0.525682
01635491729180	85181.860895	W	0.120600
01635494044708	85181.981495	S	0.005119
01635494142988	85181.986614	W	0.105157
01635496162004	85182.091771	S	0.000713
01635496175696	85182.092484	W	0.059582
01635497319676	85182.152066	S	0.282090
01635502735804	85182.434156	W	0.015063
01635503025020	85182.449220	S	0.183017
01635506538940	85182.632236	W	0.180569
01635510005864	85182.812805	S	0.016315
01635510319116	85182.829121	W	0.134379
01635512899200	85182.963500	S	0.126201
01635515322268	85183.089701	W	0.174045
01635518663932	85183.263746	S	0.030653
01635519252472	85183.294400	W	0.091033
01635521000296	85183.385432	S	0.016720
01635521321324	85183.402152	W	0.059362
01635522461072	85183.461514	S	0.037813
01635523187080	85183.499327	W	0.120884
01635525508052	85183.620211	S	0.014659
01635525789508	85183.634870	W	0.087752
01635527474348	85183.722622	S	0.013085
01635527725572	85183.735707	W	0.060137
01635528880200	85183.795844	S	0.010685
01635529085352	85183.806529	W	0.120816
01635531405028	85183.927345	S	0.000602
01635531416588	85183.927947	W	0.059941
01635532567452	85183.987888	S	0.023338
01635533015536	85184.011226	W	0.184499
01635536557924	85184.195725	S	0.020364
01635536948916	85184.216089	W	0.264932
01635542035608	85184.481021	S	0.006439
01635542159244	85184.487461	W	0.124284
01635544545500	85184.611745	S	0.006434
01635544669040	85184.618179	W	0.070927
01635546030840	85184.689106	S	0.038949
01635546778668	85184.728056	W	0.163447
01635549916860	85184.891503	S	0.016659
01635550236712	85184.908162	W	0.059022
01635551369936	85184.967184	S	0.166612
01635554568880	85185.133796	W	0.013641
01635554830796	85185.147437	S	0.167744
01635558051480	85185.315181	W	0.015205
01635558343408	85185.330386	S	0.810778
01635573910348	85186.141164	W	0.013806
01635574175424	85186.154970	S	0.212728
01635578259792	85186.367697	W	0.012794
01635578505444	85186.380492	S	0.089714
01635580227956	85186.470206	W	0.012159
01635580461408	85186.482365	S	0.296398
01635586152248	85186.778763	W	0.015366
01635586447284	85186.794129	S	0.359481
01635593349312	85187.153610	W	0.022489
01635593781092	85187.176099	S	0.088480
01635595479900	85187.264578	W	0.022901
01635595919592	85187.287479	S	0.880041
01635612816380	85188.167520	W	0.013309
01635613071912	85188.180829	S	0.998973
01635632252196	85189.179802	W	0.013704
01635632515312	85189.193506	S	0.001056
01635632535596	85189.194562	W	0.014205
01635632808340	85189.208768	S	0.846057
01635649052628	85190.054824	W	0.020498
01635649446184	85190.075322	S	0.119208
01635651734984	85190.194530	W	0.022548
01635652167908	85190.217079	S	0.071931
01635653548984	85190.289010	W	0.013877
01635653815432	85190.302887	S	0.904712
01635671185904	85191.207599	W	0.021993
01635671608176	85191.229593	S	0.989861
01635690613512	85192.219454	W	0.021965
01635691035244	85192.241419	S	0.989793
01635710039264	85193.231212	W	0.013872
01635710305612	85193.245084	S	0.064621
01635711546340	85193.309705	W	0.013998
01635711815096	85193.323703	S	0.917275
01635729426780	85194.240978	W	0.022826
01635729865040	85194.263804	S	0.990333
01635748879440	85195.254138	W	0.022714
01635749315544	85195.276851	S	1.056049
01635769591676	85196.332900	W	0.014220
01635769864704	85196.347120	S	0.902907
01635787200528	85197.250028	W	0.014008
01635787469472	85197.264035	S	2.097085
01635827733508	85199.361120	W	0.022877
01635828172752	85199.383998	S	0.673438
01635841102752	85200.057435	W	0.013955
01635841370688	85200.071390	S	0.939808
01635859415008	85201.011198	W	0.014204
01635859687720	85201.025402	S	0.004569
01635859775448	85201.029971	W	0.014057
01635860045344	85201.044028	S	0.335921
01635866495028	85201.379949	W	0.088516
01635868194544	85201.468466	S	0.054432
01635869239644	85201.522898	W	0.123145
01635871604036	85201.646044	S	0.008902
01635871774956	85201.654946	W	0.093604
01635873572148	85201.748549	S	0.081779
01635875142300	85201.830328	W	0.014127
01635875413548	85201.844456	S	0.546512
01635885906580	85202.390968	W	0.013979
01635886174968	85202.404946	S	0.039736
01635886937908	85202.444683	W	0.013596
01635887198952	85202.458279	S	0.088675
01635888901508	85202.546954	W	0.122959
01635891262320	85202.669913	S	0.007356
01635891403556	85202.677269	W	0.093328
01635893195460	85202.770597	S	0.156635
01635896202852	85202.927232	W	0.264379
01635901278928	85203.191611	S	0.013542
01635901538928	85203.205152	W	0.087565
01635903220168	85203.292717	S	0.073437
01635904630164	85203.366154	W	0.177877
01635908045396	85203.544031	S	0.013438
01635908303404	85203.557469	W	0.147152
01635911128724	85203.704621	S	0.016072
01635911437304	85203.720693	W	0.075884
01635912894272	85203.796577	S	0.081520
01635914459460	85203.878097	W	0.172173
01635917765172	85204.050269	S	0.032665
01635918392348	85204.082935	W	0.086872
01635920060292	85204.169807	S	0.013749
01635920324280	85204.183556	W	0.061801
01635921510856	85204.245357	S	0.715299
01635935244604	85204.960656	W	0.016201
01635935555656	85204.976857	S	0.027411
01635936081948	85205.004268	W	0.092813
01635937863956	85205.097081	S	0.014696
01635938146116	85205.111777	W	0.139310
01635940820876	85205.251087	S	0.013480
01635941079688	85205.264567	W	0.106329
01635943121200	85205.370896	S	0.013299
01635943376544	85205.384195	W	0.065205
01635944628476	85205.449400	S	0.847036
01635960891564	85206.296436	W	0.021763
01635961309416	85206.318199	S	0.836783
01635977375656	85207.154982	W	0.259374
01635982355632	85207.414356	S	0.013969
01635982623832	85207.428325	W	0.121726
01635984960980	85207.550051	S	0.014317
01635985235868	85207.564368	W	0.065089
01635986485584	85207.629458	S	0.348128
01635993169636	85207.977585	W	0.089321
01635994884596	85208.066906	S	0.013822
01635995149972	85208.080728	W	0.065177
01635996401372	85208.145905	S	0.167917
01635999625384	85208.313822	W	0.014315
01635999900232	85208.328137	S	0.114690
01636002102284	85208.442827	W	0.021548
01636002515996	85208.464375	S	0.859678
01636019021808	85209.324053	W	0.022574
01636019455236	85209.346627	S	0.993054
01636038521876	85210.339681	W	0.021660
01636038937752	85210.361341	S	0.992947
01636058002340	85211.354289	W	0.022149
01636058427604	85211.376438	S	0.092148
01636060196852	85211.468586	W	0.021916
01636060617636	85211.490502	S	0.881034
01636077533480	85212.371535	W	0.022636
01636077968096	85212.394172	S	0.700298
01636091413820	85213.094470	W	0.014471
01636091691664	85213.108941	S	0.274160
01636096955532	85213.383101	W	0.014707
01636097237908	85213.397808	S	0.515775
01636107140792	85213.913583	W	0.014167
01636107412804	85213.927750	S	0.466706
01636116373560	85214.394456	W	0.023006
01636116815284	85214.417463	S	0.078349
01636118319584	85214.495812	W	0.022591
01636118753340	85214.518403	S	0.009550
01636118936704	85214.527953	W	0.014096
01636119207356	85214.542050	S	0.805153
01636134666296	85215.347203	W	0.014381
01636134942404	85215.361584	S	0.047904
01636135862168	85215.409488	W	0.022326
01636136290832	85215.431814	S	0.991350
01636155324744	85216.423164	W	0.022628
01636155759196	85216.445791	S	0.642390
01636168093084	85217.088181	W	0.014201
01636168365748	85217.102383	S	0.336524
01636174827004	85217.438906	W	0.024309
01636175293740	85217.463216	S	0.059644
01636176438904	85217.522860	W	0.021669
01636176854948	85217.544529	S	0.910521
01636194336952	85218.455050	W	0.022388
01636194766808	85218.477438	S	0.993540
01636213842784	85219.470978	W	0.021988
01636214264944	85219.492966	S	0.990958
01636233291332	85220.483924	W	0.022743
01636233728004	85220.506667	S	0.042840
01636234550536	85220.549507	W	0.022822
01636234988720	85220.572329	S	0.927820
01636252802860	85221.500149	W	0.023769
01636253259220	85221.523918	S	0.987544
01636272220060	85222.511461	W	0.012254
01636272455344	85222.523716	S	0.298030
01636278177524	85222.821746	W	0.400119
01636285859812	85223.221865	S	0.294612
01636291516360	85223.516477	W	0.014294
01636291790800	85223.530771	S	0.042652
01636292609720	85223.573423	W	0.013618
01636292871188	85223.587041	S	0.938216
01636310884944	85224.525258	W	0.022409
01636311315196	85224.547666	S	0.987705
01636330279124	85225.535371	W	0.013695
01636330542064	85225.549066	S	1.047683
01636350657568	85226.596748	W	0.022993
01636351099032	85226.619741	S	1.937196
01636388293192	85228.556937	W	0.014162
01636388565112	85228.571100	S	0.702550
01636402054072	85229.273650	W	0.014294
01636402328516	85229.287944	S	0.059745
01636403475612	85229.347688	W	0.089080
01636405185940	85229.436768	S	0.041399
01636405980804	85229.478167	W	0.088084
01636407672020	85229.566251	S	0.066665
01636408951996	85229.632916	W	0.021130
01636409357696	85229.654047	S	0.541179
01636419748336	85230.195226	W	0.014156
01636420020124	85230.209381	S	1.623654
01636451194276	85231.833035	W	0.029680
01636451764128	85231.862715	S	0.799219
01636467109136	85232.661934	W	0.022443
01636467540032	85232.684377	S	1.916609
01636504338924	85234.600986	W	0.265593
01636509438300	85234.866578	S	0.013359
01636509694800	85234.879937	W	0.065365
01636510949812	85234.945303	S	0.277961
01636516286672	85235.223264	W	0.015721
01636516588508	85235.238985	S	0.446890
01636525168792	85235.685875	W	0.022293
01636525596820	85235.708168	S	2.647095
01636576421040	85238.355263	W	0.088217
01636578114800	85238.443479	S	0.045643
01636578991144	85238.489122	W	0.087287
01636580667060	85238.576409	S	0.039132
01636581418396	85238.615541	W	0.123120
01636583782308	85238.738662	S	0.013498
01636584041472	85238.752160	W	0.096025
01636585885160	85238.848185	S	0.160213
01636588961252	85239.008399	W	0.016038
01636589269184	85239.024437	S	0.070534
01636590623432	85239.094970	W	0.088658
01636592325656	85239.183628	S	0.123711
01636594700912	85239.307339	W	0.080164
01636596240060	85239.387503	S	0.016715
01636596560996	85239.404219	W	0.059013
01636597694044	85239.463231	S	0.254464
01636602579744	85239.717695	W	0.119589
01636604875844	85239.837284	S	0.012964
01636605124760	85239.850248	W	0.059936
01636606275532	85239.910184	S	0.281588
01636611682020	85240.191772	W	0.015031
01636611970620	85240.206803	S	0.534890
01636622240504	85240.741693	W	0.014432
01636622517596	85240.756125	S	0.748372
01636636886344	85241.504497	W	5.247063
01636737629944	85246.751560	S	0.010977
01636737840708	85246.762537	W	0.014827
01636738125380	85246.777364	S	0.402218
01636745847956	85247.179581	W	0.015470
01636746144984	85247.195051	S	0.589811
01636757469364	85247.784863	W	0.014430
01636757746428	85247.799293	S	1.134704
01636779532736	85248.933997	W	0.016464
01636779848836	85248.950460	S	0.597685
01636791324396	85249.548146	W	0.016741
01636791645820	85249.564886	S	0.872944
01636808406344	85250.437830	W	0.084035
01636810019820	85250.521866	S	0.151853
01636812935396	85250.673719	W	0.084226
01636814552536	85250.757945	S	0.040142
01636815323260	85250.798086	W	0.014601
01636815603604	85250.812688	S	0.066053
01636816871820	85250.878741	W	0.122001
01636819214232	85251.000741	S	0.012031
01636819445220	85251.012772	W	0.129019
01636821922380	85251.141791	S	0.016679
01636822242624	85251.158470	W	0.105747
01636824272972	85251.264217	S	0.016825
01636824596004	85251.281042	W	0.060240
01636825752620	85251.341282	S	0.049234
01636826697908	85251.390516	W	0.081704
01636828266628	85251.472220	S	0.016770
01636828588616	85251.488990	W	0.227303
01636832952836	85251.716294	S	0.007759
01636833101816	85251.724053	W	0.059001
01636834234644	85251.783054	S	0.017091
01636834562792	85251.800145	W	0.059239
01636835700176	85251.859384	S	0.282280
01636841119960	85252.141665	W	0.015302
01636841413764	85252.156967	S	0.360348
01636848332452	85252.517315	W	0.012571
01636848573808	85252.529886	S	0.192444
01636852268728	85252.722330	W	0.012965
01636852517664	85252.735295	S	0.294020
01636858162848	85253.029315	W	0.012812
01636858408844	85253.042127	S	0.192200
01636862099088	85253.234328	W	0.013833
01636862364688	85253.248161	S	0.565523
01636873222724	85253.813684	W	0.014618
01636873503396	85253.828302	S	0.557735
01636884211900	85254.386036	W	0.014699
01636884494112	85254.400735	S	0.762146
01636899127316	85255.162881	W	0.088893
01636900834068	85255.251774	S	0.132573
01636903379468	85255.384347	W	0.180504
01636906845148	85255.564851	S	0.126860
01636909280864	85255.691712	W	0.122078
01636911624768	85255.813790	S	0.000892
01636911641888	85255.814682	W	0.064725
01636912884600	85255.879406	S	0.120345
01636915195224	85255.999751	W	0.133454
01636917757532	85256.133205	S	0.014316
01636918032400	85256.147521	W	0.075634
01636919484576	85256.223155	S	0.082780
01636921073952	85256.305935	W	0.087050
01636922745308	85256.392985	S	0.003718
01636922816696	85256.396703	W	0.094778
01636924636424	85256.491480	S	0.013818
01636924901736	85256.505299	W	0.278698
01636930252732	85256.783996	S	0.045239
01636931121328	85256.829236	W	0.013566
01636931381800	85256.842802	S	0.078445
01636932887940	85256.921247	W	0.082989
01636934481320	85257.004235	S	0.015751
01636934783736	85257.019986	W	0.058626
01636935909364	85257.078613	S	0.339724
01636942432072	85257.418337	W	0.021780
01636942850252	85257.440117	S	0.989989
01636961858036	85258.430106	W	0.013765
01636962122332	85258.443871	S	0.001466
01636962150488	85258.445338	W	0.013316
01636962406152	85258.458654	S	0.987024
01636981357020	85259.445678	W	0.013279
01636981611968	85259.458957	S	0.390350
01636989106680	85259.849306	W	0.013796
01636989371568	85259.863103	S	0.335639
01636995815832	85260.198741	W	0.087510
01636997496028	85260.286251	S	0.169104
01637000742816	85260.455355	W	0.013345
01637000999048	85260.468700	S	0.487225
01637010353772	85260.955926	W	0.015464
01637010650672	85260.971389	S	0.492599
01637020108580	85261.463989	W	0.013734
01637020372276	85261.477723	S	0.994068
01637039458380	85262.471791	W	0.013869
01637039724672	85262.485660	S	0.377308
01637046968976	85262.862967	W	0.013687
01637047231772	85262.876655	S	0.291403
01637052826708	85263.168058	W	0.013466
01637053085252	85263.181524	S	0.001480
01637053113660	85263.183003	W	0.014031
01637053383048	85263.197034	S	0.284805
01637058851312	85263.481839	W	0.022519
01637059283680	85263.504358	S	0.990789
01637078306828	85264.495147	W	0.012734
01637078551320	85264.507881	S	0.001518
01637078580460	85264.509399	W	0.015381
01637078875784	85264.524780	S	0.976981
01637097633828	85265.501762	W	0.013922
01637097901132	85265.515684	S	0.365819
01637104924860	85265.881503	W	0.022600
01637105358776	85265.904103	S	0.606577
01637117005060	85266.510680	W	0.013027
01637117255176	85266.523707	S	0.995193
01637136362876	85267.518900	W	0.013443
01637136620984	85267.532343	S	0.652798
01637149154700	85268.185141	W	0.121151
01637151480796	85268.306291	S	0.014653
01637151762136	85268.320945	W	0.096792
01637153620540	85268.417736	S	0.112189
01637155774564	85268.529925	W	0.013370
01637156031264	85268.543295	S	0.240014
01637160639528	85268.783309	W	0.015287
01637160933040	85268.798596	S	0.038899
01637161679896	85268.837495	W	0.085414
01637163319848	85268.922909	S	0.184007
01637166852792	85269.106916	W	0.123422
01637169222500	85269.230339	S	0.183828
01637172751988	85269.414166	W	0.134845
01637175341004	85269.549011	S	0.004464
01637175426708	85269.553474	W	0.086222
01637177082180	85269.639697	S	0.081646
01637178649784	85269.721343	W	0.180812
01637182121384	85269.902155	S	0.126402
01637184548296	85270.028557	W	0.087216
01637186222844	85270.115773	S	0.013664
01637186485192	85270.129437	W	0.065313
01637187739204	85270.194750	S	0.348310
01637194426764	85270.543061	W	0.013780
01637194691336	85270.556840	S	0.392277
01637202223052	85270.949117	W	0.086002
01637203874288	85271.035119	S	0.016468
01637204190472	85271.051587	W	0.060612
01637205354228	85271.112199	S	0.038073
01637206085236	85271.150273	W	0.085713
01637207730924	85271.235986	S	0.015176
01637208022304	85271.251162	W	0.061247
01637209198244	85271.312409	S	0.047176
01637210104024	85271.359585	W	0.084221
01637211721076	85271.443806	S	0.107238
01637213780048	85271.551044	W	0.013901
01637214046940	85271.564945	S	0.219045
01637218252596	85271.783989	W	0.015742
01637218554852	85271.799732	S	0.121544
01637220888500	85271.921276	W	0.014591
01637221168640	85271.935867	S	0.622471
01637233120076	85272.558337	W	0.014675
01637233401840	85272.573012	S	0.998285
01637252568904	85273.571297	W	0.013517
01637252828436	85273.584814	S	0.335184
01637259263964	85273.919998	W	0.014392
01637259540284	85273.934390	S	0.647794
01637271977928	85274.582184	W	0.022909
01637272417784	85274.605093	S	0.235485
01637276939104	85274.840578	W	0.012401
01637277177204	85274.852979	S	0.083732
01637278784856	85274.936711	W	0.013777
01637279049368	85274.950488	S	0.644604
01637291425760	85275.595092	W	0.021362
01637291835920	85275.616454	S	0.249155
01637296619688	85275.865609	W	0.014105
01637296890508	85275.879714	S	0.190391
01637300546012	85276.070105	W	0.093443
01637302340112	85276.163547	S	0.021536
01637302753596	85276.185083	W	0.165551
01637305932168	85276.350634	S	0.026532
01637306441580	85276.377166	W	0.083606
01637308046820	85276.460772	S	0.146015
01637310850300	85276.606786	W	0.013727
01637311113852	85276.620513	S	0.342048
01637317681168	85276.962561	W	0.015237
01637317973724	85276.977798	S	0.321271
01637324142128	85277.299069	W	0.182410
01637327644404	85277.481479	S	0.022304
01637328072632	85277.503783	W	0.086650
01637329736320	85277.590433	S	0.013678
01637329998928	85277.604111	W	0.065921
01637331264616	85277.670032	S	0.286242
01637336760464	85277.956274	W	0.013967
01637337028636	85277.970241	S	0.658074
01637349663664	85278.628316	W	0.020957
01637350066044	85278.649273	S	0.989683
01637369067952	85279.638956	W	0.014100
01637369338680	85279.653056	S	0.995489
01637388452060	85280.648545	W	0.013145
01637388704444	85280.661690	S	0.316431
01637394779916	85280.978121	W	0.013929
01637395047344	85280.992049	S	0.668988
01637407891916	85281.661037	W	0.021786
01637408310212	85281.682824	S	0.673073
01637421233220	85282.355897	W	0.035219
01637421909432	85282.391116	S	0.267256
01637427040756	85282.658373	W	0.028455
01637427587088	85282.686828	S	0.003187
01637427648276	85282.690014	W	3.760988
01637499859240	85286.451002	S	1.507475
01637528802764	85287.958477	W	0.027013
01637529321408	85287.985490	S	0.063165
01637530534184	85288.048655	W	0.014369
01637530810076	85288.063025	S	0.236485
01637535350584	85288.299510	W	0.015207
01637535642560	85288.314717	S	10.804435
01637743087708	85299.119151	W	0.422696
01637751203468	85299.541847	S	392.741373
01645291837820	85692.283220	W	15.233059
01645584312556	85707.516279	S	25.791626
01646079511784	85733.307905	W	2.023084
01646118354996	85735.330989	S	17.410474
01646452636092	85752.741463	W	0.014875
01646452921700	85752.756339	S	39.724037
01647215623208	85792.480375	W	0.112642
01647217785940	85792.593018	S	0.228587
01647222174812	85792.821605	W	0.015192
01647222466504	85792.836797	S	21.345883
01647632307460	85814.182680	W	0.013746
01647632571376	85814.196426	S	61.425316
01648811937444	85875.621742	W	0.014643
01648812218592	85875.636385	S	61.426169
01649991601028	85937.062554	W	0.013837
01649991866700	85937.076391	S	31.263357
01650592123160	85968.339748	W	0.015315
01650592417212	85968.355063	S	0.926639
01650610208684	85969.281702	W	0.015691
01650610509956	85969.297394	S	29.204196
01651171230520	85998.501590	W	0.015083
01651171520116	85998.516673	S	28.696866
01651722499948	86027.213539	W	0.015643
01651722800292	86027.229182	S	0.627012
01651734838924	86027.856194	W	0.015681
01651735140004	86027.871875	S	32.072438
01652350930812	86059.944313	W	0.013721
01652351194260	86059.958034	S	43.641277
01653189106776	86103.599311	W	0.015963
01653189413260	86103.615274	S	0.583331
01653200613220	86104.198605	W	0.015994
01653200920300	86104.214599	S	17.168433
01653530554220	86121.383032	W	0.014074
01653530824432	86121.397106	S	61.426309
01654710209560	86182.823415	W	0.014156
01654710481356	86182.837571	S	2.158510
01654751924740	86184.996080	W	0.113592
01654754105704	86185.109672	S	0.001480
01654754134128	86185.111153	W	0.015346
01654754428776	86185.126499	S	0.541628
01654764828028	86185.668126	W	0.015929
01654765133872	86185.684056	S	58.579020
01655889851064	86244.263076	W	0.014376
01655890127076	86244.277452	S	5.660439
01655998807504	86249.937891	W	0.015407
01655999103324	86249.953298	S	1.106932
01656020356412	86251.060230	W	0.015673
01656020657340	86251.075903	S	54.627184
01657069499272	86305.703087	W	0.014233
01657069772552	86305.717320	S	29.078907
01657628087568	86334.796228	W	2.036812
01657667194356	86336.833039	S	30.310139
01658249149016	86367.143178	W	0.014236
01658249422340	86367.157414	S	61.425297
01659428788052	86428.582711	W	0.014044
01659429057704	86428.596755	S	61.426277
01660608442232	86490.023033	W	0.014394
01660608718592	86490.037427	S	61.425733
01661788092668	86551.463160	W	0.014180
01661788364924	86551.477340	S	61.425929
01662967742752	86612.903268	W	0.013916
01662968009940	86612.917184	S	35.522743
01663650046612	86648.439928	W	0.113670
01663652229080	86648.553598	S	0.462060
01663661100628	86649.015658	W	0.015323
01663661394832	86649.030981	S	25.312249
01664147390020	86674.343230	W	0.013920
01664147657276	86674.357150	S	17.391542
01664481574880	86691.748692	W	2.038549
01664520715020	86693.787241	S	41.996006
01665327038340	86735.783247	W	0.013783
01665327302976	86735.797030	S	15.610735
01665627029080	86751.407765	W	0.028455
01665627575408	86751.436219	S	0.048716
01665628510752	86751.484935	W	0.014629
01665628791636	86751.499564	S	0.556390
01665639474332	86752.055955	W	0.015410
01665639770208	86752.071365	S	10.592915
01665843154176	86762.664280	W	0.308777
01665849082696	86762.973057	S	706.648830
01679416740228	87469.621887	W	15.215690
01679708881472	87484.837577	S	45.578822
01680583994852	87530.416399	W	0.013697
01680584257840	87530.430096	S	61.425142
01681763620576	87591.855238	W	0.013668
01681763883008	87591.868907	S	20.995913
01682167004536	87612.864820	W	0.113780
01682169189112	87612.978600	S	1.351454
01682195137028	87614.330054	W	0.016030
01682195444804	87614.346084	S	38.940915
01682943110376	87653.286999	W	0.013569
01682943370900	87653.300568	S	61.428482
01684122797752	87714.729050	W	0.013716
01684123061100	87714.742766	S	61.425710
01685302434736	87776.168476	W	0.013896
01685302701536	87776.182372	S	61.449755
01686482536828	87837.632126	W	0.013750
01686482800828	87837.645876	S	61.401443
01687661708528	87899.047319	W	0.013676
01687661971116	87899.060996	S	61.426607
01688841361972	87960.487603	W	0.013684
01688841624696	87960.501286	S	61.427284
01690021028556	88021.928571	W	0.013827
01690021294028	88021.942397	S	50.067830
01690982596356	88072.010227	W	2.022182
01691021422252	88074.032409	S	9.334605
01691200646676	88083.367014	W	0.013744
01691200910560	88083.380758	S	61.446081
01692380675308	88144.826839	W	0.013867
01692380941556	88144.840706	S	61.426862
01693560337308	88206.267568	W	0.013766
01693560601624	88206.281335	S	61.422682
01694739917116	88267.704016	W	0.013955
01694740185056	88267.717972	S	61.410515
01695919266940	88329.128486	W	0.013653
01695919529080	88329.142140	S	61.438573
01697099149684	88390.580713	W	0.013771
01697099414080	88390.594483	S	61.412103
01698278526456	88452.006586	W	0.013824
01698278791868	88452.020410	S	61.436786
01699458378160	88513.457196	W	0.013676
01699458640748	88513.470872	S	61.435726
01700638206692	88574.906599	W	0.013700
01700638469728	88574.920298	S	61.425617
01701817841576	88636.345915	W	0.013742
01701818105428	88636.359658	S	37.125538
01702530915760	88673.485196	W	2.020304
01702569705592	88675.505500	S	22.261184
01702997120328	88697.766684	W	0.013840
01702997386060	88697.780524	S	61.433597
01704176911120	88759.214121	W	0.013769
01704177175484	88759.227890	S	61.426167
01705356557896	88820.654057	W	0.013974
01705356826196	88820.668031	S	61.427387
01706536232028	88882.095418	W	0.014026
01706536501320	88882.109444	S	61.418710
01707715740548	88943.528154	W	0.013798
01707716005472	88943.541952	S	61.430712
01708895475152	89004.972664	W	0.013859
01708895741248	89004.986523	S	61.467181
01710075911120	89066.453704	W	0.013864
01710076177316	89066.467569	S	61.379494
01711254663608	89127.847063	W	0.013858
01711254929672	89127.860920	S	61.450163
01712434772804	89189.311084	W	0.013834
01712435038424	89189.324918	S	61.402659
01713613969484	89250.727577	W	0.013877
01713614235924	89250.741454	S	24.217426
01714079210504	89274.958880	W	2.020980
01714118013316	89276.979860	S	35.188428
01714793631124	89312.168288	W	0.013872
01714793897464	89312.182160	S	61.431590
01715973383984	89373.613749	W	0.013813
01715973649188	89373.627562	S	61.420307
01717152919080	89435.047869	W	0.013858
01717153185156	89435.061727	S	61.438986
01718332813692	89496.500713	W	0.013904
01718333080648	89496.514617	S	61.418094
01719512308048	89557.932711	W	0.013961
01719512576108	89557.946672	S	61.423008
01720691897860	89619.369680	W	0.013851
01720692163808	89619.383532	S	61.443212
01721871873472	89680.826743	W	0.013849
01721872139376	89680.840592	S	61.462518
01723052219716	89742.303110	W	0.013873
01723052486080	89742.316983	S	61.383776
01724231054572	89803.700759	W	0.013838
01724231320268	89803.714597	S	61.424084
01725410662684	89865.138681	W	0.013943
01725410930392	89865.152625	S	11.283436
01725627572356	89876.436060	W	2.020251
01725666361172	89878.456311	S	48.124197
01726590345748	89926.580508	W	0.014005
01726590614640	89926.594512	S	35.847416
01727278885024	89962.441928	W	3.684654
01727349630376	89966.126582	S	21.882759
01727769779348	89988.009341	W	0.014217
01727770052320	89988.023558	S	61.424277
01728949398444	90049.447836	W	0.014180
01728949670692	90049.462015	S	61.426648
01730129062332	90110.888663	W	0.014127
01730129333580	90110.902791	S	61.454448
01731309258984	90172.357239	W	0.014272
01731309533012	90172.371511	S	61.450954
01732489391324	90233.822465	W	0.014053
01732489661144	90233.836518	S	61.370179
01733667968580	90295.206697	W	0.013728
01733668232152	90295.220425	S	61.427526
01734847640644	90356.647950	W	0.014280
01734847914816	90356.662230	S	61.447361
01736027704140	90418.109591	W	0.014466
01736027981896	90418.124057	S	59.784264
01737175839768	90477.908321	W	2.033792
01737214888576	90479.942113	S	61.027939
01738386625008	90540.970052	W	0.014127
01738386896256	90540.984180	S	47.694292
01739302626656	90588.678472	W	0.014134
01739302898028	90588.692606	S	0.006838
01739303029312	90588.699443	W	0.005641
01739303137624	90588.705085	S	104.216425
01741304092992	90692.921510	W	0.004649
01741304182252	90692.926159	S	0.001491
01741304210888	90692.927650	W	0.190737
01741307873044	90693.118388	S	1.102131
01741329033952	90694.220518	W	0.014054
01741329303796	90694.234573	S	0.008618
01741329469260	90694.243191	W	0.014147
01741329740884	90694.257338	S	21.777640
01741747871572	90716.034978	W	0.005681
01741747980656	90716.040659	S	0.000715
01741747994388	90716.041374	W	0.277840
01741753328924	90716.319215	S	0.067648
01741754627768	90716.386863	W	0.014339
01741754903068	90716.401201	S	0.015906
01741755208472	90716.417108	W	0.014431
01741755485540	90716.431539	S	82.637933
01743342133860	90799.069472	W	0.004766
01743342225360	90799.074237	S	0.001458
01743342253344	90799.075695	W	0.165960
01743345439776	90799.241655	S	0.015343
01743345734360	90799.256998	W	0.014342
01743346009736	90799.271340	S	281.672128
01748754114600	91080.943469	W	0.004640
01748754203696	91080.948109	S	0.001549
01748754233428	91080.949658	W	2.112880
01748794800716	91083.062537	S	1.065660
01748815261380	91084.128197	W	0.014015
01748815530472	91084.142212	S	0.018165
01748815879240	91084.160377	W	0.005650
01748815987728	91084.166028	S	355.652176
01755644509500	91439.818203	W	0.004815
01755644601952	91439.823018	S	0.001551
01755644631728	91439.824569	W	0.494404
01755654124288	91440.318973	S	0.782564
01755669149516	91441.101537	W	0.014265
01755669423408	91441.115803	S	0.009577
01755669607288	91441.125380	W	0.005764
01755669717960	91441.131144	S	0.406009
01755677513336	91441.537153	W	0.005469
01755677618348	91441.542622	S	0.000910
01755677635828	91441.543533	W	0.375022
01755684836244	91441.918554	S	1.490781
01755713459240	91443.409335	W	0.113881
01755715645756	91443.523216	S	0.550530
01755726215940	91444.073747	W	0.015973
01755726522624	91444.089720	S	3.553331
01755794746572	91447.643051	W	0.013898
01755795013412	91447.656949	S	61.426576
01756974403672	91509.083525	W	0.014365
01756974679476	91509.097889	S	61.428099
01758154098972	91570.525988	W	0.014366
01758154374792	91570.540354	S	61.425153
01759333737724	91631.965506	W	0.014326
01759334012780	91631.979832	S	50.538112
01760304344524	91682.517944	W	2.036899
01760343452992	91684.554843	S	8.847446
01760513323960	91693.402290	W	0.014488
01760513602132	91693.416778	S	61.476795
01761693956604	91754.893573	W	0.014249
01761694230184	91754.907822	S	0.001798
01761694264696	91754.909620	W	0.015681
01761694565780	91754.925301	S	61.359198
01762872662380	91816.284499	W	0.014174
01762872934512	91816.298672	S	61.426201
01764052317580	91877.724874	W	0.014289
01764052591932	91877.739163	S	61.425812
01765231967532	91939.164976	W	0.014163
01765232239464	91939.179139	S	61.431709
01766411728272	92000.610847	W	0.014281
01766412002472	92000.625129	S	59.146459
01767547614476	92059.771587	W	0.014611
01767547895012	92059.786199	S	104.123790
01769547071780	92163.909989	W	0.004913
01769547166100	92163.914901	S	0.001525
01769547195388	92163.916426	W	0.802623
01769562605740	92164.719049	S	0.460363
01769571444708	92165.179412	W	0.014218
01769571717700	92165.193630	S	0.015078
01769572007188	92165.208708	W	0.005574
01769572114208	92165.214282	S	119.693082
01771870221384	92284.907364	W	0.005044
01771870318232	92284.912408	S	0.001674
01771870350364	92284.914081	W	2.090955
01771910496704	92287.005037	S	1.070117
01771931042944	92288.075153	W	0.014140
01771931314432	92288.089293	S	0.011691
01771931538904	92288.100985	W	0.005421
01771931642992	92288.106406	S	272.801348
01777169428872	92560.907754	W	0.004975
01777169524392	92560.912729	S	0.001525
01777169553672	92560.914254	W	0.404937
01777177328460	92561.319191	S	0.860299
01777193846204	92562.179490	W	0.014085
01777194116644	92562.193575	S	0.005524
01777194222700	92562.199099	W	0.014253
01777194496356	92562.213352	S	325.686187
01783447671152	92887.899539	W	0.004124
01783447750340	92887.903664	S	0.000743
01783447764600	92887.904406	W	2.086937
01783487833800	92889.991344	S	1.057116
01783508130436	92891.048460	W	0.014314
01783508405260	92891.062774	S	0.001862
01783508441004	92891.064636	W	0.013459
01783508699416	92891.078095	S	599.803626
01795024929028	93490.881720	W	0.005628
01795025037080	93490.887348	S	0.000482
01795025046340	93490.887830	W	0.030707
01795025635916	93490.918537	S	0.035244
01795026312608	93490.953782	W	2.022754
01795065149484	93492.976536	S	1.081040
01795085905460	93494.057576	W	0.014343
01795086180852	93494.071919	S	0.017171
01795086510540	93494.089091	W	0.014364
01795086786324	93494.103454	S	124.711181
01797481241004	93618.814636	W	0.005510
01797481346796	93618.820146	S	0.000809
01797481362336	93618.820955	W	0.168839
01797484604052	93618.989794	S	0.023526
01797485055752	93619.013320	W	0.014277
01797485329876	93619.027598	S	90.776931
01799228246944	93709.804528	W	0.004804
01799228339180	93709.809332	S	0.001485
01799228367700	93709.810818	W	0.107836
01799230438156	93709.918654	S	0.096722
01799232295220	93710.015376	W	0.014434
01799232572356	93710.029810	S	0.008407
01799232733772	93710.038217	W	0.014227
01799233006936	93710.052445	S	246.179187
01803959647332	93956.231632	W	0.087036
01803961318420	93956.318668	S	1.169723
01803983777100	93957.488391	W	0.014490
01803984055304	93957.502880	S	0.020571
01803984450272	93957.523452	W	0.005603
01803984557856	93957.529055	S	124.889027
01806382427180	94082.418082	W	0.004639
01806382516256	94082.422722	S	0.001508
01806382545216	94082.424230	W	3.895039
01806457329960	94086.319269	S	6.079146
01806574049572	94092.398415	W	2.035450
01806613130208	94094.433865	S	36.135789
01807306937356	94130.569654	W	0.014381
01807307213476	94130.584035	S	14.837878
01807592100732	94145.421913	W	0.116335
01807594334364	94145.538248	S	0.619990
01807606238180	94146.158239	W	0.015496
01807606535708	94146.173735	S	13.933827
01807874065180	94160.107561	W	0.014286
01807874339468	94160.121847	S	0.003975
01807874415796	94160.125823	W	0.005218
01807874515988	94160.131041	S	76.997615
01809352870196	94237.128656	W	0.005856
01809352982632	94237.134512	S	0.001544
01809353012268	94237.136056	W	0.190587
01809356671532	94237.326642	S	0.019264
01809357041404	94237.345906	W	0.014320
01809357316356	94237.360227	S	26.535266
01809866793472	94263.895493	W	0.004273
01809866875504	94263.899766	S	0.000789
01809866890644	94263.900554	W	0.381136
01809874208464	94264.281691	S	0.018270
01809874559248	94264.299961	W	0.005580
01809874666384	94264.305541	S	98.407809
01811764096324	94362.713350	W	0.005586
01811764203576	94362.718936	S	0.000724
01811764217476	94362.719660	W	0.199366
01811768045312	94362.919027	S	1.061189
01811788420140	94363.980216	W	0.014136
01811788691560	94363.994352	S	0.009729
01811788878352	94364.004081	W	0.014324
01811789153376	94364.018405	S	18.284955
01812140224508	94382.303360	W	0.004772
01812140316140	94382.308132	S	0.001512
01812140345176	94382.309645	W	0.209138
01812144360628	94382.518783	S	0.028775
01812144913116	94382.547558	W	0.014026
01812145182408	94382.561584	S	0.017017
01812145509136	94382.578601	W	0.005683
01812145618244	94382.584284	S	0.574110
01812156641152	94383.158393	W	0.005459
01812156745968	94383.163853	S	0.000788
01812156761104	94383.164641	W	0.154309
01812159723844	94383.318950	S	0.036878
01812160431900	94383.355828	W	0.015250
01812160724704	94383.371078	S	0.015114
01812161014896	94383.386192	W	0.014256
01812161288616	94383.400449	S	70.049496
01813506238936	94453.449945	W	0.005789
01813506350088	94453.455734	S	0.000270
01813506355268	94453.456004	W	0.166144
01813509545232	94453.622148	S	0.012131
01813509778156	94453.634279	W	0.014477
01813510056120	94453.648756	S	128.610230
01815979372536	94582.258986	W	0.004831
01815979465288	94582.263817	S	0.001503
01815979494140	94582.265320	W	0.053138
01815980514388	94582.318458	S	0.129422
01815982999288	94582.447880	W	0.014222
01815983272356	94582.462102	S	0.012701
01815983516208	94582.474803	W	0.005580
01815983623336	94582.480382	S	112.410111
01818141897472	94694.890493	W	0.004745
01818141988568	94694.895238	S	0.001520
01818142017744	94694.896757	W	2.087899
01818182105400	94696.984656	S	2.420045
01818228570268	94699.404701	W	0.014196
01818228842836	94699.418898	S	0.006339
01818228964540	94699.425236	W	0.014255
01818229238236	94699.439491	S	51.443129
01819216946304	94750.882620	W	0.004749
01819217037492	94750.887369	S	0.001530
01819217066868	94750.888899	W	0.029482
01819217632924	94750.918381	S	1.256339
01819241754636	94752.174721	W	0.014105
01819242025448	94752.188825	S	0.005106
01819242123492	94752.193932	W	0.014359
01819242399192	94752.208291	S	54.253752
01820284071224	94806.462043	W	0.004616
01820284159848	94806.466659	S	0.001598
01820284190532	94806.468257	W	0.167430
01820287405196	94806.635687	S	0.011583
01820287627588	94806.647270	W	0.015147
01820287918412	94806.662417	S	368.239481
01827358116444	95174.901898	W	0.004865
01827358209848	95174.906763	S	0.001550
01827358239612	95174.908313	W	0.210889
01827362288680	95175.119202	S	1.069337
01827382819956	95176.188539	W	0.014185
01827383092300	95176.202724	S	0.008458
01827383254696	95176.211182	W	0.014283
01827383528936	95176.225465	S	17.279240
01827715290352	95193.504706	W	0.004632
01827715379288	95193.509338	S	0.001498
01827715408052	95193.510836	W	0.252675
01827720259408	95193.763511	S	0.024242
01827720724856	95193.787753	W	0.005642
01827720833184	95193.793395	S	103.084425
01829700054148	95296.877820	W	0.005669
01829700162984	95296.883489	S	0.000869
01829700179660	95296.884357	W	2.095204
01829740407576	95298.979561	S	2.018951
01829779171444	95300.998513	W	0.014410
01829779448108	95301.012922	S	0.003689
01829779518944	95301.016612	W	0.013740
01829779782756	95301.030352	S	14.851406
01830064929744	95315.881757	W	0.004757
01830065021072	95315.886514	S	0.001645
01830065052648	95315.888159	W	0.180823
01830068524456	95316.068982	S	0.025429
01830069012696	95316.094411	W	0.015245
01830069305408	95316.109657	S	0.001874
01830069341380	95316.111530	W	0.006900
01830069473856	95316.118430	S	245.754437
01834787959048	95561.872867	W	0.004756
01834788050356	95561.877623	S	0.001487
01834788078904	95561.879110	W	0.239746
01834792682028	95562.118856	S	1.031443
01834812485740	95563.150299	W	0.014146
01834812757336	95563.164445	S	0.012521
01834812997736	95563.176965	W	0.014378
01834813273788	95563.191343	S	75.376760
01836260507572	95638.568103	W	0.004332
01836260590748	95638.572435	S	0.000761
01836260605360	95638.573196	W	0.145928
01836263407184	95638.719124	S	0.035009
01836264079360	95638.754133	W	0.014196
01836264351932	95638.768330	S	0.023087
01836264795196	95638.791416	W	0.005792
01836264906396	95638.797208	S	259.082978
01841239299564	95897.880186	W	0.004637
01841239388592	95897.884822	S	0.001525
01841239417880	95897.886348	W	2.083728
01841279425464	95899.970076	S	2.627803
01841329879276	95902.597879	W	0.014239
01841330152656	95902.612118	S	0.004617
01841330241308	95902.616735	W	0.005568
01841330348216	95902.622303	S	104.250087
01843331949880	96006.872390	W	0.004749
01843332041052	96006.877138	S	0.001541
01843332070648	96006.878680	W	0.440539
01843340528996	96007.319219	S	0.827864
01843356423980	96008.147082	W	0.014535
01843356703056	96008.161617	S	0.011973
01843356932932	96008.173590	W	0.005790
01843357044108	96008.179381	S	15.581420
01843656207364	96023.760800	W	0.004692
01843656297448	96023.765492	S	0.001576
01843656327712	96023.767068	W	0.248519
01843661099268	96024.015587	S	0.023262
01843661545908	96024.038849	W	0.005568
01843661652816	96024.044418	S	267.690260
01848801305804	96291.734677	W	0.005698
01848801415208	96291.740375	S	0.000705
01848801428744	96291.741080	W	0.179757
01848804880076	96291.920837	S	0.019760
01848805259476	96291.940598	W	0.005443
01848805363984	96291.946041	S	27.928924
01849341599320	96319.874965	W	0.004774
01849341690980	96319.879739	S	0.001499
01849341719764	96319.881238	W	0.171151
01849345005860	96320.052389	S	0.011935
01849345235020	96320.064324	W	0.014542
01849345514228	96320.078866	S	8.110208
01849501230224	96328.189074	W	0.004671
01849501319912	96328.193745	S	0.001551
01849501349684	96328.195296	W	0.123528
01849503721428	96328.318824	S	0.053235
01849504743540	96328.372059	W	0.014227
01849505016700	96328.386286	S	0.012151
01849505249992	96328.398437	W	0.005641
01849505358296	96328.404078	S	0.090552
01849507096904	96328.494630	W	0.306019
01849512972472	96328.800650	S	0.021878
01849513392524	96328.822527	W	0.005615
01849513500332	96328.828142	S	53.590656
01850542440924	96382.418798	W	0.004698
01850542531116	96382.423496	S	0.001510
01850542560112	96382.425006	W	0.294229
01850548209308	96382.719235	S	0.969441
01850566822576	96383.688676	W	0.014254
01850567096260	96383.702930	S	0.011661
01850567320160	96383.714592	W	0.005657
01850567428772	96383.720249	S	106.104125
01852604627980	96489.824374	W	0.005263
01852604729028	96489.829637	S	0.000775
01852604743912	96489.830412	W	0.088093
01852606435300	96489.918505	S	0.088431
01852608133184	96490.006937	W	0.014892
01852608419116	96490.021829	S	0.015197
01852608710900	96490.037026	W	0.014928
01852608997520	96490.051954	S	5.361672
01852711941616	96495.413626	W	0.205049
01852715878560	96495.618675	S	0.014755
01852716161856	96495.633430	W	0.005684
01852716270988	96495.639114	S	4.230991
01852797506012	96499.870105	W	0.004848
01852797599092	96499.874953	S	0.001657
01852797630904	96499.876610	W	2.091276
01852837783412	96501.967886	S	1.514680
01852866865260	96503.482566	W	0.014374
01852867141244	96503.496940	S	0.007703
01852867289140	96503.504643	W	0.005435
01852867393492	96503.510078	S	44.118628
01853714471156	96547.628706	W	0.005491
01853714576576	96547.634197	S	0.000773
01853714591416	96547.634970	W	0.159655
01853717656800	96547.794625	S	0.009613
01853717841376	96547.804238	W	0.015045
01853718130232	96547.819283	S	38.128276
01854450193136	96585.947559	W	0.004696
01854450283292	96585.952255	S	0.001484
01854450311776	96585.953738	W	0.165130
01854453482272	96586.118868	S	0.012600
01854453724196	96586.131469	W	0.014413
01854454000932	96586.145882	S	0.022421
01854454431416	96586.168303	W	0.005716
01854454541168	96586.174019	S	27.612356
01854984698408	96613.786375	W	0.004915
01854984792780	96613.791291	S	0.001668
01854984824808	96613.792959	W	0.189849
01854988469900	96613.982807	S	0.019616
01854988846520	96614.002423	W	0.015099
01854989136424	96614.017522	S	82.848218
01856579822212	96696.865740	W	0.004968
01856579917600	96696.870708	S	0.001548
01856579947316	96696.872256	W	0.180510
01856583413104	96697.052766	S	0.014916
01856583699496	96697.067682	W	0.005803
01856583810916	96697.073485	S	129.512805
01859070456768	96826.586290	W	0.004604
01859070545160	96826.590894	S	0.001483
01859070573624	96826.592376	W	0.126628
01859073004876	96826.719004	S	1.141452
01859094920748	96827.860456	W	0.014176
01859095192936	96827.874632	S	0.012618
01859095435192	96827.887250	W	0.014279
01859095709356	96827.901529	S	273.960069
01864355742684	97101.861598	W	0.004619
01864355831360	97101.866217	S	0.001489
01864355859948	97101.867706	W	0.050739
01864356834144	97101.918445	S	0.015358
01864357129020	97101.933803	W	2.021668
01864395945040	97103.955471	S	1.073558
01864416557360	97105.029029	W	0.014376
01864416833376	97105.043405	S	0.008119
01864416989260	97105.051524	W	0.005676
01864417098248	97105.057200	S	90.809474
01866160640152	97195.866675	W	0.004953
01866160735248	97195.871628	S	0.001534
01866160764704	97195.873162	W	0.245647
01866165481128	97196.118809	S	1.018891
01866185043836	97197.137700	W	0.014284
01866185318092	97197.151984	S	0.017466
01866185653432	97197.169450	W	0.005610
01866185761136	97197.175059	S	112.488279
01868345536100	97309.663339	W	0.192818
01868349238196	97309.856156	S	0.020226
01868349626544	97309.876383	W	0.006664
01868349754500	97309.883047	S	90.135711
01870080360148	97400.018758	W	0.004815
01870080452596	97400.023573	S	0.001472
01870080480860	97400.025045	W	0.172704
01870083796784	97400.197749	S	0.014524
01870084075644	97400.212273	W	0.014431
01870084352724	97400.226704	S	303.640380
01875914248012	97703.867084	W	0.004682
01875914337912	97703.871766	S	0.001479
01875914366300	97703.873245	W	2.094270
01875954576280	97705.967515	S	1.077036
01875975255372	97707.044551	W	0.013882
01875975521900	97707.058432	S	0.009029
01875975695252	97707.067461	W	0.014045
01875975964912	97707.081506	S	157.771604
01879005179716	97864.853110	W	0.004745
01879005270828	97864.857856	S	0.001524
01879005300084	97864.859379	W	0.059130
01879006435372	97864.918509	S	3.165948
01879067221576	97868.084457	W	3.698277
01879138228488	97871.782734	S	23.406122
01879587626040	97895.188856	W	0.013493
01879587885112	97895.202350	S	0.005796
01879587996392	97895.208145	W	0.014086
01879588266836	97895.222231	S	36.642639
01880291805512	97931.864870	W	0.004799
01880291897652	97931.869669	S	0.001546
01880291927344	97931.871216	W	0.315513
01880297985200	97932.186729	S	0.007521
01880298129600	97932.194250	W	0.014147
01880298401220	97932.208397	S	373.645235
01887472389736	98305.853632	W	0.004674
01887472479480	98305.858306	S	0.001626
01887472510708	98305.859933	W	2.115287
01887513124220	98307.975220	S	1.062558
01887533525332	98309.037778	W	0.014263
01887533799176	98309.052040	S	0.015328
01887534093476	98309.067369	W	0.014197
01887534366064	98309.081566	S	598.765190
01899030657708	98907.846756	W	0.004761
01899030749116	98907.851516	S	0.001489
01899030777700	98907.853005	W	2.108975
01899071270016	98909.961980	S	1.053389
01899091495080	98911.015369	W	0.014358
01899091770752	98911.029727	S	0.013379
01899092027628	98911.043106	W	0.014366
01899092303456	98911.057472	S	598.782654
01910588930416	99509.840126	W	0.004695
01910589020556	99509.844821	S	0.001538
01910589050080	99509.846358	W	2.102780
01910629423456	99511.949138	S	1.077999
01910650121032	99513.027137	W	0.014155
01910650392804	99513.041292	S	0.002590
01910650442528	99513.043882	W	0.015556
01910650741204	99513.059438	S	598.777247
01922147264352	100111.836685	W	0.004692
01922147354432	100111.841377	S	0.001529
01922147383796	100111.842906	W	0.075574
01922148834812	100111.918480	S	0.026126
01922149336424	100111.944605	W	2.022480
01922188168036	100113.967085	S	1.073293
01922208775264	100115.040378	W	0.014368
01922209051136	100115.054747	S	0.015259
01922209344108	100115.070006	W	0.005494
01922209449588	100115.075499	S	434.890474
01930559346696	100549.965974	W	0.005550
01930559453264	100549.971524	S	0.000763
01930559467916	100549.972287	W	1.273871
01930583926248	100551.246159	S	0.019088
01930584292728	100551.265246	W	0.014789
01930584576676	100551.280035	S	162.547491
01933705488504	100713.827526	W	0.005583
01933705595700	100713.833109	S	0.000840
01933705611836	100713.833950	W	2.083700
01933745618884	100715.917650	S	1.069963
01933766162180	100716.987614	W	0.014391
01933766438496	100717.002005	S	0.011409
01933766657548	100717.013414	W	0.005712
01933766767212	100717.019126	S	422.282274
01941874586872	101139.301400	W	0.004786
01941874678772	101139.306186	S	0.001529
01941874708136	101139.307715	W	0.411252
01941882604176	101139.718967	S	0.849177
01941898908376	101140.568145	W	0.014132
01941899179704	101140.582276	S	0.019419
01941899552544	101140.601695	W	0.005718
01941899662328	101140.607413	S	2.182968
01941941575312	101142.790381	W	0.005697
01941941684696	101142.796078	S	0.000802
01941941700092	101142.796880	W	0.121758
01941944037852	101142.918638	S	0.057895
01941945149428	101142.976533	W	0.015054
01941945438456	101142.991586	S	0.007495
01941945582368	101142.999082	W	0.015218
01941945874548	101143.014299	S	2.844672
01942000492248	101145.858971	W	0.004878
01942000585900	101145.863849	S	0.001555
01942000615760	101145.865404	W	0.202305
01942004500012	101146.067709	S	0.011531
01942004721412	101146.079240	W	0.014167
01942004993412	101146.093407	S	21.880985
01942425108324	101167.974392	W	0.004913
01942425202648	101167.979305	S	0.001657
01942425234472	101167.980962	W	1.537440
01942454753316	101169.518402	S	14.789037
01942738702836	101184.307439	W	2.015155
01942777393804	101186.322594	S	38.418180
01943515022852	101224.740774	W	0.013590
01943515283784	101224.754364	S	61.426063
01944694664188	101286.180426	W	0.013935
01944694931744	101286.194362	S	61.428055
01945874350408	101347.622417	W	0.013715
01945874613728	101347.636132	S	61.426175
01947053996288	101409.062307	W	0.013811
01947054261464	101409.076118	S	61.426204
01948233644576	101470.502322	W	0.023783
01948234101212	101470.526105	S	61.416014
01949413288680	101531.942119	W	0.013683
01949413551392	101531.955802	S	61.426238
01950592935168	101593.382040	W	0.013788
01950593199904	101593.395828	S	61.426685
01951772592260	101654.822514	W	0.013764
01951772856524	101654.836277	S	61.424889
01952952214396	101716.261166	W	0.013672
01952952476896	101716.274838	S	61.427606
01954131886924	101777.702444	W	0.023770
01954132343316	101777.726214	S	61.416276
01955311535812	101839.142490	W	0.013807
01955311800900	101839.156297	S	61.426101
01956491182040	101900.582398	W	0.013674
01956491444584	101900.596072	S	61.425058
01957670805704	101962.021130	W	0.013719
01957671069112	101962.034850	S	61.427612
01958850479260	102023.462461	W	0.013580
01958850739988	102023.476041	S	61.426075
01960030120624	102084.902116	W	0.013617
01960030382076	102084.915733	S	61.426241
01961209765908	102146.341974	W	0.013801
01961210030888	102146.355775	S	61.426634
01962389422260	102207.782409	W	0.013678
01962389684884	102207.796088	S	61.426333
01963569070480	102269.222421	W	0.013764
01963569334744	102269.236185	S	61.424779
01964748690500	102330.660964	W	0.013833
01964748956088	102330.674796	S	61.427498
01965928364056	102392.102295	W	0.013760
01965928628252	102392.116055	S	61.426034
01967108008112	102453.542089	W	0.013806
01967108273188	102453.555895	S	61.424898
01968287631228	102514.980793	W	0.013733
01968287894896	102514.994526	S	22.389734
01968717777796	102537.384260	W	0.114272
01968719971828	102537.498533	S	0.294220
01968725620856	102537.792753	W	0.015509
01968725918636	102537.808262	S	38.612174
01969467272368	102576.420436	W	0.013507
01969467531700	102576.433943	S	61.426504
01970646920584	102637.860447	W	0.013802
01970647185584	102637.874249	S	61.426587
01971826576056	102699.300836	W	0.013613
01971826837428	102699.314449	S	61.427979
01973006254620	102760.742428	W	0.013648
01973006516656	102760.756076	S	61.425355
01974185883476	102822.181431	W	0.013756
01974186147592	102822.195187	S	61.427269
01975365551148	102883.622456	W	0.013740
01975365814948	102883.636195	S	61.425007
01976545175092	102945.061203	W	0.013772
01976545439520	102945.074975	S	61.425642
01977724811844	103006.500617	W	0.013731
01977725075476	103006.514348	S	61.426235
01978904459188	103067.940583	W	0.013603
01978904720356	103067.954185	S	61.428288
01980084143492	103129.382474	W	0.013652
01980084405608	103129.396125	S	4.155764
01980164196268	103133.551889	W	0.113332
01980166372240	103133.665221	S	0.604431
01980177977316	103134.269652	W	0.015253
01980178270180	103134.284905	S	56.537347
01981263787244	103190.822252	W	0.013838
01981264052928	103190.836090	S	61.425104
01982443414928	103252.261194	W	0.013757
01982443679060	103252.274951	S	61.426212
01983623062328	103313.701163	W	0.013819
01983623327656	103313.714982	S	61.425426
01984802695844	103375.140409	W	0.013774
01984802960304	103375.154183	S	61.428476
01985982387036	103436.582658	W	0.013815
01985982652280	103436.596473	S	61.424745
01987162007388	103498.021218	W	0.013691
01987162270264	103498.034910	S	61.427320
01988341674800	103559.462229	W	0.013745
01988341938700	103559.475974	S	61.425100
01989521300628	103620.901074	W	0.013808
01989521565732	103620.914882	S	61.426299
01990700950668	103682.341181	W	0.013672
01990701213164	103682.354852	S	61.427430
01991880619820	103743.782282	W	0.013725
01991880883340	103743.796007	S	61.424787
01993060239256	103805.220795	W	0.013814
01993060504476	103805.234608	S	61.427854
01994239919264	103866.662462	W	0.013843
01994240185052	103866.676305	S	61.426250
01995419569048	103928.102555	W	0.013861
01995419835188	103928.116416	S	61.425908
01996599212616	103989.542324	W	0.013816
01996599477880	103989.556140	S	61.426375
01997778864280	104050.982515	W	0.013871
01997779130612	104050.996386	S	61.426166
01998958512996	104112.422552	W	0.013711
01998958776256	104112.436263	S	61.426029
02000138156008	104173.862292	W	0.013718
02000138419384	104173.876010	S	61.426501
02001317808200	104235.302510	W	0.013859
02001318074284	104235.316369	S	31.283332
02001918714260	104266.599701	W	0.113198
02001920887664	104266.712899	S	0.361363
02001927825828	104267.074262	W	0.015478
02001928123000	104267.089740	S	29.651019
02002497422556	104296.740758	W	0.013768
02002497686892	104296.754526	S	61.425924
02003677064640	104358.180450	W	0.013812
02003677329832	104358.194262	S	20.736891
02004075478148	104378.931154	W	2.034969
02004114549552	104380.966123	S	6.055133
02004230808104	104387.021255	W	3.703232
02004301910152	104390.724487	S	28.943242
02004857620392	104419.667729	W	0.013720
02004857883824	104419.681449	S	54.003842
02005894757592	104473.685291	W	0.027872
02005895292732	104473.713163	S	0.025859
02005895789224	104473.739022	W	0.014626
02005896070052	104473.753649	S	0.272501
02005901302076	104474.026150	W	0.015327
02005901596360	104474.041477	S	3.727069
02005973156084	104477.768546	W	0.015218
02005973448276	104477.783764	S	0.027912
02005973984196	104477.811677	W	0.040170
02005974755464	104477.851847	S	0.099590
02005976667588	104477.951437	W	0.014475
02005976945504	104477.965912	S	0.016223
02005977256988	104477.982135	W	0.014409
02005977533644	104477.996544	S	0.010783
02005977740668	104478.007326	W	0.014621
02005978021396	104478.021948	S	0.143169
02005980770232	104478.165116	W	0.015069
02005981059552	104478.180185	S	0.897833
02005998297936	104479.078017	W	0.015294
02005998591588	104479.093312	S	1.965965
02006036338116	104481.059277	W	0.014811
02006036622484	104481.074088	S	61.428384
02007216047464	104542.502472	W	0.023838
02007216505144	104542.526310	S	61.413671
02008395647628	104603.939981	W	0.014481
02008395925664	104603.954462	S	61.426505
02009575314552	104665.380966	W	0.013850
02009575580472	104665.394816	S	52.620383
02010585891832	104718.015200	W	2.019759
02010624671200	104720.034958	S	6.784330
02010754930328	104726.819288	W	0.014920
02010755216792	104726.834208	S	61.425826
02011934592652	104788.260034	W	0.015048
02011934881572	104788.275082	S	61.434231
02013114418804	104849.709313	W	0.014964
02013114706104	104849.724276	S	1.860726
02013150432052	104851.585003	W	2.019797
02013189212152	104853.604800	S	57.536257
02014293908280	104911.141056	W	0.013017
02014294158208	104911.154073	S	58.377251
02015415001428	104969.531324	W	2.035192
02015454077108	104971.566516	S	1.052728
02015474289492	104972.619244	W	0.013775
02015474553980	104972.633020	S	61.387025
02016653184868	105034.020045	W	0.014464
02016653462568	105034.034509	S	56.262941
02017733711040	105090.297450	W	3.738051
02017805481624	105094.035501	S	1.425042
02017832842440	105095.460544	W	0.013658
02017833104680	105095.474202	S	61.462452
02019013183764	105156.936654	W	0.013756
02019013447880	105156.950410	S	61.395615
02020192243684	105218.346025	W	0.013854
02020192509676	105218.359879	S	53.411972
02021218019540	105271.771851	W	2.020421
02021256811628	105273.792272	S	6.020333
02021372402028	105279.812606	W	0.013727
02021372665584	105279.826333	S	61.396077
02022551470268	105341.222410	W	0.013667
02022551732676	105341.236077	S	61.441454
02023731408596	105402.677531	W	0.015044
02023731697432	105402.692575	S	61.422073
02024911001232	105464.114647	W	0.014521
02024911280040	105464.129169	S	61.423379
02026090608920	105525.552548	W	0.013812
02026090874112	105525.566360	S	48.442978
02027020979296	105574.009338	W	2.027905
02027059915080	105576.037244	S	10.953649
02027270225136	105586.990893	W	0.013795
02027270489992	105587.004687	S	61.433800
02028450018960	105648.438487	W	0.013673
02028450281476	105648.452160	S	61.432303
02029629781692	105709.884463	W	0.013704
02029630044816	105709.898167	S	61.404138
02030809004260	105771.302305	W	0.013766
02030809268576	105771.316072	S	61.424445
02031988617912	105832.740516	W	0.013777
02031988882440	105832.754294	S	43.453992
02032823199088	105876.208286	W	2.055487
02032862664432	105878.263772	S	15.917120
02033168273132	105894.180892	W	0.013899
02033168540000	105894.194792	S	61.425583
02034347911188	105955.620374	W	0.013985
02034348179696	105955.634359	S	5.476609
02034453330592	105961.110968	W	0.027075
02034453850432	105961.138043	S	0.012827
02034454096712	105961.150870	W	0.013619
02034454358192	105961.164489	S	0.286575
02034459860432	105961.451064	W	0.015457
02034460157212	105961.466521	S	1.624270
02034491343192	105963.090791	W	0.045988
02034492226152	105963.136779	S	0.012975
02034492475280	105963.149754	W	0.014803
02034492759500	105963.164557	S	0.017481
02034493095136	105963.182038	W	0.014597
02034493375400	105963.196635	S	0.033467
02034494017976	105963.230103	W	0.014721
02034494300620	105963.244824	S	0.205457
02034498245388	105963.450281	W	0.015340
02034498539920	105963.465621	S	0.622814
02034510497944	105964.088435	W	0.015410
02034510793808	105964.103844	S	52.956615
02035527560808	106017.060459	W	0.013716
02035527824148	106017.074174	S	 - 

End : 3475558663, 106065.633026sec
