Start : 3333794509, 101739.334406sec

Sleep Statics
===== Client : 0 - WCN =====
Time Sleep : 1899991776468
Time Awake : 52937011936
Sleep : 97.289353% Awake : 2.710647%
Log available 18 ~ 101733sec
Client : 0, Discarded : 0
Client : 0, Discarded Time : 0

Time sclk	Time sec	Status	Duration
===== Client : 0 - WCN =====
00000348623964	00018.157498	S	0.040181
00000349395444	00018.197679	W	11.527433
00000570722156	00029.725112	S	16187.896258
00311378330304	16217.621370	W	29.644765
00311947509800	16247.266135	S	0.062391
00311948707716	16247.328527	W	0.070303
00311950057536	16247.398830	S	0.061118
00311951231004	16247.459948	W	0.013925
00311951498372	16247.473874	S	0.018333
00311951850368	16247.492207	W	3.709560
00312023073912	16251.201766	S	0.001889
00312023110180	16251.203655	W	1.292122
00312047918924	16252.495777	S	0.016320
00312048232272	16252.512098	W	0.222218
00312052498860	16252.734316	S	0.016433
00312052814368	16252.750748	W	0.096176
00312054660944	16252.846924	S	0.058389
00312055782008	16252.905313	W	0.094551
00312057597388	16252.999864	S	0.016462
00312057913460	16253.016326	W	0.639346
00312070188912	16253.655672	S	0.522237
00312080215860	16254.177909	W	191.283321
00315752855628	16445.461231	S	0.023691
00315753310504	16445.484922	W	0.027873
00315753845672	16445.512795	S	0.003241
00315753907904	16445.516037	W	0.042155
00315754717280	16445.558192	S	0.038187
00315755450476	16445.596379	W	0.014862
00315755735820	16445.611241	S	0.022817
00315756173900	16445.634057	W	1.990372
00315794389036	16447.624429	S	0.012890
00315794636516	16447.637319	W	0.342068
00315801204212	16447.979386	S	0.012246
00315801439340	16447.991632	W	0.015276
00315801732636	16448.006908	S	0.045682
00315802609724	16448.052590	W	0.154064
00315805567752	16448.206654	S	0.016553
00315805885576	16448.223207	W	0.121631
00315808220888	16448.344838	S	0.014797
00315808505000	16448.359635	W	0.187676
00315812108376	16448.547311	S	0.016573
00315812426576	16448.563884	W	0.325910
00315818684052	16448.889794	S	0.003505
00315818751344	16448.893299	W	0.106910
00315820804024	16449.000210	S	0.000904
00315820821388	16449.001114	W	0.245327
00315825531660	16449.246441	S	0.015533
00315825829900	16449.261974	W	0.248140
00315830594184	16449.510114	S	0.021559
00315831008124	16449.531673	W	0.178027
00315834426236	16449.709700	S	0.016338
00315834739920	16449.726038	W	0.361860
00315841687624	16450.087897	S	0.016288
00315842000348	16450.104185	W	0.257447
00315846943328	16450.361632	S	0.014095
00315847213960	16450.375727	W	0.061907
00315848402580	16450.437634	S	0.016426
00315848717956	16450.454060	W	0.127243
00315851161024	16450.581303	S	0.016507
00315851477960	16450.597810	W	0.647145
00315863903144	16451.244955	S	0.015009
00315864191320	16451.259965	W	16.207998
00316175384872	16467.467962	S	0.015895
00316175690064	16467.483857	W	0.258715
00316180657384	16467.742572	S	0.016611
00316180976320	16467.759183	W	0.279232
00316186337576	16468.038415	S	0.004018
00316186414712	16468.042433	W	7.234726
00316325321448	16475.277159	S	0.016020
00316325629040	16475.293179	W	6.399430
00316448498096	16481.692609	S	0.016467
00316448814264	16481.709076	W	0.309084
00316454748680	16482.018160	S	0.134745
00316457335788	16482.152906	W	0.013447
00316457593972	16482.166353	S	0.056698
00316458682572	16482.223051	W	0.868853
00316475364552	16483.091904	S	0.001577
00316475394828	16483.093481	W	0.061239
00316476570624	16483.154720	S	0.031150
00316477168712	16483.185870	W	0.014730
00316477451520	16483.200600	S	0.281067
00316482848004	16483.481667	W	0.015857
00316483152460	16483.497524	S	0.348710
00316489847692	16483.846234	W	0.307654
00316495754640	16484.153888	S	0.015762
00316496057280	16484.169650	W	0.062163
00316497250812	16484.231813	S	0.076493
00316498719480	16484.308306	W	0.215918
00316502865104	16484.524224	S	0.005217
00316502965280	16484.529442	W	0.101406
00316504912268	16484.630847	S	0.016683
00316505232576	16484.647530	W	0.846048
00316521476692	16485.493578	S	0.016466
00316521792840	16485.510044	W	0.060882
00316522961768	16485.570925	S	0.267323
00316528094360	16485.838248	W	0.235394
00316532613932	16486.073642	S	0.015312
00316532907932	16486.088955	W	0.401309
00316540613068	16486.490264	S	0.015354
00316540907860	16486.505618	W	0.068958
00316542231848	16486.574575	S	0.440236
00316550684380	16487.014811	W	0.015484
00316550981664	16487.030295	S	0.171201
00316554268724	16487.201496	W	0.013889
00316554535388	16487.215385	S	0.215820
00316558679132	16487.431205	W	0.187638
00316562281788	16487.618843	S	0.015126
00316562572208	16487.633969	W	0.934363
00316580511984	16488.568332	S	0.239575
00316585111824	16488.807907	W	0.237178
00316589665636	16489.045085	S	0.014994
00316589953520	16489.060079	W	0.074438
00316591382732	16489.134517	S	0.032094
00316591998936	16489.166611	W	0.013685
00316592261692	16489.180296	S	0.033254
00316592900164	16489.213550	W	0.012389
00316593138040	16489.225940	S	0.344859
00316599759340	16489.570799	W	0.015658
00316600059980	16489.586457	S	0.143088
00316602807276	16489.729546	W	4.252281
00316684451068	16493.981826	S	0.014785
00316684734932	16493.996611	W	0.210560
00316688777676	16494.207171	S	0.009543
00316688960900	16494.216714	W	0.016014
00316689268372	16494.232728	S	0.003180
00316689329436	16494.235908	W	0.135340
00316691927968	16494.371248	S	0.014665
00316692209536	16494.385913	W	0.096223
00316694057020	16494.482136	S	0.014001
00316694325844	16494.496138	W	0.086461
00316695985896	16494.582599	S	0.015348
00316696280576	16494.597947	W	0.168646
00316699518584	16494.766593	S	0.001580
00316699548928	16494.768173	W	0.100179
00316701472356	16494.868352	S	0.005014
00316701568632	16494.873366	W	0.154354
00316704532232	16495.027720	S	0.014934
00316704818956	16495.042654	W	0.104447
00316706824336	16495.147101	S	0.015170
00316707115596	16495.162271	W	0.170196
00316710383368	16495.332467	S	0.014798
00316710667488	16495.347265	W	0.070024
00316712011956	16495.417289	S	0.046645
00316712907544	16495.463935	W	0.086825
00316714574584	16495.550760	S	0.006790
00316714704944	16495.557549	W	0.089431
00316716422024	16495.646980	S	0.002456
00316716469176	16495.649436	W	0.250688
00316721282376	16495.900124	S	0.015541
00316721580760	16495.915665	W	0.092671
00316723360036	16496.008335	S	0.016796
00316723682512	16496.025131	W	0.072088
00316725066596	16496.097219	S	0.083265
00316726665292	16496.180484	W	0.121052
00316728989496	16496.301536	S	0.003397
00316729054716	16496.304933	W	0.061904
00316730243268	16496.366837	S	0.018673
00316730601792	16496.385510	W	0.085972
00316732252456	16496.471482	S	0.015402
00316732548176	16496.486884	W	0.378739
00316739819968	16496.865623	S	0.015047
00316740108868	16496.880670	W	0.351740
00316746862284	16497.232411	S	0.014833
00316747147072	16497.247243	W	0.352751
00316753919888	16497.599994	S	0.014311
00316754194668	16497.614306	W	0.450939
00316762852696	16498.065245	S	0.015118
00316763142956	16498.080362	W	4.087598
00316841624832	16502.167960	S	0.014822
00316841909408	16502.182782	W	0.062049
00316843100748	16502.244831	S	0.032263
00316843720196	16502.277094	W	0.021775
00316844138276	16502.298869	S	0.205299
00316848080012	16502.504167	W	2.655469
00316899065008	16505.159636	S	0.140216
00316901757156	16505.299852	W	0.013708
00316902020356	16505.313560	S	0.271644
00316907235920	16505.585204	W	0.015337
00316907530388	16505.600541	S	0.256636
00316912457800	16505.857177	W	0.094103
00316914264584	16505.951280	S	0.221434
00316918516112	16506.172714	W	0.084847
00316920145176	16506.257561	S	0.050774
00316921120044	16506.308336	W	0.013904
00316921386996	16506.322239	S	0.079250
00316922908592	16506.401489	W	0.243296
00316927579868	16506.644785	S	0.016282
00316927892484	16506.661067	W	0.136541
00316930514068	16506.797608	S	0.045127
00316931380504	16506.842735	W	0.144826
00316934161156	16506.987560	S	0.015027
00316934449680	16507.002587	W	0.063046
00316935660156	16507.065633	S	0.060807
00316936827656	16507.126440	W	0.234692
00316941333740	16507.361132	S	0.012917
00316941581748	16507.374049	W	0.130103
00316944079732	16507.504153	S	0.015059
00316944368864	16507.519212	W	0.192357
00316948062124	16507.711569	S	0.015130
00316948352616	16507.726699	W	0.202148
00316952233856	16507.928847	S	0.082871
00316953824984	16508.011718	W	0.111091
00316955957924	16508.122809	S	0.016262
00316956270152	16508.139070	W	0.061418
00316957449372	16508.200488	S	0.063398
00316958666616	16508.263886	W	0.084849
00316960295724	16508.348736	S	0.015572
00316960594712	16508.364308	W	0.058775
00316961723188	16508.423083	S	0.046253
00316962611240	16508.469335	W	0.087163
00316964284764	16508.556498	S	0.015054
00316964573796	16508.571552	W	0.063291
00316965788988	16508.634843	S	0.038762
00316966533220	16508.673605	W	0.088132
00316968225360	16508.761738	S	0.015576
00316968524428	16508.777314	W	0.063318
00316969740140	16508.840632	S	0.016137
00316970049972	16508.856769	W	0.015977
00316970356724	16508.872746	S	0.005594
00316970464132	16508.878340	W	0.177179
00316973865960	16509.055519	S	0.027670
00316974397216	16509.083188	W	0.087876
00316976084428	16509.171064	S	0.015043
00316976373244	16509.186106	W	0.126980
00316978811252	16509.313086	S	0.015276
00316979104556	16509.328362	W	0.088022
00316980794576	16509.416384	S	0.014812
00316981078972	16509.431196	W	0.081066
00316982635440	16509.512263	S	0.082860
00316984226356	16509.595123	W	0.091012
00316985973788	16509.686135	S	0.003290
00316986036948	16509.689424	W	0.088023
00316987726988	16509.777447	S	0.015901
00316988032288	16509.793348	W	0.141010
00316990739676	16509.934358	S	0.014870
00316991025180	16509.949228	W	0.075041
00316992465964	16510.024269	S	0.082849
00316994056664	16510.107118	W	0.177084
00316997456684	16510.284202	S	0.027816
00316997990744	16510.312018	W	0.087177
00316999664536	16510.399195	S	0.015089
00316999954252	16510.414284	W	0.063118
00317001166108	16510.477401	S	0.039352
00317001921668	16510.516754	W	0.191126
00317005591288	16510.707880	S	0.015086
00317005880944	16510.722966	W	0.157575
00317008906384	16510.880541	S	0.015321
00317009200544	16510.895862	W	0.264989
00317014288336	16511.160851	S	0.015749
00317014590716	16511.176600	W	0.140245
00317017283420	16511.316845	S	0.015185
00317017574980	16511.332030	W	0.058715
00317018702308	16511.390745	S	0.047581
00317019615868	16511.438326	W	0.084301
00317021234456	16511.522628	S	0.015805
00317021537904	16511.538433	W	0.124266
00317023923812	16511.662699	S	0.002732
00317023976260	16511.665430	W	0.063270
00317025191044	16511.728700	S	0.221736
00317029448372	16511.950436	W	0.087798
00317031134096	16512.038234	S	0.015157
00317031425116	16512.053391	W	0.063022
00317032635132	16512.116413	S	0.141176
00317035345720	16512.257590	W	0.083306
00317036945192	16512.340895	S	0.009312
00317037123976	16512.350207	W	0.065965
00317038390504	16512.416172	S	0.520525
00317048384592	16512.936698	W	0.015918
00317048690212	16512.952615	S	0.338926
00317055197600	16513.291542	W	0.014097
00317055468260	16513.305639	S	0.055790
00317056539420	16513.361428	W	0.022325
00317056968060	16513.383753	S	0.204145
00317060887640	16513.587898	W	0.092570
00317062664988	16513.680468	S	0.215691
00317066806252	16513.896159	W	0.086010
00317068457640	16513.982169	S	0.252515
00317073305920	16514.234683	W	0.015827
00317073609804	16514.250511	S	0.123263
00317075976448	16514.373773	W	0.014005
00317076245352	16514.387779	S	0.994021
00317095330560	16515.381800	W	0.023725
00317095786080	16515.405525	S	0.913449
00317113324292	16516.318974	W	0.021517
00317113737420	16516.340491	S	0.055867
00317114810064	16516.396358	W	0.013463
00317115068548	16516.409820	S	0.045340
00317115939072	16516.455160	W	0.093680
00317117737736	16516.548840	S	0.112183
00317119891648	16516.661023	W	0.013711
00317120154900	16516.674734	S	0.118757
00317122435036	16516.793491	W	0.015903
00317122740368	16516.809394	S	0.056052
00317123816576	16516.865447	W	0.086806
00317125483252	16516.952253	S	0.425745
00317133657564	16517.377998	W	0.013245
00317133911860	16517.391243	S	0.014861
00317134197184	16517.406103	W	0.014031
00317134466572	16517.420134	S	0.674350
00317147414092	16518.094484	W	0.013228
00317147668068	16518.107712	S	0.307646
00317153574880	16518.415358	W	0.013876
00317153841308	16518.429235	S	0.177232
00317157244172	16518.606467	W	0.082723
00317158832448	16518.689190	S	0.224315
00317163139300	16518.913505	W	0.081236
00317164699040	16518.994742	S	0.346982
00317171361088	16519.341723	W	0.013693
00317171623988	16519.355416	S	0.066829
00317172907108	16519.422245	W	0.012594
00317173148908	16519.434839	S	0.993636
00317192226720	16520.428475	W	0.022634
00317192661284	16520.451109	S	0.408509
00317200504660	16520.859618	W	0.089271
00317202218672	16520.948889	S	0.217661
00317206397756	16521.166550	W	0.084312
00317208016556	16521.250862	S	0.192681
00317211716024	16521.443543	W	0.023444
00317212166148	16521.466987	S	0.104779
00317214177896	16521.571765	W	0.013494
00317214436984	16521.585260	S	0.400626
00317222128996	16521.985885	W	0.014149
00317222400664	16522.000035	S	0.356842
00317229252032	16522.356877	W	0.023419
00317229701672	16522.380295	S	0.075063
00317231142872	16522.455358	W	0.013595
00317231403892	16522.468953	S	0.233725
00317235891412	16522.702678	W	0.014166
00317236163400	16522.716844	S	0.748481
00317250534228	16523.465324	W	0.013472
00317250792892	16523.478796	S	0.042237
00317251603848	16523.521034	W	0.013334
00317251859856	16523.534368	S	0.503693
00317261530768	16524.038061	W	0.013447
00317261788948	16524.051508	S	0.421733
00317269886220	16524.473241	W	0.014817
00317270170708	16524.488058	S	0.897254
00317287397988	16525.385312	W	0.013605
00317287659196	16525.398916	S	0.083844
00317289269004	16525.482761	W	0.014174
00317289541152	16525.496935	S	0.789721
00317304703800	16526.286656	W	0.125869
00317307120480	16526.412525	S	0.015403
00317307416216	16526.427928	W	0.091332
00317309169792	16526.519260	S	0.074370
00317310597700	16526.593630	W	0.085451
00317312238360	16526.679081	S	0.016086
00317312547216	16526.695167	W	0.124291
00317314933600	16526.819458	S	0.003116
00317314993436	16526.822575	W	0.066060
00317316261796	16526.888635	S	0.114652
00317318463120	16527.003287	W	0.126515
00317320892216	16527.129803	S	0.013258
00317321146768	16527.143061	W	0.103154
00317323127320	16527.246215	S	0.166634
00317326326688	16527.412848	W	0.124155
00317328710456	16527.537003	S	0.013540
00317328970432	16527.550543	W	0.091138
00317330720288	16527.641682	S	0.078318
00317332223988	16527.719999	W	0.086908
00317333892620	16527.806907	S	0.425326
00317342058872	16528.232233	W	0.126820
00317344493808	16528.359052	S	0.013493
00317344752880	16528.372546	W	0.140610
00317347452596	16528.513156	S	0.001754
00317347486280	16528.514910	W	0.113053
00317349656896	16528.627963	S	0.014132
00317349928240	16528.642096	W	0.065860
00317351192756	16528.707956	S	0.543155
00317361621328	16529.251111	W	0.014240
00317361894744	16529.265351	S	0.260386
00317366894160	16529.525738	W	0.023562
00317367346556	16529.549300	S	0.423515
00317375478036	16529.972814	W	0.181533
00317378963476	16530.154348	S	0.125723
00317381377360	16530.280071	W	0.178223
00317384799244	16530.458294	S	0.026593
00317385309832	16530.484887	W	0.084291
00317386928224	16530.569178	S	0.281772
00317392338240	16530.850950	W	0.015702
00317392639720	16530.866652	S	0.571157
00317403605936	16531.437809	W	0.013621
00317403867456	16531.451430	S	0.056523
00317404952700	16531.507953	W	0.237941
00317409521168	16531.745894	S	0.013329
00317409777084	16531.759223	W	0.089256
00317411490804	16531.848479	S	0.282446
00317416913760	16532.130925	W	0.015823
00317417217568	16532.146748	S	0.409304
00317425076208	16532.556053	W	0.022996
00317425517736	16532.579049	S	0.675268
00317438482884	16533.254317	W	0.238791
00317443067672	16533.493108	S	0.013859
00317443333764	16533.506967	W	0.078696
00317444844728	16533.585663	S	0.380943
00317452158832	16533.966606	W	0.085118
00317453793096	16534.051724	S	0.119534
00317456088140	16534.171257	W	0.087220
00317457762756	16534.258477	S	0.116688
00317460003172	16534.375165	W	0.086344
00317461660968	16534.461509	S	0.003701
00317461732020	16534.465209	W	0.014114
00317462003004	16534.479323	S	0.096868
00317463862864	16534.576191	W	0.013702
00317464125944	16534.589893	S	0.123422
00317466495652	16534.713315	W	0.015936
00317466801632	16534.729252	S	0.855631
00317483229756	16535.584883	W	0.022045
00317483653024	16535.606928	S	0.992521
00317502709428	16536.599449	W	0.023781
00317503166024	16536.623230	S	0.870568
00317519880936	16537.493799	W	0.021211
00317520288184	16537.515010	S	0.098943
00317522187888	16537.613952	W	0.014078
00317522458184	16537.628030	S	0.995720
00317541576004	16538.623750	W	0.021842
00317541995368	16538.645592	S	0.990730
00317561017380	16539.636322	W	0.014174
00317561289512	16539.650495	S	0.870950
00317578011760	16540.521446	W	0.021806
00317578430432	16540.543252	S	0.104853
00317580443608	16540.648105	W	0.023503
00317580894860	16540.671607	S	0.360644
00317587819228	16541.032251	W	0.084281
00317589437428	16541.116533	S	0.120251
00317591746256	16541.236784	W	0.088543
00317593446284	16541.325327	S	0.115472
00317595663344	16541.440799	W	0.128690
00317598134192	16541.569489	S	0.013640
00317598396080	16541.583129	W	0.104354
00317600399680	16541.687483	S	0.060382
00317601559024	16541.747866	W	0.087350
00317603236148	16541.835216	S	0.251084
00317608056952	16542.086300	W	0.015811
00317608360520	16542.102110	S	0.158461
00317611402968	16542.260571	W	0.086975
00317613072884	16542.347546	S	0.118072
00317615339876	16542.465619	W	0.087109
00317617012360	16542.552727	S	0.460244
00317625849052	16543.012971	W	0.015938
00317626155060	16543.028909	S	0.526536
00317636264556	16543.555446	W	0.021883
00317636684716	16543.577329	S	2.575000
00317686124720	16546.152329	W	0.128942
00317688600404	16546.281271	S	0.013414
00317688857948	16546.294685	W	0.092522
00317690634380	16546.387207	S	0.174368
00317693982252	16546.561576	W	0.129710
00317696472684	16546.691286	S	0.013363
00317696729252	16546.704649	W	0.082708
00317698317252	16546.787357	S	0.334270
00317704735232	16547.121627	W	0.083548
00317706339356	16547.205175	S	0.073096
00317707742800	16547.278271	W	0.083001
00317709336412	16547.361271	S	0.016584
00317709654820	16547.377855	W	0.057850
00317710765540	16547.435705	S	0.149848
00317713642628	16547.585554	W	0.086809
00317715309368	16547.672363	S	0.013668
00317715571796	16547.686031	W	0.065339
00317716826296	16547.751370	S	0.393612
00317724383652	16548.144982	W	0.016105
00317724692872	16548.161087	S	1.442759
00317752393852	16549.603846	W	0.014184
00317752666184	16549.618030	S	0.629843
00317764759164	16550.247873	W	0.127774
00317767212420	16550.375647	S	0.015433
00317767508736	16550.391080	W	0.079774
00317769040388	16550.470854	S	0.084266
00317770658304	16550.555120	W	0.121538
00317772991828	16550.676658	S	0.015000
00317773279820	16550.691657	W	0.097309
00317775148152	16550.788966	S	0.245104
00317779854152	16551.034070	W	0.015718
00317780155940	16551.049789	S	0.426943
00317788353244	16551.476731	W	0.086267
00317790009580	16551.562999	S	0.421720
00317798106608	16551.984719	W	0.092813
00317799888612	16552.077532	S	0.533040
00317810122972	16552.610571	W	0.024305
00317810589624	16552.634876	S	0.387251
00317818024844	16553.022127	W	0.139978
00317820712420	16553.162105	S	0.013948
00317820980220	16553.176053	W	0.093530
00317822776000	16553.269583	S	0.050277
00317823741324	16553.319861	W	0.083207
00317825338900	16553.403068	S	0.121734
00317827676200	16553.524802	W	0.128256
00317830138708	16553.653058	S	0.001484
00317830167200	16553.654542	W	0.094776
00317831986908	16553.749318	S	0.016593
00317832305500	16553.765911	W	0.087219
00317833980096	16553.853130	S	0.016610
00317834299000	16553.869740	W	0.082027
00317835873924	16553.951767	S	0.260128
00317840868380	16554.211895	W	0.015244
00317841161060	16554.227139	S	0.423998
00317849301820	16554.651136	W	0.124287
00317851688128	16554.775423	S	0.015861
00317851992656	16554.791284	W	0.287609
00317857514740	16555.078893	S	0.015904
00317857820100	16555.094797	W	0.138729
00317860483700	16555.233526	S	0.015143
00317860774448	16555.248669	W	0.141023
00317863482092	16555.389692	S	0.013850
00317863748020	16555.403543	W	0.090606
00317865487664	16555.494149	S	0.013430
00317865745520	16555.507579	W	0.092043
00317867512748	16555.599622	S	0.013240
00317867766960	16555.612862	W	0.082898
00317869358596	16555.695760	S	0.001585
00317869389036	16555.697346	W	0.014146
00317869660644	16555.711492	S	0.270911
00317874862128	16555.982403	W	0.087340
00317876539052	16556.069742	S	0.014765
00317876822540	16556.084507	W	0.063669
00317878044992	16556.148177	S	0.302735
00317883857512	16556.450912	W	0.015794
00317884160756	16556.466706	S	0.239999
00317888768744	16556.706705	W	0.013292
00317889023956	16556.719998	S	0.997342
00317908172928	16557.717340	W	0.013564
00317908433360	16557.730904	S	0.000772
00317908448180	16557.731676	W	0.014519
00317908726944	16557.746195	S	0.343216
00317915316684	16558.089411	W	0.087987
00317917006028	16558.177397	S	0.160220
00317920082248	16558.337617	W	0.086424
00317921741580	16558.424041	S	0.118329
00317924013504	16558.542370	W	0.089935
00317925740248	16558.632305	S	0.013096
00317925991696	16558.645401	W	0.013656
00317926253896	16558.659057	S	0.004811
00317926346272	16558.663868	W	0.014036
00317926615756	16558.677904	S	0.056221
00317927695208	16558.734125	W	0.023615
00317928148624	16558.757741	S	0.253699
00317933019648	16559.011440	W	0.016072
00317933328224	16559.027512	S	0.718691
00317947127088	16559.746202	W	0.014145
00317947398672	16559.760347	S	0.164503
00317950557124	16559.924850	W	0.083724
00317952164616	16560.008574	S	0.069576
00317953500472	16560.078150	W	0.089532
00317955219488	16560.167682	S	0.115477
00317957436652	16560.283159	W	0.086315
00317959093900	16560.369474	S	0.118436
00317961367880	16560.487910	W	0.083932
00317962979376	16560.571843	S	0.018558
00317963335696	16560.590401	W	0.368070
00317970402644	16560.958471	S	0.726402
00317984349556	16561.684873	W	0.021348
00317984759436	16561.706221	S	0.055353
00317985822220	16561.761574	W	0.023195
00317986267564	16561.784769	S	0.990468
00318005284552	16562.775237	W	0.021491
00318005697188	16562.796729	S	0.992480
00318024752796	16563.789208	W	0.013647
00318025014824	16563.802855	S	0.002456
00318025061984	16563.805312	W	0.013999
00318025330768	16563.819311	S	0.891407
00318042445788	16564.710718	W	0.021651
00318042861484	16564.732369	S	0.074291
00318044287876	16564.806660	W	0.014160
00318044559752	16564.820820	S	0.889500
00318061638148	16565.710320	W	0.082352
00318063219304	16565.792672	S	0.023974
00318063679612	16565.816646	W	0.013625
00318063941212	16565.830271	S	0.220934
00318068183148	16566.051206	W	0.015219
00318068475344	16566.066424	S	0.758005
00318083029048	16566.824430	W	0.014388
00318083305300	16566.838818	S	0.408121
00318091141232	16567.246939	W	0.013246
00318091395552	16567.260185	S	0.248147
00318096159976	16567.508332	W	0.089592
00318097880140	16567.597924	S	0.058125
00318098996132	16567.656049	W	0.123268
00318101362872	16567.779316	S	0.053656
00318102393072	16567.832973	W	0.014085
00318102663512	16567.847058	S	0.013737
00318102927264	16567.860795	W	0.087061
00318104598844	16567.947856	S	0.015433
00318104895152	16567.963289	W	0.148073
00318107738156	16568.111362	S	0.013260
00318107992756	16568.124623	W	0.096186
00318109839532	16568.220809	S	0.049673
00318110793256	16568.270482	W	0.085500
00318112434852	16568.355982	S	0.014097
00318112705508	16568.370079	W	0.058872
00318113835852	16568.428951	S	0.417629
00318121854332	16568.846580	W	0.022429
00318122284964	16568.869009	S	0.993122
00318141352904	16569.862130	W	0.022414
00318141783256	16569.884545	S	0.843452
00318157977528	16570.727996	W	0.126642
00318160409048	16570.854638	S	0.013158
00318160661684	16570.867796	W	0.085979
00318162312484	16570.953775	S	0.170814
00318165592120	16571.124590	W	0.092758
00318167373080	16571.217348	S	0.124900
00318169771152	16571.342248	W	0.085587
00318171414424	16571.427835	S	0.119243
00318173703884	16571.547077	W	0.083812
00318175313068	16571.630889	S	0.257410
00318180255336	16571.888299	W	0.013950
00318180523168	16571.902248	S	0.995318
00318199633276	16572.897566	W	0.014320
00318199908228	16572.911887	S	0.870955
00318216630572	16573.782842	W	0.022561
00318217063752	16573.805404	S	0.099950
00318218982796	16573.905354	W	0.023072
00318219425776	16573.928426	S	0.990848
00318238450064	16574.919274	W	0.021592
00318238864628	16574.940866	S	0.992003
00318257911088	16575.932869	W	0.021813
00318258329892	16575.954682	S	0.856808
00318274780600	16576.811490	W	0.021890
00318275200888	16576.833380	S	0.110401
00318277320596	16576.943781	W	0.014807
00318277604884	16576.958588	S	0.995348
00318296715556	16577.953935	W	0.014048
00318296985276	16577.967983	S	1.868021
00318332851284	16579.836004	W	0.022735
00318333287788	16579.858739	S	3.003926
00318390963172	16582.862665	W	0.023129
00318391407240	16582.885794	S	2.485409
00318439127092	16585.371203	W	0.127599
00318441577000	16585.498802	S	0.013531
00318441836788	16585.512333	W	0.082951
00318443429452	16585.595284	S	0.295170
00318449096720	16585.890454	W	0.013737
00318449360468	16585.904191	S	3.004646
00318507049676	16588.908837	W	0.013749
00318507313660	16588.922586	S	1.465338
00318535448148	16590.387924	W	0.087508
00318537128296	16590.475432	S	0.124817
00318539524776	16590.600249	W	0.116687
00318541765168	16590.716936	S	0.307720
00318547673396	16591.024656	W	0.016007
00318547980736	16591.040663	S	0.821128
00318563746396	16591.861791	W	0.132601
00318566292336	16591.994393	S	0.016035
00318566600204	16592.010427	W	0.380994
00318573915284	16592.391421	S	0.014416
00318574192068	16592.405837	W	0.065464
00318575448980	16592.471301	S	0.013329
00318575704896	16592.484630	W	0.075427
00318577153104	16592.560057	S	0.370550
00318584267672	16592.930608	W	0.016254
00318584579748	16592.946862	S	0.104349
00318586583244	16593.051211	W	0.087205
00318588257580	16593.138416	S	0.434310
00318596596324	16593.572725	W	0.015996
00318596903440	16593.588721	S	1.353319
00318622887172	16594.942040	W	0.014026
00318623156472	16594.956066	S	0.208561
00318627160848	16595.164627	W	0.085516
00318628802764	16595.250144	S	0.053806
00318629835844	16595.303950	W	0.086736
00318631501168	16595.390686	S	0.323105
00318637704788	16595.713791	W	0.088957
00318639412756	16595.802748	S	0.328067
00318645711640	16596.130815	W	0.015876
00318646016460	16596.146691	S	1.816366
00318680890688	16597.963057	W	0.012515
00318681130968	16597.975571	S	2.652312
00318732055360	16600.627883	W	0.124592
00318734447532	16600.752476	S	0.081171
00318736006008	16600.833646	W	0.087425
00318737684572	16600.921071	S	0.068537
00318739000480	16600.989608	W	0.022194
00318739426596	16601.011802	S	0.253566
00318744295056	16601.265368	W	0.016123
00318744604620	16601.281491	S	1.606510
00318775449612	16602.888001	W	0.085402
00318777089328	16602.973402	S	0.112968
00318779258312	16603.086370	W	0.082934
00318780850652	16603.169305	S	0.224360
00318785158364	16603.393665	W	0.088279
00318786853320	16603.481944	S	0.332712
00318793241384	16603.814655	W	0.016001
00318793548604	16603.830656	S	0.183847
00318797078460	16604.014503	W	0.024584
00318797550476	16604.039087	S	1.665349
00318829525180	16605.704436	W	0.088541
00318831225160	16605.792977	S	0.258607
00318836190420	16606.051584	W	0.089370
00318837906316	16606.140954	S	0.251017
00318842725848	16606.391971	W	0.016038
00318843033784	16606.408010	S	0.632534
00318855178428	16607.040543	W	0.014421
00318855455312	16607.054964	S	3.008515
00318913218792	16610.063479	W	0.014365
00318913494592	16610.077843	S	2.634464
00318964076308	16612.712308	W	0.122470
00318966427728	16612.834778	S	0.081948
00318968001136	16612.916726	W	0.088457
00318969699504	16613.005183	S	0.082027
00318971274424	16613.087210	W	0.022430
00318971705080	16613.109640	S	0.315011
00318977753284	16613.424650	W	0.013505
00318978012576	16613.438155	S	2.672915
00319029332552	16616.111070	W	0.014387
00319029608792	16616.125458	S	0.785636
00319044693008	16616.911094	W	0.013656
00319044955208	16616.924750	S	0.002542
00319045004020	16616.927293	W	0.015353
00319045298804	16616.942646	S	0.630010
00319057394992	16617.572656	W	0.089292
00319059109404	16617.661948	S	0.067720
00319060409624	16617.729668	W	0.090307
00319062143516	16617.819975	S	0.390517
00319069641436	16618.210491	W	0.015975
00319069948160	16618.226467	S	0.908185
00319087385316	16619.134652	W	0.021518
00319087798468	16619.156170	S	2.998132
00319145362604	16622.154302	W	0.014205
00319145635340	16622.168507	S	0.431327
00319153916820	16622.599834	W	0.489262
00319163310652	16623.089096	S	0.013635
00319163572440	16623.102731	W	0.075539
00319165022780	16623.178270	S	0.472274
00319174090440	16623.650544	W	0.016171
00319174400928	16623.666715	S	0.188488
00319178019888	16623.855202	W	0.022261
00319178447292	16623.877463	S	0.992181
00319197497168	16624.869644	W	0.023039
00319197939520	16624.892683	S	0.277367
00319203264976	16625.170051	W	0.013455
00319203523304	16625.183505	S	0.702209
00319217005708	16625.885714	W	0.013736
00319217269440	16625.899450	S	0.000964
00319217287956	16625.900414	W	0.014473
00319217565836	16625.914887	S	0.985234
00319236482320	16626.900121	W	0.013785
00319236746984	16626.913905	S	0.851194
00319253089916	16627.765100	W	0.086074
00319254742540	16627.851174	S	0.057037
00319255837656	16627.908211	W	0.014314
00319256112488	16627.922525	S	0.222743
00319260389156	16628.145269	W	0.016036
00319260697044	16628.161304	S	0.034266
00319261354960	16628.195571	W	0.013975
00319261623288	16628.209546	S	0.712577
00319275304776	16628.922124	W	0.022484
00319275736460	16628.944607	S	0.993909
00319294819508	16629.938516	W	0.023172
00319295264408	16629.961688	S	0.991641
00319314303920	16630.953329	W	0.013632
00319314565648	16630.966961	S	0.257037
00319319500768	16631.223998	W	0.022921
00319319940844	16631.246919	S	0.722018
00319333803584	16631.968937	W	0.013754
00319334067652	16631.982690	S	0.854586
00319350475696	16632.837276	W	0.084512
00319352098332	16632.921788	S	0.055008
00319353154480	16632.976796	W	0.013873
00319353420844	16632.990669	S	0.260634
00319358425012	16633.251303	W	0.015970
00319358731636	16633.267273	S	0.719284
00319372541888	16633.986557	W	0.013998
00319372810648	16634.000555	S	0.254948
00319377705648	16634.255503	W	0.013976
00319377973992	16634.269479	S	0.728849
00319391967888	16634.998328	W	0.014198
00319392240488	16635.012525	S	0.001671
00319392272568	16635.014196	W	0.013737
00319392536316	16635.027933	S	0.985541
00319411458696	16636.013474	W	0.021652
00319411874420	16636.035126	S	0.990977
00319430901184	16637.026103	W	0.021704
00319431317904	16637.047807	S	0.231849
00319435769396	16637.279656	W	0.023036
00319436211688	16637.302692	S	0.734215
00319450308624	16638.036908	W	0.013353
00319450565000	16638.050260	S	0.995245
00319469673696	16639.045505	W	0.014160
00319469945560	16639.059665	S	0.994659
00319489043008	16640.054323	W	0.013916
00319489310204	16640.068240	S	0.243015
00319493976088	16640.311255	W	0.023586
00319494428948	16640.334841	S	0.729196
00319508429504	16641.064037	W	0.022106
00319508853948	16641.086143	S	0.992542
00319527910760	16642.078685	W	0.022157
00319528336180	16642.100843	S	0.989880
00319547341876	16643.090723	W	0.013206
00319547595440	16643.103929	S	0.234901
00319552105536	16643.338830	W	0.023028
00319552547668	16643.361858	S	3.005360
00319610250576	16646.367217	W	0.021687
00319610666964	16646.388904	S	0.529593
00319620835156	16646.918498	W	0.013628
00319621096812	16646.932126	S	1.022897
00319640736436	16647.955023	W	0.013422
00319640994144	16647.968445	S	1.420940
00319668276192	16649.389385	W	0.013786
00319668540876	16649.403171	S	2.532556
00319717165960	16651.935727	W	0.014257
00319717439704	16651.949985	S	0.084073
00319719053904	16652.034058	W	0.013370
00319719310600	16652.047427	S	0.002301
00319719354772	16652.049728	W	0.013895
00319719621564	16652.063623	S	0.346967
00319726283340	16652.410591	W	0.021881
00319726703448	16652.432471	S	3.007600
00319784449372	16655.440071	W	0.022454
00319784880480	16655.462525	S	3.008804
00319842649516	16658.471329	W	0.021228
00319843057100	16658.492557	S	3.002357
00319900702352	16661.494914	W	0.013834
00319900967960	16661.508748	S	0.309261
00319906905776	16661.818009	W	0.014036
00319907175268	16661.832045	S	0.235832
00319911703240	16662.067877	W	0.124748
00319914098404	16662.192625	S	0.182509
00319917602576	16662.375134	W	0.127791
00319920056172	16662.502926	S	0.013232
00319920310228	16662.516158	W	0.085778
00319921957164	16662.601936	S	0.408388
00319929798216	16663.010324	W	0.015793
00319930101432	16663.026116	S	1.485734
00319958627532	16664.511851	W	0.022555
00319959060596	16664.534406	S	2.606833
00320009111788	16667.141239	W	0.085737
00320010757932	16667.226976	S	0.264223
00320015831008	16667.491198	W	0.014091
00320016101564	16667.505290	S	0.031351
00320016703512	16667.536641	W	0.013937
00320016971104	16667.550578	S	3.003149
00320074631564	16670.553727	W	0.021699
00320075048180	16670.575426	S	1.732376
00320108309796	16672.307802	W	0.083860
00320109919900	16672.391661	S	0.538354
00320120256292	16672.930015	W	0.015731
00320120558328	16672.945746	S	0.182121
00320124055048	16673.127867	W	0.125866
00320126471668	16673.253733	S	0.013330
00320126727596	16673.267062	W	0.087157
00320128401004	16673.354219	S	0.226032
00320132740812	16673.580251	W	0.014880
00320133026504	16673.595130	S	0.294955
00320138689648	16673.890086	W	0.015914
00320138995196	16673.906000	S	2.692428
00320190689820	16676.598428	W	0.022471
00320191121264	16676.620899	S	3.008707
00320248888440	16679.629606	W	0.022761
00320249325452	16679.652367	S	3.006702
00320307054140	16682.659070	W	0.022787
00320307491652	16682.681857	S	3.010946
00320365301808	16685.692803	W	0.021228
00320365709380	16685.714030	S	2.688159
00320417322036	16688.402189	W	0.013938
00320417589644	16688.416127	S	0.302388
00320423395488	16688.718515	W	0.022249
00320423822672	16688.740764	S	0.669292
00320436673076	16689.410056	W	0.014098
00320436943764	16689.424154	S	0.005592
00320437051132	16689.429746	W	0.023147
00320437495552	16689.452893	S	1.397698
00320464331348	16690.850591	W	0.116404
00320466566304	16690.966995	S	0.081021
00320468121904	16691.048016	W	0.084069
00320469736020	16691.132084	S	0.357896
00320476607628	16691.489981	W	0.015982
00320476914476	16691.505962	S	0.247941
00320481674944	16691.753903	W	0.021640
00320482090432	16691.775543	S	0.194116
00320485817464	16691.969660	W	0.123576
00320488190120	16692.093235	S	0.081203
00320489749220	16692.174439	W	0.088358
00320491445688	16692.262796	S	0.507176
00320501183472	16692.769972	W	0.016351
00320501497412	16692.786324	S	1.996614
00320539832396	16694.782937	W	0.021692
00320540248876	16694.804629	S	0.850350
00320556575604	16695.654979	W	0.142179
00320559305432	16695.797158	S	0.016283
00320559618068	16695.813441	W	0.088321
00320561313836	16695.901762	S	0.167382
00320564527564	16696.069144	W	0.238107
00320569099224	16696.307251	S	0.014792
00320569383228	16696.322043	W	0.071955
00320570764772	16696.393999	S	0.536188
00320581059580	16696.930186	W	0.015957
00320581365964	16696.946144	S	0.246075
00320586090608	16697.192219	W	0.085614
00320587734392	16697.277833	S	0.292401
00320593348496	16697.570234	W	0.015891
00320593653596	16697.586125	S	0.224694
00320597967712	16697.810818	W	0.022199
00320598393932	16697.833017	S	1.714228
00320631307108	16699.547245	W	0.225706
00320635640656	16699.772951	S	0.357269
00320642500220	16700.130220	W	0.015833
00320642804208	16700.146053	S	0.694238
00320656133580	16700.840291	W	0.022488
00320656565348	16700.862779	S	0.425122
00320664727688	16701.287900	W	0.084452
00320666349172	16701.372353	S	0.357507
00320673213312	16701.729860	W	0.015700
00320673514760	16701.745560	S	2.000453
00320711923460	16703.746014	W	0.014218
00320712196444	16703.760231	S	0.088151
00320713888944	16703.848383	W	0.014243
00320714162404	16703.862625	S	0.006869
00320714294292	16703.869494	W	0.014137
00320714565716	16703.883631	S	1.090808
00320735509232	16704.974439	W	0.136017
00320738120756	16705.110456	S	0.013530
00320738380528	16705.123986	W	0.076071
00320739841092	16705.200057	S	0.370009
00320746945260	16705.570066	W	0.016259
00320747257424	16705.586324	S	1.231248
00320770897392	16706.817573	W	0.121840
00320773236720	16706.939412	S	0.016142
00320773546644	16706.955554	W	0.084999
00320775178624	16707.040553	S	0.449288
00320783804948	16707.489841	W	0.015597
00320784104408	16707.505438	S	0.854828
00320800517108	16708.360266	W	0.013407
00320800774532	16708.373674	S	0.287205
00320806288868	16708.660879	W	0.128258
00320808751428	16708.789137	S	0.015155
00320809042396	16708.804291	W	0.082308
00320810622716	16708.886600	S	0.523411
00320820672216	16709.410011	W	0.015965
00320820978744	16709.425976	S	0.463657
00320829880956	16709.889633	W	0.129292
00320832363356	16710.018925	S	0.013371
00320832620080	16710.032296	W	0.082698
00320834207884	16710.114994	S	0.260300
00320839205652	16710.375294	W	0.015650
00320839506136	16710.390945	S	0.624212
00320851491012	16711.015157	W	0.092551
00320853268000	16711.107708	S	0.113107
00320855439656	16711.220815	W	0.088478
00320857138424	16711.309293	S	0.340590
00320863677760	16711.649883	W	0.016033
00320863985592	16711.665916	S	1.261631
00320888208908	16712.927547	W	0.013515
00320888468404	16712.941063	S	3.003073
00320946127412	16715.944136	W	0.023076
00320946570468	16715.967212	S	3.000451
00321004179124	16718.967663	W	0.013439
00321004437148	16718.981101	S	0.534183
00321014693456	16719.515284	W	0.088561
00321016393832	16719.603845	S	0.365676
00321023414804	16719.969521	W	0.015903
00321023720144	16719.985424	S	1.999160
00321062104024	16721.984585	W	0.021928
00321062525044	16722.006513	S	2.526226
00321111028576	16724.532738	W	0.123154
00321113393124	16724.655892	S	0.015400
00321113688800	16724.671292	W	0.085633
00321115332944	16724.756924	S	0.251114
00321120154328	16725.008038	W	0.013499
00321120413508	16725.021537	S	0.125755
00321122828004	16725.147292	W	0.127129
00321125268872	16725.274420	S	0.013271
00321125523676	16725.287691	W	0.093345
00321127315892	16725.381036	S	0.348999
00321134016676	16725.730035	W	0.015715
00321134318396	16725.745750	S	2.279580
00321178086328	16728.025330	W	0.015015
00321178374608	16728.040344	S	3.009859
00321236163900	16731.050203	W	0.023642
00321236617820	16731.073845	S	2.162948
00321278146424	16733.236793	W	0.126648
00321280578064	16733.363441	S	0.013345
00321280834292	16733.376786	W	0.093379
00321282627160	16733.470165	S	0.259698
00321287613352	16733.729862	W	0.016322
00321287926736	16733.746184	S	0.332854
00321294317524	16734.079038	W	0.022419
00321294747972	16734.101457	S	3.009138
00321352523424	16737.110595	W	0.014590
00321352803552	16737.125185	S	1.183378
00321375524404	16738.308563	W	0.086905
00321377192972	16738.395467	S	0.454452
00321385918448	16738.849919	W	0.016281
00321386231040	16738.866200	S	1.026656
00321405942844	16739.892856	W	0.088633
00321407644592	16739.981489	S	0.152603
00321410574568	16740.134092	W	0.022702
00321411010452	16740.156794	S	0.293088
00321416637744	16740.449883	W	0.016048
00321416945872	16740.465931	S	2.697198
00321468732076	16743.163129	W	0.023099
00321469175580	16743.186228	S	0.290680
00321474756636	16743.476908	W	0.089487
00321476474780	16743.566395	S	0.403390
00321484219876	16743.969785	W	0.016226
00321484531424	16743.986012	S	0.924644
00321502284584	16744.910655	W	0.129047
00321504762288	16745.039702	S	0.013290
00321505017464	16745.052993	W	0.083237
00321506615620	16745.136230	S	0.433749
00321514943600	16745.569979	W	0.015700
00321515245036	16745.585679	S	0.605995
00321526880148	16746.191674	W	0.021918
00321527300976	16746.213593	S	1.871595
00321563235604	16748.085188	W	0.094555
00321565051056	16748.179743	S	0.007315
00321565191504	16748.187057	W	0.150103
00321568073480	16748.337160	S	0.013708
00321568336668	16748.350868	W	0.091150
00321570086744	16748.442018	S	0.328393
00321576391888	16748.770411	W	0.015970
00321576698504	16748.786380	S	0.433721
00321585025944	16749.220101	W	0.022734
00321585462432	16749.242835	S	0.085435
00321587102792	16749.328270	W	0.106713
00321589151688	16749.434984	S	0.185892
00321592720824	16749.620876	W	0.088893
00321594427564	16749.709769	S	0.340127
00321600958000	16750.049896	W	0.015889
00321601263072	16750.065785	S	0.067142
00321602552200	16750.132927	W	0.088468
00321604250776	16750.221395	S	0.013542
00321604510776	16750.234936	W	0.065257
00321605763704	16750.300193	S	0.013544
00321606023748	16750.313737	W	0.065490
00321607281152	16750.379227	S	0.138592
00321609942124	16750.517819	W	0.088975
00321611650444	16750.606794	S	0.140464
00321614347356	16750.747258	W	0.087006
00321616017880	16750.834265	S	0.495663
00321625534604	16751.329927	W	0.016095
00321625843636	16751.346023	S	0.012725
00321626087960	16751.358748	W	0.087502
00321627767996	16751.446250	S	0.017749
00321628108776	16751.463999	W	0.172396
00321631418776	16751.636395	S	0.333463
00321637821260	16751.969857	W	0.015444
00321638117784	16751.985301	S	0.001994
00321638156060	16751.987295	W	0.015361
00321638450996	16752.002656	S	0.243646
00321643128996	16752.246302	W	0.013494
00321643388072	16752.259795	S	0.050283
00321644353504	16752.310078	W	0.206795
00321648323964	16752.516873	S	0.007287
00321648463868	16752.524160	W	0.089487
00321650182012	16752.613646	S	0.016243
00321650493872	16752.629889	W	0.154923
00321653468388	16752.784812	S	0.016394
00321653783160	16752.801206	W	0.234553
00321658286584	16753.035760	S	0.015592
00321658585952	16753.051352	W	0.070305
00321659935800	16753.121656	S	0.035592
00321660619176	16753.157249	W	0.169589
00321663875280	16753.326838	S	0.013332
00321664131248	16753.340169	W	0.098330
00321666019184	16753.438499	S	0.073579
00321667431904	16753.512078	W	0.084109
00321669046788	16753.596187	S	0.015120
00321669337092	16753.611307	W	0.061215
00321670512416	16753.672522	S	0.537273
00321680828064	16754.209795	W	0.016357
00321681142116	16754.226152	S	0.207735
00321685130628	16754.433887	W	0.125866
00321687547256	16754.559753	S	0.016380
00321687861756	16754.576133	W	0.083018
00321689455696	16754.659151	S	0.081665
00321691023664	16754.740816	W	0.238264
00321695598324	16754.979079	S	0.013847
00321695864180	16754.992926	W	0.075901
00321697321472	16755.068827	S	0.200771
00321701176280	16755.269598	W	0.023176
00321701621264	16755.292774	S	0.004108
00321701700144	16755.296882	W	0.014151
00321701971844	16755.311034	S	0.179506
00321705418364	16755.490540	W	0.016006
00321705725688	16755.506546	S	0.799291
00321721072080	16756.305838	W	0.014161
00321721343976	16756.319999	S	0.218232
00321725534028	16756.538231	W	0.087665
00321727217188	16756.625895	S	0.162106
00321730329628	16756.788001	W	0.086273
00321731986068	16756.874274	S	0.220915
00321736227632	16757.095189	W	0.087283
00321737903472	16757.182473	S	0.134299
00321740482008	16757.316771	W	0.022309
00321740910332	16757.339080	S	0.094709
00321742728744	16757.433789	W	0.016066
00321743037204	16757.449854	S	0.848781
00321759333796	16758.298635	W	0.013178
00321759586808	16758.311813	S	0.016398
00321759901644	16758.328211	W	0.013527
00321760161360	16758.341737	S	0.119446
00321762454724	16758.461184	W	0.086309
00321764111852	16758.547492	S	0.084486
00321765733988	16758.631979	W	0.081940
00321767307240	16758.713919	S	0.040860
00321768091756	16758.754779	W	0.100915
00321770029324	16758.855694	S	0.083484
00321771632220	16758.939178	W	0.085175
00321773267576	16759.024353	S	0.305520
00321779133568	16759.329873	W	0.016361
00321779447708	16759.346235	S	0.996756
00321798585424	16760.342991	W	0.014065
00321798855464	16760.357055	S	0.969676
00321817473240	16761.326731	W	0.022416
00321817903620	16761.349147	S	0.003779
00321817976180	16761.352926	W	0.014222
00321818249240	16761.367148	S	0.996130
00321837374928	16762.363278	W	0.014215
00321837647852	16762.377492	S	0.001689
00321837680272	16762.379181	W	0.013692
00321837943160	16762.392873	S	0.390556
00321845441828	16762.783429	W	0.087274
00321847117484	16762.870702	S	0.164637
00321850278512	16763.035339	W	0.089116
00321851989532	16763.124455	S	0.254279
00321856871692	16763.378734	W	0.022580
00321857305220	16763.401314	S	0.950660
00321875557900	16764.351974	W	0.013650
00321875819988	16764.365624	S	0.023329
00321876267900	16764.388953	W	0.013740
00321876531708	16764.402693	S	0.161156
00321879625912	16764.563850	W	0.088118
00321881317780	16764.651968	S	0.123249
00321883684168	16764.775217	W	0.086976
00321885354108	16764.862193	S	0.107794
00321887423760	16764.969988	W	0.094866
00321889245192	16765.064854	S	0.120860
00321891565700	16765.185714	W	0.087080
00321893237636	16765.272794	S	0.124354
00321895625228	16765.397147	W	0.021190
00321896032080	16765.418337	S	0.092331
00321897804832	16765.510668	W	0.104541
00321899812020	16765.615209	S	0.434412
00321908152728	16766.049621	W	0.015918
00321908458360	16766.065540	S	0.176200
00321911841392	16766.241739	W	0.091446
00321913597152	16766.333185	S	0.074856
00321915034392	16766.408041	W	0.023980
00321915494808	16766.432021	S	0.257620
00321920441116	16766.689641	W	0.015986
00321920748048	16766.705627	S	0.123922
00321923127344	16766.829549	W	2.268016
00321966673256	16769.097565	S	0.017721
00321967013508	16769.115287	W	0.014092
00321967284080	16769.129379	S	0.144491
00321970058316	16769.273871	W	0.088789
00321971763060	16769.362659	S	0.068926
00321973086436	16769.431585	W	0.013962
00321973354504	16769.445547	S	0.351648
00321980106140	16769.797195	W	0.013291
00321980361336	16769.810486	S	0.571924
00321991342268	16770.382410	W	0.014083
00321991612660	16770.396493	S	0.041964
00321992418372	16770.438457	W	0.013409
00321992675828	16770.451866	S	0.996070
00322011800372	16771.447936	W	0.013539
00322012060328	16771.461475	S	0.000847
00322012076584	16771.462322	W	0.093356
00322013869012	16771.555678	S	0.254855
00322018762236	16771.810533	W	0.015829
00322019066148	16771.826362	S	0.637069
00322031297880	16772.463431	W	0.023268
00322031744632	16772.486700	S	0.911454
00322049244552	16773.398154	W	0.023186
00322049689732	16773.421340	S	0.056191
00322050768600	16773.477531	W	0.020969
00322051171204	16773.498500	S	0.651317
00322063676484	16774.149817	W	0.089483
00322065394556	16774.239300	S	0.162340
00322068511492	16774.401640	W	0.096887
00322070371724	16774.498527	S	0.511078
00322080184420	16775.009605	W	0.015700
00322080485856	16775.025305	S	0.403964
00322088241968	16775.429269	W	0.084473
00322089863848	16775.513742	S	0.116650
00322092103532	16775.630392	W	0.082151
00322093680828	16775.712543	S	0.271456
00322098892792	16775.984000	W	0.015302
00322099186592	16775.999302	S	0.422180
00322107292452	16776.421482	W	0.014080
00322107562784	16776.435562	S	0.059335
00322108702020	16776.494897	W	0.013958
00322108970008	16776.508855	S	0.996175
00322128096560	16777.505029	W	0.020859
00322128497048	16777.525888	S	0.697870
00322141896152	16778.223758	W	0.014917
00322142182556	16778.238675	S	0.279101
00322147541300	16778.517776	W	0.021944
00322147962632	16778.539720	S	0.899918
00322165241064	16779.439639	W	0.021943
00322165662368	16779.461582	S	0.067989
00322166967764	16779.529571	W	0.013763
00322167232008	16779.543334	S	0.080718
00322168781800	16779.624052	W	0.088661
00322170484092	16779.712713	S	0.416960
00322178489732	16780.129674	W	0.015788
00322178792860	16780.145461	S	0.394253
00322186362512	16780.539714	W	0.022559
00322186795648	16780.562273	S	0.990895
00322205820828	16781.553168	W	0.014270
00322206094816	16781.567438	S	0.895028
00322223279348	16782.462466	W	0.013960
00322223547388	16782.476426	S	0.086261
00322225203608	16782.562688	W	0.014535
00322225482688	16782.577223	S	0.994538
00322244577816	16783.571761	W	0.023178
00322245022824	16783.594939	S	0.993768
00322264103176	16784.588707	W	0.022053
00322264526592	16784.610760	S	0.534701
00322274792852	16785.145461	W	0.091984
00322276558936	16785.237445	S	0.120984
00322278881832	16785.358429	W	0.087274
00322280557500	16785.445703	S	0.034085
00322281211924	16785.479788	W	0.022123
00322281636680	16785.501910	S	0.102634
00322283607244	16785.604544	W	0.022131
00322284032168	16785.626675	S	0.263482
00322289091024	16785.890158	W	0.015782
00322289394036	16785.905939	S	0.710678
00322303039056	16786.616617	W	0.024063
00322303501064	16786.640680	S	0.988135
00322322473252	16787.628815	W	0.021280
00322322881820	16787.650095	S	0.850944
00322339219944	16788.501039	W	0.013693
00322339482848	16788.514732	S	0.125425
00322341891000	16788.640156	W	0.022315
00322342319444	16788.662471	S	0.990814
00322361343072	16789.653285	W	0.022043
00322361766296	16789.675328	S	0.990180
00322380777756	16790.665508	W	0.013923
00322381045080	16790.679431	S	0.839801
00322397169260	16791.519232	W	0.022684
00322397604796	16791.541916	S	1.705293
00322430346412	16793.247209	W	0.085372
00322431985548	16793.332581	S	0.115379
00322434200828	16793.447960	W	0.083847
00322435810684	16793.531806	S	0.223287
00322440097800	16793.755094	W	0.228454
00322444484108	16793.983547	S	0.016400
00322444798992	16793.999948	W	0.082206
00322446377356	16794.082154	S	0.447038
00322454960488	16794.529192	W	0.023454
00322455410800	16794.552646	S	0.142761
00322458151816	16794.695407	W	0.104592
00322460159984	16794.799999	S	0.081215
00322461719316	16794.881214	W	0.013483
00322461978184	16794.894697	S	0.008198
00322462135588	16794.902895	W	0.014195
00322462408128	16794.917090	S	0.066922
00322463693024	16794.984012	W	0.089910
00322465419296	16795.073922	S	0.013820
00322465684632	16795.087741	W	0.065271
00322466937832	16795.153012	S	0.034930
00322467608492	16795.187942	W	0.086433
00322469268004	16795.274375	S	0.013839
00322469533704	16795.288214	W	0.061108
00322470706972	16795.349321	S	0.351561
00322477456940	16795.700882	W	0.086124
00322479110512	16795.787006	S	0.016184
00322479421248	16795.803190	W	0.057789
00322480530796	16795.860979	S	0.283289
00322485969948	16796.144268	W	0.015720
00322486271776	16796.159988	S	1.346749
00322512129356	16797.506737	W	0.084305
00322513748008	16797.591042	S	0.156804
00322516758648	16797.747846	W	0.082199
00322518336872	16797.830045	S	0.123612
00322520710220	16797.953657	W	0.083153
00322522306764	16798.036811	S	0.332775
00322528696036	16798.369585	W	0.015901
00322529001344	16798.385487	S	0.596879
00322540461420	16798.982366	W	0.084652
00322542086732	16799.067017	S	0.263076
00322547137788	16799.330093	W	0.015779
00322547440740	16799.345872	S	1.223885
00322570939340	16800.569757	W	0.021683
00322571355652	16800.591440	S	0.229449
00322575761076	16800.820889	W	0.225938
00322580099092	16801.046828	S	0.081221
00322581658528	16801.128048	W	0.087239
00322583333520	16801.215287	S	0.354116
00322590132552	16801.569404	W	0.015930
00322590438412	16801.585334	S	2.015364
00322629133400	16803.600698	W	0.022176
00322629559172	16803.622874	S	0.577258
00322640642528	16804.200132	W	0.088906
00322642349516	16804.289037	S	0.001785
00322642383788	16804.290822	W	0.015877
00322642688620	16804.306699	S	0.462276
00322651564324	16804.768975	W	0.015411
00322651860224	16804.784387	S	1.156547
00322674065928	16805.940934	W	0.088179
00322675758968	16806.029113	S	0.340270
00322682292156	16806.369383	W	0.016071
00322682600712	16806.385454	S	0.244298
00322687291224	16806.629751	W	0.013254
00322687545704	16806.643005	S	1.550930
00322717323552	16808.193935	W	0.091631
00322719082876	16808.285566	S	0.112930
00322721251128	16808.398496	W	0.088741
00322722954956	16808.487237	S	0.001844
00322722990364	16808.489081	W	0.015938
00322723296376	16808.505020	S	0.438528
00322731716108	16808.943547	W	0.016067
00322732024604	16808.959615	S	0.698060
00322745427348	16809.657674	W	0.014332
00322745702520	16809.672006	S	3.013282
00322803557536	16812.685288	W	0.013344
00322803813736	16812.698632	S	3.009894
00322861603696	16815.708526	W	0.021586
00322862018144	16815.730112	S	3.010377
00322919817388	16818.740489	W	0.021091
00322920222340	16818.761580	S	3.006728
00322977951508	16821.768308	W	0.013704
00322978214632	16821.782012	S	1.129160
00322999894508	16822.911172	W	0.084334
00323001513720	16822.995506	S	0.148571
00323004366284	16823.144077	W	0.125049
00323006767228	16823.269126	S	0.014730
00323007050052	16823.283857	W	0.088463
00323008748536	16823.372320	S	0.277129
00323014069416	16823.649449	W	0.015693
00323014370712	16823.665141	S	0.233298
00323018850040	16823.898440	W	0.085485
00323020491352	16823.983925	S	0.081754
00323022061020	16824.065678	W	0.083016
00323023654924	16824.148694	S	0.460596
00323032498372	16824.609290	W	0.015695
00323032799712	16824.624985	S	0.167097
00323036007980	16824.792082	W	0.014262
00323036281804	16824.806344	S	0.891960
00323053407436	16825.698304	W	0.084403
00323055027968	16825.782707	S	0.125129
00323057430452	16825.907836	W	0.082376
00323059012080	16825.990213	S	0.123509
00323061383448	16826.113721	W	0.082846
00323062974096	16826.196567	S	0.332799
00323069363840	16826.529367	W	0.016043
00323069671864	16826.545410	S	1.264072
00323093942040	16827.809481	W	0.014621
00323094222764	16827.824102	S	0.084676
00323095848548	16827.908779	W	0.084268
00323097466488	16827.993046	S	0.167704
00323100686400	16828.160750	W	0.084261
00323102304220	16828.245011	S	0.222971
00323106585260	16828.467982	W	0.086908
00323108253892	16828.554890	S	0.378773
00323115526336	16828.933663	W	0.239115
00323120117336	16829.172778	S	0.013651
00323120379436	16829.186429	W	0.240975
00323125006164	16829.427404	S	0.015705
00323125307708	16829.443110	W	0.070832
00323126667684	16829.513942	S	0.535483
00323136948964	16830.049425	W	0.015989
00323137255948	16830.065414	S	0.764570
00323151935688	16830.829984	W	0.014131
00323152207012	16830.844115	S	0.394322
00323159777992	16831.238437	W	0.013696
00323160040948	16831.252133	S	0.083064
00323161635772	16831.335196	W	0.087075
00323163307604	16831.422271	S	0.251364
00323168133796	16831.673635	W	0.025364
00323168620784	16831.698999	S	2.158853
00323210070768	16833.857853	W	0.021702
00323210487444	16833.879554	S	0.221196
00323214734408	16834.100750	W	0.084507
00323216356948	16834.185258	S	0.343910
00323222960024	16834.529168	W	0.015300
00323223253788	16834.544468	S	2.348090
00323268337108	16836.892558	W	0.014239
00323268610504	16836.906797	S	3.012472
00323326449972	16839.919269	W	0.021084
00323326854784	16839.940353	S	3.011193
00323384669692	16842.951546	W	0.021663
00323385085624	16842.973210	S	3.007775
00323442834896	16845.980984	W	0.020786
00323443233980	16846.001770	S	3.010420
00323501034048	16849.012190	W	0.014272
00323501308068	16849.026462	S	0.142432
00323504042772	16849.168894	W	0.013855
00323504308796	16849.182750	S	2.018502
00323543064036	16851.201252	W	0.013440
00323543322088	16851.214692	S	0.011206
00323543537252	16851.225899	W	0.014237
00323543810596	16851.240135	S	0.801707
00323559203368	16852.041842	W	0.022515
00323559635660	16852.064357	S	3.007413
00323617377996	16855.071771	W	0.014051
00323617647780	16855.085822	S	3.014370
00323675523684	16858.100192	W	0.014191
00323675796160	16858.114383	S	3.007248
00323733535328	16861.121632	W	0.014971
00323733822768	16861.136602	S	3.010913
00323791632292	16864.147515	W	0.044531
00323792487296	16864.192047	S	0.416893
00323800491640	16864.608940	W	0.015567
00323800790532	16864.624507	S	1.695511
00323833344352	16866.320018	W	0.014167
00323833616360	16866.334185	S	0.835002
00323849648400	16867.169187	W	0.022751
00323850085212	16867.191938	S	3.005268
00323907786352	16870.197206	W	0.013660
00323908048632	16870.210866	S	3.008510
00323965812016	16873.219376	W	0.022290
00323966239988	16873.241666	S	3.001281
00324023864592	16876.242947	W	0.013954
00324024132508	16876.256901	S	3.003585
00324081801344	16879.260487	W	0.021480
00324082213760	16879.281967	S	2.435072
00324128967148	16881.717039	W	0.013553
00324129227368	16881.730592	S	0.001535
00324129256840	16881.732127	W	0.013567
00324129517332	16881.745694	S	0.536900
00324139825816	16882.282595	W	0.014403
00324140102360	16882.296998	S	0.238504
00324144681628	16882.535501	W	0.013771
00324144946036	16882.549273	S	0.703905
00324158461016	16883.253178	W	0.014478
00324158738996	16883.267656	S	2.033896
00324197789808	16885.301553	W	0.023116
00324198233640	16885.324669	S	3.005915
00324255947204	16888.330584	W	0.014052
00324256217008	16888.344636	S	3.000886
00324313834020	16891.345522	W	0.014280
00324314108192	16891.359802	S	1.320922
00324339469888	16892.680723	W	0.013748
00324339733856	16892.694472	S	1.474718
00324368048448	16894.169190	W	0.061735
00324369233756	16894.230925	S	0.142631
00324371972276	16894.373556	W	0.014695
00324372254428	16894.388251	S	0.300979
00324378033232	16894.689231	W	0.015769
00324378336004	16894.705000	S	2.695387
00324430087432	16897.400387	W	0.023043
00324430529860	16897.423430	S	0.677290
00324443533820	16898.100720	W	0.124990
00324445933636	16898.225710	S	0.013910
00324446200704	16898.239620	W	0.087374
00324447878292	16898.326994	S	0.216356
00324452032332	16898.543351	W	0.116887
00324454276564	16898.660238	S	0.013539
00324454536520	16898.673777	W	0.065751
00324455798948	16898.739529	S	0.429565
00324464046596	16899.169094	W	0.016013
00324464354040	16899.185106	S	1.247209
00324488300448	16900.432315	W	0.022603
00324488734424	16900.454918	S	2.718970
00324540938656	16903.173888	W	0.090011
00324542666872	16903.263900	S	0.195321
00324546417028	16903.459220	W	0.023155
00324546861604	16903.482375	S	0.167334
00324550074416	16903.649709	W	0.015978
00324550381192	16903.665687	S	0.021458
00324550793192	16903.687145	W	0.239895
00324555399180	16903.927041	S	0.013474
00324555657884	16903.940515	W	0.064792
00324556901888	16904.005307	S	0.283676
00324562348464	16904.288982	W	0.015898
00324562653712	16904.304881	S	1.988498
00324600832880	16906.293379	W	0.014317
00324601107768	16906.307696	S	0.004186
00324601188144	16906.311882	W	0.014244
00324601461628	16906.326126	S	0.162598
00324604583500	16906.488724	W	0.022608
00324605017576	16906.511332	S	1.829618
00324640146244	16908.340950	W	0.089453
00324641863748	16908.430404	S	0.352605
00324648633764	16908.783009	W	0.015928
00324648939584	16908.798937	S	0.720401
00324662771288	16909.519338	W	0.022719
00324663207496	16909.542057	S	3.012849
00324721054200	16912.554906	W	0.021936
00324721475376	16912.576842	S	3.005495
00324779180880	16915.582337	W	0.023409
00324779630336	16915.605747	S	3.004940
00324837325176	16918.610686	W	0.013679
00324837587820	16918.624366	S	3.010780
00324895394796	16921.635146	W	0.023210
00324895840432	16921.658356	S	1.749711
00324929434880	16923.408067	W	0.013618
00324929696352	16923.421685	S	1.246781
00324953634548	16924.668466	W	0.023204
00324954080064	16924.691670	S	3.003524
00325011747728	16927.695194	W	0.013695
00325012010672	16927.708889	S	3.009046
00325069784352	16930.717935	W	0.021778
00325070202484	16930.739713	S	3.001175
00325127825040	16933.740888	W	0.014525
00325128103916	16933.755412	S	3.007817
00325185854008	16936.763230	W	0.023174
00325186298940	16936.786403	S	1.618255
00325217369432	16938.404658	W	0.062958
00325218578232	16938.467616	S	0.381241
00325225898068	16938.848858	W	0.015854
00325226202456	16938.864711	S	0.923092
00325243925828	16939.787804	W	0.013291
00325244181020	16939.801095	S	3.002409
00325301827268	16942.803504	W	0.022118
00325302251928	16942.825621	S	3.001767
00325359885848	16945.827388	W	0.013588
00325360146744	16945.840976	S	1.711854
00325393014336	16947.552830	W	0.089330
00325394729468	16947.642160	S	0.122739
00325397086056	16947.764899	W	0.169996
00325400349988	16947.934895	S	0.034744
00325401017068	16947.969639	W	0.085170
00325402652324	16948.054809	S	0.008292
00325402811524	16948.063100	W	0.139622
00325405492264	16948.202722	S	0.016712
00325405813140	16948.219434	W	0.235459
00325410333960	16948.454894	S	0.016423
00325410649288	16948.471317	W	0.251372
00325415475636	16948.722689	S	0.014590
00325415755764	16948.737279	W	0.123678
00325418130380	16948.860957	S	0.015117
00325418420620	16948.876074	W	0.072232
00325419807468	16948.948306	S	0.014374
00325420083440	16948.962679	W	0.359106
00325426978272	16949.321785	S	0.001724
00325427011372	16949.323509	W	0.105061
00325429028544	16949.428570	S	0.015098
00325429318424	16949.443668	W	0.107801
00325431388212	16949.551469	S	0.013545
00325431648284	16949.565015	W	0.108804
00325433737328	16949.673819	S	0.013764
00325434001604	16949.687584	W	0.091618
00325435760660	16949.779201	S	0.013160
00325436013340	16949.792361	W	0.081796
00325437583816	16949.874157	S	0.494517
00325447078548	16950.368674	W	0.015985
00325447385464	16950.384660	S	0.247725
00325452141784	16950.632385	W	0.125396
00325454549392	16950.757781	S	0.014156
00325454821184	16950.771937	W	0.085684
00325456466324	16950.857621	S	0.005502
00325456571972	16950.863124	W	0.022436
00325457002752	16950.885560	S	0.443164
00325465511504	16951.328724	W	0.016367
00325465825752	16951.345091	S	0.508647
00325475591780	16951.853739	W	0.031118
00325476189252	16951.884857	S	0.697189
00325489575288	16952.582046	W	0.088238
00325491269464	16952.670285	S	0.039249
00325492023040	16952.709533	W	0.092917
00325493807044	16952.802450	S	0.078180
00325495308096	16952.880630	W	0.086596
00325496970736	16952.967226	S	0.122286
00325499318624	16953.089512	W	0.087057
00325500990128	16953.176569	S	0.392162
00325508519632	16953.568731	W	0.016029
00325508827392	16953.584760	S	0.303676
00325514657972	16953.888436	W	0.013746
00325514921892	16953.902182	S	0.216197
00325519072868	16954.118379	W	0.013600
00325519333996	16954.131979	S	0.494211
00325528822840	16954.626190	W	0.024123
00325529286004	16954.650313	S	0.230243
00325533706668	16954.880556	W	0.034246
00325534364196	16954.914802	S	0.991119
00325553393672	16955.905920	W	0.023311
00325553841248	16955.929232	S	0.990554
00325572859876	16956.919785	W	0.014047
00325573129580	16956.933832	S	0.866331
00325589763132	16957.800163	W	0.088486
00325591462068	16957.888649	S	0.001721
00325591495112	16957.890370	W	0.015760
00325591797700	16957.906130	S	0.001444
00325591825424	16957.907574	W	0.014108
00325592096288	16957.921682	S	0.004554
00325592183720	16957.926235	W	0.014535
00325592462796	16957.940771	S	0.427629
00325600673276	16958.368400	W	0.015682
00325600974368	16958.384082	S	0.553767
00325611606692	16958.937849	W	0.020984
00325612009576	16958.958832	S	0.082644
00325613596340	16959.041476	W	0.110787
00325615723444	16959.152263	S	0.081533
00325617288884	16959.233796	W	0.085140
00325618923580	16959.318936	S	0.329751
00325625254800	16959.648688	W	0.016096
00325625563836	16959.664783	S	0.285366
00325631042872	16959.950150	W	0.021911
00325631463568	16959.972061	S	0.957194
00325649841688	16960.929255	W	0.023598
00325650294764	16960.952852	S	0.009171
00325650470848	16960.962023	W	0.014010
00325650739844	16960.976034	S	0.995457
00325669852620	16961.971491	W	0.023197
00325670298004	16961.994688	S	0.990650
00325689318480	16962.985337	W	0.023365
00325689767080	16963.008702	S	0.948939
00325707986716	16963.957641	W	0.023049
00325708429256	16963.980690	S	0.018947
00325708793040	16963.999638	W	0.014167
00325709065044	16964.013804	S	0.087824
00325710751268	16964.101629	W	0.237234
00325715306156	16964.338862	S	0.013798
00325715571076	16964.352660	W	0.065101
00325716821016	16964.417761	S	0.350871
00325723557736	16964.768632	W	0.016006
00325723865048	16964.784638	S	0.226654
00325728216800	16965.011292	W	0.013368
00325728473472	16965.024660	S	0.996121
00325747598996	16966.020781	W	0.022543
00325748031816	16966.043324	S	0.941492
00325766108468	16966.984816	W	0.021679
00325766524700	16967.006495	S	0.029472
00325767090556	16967.035966	W	0.014699
00325767372780	16967.050666	S	0.998075
00325786535816	16968.048740	W	0.014272
00325786809836	16968.063012	S	0.001649
00325786841496	16968.064661	W	0.013728
00325787105072	16968.078389	S	0.987265
00325806060564	16969.065654	W	0.023105
00325806504172	16969.088759	S	0.001690
00325806536620	16969.090449	W	0.015632
00325806836756	16969.106081	S	0.904283
00325824198992	16970.010364	W	0.022196
00325824625148	16970.032560	S	0.044394
00325825477520	16970.076954	W	0.014293
00325825751940	16970.091247	S	2.946589
00325882326444	16973.037836	W	0.013381
00325882583356	16973.051216	S	1.309995
00325907735264	16974.361212	W	0.013871
00325908001596	16974.375083	S	1.682933
00325940313908	16976.058016	W	0.013465
00325940572428	16976.071481	S	3.007566
00325998317696	16979.079047	W	0.021981
00325998739728	16979.101028	S	3.010279
00326056537088	16982.111307	W	0.013937
00326056804672	16982.125243	S	3.001349
00326114430580	16985.126593	W	0.022039
00326114853720	16985.148631	S	3.001408
00326172480760	16988.150040	W	0.014599
00326172761068	16988.164639	S	3.015549
00326230659608	16991.180188	W	0.076747
00326232133160	16991.256935	S	3.004289
00326289815512	16994.261225	W	0.014551
00326290094900	16994.275776	S	0.116211
00326292326148	16994.391987	W	0.037330
00326293042880	16994.429317	S	0.419319
00326301093800	16994.848635	W	0.016203
00326301404892	16994.864838	S	2.123204
00326342170412	16996.988042	W	0.208491
00326346173432	16997.196533	S	0.078931
00326347688908	16997.275464	W	0.022136
00326348113916	16997.297600	S	0.028979
00326348670304	16997.326578	W	0.085871
00326350319032	16997.412450	S	0.316136
00326356388848	16997.728586	W	0.015861
00326356693372	16997.744446	S	0.811383
00326372271920	16998.555829	W	0.014215
00326372544840	16998.570044	S	0.001689
00326372577264	16998.571733	W	0.013950
00326372845108	16998.585683	S	1.714352
00326405760664	17000.300035	W	0.014814
00326406045084	17000.314848	S	2.029305
00326445007740	17002.344153	W	0.088726
00326446711280	17002.432879	S	0.415654
00326454691840	17002.848533	W	0.015922
00326454997536	17002.864455	S	0.459795
00326463825592	17003.324250	W	0.022128
00326464250448	17003.346377	S	3.006552
00326521976248	17006.352930	W	0.013207
00326522229820	17006.366136	S	0.810940
00326537799868	17007.177076	W	1.664030
00326569749240	17008.841106	S	0.012860
00326569996156	17008.853966	W	0.015131
00326570286668	17008.869097	S	0.352304
00326577050904	17009.221401	W	0.125557
00326579461596	17009.346958	S	0.015156
00326579752596	17009.362114	W	0.100288
00326581678120	17009.462402	S	0.049811
00326582634500	17009.512214	W	0.161146
00326585728504	17009.673360	S	0.043618
00326586565976	17009.716978	W	0.086433
00326588225492	17009.803411	S	0.124688
00326590619508	17009.928099	W	0.117087
00326592867572	17010.045186	S	0.081438
00326594431180	17010.126624	W	0.083179
00326596028212	17010.209803	S	0.068366
00326597340836	17010.278169	W	0.089115
00326599051844	17010.367284	S	0.066583
00326600330236	17010.433866	W	0.084547
00326601953540	17010.518414	S	0.330153
00326608292480	17010.848567	W	0.015826
00326608596332	17010.864392	S	0.085885
00326610245332	17010.950278	W	0.089232
00326611958592	17011.039510	S	0.111072
00326614091168	17011.150582	W	0.087116
00326615763804	17011.237698	S	0.117648
00326618022648	17011.355346	W	0.164625
00326621183444	17011.519971	S	0.142379
00326623917116	17011.662350	W	0.083314
00326625516752	17011.745664	S	0.223968
00326629816940	17011.969632	W	0.083531
00326631420744	17012.053164	S	0.016660
00326631740624	17012.069824	W	0.057716
00326632848780	17012.127541	S	0.263485
00326637907684	17012.391025	W	0.013361
00326638164220	17012.404386	S	0.044342
00326639015592	17012.448729	W	0.015785
00326639318660	17012.464514	S	0.221002
00326643561892	17012.685515	W	0.085440
00326645202332	17012.770955	S	0.013743
00326645466204	17012.784698	W	0.097860
00326647345108	17012.882558	S	0.013384
00326647602088	17012.895942	W	0.064226
00326648835236	17012.960169	S	0.238321
00326653411008	17013.198490	W	0.087273
00326655086652	17013.285763	S	0.014417
00326655363456	17013.300180	W	0.065709
00326656625072	17013.365889	S	0.038170
00326657357944	17013.404060	W	0.014092
00326657628512	17013.418152	S	0.324168
00326663852544	17013.742320	W	0.015830
00326664156484	17013.758150	S	0.520460
00326674149320	17014.278610	W	0.087318
00326675825832	17014.365929	S	0.048155
00326676750416	17014.414084	W	0.013822
00326677015796	17014.427906	S	0.261270
00326682032176	17014.689176	W	0.015968
00326682338760	17014.705144	S	0.702540
00326695827536	17015.407684	W	0.023000
00326696269136	17015.430684	S	0.005001
00326696365152	17015.435685	W	0.014556
00326696644628	17015.450241	S	0.110502
00326698766272	17015.560743	W	0.013907
00326699033288	17015.574650	S	0.855779
00326715464244	17016.430429	W	0.014256
00326715737952	17016.444685	S	0.001786
00326715772236	17016.446471	W	0.013669
00326716034684	17016.460140	S	0.985905
00326734964060	17017.446045	W	0.013924
00326735231400	17017.459969	S	0.741371
00326749465732	17018.201340	W	0.013667
00326749728140	17018.215007	S	0.219805
00326753948400	17018.434812	W	0.013127
00326754200444	17018.447940	S	0.002709
00326754252452	17018.450649	W	0.014796
00326754536544	17018.465445	S	0.467550
00326763513504	17018.932995	W	0.131297
00326766034400	17019.064292	S	0.013336
00326766290448	17019.077627	W	0.081176
00326767849028	17019.158804	S	0.286386
00326773347632	17019.445189	W	0.085681
00326774992700	17019.530870	S	0.032740
00326775621300	17019.563609	W	0.179024
00326779058568	17019.742634	S	0.013739
00326779322348	17019.756372	W	0.065160
00326780573412	17019.821532	S	0.320946
00326786735576	17020.142478	W	0.016576
00326787053836	17020.159054	S	0.306761
00326792943656	17020.465815	W	0.020469
00326793336652	17020.486284	S	0.966031
00326811884440	17021.452315	W	0.022132
00326812309376	17021.474447	S	0.001617
00326812340416	17021.476063	W	0.021562
00326812754404	17021.497625	S	0.990769
00326831777164	17022.488394	W	0.024134
00326832240532	17022.512528	S	0.989514
00326851239204	17023.502042	W	0.014047
00326851508900	17023.516089	S	0.963065
00326869999756	17024.479154	W	0.014123
00326870270916	17024.493277	S	0.017688
00326870610532	17024.510965	W	0.013480
00326870869352	17024.524445	S	0.251221
00326875692804	17024.775667	W	0.238984
00326880281296	17025.014651	S	0.013673
00326880543824	17025.028324	W	0.069807
00326881884128	17025.098132	S	0.421108
00326889969396	17025.519239	W	0.021291
00326890378188	17025.540531	S	0.990540
00326909396560	17026.531071	W	0.014895
00326909682548	17026.545966	S	0.948002
00326927884196	17027.493969	W	0.014901
00326928170304	17027.508870	S	0.032954
00326928803024	17027.541824	W	0.022287
00326929230944	17027.564112	S	0.991697
00326948271528	17028.555809	W	0.021571
00326948685700	17028.577380	S	0.986806
00326967632372	17029.564186	W	0.014476
00326967910316	17029.578662	S	0.945327
00326986060600	17030.523990	W	0.014076
00326986330860	17030.538066	S	0.032675
00326986958216	17030.570740	W	0.014025
00326987227492	17030.584765	S	2.965116
00327044157728	17033.549882	W	0.013357
00327044414188	17033.563239	S	1.200441
00327067462664	17034.763680	W	0.013428
00327067720484	17034.777109	S	1.798546
00327102252560	17036.575654	W	0.022720
00327102688792	17036.598375	S	3.004108
00327160367668	17039.602483	W	0.022709
00327160803684	17039.625192	S	3.011312
00327218620868	17042.636504	W	0.014293
00327218895300	17042.650797	S	3.011192
00327276710180	17045.661989	W	0.022225
00327277136904	17045.684214	S	3.005711
00327334846556	17048.689925	W	0.022524
00327335279008	17048.712448	S	3.003805
00327392952072	17051.716254	W	0.021675
00327393368240	17051.737929	S	3.006952
00327451101716	17054.744881	W	0.021321
00327451511076	17054.766202	S	0.301657
00327457302896	17055.067859	W	0.044923
00327458165412	17055.112782	S	0.535336
00327468443864	17055.648118	W	0.016029
00327468751620	17055.664147	S	2.107786
00327509221112	17057.771933	W	0.013855
00327509487120	17057.785788	S	2.414837
00327555851992	17060.200625	W	0.014294
00327556126444	17060.214919	S	0.013045
00327556376900	17060.227964	W	0.013867
00327556643144	17060.241830	S	0.550816
00327567218812	17060.792646	W	0.022683
00327567654324	17060.815329	S	3.003040
00327625312692	17063.818369	W	0.022568
00327625745992	17063.840937	S	3.003011
00327683403796	17066.843948	W	0.021576
00327683818064	17066.865524	S	0.605311
00327695440036	17067.470835	W	0.088674
00327697142572	17067.559509	S	0.250029
00327701943136	17067.809538	W	0.015815
00327702246788	17067.825354	S	0.157721
00327705275040	17067.983075	W	0.014282
00327705549256	17067.997357	S	1.865653
00327741369788	17069.863010	W	0.014086
00327741640232	17069.877095	S	0.768173
00327756389148	17070.645268	W	0.086009
00327758040516	17070.731277	S	0.276542
00327763350128	17071.007819	W	0.015731
00327763652160	17071.023550	S	1.624226
00327794837304	17072.647776	W	0.090768
00327796580056	17072.738545	S	0.142247
00327799311200	17072.880792	W	0.022186
00327799737164	17072.902977	S	0.344732
00327806356020	17073.247709	W	0.015836
00327806660080	17073.263546	S	2.641298
00327857373000	17075.904844	W	0.014063
00327857643008	17075.918907	S	1.079065
00327878361048	17076.997971	W	0.013724
00327878624548	17077.011695	S	0.801324
00327894009968	17077.813019	W	0.089883
00327895735724	17077.902902	S	0.465054
00327904664752	17078.367956	W	0.016022
00327904972372	17078.383978	S	0.351310
00327911717524	17078.735288	W	0.089186
00327913429896	17078.824474	S	0.097865
00327915308904	17078.922339	W	0.172893
00327918628456	17079.095232	S	0.151384
00327921535036	17079.246616	W	0.180102
00327924992992	17079.426718	S	0.127190
00327927435036	17079.553908	W	0.170228
00327930703408	17079.724136	S	0.136838
00327933330692	17079.860974	W	0.091705
00327935091424	17079.952678	S	0.013139
00327935343696	17079.965818	W	0.065473
00327936600772	17080.031290	S	0.029626
00327937169600	17080.060917	W	0.088252
00327938864048	17080.149169	S	0.013542
00327939124060	17080.162711	W	0.091470
00327940880288	17080.254182	S	0.013652
00327941142412	17080.267834	W	0.061045
00327942314468	17080.328879	S	0.146441
00327945126144	17080.475320	W	0.127339
00327947571044	17080.602659	S	0.013131
00327947823168	17080.615790	W	0.085503
00327949464828	17080.701293	S	0.546503
00327959957684	17081.247796	W	0.015484
00327960254972	17081.263280	S	0.681145
00327973332964	17081.944425	W	0.014019
00327973602132	17081.958444	S	1.539147
00328003153764	17083.497592	W	0.014964
00328003441080	17083.512556	S	0.399604
00328011113476	17083.912160	W	0.237168
00328015667092	17084.149328	S	0.014828
00328015951792	17084.164156	W	0.120676
00328018268780	17084.284832	S	0.483108
00328027544444	17084.767940	W	0.015988
00328027851416	17084.783928	S	0.176410
00328031238492	17084.960338	W	0.023129
00328031682576	17084.983467	S	3.000326
00328089288836	17087.983794	W	0.014894
00328089574808	17087.998688	S	3.003335
00328147238840	17091.002023	W	0.022374
00328147668428	17091.024397	S	3.007566
00328205413700	17094.031964	W	0.013423
00328205671412	17094.045386	S	3.013268
00328263526156	17097.058654	W	0.022935
00328263966504	17097.081589	S	2.194005
00328306091400	17099.275594	W	0.013868
00328306357668	17099.289462	S	0.800194
00328321721392	17100.089656	W	0.013540
00328321981360	17100.103196	S	3.013839
00328379847064	17103.117035	W	0.022190
00328380273112	17103.139225	S	3.005037
00328437969816	17106.144261	W	0.021990
00328438392032	17106.166252	S	3.004884
00328496085796	17109.171135	W	0.014249
00328496359380	17109.185384	S	3.019159
00328554327232	17112.204543	W	0.013547
00328554587336	17112.218090	S	2.012501
00328593227356	17114.230591	W	0.057912
00328594339276	17114.288504	S	0.559255
00328605076972	17114.847759	W	0.015850
00328605381288	17114.863609	S	0.363596
00328612362340	17115.227205	W	0.013983
00328612630816	17115.241188	S	3.006606
00328670357648	17118.247794	W	0.023680
00328670812308	17118.271474	S	2.999238
00328728397680	17121.270713	W	0.014481
00328728675712	17121.285193	S	3.006108
00328786392980	17124.291301	W	0.023973
00328786853252	17124.315274	S	2.999260
00328844439052	17127.314534	W	0.013148
00328844691496	17127.327682	S	3.010590
00328902494820	17130.338272	W	0.022244
00328902921912	17130.360516	S	2.646565
00328953735956	17133.007081	W	0.012513
00328953976208	17133.019594	S	0.012683
00328954219720	17133.032277	W	0.013638
00328954481572	17133.045915	S	0.328263
00328960784212	17133.374178	W	0.013409
00328961041672	17133.387587	S	3.001096
00329018662716	17136.388683	W	0.014425
00329018939680	17136.403108	S	2.034147
00329057995304	17138.437255	W	0.013404
00329058252656	17138.450659	S	0.957049
00329076628004	17139.407709	W	0.013306
00329076883480	17139.421015	S	3.003123
00329134543436	17142.424137	W	0.013083
00329134794620	17142.437220	S	1.807782
00329169504036	17144.245002	W	0.051599
00329170494740	17144.296601	S	0.311005
00329176466040	17144.607606	W	0.015515
00329176763920	17144.623121	S	0.820638
00329192520160	17145.443758	W	0.013586
00329192781016	17145.457345	S	0.004868
00329192874472	17145.462212	W	0.088851
00329194580408	17145.551063	S	0.153229
00329197522408	17145.704292	W	0.179132
00329200961740	17145.883424	S	0.024694
00329201435872	17145.908118	W	0.140376
00329204131088	17146.048494	S	0.013388
00329204388136	17146.061882	W	0.131806
00329206918804	17146.193688	S	0.125002
00329209318836	17146.318689	W	0.174261
00329212664644	17146.492950	S	0.030558
00329213251360	17146.523508	W	0.145650
00329216047832	17146.669158	S	0.013553
00329216308048	17146.682711	W	0.092017
00329218074768	17146.774728	S	0.013563
00329218335172	17146.788290	W	0.065392
00329219590696	17146.853682	S	0.314151
00329225622396	17147.167833	W	0.015739
00329225924580	17147.183572	S	1.274388
00329250392820	17148.457959	W	0.014909
00329250679076	17148.472869	S	0.010615
00329250882876	17148.483483	W	0.021804
00329251301516	17148.505287	S	0.988855
00329270287540	17149.494143	W	0.014247
00329270561088	17149.508390	S	0.761405
00329285180068	17150.269795	W	0.115670
00329287400932	17150.385465	S	0.016365
00329287715132	17150.401830	W	0.098536
00329289607028	17150.500366	S	0.003730
00329289678648	17150.504096	W	0.013928
00329289946072	17150.518025	S	0.203735
00329293857788	17150.721760	W	0.092695
00329295637524	17150.814454	S	0.112304
00329297793760	17150.926758	W	0.091271
00329299546156	17151.018029	S	0.216128
00329303695820	17151.234157	W	0.086037
00329305347724	17151.320194	S	0.118504
00329307623000	17151.438698	W	0.087151
00329309296292	17151.525849	S	0.013526
00329309555988	17151.539374	W	0.065809
00329310819512	17151.605183	S	0.140717
00329313521272	17151.745900	W	0.128935
00329315996820	17151.874834	S	0.013541
00329316256812	17151.888376	W	0.083186
00329317853988	17151.971562	S	0.316192
00329323924876	17152.287754	W	0.016125
00329324234484	17152.303879	S	0.218589
00329328431388	17152.522468	W	0.021535
00329328844856	17152.544003	S	0.992856
00329347907688	17153.536859	W	0.022054
00329348331128	17153.558913	S	0.944860
00329366472436	17154.503773	W	0.013571
00329366733004	17154.517344	S	0.032011
00329367347612	17154.549355	W	0.022707
00329367783584	17154.572062	S	0.988707
00329386766764	17155.560769	W	0.013976
00329387035112	17155.574745	S	0.995980
00329406157920	17156.570725	W	0.014282
00329406432132	17156.585007	S	0.383283
00329413791164	17156.968290	W	0.088453
00329415489464	17157.056743	S	0.350818
00329422225168	17157.407561	W	0.016073
00329422533768	17157.423634	S	0.112176
00329424687548	17157.535810	W	0.022309
00329425115880	17157.558119	S	0.021612
00329425530828	17157.579731	W	0.020771
00329425929632	17157.600502	S	0.991227
00329444961192	17158.591729	W	0.023440
00329445411236	17158.615169	S	0.991160
00329464441516	17159.606329	W	0.022613
00329464875676	17159.628941	S	0.935720
00329482841508	17160.564662	W	0.022074
00329483265324	17160.586736	S	0.030395
00329483848904	17160.617130	W	0.015214
00329484141016	17160.632345	S	0.993865
00329503223224	17161.626210	W	0.013838
00329503488916	17161.640048	S	0.349161
00329510192808	17161.989209	W	0.086118
00329511846280	17162.075327	S	0.452281
00329520530080	17162.527608	W	0.015894
00329520835240	17162.543502	S	0.090412
00329522571144	17162.633914	W	0.014143
00329522842692	17162.648057	S	0.946857
00329541022352	17163.594914	W	0.022391
00329541452256	17163.617305	S	0.025058
00329541933364	17163.642363	W	0.014040
00329542202932	17163.656403	S	0.997437
00329561353728	17164.653840	W	0.022897
00329561793348	17164.676737	S	0.992990
00329580858760	17165.669727	W	0.012507
00329581098904	17165.682235	S	0.938887
00329599125540	17166.621122	W	0.022092
00329599549712	17166.643214	S	0.036511
00329600250724	17166.679725	W	0.014541
00329600529908	17166.694266	S	0.994013
00329619614964	17167.688279	W	0.014048
00329619884688	17167.702327	S	1.949495
00329657314988	17169.651822	W	0.021632
00329657730316	17169.673454	S	3.008168
00329715487144	17172.681622	W	0.013739
00329715750940	17172.695361	S	3.016117
00329773660380	17175.711478	W	0.022926
00329774100568	17175.734405	S	1.375390
00329800508052	17177.109794	W	0.014072
00329800778232	17177.123866	S	1.616630
00329831817528	17178.740496	W	0.013832
00329832083096	17178.754328	S	3.007338
00329889823988	17181.761666	W	0.023002
00329890265624	17181.784668	S	3.004716
00329947956168	17184.789384	W	0.013816
00329948221444	17184.803200	S	3.010529
00330006023596	17187.813729	W	0.014843
00330006308576	17187.828572	S	1.498284
00330035075624	17189.326855	W	0.086783
00330036741852	17189.413638	S	0.313935
00330042769396	17189.727573	W	0.016124
00330043078968	17189.743696	S	1.092882
00330064062308	17190.836579	W	0.013922
00330064329604	17190.850500	S	0.114991
00330066537424	17190.965491	W	0.020663
00330066934152	17190.986154	S	2.868319
00330122005868	17193.854472	W	0.021460
00330122417900	17193.875932	S	0.468438
00330131411904	17194.344370	W	0.126100
00330133833028	17194.470470	S	0.013408
00330134090468	17194.483879	W	0.095973
00330135933140	17194.579851	S	0.268314
00330141084776	17194.848165	W	0.015956
00330141391132	17194.864121	S	2.014221
00330180064176	17196.878343	W	0.014000
00330180332972	17196.892342	S	2.996240
00330237860772	17199.888582	W	0.023216
00330238306512	17199.911798	S	3.005167
00330296005716	17202.916964	W	0.013920
00330296272988	17202.930885	S	3.006612
00330353999932	17205.937496	W	0.022749
00330354436720	17205.960246	S	3.006171
00330412155200	17208.966417	W	0.013978
00330412423572	17208.980394	S	0.638517
00330424683104	17209.618912	W	0.013992
00330424951748	17209.632904	S	2.350123
00330470074108	17211.983026	W	0.022367
00330470503564	17212.005394	S	3.002227
00330528146316	17215.007621	W	0.014816
00330528430788	17215.022437	S	3.006457
00330586154772	17218.028894	W	0.014396
00330586431184	17218.043291	S	0.001767
00330586465108	17218.045058	W	0.013697
00330586728088	17218.058755	S	3.012428
00330644566708	17221.071183	W	0.020841
00330644966860	17221.092024	S	3.003217
00330702628636	17224.095241	W	0.022029
00330703051596	17224.117271	S	0.436894
00330711439956	17224.554164	W	0.039940
00330712206812	17224.594105	S	0.332953
00330718599512	17224.927058	W	0.015464
00330718896424	17224.942522	S	2.183224
00330760814328	17227.125746	W	0.021217
00330761221700	17227.146964	S	3.008843
00330818991492	17230.155807	W	0.021649
00330819407156	17230.177456	S	3.007907
00330877158976	17233.185363	W	0.021358
00330877569056	17233.206722	S	3.006391
00330935291756	17236.213112	W	0.014256
00330935565472	17236.227368	S	2.866188
00330990596280	17239.093556	W	0.014274
00330990870340	17239.107830	S	0.015575
00330991169388	17239.123406	W	0.014019
00330991438548	17239.137424	S	0.100014
00330993358808	17239.237438	W	0.013762
00330993623044	17239.251200	S	1.122291
00331015171024	17240.373491	W	0.089229
00331016884228	17240.462720	S	0.064062
00331018114220	17240.526782	W	0.084784
00331019742072	17240.611566	S	0.315838
00331025806164	17240.927404	W	0.015910
00331026111636	17240.943314	S	1.314544
00331051350876	17242.257858	W	0.013764
00331051615148	17242.271622	S	3.008206
00331109372704	17245.279828	W	0.022089
00331109796804	17245.301917	S	0.145946
00331112598960	17245.447863	W	0.238820
00331117184312	17245.686683	S	0.013318
00331117440016	17245.700001	W	0.068380
00331118752912	17245.768381	S	0.278849
00331124106816	17246.047230	W	0.016113
00331124416188	17246.063343	S	0.812457
00331140015364	17246.875800	W	0.014501
00331140293784	17246.890301	S	0.088542
00331141993784	17246.978843	W	0.021771
00331142411784	17247.000614	S	0.592273
00331153783432	17247.592887	W	0.013615
00331154044840	17247.606502	S	0.577539
00331165133592	17248.184041	W	0.085400
00331166773268	17248.269441	S	0.034201
00331167429924	17248.303642	W	0.092180
00331169199780	17248.395822	S	0.015843
00331169503968	17248.411665	W	0.013534
00331169763812	17248.425199	S	0.088742
00331171467656	17248.513940	W	0.092359
00331173240944	17248.606299	S	0.112366
00331175398380	17248.718666	W	0.176519
00331178787544	17248.895185	S	0.028432
00331179333448	17248.923617	W	0.087454
00331181012564	17249.011071	S	0.013404
00331181269924	17249.024475	W	0.062636
00331182472528	17249.087111	S	0.041199
00331183263544	17249.128310	W	0.176327
00331186649028	17249.304637	S	0.012669
00331186892280	17249.317306	W	0.107440
00331188955124	17249.424746	S	0.013577
00331189215800	17249.438323	W	0.065953
00331190482092	17249.504276	S	0.033653
00331191128224	17249.537928	W	0.086458
00331192788216	17249.624386	S	0.013386
00331193045220	17249.637772	W	0.061717
00331194230184	17249.699489	S	0.507853
00331203980968	17250.207342	W	0.016066
00331204289436	17250.223408	S	0.423654
00331212423596	17250.647062	W	0.091537
00331214181100	17250.738599	S	0.013393
00331214438240	17250.751992	W	0.072911
00331215838128	17250.824903	S	0.342373
00331222411684	17251.167275	W	0.015942
00331222717768	17251.183217	S	0.146627
00331225533012	17251.329844	W	0.022922
00331225973116	17251.352766	S	0.004138
00331226052564	17251.356904	W	0.022236
00331226479488	17251.379140	S	0.821468
00331242251664	17252.200607	W	0.014492
00331242529908	17252.215099	S	0.154935
00331245504656	17252.370034	W	0.021303
00331245913668	17252.391337	S	0.526103
00331256014840	17252.917440	W	0.014250
00331256288436	17252.931689	S	0.449907
00331264926652	17253.381596	W	0.021766
00331265344564	17253.403363	S	0.331942
00331271717844	17253.735304	W	0.083505
00331273321136	17253.818809	S	0.254496
00331278207468	17254.073306	W	0.025414
00331278695420	17254.098720	S	0.253739
00331283567212	17254.352459	W	0.013617
00331283828660	17254.366076	S	0.026443
00331284336356	17254.392519	W	0.014790
00331284620328	17254.407309	S	0.993400
00331303693608	17255.400709	W	0.014233
00331303966880	17255.414942	S	0.657127
00331316583716	17256.072069	W	0.148004
00331319425392	17256.220073	S	0.188049
00331323035928	17256.408121	W	0.013739
00331323299724	17256.421861	S	0.945869
00331341460408	17257.367730	W	0.021972
00331341882268	17257.389701	S	0.026831
00331342397424	17257.416532	W	0.013945
00331342665168	17257.430477	S	0.001662
00331342697076	17257.432139	W	0.013679
00331342959708	17257.445818	S	0.986386
00331361898328	17258.432205	W	0.013476
00331362157072	17258.445681	S	0.000831
00331362173020	17258.446511	W	0.014220
00331362446040	17258.460731	S	0.984703
00331381352332	17259.445434	W	0.013203
00331381605820	17259.458636	S	0.934009
00331399538796	17260.392646	W	0.013407
00331399796216	17260.406053	S	0.921754
00331417493888	17261.327807	W	0.013768
00331417758232	17261.341575	S	2.071407
00331457529248	17263.412982	W	0.014328
00331457804348	17263.427310	S	0.001553
00331457834168	17263.428863	W	0.013685
00331458096928	17263.442548	S	3.003270
00331515759708	17266.445818	W	0.013357
00331516016164	17266.459175	S	2.296710
00331560113004	17268.755886	W	0.013846
00331560378852	17268.769732	S	0.692500
00331573674852	17269.462232	W	0.022561
00331574108028	17269.484793	S	3.005274
00331631809296	17272.490067	W	0.014155
00331632081080	17272.504223	S	3.012641
00331689923788	17275.516864	W	0.022915
00331690363748	17275.539779	S	3.011392
00331748182468	17278.551170	W	0.022298
00331748610592	17278.573468	S	3.004190
00331806291032	17281.577658	W	0.014755
00331806574328	17281.592413	S	2.204010
00331848891312	17283.796422	W	0.066139
00331850161180	17283.862561	S	0.277213
00331855483668	17284.139774	W	0.016017
00331855791200	17284.155792	S	0.450756
00331864445716	17284.606548	W	0.022184
00331864871648	17284.628732	S	2.813827
00331918897120	17287.442558	W	0.111647
00331921040748	17287.554206	S	0.074931
00331922479416	17287.629136	W	0.011587
00331922701880	17287.640723	S	0.030038
00331923278600	17287.670760	W	0.014395
00331923554988	17287.685156	S	0.281472
00331928959252	17287.966628	W	0.015271
00331929252464	17287.981899	S	2.664350
00331980407976	17290.646249	W	0.014138
00331980679424	17290.660387	S	0.001650
00331980711112	17290.662037	W	0.014042
00331980980716	17290.676079	S	1.873303
00332016948140	17292.549382	W	0.085719
00332018593940	17292.635101	S	0.451669
00332027265980	17293.086770	W	0.015451
00332027562636	17293.102221	S	0.578053
00332038661252	17293.680274	W	0.013061
00332038912032	17293.693335	S	3.005600
00332096619556	17296.698935	W	0.014215
00332096892476	17296.713150	S	0.629218
00332108973464	17297.342368	W	0.089431
00332110690544	17297.431799	S	0.455186
00332119430124	17297.886986	W	0.016104
00332119739316	17297.903089	S	1.826148
00332154801360	17299.729237	W	0.022289
00332155229316	17299.751527	S	3.008422
00332212991016	17302.759949	W	0.022306
00332213419296	17302.782255	S	3.005173
00332271118612	17305.787428	W	0.022477
00332271550168	17305.809905	S	3.005708
00332329259756	17308.815612	W	0.023248
00332329706120	17308.838860	S	3.012600
00332387548048	17311.851461	W	0.022597
00332387981904	17311.874058	S	0.661849
00332400689404	17312.535906	W	0.013989
00332400957988	17312.549895	S	0.681083
00332414034776	17313.230978	W	0.087475
00332415714300	17313.318453	S	0.117149
00332417963564	17313.435602	W	0.089943
00332419690464	17313.525545	S	0.361437
00332426630060	17313.886982	W	0.015851
00332426934392	17313.902833	S	0.093597
00332428731452	17313.996430	W	0.089277
00332430445572	17314.085707	S	0.066770
00332431727560	17314.152477	W	0.085268
00332433364708	17314.237745	S	0.289141
00332438916212	17314.526886	W	0.015708
00332439217804	17314.542594	S	0.224803
00332443534028	17314.767397	W	0.013550
00332443794188	17314.780947	S	0.008846
00332443964028	17314.789793	W	0.013980
00332444232436	17314.803773	S	0.076934
00332445709560	17314.880706	W	0.021772
00332446127588	17314.902479	S	1.094118
00332467134652	17315.996596	W	0.014176
00332467406828	17316.010772	S	1.900181
00332503890312	17317.910954	W	0.022151
00332504315612	17317.933105	S	0.473219
00332513401412	17318.406324	W	0.091413
00332515156548	17318.497737	S	0.509280
00332524934720	17319.007017	W	0.015864
00332525239312	17319.022881	S	0.151273
00332528143756	17319.174154	W	0.241235
00332532775468	17319.415389	S	0.013539
00332533035420	17319.428928	W	0.069204
00332534364132	17319.498132	S	0.468746
00332543364056	17319.966878	W	0.016078
00332543672760	17319.982956	S	0.957115
00332562049364	17320.940071	W	0.022671
00332562484644	17320.962742	S	1.802394
00332597090604	17322.765136	W	0.013531
00332597350408	17322.778667	S	0.794903
00332612612544	17323.573570	W	0.089339
00332614327852	17323.662909	S	0.305108
00332620185924	17323.968017	W	0.014183
00332620458236	17323.982200	S	3.014194
00332678330756	17326.996394	W	0.022121
00332678755484	17327.018515	S	3.006651
00332736483184	17330.025166	W	0.023188
00332736928396	17330.048354	S	3.004488
00332794614556	17333.052841	W	0.013465
00332794873076	17333.066306	S	3.012224
00332852707768	17336.078530	W	0.023984
00332853168268	17336.102514	S	2.541652
00332901967992	17338.644166	W	0.014226
00332902241136	17338.658393	S	0.446424
00332910812476	17339.104816	W	0.021455
00332911224404	17339.126271	S	3.003871
00332968898736	17342.130142	W	0.023048
00332969341260	17342.153191	S	3.003250
00333027003660	17345.156441	W	0.022139
00333027428724	17345.178579	S	3.003452
00333085095004	17348.182031	W	0.014302
00333085369608	17348.196334	S	0.006437
00333085493192	17348.202770	W	0.014028
00333085762520	17348.216798	S	2.988704
00333143145644	17351.205502	W	0.014534
00333143424700	17351.220036	S	2.416925
00333189829656	17353.636961	W	0.063074
00333191040676	17353.700035	S	0.506801
00333200771256	17354.206836	W	0.015722
00333201073112	17354.222558	S	0.006552
00333201198912	17354.229110	W	0.022679
00333201634356	17354.251789	S	3.006426
00333259357736	17357.258215	W	0.023390
00333259806824	17357.281605	S	3.005156
00333317505824	17360.286762	W	0.013655
00333317768000	17360.300417	S	3.009980
00333375559608	17363.310396	W	0.022940
00333376000060	17363.333336	S	3.004956
00333433695220	17366.338293	W	0.021452
00333434107100	17366.359745	S	3.005151
00333491805996	17369.364896	W	0.021617
00333492221044	17369.386513	S	3.000045
00333549821916	17372.386558	W	0.013435
00333550079860	17372.399993	S	3.006065
00333607796308	17375.406058	W	0.023108
00333608239980	17375.429166	S	3.004520
00333665926764	17378.433686	W	0.022243
00333666353832	17378.455929	S	3.006187
00333724072624	17381.462116	W	0.022473
00333724504100	17381.484589	S	2.165990
00333766091104	17383.650578	W	0.051837
00333767086368	17383.702415	S	0.290910
00333772671832	17383.993325	W	0.015751
00333772974244	17384.009075	S	0.188907
00333776601252	17384.197982	W	0.013723
00333776864740	17384.211705	S	0.278929
00333782220168	17384.490634	W	0.021609
00333782635056	17384.512243	S	3.007009
00333840369628	17387.519251	W	0.022735
00333840806148	17387.541987	S	3.002225
00333898448876	17390.544212	W	0.022426
00333898879448	17390.566638	S	3.003493
00333956546504	17393.570130	W	0.021947
00333956967880	17393.592077	S	3.002126
00334014608708	17396.594204	W	0.022337
00334015037584	17396.616541	S	3.006013
00334072753040	17399.622554	W	0.013530
00334073012816	17399.636084	S	0.840035
00334089141492	17400.476119	W	0.014396
00334089417904	17400.490516	S	0.003509
00334089485268	17400.494024	W	0.013710
00334089748504	17400.507735	S	0.787835
00334104874940	17401.295570	W	0.014187
00334105147332	17401.309757	S	0.452441
00334113834204	17401.762198	W	0.087261
00334115509612	17401.849459	S	0.058956
00334116641568	17401.908415	W	0.085333
00334118279968	17401.993748	S	0.532576
00334128505424	17402.526324	W	0.015529
00334128803576	17402.541853	S	0.100708
00334130737168	17402.642561	W	0.014207
00334131009948	17402.656768	S	3.009086
00334188784396	17405.665854	W	0.021410
00334189195464	17405.687264	S	1.295255
00334214064364	17406.982519	W	0.237824
00334218630580	17407.220343	S	0.013722
00334218894040	17407.234065	W	0.065404
00334220149796	17407.299469	S	0.347226
00334226816536	17407.646695	W	0.015956
00334227122888	17407.662650	S	1.026748
00334246836444	17408.689398	W	0.021826
00334247255500	17408.711224	S	3.008536
00334305019396	17411.719760	W	0.013540
00334305279372	17411.733301	S	0.371210
00334312406604	17412.104511	W	0.090482
00334314143860	17412.194993	S	0.252117
00334318984512	17412.447110	W	0.016144
00334319294468	17412.463254	S	2.280944
00334363088584	17414.744197	W	0.022843
00334363527172	17414.767040	S	3.006657
00334421254988	17417.773697	W	0.022197
00334421681172	17417.795894	S	3.004219
00334479362172	17420.800113	W	0.023221
00334479808016	17420.823334	S	3.006186
00334537526780	17423.829520	W	0.022213
00334537953268	17423.851733	S	3.001992
00334595591512	17426.853725	W	0.014799
00334595875644	17426.868523	S	0.353529
00334602663404	17427.222052	W	0.013981
00334602931832	17427.236033	S	2.643356
00334653684272	17429.879389	W	0.022374
00334654113848	17429.901763	S	3.007279
00334711853596	17432.909041	W	0.021014
00334712257068	17432.930056	S	3.005637
00334769965300	17435.935693	W	0.022722
00334770401556	17435.958414	S	3.006796
00334828132036	17438.965210	W	0.021584
00334828546448	17438.986794	S	3.003958
00334886222440	17441.990752	W	0.020914
00334886623984	17442.011666	S	0.157290
00334889643956	17442.168956	W	0.040082
00334890413528	17442.209038	S	0.317348
00334896506604	17442.526386	W	0.015717
00334896808372	17442.542103	S	2.473928
00334944307792	17445.016031	W	0.020983
00334944710672	17445.037014	S	0.605425
00334956334832	17445.642439	W	0.013271
00334956589644	17445.655711	S	2.385530
00335002391828	17448.041241	W	0.014097
00335002662496	17448.055338	S	3.010283
00335060459932	17451.065621	W	0.021924
00335060880876	17451.087546	S	0.683160
00335073997556	17451.770706	W	0.090699
00335075738976	17451.861405	S	0.121506
00335078071896	17451.982911	W	0.086924
00335079740844	17452.069836	S	0.376430
00335086968300	17452.446266	W	0.015936
00335087274272	17452.462202	S	1.630213
00335118574368	17454.092415	W	0.014128
00335118845632	17454.106543	S	2.795811
00335172525208	17456.902355	W	0.237913
00335177093144	17457.140268	S	0.013856
00335177359172	17457.154124	W	0.072249
00335178746344	17457.226372	S	0.339971
00335185273796	17457.566344	W	0.015856
00335185578228	17457.582199	S	2.562663
00335234781348	17460.144862	W	0.015070
00335235070700	17460.159932	S	3.017341
00335293003644	17463.177273	W	0.014101
00335293274388	17463.191374	S	3.010196
00335351070148	17466.201570	W	0.013767
00335351334480	17466.215338	S	0.938860
00335369360596	17467.154198	W	0.013609
00335369621884	17467.167806	S	2.058505
00335409145172	17469.226311	W	0.022633
00335409579724	17469.248944	S	3.005646
00335467288120	17472.254590	W	0.012713
00335467532216	17472.267303	S	1.732176
00335500789988	17473.999479	W	0.014375
00335501065992	17474.013854	S	0.006331
00335501187540	17474.020184	W	0.022163
00335501613068	17474.042347	S	0.346784
00335508271320	17474.389131	W	0.089347
00335509986776	17474.478478	S	0.032531
00335510611368	17474.511009	W	0.087276
00335512287076	17474.598285	S	0.251163
00335517109412	17474.849449	W	0.015802
00335517412816	17474.865251	S	0.413027
00335525342940	17475.278278	W	0.022498
00335525774892	17475.300776	S	3.003977
00335583451256	17478.304753	W	0.013430
00335583709112	17478.318183	S	1.112221
00335605063756	17479.430404	W	0.089254
00335606777428	17479.519658	S	0.213707
00335610880604	17479.733365	W	0.238534
00335615460456	17479.971899	S	0.013383
00335615717400	17479.985281	W	0.076277
00335617181916	17480.061558	S	0.544530
00335627636884	17480.606088	W	0.015858
00335627941348	17480.621945	S	0.709026
00335641554640	17481.330971	W	0.014148
00335641826288	17481.345119	S	3.011988
00335699656464	17484.357107	W	0.020958
00335700058856	17484.378065	S	0.270533
00335705253092	17484.648599	W	0.087699
00335706936920	17484.736298	S	0.070213
00335708285008	17484.806511	W	0.089642
00335710006140	17484.896153	S	0.509921
00335719796624	17485.406074	W	0.015920
00335720102296	17485.421995	S	1.965415
00335757838272	17487.387410	W	0.022744
00335758274948	17487.410154	S	3.002030
00335815913932	17490.412184	W	0.022111
00335816338472	17490.434295	S	3.002284
00335873982320	17493.436579	W	0.015430
00335874278568	17493.452009	S	3.015760
00335932181160	17496.467769	W	0.031408
00335932784188	17496.499176	S	2.998411
00335990353688	17499.497588	W	0.014741
00335990636716	17499.512329	S	0.409950
00335998507748	17499.922279	W	0.014253
00335998781408	17499.936532	S	2.587112
00336048453964	17502.523644	W	0.022195
00336048880104	17502.545839	S	3.005325
00336106582336	17505.551163	W	0.021902
00336107002864	17505.573066	S	1.514762
00336136086300	17507.087828	W	0.013714
00336136349604	17507.101542	S	1.480193
00336164769300	17508.581734	W	0.023416
00336165218892	17508.605151	S	3.007078
00336222954788	17511.612229	W	0.021961
00336223376444	17511.634190	S	3.004401
00336281060936	17514.638590	W	0.022052
00336281484344	17514.660643	S	0.209049
00336285498080	17514.869692	W	0.040429
00336286274308	17514.910120	S	0.303031
00336292092508	17515.213151	W	0.015829
00336292396428	17515.228981	S	2.439436
00336339233600	17517.668417	W	0.021589
00336339648104	17517.690005	S	3.005528
00336397354244	17520.695534	W	0.022782
00336397791660	17520.718316	S	3.008124
00336455547644	17523.726440	W	0.013427
00336455805436	17523.739866	S	1.562015
00336485796132	17525.301882	W	0.014320
00336486071072	17525.316202	S	0.001671
00336486103148	17525.317872	W	0.014654
00336486384504	17525.332526	S	0.001443
00336486412212	17525.333969	W	0.014668
00336486693832	17525.348637	S	1.400195
00336513577568	17526.748832	W	0.022961
00336514018424	17526.771793	S	3.003590
00336571687360	17529.775383	W	0.021899
00336572107816	17529.797282	S	3.008004
00336629861492	17532.805286	W	0.022984
00336630302780	17532.828270	S	0.796227
00336645590340	17533.624497	W	0.098615
00336647483744	17533.723112	S	0.322618
00336653678012	17534.045730	W	0.015558
00336653976724	17534.061288	S	0.055268
00336655037864	17534.116555	W	0.174540
00336658389032	17534.291095	S	0.123903
00336660767972	17534.414999	W	0.123605
00336663141192	17534.538604	S	0.001836
00336663176444	17534.540440	W	0.065427
00336664432652	17534.605867	S	0.013972
00336664700912	17534.619839	W	0.160249
00336667777688	17534.780088	S	0.146981
00336670599732	17534.927069	W	0.260294
00336675597372	17535.187363	S	0.016385
00336675911956	17535.203748	W	0.061800
00336677098512	17535.265547	S	0.070084
00336678444124	17535.335631	W	0.126899
00336680880584	17535.462530	S	0.013557
00336681140880	17535.476087	W	0.086235
00336682796592	17535.562323	S	0.274729
00336688071388	17535.837051	W	0.014041
00336688340968	17535.851092	S	0.003488
00336688407928	17535.854580	W	0.022171
00336688833612	17535.876751	S	0.989309
00336707828348	17536.866060	W	0.013544
00336708088396	17536.879604	S	0.994880
00336727190100	17537.874484	W	0.021967
00336727611860	17537.896451	S	0.962088
00336746083952	17538.858539	W	0.014697
00336746366140	17538.873236	S	0.012839
00336746612644	17538.886075	W	0.014436
00336746889812	17538.900511	S	0.433014
00336755203688	17539.333525	W	0.090421
00336756939764	17539.423946	S	0.213537
00336761039668	17539.637483	W	0.089131
00336762750976	17539.726613	S	0.174522
00336766101792	17539.901135	W	0.022857
00336766540656	17539.923993	S	0.179987
00336769996412	17540.103980	W	0.237773
00336774561648	17540.341753	S	0.013577
00336774822328	17540.355330	W	0.065750
00336776084732	17540.421080	S	0.344758
00336782704088	17540.765838	W	0.015927
00336783009884	17540.781765	S	0.135861
00336785618416	17540.917626	W	0.014322
00336785893392	17540.931948	S	0.001511
00336785922412	17540.933459	W	0.013796
00336786187292	17540.947255	S	0.942499
00336804283272	17541.889754	W	0.021096
00336804688312	17541.910850	S	0.023464
00336805138816	17541.934313	W	0.014148
00336805410456	17541.948461	S	0.997972
00336824571516	17542.946433	W	0.021624
00336824986700	17542.968057	S	0.989345
00336843982132	17543.957403	W	0.013485
00336844241036	17543.970887	S	0.581990
00336855415252	17544.552878	W	0.085574
00336857058268	17544.638451	S	0.271381
00336862268780	17544.909832	W	0.013329
00336862524692	17544.923161	S	0.040990
00336863311692	17544.964151	W	0.013795
00336863576552	17544.977945	S	0.992459
00336882631764	17545.970404	W	0.014383
00336882907916	17545.984787	S	0.994675
00336902005668	17546.979462	W	0.022870
00336902444764	17547.002331	S	0.923036
00336920167056	17547.925367	W	0.023198
00336920612456	17547.948565	S	0.043908
00336921455480	17547.992473	W	0.014281
00336921729668	17548.006754	S	0.997821
00336940887824	17549.004574	W	0.013557
00336941148112	17549.018131	S	0.555351
00336951810860	17549.573482	W	0.088606
00336953512088	17549.662088	S	0.352462
00336960279356	17550.014550	W	0.013451
00336960537612	17550.028001	S	0.566414
00336971412760	17550.594415	W	0.119599
00336973709068	17550.714014	S	0.084834
00336975337888	17550.798848	W	0.082867
00336976928944	17550.881716	S	0.070969
00336978291556	17550.952685	W	0.013309
00336978547092	17550.965994	S	0.007002
00336978681528	17550.972996	W	0.013415
00336978939092	17550.986411	S	0.035390
00336979618572	17551.021801	W	0.014670
00336979900228	17551.036470	S	0.288980
00336985448640	17551.325450	W	0.015267
00336985741776	17551.340717	S	0.689849
00336998986868	17552.030566	W	0.014026
00336999256160	17552.044592	S	0.715161
00337012987252	17552.759753	W	0.346968
00337019649036	17553.106721	S	0.014788
00337019932960	17553.121508	W	0.062825
00337021139200	17553.184333	S	0.174545
00337024490460	17553.358878	W	0.121486
00337026822992	17553.480364	S	0.015172
00337027114296	17553.495536	W	0.087044
00337028785532	17553.582580	S	0.303337
00337034609608	17553.885917	W	0.016007
00337034916936	17553.901924	S	0.086875
00337036584944	17553.988799	W	0.014283
00337036859168	17554.003082	S	0.038360
00337037595688	17554.041442	W	0.013780
00337037860264	17554.055222	S	0.995050
00337056965224	17555.050272	W	0.022136
00337057390244	17555.072409	S	0.994140
00337076477732	17556.066549	W	0.013759
00337076741900	17556.080307	S	0.000835
00337076757924	17556.081142	W	0.014409
00337077034576	17556.095551	S	0.912551
00337094555552	17557.008102	W	0.013272
00337094810384	17557.021374	S	0.059150
00337095946068	17557.080524	W	0.013871
00337096212400	17557.094396	S	0.671041
00337109096388	17557.765437	W	0.086820
00337110763340	17557.852257	S	0.236659
00337115307200	17558.088917	W	0.013888
00337115573844	17558.102804	S	0.263344
00337120630040	17558.366148	W	0.015661
00337120930740	17558.381809	S	0.714543
00337134649972	17559.096353	W	0.014466
00337134927720	17559.110819	S	0.816710
00337150608544	17559.927528	W	0.147450
00337153439580	17560.074978	S	0.016655
00337153759348	17560.091633	W	0.060805
00337154926796	17560.152437	S	0.098885
00337156825392	17560.251323	W	0.095738
00337158663556	17560.347060	S	0.258863
00337163633724	17560.605923	W	0.015551
00337163932300	17560.621474	S	0.006826
00337164063368	17560.628300	W	0.088400
00337165760656	17560.716701	S	0.219024
00337169965916	17560.935725	W	0.088466
00337171664456	17561.024190	S	0.084017
00337173277592	17561.108208	W	0.014321
00337173552564	17561.122529	S	0.121354
00337175882564	17561.243884	W	0.085584
00337177525768	17561.329467	S	0.016329
00337177839288	17561.345796	W	0.168449
00337181073508	17561.514245	S	0.104613
00337183082084	17561.618859	W	0.092161
00337184851572	17561.711019	S	0.015792
00337185154772	17561.726811	W	0.061876
00337186342792	17561.788687	S	0.171965
00337189644520	17561.960652	W	0.122556
00337191997604	17562.083209	S	0.008952
00337192169488	17562.092161	W	0.064887
00337193415324	17562.157048	S	0.110825
00337195543160	17562.267873	W	0.089601
00337197263492	17562.357474	S	0.013321
00337197519256	17562.370795	W	0.065767
00337198781980	17562.436561	S	0.138428
00337201439792	17562.574989	W	0.126478
00337203868164	17562.701467	S	0.014160
00337204140028	17562.715626	W	0.130645
00337206648412	17562.846271	S	0.014629
00337206929280	17562.860900	W	0.101520
00337208878460	17562.962420	S	0.013116
00337209130288	17562.975536	W	0.155962
00337212124756	17563.131498	S	0.013209
00337212378360	17563.144706	W	0.064359
00337213614044	17563.209065	S	0.185156
00337217169040	17563.394221	W	0.123153
00337219533576	17563.517374	S	0.015519
00337219831532	17563.532892	W	0.087139
00337221504604	17563.620031	S	0.183814
00337225033832	17563.803845	W	0.185323
00337228592040	17563.989169	S	0.013174
00337228844972	17564.002342	W	0.064683
00337230086876	17564.067025	S	0.044057
00337230932764	17564.111081	W	0.127814
00337233386792	17564.238895	S	0.013801
00337233651780	17564.252697	W	0.084136
00337235267196	17564.336833	S	0.081487
00337236831752	17564.418320	W	0.087479
00337238511340	17564.505799	S	0.014310
00337238786088	17564.520109	W	0.131169
00337241304528	17564.651278	S	0.013397
00337241561756	17564.664675	W	0.101411
00337243508852	17564.766086	S	0.015463
00337243805732	17564.781549	W	0.070936
00337245167708	17564.852485	S	0.086466
00337246827856	17564.938951	W	0.152429
00337249754484	17565.091379	S	0.041461
00337250550544	17565.132841	W	0.011947
00337250779928	17565.144788	S	0.092492
00337252555772	17565.237280	W	0.167574
00337255773188	17565.404854	S	0.139679
00337258455028	17565.544533	W	0.235024
00337262967484	17565.779556	S	0.015520
00337263265472	17565.795077	W	0.180253
00337266726336	17565.975330	S	0.005903
00337266839672	17565.981233	W	0.142370
00337269573176	17566.123603	S	0.014530
00337269852152	17566.138133	W	0.015031
00337270140748	17566.153164	S	0.004730
00337270231556	17566.157894	W	0.083631
00337271837268	17566.241524	S	0.012609
00337272079364	17566.254134	W	0.098463
00337273969848	17566.352596	S	0.015221
00337274262100	17566.367818	W	0.060779
00337275429052	17566.428596	S	0.140087
00337278118724	17566.568684	W	0.184309
00337281657460	17566.752993	S	0.277657
00337286988472	17567.030650	W	0.015675
00337287289440	17567.046325	S	0.099910
00337289207716	17567.146235	W	0.022567
00337289640996	17567.168802	S	0.195533
00337293395236	17567.364335	W	0.089476
00337295113176	17567.453811	S	0.013282
00337295368188	17567.467093	W	0.065401
00337296623888	17567.532494	S	0.162575
00337299745336	17567.695070	W	0.172472
00337303056796	17567.867541	S	0.237119
00337307609484	17568.104661	W	0.088438
00337309307492	17568.193099	S	0.013725
00337309571008	17568.206823	W	0.065309
00337310824932	17568.272132	S	0.139717
00337313507504	17568.411849	W	0.088199
00337315200920	17568.500048	S	0.015066
00337315490184	17568.515114	W	0.065518
00337316748136	17568.580632	S	0.292379
00337322361816	17568.873011	W	0.015366
00337322656844	17568.888377	S	0.188121
00337326268768	17569.076498	W	0.022142
00337326693892	17569.098640	S	0.065350
00337327948612	17569.163990	W	0.013723
00337328212088	17569.177713	S	1.000649
00337347424544	17570.178362	W	0.013310
00337347680104	17570.191672	S	0.992145
00337366729288	17571.183817	W	0.015066
00337367018560	17571.198883	S	0.904513
00337384385216	17572.103397	W	0.013386
00337384642232	17572.116783	S	0.075876
00337386099048	17572.192659	W	0.022783
00337386536488	17572.215442	S	0.989982
00337405544136	17573.205424	W	0.014744
00337405827224	17573.220168	S	0.993956
00337424911172	17574.214124	W	0.022386
00337425340988	17574.236510	S	0.891611
00337442459920	17575.128121	W	0.014072
00337442730100	17575.142193	S	2.281339
00337486531808	17577.423532	W	0.023805
00337486988868	17577.447337	S	0.703363
00337500493440	17578.150700	W	0.013532
00337500753256	17578.164232	S	3.011592
00337558575820	17581.175824	W	0.014208
00337558848616	17581.190032	S	3.010308
00337616646536	17584.200340	W	0.013450
00337616904776	17584.213790	S	3.012839
00337674751288	17587.226630	W	0.014147
00337675022912	17587.240777	S	3.012713
00337732866996	17590.253489	W	0.014172
00337733139108	17590.267662	S	2.323949
00337777758920	17592.591610	W	0.013695
00337778021856	17592.605305	S	0.672691
00337790937532	17593.277996	W	0.014591
00337791217680	17593.292588	S	3.015016
00337849105980	17596.307603	W	0.014279
00337849380136	17596.321882	S	2.233071
00337892255096	17598.554953	W	0.039836
00337893019944	17598.594789	S	0.018575
00337893376580	17598.613364	W	0.064643
00337894617732	17598.678007	S	0.327609
00337900907832	17599.005616	W	0.015852
00337901212184	17599.021468	S	0.313383
00337907229132	17599.334851	W	0.012607
00337907471180	17599.347457	S	3.013236
00337965325312	17602.360693	W	0.014148
00337965596952	17602.374841	S	3.010955
00338023407296	17605.385797	W	0.013429
00338023665132	17605.399226	S	3.008027
00338081419256	17608.407253	W	0.014050
00338081689024	17608.421303	S	3.014930
00338139575688	17611.436234	W	0.013449
00338139833916	17611.449683	S	0.277612
00338145164068	17611.727295	W	0.012584
00338145405684	17611.739879	S	0.015789
00338145708824	17611.755668	W	0.013654
00338145970988	17611.769322	S	0.675122
00338158933340	17612.444445	W	0.014217
00338159206300	17612.458661	S	0.101801
00338161160872	17612.560462	W	0.135432
00338163761172	17612.695894	S	0.014310
00338164035920	17612.710204	W	0.092912
00338165819840	17612.803117	S	0.282383
00338171241600	17613.085500	W	0.015810
00338171545148	17613.101310	S	0.162059
00338174656680	17613.263369	W	0.014364
00338174932472	17613.277733	S	1.184801
00338197680656	17614.462534	W	0.014272
00338197954676	17614.476806	S	2.063471
00338237573324	17616.540277	W	0.013645
00338237835304	17616.553922	S	0.805194
00338253295028	17617.359116	W	0.012936
00338253543404	17617.372052	S	0.107994
00338255616888	17617.480046	W	0.020681
00338256013956	17617.500727	S	0.168407
00338259247380	17617.669134	W	0.233926
00338263738756	17617.903060	S	0.016407
00338264053780	17617.919468	W	0.120649
00338266370232	17618.040116	S	0.035906
00338267059624	17618.076022	W	0.022687
00338267495216	17618.098709	S	0.162562
00338270616408	17618.261271	W	0.015520
00338270914388	17618.276791	S	2.227595
00338313684220	17620.504386	W	0.013849
00338313950116	17620.518235	S	0.731145
00338327988096	17621.249380	W	0.085093
00338329621880	17621.334473	S	0.000830
00338329637820	17621.335303	W	0.035267
00338330314944	17621.370570	S	0.006723
00338330444032	17621.377293	W	0.033309
00338331083572	17621.410603	S	0.040318
00338331857676	17621.450921	W	0.028315
00338332401320	17621.479235	S	0.000785
00338332416400	17621.480021	W	0.044216
00338333265344	17621.524237	S	0.063041
00338334475736	17621.587278	W	3.720826
00338405915604	17625.308104	S	0.015222
00338406207868	17625.323326	W	0.909600
00338423672180	17626.232926	S	0.075354
00338425118972	17626.308280	W	0.099409
00338427027632	17626.407689	S	0.016739
00338427349012	17626.424428	W	0.079095
00338428867644	17626.503523	S	0.054394
00338429912012	17626.557917	W	0.015200
00338430203852	17626.573117	S	0.183015
00338433717744	17626.756132	W	0.084058
00338435331652	17626.840190	S	0.257113
00338440268212	17627.097303	W	0.246622
00338445003348	17627.343924	S	0.096626
00338446858576	17627.440551	W	0.015448
00338447155176	17627.455999	S	0.102260
00338449118564	17627.558259	W	0.015428
00338449414784	17627.573687	S	0.588194
00338460708116	17628.161881	W	1865.281542
00374274113728	19493.443423	S	0.012504
00374274353812	19493.455928	W	0.013699
00374274616832	19493.469627	S	0.001428
00374274644244	19493.471054	W	0.013671
00374274906724	19493.484725	S	0.027935
00374275443080	19493.512660	W	0.058052
00374276557680	19493.570713	S	0.016162
00374276867984	19493.586874	W	0.738228
00374291041968	19494.325102	S	0.001656
00374291073756	19494.326758	W	0.013826
00374291339212	19494.340584	S	0.020585
00374291734444	19494.361169	W	0.014972
00374292021908	19494.376141	S	0.021836
00374292441168	19494.397978	W	3.085717
00374351686928	19497.483694	S	0.454085
00374360405368	19497.937780	W	0.043384
00374361238332	19497.981163	S	0.536414
00374371537484	19498.517577	W	0.006765
00374371667372	19498.524342	S	1.486770
00374400213360	19500.011113	W	0.290240
00374405785964	19500.301352	S	0.050796
00374406761248	19500.352148	W	0.006688
00374406889656	19500.358836	S	0.651833
00374419404844	19501.010669	W	0.044675
00374420262604	19501.055344	S	0.342174
00374426832344	19501.397518	W	0.006784
00374426962592	19501.404302	S	0.613445
00374438740744	19502.017747	W	0.007148
00374438877992	19502.024895	S	29.013370
00374995934700	19531.038266	W	0.032079
00374996550616	19531.070345	S	0.406971
00375004364460	19531.477316	W	0.006909
00375004497116	19531.484225	S	7.532234
00375149116004	19539.016459	W	0.176717
00375152508968	19539.193175	S	0.006681
00375152637252	19539.199857	W	0.120045
00375154942116	19539.319902	S	0.452787
00375163635632	19539.772689	W	0.006800
00375163766196	19539.779489	S	0.243834
00375168447816	19540.023324	W	0.007279
00375168587564	19540.030602	S	0.992712
00375187647636	19541.023314	W	0.007283
00375187787476	19541.030598	S	28.138058
00375728038192	19569.168656	W	0.059827
00375729186864	19569.228482	S	0.328016
00375735484764	19569.556498	W	0.006862
00375735616520	19569.563360	S	29.620214
00376304324628	19599.183574	W	0.032087
00376304940696	19599.215661	S	0.420794
00376313019944	19599.636455	W	0.006943
00376313153244	19599.643398	S	29.555238
00376880613812	19629.198636	W	0.031943
00376881227120	19629.230579	S	0.485703
00376890552620	19629.716282	W	0.007359
00376890693916	19629.723641	S	15.671149
00377191579984	19645.394791	W	0.024481
00377192050024	19645.419272	S	0.010968
00377192260616	19645.430240	W	0.084575
00377193884448	19645.514815	S	0.521267
00377203892772	19646.036082	W	0.016024
00377204200440	19646.052106	S	0.393527
00377211756156	19646.445633	W	0.095311
00377213586136	19646.540945	S	0.183713
00377217113420	19646.724657	W	0.115177
00377219324820	19646.839834	S	0.476381
00377228471332	19647.316215	W	0.006825
00377228602368	19647.323040	S	29.186663
00377788986292	19676.509703	W	0.032059
00377789601832	19676.541762	S	0.534387
00377799862060	19677.076149	W	0.006925
00377799995016	19677.083074	S	29.440840
00378365259136	19706.523913	W	0.025254
00378365744012	19706.549167	S	0.314127
00378371775244	19706.863294	W	0.006857
00378371906900	19706.870151	S	21.161305
00378778203960	19728.031456	W	0.120071
00378780509328	19728.151527	S	0.119413
00378782802056	19728.270940	W	0.080577
00378784349128	19728.351517	S	0.260256
00378789346040	19728.611773	W	0.006952
00378789479524	19728.618725	S	29.715779
00379360022480	19758.334504	W	0.030225
00379360602796	19758.364729	S	0.313486
00379366621732	19758.678215	W	0.006743
00379366751196	19758.684958	S	29.664670
00379936312856	19788.349628	W	0.031935
00379936926008	19788.381563	S	0.374389
00379944114272	19788.755952	W	0.006868
00379944246132	19788.762819	S	6.131606
00380061972976	19794.894426	W	1.517725
00380091113304	19796.412151	S	2.377862
00380136768256	19798.790013	W	0.120158
00380139075292	19798.910171	S	0.110746
00380141201616	19799.020918	W	0.088497
00380142900760	19799.109415	S	0.526423
00380153008088	19799.635838	W	0.007089
00380153144188	19799.642926	S	18.723116
00380512628012	19818.366042	W	0.031883
00380513240168	19818.397925	S	0.437766
00380521645284	19818.835692	W	0.006825
00380521776324	19818.842517	S	29.538398
00381088913572	19848.380915	W	0.031746
00381089523100	19848.412661	S	0.502819
00381099177228	19848.915481	W	0.006788
00381099307564	19848.922269	S	29.473099
00381665191068	19878.395368	W	0.031623
00381665798236	19878.426991	S	0.568381
00381676711144	19878.995372	W	0.006880
00381676843232	19879.002252	S	29.407780
00382241472604	19908.410031	W	0.031306
00382242073672	19908.441337	S	0.328134
00382248373844	19908.769471	W	0.006752
00382248503488	19908.776223	S	29.648634
00382817757256	19938.424857	W	0.031887
00382818369488	19938.456744	S	0.378614
00382825638868	19938.835358	W	0.006804
00382825769504	19938.842162	S	8.121013
00382981692960	19946.963175	W	0.120031
00382983997560	19947.083206	S	0.127546
00382986446444	19947.210752	W	0.071110
00382987811756	19947.281862	S	0.513297
00382997667068	19947.795160	W	0.006832
00382997798236	19947.801991	S	20.638989
00383394066824	19968.440980	W	0.031885
00383394679008	19968.472865	S	0.442171
00383403168696	19968.915036	W	0.006914
00383403301436	19968.921950	S	29.533939
00383970353064	19998.455889	W	0.032066
00383970968740	19998.487955	S	0.001949
00383971006160	19998.489904	W	0.006921
00383971139052	19998.496826	S	0.498165
00383980703824	19998.994991	W	0.006882
00383980835968	19999.001873	S	29.468305
00384546627424	20028.470178	W	0.028481
00384547174268	20028.498660	S	0.576246
00384558238192	20029.074906	W	0.007317
00384558378672	20029.082223	S	7.933245
00384710696972	20037.015467	W	0.181924
00384714189908	20037.197391	S	0.081542
00384715755520	20037.278933	W	0.282643
00384721182256	20037.561576	S	0.127349
00384723627352	20037.688925	W	0.032226
00384724246100	20037.721151	S	0.069775
00384725585784	20037.790926	W	0.088853
00384727291756	20037.879779	S	0.013560
00384727552108	20037.893339	W	0.083987
00384729164664	20037.977326	S	0.018459
00384729519072	20037.995785	W	0.084839
00384731147976	20038.080624	S	0.016288
00384731460708	20038.096912	W	0.062005
00384732651200	20038.158917	S	0.005730
00384732761224	20038.164647	W	0.111104
00384734894416	20038.275751	S	0.016704
00384735215136	20038.292455	W	0.063516
00384736434652	20038.355971	S	0.009695
00384736620804	20038.365667	W	0.179646
00384740070012	20038.545313	S	0.015900
00384740375300	20038.561214	W	0.067814
00384741677320	20038.629027	S	0.095189
00384743504940	20038.724216	W	0.109176
00384745601128	20038.833392	S	0.001553
00384745630944	20038.834945	W	0.061553
00384746812768	20038.896498	S	0.112281
00384748968564	20039.008779	W	0.124782
00384751364384	20039.133562	S	0.501281
00384760988976	20039.634842	W	0.006847
00384761120432	20039.641689	S	0.198059
00384764923156	20039.839748	W	0.054071
00384765961316	20039.893819	S	0.014126
00384766232540	20039.907945	W	0.322687
00384772428124	20040.230631	S	0.015384
00384772723500	20040.246016	W	0.147997
00384775565040	20040.394013	S	0.013161
00384775817724	20040.407173	W	0.185190
00384779373368	20040.592363	S	0.013289
00384779628524	20040.605652	W	0.209905
00384783658692	20040.815557	S	0.013618
00384783920156	20040.829175	W	0.065474
00384785177252	20040.894649	S	0.034180
00384785833516	20040.928829	W	0.080250
00384787374308	20041.009079	S	0.078044
00384788872744	20041.087122	W	0.102257
00384790836076	20041.189379	S	0.365528
00384797854216	20041.554907	W	0.015940
00384798160260	20041.570847	S	0.414847
00384806125316	20041.985694	W	0.119139
00384808412784	20042.104833	S	0.397554
00384816045816	20042.502386	W	0.040955
00384816832156	20042.543341	S	0.305380
00384822695456	20042.848722	W	0.006628
00384822822712	20042.855350	S	23.916355
00385282016724	20066.771704	W	0.120447
00385284329316	20066.892152	S	0.263545
00385289389372	20067.155696	W	0.015925
00385289695128	20067.171621	S	0.919361
00385307346860	20068.090982	W	0.126206
00385309770016	20068.217188	S	0.242218
00385314420592	20068.459406	W	0.007034
00385314555636	20068.466439	S	4.064535
00385392594712	20072.530975	W	0.031551
00385393200500	20072.562526	S	0.352254
00385399963784	20072.914780	W	0.006950
00385400097216	20072.921730	S	21.985806
00385822224688	20094.907536	W	1.623758
00385853400840	20096.531294	S	6.016973
00385968926720	20102.548267	W	0.031580
00385969533064	20102.579847	S	0.414786
00385977496960	20102.994633	W	0.006856
00385977628600	20103.001490	S	5.856434
00386090072128	20108.857923	W	0.120281
00386092381528	20108.978205	S	0.100444
00386094310060	20109.078649	W	0.098801
00386096207032	20109.177450	S	0.537095
00386106519264	20109.714545	W	0.006790
00386106649628	20109.721335	S	22.842643
00386545228380	20132.563978	W	0.032178
00386545846204	20132.596156	S	0.478333
00386555030196	20133.074489	W	0.006974
00386555164096	20133.081463	S	29.497442
00387121514980	20162.578905	W	0.031883
00387122127140	20162.610789	S	0.557623
00387132833508	20163.168412	W	0.006725
00387132962620	20163.175136	S	29.418097
00387697790088	20192.593234	W	0.028404
00387698335448	20192.621638	S	0.314588
00387704375544	20192.936226	W	0.006985
00387704509648	20192.943211	S	29.663689
00388274052484	20222.606900	W	0.040467
00388274829444	20222.647367	S	0.346957
00388281491020	20222.994324	W	0.006775
00388281621092	20223.001099	S	29.629356
00388850504724	20252.630454	W	0.032145
00388851121912	20252.662600	S	0.425549
00388859292448	20253.088148	W	0.006941
00388859425708	20253.095089	S	27.590006
00389389153824	20280.685095	W	0.130621
00389391661744	20280.815716	S	0.097834
00389393540152	20280.913550	W	0.091456
00389395296100	20281.005005	S	0.548940
00389405835744	20281.553945	W	0.007009
00389405970324	20281.560954	S	4.142044
00389485497572	20285.702999	W	0.164741
00389488660600	20285.867740	S	0.015559
00389488959340	20285.883299	W	0.139031
00389491628728	20286.022330	S	0.331645
00389497996304	20286.353974	W	0.006964
00389498130020	20286.360939	S	18.491336
00389853163664	20304.852274	W	0.033877
00389853814108	20304.886151	S	0.018644
00389854172080	20304.904796	W	0.068601
00389855489228	20304.973397	S	0.158755
00389858537324	20305.132152	W	0.140466
00389861234272	20305.272618	S	0.281792
00389866644680	20305.554410	W	0.006874
00389866776668	20305.561285	S	10.363931
00390065764144	20315.925216	W	0.032036
00390066379228	20315.957251	S	0.476680
00390075531492	20316.433932	W	0.006933
00390075664612	20316.440865	S	26.708780
00390588473184	20343.149645	W	0.119866
00390590774604	20343.269511	S	0.072557
00390592167708	20343.342068	W	0.126934
00390594604840	20343.469002	S	0.484708
00390603911236	20343.953710	W	0.006836
00390604042480	20343.960546	S	1.983153
00390642119008	20345.943698	W	0.031743
00390642728472	20345.975441	S	0.538340
00390653064600	20346.513781	W	0.006777
00390653194724	20346.520559	S	29.436974
00391218384620	20375.957532	W	0.028379
00391218929500	20375.985911	S	0.314446
00391224966860	20376.300357	W	0.006790
00391225097236	20376.307148	S	12.410463
00391463378120	20388.717610	W	0.179213
00391466819004	20388.896823	S	0.015510
00391467116788	20388.912333	W	0.067570
00391468414136	20388.979903	S	0.003955
00391468490068	20388.983858	W	0.082088
00391470066152	20389.065945	S	0.054374
00391471110128	20389.120319	W	0.127532
00391473558744	20389.247851	S	0.187722
00391477163000	20389.435573	W	0.032140
00391477780080	20389.467713	S	0.001846
00391477815520	20389.469558	W	0.079093
00391479334104	20389.548651	S	0.030369
00391479917180	20389.579020	W	0.078256
00391481419696	20389.657276	S	0.376323
00391488645100	20390.033599	W	0.015928
00391488950920	20390.049527	S	0.047572
00391489864296	20390.097099	W	0.066162
00391491134608	20390.163261	S	0.510380
00391500933904	20390.673641	W	0.006764
00391501063776	20390.680405	S	2.952178
00391557745588	20393.632583	W	0.044548
00391558600908	20393.677131	S	0.516523
00391568518148	20394.193654	W	0.006844
00391568649548	20394.200497	S	21.858132
00391988325684	20416.058629	W	0.119983
00391990629352	20416.178612	S	0.113293
00391992804584	20416.291905	W	0.085593
00391994447960	20416.377498	S	0.536019
00392004739520	20416.913517	W	0.007215
00392004878056	20416.920732	S	6.740933
00392134303976	20423.661665	W	0.031343
00392134905752	20423.693008	S	0.580484
00392146051040	20424.273492	W	0.006992
00392146185292	20424.280484	S	29.395583
00392710580492	20453.676067	W	0.031762
00392711190328	20453.707830	S	0.325838
00392717446412	20454.033667	W	0.007058
00392717581924	20454.040725	S	29.650304
00393286867768	20483.691030	W	0.032144
00393287484940	20483.723174	S	0.390189
00393294976572	20484.113363	W	0.006941
00393295109848	20484.120305	S	29.585788
00393863156980	20513.706093	W	0.032381
00393863778704	20513.738474	S	0.454806
00393872510984	20514.193280	W	0.006878
00393872643040	20514.200158	S	9.788324
00394060578864	20523.988483	W	0.120361
00394062889796	20524.108844	S	0.324421
00394069118680	20524.433265	W	0.016002
00394069425916	20524.449266	S	0.218847
00394073627780	20524.668114	W	0.087300
00394075303944	20524.755414	S	0.317868
00394081407004	20525.073281	W	0.016088
00394081715896	20525.089370	S	0.091900
00394083480384	20525.181270	W	0.089512
00394085199016	20525.270782	S	0.039942
00394085965904	20525.310724	W	0.123607
00394088339152	20525.434331	S	0.279613
00394093707720	20525.713944	W	0.006779
00394093837880	20525.720723	S	29.524108
00394660700752	20555.244831	W	0.031893
00394661313104	20555.276724	S	0.516350
00394671227024	20555.793074	W	0.006871
00394671358948	20555.799945	S	29.458917
00395236970148	20585.258862	W	0.031730
00395237579368	20585.290592	S	0.582479
00395248762964	20585.873071	W	0.006769
00395248892920	20585.879840	S	4.125682
00395328106016	20590.005522	W	0.048808
00395329043124	20590.054329	S	0.111926
00395331192108	20590.166256	W	0.086751
00395332857736	20590.253007	S	0.419931
00395340920412	20590.672938	W	0.006985
00395341054524	20590.679923	S	24.594029
00395813259880	20615.273952	W	0.031837
00395813871160	20615.305790	S	0.327211
00395820153604	20615.633000	W	0.006951
00395820287072	20615.639952	S	29.648756
00396389543188	20645.288708	W	0.055630
00396390611288	20645.344338	S	0.368562
00396397687676	20645.712900	W	0.006916
00396397820472	20645.719816	S	29.583733
00396965828140	20675.303549	W	0.031816
00396966439016	20675.335365	S	0.457401
00396975221124	20675.792767	W	0.006849
00396975352632	20675.799616	S	14.691965
00397257438360	20690.491581	W	0.004882
00397257532088	20690.496463	S	4.910050
00397351805040	20695.406513	W	0.120088
00397354110732	20695.526601	S	0.077702
00397355602620	20695.604303	W	0.120522
00397357916636	20695.724825	S	0.240171
00397362527916	20695.964996	W	0.006845
00397362659348	20695.971841	S	9.348847
00397542157212	20705.320688	W	0.041681
00397542957488	20705.362369	S	0.510296
00397552755168	20705.872665	W	0.006906
00397552887768	20705.879571	S	8.061766
00397707673668	20713.941337	W	0.005669
00397707782508	20713.947006	S	21.397669
00398118617756	20735.344675	W	0.032122
00398119234500	20735.376797	S	0.575663
00398130287236	20735.952460	W	0.006943
00398130420548	20735.959404	S	3.786255
00398203116636	20739.745658	W	0.178065
00398206535480	20739.923723	S	0.070106
00398207881512	20739.993829	W	0.101467
00398209829676	20740.095296	S	0.053768
00398210862020	20740.149064	W	0.127372
00398213307572	20740.276436	S	0.172572
00398216620964	20740.449009	W	0.128175
00398219081924	20740.577184	S	0.495284
00398228591380	20741.072468	W	0.006714
00398228720292	20741.079182	S	3.888611
00398303381632	20744.967793	W	0.044180
00398304229892	20745.011974	S	0.540481
00398314607132	20745.552455	W	0.006895
00398314739524	20745.559350	S	29.435566
00398879902392	20774.994916	W	0.029585
00398880470416	20775.024501	S	0.313700
00398886493452	20775.338201	W	0.006940
00398886626696	20775.345140	S	26.440678
00399394287716	20801.785819	W	0.134405
00399396868284	20801.920223	S	0.064868
00399398113748	20801.985091	W	0.134213
00399400690640	20802.119304	S	0.393170
00399408239500	20802.512474	W	0.003789
00399408312248	20802.516263	S	2.495965
00399456234784	20805.012228	W	0.031831
00399456845932	20805.044059	S	0.348233
00399463531996	20805.392291	W	0.006741
00399463661424	20805.399033	S	29.628029
00400032519588	20835.027062	W	0.031863
00400033131356	20835.058925	S	0.413130
00400041063444	20835.472054	W	0.007008
00400041197992	20835.479062	S	29.562820
00400608804140	20865.041882	W	0.032011
00400609418756	20865.073894	S	0.478117
00400618598596	20865.552010	W	0.006967
00400618732360	20865.558977	S	26.353821
00401124725728	20891.912798	W	0.120610
00401127041448	20892.033409	S	0.071944
00401128422776	20892.105353	W	0.126875
00401130858776	20892.232228	S	0.519621
00401140835504	20892.751849	W	0.007038
00401140970624	20892.758887	S	2.300915
00401185148192	20895.059802	W	0.038861
00401185894316	20895.098662	S	0.533316
00401196133992	20895.631979	W	0.006804
00401196264628	20895.638783	S	5.899439
00401309533860	20901.538222	W	0.120144
00401311840616	20901.658365	S	0.101138
00401313782468	20901.759504	W	0.097473
00401315653940	20901.856976	S	0.271448
00401320865740	20902.128424	W	0.005966
00401320980280	20902.134390	S	22.939617
00401761420928	20925.074007	W	0.028444
00401761967056	20925.102451	S	0.314428
00401768004068	20925.416879	W	0.007089
00401768140176	20925.423967	S	29.663603
00402337681352	20955.087570	W	0.030126
00402338259780	20955.117697	S	0.354242
00402345061220	20955.471939	W	0.006838
00402345192512	20955.478777	S	29.621849
00402913932012	20985.100626	W	0.032066
00402914547684	20985.132692	S	0.418897
00402922590500	20985.551589	W	0.006884
00402922722664	20985.558472	S	9.362022
00403102473484	20994.920494	W	1.700461
00403135122340	20996.620955	S	18.496029
00403490246096	21015.116984	W	0.031774
00403490856148	21015.148758	S	0.482810
00403500126096	21015.631568	W	0.006927
00403500259092	21015.638494	S	29.493218
00404066528868	21045.131712	W	0.032077
00404067144744	21045.163789	S	0.547587
00404077658412	21045.711376	W	0.005243
00404077759084	21045.716619	S	29.429752
00404642810328	21075.146371	W	0.028591
00404643359276	21075.174962	S	0.314520
00404649398052	21075.489482	W	0.006927
00404649531056	21075.496409	S	15.072216
00404938917600	21090.568625	W	0.178237
00404942339744	21090.746862	S	0.015375
00404942634936	21090.762236	W	0.069952
00404943978012	21090.832188	S	0.042056
00404944785484	21090.874244	W	0.086700
00404946450124	21090.960944	S	0.510062
00404956243312	21091.471006	W	0.016433
00404956558820	21091.487439	S	0.001042
00404956578824	21091.488480	W	0.015955
00404956885156	21091.504435	S	0.397530
00404964517732	21091.901965	W	0.112534
00404966678392	21092.014500	S	0.416721
00404974679440	21092.431221	W	0.006864
00404974811224	21092.438085	S	3.352907
00405039187036	21095.790991	W	0.044179
00405040035276	21095.835171	S	0.436163
00405048409604	21096.271334	W	0.006916
00405048542396	21096.278250	S	29.539832
00405615707172	21125.818082	W	0.031967
00405616320940	21125.850049	S	0.501052
00405625941140	21126.351101	W	0.006875
00405626073132	21126.357976	S	29.475058
00406191994240	21155.833033	W	0.032097
00406192610504	21155.865130	S	0.565971
00406203477140	21156.431101	W	0.007050
00406203612504	21156.438151	S	29.410125
00406768286896	21185.848276	W	0.030755
00406768877384	21185.879030	S	0.312880
00406774884688	21186.191911	W	0.006769
00406775014652	21186.198680	S	2.981721
00406832263700	21189.180401	W	0.120384
00406834575076	21189.300785	S	0.089594
00406836295284	21189.390379	W	0.030839
00406836887392	21189.421218	S	0.001043
00406836907412	21189.422261	W	0.077306
00406838391692	21189.499567	S	0.531279
00406848592252	21190.030846	W	0.006908
00406848724888	21190.037755	S	25.825600
00407344576400	21215.863354	W	0.032069
00407345192116	21215.895423	S	0.375407
00407352399932	21216.270830	W	0.006848
00407352531404	21216.277677	S	29.600671
00407920864292	21245.878349	W	0.032023
00407921479136	21245.910372	S	0.440458
00407929935936	21246.350830	W	0.006840
00407930067264	21246.357670	S	29.535684
00408497152388	21275.893354	W	0.032277
00408497772100	21275.925630	S	0.504947
00408507467088	21276.430577	W	0.006871
00408507599008	21276.437448	S	19.553227
00408883020968	21295.990675	W	0.318541
00408889136948	21296.309216	S	0.261715
00408894161876	21296.570931	W	0.141442
00408896877568	21296.712373	S	0.518133
00408906825728	21297.230507	W	0.006896
00408906958124	21297.237402	S	0.179665
00408910407700	21297.417068	W	0.224966
00408914727052	21297.642034	S	0.029746
00408915298172	21297.671780	W	0.032642
00408915924908	21297.704422	S	0.003747
00408915996852	21297.708169	W	0.139162
00408918668768	21297.847332	S	0.022114
00408919093352	21297.869445	W	0.115697
00408921314736	21297.985143	S	0.015376
00408921609948	21298.000518	W	0.247432
00408926360652	21298.247951	S	0.089949
00408928087672	21298.337900	W	0.050133
00408929050228	21298.388033	S	0.005533
00408929156456	21298.393565	W	0.129719
00408931647056	21298.523284	S	0.015693
00408931948364	21298.538977	W	0.165345
00408935122980	21298.704322	S	0.015113
00408935413148	21298.719435	W	0.065827
00408936677036	21298.785262	S	0.063840
00408937902768	21298.849103	W	0.136628
00408940526020	21298.985730	S	0.016428
00408940841436	21299.002158	W	0.082145
00408942418620	21299.084303	S	0.071992
00408943800872	21299.156295	W	0.124520
00408946191656	21299.280815	S	0.007989
00408946345044	21299.288804	W	0.188218
00408949958828	21299.477022	S	0.327518
00408956247164	21299.804540	W	0.007072
00408956382952	21299.811612	S	1.597350
00408987052072	21301.408962	W	0.041564
00408987850104	21301.450526	S	0.579975
00408998985620	21302.030501	W	0.006804
00408999116248	21302.037305	S	0.295248
00409004785012	21302.332553	W	0.041092
00409005573972	21302.373644	S	0.297896
00409011293572	21302.671540	W	0.006836
00409011424816	21302.678376	S	0.268570
00409016581364	21302.946946	W	0.041954
00409017386880	21302.988900	S	0.321706
00409023563636	21303.310606	W	0.007103
00409023700016	21303.317709	S	16.832605
00409346886024	21320.150314	W	0.119949
00409349189036	21320.270262	S	0.096291
00409351037828	21320.366554	W	0.102912
00409353013744	21320.469466	S	0.454995
00409361749640	21320.924460	W	0.006922
00409361882548	21320.931383	S	12.042806
00409593104420	21332.974189	W	0.032176
00409593722204	21333.006365	S	0.384112
00409601097156	21333.390477	W	0.006947
00409601230536	21333.397424	S	29.590717
00410169372300	21362.988141	W	0.024766
00410169847808	21363.012907	S	0.457391
00410178629708	21363.470297	W	0.006855
00410178761320	21363.477152	S	29.523241
00410745607548	21393.000393	W	0.032003
00410746221996	21393.032396	S	0.517703
00410756161896	21393.550099	W	0.007035
00410756296968	21393.557134	S	29.457419
00411321879416	21423.014553	W	0.031505
00411322484312	21423.046058	S	0.584090
00411333698832	21423.630148	W	0.007049
00411333834168	21423.637196	S	17.652200
00411672756408	21441.289396	W	0.167511
00411675972620	21441.456907	S	0.015666
00411676273412	21441.472574	W	0.085175
00411677908776	21441.557749	S	0.007545
00411678053640	21441.565294	W	0.073911
00411679472736	21441.639205	S	0.069388
00411680804976	21441.708592	W	0.111880
00411682953076	21441.820473	S	0.201773
00411686827120	21442.022246	W	0.098689
00411688721940	21442.120934	S	0.389162
00411696193848	21442.510096	W	0.007001
00411696328264	21442.517097	S	3.687479
00411767127852	21446.204576	W	0.120739
00411769446040	21446.325315	S	0.091588
00411771204536	21446.416903	W	0.106959
00411773258140	21446.523861	S	0.466244
00411782210024	21446.990105	W	0.006872
00411782341968	21446.996977	S	27.572905
00412311741748	21474.569883	W	0.128833
00412314215336	21474.698715	S	0.104258
00412316217084	21474.802973	W	0.030803
00412316808492	21474.833776	S	0.001726
00412316841628	21474.835501	W	0.053870
00412317875928	21474.889371	S	0.288228
00412323409900	21475.177599	W	0.006838
00412323541196	21475.184437	S	1.050620
00412343713108	21476.235058	W	0.031730
00412344322324	21476.266788	S	0.483111
00412353598064	21476.749899	W	0.006905
00412353730648	21476.756805	S	29.492953
00412919995344	21506.249758	W	0.031952
00412920608820	21506.281709	S	0.548076
00412931131884	21506.829786	W	0.006788
00412931262204	21506.836573	S	29.427541
00413496270996	21536.264114	W	0.028579
00413496819716	21536.292694	S	0.314410
00413502856388	21536.607104	W	0.006832
00413502987556	21536.613935	S	29.663862
00414072533712	21566.277797	W	0.031901
00414073146204	21566.309698	S	0.359879
00414080055876	21566.669577	W	0.006985
00414080189996	21566.676562	S	29.616123
00414648819560	21596.292685	W	0.042553
00414649636572	21596.335238	S	0.414263
00414657590424	21596.749501	W	0.006944
00414657723744	21596.756445	S	29.551097
00415225104804	21626.307542	W	0.031957
00415225718376	21626.339499	S	0.489995
00415235126272	21626.829493	W	0.006971
00415235260108	21626.836464	S	29.485239
00415801376704	21656.321703	W	0.032085
00415801992740	21656.353789	S	0.555445
00415812657288	21656.909234	W	0.006903
00415812789820	21656.916136	S	2.998102
00415870353376	21659.914238	W	0.120388
00415872664832	21660.034627	S	0.394613
00415880241396	21660.429239	W	0.015943
00415880547504	21660.445182	S	0.798698
00415895882508	21661.243881	W	0.115904
00415898107864	21661.359785	S	0.349573
00415904819664	21661.709357	W	0.006938
00415904952864	21661.716295	S	3.420363
00415970623832	21665.136658	W	0.004761
00415970715236	21665.141419	S	21.196183
00416377681944	21686.337601	W	0.029156
00416378241736	21686.366757	S	0.314340
00416384277068	21686.681097	W	0.006705
00416384405800	21686.687802	S	2.103051
00416424784372	21688.790853	W	0.005821
00416424896128	21688.796673	S	27.555328
00416953958432	21716.352002	W	0.032021
00416954573240	21716.384023	S	0.365227
00416961585604	21716.749250	W	0.006782
00416961715820	21716.756032	S	29.610898
00417530245064	21746.366930	W	0.032022
00417530859884	21746.398952	S	0.429909
00417539114128	21746.828861	W	0.006984
00417539248224	21746.835845	S	29.546022
00418106531852	21776.381867	W	0.032133
00418107148804	21776.414000	S	0.494865
00418116650216	21776.908865	W	0.007034
00418116785264	21776.915899	S	29.480992
00418682820320	21806.396892	W	0.032290
00418683440284	21806.429181	S	0.559561
00418694183848	21806.988742	W	0.006939
00418694317076	21806.995681	S	17.885344
00419037715688	21824.881025	W	0.004949
00419037810704	21824.885974	S	11.526193
00419259113612	21836.412167	W	0.029422
00419259678508	21836.441589	S	0.314165
00419265710476	21836.755754	W	0.006665
00419265838440	21836.762419	S	8.701045
00419432898500	21845.463464	W	0.120302
00419435208296	21845.583765	S	0.126755
00419437641992	21845.710520	W	0.072507
00419439034124	21845.783027	S	0.565663
00419449894860	21846.348691	W	0.006791
00419450025256	21846.355482	S	5.661681
00419558729536	21852.017163	W	0.026171
00419559232016	21852.043334	S	0.280525
00419564618088	21852.323859	W	0.167311
00419567830464	21852.491170	S	0.074993
00419569270336	21852.566163	W	0.107540
00419571335100	21852.673703	S	0.063751
00419572559124	21852.737454	W	0.117296
00419574811204	21852.854750	S	0.196740
00419578588616	21853.051490	W	0.104400
00419580593100	21853.155891	S	0.262068
00419585624812	21853.417959	W	0.006764
00419585754688	21853.424723	S	29.222749
00420146831460	21882.647472	W	0.031365
00420147433664	21882.678837	S	0.469782
00420156453472	21883.148618	W	0.006960
00420156587096	21883.155578	S	11.777942
00420382723588	21894.933520	W	1.678611
00420414952916	21896.612131	S	16.051231
00420723136548	21912.663362	W	0.031858
00420723748220	21912.695220	S	0.533195
00420733985568	21913.228415	W	0.006734
00420734114852	21913.235149	S	29.442229
00421299405652	21942.677378	W	0.028605
00421299954860	21942.705982	S	0.602314
00421311519284	21943.308296	W	0.006990
00421311653488	21943.315286	S	29.375707
00421875667060	21972.690993	W	0.031895
00421876279444	21972.722888	S	0.345516
00421882913360	21973.068404	W	0.006863
00421883045124	21973.075267	S	29.630536
00422451951416	22002.705803	W	0.031221
00422452550864	22002.737024	S	0.411187
00422460445664	22003.148212	W	0.007392
00422460587588	22003.155604	S	29.564462
00423028225252	22032.720065	W	0.031777
00423028835364	22032.751842	S	0.476141
00423037977272	22033.227983	W	0.006777
00423038107396	22033.234760	S	11.704333
00423262830592	22044.939093	W	0.120288
00423265140116	22045.059381	S	0.131062
00423267656508	22045.190443	W	0.032378
00423268278160	22045.222821	S	0.001833
00423268313352	22045.224654	W	0.033366
00423268953976	22045.258020	S	0.449888
00423277591828	22045.707908	W	0.006988
00423277725996	22045.714896	S	17.021003
00423604529244	22062.735898	W	0.032449
00423605152256	22062.768347	S	0.539498
00423615510620	22063.307845	W	0.006765
00423615640504	22063.314610	S	29.435326
00424180798756	22092.749935	W	0.028824
00424181352176	22092.778759	S	0.314114
00424187383160	22093.092873	W	0.006980
00424187517176	22093.099853	S	12.151470
00424420825400	22105.251323	W	0.121837
00424423164668	22105.373160	S	0.185304
00424426722512	22105.558464	W	0.013589
00424426983416	22105.572053	S	0.001997
00424427021756	22105.574050	W	0.015405
00424427317524	22105.589454	S	0.277914
00424432653480	22105.867369	W	0.015934
00424432959408	22105.883302	S	0.684690
00424446105448	22106.567992	W	0.129753
00424448596708	22106.697745	S	0.449978
00424457236284	22107.147723	W	0.006860
00424457367992	22107.154583	S	15.610440
00424757088440	22122.765023	W	0.032056
00424757703916	22122.797079	S	0.350731
00424764437960	22123.147810	W	0.006992
00424764572212	22123.154803	S	11.838161
00424991864912	22134.992964	W	0.076079
00424993325636	22135.069044	S	0.024194
00424993790168	22135.093238	W	0.084228
00424995407340	22135.177466	S	0.076719
00424996880344	22135.254185	W	9.511043
00425179492372	22144.765228	S	0.012685
00425179735928	22144.777913	W	0.428690
00425187966772	22145.206603	S	0.014865
00425188252184	22145.221468	W	0.411430
00425196151644	22145.632898	S	0.013200
00425196405076	22145.646098	W	0.483112
00425205680828	22146.129210	S	0.013036
00425205931112	22146.142245	W	0.432180
00425214228972	22146.574426	S	0.015643
00425214529324	22146.590069	W	0.418840
00425222571056	22147.008909	S	0.013407
00425222828472	22147.022316	W	0.131148
00425225346512	22147.153464	S	0.014068
00425225616616	22147.167532	W	0.145119
00425228402904	22147.312651	S	0.013360
00425228659416	22147.326011	W	0.070690
00425230016660	22147.396701	S	0.044647
00425230873880	22147.441348	W	0.086683
00425232538188	22147.528031	S	0.013268
00425232792936	22147.541299	W	0.065895
00425234058128	22147.607194	S	0.141321
00425236771496	22147.748515	W	0.123871
00425239149812	22147.872386	S	0.013088
00425239401108	22147.885474	W	0.088474
00425241099816	22147.973949	S	0.081147
00425242657832	22148.055095	W	0.084830
00425244286568	22148.139925	S	0.015367
00425244581608	22148.155292	W	0.063122
00425245793548	22148.218414	S	0.041369
00425246587832	22148.259783	W	0.163300
00425249723188	22148.423083	S	0.013267
00425249977920	22148.436350	W	0.064793
00425251221940	22148.501143	S	0.066496
00425252498668	22148.567639	W	0.087181
00425254172548	22148.654820	S	0.116141
00425256402452	22148.770961	W	0.127109
00425258842936	22148.898070	S	0.013194
00425259096264	22148.911264	W	0.086784
00425260762512	22148.998048	S	0.389396
00425268238908	22149.387443	W	0.015979
00425268545700	22149.403422	S	0.718126
00425282333724	22150.121548	W	0.105359
00425284356608	22150.226907	S	0.440656
00425292817204	22150.667563	W	0.015910
00425293122676	22150.683473	S	0.456888
00425301894924	22151.140361	W	0.110389
00425304014384	22151.250749	S	0.376832
00425311249556	22151.627581	W	0.015972
00425311556220	22151.643553	S	1.510027
00425340548740	22153.153580	W	0.087652
00425342231660	22153.241232	S	0.307015
00425348126340	22153.548247	W	0.016077
00425348435020	22153.564324	S	1.006937
00425367768204	22154.571261	W	0.014270
00425368042180	22154.585530	S	10.718172
00425573831092	22165.303703	W	0.173040
00425577153464	22165.476743	S	0.257206
00425582091824	22165.733949	W	0.006910
00425582224500	22165.740859	S	29.625267
00426151029636	22195.366127	W	0.032118
00426151646304	22195.398245	S	0.389301
00426159120884	22195.787546	W	0.007031
00426159255872	22195.794577	S	0.798851
00426174593820	22196.593428	W	0.154022
00426177551040	22196.747450	S	0.015186
00426177842612	22196.762636	W	0.083497
00426179445756	22196.846133	S	0.001900
00426179482228	22196.848033	W	0.064402
00426180718740	22196.912434	S	0.089994
00426182446632	22197.002429	W	0.049882
00426183404368	22197.052311	S	0.009348
00426183583844	22197.061659	W	0.062051
00426184775224	22197.123710	S	0.155015
00426187751508	22197.278724	W	0.043769
00426188591880	22197.322494	S	0.385029
00426195984436	22197.707523	W	0.007256
00426196123744	22197.714778	S	5.534660
00426302389212	22203.249438	W	0.171841
00426305688568	22203.421280	S	0.042902
00426306512288	22203.464182	W	0.105027
00426308528800	22203.569208	S	0.255559
00426313435536	22203.824767	W	0.006736
00426313564864	22203.831503	S	0.441905
00426322049436	22204.273408	W	0.052171
00426323051120	22204.325579	S	0.020345
00426323441744	22204.345924	W	0.150872
00426326338480	22204.496796	S	0.073677
00426327753072	22204.570472	W	0.125079
00426330154596	22204.695552	S	0.372003
00426337297048	22205.067555	W	0.006930
00426337430108	22205.074485	S	3.397356
00426402659340	22208.471841	W	0.166537
00426405856844	22208.638377	S	0.044999
00426406720832	22208.683377	W	0.108031
00426408795028	22208.791408	S	0.435953
00426417165320	22209.227360	W	0.006684
00426417293652	22209.234044	S	0.262037
00426422324756	22209.496081	W	0.168950
00426425568588	22209.665031	S	0.076619
00426427039676	22209.741650	W	0.104921
00426429054156	22209.846571	S	0.061074
00426430226768	22209.907644	W	0.118652
00426432504896	22210.026297	S	0.184405
00426436045468	22210.210701	W	0.028967
00426436601632	22210.239668	S	0.012450
00426436840680	22210.252119	W	0.075185
00426438284236	22210.327304	S	0.266034
00426443392084	22210.593338	W	0.006279
00426443512632	22210.599616	S	7.718397
00426591705860	22218.318014	W	0.103441
00426593691928	22218.421455	S	0.237775
00426598257200	22218.659229	W	0.015582
00426598556368	22218.674811	S	0.418963
00426606600464	22219.093774	W	0.022063
00426607024068	22219.115837	S	0.006851
00426607155608	22219.122688	W	0.083805
00426608764656	22219.206493	S	0.015323
00426609058860	22219.221816	W	0.011942
00426609288152	22219.233758	S	0.009245
00426609465648	22219.243002	W	0.022943
00426609906144	22219.265945	S	0.059616
00426611050764	22219.325561	W	0.085130
00426612685256	22219.410690	S	0.175502
00426616054900	22219.586193	W	0.233923
00426620546216	22219.820115	S	0.285064
00426626019444	22220.105179	W	0.013826
00426626284908	22220.119006	S	0.998251
00426645451324	22221.117256	W	0.013892
00426645718056	22221.131149	S	0.037450
00426646437096	22221.168599	W	0.083302
00426648036488	22221.251900	S	0.455379
00426656779768	22221.707280	W	0.015861
00426657084292	22221.723140	S	0.401711
00426664797152	22222.124852	W	0.014147
00426665068776	22222.138999	S	0.113814
00426667254012	22222.252813	W	0.013628
00426667515660	22222.266441	S	0.867174
00426684165408	22223.133615	W	0.014241
00426684438840	22223.147856	S	0.001768
00426684472780	22223.149624	W	0.013495
00426684731884	22223.163119	S	0.989286
00426703726184	22224.152405	W	0.024325
00426704193224	22224.176730	S	0.268894
00426709355980	22224.445624	W	0.089035
00426711065448	22224.534659	S	0.259820
00426716053996	22224.794479	W	0.238928
00426720641412	22225.033407	S	0.013568
00426720901920	22225.046975	W	0.071060
00426722266264	22225.118035	S	0.051705
00426723258996	22225.169739	W	0.021277
00426723667512	22225.191016	S	0.079576
00426725195364	22225.270592	W	0.023018
00426725637316	22225.293610	S	0.253468
00426730503892	22225.547078	W	0.015865
00426730808508	22225.562943	S	0.619987
00426742712256	22226.182930	W	0.148223
00426745558136	22226.331153	S	0.013548
00426745818264	22226.344701	W	0.067603
00426747116240	22226.412304	S	0.414622
00426755076984	22226.826926	W	0.015476
00426755374124	22226.842402	S	0.359441
00426762275392	22227.201843	W	0.013933
00426762542896	22227.215776	S	0.994680
00426781640752	22228.210456	W	0.014339
00426781916068	22228.224795	S	0.068741
00426783235892	22228.293536	W	0.013927
00426783503288	22228.307463	S	0.911571
00426801005448	22229.219034	W	0.014205
00426801278184	22229.233239	S	0.844234
00426817487480	22230.077473	W	0.083081
00426819082632	22230.160554	S	0.067426
00426820377204	22230.227979	W	0.023303
00426820824612	22230.251282	S	0.100688
00426822757828	22230.351970	W	0.084620
00426824382528	22230.436590	S	0.256498
00426829307288	22230.693088	W	0.015088
00426829596968	22230.708175	S	0.228843
00426833990748	22230.937018	W	0.126478
00426836419120	22231.063496	S	0.016641
00426836738636	22231.080137	W	1.534866
00426866208060	22232.615003	S	0.016785
00426866530328	22232.631788	W	3.921029
00426941814088	22236.552817	S	0.013251
00426942068516	22236.566069	W	1.436815
00426969655372	22238.002884	S	0.014597
00426969935636	22238.017481	W	0.075562
00426971386428	22238.093043	S	0.177455
00426974793568	22238.270498	W	0.013668
00426975055992	22238.284166	S	0.075980
00426976514800	22238.360146	W	0.015926
00426976820588	22238.376072	S	0.903171
00426994161468	22239.279243	W	0.022391
00426994591372	22239.301634	S	0.987990
00427013560780	22240.289624	W	0.014990
00427013848584	22240.304614	S	0.001051
00427013868768	22240.305665	W	0.014338
00427014144064	22240.320003	S	0.034212
00427014800944	22240.354216	W	0.022141
00427015226056	22240.376357	S	0.625846
00427027242308	22241.002204	W	0.086772
00427028908336	22241.088976	S	0.047769
00427029825492	22241.136744	W	0.120826
00427032145352	22241.257570	S	0.016519
00427032462516	22241.274089	W	0.129368
00427034946388	22241.403458	S	0.016223
00427035257864	22241.419680	W	0.104839
00427037270776	22241.524520	S	0.016336
00427037584432	22241.540856	W	0.060697
00427038749820	22241.601553	S	0.047163
00427039655344	22241.648716	W	0.603816
00427051248604	22242.252531	S	0.013277
00427051503532	22242.265809	W	0.233403
00427055984872	22242.499212	S	0.002578
00427056034364	22242.501790	W	0.096694
00427057890884	22242.598484	S	0.013362
00427058147444	22242.611846	W	0.190428
00427061803664	22242.802274	S	0.013975
00427062071976	22242.816249	W	0.313304
00427068087420	22243.129553	S	0.014368
00427068363280	22243.143921	W	0.485812
00427077690872	22243.629733	S	0.013186
00427077944044	22243.642919	W	0.241001
00427082571256	22243.883920	S	0.013344
00427082827460	22243.897264	W	0.062593
00427084029252	22243.959857	S	0.356245
00427090869156	22244.316102	W	0.014259
00427091142932	22244.330361	S	0.169601
00427094399276	22244.499962	W	0.014466
00427094677016	22244.514428	S	0.817066
00427110364684	22245.331494	W	0.021334
00427110774292	22245.352828	S	0.686971
00427123964132	22246.039799	W	0.096136
00427125809948	22246.135935	S	0.207930
00427129802196	22246.343864	W	0.014228
00427130075364	22246.358092	S	0.034090
00427130729900	22246.392182	W	0.022200
00427131156140	22246.414382	S	0.252112
00427135996696	22246.666495	W	0.088294
00427137691940	22246.754789	S	0.250405
00427142499720	22247.005194	W	0.088784
00427144204376	22247.093978	S	0.186807
00427147791068	22247.280785	W	0.082185
00427149369020	22247.362970	S	0.264609
00427154449520	22247.627579	W	0.015193
00427154741220	22247.642772	S	0.715182
00427168472708	22248.357954	W	0.013833
00427168738300	22248.371786	S	0.996239
00427187866084	22249.368025	W	0.022137
00427188291116	22249.390162	S	0.029509
00427188857680	22249.419671	W	0.022333
00427189286468	22249.442004	S	0.941624
00427207365652	22250.383628	W	0.014312
00427207640448	22250.397940	S	0.996018
00427226763984	22251.393958	W	0.013494
00427227023068	22251.407451	S	1.001357
00427246249132	22252.408809	W	0.013395
00427246506312	22252.422204	S	0.020051
00427246891284	22252.442254	W	0.014774
00427247174944	22252.457028	S	0.091799
00427248937476	22252.548827	W	0.082034
00427250512528	22252.630861	S	0.436237
00427258888276	22253.067098	W	0.015920
00427259193944	22253.083018	S	0.332317
00427265574424	22253.415335	W	0.014772
00427265858056	22253.430107	S	2.036093
00427304951032	22255.466200	W	0.022467
00427305382400	22255.488667	S	0.507537
00427315127116	22255.996204	W	0.112014
00427317277784	22256.108218	S	0.081432
00427318841276	22256.189650	W	0.121700
00427321177920	22256.311350	S	0.082943
00427322770428	22256.394293	W	0.122646
00427325125232	22256.516939	S	0.081410
00427326688308	22256.598349	W	0.087861
00427328375236	22256.686210	S	0.117788
00427330636760	22256.803998	W	0.129415
00427333121528	22256.933413	S	0.177871
00427336536656	22257.111284	W	0.087466
00427338215996	22257.198750	S	0.013299
00427338471344	22257.212049	W	0.063958
00427339699344	22257.276008	S	0.279255
00427345061044	22257.555263	W	0.016033
00427345368884	22257.571296	S	0.868051
00427362035456	22258.439347	W	0.022590
00427362469180	22258.461936	S	0.029437
00427363034380	22258.491374	W	0.021957
00427363455960	22258.513331	S	0.940743
00427381518224	22259.454074	W	0.013573
00427381778832	22259.467648	S	0.001180
00427381801480	22259.468827	W	0.014483
00427382079544	22259.483310	S	0.989503
00427401078004	22260.472813	W	0.021646
00427401493604	22260.494459	S	0.713033
00427415183844	22261.207492	W	0.014438
00427415461060	22261.221930	S	0.264546
00427420540344	22261.486476	W	0.023238
00427420986520	22261.509715	S	0.009032
00427421159928	22261.518746	W	0.021546
00427421573608	22261.540292	S	0.384019
00427428946780	22261.924311	W	0.014385
00427429222968	22261.938696	S	0.562780
00427440028344	22262.501476	W	0.022234
00427440455240	22262.523710	S	0.219770
00427444674816	22262.743480	W	0.014326
00427444949872	22262.757806	S	0.755964
00427459464384	22263.513770	W	0.023295
00427459911644	22263.537065	S	0.946992
00427478093888	22264.484057	W	0.088043
00427479784312	22264.572100	S	0.218948
00427483988112	22264.791047	W	0.082960
00427485580948	22264.874008	S	0.353009
00427492358716	22265.227016	W	0.015430
00427492654980	22265.242447	S	0.163125
00427495786988	22265.405572	W	0.122146
00427498132184	22265.527718	S	0.006242
00427498252040	22265.533960	W	0.013501
00427498511256	22265.547461	S	0.319764
00427504650720	22265.867225	W	0.016120
00427504960232	22265.883345	S	0.259672
00427509945944	22266.143018	W	0.013367
00427510202592	22266.156385	S	0.184872
00427513752128	22266.341257	W	0.034502
00427514414560	22266.375758	S	0.051444
00427515402276	22266.427202	W	0.028305
00427515945724	22266.455506	S	0.094041
00427517751320	22266.549548	W	0.014257
00427518025052	22266.563805	S	0.228505
00427522412348	22266.792310	W	0.015533
00427522710584	22266.807843	S	10.723418
00427728600200	22277.531260	W	0.412344
00427736517212	22277.943605	S	23.871707
00428194853996	22301.815312	W	15.368624
00428489931576	22317.183936	S	0.034988
00428490603348	22317.218924	W	0.139089
00428493273852	22317.358013	S	0.016532
00428493591268	22317.374545	W	0.108577
00428495675948	22317.483122	S	0.016778
00428495998084	22317.499900	W	0.059889
00428497147948	22317.559789	S	0.282106
00428502564384	22317.841895	W	0.015296
00428502858076	22317.857191	S	0.006882
00428502990208	22317.864073	W	0.014941
00428503277068	22317.879014	S	0.374569
00428510468784	22318.253583	W	0.014558
00428510748300	22318.268141	S	0.992594
00428529806100	22319.260734	W	0.014585
00428530086132	22319.275319	S	0.992766
00428549147244	22320.268086	W	0.013968
00428549415428	22320.282054	S	0.596775
00428560873516	22320.878829	W	0.021129
00428561279196	22320.899958	S	0.377876
00428568534412	22321.277834	W	0.013913
00428568801544	22321.291747	S	0.996730
00428587938764	22322.288477	W	0.013936
00428588206328	22322.302413	S	0.997676
00428607361708	22323.300089	W	0.022294
00428607789760	22323.322383	S	0.578130
00428618889848	22323.900513	W	0.033589
00428619534756	22323.934102	S	0.445441
00428628087232	22324.379543	W	0.088363
00428629783808	22324.467907	S	0.419771
00428637843408	22324.887677	W	0.089800
00428639567576	22324.977478	S	0.328894
00428645882344	22325.306372	W	0.012254
00428646117628	22325.318626	S	1.612670
00428677080900	22326.931297	W	0.014803
00428677365112	22326.946100	S	3.003373
00428735029876	22329.949473	W	0.013885
00428735296460	22329.963357	S	0.048527
00428736228176	22330.011884	W	0.087514
00428737908440	22330.099398	S	0.327198
00428744190644	22330.426596	W	0.011945
00428744419992	22330.438541	S	0.027108
00428744940464	22330.465649	W	0.084918
00428746570888	22330.550567	S	0.083320
00428748170636	22330.633887	W	0.148666
00428751025032	22330.782554	S	0.016664
00428751344976	22330.799217	W	0.122876
00428753704192	22330.922093	S	0.016424
00428754019528	22330.938517	W	0.400735
00428761713644	22331.339252	S	0.011656
00428761937444	22331.350909	W	0.126245
00428764361340	22331.477153	S	0.013379
00428764618212	22331.490532	W	0.189299
00428768252744	22331.679830	S	0.002812
00428768306744	22331.682643	W	0.065065
00428769555988	22331.747708	S	0.013062
00428769806772	22331.760769	W	0.088407
00428771504184	22331.849176	S	0.013399
00428771761448	22331.862575	W	0.066073
00428773030040	22331.928648	S	0.037091
00428773742188	22331.965739	W	0.084115
00428775357188	22332.049854	S	0.014724
00428775639888	22332.064578	W	0.059458
00428776781484	22332.124036	S	0.542705
00428787201412	22332.666740	W	0.015770
00428787504200	22332.682510	S	0.283462
00428792946672	22332.965972	W	0.013270
00428793201456	22332.979243	S	0.237157
00428797754864	22333.216399	W	0.101505
00428799703756	22333.317904	S	0.000869
00428799720444	22333.318773	W	0.111908
00428801869084	22333.430681	S	0.013191
00428802122344	22333.443872	W	0.128557
00428804590632	22333.572429	S	0.013152
00428804843148	22333.585581	W	0.148975
00428807703468	22333.734556	S	0.003116
00428807763300	22333.737672	W	0.088813
00428809468500	22333.826484	S	0.440053
00428817917520	22334.266537	W	0.015277
00428818210844	22334.281815	S	0.060703
00428819376336	22334.342518	W	0.106640
00428821423828	22334.449158	S	0.076494
00428822892508	22334.525651	W	0.127989
00428825349896	22334.653640	S	0.016589
00428825668396	22334.670229	W	0.091536
00428827425896	22334.761765	S	0.016512
00428827742920	22334.778277	W	0.105692
00428829772204	22334.883969	S	0.016512
00428830089232	22334.900481	W	0.060635
00428831253420	22334.961116	S	0.178956
00428834689384	22335.140072	W	0.119704
00428836987696	22335.259776	S	0.001041
00428837007692	22335.260817	W	0.061095
00428838180712	22335.321912	S	0.034604
00428838845104	22335.356516	W	0.013728
00428839108688	22335.370244	S	0.076955
00428840586232	22335.447200	W	0.086658
00428842250072	22335.533858	S	0.016064
00428842558496	22335.549922	W	0.060761
00428843725116	22335.610683	S	0.143753
00428846485172	22335.754436	W	0.122311
00428848833540	22335.876747	S	0.016491
00428849150164	22335.893238	W	0.083694
00428850757088	22335.976932	S	0.004391
00428850841396	22335.981323	W	0.013682
00428851104092	22335.995005	S	0.357211
00428857962548	22336.352216	W	0.179423
00428861407468	22336.531639	S	0.017526
00428861743972	22336.549165	W	0.061142
00428862917892	22336.610307	S	0.065575
00428864176932	22336.675882	W	0.120431
00428866489200	22336.796312	S	0.001473
00428866517484	22336.797786	W	0.060781
00428867684476	22336.858566	S	0.022172
00428868110180	22336.880739	W	0.128758
00428870582328	22337.009496	S	0.005442
00428870686808	22337.014938	W	0.236102
00428875219972	22337.251040	S	0.016359
00428875534072	22337.267400	W	0.086425
00428877193428	22337.353824	S	0.011769
00428877419392	22337.365593	W	0.060625
00428878583392	22337.426218	S	0.360345
00428885502016	22337.786563	W	0.015252
00428885794852	22337.801815	S	0.410090
00428893668576	22338.211905	W	0.155822
00428896660360	22338.367727	S	0.009282
00428896838576	22338.377009	W	0.278319
00428902182300	22338.655328	S	0.016469
00428902498512	22338.671797	W	0.142569
00428905235828	22338.814366	S	0.004511
00428905322444	22338.818877	W	0.088637
00428907024280	22338.907515	S	0.016583
00428907342676	22338.924098	W	0.347572
00428914016056	22339.271670	S	0.016532
00428914333472	22339.288202	W	0.109255
00428916431176	22339.397457	S	0.008057
00428916585876	22339.405514	W	0.161503
00428919686736	22339.567018	S	0.013586
00428919947588	22339.580604	W	0.153845
00428922901416	22339.734449	S	0.013559
00428923161744	22339.748007	W	0.324768
00428929397296	22340.072776	S	0.008491
00428929560320	22340.081267	W	0.431057
00428937836608	22340.512323	S	0.016412
00428938151712	22340.528735	W	3.138693
00428998414624	22343.667428	S	0.016140
00428998724520	22343.683569	W	0.075900
00429000181792	22343.759468	S	0.186862
00429003769540	22343.946330	W	0.082357
00429005350792	22344.028687	S	0.088720
00429007054220	22344.117407	W	0.124380
00429009442320	22344.241787	S	0.016390
00429009757000	22344.258177	W	0.061206
00429010932152	22344.319383	S	0.083997
00429012544896	22344.403380	W	0.013610
00429012806200	22344.416990	S	0.041412
00429013601312	22344.458402	W	0.086652
00429015265036	22344.545054	S	0.061094
00429016438048	22344.606148	W	0.110329
00429018556364	22344.716477	S	0.016477
00429018872720	22344.732954	W	0.107736
00429020941260	22344.840691	S	0.014956
00429021228420	22344.855647	W	0.095112
00429023054564	22344.950759	S	0.016506
00429023371480	22344.967265	W	0.131707
00429025900248	22345.098971	S	0.001431
00429025927732	22345.100403	W	0.231853
00429030379304	22345.332255	S	0.002959
00429030436112	22345.335214	W	0.477512
00429039604336	22345.812726	S	0.016595
00429039922968	22345.829321	W	0.256644
00429044850536	22346.085965	S	0.016448
00429045166336	22346.102413	W	0.961691
00429063630812	22347.064105	S	0.015947
00429063936992	22347.080052	W	0.060717
00429065102756	22347.140769	S	0.273831
00429070360312	22347.414600	W	0.243092
00429075027688	22347.657692	S	0.016453
00429075343592	22347.674145	W	0.078214
00429076845308	22347.752360	S	0.274242
00429082110748	22348.026601	W	0.015306
00429082404628	22348.041908	S	0.398397
00429090053852	22348.440305	W	0.013657
00429090316076	22348.453962	S	0.203306
00429094219548	22348.657268	W	0.012499
00429094459532	22348.669767	S	0.027851
00429094994264	22348.697618	W	0.013593
00429095255248	22348.711211	S	0.735790
00429109382424	22349.447001	W	0.013827
00429109647912	22349.460829	S	0.527142
00429119769036	22349.987971	W	0.083443
00429121371136	22350.071413	S	0.382112
00429128707684	22350.453525	W	0.013840
00429128973404	22350.467365	S	0.577381
00429140059120	22351.044746	W	0.013753
00429140323168	22351.058498	S	0.404202
00429148083848	22351.462700	W	0.013345
00429148340076	22351.476046	S	0.993830
00429167421608	22352.469875	W	0.013427
00429167679404	22352.483302	S	0.167065
00429170887060	22352.650368	W	0.084086
00429172501520	22352.734454	S	0.412096
00429180413764	22353.146550	W	0.015468
00429180710744	22353.162018	S	0.319272
00429186840760	22353.481290	W	0.014572
00429187120548	22353.495862	S	0.563172
00429197933456	22354.059034	W	0.013565
00429198193912	22354.072600	S	0.418249
00429206224296	22354.490849	W	0.012054
00429206455736	22354.502903	S	0.202294
00429210339772	22354.705196	W	0.083298
00429211939088	22354.788494	S	0.114563
00429214138696	22354.903057	W	0.092472
00429215914168	22354.995530	S	0.390922
00429223419868	22355.386451	W	0.015293
00429223713492	22355.401744	S	0.095266
00429225542596	22355.497010	W	0.013751
00429225806620	22355.510761	S	0.036448
00429226506424	22355.547210	W	0.295425
00429232178584	22355.842635	S	0.006449
00429232302412	22355.849084	W	0.119560
00429234597956	22355.968644	S	0.005430
00429234702220	22355.974074	W	0.758882
00429249272748	22356.732956	S	0.013082
00429249523916	22356.746037	W	1.451839
00429277399220	22358.197876	S	0.001488
00429277427780	22358.199364	W	3.613368
00429346804444	22361.812731	S	0.014608
00429347084912	22361.827339	W	0.312719
00429353089120	22362.140058	S	0.286583
00429358591520	22362.426642	W	0.016016
00429358899020	22362.442657	S	0.091918
00429360663852	22362.534576	W	0.021754
00429361081532	22362.556330	S	0.475295
00429370207188	22363.031624	W	0.013304
00429370462616	22363.044928	S	0.056053
00429371538828	22363.100981	W	0.013927
00429371806224	22363.114907	S	0.433724
00429380133732	22363.548632	W	0.023662
00429380588044	22363.572294	S	0.990662
00429399608760	22364.562956	W	0.022853
00429400047532	22364.585809	S	0.239268
00429404641472	22364.825077	W	0.095177
00429406468868	22364.920254	S	0.386473
00429413889148	22365.306726	W	0.016034
00429414197000	22365.322760	S	0.256963
00429419130692	22365.579724	W	0.021670
00429419546760	22365.601394	S	0.517430
00429429481408	22366.118823	W	0.013989
00429429750004	22366.132813	S	0.239333
00429434345204	22366.372146	W	0.086394
00429436003960	22366.458540	S	0.130828
00429438515848	22366.589367	W	0.117269
00429440767420	22366.706636	S	0.075031
00429442208020	22366.781668	W	0.084404
00429443828584	22366.866072	S	0.120312
00429446138576	22366.986384	W	0.086863
00429447806344	22367.073247	S	0.473257
00429456892884	22367.546504	W	0.015723
00429457194760	22367.562227	S	0.042593
00429458012552	22367.604820	W	0.021423
00429458423880	22367.626244	S	0.179456
00429461869428	22367.805699	W	0.083064
00429463464248	22367.888763	S	0.297961
00429469185104	22368.186724	W	0.015848
00429469489376	22368.202572	S	0.414469
00429477447188	22368.617041	W	0.023213
00429477892876	22368.640254	S	0.496911
00429487433576	22369.137165	W	0.086324
00429489090992	22369.223489	S	0.252337
00429493935860	22369.475826	W	0.015983
00429494242728	22369.491809	S	0.138338
00429496898816	22369.630147	W	0.022623
00429497333168	22369.652769	S	0.991576
00429516371436	22370.644346	W	0.023478
00429516822212	22370.667824	S	0.106620
00429518869320	22370.774444	W	0.087114
00429520541904	22370.861558	S	0.524829
00429530618612	22371.386386	W	0.012759
00429530863588	22371.399145	S	0.258193
00429535820896	22371.657338	W	0.020685
00429536218056	22371.678024	S	0.223765
00429540514348	22371.901789	W	0.088646
00429542216348	22371.990435	S	0.172030
00429545519328	22372.162465	W	0.014171
00429545791408	22372.176636	S	0.170603
00429549066992	22372.347239	W	0.015865
00429549371592	22372.363104	S	0.303389
00429555196660	22372.666493	W	0.014088
00429555467144	22372.680580	S	0.996157
00429574593356	22373.676737	W	0.022155
00429575018736	22373.698893	S	0.990273
00429594031984	22374.689166	W	0.013740
00429594295784	22374.702905	S	0.478517
00429603483312	22375.181423	W	0.013571
00429603743868	22375.194993	S	0.505041
00429613440652	22375.700034	W	0.022463
00429613871940	22375.722497	S	0.986757
00429632817680	22376.709254	W	0.014007
00429633086616	22376.723261	S	0.912957
00429650615392	22377.636218	W	0.096330
00429652464924	22377.732548	S	0.373977
00429659645276	22378.106525	W	0.015842
00429659949448	22378.122367	S	0.080861
00429661501984	22378.203228	W	0.023216
00429661947728	22378.226444	S	2.993969
00429719431928	22381.220413	W	0.083719
00429721039324	22381.304131	S	0.223413
00429725328852	22381.527544	W	0.086254
00429726984924	22381.613798	S	0.333548
00429733389048	22381.947346	W	0.015874
00429733693828	22381.963220	S	0.280920
00429739087500	22382.244141	W	0.086318
00429740744800	22382.330458	S	0.256549
00429745670540	22382.587007	W	0.015471
00429745967592	22382.602479	S	0.052559
00429746976724	22382.655038	W	1.854006
00429782573636	22384.509044	S	1.046699
00429802670252	22385.555742	W	0.086039
00429804322192	22385.641781	S	0.255559
00429809228920	22385.897340	W	0.015380
00429809524208	22385.912719	S	0.316414
00429815599352	22386.229133	W	0.022760
00429816036336	22386.251893	S	0.076398
00429817503184	22386.328291	W	0.022872
00429817942324	22386.351163	S	0.000593
00429817953704	22386.351755	W	0.014406
00429818230300	22386.366161	S	0.075283
00429819675728	22386.441444	W	0.082321
00429821256300	22386.523766	S	0.224905
00429825574484	22386.748671	W	0.080851
00429827126824	22386.829522	S	0.227325
00429831491472	22387.056848	W	0.081985
00429833065576	22387.138832	S	0.099826
00429834982240	22387.238658	W	0.013731
00429835245868	22387.252389	S	0.112273
00429837401512	22387.364662	W	0.085642
00429839045840	22387.450304	S	0.016245
00429839357736	22387.466549	W	0.086385
00429841016320	22387.552933	S	0.473388
00429850105372	22388.026321	W	0.015468
00429850402364	22388.041790	S	0.038425
00429851140116	22388.080214	W	0.011991
00429851370344	22388.092205	S	0.113134
00429853542512	22388.205339	W	0.034921
00429854213004	22388.240261	S	0.074418
00429855641824	22388.314678	W	0.028342
00429856185988	22388.343020	S	0.107241
00429858245008	22388.450261	W	0.013544
00429858505060	22388.463805	S	0.375908
00429865722496	22388.839713	W	0.015458
00429866019280	22388.855171	S	10.542820
00430068441424	22399.397991	W	0.420109
00430076507520	22399.818100	S	102.215842
00432039051692	22502.033942	W	15.187238
00432330646668	22517.221181	S	0.979740
00432349457680	22518.200921	W	0.013372
00432349714416	22518.214293	S	0.937878
00432367721680	22519.152171	W	0.020862
00432368122240	22519.173033	S	0.037727
00432368846604	22519.210761	W	0.013826
00432369112072	22519.224587	S	0.997131
00432388256996	22520.221719	W	0.023576
00432388709656	22520.245295	S	0.990315
00432407723708	22521.235610	W	0.013913
00432407990840	22521.249523	S	0.929322
00432425833820	22522.178845	W	0.013946
00432426101576	22522.192790	S	0.048974
00432427041872	22522.241764	W	0.014387
00432427318108	22522.256151	S	0.276558
00432432628012	22522.532709	W	0.089582
00432434347992	22522.622291	S	0.443276
00432442858896	22523.065568	W	0.015800
00432443162252	22523.081367	S	0.170960
00432446444692	22523.252328	W	0.022675
00432446880048	22523.275002	S	0.026973
00432447397932	22523.301976	W	0.086693
00432449062428	22523.388668	S	0.316916
00432455147224	22523.705585	W	0.015957
00432455453596	22523.721541	S	0.511600
00432465276320	22524.233142	W	0.089211
00432466989164	22524.322352	S	0.052242
00432467992208	22524.374594	W	0.187639
00432471594868	22524.562233	S	0.119563
00432473890480	22524.681796	W	0.184597
00432477434740	22524.866393	S	0.122529
00432479787304	22524.988922	W	0.090336
00432481521752	22525.079258	S	0.015512
00432481819576	22525.094770	W	0.088586
00432483520424	22525.183355	S	0.011182
00432483735116	22525.194537	W	0.022033
00432484158140	22525.216570	S	0.053309
00432485181668	22525.269879	W	0.013438
00432485439676	22525.283316	S	0.116140
00432487669568	22525.399457	W	0.089111
00432489380496	22525.488568	S	0.013003
00432489630160	22525.501571	W	0.127713
00432492082248	22525.629284	S	0.013320
00432492337988	22525.642604	W	0.138448
00432494996192	22525.781052	S	0.013173
00432495249104	22525.794224	W	0.073371
00432496657836	22525.867596	S	0.146291
00432499466628	22526.013887	W	0.086974
00432501136532	22526.100861	S	0.014114
00432501407524	22526.114975	W	0.146323
00432504216928	22526.261298	S	0.013090
00432504468248	22526.274388	W	0.068334
00432505780260	22526.342722	S	0.084598
00432507404536	22526.427320	W	0.169793
00432510664552	22526.597112	S	0.133530
00432513228336	22526.730642	W	0.134352
00432515807892	22526.864994	S	0.015091
00432516097648	22526.880086	W	0.073514
00432517509124	22526.953600	S	0.084046
00432519122812	22527.037646	W	0.087301
00432520798988	22527.124947	S	0.016422
00432521114292	22527.141369	W	0.125295
00432523519952	22527.266664	S	0.016745
00432523841452	22527.283409	W	0.114019
00432526030616	22527.397428	S	0.015976
00432526337348	22527.413404	W	0.062966
00432527546292	22527.476369	S	0.388980
00432535014700	22527.865349	W	0.015821
00432535318456	22527.881170	S	0.340374
00432541853632	22528.221543	W	0.013898
00432542120468	22528.235441	S	0.066553
00432543398288	22528.301994	W	0.014102
00432543669040	22528.316096	S	0.997004
00432562811512	22529.313100	W	0.021299
00432563220452	22529.334399	S	0.992028
00432582267392	22530.326427	W	0.014304
00432582542024	22530.340730	S	0.001763
00432582575872	22530.342493	W	0.013972
00432582844140	22530.356466	S	0.894023
00432600009388	22531.250489	W	0.023118
00432600453260	22531.273607	S	0.071144
00432601819220	22531.344751	W	0.022214
00432602245736	22531.366965	S	0.989786
00432621249632	22532.356752	W	0.025253
00432621734484	22532.382004	S	0.988976
00432640722824	22533.370980	W	0.014214
00432640995724	22533.385194	S	0.886096
00432658008764	22534.271290	W	0.015162
00432658299880	22534.286452	S	0.092197
00432660070068	22534.378649	W	0.014269
00432660344024	22534.392918	S	0.998870
00432679522332	22535.391788	W	0.021782
00432679940556	22535.413571	S	0.994021
00432699025752	22536.407591	W	0.023114
00432699469536	22536.430705	S	0.867688
00432716129152	22537.298393	W	0.023166
00432716573936	22537.321559	S	0.097020
00432718436712	22537.418579	W	0.013837
00432718702384	22537.432416	S	2.898789
00432774359124	22540.331204	W	0.013815
00432774624372	22540.345019	S	2.174681
00432816378252	22542.519701	W	0.013400
00432816635524	22542.533100	S	0.827129
00432832516408	22543.360230	W	0.022985
00432832957720	22543.383215	S	3.010656
00432890762316	22546.393871	W	0.013570
00432891022860	22546.407441	S	3.017072
00432948950648	22549.424513	W	0.022480
00432949382256	22549.446993	S	2.474085
00432996884688	22551.921077	W	0.087931
00432998572968	22552.009009	S	0.321666
00433004748952	22552.330675	W	0.089268
00433006462900	22552.419943	S	0.036704
00433007167624	22552.456647	W	0.013574
00433007428236	22552.470221	S	0.270220
00433012616452	22552.740440	W	0.085172
00433014251760	22552.825613	S	0.320225
00433020400084	22553.145838	W	0.013339
00433020656200	22553.159177	S	0.400295
00433028341868	22553.559472	W	0.087716
00433030026008	22553.647188	S	0.458486
00433038828944	22554.105674	W	0.015875
00433039133744	22554.121549	S	0.973093
00433057817120	22555.094642	W	0.087608
00433059499196	22555.182250	S	0.297957
00433065219980	22555.480207	W	0.022351
00433065649120	22555.502558	S	1.436084
00433093221940	22556.938643	W	0.084536
00433094845040	22557.023179	S	0.282464
00433100268356	22557.305644	W	0.015823
00433100572152	22557.321466	S	0.846261
00433116820368	22558.167728	W	0.085273
00433118457600	22558.253000	S	0.253230
00433123319608	22558.506230	W	0.021520
00433123732792	22558.527750	S	3.012541
00433181573576	22561.540290	W	0.014089
00433181844092	22561.554380	S	0.402050
00433189563448	22561.956430	W	0.193816
00433193284708	22562.150245	S	0.010768
00433193491452	22562.161013	W	0.231717
00433197940420	22562.392730	S	0.075458
00433199389220	22562.468189	W	0.121360
00433201719328	22562.589548	S	0.014644
00433202000500	22562.604193	W	0.096321
00433203849868	22562.700514	S	0.023941
00433204309544	22562.724455	W	0.013440
00433204567600	22562.737896	S	0.036668
00433205271624	22562.774564	W	0.351648
00433212023264	22563.126212	S	0.013093
00433212274648	22563.139305	W	0.123069
00433214637580	22563.262374	S	0.012847
00433214884244	22563.275221	W	0.071033
00433216248072	22563.346254	S	0.146073
00433219052672	22563.492327	W	0.281622
00433224459808	22563.773948	S	0.013269
00433224714564	22563.787217	W	0.100178
00433226637972	22563.887394	S	0.013358
00433226894452	22563.900753	W	0.127329
00433229339172	22564.028082	S	0.014672
00433229620880	22564.042754	W	0.091872
00433231384832	22564.134627	S	0.013266
00433231639548	22564.147893	W	0.094062
00433233445544	22564.241955	S	0.013420
00433233703204	22564.255375	W	0.077161
00433235184704	22564.332537	S	0.183744
00433238712592	22564.516281	W	0.087449
00433240391612	22564.603730	S	0.013511
00433240651020	22564.617241	W	0.065374
00433241906196	22564.682614	S	0.303079
00433247725320	22564.985694	W	0.015902
00433248030640	22565.001596	S	0.599763
00433259546084	22565.601359	W	0.022305
00433259974332	22565.623663	S	0.991066
00433279002792	22566.614729	W	0.023033
00433279445024	22566.637762	S	0.440064
00433287894252	22567.077826	W	0.089522
00433289613068	22567.167347	S	0.011380
00433289831560	22567.178727	W	0.086915
00433291500324	22567.265642	S	0.220118
00433295726596	22567.485760	W	0.236872
00433300274536	22567.722632	S	0.013529
00433300534300	22567.736161	W	0.077508
00433302022460	22567.813670	S	0.371790
00433309160820	22568.185459	W	0.015754
00433309463288	22568.201213	S	0.432395
00433317765268	22568.633608	W	0.013931
00433318032748	22568.647539	S	0.994905
00433337134924	22569.642444	W	0.013961
00433337402972	22569.656405	S	0.951150
00433355665048	22570.607555	W	0.022122
00433356089792	22570.629677	S	0.021828
00433356508892	22570.651505	W	0.013277
00433356763804	22570.664781	S	0.997974
00433375924896	22571.662755	W	0.021474
00433376337204	22571.684229	S	0.991061
00433395365580	22572.675291	W	0.023169
00433395810428	22572.698460	S	0.940580
00433413869572	22573.639040	W	0.023486
00433414320512	22573.662527	S	0.027266
00433414844012	22573.689792	W	0.022364
00433415273396	22573.712156	S	0.986969
00433434223204	22574.699125	W	0.013592
00433434484164	22574.712717	S	0.996186
00433453610940	22575.708903	W	0.022102
00433454035292	22575.731005	S	0.935156
00433471990288	22576.666161	W	0.023547
00433472442396	22576.689708	S	0.012228
00433472677168	22576.701936	W	0.087476
00433474356708	22576.789412	S	0.356274
00433481197164	22577.145686	W	0.015889
00433481502228	22577.161574	S	0.647301
00433493930416	22577.808876	W	0.090790
00433495673580	22577.899666	S	0.030966
00433496268120	22577.930631	W	0.094428
00433498081136	22578.025059	S	0.400560
00433505771880	22578.425619	W	0.015900
00433506077156	22578.441519	S	1.127634
00433527727736	22579.569153	W	0.087156
00433529401132	22579.656309	S	0.040360
00433530176048	22579.696669	W	0.021955
00433530597592	22579.718625	S	0.259976
00433535589140	22579.978601	W	0.081128
00433537146800	22580.059729	S	0.285863
00433542635372	22580.345592	W	0.015492
00433542932812	22580.361084	S	0.027079
00433543452728	22580.388163	W	0.120733
00433545770796	22580.508896	S	0.476759
00433554924564	22580.985654	W	0.015971
00433555231204	22581.001625	S	0.410715
00433563116940	22581.412341	W	0.087091
00433564789092	22581.499432	S	0.446125
00433573354692	22581.945557	W	0.015969
00433573661296	22581.961526	S	0.759049
00433588235044	22582.720575	W	0.013935
00433588502588	22582.734510	S	0.520198
00433598490384	22583.254708	W	0.087430
00433600169044	22583.342138	S	0.523241
00433610215268	22583.865379	W	0.013598
00433610476344	22583.878976	S	1.868336
00433646348400	22585.747312	W	0.013486
00433646607336	22585.760799	S	0.360855
00433653535748	22586.121654	W	0.084922
00433655166256	22586.206576	S	0.219767
00433659385788	22586.426343	W	0.084449
00433661007212	22586.510792	S	0.226399
00433665354080	22586.737192	W	0.087963
00433667042964	22586.825154	S	0.014315
00433667317808	22586.839469	W	0.087108
00433668990288	22586.926577	S	0.459073
00433677804496	22587.385651	W	0.015737
00433678106644	22587.401388	S	1.367548
00433704363564	22588.768936	W	0.021635
00433704778948	22588.790570	S	0.609395
00433716479336	22589.399965	W	0.014289
00433716753692	22589.414255	S	0.012563
00433716994892	22589.426817	W	0.014094
00433717265504	22589.440912	S	1.800912
00433751843008	22591.241823	W	0.235175
00433756358364	22591.476998	S	0.015756
00433756660884	22591.492754	W	0.083518
00433758264432	22591.576272	S	0.225425
00433762592592	22591.801697	W	0.013479
00433762851396	22591.815177	S	0.050603
00433763822972	22591.865780	W	0.015309
00433764116904	22591.881089	S	2.433661
00433810843188	22594.314749	W	0.086963
00433812512880	22594.401712	S	0.343970
00433819117112	22594.745683	W	0.015992
00433819424152	22594.761675	S	0.067786
00433820725648	22594.829461	W	0.022572
00433821159028	22594.852033	S	2.227475
00433863926556	22597.079508	W	0.089489
00433865644740	22597.168997	S	0.456200
00433874403776	22597.625197	W	0.015558
00433874702488	22597.640755	S	0.053036
00433875720776	22597.693790	W	0.084593
00433877344960	22597.778383	S	0.077269
00433878828520	22597.855652	W	0.013390
00433879085612	22597.869042	S	0.396535
00433886699092	22598.265578	W	0.015835
00433887003132	22598.281413	S	1.153329
00433909147048	22599.434742	W	0.089335
00433910862288	22599.524077	S	0.341359
00433917416380	22599.865436	W	0.015910
00433917721860	22599.881347	S	0.991100
00433936750972	22600.872446	W	0.022029
00433937173924	22600.894475	S	0.486056
00433946506192	22601.380531	W	0.084896
00433948136192	22601.465427	S	0.320194
00433954283916	22601.785621	W	0.013570
00433954544468	22601.799191	S	0.350737
00433961278624	22602.149928	W	0.089768
00433963002160	22602.239696	S	0.505748
00433972712520	22602.745444	W	0.015783
00433973015544	22602.761226	S	1.131978
00433994749524	22603.893204	W	0.013951
00433995017392	22603.907156	S	3.002780
00434052670760	22606.909935	W	0.014673
00434052952476	22606.924608	S	0.497335
00434062501316	22607.421944	W	0.089304
00434064215960	22607.511248	S	0.354199
00434071016572	22607.865446	W	0.015980
00434071323396	22607.881427	S	1.280242
00434095904040	22609.161669	W	0.082284
00434097483896	22609.243953	S	0.255554
00434102390524	22609.499506	W	0.015421
00434102686616	22609.514928	S	0.418155
00434110715188	22609.933083	W	0.013984
00434110983684	22609.947067	S	3.004851
00434168676816	22612.951917	W	0.021627
00434169092056	22612.973545	S	3.002016
00434226730760	22615.975560	W	0.014099
00434227001468	22615.989660	S	3.020402
00434284993192	22619.010062	W	0.014214
00434285266108	22619.024276	S	0.001536
00434285295604	22619.025813	W	0.014002
00434285564440	22619.039815	S	3.006596
00434343291088	22622.046411	W	0.014620
00434343571800	22622.061031	S	1.540347
00434373146460	22623.601378	W	0.014290
00434373420828	22623.615668	S	0.550594
00434383992228	22624.166262	W	0.013655
00434384254400	22624.179917	S	0.240831
00434388878356	22624.420748	W	0.013642
00434389140280	22624.434390	S	0.631462
00434401264344	22625.065851	W	0.021922
00434401685244	22625.087773	S	0.049444
00434402634560	22625.137217	W	0.013847
00434402900424	22625.151064	S	2.941721
00434459381476	22628.092785	W	0.021496
00434459794192	22628.114281	S	3.008714
00434517561504	22631.122995	W	0.022593
00434517995280	22631.145587	S	3.005580
00434575702424	22634.151168	W	0.014046
00434575972100	22634.165214	S	0.001549
00434576001848	22634.166763	W	0.013976
00434576270188	22634.180739	S	1.913210
00434613003820	22636.093949	W	0.249003
00434617784676	22636.342952	S	0.012629
00434618027160	22636.355581	W	0.066816
00434619310036	22636.422398	S	0.562950
00434630118684	22636.985348	W	0.015897
00434630423916	22637.001246	S	0.188236
00434634038040	22637.189481	W	0.021901
00434634458540	22637.211382	S	1.135192
00434656254232	22638.346575	W	0.082725
00434657842560	22638.429300	S	0.475860
00434666979064	22638.905160	W	0.015618
00434667278924	22638.920777	S	0.365851
00434674303268	22639.286629	W	0.115725
00434676525196	22639.402354	S	0.013094
00434676776596	22639.415448	W	0.119457
00434679070164	22639.534904	S	0.013146
00434679322568	22639.548050	W	0.065306
00434680576436	22639.613356	S	0.064562
00434681816032	22639.677918	W	0.180191
00434685275708	22639.858110	S	0.023768
00434685732060	22639.881878	W	0.127927
00434688188256	22640.009805	S	0.015700
00434688489700	22640.025505	W	0.237522
00434693050120	22640.263027	S	0.029289
00434693612468	22640.292316	W	0.130699
00434696121892	22640.423015	S	0.013414
00434696379436	22640.436429	W	0.081627
00434697946668	22640.518056	S	0.081511
00434699511680	22640.599567	W	0.175310
00434702877624	22640.774876	S	0.351084
00434709618440	22641.125960	W	0.162116
00434712731076	22641.288077	S	0.028310
00434713274632	22641.316387	W	0.087008
00434714945188	22641.403395	S	0.013524
00434715204856	22641.416920	W	0.065119
00434716455140	22641.482039	S	0.303345
00434722279360	22641.785383	W	0.015829
00434722583276	22641.801212	S	1.433698
00434750110268	22643.234910	W	0.022064
00434750533888	22643.256973	S	0.209835
00434754562724	22643.466809	W	0.131475
00434757087036	22643.598283	S	0.426751
00434765280652	22644.025034	W	0.015774
00434765583508	22644.040808	S	0.348612
00434772276856	22644.389420	W	0.379796
00434779568944	22644.769216	S	0.536090
00434789861876	22645.305306	W	0.013977
00434790130240	22645.319283	S	0.941825
00434808213272	22646.261108	W	0.013570
00434808473816	22646.274678	S	3.011435
00434866293360	22649.286113	W	0.014586
00434866573420	22649.300699	S	0.310113
00434872527596	22649.610812	W	0.088733
00434874231264	22649.699545	S	0.405527
00434882017384	22650.105072	W	0.015838
00434882321464	22650.120910	S	2.050308
00434921687380	22652.171218	W	0.014407
00434921963996	22652.185625	S	0.003481
00434922030832	22652.189106	W	0.013275
00434922285720	22652.202381	S	0.112866
00434924452748	22652.315247	W	0.013942
00434924720440	22652.329190	S	3.013943
00434982588152	22655.343133	W	0.022597
00434983022024	22655.365730	S	3.011329
00435040839532	22658.377059	W	0.021688
00435041255936	22658.398747	S	3.002513
00435098904180	22661.401259	W	0.013447
00435099162356	22661.414706	S	3.004622
00435156851092	22664.419328	W	0.022020
00435157273868	22664.441347	S	2.997678
00435214829288	22667.439025	W	0.023968
00435215289472	22667.462993	S	3.006341
00435273011224	22670.469335	W	0.022740
00435273447836	22670.492075	S	2.999866
00435331045260	22673.491941	W	0.013992
00435331313916	22673.505933	S	2.997680
00435388869376	22676.503613	W	0.014896
00435389155376	22676.518509	S	3.002180
00435446797236	22679.520689	W	0.013248
00435447051604	22679.533938	S	0.140197
00435449743380	22679.674134	W	0.063728
00435450966960	22679.737862	S	0.279776
00435456338656	22680.017638	W	0.015017
00435456626980	22680.032655	S	2.504220
00435504708000	22682.536875	W	0.022337
00435505136876	22682.559212	S	2.999627
00435562729708	22685.558839	W	0.014932
00435563016400	22685.573771	S	0.049791
00435563972388	22685.623562	W	0.015238
00435564264960	22685.638800	S	0.835039
00435580297712	22686.473839	W	0.124742
00435582692756	22686.598581	S	0.011184
00435582907496	22686.609765	W	0.099014
00435584808568	22686.708780	S	0.337139
00435591281644	22687.045919	W	0.016240
00435591593448	22687.062159	S	0.629547
00435603680748	22687.691706	W	0.095566
00435605515612	22687.787271	S	0.121114
00435607841004	22687.908386	W	0.087082
00435609512988	22687.995468	S	0.509732
00435619299840	22688.505200	W	0.016247
00435619611784	22688.521447	S	0.056200
00435620690824	22688.577647	W	0.022764
00435621127888	22688.600411	S	2.892735
00435676668400	22691.493146	W	0.089835
00435678393228	22691.582981	S	0.011822
00435678620204	22691.594802	W	0.087846
00435680306840	22691.682648	S	0.342623
00435686885208	22692.025271	W	0.015895
00435687190400	22692.041167	S	0.734173
00435701286528	22692.775340	W	0.237221
00435705841168	22693.012561	S	0.015422
00435706137272	22693.027983	W	0.065661
00435707397972	22693.093644	S	0.037138
00435708111016	22693.130782	W	0.088538
00435709810948	22693.219320	S	0.405880
00435717603840	22693.625200	W	0.016218
00435717915232	22693.641418	S	0.976503
00435736664092	22694.617921	W	0.014793
00435736948112	22694.632714	S	2.082001
00435776922528	22696.714715	W	0.084722
00435778549188	22696.799437	S	0.345754
00435785187672	22697.145191	W	0.015948
00435785493876	22697.161139	S	0.485830
00435794821804	22697.646969	W	0.014154
00435795093552	22697.661123	S	3.015067
00435852982836	22700.676189	W	0.023101
00435853426384	22700.699291	S	3.012882
00435911273712	22703.712172	W	0.023126
00435911717736	22703.735299	S	3.008009
00435969471512	22706.743308	W	0.013668
00435969733932	22706.756976	S	3.014646
00436027615140	22709.771622	W	0.022583
00436028048732	22709.794205	S	1.666857
00436060052384	22711.461062	W	0.013470
00436060311008	22711.474532	S	0.004553
00436060398424	22711.479085	W	0.013882
00436060664964	22711.492967	S	1.307308
00436085765268	22712.800274	W	0.021895
00436086185648	22712.822169	S	3.009085
00436143960088	22715.831255	W	0.023506
00436144411396	22715.854760	S	3.006001
00436202126620	22718.860761	W	0.022136
00436202551632	22718.882897	S	3.013401
00436260408928	22721.896298	W	0.022643
00436260843668	22721.918941	S	3.011455
00436318663608	22724.930396	W	0.022533
00436319096232	22724.952929	S	1.617806
00436350158108	22726.570735	W	0.013370
00436350414812	22726.584105	S	0.191735
00436354096116	22726.775839	W	0.073684
00436355510840	22726.849523	S	0.375449
00436362719468	22727.224972	W	0.014302
00436362994076	22727.239275	S	0.726143
00436376936012	22727.965417	W	0.021931
00436377357080	22727.987348	S	3.006026
00436435072788	22730.993374	W	0.013451
00436435331040	22731.006825	S	3.010138
00436493125688	22734.016963	W	0.014070
00436493395832	22734.031033	S	3.014974
00436551283324	22737.046006	W	0.013471
00436551541960	22737.059477	S	3.014932
00436609428660	22740.074409	W	0.022900
00436609868332	22740.097309	S	3.006489
00436667592920	22743.103798	W	0.013841
00436667858660	22743.117639	S	3.006972
00436725592520	22746.124610	W	0.015097
00436725882380	22746.139707	S	0.907736
00436743310916	22747.047444	W	0.013524
00436743570580	22747.060968	S	2.090607
00436783710240	22749.151575	W	0.013891
00436783976952	22749.165466	S	3.008340
00436841737072	22752.173806	W	0.013662
00436841999384	22752.187468	S	3.013927
00436899866776	22755.201395	W	0.013997
00436900135516	22755.215391	S	1.574956
00436930374676	22756.790348	W	0.062350
00436931571804	22756.852698	S	0.073366
00436932980436	22756.926064	W	0.086184
00436934635160	22757.012248	S	0.292632
00436940253692	22757.304880	W	0.015915
00436940559252	22757.320794	S	0.897954
00436957799964	22758.218748	W	0.020969
00436958202576	22758.239718	S	0.109173
00436960298692	22758.348890	W	0.094450
00436962112132	22758.443340	S	0.121193
00436964439040	22758.564533	W	0.086667
00436966103048	22758.651200	S	0.254373
00436970987000	22758.905573	W	0.015813
00436971290604	22758.921386	S	2.317621
00437015788928	22761.239007	W	0.014224
00437016062032	22761.253231	S	0.793099
00437031289540	22762.046330	W	0.086632
00437032952872	22762.132962	S	0.018339
00437033304972	22762.151301	W	0.089748
00437035028128	22762.241048	S	0.503671
00437044698608	22762.744719	W	0.016204
00437045009720	22762.760923	S	0.670522
00437057883740	22763.431445	W	0.238963
00437062471824	22763.670408	S	0.013474
00437062730516	22763.683881	W	0.064152
00437063962228	22763.748033	S	0.278954
00437069318136	22764.026986	W	0.015881
00437069623052	22764.042867	S	0.214841
00437073747996	22764.257708	W	0.022104
00437074172388	22764.279812	S	3.001617
00437131803428	22767.281429	W	0.013805
00437132068480	22767.295233	S	0.075629
00437133520556	22767.370862	W	0.089883
00437135246300	22767.460745	S	0.404029
00437143003660	22767.864774	W	0.016407
00437143318676	22767.881181	S	2.416989
00437189724864	22770.298170	W	0.022026
00437190147756	22770.320196	S	2.785567
00437243630652	22773.105763	W	0.024604
00437244103044	22773.130367	S	0.194939
00437247845872	22773.325306	W	0.014840
00437248130808	22773.340146	S	3.008016
00437305884724	22776.348163	W	0.023225
00437306330640	22776.371387	S	3.005223
00437364030916	22779.376610	W	0.021212
00437364438196	22779.397823	S	3.007130
00437422175084	22782.404952	W	0.021558
00437422588988	22782.426510	S	3.005692
00437480298268	22785.432201	W	0.021557
00437480712156	22785.453758	S	2.819231
00437534841392	22788.272989	W	0.013492
00437535100440	22788.286481	S	0.172094
00437538404652	22788.458576	W	0.023669
00437538859096	22788.482245	S	3.004040
00437596536656	22791.486284	W	0.013467
00437596795220	22791.499751	S	3.009093
00437654569812	22794.508844	W	0.022179
00437654995656	22794.531024	S	2.903790
00437710748416	22797.434813	W	0.062896
00437711956028	22797.497710	S	0.041393
00437712750776	22797.539103	W	0.022179
00437713176608	22797.561282	S	0.383323
00437720536404	22797.944604	W	0.015892
00437720841528	22797.960496	S	2.608625
00437770927136	22800.569122	W	0.013765
00437771191420	22800.582886	S	2.423467
00437817721984	22803.006353	W	0.258809
00437822691116	22803.265162	S	0.013343
00437822947292	22803.278505	W	0.065457
00437824204060	22803.343961	S	0.250860
00437829020580	22803.594822	W	0.023300
00437829467932	22803.618121	S	0.087007
00437831138468	22803.705129	W	0.016397
00437831453300	22803.721526	S	2.175411
00437873221196	22805.896937	W	0.013464
00437873479696	22805.910401	S	0.715213
00437887211776	22806.625613	W	0.013799
00437887476708	22806.639412	S	0.155838
00437890468804	22806.795250	W	0.013221
00437890722644	22806.808471	S	0.001451
00437890750512	22806.809923	W	0.013372
00437891007248	22806.823294	S	1.303061
00437916026020	22808.126355	W	0.086498
00437917686788	22808.212854	S	0.017280
00437918018564	22808.230134	W	0.090091
00437919748304	22808.320224	S	0.010715
00437919954028	22808.330939	W	0.087963
00437921642912	22808.418902	S	0.068399
00437922956164	22808.487300	W	0.013756
00437923220284	22808.501056	S	0.255236
00437928120812	22808.756292	W	0.115292
00437930334412	22808.871584	S	0.073512
00437931745840	22808.945096	W	0.087234
00437933420728	22809.032330	S	0.432226
00437941719476	22809.464556	W	0.015900
00437942024756	22809.480456	S	0.166540
00437945222324	22809.646996	W	0.014251
00437945495940	22809.661247	S	3.010271
00438003293144	22812.671518	W	0.014741
00438003576168	22812.686259	S	0.764681
00438018258052	22813.450940	W	0.088203
00438019951548	22813.539143	S	0.321914
00438026132300	22813.861057	W	0.238177
00438030705300	22814.099234	S	0.013438
00438030963312	22814.112672	W	0.075252
00438032408144	22814.187924	S	0.396680
00438040024400	22814.584604	W	0.015908
00438040329824	22814.600512	S	1.097169
00438061395464	22815.697680	W	0.023676
00438061850040	22815.721356	S	3.002779
00438119503392	22818.724135	W	0.013344
00438119759596	22818.737479	S	3.003527
00438177427312	22821.741006	W	0.022266
00438177854824	22821.763272	S	3.000258
00438235459776	22824.763530	W	0.013329
00438235715688	22824.776859	S	1.577070
00438265995428	22826.353929	W	0.013538
00438266255356	22826.367466	S	1.415249
00438293428140	22827.782716	W	0.022080
00438293852072	22827.804795	S	2.858781
00438348740660	22830.663576	W	4.312110
00438431533180	22834.975686	S	0.005715
00438431642916	22834.981402	W	0.013544
00438431902968	22834.994946	S	1.839019
00438467212128	22836.833965	W	0.014240
00438467485528	22836.848205	S	3.006627
00438525212772	22839.854832	W	0.022572
00438525646160	22839.877404	S	1.641519
00438557163332	22841.518924	W	0.013684
00438557426064	22841.532608	S	1.346121
00438583271596	22842.878729	W	0.014304
00438583546228	22842.893033	S	1.260932
00438607756120	22844.153965	W	0.049614
00438608708708	22844.203579	S	0.460856
00438617557148	22844.664435	W	0.016330
00438617870688	22844.680765	S	1.217927
00438641254892	22845.898692	W	0.013433
00438641512808	22845.912125	S	3.012800
00438699358576	22848.924926	W	0.021046
00438699762664	22848.945972	S	3.012420
00438757601128	22851.958392	W	0.013262
00438757855756	22851.971654	S	3.016110
00438815765064	22854.987764	W	0.022396
00438816195064	22855.010160	S	3.011122
00438874008604	22858.021281	W	0.023196
00438874453972	22858.044478	S	3.012730
00438932298388	22861.057208	W	0.022255
00438932725676	22861.079462	S	3.010597
00438990529132	22864.090059	W	0.013507
00438990788464	22864.103566	S	2.391057
00439036696752	22866.494622	W	0.014356
00439036972380	22866.508978	S	0.010394
00439037171940	22866.519372	W	0.014038
00439037441464	22866.533410	S	0.063536
00439038661352	22866.596945	W	0.014152
00439038933076	22866.611098	S	0.507357
00439048674328	22867.118455	W	0.022275
00439049102004	22867.140729	S	2.875284
00439104307456	22870.016013	W	0.013910
00439104574520	22870.029923	S	0.117763
00439106835576	22870.147686	W	0.021842
00439107254936	22870.169528	S	3.014599
00439165135232	22873.184127	W	0.022704
00439165571156	22873.206831	S	0.970913
00439184212684	22874.177744	W	0.040519
00439184990656	22874.218263	S	0.525969
00439195089268	22874.744233	W	0.015902
00439195394580	22874.760134	S	1.448769
00439223210940	22876.208903	W	0.013886
00439223477552	22876.222789	S	3.009234
00439281254840	22879.232023	W	0.022428
00439281685452	22879.254451	S	2.462764
00439328970528	22881.717215	W	0.013272
00439329225356	22881.730487	S	0.526894
00439339341724	22882.257381	W	0.013872
00439339608076	22882.271254	S	3.015323
00439397502280	22885.286577	W	0.013367
00439397758932	22885.299944	S	3.010007
00439455551072	22888.309952	W	0.013887
00439455817704	22888.323839	S	1.886005
00439492029004	22890.209844	W	0.014021
00439492298208	22890.223865	S	1.104261
00439513500024	22891.328126	W	0.022392
00439513929948	22891.350518	S	2.894582
00439569505932	22894.245101	W	0.012928
00439569754156	22894.258029	S	0.000702
00439569767636	22894.258731	W	0.014483
00439570045708	22894.273214	S	0.081264
00439571605984	22894.354478	W	0.013943
00439571873692	22894.368421	S	1.114045
00439593263348	22895.482466	W	0.216874
00439597427328	22895.699340	S	0.003088
00439597486624	22895.702428	W	0.065244
00439598739300	22895.767672	S	0.416731
00439606740536	22896.184403	W	0.015063
00439607029744	22896.199466	S	1.172611
00439629543880	22897.372077	W	0.021966
00439629965620	22897.394043	S	3.003761
00439687637824	22900.397803	W	0.013810
00439687902980	22900.411614	S	0.233240
00439692381192	22900.644854	W	0.238614
00439696962576	22900.883467	S	0.013234
00439697216676	22900.896702	W	0.062196
00439698410832	22900.958898	S	0.345295
00439705040488	22901.304192	W	0.015336
00439705334932	22901.319528	S	2.095748
00439745573292	22903.415276	W	0.014261
00439745847112	22903.429537	S	2.336410
00439790706184	22905.765947	W	0.085732
00439792352236	22905.851679	S	0.066465
00439793628360	22905.918144	W	0.083770
00439795236740	22906.001914	S	0.422252
00439803343972	22906.424165	W	0.022878
00439803783228	22906.447043	S	2.997956
00439861343976	22909.444999	W	0.014127
00439861615220	22909.459126	S	3.012178
00439919449032	22912.471304	W	0.020932
00439919850920	22912.492235	S	3.010326
00439977649180	22915.502561	W	0.022684
00439978084708	22915.525245	S	3.006472
00440035808972	22918.531717	W	0.022754
00440036245844	22918.554471	S	2.585424
00440085885992	22921.139895	W	0.013854
00440086151980	22921.153749	S	0.408899
00440094002832	22921.562647	W	0.022464
00440094434148	22921.585112	S	3.015471
00440152331196	22924.600583	W	0.013535
00440152591068	22924.614118	S	3.018282
00440210542088	22927.632400	W	0.022767
00440210979220	22927.655168	S	3.007229
00440268718024	22930.662397	W	0.013581
00440268978788	22930.675979	S	0.690881
00440282243696	22931.366859	W	0.013556
00440282503972	22931.380415	S	2.312448
00440326902980	22933.692864	W	0.022536
00440327335672	22933.715400	S	2.263676
00440370798252	22935.979076	W	0.073645
00440372212236	22936.052721	S	0.451274
00440380876704	22936.503995	W	0.015798
00440381180028	22936.519793	S	0.203480
00440385086848	22936.723273	W	0.022412
00440385517164	22936.745686	S	3.011216
00440443332504	22939.756901	W	0.021931
00440443753572	22939.778832	S	3.005435
00440501457920	22942.784267	W	0.014214
00440501730828	22942.798481	S	3.011228
00440559546404	22945.809709	W	0.022951
00440559987072	22945.832660	S	3.009196
00440617763640	22948.841856	W	0.022298
00440618191768	22948.864155	S	0.778205
00440633133296	22949.642359	W	0.013816
00440633398556	22949.656175	S	2.215318
00440675932668	22951.871493	W	0.014959
00440676219876	22951.886452	S	0.828655
00440692130048	22952.715107	W	0.087175
00440693803800	22952.802281	S	0.322562
00440699996996	22953.124844	W	0.087127
00440701669828	22953.211970	S	0.252646
00440706520632	22953.464616	W	0.015790
00440706823804	22953.480406	S	0.053834
00440707857420	22953.534241	W	0.087548
00440709538340	22953.621789	S	0.482036
00440718793436	22954.103825	W	0.016028
00440719101180	22954.119853	S	0.131232
00440721620828	22954.251085	W	0.086947
00440723290216	22954.338032	S	0.405874
00440731083004	22954.743906	W	0.016130
00440731392692	22954.760036	S	0.145002
00440734176728	22954.905038	W	0.022662
00440734611836	22954.927700	S	0.859424
00440751112784	22955.787124	W	0.087422
00440752791292	22955.874546	S	0.469266
00440761801200	22956.343812	W	0.016034
00440762109044	22956.359846	S	0.691816
00440775391904	22957.051662	W	0.088842
00440777097672	22957.140504	S	0.080237
00440778638216	22957.220740	W	0.085568
00440780281124	22957.306309	S	0.317615
00440786379332	22957.623924	W	0.015594
00440786678728	22957.639517	S	0.195604
00440790434320	22957.835121	W	0.089068
00440792144424	22957.924189	S	0.008054
00440792299060	22957.932243	W	0.022774
00440792736324	22957.955017	S	0.309096
00440798670972	22958.264113	W	0.015889
00440798976032	22958.280002	S	0.579297
00440810098528	22958.859298	W	0.084555
00440811721976	22958.943853	S	0.279947
00440817096956	22959.223800	W	0.015879
00440817401840	22959.239679	S	1.719281
00440850412032	22960.958960	W	0.022540
00440850844800	22960.981500	S	1.106065
00440872081248	22962.087565	W	0.238132
00440876653392	22962.325698	S	0.013367
00440876910044	22962.339065	W	0.065622
00440878169984	22962.404687	S	0.037566
00440878891260	22962.442253	W	0.088039
00440880581608	22962.530292	S	0.250620
00440885393520	22962.780912	W	0.015800
00440885696872	22962.796712	S	0.056698
00440886785480	22962.853410	W	0.089849
00440888510580	22962.943259	S	0.440540
00440896968940	22963.383799	W	0.015943
00440897275040	22963.399742	S	0.587184
00440908548968	22963.986925	W	0.022687
00440908984556	22964.009612	S	1.198539
00440931996500	22965.208151	W	0.085101
00440933630432	22965.293252	S	0.330635
00440939978624	22965.623887	W	0.015930
00440940284476	22965.639816	S	0.490134
00440949695040	22966.129950	W	0.014306
00440949969712	22966.144256	S	0.005484
00440950074996	22966.149739	W	0.014214
00440950347896	22966.163953	S	0.857456
00440966811056	22967.021409	W	0.022035
00440967234136	22967.043445	S	0.314851
00440973279284	22967.358296	W	0.088781
00440974983880	22967.447077	S	0.416928
00440982988892	22967.864005	W	0.015410
00440983284772	22967.879415	S	2.173828
00441025022272	22970.053243	W	0.020863
00441025422836	22970.074106	S	3.013189
00441083276056	22973.087295	W	0.023350
00441083724380	22973.110645	S	3.009421
00441141505264	22976.120066	W	0.021951
00441141926728	22976.142017	S	1.353883
00441167921288	22977.495900	W	0.087016
00441169591992	22977.582916	S	0.520864
00441179592584	22978.103780	W	0.015816
00441179896248	22978.119596	S	1.030209
00441199676268	22979.149806	W	0.022905
00441200116040	22979.172710	S	3.006920
00441257848904	22982.179630	W	0.022079
00441258272812	22982.201709	S	3.011593
00441316095404	22985.213302	W	0.022425
00441316525956	22985.235727	S	0.246746
00441321263484	22985.482473	W	0.013858
00441321529556	22985.496331	S	0.703841
00441335043296	22986.200172	W	0.014443
00441335320592	22986.214614	S	0.805023
00441350777040	22987.019638	W	0.013549
00441351037176	22987.033186	S	1.213635
00441374338976	22988.246822	W	0.012330
00441374575704	22988.259151	S	0.003228
00441374637676	22988.262379	W	0.013750
00441374901668	22988.276129	S	0.000670
00441374914540	22988.276799	W	0.092633
00441376693084	22988.369431	S	0.083373
00441378293840	22988.452804	W	0.136528
00441380915172	22988.589332	S	0.013751
00441381179192	22988.603083	W	0.112276
00441383334900	22988.715359	S	0.012980
00441383584112	22988.728339	W	0.065354
00441384838900	22988.793693	S	0.068624
00441386156476	22988.862316	W	0.092559
00441387933604	22988.954875	S	0.112271
00441390089204	22989.067146	W	0.092338
00441391862088	22989.159484	S	0.013696
00441392125048	22989.173180	W	0.065365
00441393380064	22989.238545	S	0.033389
00441394021136	22989.271934	W	0.088106
00441395712772	22989.360040	S	0.013595
00441395973792	22989.373635	W	0.065607
00441397233456	22989.439243	S	0.037450
00441397952500	22989.476693	W	0.129740
00441400443504	22989.606433	S	0.012959
00441400692324	22989.619392	W	0.082559
00441402277460	22989.701951	S	0.260272
00441407274680	22989.962223	W	0.016079
00441407583400	22989.978302	S	1.303614
00441432612796	22991.281916	W	0.022427
00441433043404	22991.304344	S	1.503637
00441461913228	22992.807981	W	0.013745
00441462177132	22992.821726	S	0.495967
00441471699700	22993.317693	W	0.238911
00441476286800	22993.556604	S	0.013520
00441476546392	22993.570125	W	0.087529
00441478226940	22993.657653	S	0.017458
00441478562140	22993.675111	W	0.239074
00441483152352	22993.914185	S	0.013402
00441483409672	22993.927587	W	0.092939
00441485194092	22994.020526	S	0.293059
00441490820816	22994.313584	W	0.022763
00441491257872	22994.336348	S	3.004795
00441548949936	22997.341143	W	0.022358
00441549379212	22997.363501	S	1.431656
00441576867000	22998.795156	W	0.088878
00441578573456	22998.884034	S	0.339910
00441585099720	22999.223944	W	0.015952
00441585405992	22999.239895	S	1.132893
00441607157532	23000.372788	W	0.021479
00441607569920	23000.394267	S	1.165711
00441629951564	23001.559977	W	0.087160
00441631625040	23001.647138	S	0.456557
00441640390936	23002.103695	W	0.015957
00441640697316	23002.119652	S	1.283558
00441665341628	23003.403210	W	0.024317
00441665808512	23003.427527	S	3.004481
00441723494548	23006.432008	W	0.014138
00441723765988	23006.446145	S	0.541416
00441734161180	23006.987561	W	0.014245
00441734434684	23007.001806	S	0.004533
00441734521716	23007.006339	W	0.014140
00441734793196	23007.020479	S	2.442942
00441781697676	23009.463421	W	0.022387
00441782127508	23009.485808	S	3.007460
00441839870736	23012.493267	W	0.022547
00441840303640	23012.515815	S	3.010203
00441898099536	23015.526018	W	0.013769
00441898363900	23015.539786	S	3.015733
00441956265976	23018.555520	W	0.012987
00441956515324	23018.568506	S	3.016410
00442014430392	23021.584916	W	0.013423
00442014688108	23021.598339	S	0.658338
00442027328188	23022.256676	W	0.013748
00442027592148	23022.270424	S	2.345156
00442072619152	23024.615581	W	0.022729
00442073055548	23024.638310	S	3.011963
00442130885232	23027.650272	W	0.013467
00442131143800	23027.663740	S	3.015415
00442189039776	23030.679155	W	0.022955
00442189480520	23030.702110	S	0.919238
00442207129896	23031.621349	W	0.073500
00442208541104	23031.694849	S	0.488740
00442217924904	23032.183589	W	0.015877
00442218229748	23032.199466	S	1.510823
00442247237544	23033.710289	W	0.012630
00442247480032	23033.722918	S	3.015825
00442305383864	23036.738743	W	0.022797
00442305821572	23036.761540	S	3.013126
00442363673600	23039.774667	W	0.021902
00442364094124	23039.796569	S	3.008152
00442421850640	23042.804721	W	0.014098
00442422121324	23042.818819	S	3.011023
00442479932964	23045.829842	W	0.022136
00442480357976	23045.851978	S	3.003938
00442538033592	23048.855916	W	0.022794
00442538471240	23048.878710	S	3.005930
00442596185088	23051.884640	W	0.021855
00442596604700	23051.906495	S	2.341264
00442641556968	23054.247759	W	0.013599
00442641818064	23054.261357	S	0.650357
00442654304916	23054.911714	W	0.014744
00442654588000	23054.926458	S	3.009936
00442712378764	23057.936394	W	0.022471
00442712810200	23057.958865	S	3.007028
00442770545132	23060.965892	W	0.013425
00442770802884	23060.979317	S	0.655620
00442783390796	23061.634937	W	0.054643
00442784439944	23061.689580	S	0.573974
00442795460240	23062.263554	W	0.016309
00442795773376	23062.279863	S	1.711526
00442828634684	23063.991390	W	0.023464
00442829085200	23064.014854	S	3.009443
00442886866504	23067.024297	W	0.021050
00442887270656	23067.045347	S	3.006338
00442944992352	23070.051685	W	0.022046
00442945415632	23070.073731	S	3.007593
00443003161424	23073.081324	W	0.021375
00443003571820	23073.102699	S	3.006579
00443061298136	23076.109278	W	0.014145
00443061569712	23076.123423	S	0.086694
00443063234232	23076.210116	W	0.014201
00443063506888	23076.224317	S	0.007750
00443063655684	23076.232067	W	0.014039
00443063925240	23076.246106	S	1.007547
00443083270148	23077.253654	W	0.162118
00443086382816	23077.415772	S	0.208441
00443090384876	23077.624212	W	0.016213
00443090696156	23077.640425	S	1.499016
00443119477256	23079.139440	W	0.013616
00443119738676	23079.153056	S	3.011839
00443177565976	23082.164895	W	0.021523
00443177979220	23082.186418	S	0.221293
00443182228052	23082.407711	W	0.237659
00443186791100	23082.645370	S	0.013371
00443187047832	23082.658741	W	0.062338
00443188244728	23082.721080	S	0.342306
00443194816996	23083.063385	W	0.015932
00443195122884	23083.079317	S	2.115184
00443235734408	23085.194500	W	0.023841
00443236192164	23085.218342	S	2.307485
00443280495868	23087.525826	W	0.088188
00443282189076	23087.614014	S	0.064367
00443283424916	23087.678381	W	0.088971
00443285133160	23087.767352	S	0.415920
00443293118824	23088.183272	W	0.015941
00443293424888	23088.199213	S	0.028615
00443293974304	23088.227828	W	0.022980
00443294415528	23088.250809	S	3.008302
00443352174928	23091.259111	W	0.021906
00443352595520	23091.281017	S	3.006327
00443410317004	23094.287344	W	0.014907
00443410603216	23094.302251	S	3.015151
00443468494124	23097.317402	W	0.021897
00443468914544	23097.339299	S	3.003907
00443526589552	23100.343206	W	0.013901
00443526856460	23100.357107	S	2.272162
00443570481964	23102.629269	W	0.014388
00443570758216	23102.643657	S	0.001614
00443570789212	23102.645271	W	0.013648
00443571051260	23102.658920	S	0.712715
00443584735392	23103.371635	W	0.023538
00443585187324	23103.395173	S	3.009908
00443642977556	23106.405081	W	0.021409
00443643388616	23106.426490	S	3.002343
00443701033600	23109.428833	W	0.021522
00443701446820	23109.450355	S	0.980991
00443720281840	23110.431346	W	1.574123
00443750505004	23112.005469	S	0.152052
00443753424400	23112.157521	W	0.110586
00443755547660	23112.268107	S	0.247221
00443760294312	23112.515329	W	0.006787
00443760424624	23112.522116	S	5.222397
00443860694656	23117.744513	W	0.031945
00443861308004	23117.776459	S	0.486728
00443870653176	23118.263186	W	0.006871
00443870785100	23118.270057	S	6.712474
00443999664592	23124.982531	W	0.091450
00444001420432	23125.073981	S	0.102790
00444003394000	23125.176771	W	0.095451
00444005226652	23125.272221	S	0.350974
00444011965356	23125.623196	W	0.006893
00444012097708	23125.630089	S	14.352542
00444287666512	23139.982631	W	0.040679
00444288447556	23140.023310	S	0.157063
00444291463164	23140.180373	W	0.042360
00444292276484	23140.222734	S	0.440464
00444300733396	23140.663198	W	0.007026
00444300868292	23140.670224	S	7.092081
00444437036244	23147.762304	W	0.031695
00444437644796	23147.794000	S	0.548922
00444448184100	23148.342922	W	0.006863
00444448315872	23148.349785	S	12.905319
00444696097992	23161.255104	W	0.067604
00444697395988	23161.322708	S	0.092485
00444699171708	23161.415193	W	0.107207
00444701230088	23161.522400	S	0.261408
00444706249112	23161.783808	W	0.006995
00444706383412	23161.790803	S	15.987768
00445013348548	23177.778570	W	0.028678
00445013899168	23177.807248	S	0.314389
00445019935428	23178.121637	W	0.006932
00445020068516	23178.128569	S	29.663790
00445589613280	23207.792358	W	0.031941
00445590226552	23207.824300	S	0.358647
00445597112580	23208.182947	W	0.006978
00445597246548	23208.189924	S	7.797295
00445746954616	23215.987220	W	0.119454
00445749248140	23216.106674	S	0.042360
00445750061460	23216.149034	W	0.027949
00445750598084	23216.176984	S	0.004220
00445750679100	23216.181203	W	0.122077
00445753022976	23216.303280	S	0.222886
00445757302380	23216.526166	W	0.007056
00445757437848	23216.533221	S	6.436727
00445881023000	23222.969948	W	0.100578
00445882954092	23223.070526	S	0.472273
00445892021728	23223.542798	W	0.016468
00445892337908	23223.559266	S	0.691570
00445905616052	23224.250836	W	0.144391
00445908388368	23224.395228	S	0.427639
00445916599044	23224.822867	W	0.006797
00445916729556	23224.829664	S	12.979654
00446165938920	23237.809319	W	0.031789
00446166549260	23237.841107	S	0.421635
00446174644648	23238.262742	W	0.006925
00446174777616	23238.269668	S	29.554395
00446742222008	23267.824063	W	0.031816
00446742832872	23267.855879	S	0.486745
00446752178376	23268.342624	W	0.006721
00446752307412	23268.349344	S	16.653729
00447072059004	23285.003073	W	0.121975
00447074400932	23285.125049	S	0.086086
00447076053776	23285.211134	W	0.110101
00447078167712	23285.321235	S	0.301255
00447083951812	23285.622490	W	0.006939
00447084085040	23285.629429	S	12.211072
00447318537620	23297.840501	W	0.031842
00447319148992	23297.872343	S	0.550061
00447329710164	23298.422404	W	0.006978
00447329844136	23298.429382	S	29.425901
00447894821436	23327.855283	W	0.028713
00447895372728	23327.883996	S	0.314427
00447901409728	23328.198423	W	0.006959
00447901543332	23328.205382	S	11.890125
00448129833732	23340.095507	W	0.051719
00448130826740	23340.147226	S	0.004673
00448130916460	23340.151899	W	0.168947
00448134160240	23340.320846	S	0.047349
00448135069340	23340.368195	W	0.077391
00448136555252	23340.445586	S	0.090565
00448138294092	23340.536151	W	0.089881
00448140019808	23340.626032	S	0.211829
00448144086920	23340.837860	W	0.089023
00448145796168	23340.926884	S	0.375564
00448153007004	23341.302448	W	0.006926
00448153139988	23341.309374	S	3.701390
00448224206668	23345.010764	W	0.044581
00448225062628	23345.055345	S	0.406953
00448232876128	23345.462298	W	0.006831
00448233007280	23345.469129	S	29.569003
00448800732132	23375.038132	W	0.032153
00448801349464	23375.070285	S	0.471802
00448810408064	23375.542087	W	0.006872
00448810540004	23375.548959	S	29.504298
00449377022524	23405.053256	W	0.032054
00449377637968	23405.085311	S	0.536623
00449387941132	23405.621934	W	0.006890
00449388073412	23405.628824	S	4.812873
00449480480564	23410.441696	W	1.414303
00449507635188	23411.855999	S	17.566426
00449844910576	23429.422426	W	0.086232
00449846566236	23429.508658	S	0.112998
00449848735804	23429.621656	W	0.085480
00449850377028	23429.707137	S	0.554769
00449861028588	23430.261906	W	0.006941
00449861161848	23430.268846	S	1.024949
00449880840872	23431.293795	W	0.058403
00449881962200	23431.352198	S	0.106579
00449884008512	23431.458777	W	0.030271
00449884589724	23431.489048	S	0.001168
00449884612148	23431.490216	W	0.058230
00449885730168	23431.548446	S	0.161662
00449888834076	23431.710108	W	0.051273
00449889818524	23431.761381	S	0.264551
00449894897908	23432.025933	W	0.148090
00449897741244	23432.174023	S	0.005947
00449897855428	23432.179970	W	0.094365
00449899667228	23432.274335	S	0.247694
00449904422960	23432.522029	W	0.016079
00449904731668	23432.538108	S	0.147444
00449907562592	23432.685552	W	0.094359
00449909374288	23432.779911	S	0.362077
00449916326160	23433.141987	W	0.006911
00449916458856	23433.148899	S	1.921005
00449953342144	23435.069903	W	0.030151
00449953921048	23435.100055	S	0.312668
00449959924276	23435.412723	W	0.006571
00449960050448	23435.419294	S	25.415290
00450448024016	23460.834584	W	0.111340
00450450161740	23460.945924	S	0.055047
00450451218644	23461.000971	W	0.038863
00450451964804	23461.039834	S	0.581996
00450463139128	23461.621830	W	0.006914
00450463271876	23461.628744	S	1.142659
00450485210920	23462.771402	W	0.119521
00450487505716	23462.890923	S	0.221039
00450491749656	23463.111961	W	0.015319
00450492043784	23463.127280	S	0.272230
00450497270600	23463.399510	W	0.014460
00450497548224	23463.413970	S	0.001444
00450497575948	23463.415414	W	0.014776
00450497859644	23463.430190	S	0.000936
00450497877620	23463.431126	W	0.330668
00450504226436	23463.761794	S	0.419932
00450512289128	23464.181725	W	0.016303
00450512602148	23464.198029	S	0.214943
00450516729060	23464.412972	W	0.013503
00450516988320	23464.426475	S	0.994321
00450536079276	23465.420796	W	0.013535
00450536339156	23465.434331	S	0.996325
00450555468592	23466.430656	W	0.024931
00450555947276	23466.455587	S	0.086643
00450557610816	23466.542230	W	0.014143
00450557882352	23466.556372	S	0.363051
00450564852924	23466.919423	W	0.084217
00450566469892	23467.003640	S	0.066305
00450567742948	23467.069945	W	0.147910
00450570582816	23467.217855	S	0.016412
00450570897920	23467.234267	W	0.169354
00450574149516	23467.403621	S	0.015084
00450574439136	23467.418705	W	0.115575
00450576658168	23467.534280	S	0.016375
00450576972568	23467.550655	W	0.586486
00450588233092	23468.137140	S	0.017012
00450588559720	23468.154152	W	0.065789
00450589822860	23468.219941	S	0.079979
00450591358452	23468.299919	W	2.478867
00450638952708	23470.778787	S	0.014819
00450639237232	23470.793606	W	0.087311
00450640913612	23470.880917	S	0.340832
00450647457580	23471.221749	W	0.015876
00450647762392	23471.237625	S	0.245742
00450652480632	23471.483366	W	0.013645
00450652742612	23471.497011	S	0.999545
00450671933868	23472.496556	W	0.012688
00450672177484	23472.509244	S	0.001318
00450672202780	23472.510561	W	0.015102
00450672492748	23472.525664	S	0.054008
00450673529704	23472.579672	W	0.022646
00450673964508	23472.602318	S	0.906830
00450691375636	23473.509148	W	0.014002
00450691644468	23473.523149	S	0.204011
00450695561488	23473.727161	W	0.086077
00450697214172	23473.813238	S	0.288540
00450702754136	23474.101778	W	0.015916
00450703059716	23474.117694	S	0.402813
00450710793724	23474.520506	W	0.024548
00450711265044	23474.545054	S	0.990137
00450730275680	23475.535192	W	0.013929
00450730543112	23475.549120	S	0.053390
00450731568204	23475.602511	W	0.013308
00450731823720	23475.615819	S	0.928278
00450749646652	23476.544096	W	0.014324
00450749921676	23476.558421	S	0.994395
00450769014068	23477.552816	W	0.022813
00450769452084	23477.575629	S	0.994734
00450788550968	23478.570363	W	0.023661
00450789005252	23478.594024	S	0.030210
00450789585292	23478.624234	W	0.015546
00450789883768	23478.639780	S	0.948165
00450808088540	23479.587945	W	0.022190
00450808514584	23479.610135	S	2.035510
00450847596376	23481.645645	W	0.013976
00450847864716	23481.659621	S	3.007179
00450905602556	23484.666800	W	0.039624
00450906363332	23484.706424	S	2.984466
00450963665088	23487.690890	W	0.013860
00450963931192	23487.704750	S	3.003752
00451021603236	23490.708502	W	0.022758
00451022040184	23490.731260	S	3.004245
00451079721692	23493.735505	W	0.013884
00451079988264	23493.749389	S	2.999041
00451137569844	23496.748429	W	0.023405
00451138019228	23496.771835	S	3.000197
00451195623012	23499.772032	W	0.013958
00451195891004	23499.785990	S	3.003362
00451253555552	23502.789352	W	0.022335
00451253984380	23502.811686	S	0.977886
00451272759792	23503.789573	W	0.064228
00451273992960	23503.853800	S	0.327937
00451280289344	23504.181737	W	0.015619
00451280589228	23504.197356	S	1.612402
00451311547356	23505.809758	W	0.014462
00451311825024	23505.824220	S	3.002781
00451369478428	23508.827001	W	0.022548
00451369911352	23508.849550	S	3.005015
00451427607640	23511.854565	W	0.022578
00451428041140	23511.877143	S	3.005834
00451485753156	23514.882977	W	0.021214
00451486160468	23514.904191	S	3.007575
00451543905904	23517.911766	W	0.021565
00451544319944	23517.933330	S	2.850926
00451599057716	23520.784256	W	0.013694
00451599320632	23520.797950	S	0.138757
00451601984768	23520.936707	W	0.022135
00451602409760	23520.958842	S	3.005246
00451660110492	23523.964088	W	0.021971
00451660532328	23523.986059	S	3.005471
00451718237368	23526.991530	W	0.022301
00451718665556	23527.013831	S	3.005631
00451776373676	23530.019462	W	0.013602
00451776634828	23530.033064	S	3.012700
00451834478668	23533.045764	W	0.022429
00451834909296	23533.068192	S	0.735582
00451849032468	23533.803774	W	0.050310
00451849998428	23533.854085	S	0.407273
00451857818068	23534.261358	W	0.015712
00451858119732	23534.277069	S	0.462669
00451867002976	23534.739738	W	0.089173
00451868715096	23534.828911	S	0.133491
00451871278128	23534.962403	W	0.093576
00451873074796	23535.055979	S	0.111215
00451875210128	23535.167194	W	0.178959
00451878646140	23535.346153	S	0.025798
00451879141468	23535.371951	W	0.087623
00451880823836	23535.459575	S	0.116234
00451883055524	23535.575809	W	0.124560
00451885447072	23535.700368	S	0.001800
00451885481636	23535.702169	W	0.215704
00451889623156	23535.917873	S	0.013412
00451889880672	23535.931285	W	0.090951
00451891626932	23536.022236	S	0.013280
00451891881912	23536.035516	W	0.082047
00451893457208	23536.117563	S	0.384079
00451900831516	23536.501641	W	0.015886
00451901136532	23536.517528	S	0.288274
00451906671388	23536.805801	W	0.127000
00451909109796	23536.932802	S	0.013352
00451909366160	23536.946154	W	0.093534
00451911162020	23537.039689	S	0.421743
00451919259484	23537.461431	W	0.015734
00451919561576	23537.477165	S	0.250279
00451924366924	23537.727444	W	0.086109
00451926020212	23537.813553	S	0.287908
00451931548048	23538.101461	W	0.015835
00451931852084	23538.117296	S	0.632467
00451943995460	23538.749764	W	0.021407
00451944406468	23538.771170	S	0.332412
00451950788788	23539.103583	W	0.022260
00451951216176	23539.125843	S	0.634860
00451963405492	23539.760703	W	0.013679
00451963668132	23539.774382	S	0.205560
00451967614876	23539.979941	W	0.083529
00451969218628	23540.063470	S	0.277754
00451974551508	23540.341224	W	0.015896
00451974856720	23540.357121	S	0.369069
00451981942848	23540.726190	W	0.094286
00451983753136	23540.820476	S	0.162988
00451986882504	23540.983464	W	0.246456
00451991614460	23541.229920	S	0.006117
00451991731908	23541.236037	W	0.065451
00451992988576	23541.301488	S	0.319954
00451999131696	23541.621442	W	0.015939
00451999437724	23541.637381	S	0.137787
00452002083228	23541.775168	W	0.022239
00452002510216	23541.797407	S	0.330094
00452008848024	23542.127501	W	0.012745
00452009092720	23542.140246	S	0.604556
00452020700188	23542.744801	W	0.126376
00452023126616	23542.871178	S	0.013347
00452023382872	23542.884525	W	0.085353
00452025021656	23542.969878	S	0.257593
00452029967436	23543.227471	W	0.015808
00452030270944	23543.243278	S	0.553279
00452040893896	23543.796557	W	0.022433
00452041324608	23543.818990	S	0.993990
00452060409212	23544.812980	W	0.013777
00452060673736	23544.826757	S	0.000982
00452060692592	23544.827739	W	0.014424
00452060969528	23544.842163	S	0.305721
00452066839364	23545.147884	W	0.014811
00452067123744	23545.162695	S	0.665199
00452079895556	23545.827894	W	0.013829
00452080161068	23545.841722	S	0.077377
00452081646700	23545.919099	W	0.084749
00452083273872	23546.003848	S	0.417578
00452091291368	23546.421425	W	0.016205
00452091602496	23546.437630	S	0.397950
00452099243132	23546.835580	W	0.023223
00452099689020	23546.858803	S	0.392012
00452107215660	23547.250816	W	0.014405
00452107492240	23547.265221	S	0.587391
00452118770140	23547.852611	W	0.014039
00452119039688	23547.866650	S	0.304528
00452124886632	23548.171179	W	0.021236
00452125294372	23548.192415	S	0.673088
00452138217660	23548.865503	W	0.033713
00452138864948	23548.899216	S	0.983400
00452157746224	23549.882616	W	0.013594
00452158007232	23549.896210	S	0.000872
00452158023980	23549.897082	W	0.014286
00452158298264	23549.911368	S	0.984909
00452177208508	23550.896276	W	0.013525
00452177468196	23550.909802	S	0.283527
00452182911912	23551.193329	W	0.013207
00452183165484	23551.206536	S	0.698514
00452196576952	23551.905050	W	0.014088
00452196847444	23551.919138	S	0.995324
00452215957664	23552.914462	W	0.014125
00452216228856	23552.928586	S	1.285192
00452240904536	23554.213778	W	0.023146
00452241348932	23554.236924	S	2.998343
00452298917112	23557.235266	W	0.013419
00452299174756	23557.248685	S	3.006951
00452356908208	23560.255636	W	0.021682
00452357324508	23560.277318	S	2.224448
00452400033904	23562.501766	W	0.013920
00452400301168	23562.515686	S	0.765158
00452414992208	23563.280844	W	0.014010
00452415261208	23563.294855	S	2.080776
00452455212112	23565.375631	W	0.014399
00452455488572	23565.390030	S	0.008843
00452455658356	23565.398873	W	0.021371
00452456068672	23565.420243	S	0.875130
00452472871160	23566.295373	W	0.020100
00452473257084	23566.315473	S	3.001779
00452530891236	23569.317252	W	0.014105
00452531162056	23569.331357	S	3.003644
00452588832028	23572.335001	W	0.020635
00452589228224	23572.355637	S	1.109198
00452610524832	23573.464835	W	0.126359
00452612950920	23573.591194	S	0.013227
00452613204880	23573.604421	W	0.085600
00452614848408	23573.690021	S	0.257295
00452619788464	23573.947316	W	0.015729
00452620090468	23573.963045	S	1.394571
00452646866232	23575.357616	W	0.014006
00452647135156	23575.371623	S	3.004283
00452704817396	23578.375906	W	0.022037
00452705240508	23578.397943	S	0.218704
00452709439620	23578.616647	W	0.091655
00452711199388	23578.708301	S	0.303796
00452717032264	23579.012097	W	0.016094
00452717341264	23579.028191	S	2.378650
00452763011344	23581.406841	W	0.022654
00452763446292	23581.429494	S	0.794663
00452778703820	23582.224157	W	0.013651
00452778965928	23582.237809	S	2.201254
00452821230008	23584.439063	W	0.021690
00452821646452	23584.460753	S	3.008265
00452879405148	23587.469018	W	0.023179
00452879850184	23587.492197	S	0.411036
00452887742080	23587.903233	W	0.127885
00452890197480	23588.031119	S	0.013455
00452890455824	23588.044574	W	0.092884
00452892239196	23588.137458	S	0.523693
00452902294100	23588.661151	W	0.015745
00452902596404	23588.676896	S	1.827751
00452937689228	23590.504647	W	0.021909
00452938109876	23590.526556	S	2.496722
00452986046940	23593.023278	W	0.089129
00452987758216	23593.112407	S	0.348842
00452994455984	23593.461249	W	0.015791
00452994759168	23593.477040	S	0.054590
00452995807292	23593.531630	W	0.021428
00452996218712	23593.553058	S	3.007185
00453053956656	23596.560242	W	0.022891
00453054396164	23596.583134	S	3.006846
00453112127608	23599.589980	W	0.021289
00453112536348	23599.611268	S	3.008280
00453170295328	23602.619548	W	0.022186
00453170721296	23602.641734	S	3.003578
00453228389996	23605.645312	W	0.023000
00453228831596	23605.668312	S	2.400212
00453274915664	23608.068524	W	0.014114
00453275186656	23608.082638	S	0.587118
00453286459316	23608.669756	W	0.013759
00453286723492	23608.683515	S	1.132431
00453308466172	23609.815946	W	0.088487
00453310165124	23609.904434	S	0.516601
00453320083860	23610.421034	W	0.015888
00453320388908	23610.436922	S	0.499242
00453329974348	23610.936164	W	0.089823
00453331698944	23611.025987	S	0.019766
00453332078444	23611.045752	W	0.086650
00453333742120	23611.132402	S	0.252004
00453338580604	23611.384406	W	0.015880
00453338885508	23611.400287	S	0.290610
00453344465224	23611.690897	W	0.021689
00453344881660	23611.712586	S	1.688720
00453377305088	23613.401307	W	0.022633
00453377739648	23613.423940	S	1.287720
00453402463872	23614.711660	W	0.014068
00453402733972	23614.725728	S	0.108744
00453404821860	23614.834472	W	0.122417
00453407172276	23614.956889	S	0.008791
00453407341064	23614.965680	W	0.092910
00453409124940	23615.058591	S	0.482456
00453418388100	23615.541047	W	0.016117
00453418697556	23615.557164	S	0.435303
00453427055368	23615.992467	W	0.237828
00453431621660	23616.230295	S	0.014832
00453431906432	23616.245127	W	0.248629
00453436680116	23616.493756	S	0.007044
00453436815352	23616.500800	W	0.065054
00453438064392	23616.565854	S	0.277693
00453443396096	23616.843547	W	0.016056
00453443704376	23616.859603	S	0.867479
00453460359980	23617.727082	W	0.022318
00453460788488	23617.749400	S	2.409677
00453507054288	23620.159078	W	0.083480
00453508657112	23620.242558	S	0.418400
00453516690388	23620.660958	W	0.015804
00453516993816	23620.676761	S	0.073246
00453518400140	23620.750007	W	0.013927
00453518667536	23620.763934	S	3.003106
00453576327172	23623.767040	W	0.022264
00453576754644	23623.789304	S	3.002285
00453634398516	23626.791589	W	0.013957
00453634666500	23626.805547	S	3.001833
00453692301700	23629.807380	W	0.022060
00453692725248	23629.829440	S	0.466699
00453701685864	23630.296139	W	0.088929
00453703393304	23630.385068	S	0.515854
00453713297696	23630.900922	W	0.015979
00453713604500	23630.916901	S	1.911545
00453750306168	23632.828446	W	0.015020
00453750594552	23632.843466	S	2.368682
00453796073240	23635.212148	W	0.129220
00453798554268	23635.341368	S	0.013531
00453798814064	23635.354899	W	0.082381
00453800395772	23635.437280	S	0.081797
00453801966276	23635.519077	W	0.088731
00453803669916	23635.607808	S	0.237325
00453808226548	23635.845133	W	0.023375
00453808675356	23635.868508	S	3.008899
00453866446220	23638.877407	W	0.021658
00453866862048	23638.899065	S	1.669852
00453898923212	23640.568917	W	0.091578
00453900681500	23640.660495	S	0.480709
00453909911120	23641.141204	W	0.015992
00453910218160	23641.157196	S	0.748751
00453924594172	23641.905946	W	0.021539
00453925007716	23641.927485	S	1.718133
00453957995872	23643.645618	W	0.013232
00453958249924	23643.658850	S	1.274226
00453982715056	23644.933076	W	0.013737
00453982978808	23644.946813	S	3.012530
00454040819384	23647.959343	W	0.022958
00454041260176	23647.982301	S	3.008911
00454099031268	23650.991212	W	0.021101
00454099436412	23651.012313	S	2.974200
00454156541056	23653.986513	W	4.109513
00454235443704	23658.096026	S	0.007388
00454235585552	23658.103414	W	0.014931
00454235872224	23658.118345	S	1.929303
00454272914848	23660.047648	W	0.014397
00454273191276	23660.062046	S	1.278525
00454297738960	23661.340571	W	0.126137
00454300160796	23661.466708	S	0.013495
00454300419896	23661.480203	W	0.141302
00454303132888	23661.621505	S	0.013251
00454303387304	23661.634755	W	0.065446
00454304643868	23661.700201	S	0.033548
00454305287992	23661.733750	W	0.178937
00454308723576	23661.912686	S	0.025919
00454309221216	23661.938605	W	0.171732
00454312518468	23662.110337	S	0.013407
00454312775880	23662.123744	W	0.091195
00454314526832	23662.214939	S	0.013247
00454314781168	23662.228186	W	0.142630
00454317519664	23662.370816	S	0.013680
00454317782312	23662.384495	W	0.087790
00454319467880	23662.472285	S	0.080737
00454321018024	23662.553022	W	0.086564
00454322680052	23662.639586	S	0.013384
00454322937016	23662.652970	W	0.062052
00454324128424	23662.715022	S	0.350499
00454330858008	23663.065521	W	0.021770
00454331275996	23663.087291	S	0.001710
00454331308836	23663.089002	W	0.015819
00454331612568	23663.104821	S	1.934667
00454368758180	23665.039489	W	0.022460
00454369189420	23665.061949	S	0.990078
00454388198924	23666.052027	W	0.013111
00454388450652	23666.065138	S	0.023835
00454388908288	23666.088973	W	0.013809
00454389173428	23666.102783	S	0.317979
00454395278628	23666.420762	W	0.088065
00454396969468	23666.508826	S	0.253892
00454401844200	23666.762719	W	0.016024
00454402151864	23666.778743	S	0.280284
00454407533308	23667.059026	W	0.014240
00454407806708	23667.073266	S	0.993859
00454426888796	23668.067125	W	0.023116
00454427332620	23668.090241	S	0.992619
00454446390900	23669.082859	W	0.031013
00454446986352	23669.113872	S	0.981492
00454465830996	23670.095364	W	0.014368
00454466106856	23670.109732	S	0.001731
00454466140092	23670.111463	W	0.013810
00454466405252	23670.125274	S	0.985844
00454485333456	23671.111118	W	0.023210
00454485779096	23671.134328	S	0.428768
00454494011440	23671.563096	W	0.084985
00454495643148	23671.648081	S	0.473320
00454504730888	23672.121400	W	0.013520
00454504990480	23672.134921	S	0.982846
00454523861120	23673.117767	W	0.105979
00454525895912	23673.223745	S	0.081162
00454527454224	23673.304908	W	0.086893
00454529122568	23673.391800	S	0.389009
00454536591536	23673.780809	W	0.015830
00454536895472	23673.796639	S	0.338760
00454543399664	23674.135399	W	0.022827
00454543837940	23674.158226	S	0.978971
00454562634180	23675.137197	W	0.014239
00454562907568	23675.151436	S	0.003607
00454562976820	23675.155043	W	0.013085
00454563228048	23675.168128	S	0.001510
00454563257040	23675.169637	W	0.013919
00454563524288	23675.183557	S	0.975936
00454582262264	23676.159493	W	0.014129
00454582533544	23676.173622	S	0.001648
00454582565192	23676.175270	W	0.013699
00454582828208	23676.188969	S	0.998601
00454602001348	23677.187570	W	0.024184
00454602465688	23677.211755	S	0.964723
00454620988360	23678.176477	W	0.013401
00454621245660	23678.189878	S	0.007821
00454621395832	23678.197700	W	0.248691
00454626170692	23678.446390	S	0.002125
00454626211484	23678.448515	W	0.242235
00454630862400	23678.690750	S	0.013336
00454631118456	23678.704086	W	0.065628
00454632378512	23678.769714	S	0.446196
00454640945484	23679.215911	W	0.021322
00454641354872	23679.237233	S	0.991866
00454660398708	23680.229099	W	0.014077
00454660668996	23680.243177	S	0.951550
00454678938748	23681.194726	W	0.023902
00454679397664	23681.218628	S	0.021366
00454679807892	23681.239994	W	0.022203
00454680234180	23681.262197	S	0.992634
00454699292760	23682.254831	W	0.021576
00454699707028	23682.276408	S	0.988334
00454718683036	23683.264741	W	0.013913
00454718950160	23683.278654	S	0.940785
00454737013224	23684.219439	W	0.014082
00454737283600	23684.233521	S	0.038152
00454738016128	23684.271673	W	0.013381
00454738273048	23684.285055	S	2.957394
00454795055008	23687.242448	W	0.023624
00454795508584	23687.266072	S	1.186348
00454818286456	23688.452420	W	0.013622
00454818547992	23688.466041	S	1.808336
00454853268040	23690.274377	W	0.014713
00454853550532	23690.289090	S	3.004150
00454911230216	23693.293240	W	0.020825
00454911630064	23693.314066	S	3.005629
00454969338148	23696.319695	W	0.023831
00454969795696	23696.343526	S	0.001658
00454969827528	23696.345184	W	0.013885
00454970094128	23696.359069	S	0.004329
00454970177248	23696.363398	W	0.014108
00454970448116	23696.377506	S	1.299112
00454995391064	23697.676618	W	0.015022
00454995679480	23697.691640	S	1.214404
00455018996036	23698.906044	W	0.016030
00455019303816	23698.922074	S	0.189760
00455022947216	23699.111834	W	0.014273
00455023221252	23699.126107	S	0.226992
00455027579500	23699.353099	W	0.023044
00455028021936	23699.376143	S	0.041263
00455028814176	23699.417405	W	0.014370
00455029090072	23699.431775	S	0.497902
00455038649792	23699.929677	W	0.013692
00455038912672	23699.943368	S	2.442665
00455085811848	23702.386034	W	0.021645
00455086227440	23702.407679	S	0.183245
00455089745752	23702.590925	W	0.013607
00455090007012	23702.604532	S	0.002014
00455090045672	23702.606545	W	0.015148
00455090336512	23702.621693	S	2.473141
00455137820816	23705.094834	W	0.013437
00455138078816	23705.108272	S	0.310776
00455144045712	23705.419047	W	0.022153
00455144471048	23705.441200	S	3.007091
00455202207192	23708.448291	W	0.022769
00455202644364	23708.471061	S	0.272851
00455207883108	23708.743912	W	0.040389
00455208658584	23708.784301	S	0.516439
00455218574204	23709.300740	W	0.015854
00455218878600	23709.316594	S	1.057459
00455239181808	23710.374052	W	0.014458
00455239459404	23710.388511	S	0.907142
00455256876540	23711.295653	W	0.014390
00455257152820	23711.310043	S	0.169588
00455260408900	23711.479630	W	0.021546
00455260822588	23711.501176	S	0.511093
00455270635580	23712.012270	W	0.013262
00455270890216	23712.025532	S	2.480630
00455318518316	23714.506162	W	0.021031
00455318922120	23714.527194	S	3.005493
00455376627584	23717.532687	W	0.013442
00455376885664	23717.546128	S	3.009714
00455434672180	23720.555843	W	0.021564
00455435086204	23720.577406	S	3.002031
00455492725208	23723.579438	W	0.013081
00455492976372	23723.592519	S	0.196006
00455496739684	23723.788525	W	0.013634
00455497001456	23723.802159	S	0.396579
00455504615776	23724.198738	W	0.014435
00455504892924	23724.213173	S	0.394926
00455512475504	23724.608099	W	0.013742
00455512739348	23724.621841	S	1.977300
00455550703516	23726.599141	W	0.022981
00455551144760	23726.622123	S	0.033632
00455551790492	23726.655755	W	0.014423
00455552067408	23726.670178	S	1.623907
00455583246420	23728.294084	W	0.014629
00455583527292	23728.308713	S	0.702004
00455597005764	23729.010717	W	0.013318
00455597261472	23729.024035	S	0.192191
00455600951544	23729.216226	W	0.015591
00455601250884	23729.231817	S	0.188836
00455604876536	23729.420653	W	0.017683
00455605216044	23729.438336	S	0.188637
00455608837876	23729.626973	W	0.013754
00455609101948	23729.640726	S	0.087134
00455610774928	23729.727861	W	0.012868
00455611021996	23729.740729	S	0.089278
00455612736140	23729.830007	W	0.013775
00455613000612	23729.843782	S	0.293703
00455618639716	23730.137485	W	0.019033
00455619005140	23730.156518	S	0.083315
00455620604780	23730.239832	W	0.018904
00455620967728	23730.258736	S	0.185032
00455624520340	23730.443768	W	0.015139
00455624811004	23730.458906	S	0.087774
00455626496268	23730.546681	W	0.014428
00455626773280	23730.561108	S	0.092534
00455628549936	23730.653643	W	0.014067
00455628820020	23730.667709	S	0.083770
00455630428396	23730.751479	W	0.013764
00455630692672	23730.765243	S	0.502754
00455640345544	23731.267997	W	0.014332
00455640620712	23731.282329	S	1.361729
00455666765900	23732.644057	W	0.022570
00455667199240	23732.666627	S	0.030729
00455667789240	23732.697356	W	0.014413
00455668065976	23732.711770	S	0.292011
00455673672592	23733.003781	W	0.013826
00455673938052	23733.017607	S	0.090935
00455675684008	23733.108542	W	0.017052
00455676011412	23733.125594	S	0.185352
00455679570168	23733.310946	W	0.016829
00455679893276	23733.327775	S	0.393697
00455687452260	23733.721472	W	0.014322
00455687727240	23733.735794	S	0.190495
00455691384752	23733.926289	W	0.013557
00455691645044	23733.939846	S	1.010280
00455711042428	23734.950126	W	0.013256
00455711296936	23734.963382	S	0.702848
00455724791612	23735.666230	W	0.012415
00455725029984	23735.678645	S	0.091044
00455726778036	23735.769689	W	0.013543
00455727038052	23735.783232	S	0.908751
00455744486080	23736.691983	W	0.015231
00455744778524	23736.707215	S	1.416446
00455771974284	23738.123661	W	0.013849
00455772240192	23738.137510	S	0.089592
00455773960364	23738.227102	W	0.014327
00455774235452	23738.241430	S	0.088067
00455775926332	23738.329496	W	0.013529
00455776186096	23738.343026	S	0.088236
00455777880224	23738.431262	W	0.014590
00455778160356	23738.445852	S	0.088281
00455779855344	23738.534133	W	0.014297
00455780129844	23738.548429	S	0.088152
00455781822360	23738.636581	W	0.014244
00455782095844	23738.650825	S	0.031895
00455782708220	23738.682720	W	0.021367
00455783118472	23738.704087	S	0.035185
00455783794028	23738.739272	W	0.013978
00455784062412	23738.753251	S	0.004243
00455784143876	23738.757494	W	0.038710
00455784887116	23738.796204	S	0.045271
00455785756312	23738.841475	W	0.024248
00455786221872	23738.865722	S	0.078030
00455787720048	23738.943752	W	0.014126
00455787991272	23738.957879	S	0.088708
00455789694468	23739.046587	W	0.013558
00455789954772	23739.060144	S	0.320858
00455796115252	23739.381003	W	0.015879
00455796420120	23739.396881	S	1.286721
00455821125168	23740.683603	W	0.012802
00455821370960	23740.696404	S	1.009669
00455840756600	23741.706073	W	0.012730
00455841001024	23741.718803	S	0.399374
00455848669012	23742.118178	W	0.021966
00455849090752	23742.140143	S	0.080870
00455850643448	23742.221013	W	0.013751
00455850907472	23742.234764	S	0.088248
00455852601836	23742.323012	W	0.014443
00455852879132	23742.337455	S	0.088275
00455854574008	23742.425730	W	0.014256
00455854847716	23742.439985	S	0.087901
00455856535408	23742.527886	W	0.013567
00455856795888	23742.541453	S	0.090076
00455858525348	23742.631529	W	0.014301
00455858799928	23742.645830	S	0.086733
00455860465204	23742.732563	W	0.014368
00455860741064	23742.746930	S	0.088150
00455862433540	23742.835080	W	0.013565
00455862693988	23742.848645	S	0.089100
00455864404708	23742.937745	W	0.014375
00455864680708	23742.952120	S	0.087674
00455866364048	23743.039794	W	0.022571
00455866797412	23743.062365	S	0.080613
00455868345172	23743.142978	W	0.013915
00455868612340	23743.156893	S	1.566903
00455898696868	23744.723795	W	0.020989
00455899099860	23744.744784	S	1.048106
00455919223500	23745.792891	W	0.014820
00455919508036	23745.807710	S	1.944696
00455956846204	23747.752406	W	0.014181
00455957118484	23747.766588	S	3.003356
00456014782920	23750.769944	W	0.014220
00456015055940	23750.784164	S	2.699484
00456066886040	23753.483648	W	0.013434
00456067143968	23753.497082	S	0.297505
00456072856072	23753.794587	W	0.015108
00456073146144	23753.809695	S	0.391656
00456080665940	23754.201351	W	0.014492
00456080944192	23754.215843	S	0.139504
00456083622660	23754.355347	W	0.123500
00456085993868	23754.478847	S	0.013236
00456086247992	23754.492083	W	0.099546
00456088159272	23754.591629	S	0.429129
00456096398544	23755.020757	W	0.013555
00456096658800	23755.034312	S	1.790326
00456131033052	23756.824638	W	0.022101
00456131457384	23756.846739	S	2.761953
00456184486888	23759.608692	W	0.312007
00456190477428	23759.920699	S	0.277629
00456195807896	23760.198328	W	0.015923
00456196113620	23760.214251	S	0.050829
00456197089528	23760.265080	W	0.100946
00456199027684	23760.366025	S	0.081448
00456200591476	23760.447473	W	0.086421
00456202250764	23760.533894	S	0.286776
00456207756860	23760.820670	W	0.015915
00456208062428	23760.836585	S	2.039196
00456247214996	23762.875781	W	0.023096
00456247658436	23762.898877	S	1.849435
00456283167580	23764.748311	W	0.088493
00456284866652	23764.836805	S	0.463782
00456293771260	23765.300586	W	0.015860
00456294075780	23765.316447	S	0.251187
00456298898572	23765.567634	W	0.086066
00456300551048	23765.653700	S	0.257659
00456305498092	23765.911359	W	0.013455
00456305756436	23765.924814	S	0.593866
00456317158672	23766.518681	W	0.013715
00456317421996	23766.532396	S	0.518867
00456327384248	23767.051263	W	0.089313
00456329099048	23767.140575	S	0.167756
00456332319972	23767.308332	W	0.175976
00456335698708	23767.484308	S	0.131180
00456338217360	23767.615487	W	0.124282
00456340603568	23767.739769	S	0.013536
00456340863456	23767.753305	W	0.088057
00456342554148	23767.841362	S	0.183714
00456346081460	23768.025076	W	0.088774
00456347785916	23768.113850	S	0.116031
00456350013704	23768.229880	W	0.169921
00456353276188	23768.399801	S	0.013107
00456353527852	23768.412909	W	0.147373
00456356357408	23768.560282	S	0.013160
00456356610072	23768.573441	W	0.100890
00456358547168	23768.674332	S	0.013763
00456358811416	23768.688095	W	0.111528
00456360952752	23768.799622	S	0.013484
00456361211652	23768.813107	W	0.065706
00456362473200	23768.878812	S	0.060277
00456363630512	23768.939089	W	0.022256
00456364057828	23768.961345	S	0.194667
00456367795440	23769.156012	W	0.015983
00456368102320	23769.171996	S	1.113152
00456389474836	23770.285148	W	0.014332
00456389750012	23770.299480	S	0.256420
00456394673284	23770.555900	W	0.088593
00456396374260	23770.644493	S	0.043105
00456397201876	23770.687598	W	0.084873
00456398831444	23770.772471	S	0.302279
00456404635200	23771.074750	W	0.015972
00456404941856	23771.090722	S	0.201935
00456408819012	23771.292657	W	0.013753
00456409083076	23771.306410	S	0.660771
00456421769876	23771.967181	W	0.021047
00456422173972	23771.988228	S	0.315016
00456428222280	23772.303244	W	0.013499
00456428481460	23772.316743	S	0.997505
00456447633560	23773.314248	W	0.015092
00456447923332	23773.329340	S	0.997918
00456467083356	23774.327258	W	0.014150
00456467355040	23774.341408	S	0.001703
00456467387728	23774.343111	W	0.013505
00456467647020	23774.356616	S	0.637499
00456479887008	23774.994115	W	0.022932
00456480327300	23775.017047	S	0.324775
00456486562984	23775.341822	W	0.013638
00456486824836	23775.355460	S	0.993124
00456505892820	23776.348584	W	0.014271
00456506166816	23776.362855	S	1.661642
00456538070352	23778.024497	W	0.022072
00456538494132	23778.046569	S	2.266931
00456582019216	23780.313501	W	0.013572
00456582279808	23780.327073	S	0.702897
00456595775432	23781.029970	W	0.013047
00456596025940	23781.043018	S	0.006288
00456596146664	23781.049305	W	0.013620
00456596408164	23781.062925	S	0.786680
00456611512428	23781.849606	W	0.013475
00456611771152	23781.863081	S	2.211104
00456654224348	23784.074185	W	0.022358
00456654653628	23784.096543	S	3.007659
00456712400672	23787.104202	W	0.013659
00456712662920	23787.117860	S	3.008090
00456770418256	23790.125951	W	0.014665
00456770699816	23790.140615	S	3.006564
00456828425840	23793.147179	W	0.014756
00456828709164	23793.161936	S	2.716362
00456880863320	23795.878298	W	0.014396
00456881139724	23795.892694	S	0.004135
00456881219120	23795.896829	W	0.014150
00456881490804	23795.910979	S	0.253349
00456886355104	23796.164328	W	0.022590
00456886788836	23796.186919	S	3.004269
00456944470792	23799.191187	W	0.013396
00456944727988	23799.204583	S	1.543636
00456974365804	23800.748219	W	0.065979
00456975632600	23800.814198	S	0.326192
00456981895488	23801.140390	W	0.015856
00456982199916	23801.156246	S	1.053829
00457002433440	23802.210075	W	0.021697
00457002850016	23802.231772	S	2.999613
00457060442584	23805.231385	W	0.013186
00457060695748	23805.244570	S	3.005655
00457118404320	23808.250225	W	0.022774
00457118841588	23808.272999	S	2.793806
00457172482672	23811.066806	W	0.014928
00457172769296	23811.081734	S	0.198874
00457176587668	23811.280608	W	0.023659
00457177041928	23811.304267	S	3.012033
00457234872952	23814.316300	W	0.021991
00457235295180	23814.338291	S	3.005150
00457292994064	23817.343441	W	0.014114
00457293265052	23817.357555	S	3.016769
00457351187024	23820.374324	W	0.021764
00457351604884	23820.396088	S	2.552011
00457400603496	23822.948099	W	0.014003
00457400872352	23822.962102	S	0.440446
00457409328912	23823.402548	W	0.014258
00457409602664	23823.416805	S	2.771939
00457462823888	23826.188744	W	0.014194
00457463096420	23826.202939	S	0.225129
00457467418896	23826.428068	W	0.023184
00457467864024	23826.451251	S	0.044728
00457468722808	23826.495980	W	0.014383
00457468998956	23826.510362	S	0.292682
00457474618444	23826.803044	W	0.013347
00457474874704	23826.816391	S	0.396293
00457482483536	23827.212684	W	0.013561
00457482743908	23827.226245	S	0.736444
00457496883640	23827.962690	W	0.013330
00457497139576	23827.976020	S	1.481462
00457525583656	23829.457482	W	0.022333
00457526012440	23829.479815	S	0.907237
00457543431384	23830.387051	W	0.014245
00457543704888	23830.401296	S	0.013903
00457543971828	23830.415199	W	0.014047
00457544241540	23830.429247	S	0.333378
00457550642404	23830.762625	W	0.054834
00457551695224	23830.817460	S	0.389037
00457559164732	23831.206496	W	0.013775
00457559429216	23831.220272	S	0.370871
00457566549936	23831.591143	W	0.089333
00457568265124	23831.680475	S	0.139967
00457570952484	23831.820442	W	0.085930
00457572602344	23831.906372	S	0.016420
00457572917600	23831.922792	W	0.014150
00457573189280	23831.936942	S	0.244243
00457577878736	23832.181184	W	0.015770
00457578181524	23832.196954	S	0.135882
00457580790460	23832.332836	W	0.014429
00457581067496	23832.347265	S	0.139045
00457583737168	23832.486311	W	0.021964
00457584158884	23832.508275	S	0.131529
00457586684248	23832.639805	W	0.016272
00457586996672	23832.656077	S	0.393527
00457594552400	23833.049604	W	0.012845
00457594799016	23833.062449	S	0.396861
00457602418748	23833.459310	W	0.013334
00457602674760	23833.472644	S	2.039966
00457641842108	23835.512610	W	0.022577
00457642275588	23835.535187	S	1.128035
00457663933860	23836.663222	W	0.238831
00457668519412	23836.902053	S	0.013649
00457668781468	23836.915701	W	0.090853
00457670525848	23837.006555	S	0.293467
00457676160412	23837.300021	W	0.015754
00457676462888	23837.315775	S	1.226061
00457700003252	23838.541836	W	0.013216
00457700256996	23838.555052	S	0.740845
00457714481212	23839.295896	W	0.022283
00457714909040	23839.318179	S	2.254444
00457758194364	23841.572623	W	0.014117
00457758465416	23841.586740	S	0.268880
00457763627912	23841.855620	W	0.088736
00457765331640	23841.944356	S	0.094744
00457767150724	23842.039100	W	0.087056
00457768822200	23842.126156	S	0.293904
00457774465156	23842.420060	W	0.015816
00457774768816	23842.435876	S	2.159076
00457816223068	23844.594951	W	0.013388
00457816480120	23844.608340	S	3.008309
00457874239648	23847.616648	W	0.021995
00457874661956	23847.638644	S	3.002776
00457932315248	23850.641419	W	0.013321
00457932571008	23850.654740	S	3.009300
00457990349572	23853.664040	W	0.023036
00457990791864	23853.687076	S	3.000689
00458048405100	23856.687766	W	0.014372
00458048681044	23856.702138	S	0.443289
00458057192200	23857.145427	W	0.014568
00458057471912	23857.159995	S	2.544968
00458106335300	23859.704964	W	0.014778
00458106619044	23859.719742	S	3.010521
00458164421044	23862.730263	W	0.014356
00458164696672	23862.744618	S	3.004095
00458222375296	23865.748713	W	0.021914
00458222796052	23865.770628	S	2.402228
00458268918824	23868.172855	W	0.014452
00458269196296	23868.187307	S	0.003497
00458269263444	23868.190804	W	0.022911
00458269703336	23868.213715	S	0.561046
00458280475424	23868.774762	W	0.022924
00458280915560	23868.797685	S	3.006537
00458338641076	23871.804223	W	0.013361
00458338897616	23871.817584	S	0.002331
00458338942368	23871.819915	W	0.013631
00458339204084	23871.833546	S	0.269319
00458344375012	23872.102865	W	0.040246
00458345147728	23872.143111	S	0.356889
00458351999992	23872.500000	W	0.015950
00458352306232	23872.515950	S	2.329965
00458397041568	23874.845915	W	0.023093
00458397484952	23874.869008	S	3.009448
00458455266348	23877.878456	W	0.022752
00458455703192	23877.901208	S	3.009028
00458513476536	23880.910236	W	0.024042
00458513938144	23880.934278	S	2.332872
00458558729280	23883.267150	W	0.013832
00458558994856	23883.280982	S	0.657330
00458571615592	23883.938312	W	0.020603
00458572011164	23883.958915	S	3.005660
00458629719836	23886.964575	W	0.022752
00458630156676	23886.987327	S	2.413327
00458676492552	23889.400654	W	0.013562
00458676752948	23889.414216	S	0.581931
00458687926024	23889.996147	W	0.021979
00458688348024	23890.018126	S	3.011135
00458746161816	23893.029261	W	0.023088
00458746605112	23893.052350	S	3.010677
00458804410120	23896.063027	W	0.022174
00458804835852	23896.085201	S	3.009824
00458862624472	23899.095025	W	0.020299
00458863014216	23899.115324	S	3.002228
00458920656984	23902.117551	W	0.040387
00458921432412	23902.157938	S	0.112853
00458923599188	23902.270791	W	0.087400
00458925277272	23902.358191	S	0.118650
00458927555360	23902.476842	W	0.014212
00458927828224	23902.491053	S	0.008383
00458927989184	23902.499437	W	0.013672
00458928251684	23902.513109	S	0.096247
00458930099628	23902.609356	W	0.015625
00458930399624	23902.624980	S	1.189173
00458953231740	23903.814153	W	0.086625
00458954894932	23903.900778	S	0.009142
00458955070456	23903.909920	W	0.087070
00458956742200	23903.996990	S	0.251558
00458961572116	23904.248548	W	0.015290
00458961865688	23904.263838	S	0.884537
00458978848800	23905.148375	W	0.022352
00458979277956	23905.170727	S	2.118550
00459019954120	23907.289277	W	0.124272
00459022340152	23907.413550	S	0.015440
00459022636600	23907.428990	W	0.086119
00459024290080	23907.515108	S	0.504700
00459033980316	23908.019808	W	0.015992
00459034287360	23908.035800	S	0.141374
00459037001740	23908.177174	W	0.022757
00459037438668	23908.199931	S	0.656692
00459050047160	23908.856623	W	0.238865
00459054633376	23909.095488	S	0.013434
00459054891304	23909.108922	W	0.093206
00459056680864	23909.202128	S	0.417774
00459064702124	23909.619902	W	0.015957
00459065008496	23909.635859	S	1.567006
00459095095012	23911.202865	W	0.013474
00459095353704	23911.216339	S	1.294468
00459120207492	23912.510807	W	0.088199
00459121900916	23912.599006	S	0.250273
00459126706160	23912.849279	W	0.015727
00459127008120	23912.865006	S	1.366740
00459153249524	23914.231746	W	0.022060
00459153673084	23914.253806	S	3.008799
00459211442028	23917.262606	W	0.022915
00459211881988	23917.285520	S	3.006839
00459269613288	23920.292359	W	0.021457
00459270025260	23920.313816	S	3.007181
00459327763144	23923.320997	W	0.022728
00459328199512	23923.343725	S	3.005293
00459385901136	23926.349018	W	0.022890
00459386340628	23926.371908	S	1.181389
00459409023304	23927.553297	W	0.014799
00459409307444	23927.568096	S	1.780883
00459443500400	23929.348979	W	0.014079
00459443770720	23929.363058	S	0.014736
00459444053660	23929.377795	W	0.022669
00459444488912	23929.400464	S	3.008729
00459502256508	23932.409193	W	0.014746
00459502539632	23932.423939	S	1.080255
00459523280520	23933.504194	W	0.014368
00459523556384	23933.518562	S	0.013448
00459523814580	23933.532009	W	0.022029
00459524237544	23933.554039	S	1.882098
00459560373832	23935.436137	W	0.022218
00459560800420	23935.458355	S	3.007897
00459618552048	23938.466252	W	0.022784
00459618989508	23938.489037	S	3.007243
00459676728576	23941.496280	W	0.022842
00459677167148	23941.519122	S	1.054094
00459697405748	23942.573216	W	0.072131
00459698790668	23942.645347	S	0.271073
00459703995272	23942.916420	W	0.016159
00459704305532	23942.932580	S	1.588471
00459734804168	23944.521050	W	0.015022
00459735092592	23944.536072	S	3.010569
00459792895508	23947.546641	W	0.022790
00459793333072	23947.569431	S	0.982289
00459812193028	23948.551720	W	0.014165
00459812465000	23948.565885	S	2.012240
00459851100004	23950.578125	W	0.013596
00459851361044	23950.591721	S	0.249245
00459856146544	23950.840966	W	0.013392
00459856403668	23950.854358	S	2.747241
00459909150688	23953.601598	W	0.021719
00459909567688	23953.623317	S	3.007885
00459967319088	23956.631203	W	0.022494
00459967750980	23956.653697	S	2.998522
00460025322608	23959.652219	W	0.015091
00460025612364	23959.667311	S	3.004546
00460083299644	23962.671856	W	0.022176
00460083725416	23962.694032	S	3.002712
00460141377480	23965.696744	W	0.013851
00460141643428	23965.710595	S	3.010343
00460199442016	23968.720938	W	0.022701
00460199877880	23968.743640	S	2.928976
00460256114228	23971.672616	W	0.015642
00460256414552	23971.688258	S	0.031689
00460257022976	23971.719947	W	0.098500
00460258914172	23971.818446	S	0.084121
00460260529304	23971.902568	W	0.086765
00460262195184	23971.989333	S	0.118154
00460264463740	23972.107486	W	0.085496
00460266105268	23972.192983	S	0.119270
00460268395260	23972.312253	W	0.081126
00460269952888	23972.393380	S	0.021285
00460270361568	23972.414665	W	0.084400
00460271982044	23972.499065	S	0.120283
00460274291484	23972.619348	W	0.081255
00460275851580	23972.700603	S	0.016826
00460276174636	23972.717429	W	0.058741
00460277302460	23972.776170	S	0.048068
00460278225364	23972.824238	W	0.120605
00460280540976	23972.944843	S	0.014339
00460280816288	23972.959182	W	0.128794
00460283289136	23973.087976	S	0.000744
00460283303420	23973.088720	W	0.015160
00460283594484	23973.103879	S	0.000866
00460283611112	23973.104745	W	0.107941
00460285683576	23973.212686	S	0.016779
00460286005732	23973.229465	W	0.058370
00460287126436	23973.287835	S	0.129754
00460289617704	23973.417589	W	0.144559
00460292393236	23973.562148	S	0.016734
00460292714520	23973.578881	W	0.149649
00460295587776	23973.728530	S	0.016701
00460295908440	23973.745231	W	0.059580
00460297052380	23973.804811	S	0.043411
00460297885864	23973.848222	W	0.120372
00460300197012	23973.968594	S	0.004078
00460300275304	23973.972672	W	0.211147
00460304329328	23974.183819	S	0.016758
00460304651076	23974.200577	W	0.084670
00460306276736	23974.285247	S	0.016914
00460306601492	23974.302161	W	0.076273
00460308065936	23974.378434	S	0.068398
00460309379176	23974.446832	W	0.084458
00460311000768	23974.531290	S	0.016763
00460311322624	23974.548053	W	0.059468
00460312464408	23974.607521	S	0.059867
00460313613860	23974.667389	W	0.081272
00460315174288	23974.748661	S	0.014239
00460315447676	23974.762900	W	0.060673
00460316612600	23974.823573	S	0.079405
00460318137180	23974.902978	W	0.014715
00460318419708	23974.917693	S	0.188139
00460322031984	23975.105833	W	0.015449
00460322328612	23975.121282	S	0.558024
00460333042664	23975.679305	W	0.090834
00460334786676	23975.770139	S	0.016785
00460335108944	23975.786924	W	0.061505
00460336289848	23975.848430	S	0.063061
00460337500620	23975.911491	W	0.014680
00460337782476	23975.926171	S	0.203477
00460341689228	23976.129647	W	0.015300
00460341982984	23976.144947	S	0.774365
00460356850784	23976.919312	W	0.011842
00460357078144	23976.931153	S	0.018012
00460357423968	23976.949165	W	0.092054
00460359191404	23977.041219	S	0.186106
00460362764644	23977.227325	W	0.081084
00460364321448	23977.308409	S	0.310475
00460370282564	23977.618884	W	0.015778
00460370585508	23977.634662	S	0.152033
00460373504548	23977.786695	W	0.013240
00460373758764	23977.799936	S	0.127027
00460376197676	23977.926962	W	0.014129
00460376468952	23977.941091	S	0.289553
00460382028376	23978.230645	W	0.247713
00460386784460	23978.478357	S	0.003244
00460386846752	23978.481602	W	0.065463
00460388103632	23978.547064	S	0.296613
00460393798604	23978.843677	W	0.015971
00460394105248	23978.859648	S	0.077493
00460395593116	23978.937141	W	0.022451
00460396024184	23978.959593	S	0.360224
00460402940484	23979.319817	W	0.015806
00460403243964	23979.335623	S	0.617648
00460415102808	23979.953271	W	0.021329
00460415512324	23979.974600	S	0.831994
00460431486604	23980.806594	W	0.023702
00460431941688	23980.830296	S	0.136145
00460434555680	23980.966442	W	0.022583
00460434989272	23980.989025	S	0.989331
00460453984436	23981.978356	W	0.014259
00460454258216	23981.992615	S	0.150241
00460457142840	23982.142856	W	0.087423
00460458821364	23982.230279	S	0.293219
00460464451164	23982.523498	W	0.015819
00460464754888	23982.539317	S	0.448548
00460473367012	23982.987865	W	0.014294
00460473641464	23983.002160	S	0.775579
00460488532588	23983.777739	W	0.013808
00460488797700	23983.791547	S	0.039581
00460489557660	23983.831128	W	0.014835
00460489842492	23983.845963	S	0.149800
00460492718648	23983.995763	W	0.014706
00460493000996	23984.010469	S	0.135132
00460495595540	23984.145601	W	7.593716
00460641394892	23991.739317	S	0.002537
00460641443596	23991.741854	W	0.015362
00460641738544	23991.757216	S	0.269368
00460646910416	23992.026584	W	0.014393
00460647186760	23992.040977	S	0.831028
00460663142492	23992.872005	W	0.014324
00460663417508	23992.886329	S	0.148028
00460666259644	23993.034356	W	0.023323
00460666707440	23993.057679	S	0.247533
00460671460072	23993.305212	W	0.014023
00460671729304	23993.319235	S	2.572828
00460721127604	23995.892063	W	0.022161
00460721553088	23995.914223	S	3.001215
00460779176424	23998.915439	W	0.014550
00460779455776	23998.929988	S	3.003970
00460837131996	24001.933958	W	0.014595
00460837412220	24001.948553	S	1.976358
00460875358300	24003.924911	W	0.083754
00460876966368	24004.008665	S	0.047572
00460877879744	24004.056237	W	0.081978
00460879453724	24004.138215	S	0.112116
00460881606360	24004.250331	W	0.132705
00460884154304	24004.383037	S	0.082946
00460885746860	24004.465982	W	0.121444
00460888078576	24004.587426	S	0.000763
00460888093216	24004.588188	W	0.166116
00460891282652	24004.754305	S	0.015898
00460891587896	24004.770203	W	0.361274
00460898524348	24005.131476	S	0.015865
00460898828948	24005.147341	W	0.094568
00460900644652	24005.241909	S	0.015655
00460900945224	24005.257564	W	0.202100
00460904825552	24005.459664	S	0.015860
00460905130064	24005.475524	W	0.095851
00460906970396	24005.571375	S	0.015619
00460907270280	24005.586994	W	0.095425
00460909102444	24005.682419	S	0.016167
00460909412856	24005.698586	W	0.062134
00460910605828	24005.760720	S	0.203120
00460914505740	24005.963841	W	0.014629
00460914786612	24005.978469	S	0.000861
00460914803140	24005.979330	W	0.014414
00460915079880	24005.993744	S	0.047078
00460915983768	24006.040821	W	0.015892
00460916288892	24006.056713	S	0.921874
00460933988880	24006.978588	W	0.014468
00460934266660	24006.993055	S	0.966943
00460952831964	24007.959998	W	0.014936
00460953118728	24007.974934	S	0.014689
00460953400764	24007.989623	W	0.014634
00460953681740	24008.004257	S	0.944576
00460971817592	24008.948833	W	0.084126
00460973432804	24009.032959	S	0.263645
00460978494792	24009.296604	W	0.015222
00460978787056	24009.311826	S	0.204695
00460982717200	24009.516521	W	0.292332
00460988329968	24009.808852	S	0.001383
00460988356520	24009.810235	W	0.961292
00461006813332	24010.771528	S	0.014780
00461007097104	24010.786307	W	1.317664
00461032396244	24012.103971	S	0.043029
00461033222400	24012.147000	W	0.121298
00461035551328	24012.268298	S	0.008996
00461035724056	24012.277295	W	0.093285
00461037515120	24012.370579	S	0.012103
00461037747488	24012.382682	W	0.091105
00461039496700	24012.473786	S	0.013804
00461039761740	24012.487591	W	0.100766
00461041696456	24012.588357	S	0.013143
00461041948796	24012.601500	W	0.090814
00461043692432	24012.692314	S	0.013534
00461043952280	24012.705848	W	0.074598
00461045384560	24012.780446	S	0.039573
00461046144364	24012.820019	W	0.087489
00461047824160	24012.907508	S	0.014912
00461048110464	24012.922420	W	0.064093
00461049341048	24012.986513	S	0.030522
00461049927064	24013.017035	W	0.013574
00461050187684	24013.030609	S	0.037125
00461050900476	24013.067733	W	0.084817
00461052528964	24013.152550	S	0.014563
00461052808568	24013.167113	W	0.061528
00461053989904	24013.228641	S	0.044801
00461054850092	24013.273442	W	0.082071
00461056425856	24013.355513	S	0.131158
00461058944092	24013.486671	W	0.161398
00461062042932	24013.648069	S	0.034849
00461062712024	24013.682918	W	0.086467
00461064372196	24013.769385	S	0.129978
00461066867768	24013.899363	W	0.109680
00461068973620	24014.009043	S	0.017562
00461069310812	24014.026605	W	0.014590
00461069590948	24014.041195	S	0.051365
00461070577152	24014.092560	W	0.082313
00461072157564	24014.174873	S	0.009831
00461072346316	24014.184704	W	0.159933
00461075417036	24014.344637	S	0.009624
00461075601824	24014.354262	W	3.402905
00461140937608	24017.757167	S	2.377695
00461186589352	24020.134862	W	0.174456
00461189938912	24020.309318	S	0.029752
00461190510156	24020.339071	W	0.113029
00461192680308	24020.452099	S	0.287671
00461198203600	24020.739771	W	0.006772
00461198333616	24020.746543	S	10.078777
00461391846140	24030.825320	W	0.100675
00461393779096	24030.925995	S	0.087540
00461395459856	24031.013534	W	0.120958
00461397782252	24031.134492	S	0.044170
00461398630312	24031.178662	W	0.136244
00461401246200	24031.314906	S	0.087932
00461402934496	24031.402838	W	0.241662
00461407574412	24031.644501	S	0.006994
00461407708704	24031.651495	W	0.072659
00461409103760	24031.724154	S	0.160598
00461412187240	24031.884752	W	0.085703
00461413832736	24031.970455	S	0.144648
00461416609980	24032.115103	W	0.163814
00461419755212	24032.278917	S	0.014558
00461420034724	24032.293475	W	0.149876
00461422912336	24032.443351	S	0.015077
00461423201808	24032.458428	W	0.220972
00461427444480	24032.679400	S	0.014491
00461427722700	24032.693891	W	0.156762
00461430732540	24032.850653	S	0.000955
00461430750884	24032.851609	W	0.154072
00461433709068	24033.005681	S	0.015855
00461434013484	24033.021536	W	0.071560
00461435387436	24033.093096	S	0.045041
00461436252228	24033.138137	W	0.094342
00461438063592	24033.232479	S	0.013410
00461438321072	24033.245889	W	0.090151
00461440051976	24033.336040	S	0.007442
00461440194860	24033.343482	W	0.186456
00461443774824	24033.529939	S	0.012883
00461444022172	24033.542821	W	0.063930
00461445249632	24033.606752	S	0.044244
00461446099112	24033.650995	W	0.155801
00461449090500	24033.806797	S	0.013141
00461449342812	24033.819938	W	0.158475
00461452385524	24033.978413	S	0.012973
00461452634612	24033.991386	W	0.160756
00461455721120	24034.152142	S	0.013048
00461455971640	24034.165190	W	0.066067
00461457240120	24034.231256	S	0.034827
00461457908796	24034.266083	W	0.166147
00461461098812	24034.432230	S	0.013255
00461461353316	24034.445485	W	0.089396
00461463069712	24034.534881	S	0.015456
00461463366464	24034.550337	W	0.279965
00461468741800	24034.830302	S	0.013619
00461469003292	24034.843921	W	0.169578
00461472259188	24035.013499	S	0.015464
00461472556104	24035.028964	W	0.337288
00461479032028	24035.366251	S	0.015194
00461479323748	24035.381445	W	0.155660
00461482312424	24035.537105	S	0.032327
00461482933108	24035.569433	W	0.046085
00461483817932	24035.615517	S	0.470765
00461492856616	24036.086282	W	0.015858
00461493161080	24036.102140	S	0.005531
00461493267268	24036.107670	W	0.088051
00461494957840	24036.195721	S	0.013187
00461495211024	24036.208908	W	0.062517
00461496411356	24036.271425	S	0.186977
00461500001324	24036.458402	W	0.072735
00461501397844	24036.531138	S	0.528142
00461511538172	24037.059280	W	0.007048
00461511673500	24037.066328	S	13.131933
00461763806616	24050.198261	W	0.060329
00461764964928	24050.258590	S	0.102697
00461766936712	24050.361287	W	0.096155
00461768782884	24050.457442	S	0.362809
00461775748824	24050.820251	W	0.006864
00461775880620	24050.827116	S	6.786637
00461906184044	24057.613752	W	0.005555
00461906290696	24057.619307	S	8.628023
00462071948736	24066.247330	W	0.032077
00462072564620	24066.279407	S	0.539785
00462082928500	24066.819193	W	0.007290
00462083068464	24066.826483	S	6.146987
00462201090612	24072.973469	W	0.005569
00462201197532	24072.979038	S	12.895191
00462448785208	24085.874230	W	0.128705
00462451256348	24086.002935	S	0.092735
00462453036860	24086.095670	W	0.097472
00462454908324	24086.193142	S	0.270081
00462460093872	24086.463222	W	0.006558
00462460219788	24086.469781	S	4.422063
00462545123392	24090.891843	W	0.176157
00462548505600	24091.068000	S	0.015381
00462548800908	24091.083381	W	0.127196
00462551243080	24091.210577	S	0.222234
00462555509976	24091.432811	W	0.006637
00462555637404	24091.439448	S	15.540342
00462854011972	24106.979790	W	0.118869
00462856294252	24107.098659	S	0.054234
00462857335552	24107.152893	W	0.136535
00462859957016	24107.289428	S	0.489617
00462869357672	24107.779045	W	0.007014
00462869492344	24107.786060	S	3.280187
00462932471928	24111.066246	W	0.051906
00462933468528	24111.118152	S	0.001669
00462933500564	24111.119821	W	0.130553
00462936007176	24111.250374	S	0.016275
00462936319652	24111.266649	W	0.077829
00462937813964	24111.344477	S	0.001223
00462937837448	24111.345700	W	0.070321
00462939187612	24111.416021	S	0.071131
00462940553320	24111.487152	W	0.109522
00462942656136	24111.596674	S	0.177415
00462946062496	24111.774088	W	0.123620
00462948435992	24111.897708	S	0.361337
00462955373664	24112.259045	W	0.006994
00462955507944	24112.266039	S	4.022568
00463032741248	24116.288607	W	0.168338
00463035973336	24116.456945	S	0.016429
00463036288776	24116.473374	W	0.134864
00463038878172	24116.608238	S	0.450669
00463047531012	24117.058907	W	0.006963
00463047664704	24117.065870	S	2.916649
00463103664360	24119.982519	W	0.150333
00463106550752	24120.132852	S	0.041458
00463107346748	24120.174310	W	0.118047
00463109613244	24120.292356	S	0.286430
00463115112700	24120.578786	W	0.007000
00463115247100	24120.585786	S	29.132393
00463674589052	24149.718180	W	0.079591
00463676117204	24149.797771	S	0.112071
00463678268968	24149.909842	W	0.080626
00463679816988	24149.990468	S	0.348362
00463686505544	24150.338830	W	0.006800
00463686636108	24150.345631	S	0.398654
00463694290256	24150.744284	W	0.070865
00463695650860	24150.815149	S	0.211124
00463699704436	24151.026273	W	0.095411
00463701536328	24151.121684	S	0.004237
00463701617672	24151.125920	W	0.013530
00463701877440	24151.139450	S	0.168247
00463705107780	24151.307697	W	0.084839
00463706736692	24151.392536	S	0.055804
00463707808124	24151.448340	W	0.187918
00463711416152	24151.636258	S	0.016203
00463711727256	24151.652461	W	0.232800
00463716197012	24151.885261	S	0.140157
00463718888024	24152.025418	W	0.082228
00463720466800	24152.107646	S	0.016450
00463720782632	24152.124095	W	0.057378
00463721884288	24152.181473	S	0.049051
00463722826060	24152.230524	W	0.084901
00463724456152	24152.315425	S	0.016467
00463724772328	24152.331892	W	0.060950
00463725942564	24152.392842	S	0.042219
00463726753164	24152.435061	W	0.082276
00463728332868	24152.517337	S	0.016325
00463728646308	24152.533662	W	0.057727
00463729754668	24152.591389	S	0.053868
00463730788940	24152.645257	W	0.086349
00463732446836	24152.731606	S	0.215620
00463736586748	24152.947226	W	0.087544
00463738267592	24153.034770	S	0.014988
00463738555356	24153.049758	W	0.013446
00463738813528	24153.063205	S	0.096414
00463740664680	24153.159619	W	0.114229
00463742857876	24153.273848	S	0.079966
00463744393216	24153.353813	W	0.083014
00463745987092	24153.436828	S	0.127383
00463748432840	24153.564210	W	0.087487
00463750112588	24153.651697	S	0.114617
00463752313232	24153.766314	W	0.083806
00463753922308	24153.850120	S	0.015854
00463754226708	24153.865974	W	0.058290
00463755345876	24153.924264	S	0.054509
00463756392456	24153.978774	W	0.165309
00463759566388	24154.144083	S	0.134364
00463762146168	24154.278446	W	0.086757
00463763811904	24154.365203	S	0.004730
00463763902720	24154.369933	W	0.067615
00463765200936	24154.437549	S	0.046354
00463766090940	24154.483903	W	0.088922
00463767798248	24154.572825	S	0.217532
00463771974868	24154.790358	W	0.082393
00463773556820	24154.872751	S	0.127503
00463776004880	24155.000254	W	0.085122
00463777639220	24155.085376	S	0.216946
00463781804576	24155.302322	W	0.084577
00463783428464	24155.386899	S	0.127888
00463785883908	24155.514787	W	0.115864
00463788108492	24155.630651	S	0.183704
00463791635604	24155.814354	W	0.085912
00463793285120	24155.900267	S	0.014467
00463793562892	24155.914734	W	0.062131
00463794755812	24155.976865	S	0.051719
00463795748808	24156.028584	W	0.159260
00463798806604	24156.187844	S	0.138585
00463801467432	24156.326429	W	0.084125
00463803082632	24156.410554	S	0.014844
00463803367640	24156.425398	W	0.389461
00463810845284	24156.814859	S	0.013101
00463811096828	24156.827960	W	0.067847
00463812399496	24156.895807	S	0.046750
00463813297104	24156.942557	W	0.088274
00463814991960	24157.030831	S	0.013477
00463815250728	24157.044309	W	0.065930
00463816516584	24157.110239	S	0.035310
00463817194544	24157.145549	W	0.086771
00463818860544	24157.232320	S	0.013566
00463819121004	24157.245886	W	0.062018
00463820311756	24157.307904	S	0.053267
00463821334484	24157.361171	W	0.162151
00463824447784	24157.523322	S	0.134286
00463827026072	24157.657608	W	0.081433
00463828589592	24157.739041	S	0.128532
00463831057412	24157.867574	W	0.084375
00463832677416	24157.951949	S	0.101955
00463834634956	24158.053904	W	0.098302
00463836522348	24158.152206	S	0.119729
00463838821148	24158.271935	W	0.081055
00463840377408	24158.352990	S	0.016686
00463840697780	24158.369676	W	0.058793
00463841826600	24158.428469	S	0.048254
00463842753084	24158.476723	W	0.121607
00463845087936	24158.598330	S	0.003964
00463845164052	24158.602294	W	0.062434
00463846362788	24158.664729	S	0.016020
00463846670372	24158.680749	W	0.087028
00463848341312	24158.767777	S	0.013464
00463848599824	24158.781241	W	0.062477
00463849799388	24158.843718	S	0.049044
00463850741032	24158.892762	W	0.087352
00463852418184	24158.980114	S	0.013980
00463852686592	24158.994093	W	0.065626
00463853946620	24159.059720	S	0.010735
00463854152724	24159.070454	W	0.092885
00463855936108	24159.163339	S	0.013491
00463856195136	24159.176830	W	0.074840
00463857632060	24159.251670	S	0.037450
00463858351100	24159.289120	W	0.089666
00463860072688	24159.378786	S	0.017844
00463860415288	24159.396630	W	0.012552
00463860656292	24159.409182	S	0.091585
00463862414732	24159.500767	W	0.087194
00463864088864	24159.587962	S	0.013489
00463864347860	24159.601451	W	0.061449
00463865527680	24159.662900	S	0.053521
00463866555292	24159.716421	W	0.112761
00463868720296	24159.829182	S	0.183617
00463872245752	24160.012800	W	0.086711
00463873910596	24160.099510	S	0.129833
00463876403384	24160.229343	W	0.111040
00463878535356	24160.340383	S	0.069021
00463879860564	24160.409404	W	0.014462
00463880138244	24160.423867	S	0.100986
00463882077180	24160.524853	W	0.083501
00463883680404	24160.608354	S	0.015744
00463883982688	24160.624098	W	0.061789
00463885169032	24160.685887	S	0.052298
00463886173156	24160.738185	W	0.122529
00463888525716	24160.860714	S	0.176097
00463891906784	24161.036812	W	0.087139
00463893579848	24161.123950	S	0.013629
00463893841532	24161.137580	W	0.061154
00463895015692	24161.198734	S	0.052465
00463896023020	24161.251199	W	0.118294
00463898294260	24161.369493	S	0.052176
00463899296048	24161.421669	W	0.013803
00463899561072	24161.435473	S	0.001543
00463899590696	24161.437015	W	0.014001
00463899859516	24161.451016	S	0.096909
00463901720164	24161.547925	W	0.086285
00463903376836	24161.634210	S	0.013503
00463903636088	24161.647713	W	0.062543
00463904836904	24161.710255	S	0.053720
00463905868336	24161.763976	W	0.162542
00463908989140	24161.926518	S	0.134255
00463911566844	24162.060773	W	0.087232
00463913241700	24162.148005	S	0.127959
00463915698512	24162.275964	W	0.179929
00463919153140	24162.455893	S	0.116943
00463921398440	24162.572835	W	0.087045
00463923069712	24162.659881	S	0.128405
00463925535092	24162.788286	W	0.162269
00463928650664	24162.950555	S	0.134312
00463931229460	24163.084868	W	0.084679
00463932855288	24163.169546	S	0.129205
00463935336028	24163.298751	W	0.157217
00463938354596	24163.455969	S	0.045432
00463939226896	24163.501401	W	0.084817
00463940855384	24163.586218	S	0.016401
00463941170288	24163.602619	W	0.060952
00463942340564	24163.663571	S	0.136999
00463944970936	24163.800570	W	0.122400
00463947321020	24163.922970	S	0.005339
00463947423528	24163.928309	W	0.062157
00463948616940	24163.990466	S	0.117407
00463950871152	24164.107873	W	0.083727
00463952478704	24164.191599	S	0.015429
00463952774944	24164.207028	W	0.059061
00463953908924	24164.266090	S	0.185748
00463957475292	24164.451838	W	0.014213
00463957748188	24164.466051	S	0.273215
00463962993920	24164.739267	W	0.015992
00463963300968	24164.755259	S	0.704819
00463976833496	24165.460078	W	0.022824
00463977271708	24165.482901	S	0.994144
00463996359272	24166.477045	W	0.023978
00463996819644	24166.501023	S	0.062055
00463998011108	24166.563079	W	0.019948
00463998394108	24166.583026	S	0.911283
00464015890744	24167.494310	W	0.014117
00464016161784	24167.508426	S	0.001655
00464016193556	24167.510081	W	0.014183
00464016465860	24167.524264	S	0.987646
00464035428672	24168.511910	W	0.020627
00464035824716	24168.532537	S	0.991120
00464054854220	24169.523657	W	0.022097
00464055278492	24169.545755	S	0.040238
00464056051060	24169.585993	W	0.013929
00464056318500	24169.599922	S	3.006514
00464114043568	24172.606436	W	0.020925
00464114445336	24172.627361	S	2.998757
00464172021464	24175.626118	W	0.014825
00464172306104	24175.640943	S	3.001393
00464229932844	24178.642336	W	0.014397
00464230209260	24178.656732	S	0.655711
00464242798920	24179.312444	W	0.014041
00464243068516	24179.326485	S	2.338023
00464287958556	24181.664508	W	0.013222
00464288212428	24181.677731	S	2.998688
00464345787240	24184.676419	W	0.021624
00464346202420	24184.698043	S	0.257772
00464351151640	24184.955815	W	1.497619
00464379905928	24186.453434	S	0.175623
00464383277892	24186.629057	W	0.123170
00464385642760	24186.752227	S	0.386584
00464393065176	24187.138811	W	0.007406
00464393207372	24187.146217	S	7.098725
00464529502888	24194.244942	W	0.031783
00464530113124	24194.276725	S	0.541844
00464540516528	24194.818569	W	0.007389
00464540658400	24194.825958	S	2.401890
00464586774680	24197.227848	W	0.076413
00464588241812	24197.304261	S	0.113414
00464590419364	24197.417675	W	0.086715
00464592084288	24197.504390	S	0.514167
00464601956296	24198.018557	W	0.006875
00464602088296	24198.025432	S	5.230001
00464702504316	24203.255433	W	0.091389
00464704258976	24203.346822	S	0.089176
00464705971156	24203.435998	W	0.109379
00464708071224	24203.545376	S	0.253028
00464712929368	24203.798405	W	0.006882
00464713061512	24203.805287	S	0.445466
00464721614460	24204.250753	W	0.119990
00464723918260	24204.370743	S	0.125423
00464726326380	24204.496166	W	0.073521
00464727737988	24204.569687	S	0.286053
00464733230204	24204.855740	W	0.006635
00464733357604	24204.862375	S	0.171553
00464736651416	24205.033928	W	0.053494
00464737678496	24205.087422	S	0.138511
00464740337908	24205.225933	W	0.057742
00464741446548	24205.283674	S	0.308774
00464747375004	24205.592448	W	0.006494
00464747499692	24205.598942	S	1.926622
00464784490832	24207.525564	W	0.146932
00464787311928	24207.672496	S	0.050881
00464788288844	24207.723377	W	0.121033
00464790612668	24207.844410	S	0.222479
00464794884256	24208.066888	W	0.006540
00464795009820	24208.073428	S	0.476137
00464804151644	24208.549565	W	0.047782
00464805069052	24208.597346	S	0.003967
00464805145212	24208.601313	W	0.085003
00464806777264	24208.686316	S	0.067953
00464808081960	24208.754269	W	0.081675
00464809650128	24208.835944	S	0.231801
00464814100708	24209.067745	W	0.029422
00464814665616	24209.097168	S	0.001280
00464814690188	24209.098447	W	0.074666
00464816123780	24209.173114	S	0.267454
00464821258888	24209.440567	W	0.006646
00464821386500	24209.447214	S	3.198331
00464882794456	24212.645545	W	0.040284
00464883567908	24212.685829	S	0.266941
00464888693168	24212.952769	W	0.040160
00464889464240	24212.992929	S	0.298309
00464895191772	24213.291238	W	0.006559
00464895317708	24213.297797	S	21.866350
00465315151620	24235.164147	W	0.132416
00465317694012	24235.296563	S	0.060769
00465318860780	24235.357332	W	0.134425
00465321441732	24235.491757	S	0.286768
00465326947684	24235.778525	W	0.006928
00465327080696	24235.785453	S	7.194653
00465465218024	24242.980105	W	0.031804
00465465828664	24243.011910	S	0.446550
00465474402416	24243.458459	W	0.006913
00465474535148	24243.465372	S	6.865033
00465606343780	24250.330405	W	0.149285
00465609210052	24250.479690	S	0.015645
00465609510432	24250.495335	W	0.262720
00465614554660	24250.758055	S	0.165846
00465617738896	24250.923901	W	0.132840
00465620289432	24251.056741	S	0.401603
00465628000204	24251.458344	W	0.006968
00465628133984	24251.465312	S	3.985120
00465704648288	24255.450432	W	0.178217
00465708070060	24255.628649	S	0.015665
00465708370820	24255.644314	W	0.125584
00465710782028	24255.769897	S	0.488366
00465720158660	24256.258264	W	0.007006
00465720293180	24256.265270	S	14.341583
00465995651572	24270.606853	W	0.119567
00465997947256	24270.726420	S	0.082821
00465999537428	24270.809241	W	0.115785
00466001760496	24270.925026	S	0.387948
00466009209092	24271.312974	W	0.007395
00466009351084	24271.320369	S	14.367460
00466285206316	24285.687829	W	0.029353
00466285769900	24285.717182	S	0.314252
00466291803544	24286.031435	W	0.006781
00466291933744	24286.038216	S	1.384778
00466318521476	24287.422994	W	0.096024
00466320365140	24287.519018	S	0.086412
00466322024248	24287.605430	W	0.119736
00466324323184	24287.725166	S	0.243145
00466328991564	24287.968311	W	0.015923
00466329297288	24287.984234	S	1.667723
00466361317564	24289.651956	W	0.085451
00466362958220	24289.737407	S	0.179588
00466366406308	24289.916995	W	0.014002
00466366675140	24289.930997	S	0.202957
00466370571920	24290.133954	W	0.015672
00466370872820	24290.149626	S	0.028932
00466371428324	24290.178559	W	0.100861
00466373364852	24290.279419	S	0.357979
00466380238040	24290.637398	W	0.006999
00466380372428	24290.644397	S	1.775386
00466414459840	24292.419783	W	0.116934
00466416704980	24292.536718	S	0.045559
00466417579712	24292.582277	W	0.052332
00466418584492	24292.634609	S	0.423573
00466426717084	24293.058181	W	0.006930
00466426850148	24293.065112	S	1.214058
00466450160060	24294.279170	W	0.101441
00466452107736	24294.380611	S	0.112713
00466454271832	24294.493325	W	0.092036
00466456038920	24294.585360	S	0.391022
00466463546536	24294.976382	W	0.088505
00466465245832	24295.064887	S	0.250322
00466470052016	24295.315209	W	0.016136
00466470361820	24295.331345	S	1.275032
00466494842436	24296.606377	W	0.123804
00466497219464	24296.730180	S	0.405587
00466505006732	24297.135767	W	0.006628
00466505133988	24297.142395	S	10.829294
00466713056428	24307.971689	W	0.267754
00466718197300	24308.239443	S	0.179365
00466721641116	24308.418808	W	0.006812
00466721771900	24308.425620	S	4.778571
00466813520472	24313.204191	W	0.041362
00466814314628	24313.245554	S	0.297473
00466820026112	24313.543027	W	0.006688
00466820154528	24313.549715	S	17.164779
00467149718276	24330.714494	W	0.130548
00467152224796	24330.845041	S	0.013018
00467152474736	24330.858059	W	0.085831
00467154122684	24330.943890	S	0.179495
00467157568996	24331.123385	W	0.083135
00467159165184	24331.206520	S	0.254871
00467164058716	24331.461391	W	0.015886
00467164363736	24331.477278	S	0.564114
00467175194728	24332.041392	W	0.119636
00467177491736	24332.161028	S	0.258045
00467182446200	24332.419073	W	0.006889
00467182578460	24332.425961	S	3.202229
00467244061264	24335.628191	W	0.122163
00467246406792	24335.750354	S	0.124622
00467248799536	24335.874976	W	0.072021
00467250182340	24335.946997	S	0.311164
00467256156684	24336.258161	W	0.006837
00467256287952	24336.264997	S	29.388755
00467820552040	24365.653752	W	0.031848
00467821163520	24365.685600	S	0.332462
00467827546796	24366.018062	W	0.007021
00467827681592	24366.025083	S	4.611269
00467916217956	24370.636352	W	0.032291
00467916837936	24370.668643	S	0.013249
00467917092308	24370.681891	W	0.014596
00467917372548	24370.696487	S	0.139612
00467920053096	24370.836099	W	0.133898
00467922623932	24370.969996	S	0.487772
00467931989160	24371.457769	W	0.006976
00467932123104	24371.464745	S	1.214678
00467955444920	24372.679423	W	0.037559
00467956166048	24372.716982	S	0.125660
00467958578720	24372.842642	W	0.073090
00467959982056	24372.915732	S	0.462063
00467968853660	24373.377795	W	0.006849
00467968985160	24373.384644	S	9.398529
00468149436920	24382.783173	W	0.071073
00468150801528	24382.854246	S	0.142563
00468153538744	24382.996810	W	0.031151
00468154136844	24383.027961	S	0.002918
00468154192872	24383.030879	W	0.123966
00468156573012	24383.154844	S	0.462875
00468165460204	24383.617719	W	0.006776
00468165590296	24383.624495	S	12.044991
00468396854128	24395.669486	W	0.028116
00468397393952	24395.697602	S	0.314502
00468403432396	24396.012104	W	0.006564
00468403558416	24396.018668	S	4.022533
00468480791056	24400.041201	W	0.119383
00468483083200	24400.160583	S	0.069874
00468484424788	24400.230458	W	0.128659
00468486895048	24400.359117	S	0.243067
00468491561944	24400.602185	W	0.006739
00468491691328	24400.608923	S	25.073149
00468973095796	24425.682073	W	0.027728
00468973628176	24425.709801	S	0.329273
00468979950220	24426.039074	W	0.006679
00468980078464	24426.045753	S	29.648557
00469549330764	24455.694311	W	0.027200
00469549853012	24455.721511	S	0.315487
00469555910364	24456.036998	W	0.006488
00469556034936	24456.043486	S	12.775924
00469801332676	24468.819410	W	0.050732
00469802306740	24468.870143	S	0.150011
00469805186952	24469.020154	W	0.046643
00469806082492	24469.066796	S	0.324701
00469812316756	24469.391498	W	0.006841
00469812448112	24469.398339	S	15.568426
00470111361888	24484.966765	W	1.962833
00470149048284	24486.929598	S	28.992891
00470705711784	24515.922489	W	0.031904
00470706324332	24515.954392	S	0.462852
00470715211096	24516.417245	W	0.006848
00470715342576	24516.424093	S	29.513213
00471281996256	24545.937305	W	0.034268
00471282654208	24545.971573	S	0.525445
00471292742756	24546.497019	W	0.007073
00471292878552	24546.504091	S	0.930843
00471310750732	24547.434934	W	0.078588
00471312259624	24547.513522	S	0.137519
00471314899988	24547.651041	W	0.061262
00471316076212	24547.712303	S	0.384864
00471323465608	24548.097167	W	0.007423
00471323608120	24548.104590	S	10.992224
00471534658828	24559.096814	W	0.090082
00471536388404	24559.186896	S	0.073671
00471537802880	24559.260567	W	0.126084
00471540223700	24559.386651	S	0.241417
00471544858904	24559.628068	W	0.006629
00471544986176	24559.634697	S	0.742131
00471559235092	24560.376828	W	0.235971
00471563765740	24560.612799	S	0.284192
00471569222220	24560.896991	W	0.006843
00471569353612	24560.903834	S	29.686152
00472139327724	24590.589986	W	0.026015
00472139827216	24590.616001	S	0.316548
00472145904932	24590.932549	W	0.006672
00472146033036	24590.939221	S	29.663979
00472715581436	24620.603200	W	0.030620
00472716169332	24620.633819	S	0.422898
00472724288968	24621.056717	W	0.006845
00472724420392	24621.063562	S	29.547195
00473291726532	24650.610757	W	0.121968
00473294068312	24650.732725	S	0.028139
00473294608576	24650.760863	W	0.066089
00473295877484	24650.826952	S	0.309806
00473301825752	24651.136758	W	0.006895
00473301958140	24651.143653	S	29.549647
00473869311360	24680.693300	W	0.034489
00473869973548	24680.727789	S	0.308192
00473875890828	24681.035981	W	0.006644
00473876018396	24681.042625	S	0.595491
00473887451828	24681.638116	W	0.150885
00473890348824	24681.789001	S	0.016877
00473890672868	24681.805879	W	0.066394
00473891947628	24681.872272	S	0.073093
00473893351004	24681.945365	W	0.083130
00473894947092	24682.028494	S	0.264601
00473900027432	24682.293095	W	0.015571
00473900326392	24682.308666	S	0.637001
00473912556804	24682.945667	W	0.136851
00473915184344	24683.082518	S	0.204571
00473919112108	24683.287089	W	0.006505
00473919237004	24683.293594	S	3.566969
00473987722808	24686.860563	W	0.039545
00473988482068	24686.900108	S	0.298932
00473994221556	24687.199039	W	0.006511
00473994346572	24687.205551	S	29.680264
00474564207636	24716.885814	W	0.032017
00474564822364	24716.917831	S	0.458429
00474573624204	24717.376261	W	0.006871
00474573756132	24717.383132	S	29.517539
00475140492888	24746.900671	W	0.032159
00475141110344	24746.932830	S	0.523274
00475151157196	24747.456104	W	0.006881
00475151289304	24747.462985	S	29.451871
00475716765228	24776.914856	W	0.031698
00475717373828	24776.946554	S	0.589455
00475728691356	24777.536008	W	0.006907
00475728823976	24777.542915	S	3.650534
00475798914220	24781.193449	W	0.099482
00475800824268	24781.292931	S	0.071027
00475802187996	24781.363958	W	0.128625
00475804657604	24781.492584	S	0.523364
00475814706196	24782.015948	W	0.006835
00475814837424	24782.022783	S	2.165159
00475856408480	24784.187942	W	0.006611
00475856535420	24784.194553	S	0.784261
00475871593236	24784.978814	W	1.700763
00475904247888	24786.679577	S	3.906337
00475979249564	24790.585915	W	0.128841
00475981723316	24790.714756	S	0.056162
00475982801636	24790.770919	W	0.039600
00475983561960	24790.810519	S	0.485392
00475992881488	24791.295911	W	0.006730
00475993010712	24791.302641	S	11.576887
00476215286940	24802.879528	W	5.079652
00476312816268	24807.959181	S	0.767367
00476327549716	24808.726548	W	0.004029
00476327627064	24808.730576	S	0.272550
00476332860028	24809.003126	W	2.138889
00476373926704	24811.142016	S	9.984882
00476565636444	24821.126898	W	0.256285
00476570557120	24821.383183	S	0.042609
00476571375220	24821.425793	W	0.005346
00476571477868	24821.431139	S	0.265524
00476576575924	24821.696663	W	5.030236
00476673156460	24826.726899	S	0.001798
00476673190988	24826.728697	W	0.036308
00476673888104	24826.765005	S	0.010506
00476674089828	24826.775512	W	0.105197
00476676109616	24826.880709	S	0.042353
00476676922784	24826.923062	W	0.013915
00476677189952	24826.936977	S	0.013072
00476677440936	24826.950049	W	0.063494
00476678660012	24827.013542	S	0.001474
00476678688316	24827.015016	W	0.021890
00476679108608	24827.036907	S	0.418422
00476687142312	24827.455329	W	0.015400
00476687437992	24827.470729	S	0.363327
00476694413864	24827.834055	W	0.013952
00476694681740	24827.848007	S	0.015917
00476694987344	24827.863924	W	0.004777
00476695079064	24827.868701	S	0.000947
00476695097248	24827.869648	W	0.005359
00476695200148	24827.875008	S	0.001481
00476695228584	24827.876489	W	0.422646
00476703343384	24828.299135	S	0.751284
00476717768044	24829.050419	W	0.827038
00476733647172	24829.877457	S	0.055262
00476734708200	24829.932719	W	0.013794
00476734973044	24829.946513	S	0.007267
00476735112568	24829.953780	W	0.005221
00476735212812	24829.959001	S	16.010702
00477042618292	24845.969703	W	0.004260
00477042700076	24845.973962	S	0.000771
00477042714884	24845.974734	W	0.201261
00477046579092	24846.175994	S	0.015781
00477046882088	24846.191775	W	0.005697
00477046991468	24846.197472	S	25.218212
00477531181136	24871.415684	W	0.194436
00477534914312	24871.610120	S	0.017391
00477535248212	24871.627511	W	0.014941
00477535535072	24871.642452	S	57.268087
00478635082340	24928.910539	W	0.005410
00478635186208	24928.915948	S	0.001134
00478635207976	24928.917082	W	0.181738
00478638697348	24929.098820	S	0.151172
00478641599852	24929.249992	W	0.013686
00478641862632	24929.263679	S	0.011881
00478642090744	24929.275560	W	3.711181
00478713345416	24932.986740	S	0.031883
00478713957568	24933.018623	W	0.013432
00478714215468	24933.032056	S	6.245433
00478834127784	24939.277489	W	3.682125
00478904824588	24942.959614	S	0.030467
00478905409548	24942.990081	W	0.015118
00478905699812	24943.005199	S	16.287669
00479218423056	24959.292868	W	3.737379
00479290180736	24963.030247	S	0.026285
00479290685404	24963.056531	W	0.013568
00479290945916	24963.070100	S	14.635395
00479571945496	24977.705495	W	0.014202
00479572218176	24977.719697	S	21.579494
00479986544464	24999.299191	W	3.729615
00480058153080	25003.028806	S	0.015008
00480058441232	25003.043814	W	0.013766
00480058705532	25003.057580	S	36.040566
00480750684404	25039.098146	W	0.014303
00480750959020	25039.112449	S	16.647532
00481070591632	25055.759981	W	0.014079
00481070861956	25055.774060	S	23.554689
00481523111976	25079.328749	W	3.716993
00481594478240	25083.045742	S	0.019490
00481594852452	25083.065232	W	0.013525
00481595112128	25083.078757	S	17.460065
00481930345368	25100.538821	W	0.014299
00481930619900	25100.553120	S	15.651912
00482231136608	25116.205032	W	0.014410
00482231413284	25116.219442	S	45.770718
00483110211076	25161.990160	W	0.014407
00483110487688	25162.004567	S	55.757881
00484181039012	25217.762449	W	0.013470
00484181297628	25217.775918	S	5.678976
00484290333968	25223.454894	W	0.014022
00484290603192	25223.468916	S	15.893971
00484595767444	25239.362888	W	3.731199
00484667406464	25243.094087	S	0.024153
00484667870208	25243.118240	W	0.013731
00484668133836	25243.131971	S	41.729473
00485469339724	25284.861444	W	0.014237
00485469613076	25284.875681	S	28.274194
00486012477600	25313.149875	W	0.013356
00486012734044	25313.163231	S	33.132872
00486648885184	25346.296103	W	0.014139
00486649156656	25346.310242	S	53.063541
00487667976636	25399.373783	W	3.724667
00487739490236	25403.098450	S	0.022201
00487739916488	25403.120650	W	0.013765
00487740180780	25403.134416	S	4.602235
00487828543696	25407.736651	W	0.014260
00487828817488	25407.750911	S	61.456189
00489008776312	25469.207100	W	0.014109
00489009047200	25469.221208	S	60.503346
00490170711444	25529.724554	W	0.697285
00490184099324	25530.421840	S	0.194389
00490187831584	25530.616228	W	0.014275
00490188105668	25530.630504	S	0.895529
00490205299820	25531.526032	W	0.014091
00490205570360	25531.540123	S	0.003995
00490205647056	25531.544118	W	0.014482
00490205925104	25531.558599	S	23.399100
00490655187816	25554.957699	W	0.004768
00490655279352	25554.962466	S	0.001546
00490655309036	25554.964012	W	0.173534
00490658640888	25555.137546	S	0.017915
00490658984848	25555.155461	W	0.014987
00490659272600	25555.170448	S	62.781543
00491864678216	25617.951990	W	0.004669
00491864767860	25617.956659	S	0.001512
00491864796888	25617.958171	W	0.186914
00491868385640	25618.145085	S	0.018283
00491868736680	25618.163369	W	0.013914
00491869003828	25618.177283	S	17.779519
00492210370592	25635.956802	W	0.004854
00492210463784	25635.961655	S	0.001656
00492210495588	25635.963312	W	0.171004
00492213778864	25636.134316	S	0.016029
00492214086624	25636.150345	W	0.005805
00492214198088	25636.156150	S	53.581865
00493242969888	25689.738015	W	0.490938
00493252395888	25690.228953	S	51.727059
00494245555428	25741.956012	W	0.004443
00494245640732	25741.960455	S	0.000676
00494245653708	25741.961131	W	0.138262
00494248308336	25742.099393	S	1.134724
00494270095036	25743.234116	W	0.013825
00494270360472	25743.247941	S	0.011300
00494270577428	25743.259241	W	0.014087
00494270847892	25743.273328	S	106.480063
00496315265108	25849.753391	W	0.484416
00496324565904	25850.237808	S	53.290387
00497347741332	25903.528194	W	0.005613
00497347849100	25903.533807	S	0.000709
00497347862716	25903.534516	W	0.162379
00497350980388	25903.696895	S	0.017417
00497351314800	25903.714313	W	0.014837
00497351599676	25903.729150	S	0.325128
00497357842124	25904.054277	W	0.005817
00497357953820	25904.060095	S	0.001021
00497357973420	25904.061116	W	0.237780
00497362538796	25904.298896	S	0.206254
00497366498880	25904.505150	W	0.015281
00497366792272	25904.520431	S	0.006600
00497366918988	25904.527031	W	0.015295
00497367212644	25904.542325	S	89.442558
00499084509748	25993.984883	W	0.004621
00499084598464	25993.989503	S	0.001501
00499084627288	25993.991005	W	0.198975
00499088447612	25994.189980	S	0.019213
00499088816500	25994.209193	W	0.014509
00499089095064	25994.223701	S	158.404016
00502130452172	26152.627717	W	0.006927
00502130585164	26152.634644	S	4.485717
00502216710924	26157.120361	W	0.005486
00502216816248	26157.125846	S	0.000728
00502216830228	26157.126574	W	0.172558
00502220143340	26157.299132	S	1.099827
00502241260016	26158.398959	W	0.014323
00502241535012	26158.413282	S	0.016919
00502241859856	26158.430201	W	0.014182
00502242132144	26158.444383	S	7.561501
00502387312968	26166.005884	W	0.005440
00502387417416	26166.011324	S	0.000647
00502387429832	26166.011970	W	0.177407
00502390836048	26166.189377	S	0.021261
00502391244268	26166.210639	W	0.006170
00502391362740	26166.216809	S	2.387502
00502437202776	26168.604311	W	0.005591
00502437310132	26168.609903	S	0.000670
00502437322992	26168.610573	W	0.088195
00502439016344	26168.698768	S	0.222092
00502443280520	26168.920860	W	0.015046
00502443569396	26168.935906	S	0.011046
00502443781480	26168.946952	W	0.006318
00502443902788	26168.953270	S	17.329779
00502776634540	26186.283049	W	0.005514
00502776740408	26186.288563	S	0.000763
00502776755052	26186.289326	W	0.170579
00502780030168	26186.459905	S	0.005612
00502780137920	26186.465517	W	0.006857
00502780269584	26186.472374	S	0.190705
00502783931124	26186.663079	W	0.036026
00502784622824	26186.699105	S	0.323990
00502790843436	26187.023096	W	0.015106
00502791133480	26187.038202	S	0.011627
00502791356724	26187.049829	W	0.005849
00502791469020	26187.055678	S	43.709576
00503630692872	26230.765254	W	0.210306
00503634730748	26230.975560	S	0.015332
00503635025128	26230.990892	W	0.006136
00503635142944	26230.997028	S	60.961082
00504805595716	26291.958110	W	0.004771
00504805687316	26291.962881	S	0.001525
00504805716592	26291.964406	W	3.720828
00504877156488	26295.685234	S	0.034424
00504877817428	26295.719658	W	0.014120
00504878088524	26295.733777	S	1.046938
00504898189736	26296.780715	W	0.014461
00504898467396	26296.795177	S	0.004794
00504898559436	26296.799971	W	0.014313
00504898834248	26296.814284	S	32.954676
00505531564020	26329.768959	W	0.719378
00505545376068	26330.488337	S	83.064515
00507140214764	26413.552852	W	0.006796
00507140345244	26413.559648	S	0.764905
00507155031428	26414.324554	W	0.006907
00507155164036	26414.331460	S	14.404928
00507431738652	26428.736388	W	0.005579
00507431845764	26428.741967	S	0.000722
00507431859624	26428.742689	W	0.156725
00507434868740	26428.899414	S	0.030948
00507435462936	26428.930361	W	0.014315
00507435737780	26428.944676	S	0.019175
00507436105940	26428.963851	W	0.005026
00507436202444	26428.968877	S	6.288731
00507556946076	26435.257608	W	0.005716
00507557055824	26435.263324	S	0.000928
00507557073644	26435.264252	W	0.160804
00507560161084	26435.425056	S	0.003616
00507560230520	26435.428673	W	0.014929
00507560517164	26435.443602	S	0.285786
00507566004256	26435.729388	W	0.014420
00507566281116	26435.743808	S	0.018141
00507566629424	26435.761949	W	0.005537
00507566735740	26435.767486	S	83.333699
00509166742764	26519.101186	W	0.004513
00509166829420	26519.105699	S	0.001481
00509166857848	26519.107180	W	0.183350
00509170378176	26519.290530	S	0.020163
00509170765308	26519.310693	W	0.006839
00509170896612	26519.317532	S	290.467087
00514747864688	26809.784619	W	0.862571
00514764426060	26810.647191	S	137.477817
00517404000148	26948.125008	W	0.005577
00517404107228	26948.130585	S	0.000669
00517404120068	26948.131254	W	0.367863
00517411183032	26948.499116	S	0.901488
00517428491596	26949.400604	W	0.014997
00517428779544	26949.415601	S	0.013486
00517429038472	26949.429087	W	0.015145
00517429329248	26949.444232	S	1.281847
00517453940716	26950.726079	W	0.005836
00517454052760	26950.731915	S	0.000990
00517454071764	26950.732904	W	0.166145
00517457261752	26950.899050	S	0.163472
00517460400424	26951.062522	W	0.015015
00517460688712	26951.077537	S	0.014275
00517460962796	26951.091812	W	0.006177
00517461081396	26951.097989	S	17.074572
00517788913172	26968.172561	W	0.005519
00517789019132	26968.178080	S	0.000995
00517789038244	26968.179075	W	0.120004
00517791342328	26968.299080	S	0.047094
00517792246540	26968.346174	W	0.015305
00517792540392	26968.361479	S	0.016652
00517792860104	26968.378130	W	0.015340
00517793154640	26968.393471	S	0.093335
00517794946680	26968.486806	W	0.328992
00517801263328	26968.815798	S	0.012219
00517801497936	26968.828017	W	0.015254
00517801790804	26968.843271	S	14.912227
00518088105568	26983.755498	W	0.006442
00518088229260	26983.761941	S	0.788762
00518103373496	26984.550703	W	0.007082
00518103509476	26984.557785	S	30.402463
00518687236768	27014.960248	W	0.005632
00518687344900	27014.965880	S	0.000709
00518687358512	27014.966589	W	0.132456
00518689901676	27015.099046	S	0.027850
00518690436404	27015.126896	W	0.015176
00518690727788	27015.142072	S	0.000872
00518690744524	27015.142944	W	0.015597
00518691043988	27015.158541	S	0.954591
00518709372144	27016.113132	W	0.005570
00518709479084	27016.118702	S	0.000666
00518709491864	27016.119368	W	0.179603
00518712940240	27016.298971	S	0.152300
00518715864392	27016.451270	W	0.015079
00518716153916	27016.466350	S	0.011794
00518716380352	27016.478143	W	0.015197
00518716672132	27016.493340	S	15.447557
00519013265220	27031.940897	W	0.005851
00519013377556	27031.946748	S	0.000785
00519013392624	27031.947532	W	0.151672
00519016304720	27032.099204	S	0.018806
00519016665800	27032.118010	W	0.015349
00519016960508	27032.133360	S	0.015012
00519017248732	27032.148371	W	0.015093
00519017538516	27032.163464	S	0.080280
00519019079884	27032.243744	W	0.373207
00519026245464	27032.616951	S	0.013517
00519026504996	27032.630469	W	0.015096
00519026794844	27032.645565	S	5.476935
00519131952004	27038.122500	W	0.004481
00519132038044	27038.126981	S	0.001479
00519132066448	27038.128461	W	0.170870
00519135347156	27038.299331	S	0.014220
00519135620188	27038.313551	W	0.013835
00519135885824	27038.327387	S	0.020119
00519136272104	27038.347505	W	0.015229
00519136564496	27038.362734	S	251.437290
00523964160460	27289.800024	W	0.489980
00523973568084	27290.290004	S	265.886360
00529078586204	27556.176365	W	0.005625
00529078694208	27556.181990	S	0.000736
00529078708332	27556.182726	W	0.037528
00529079428872	27556.220254	S	1.228887
00529103023512	27557.449141	W	0.014999
00529103311484	27557.464140	S	0.010994
00529103522568	27557.475134	W	0.015244
00529103815252	27557.490378	S	1.323192
00529129220536	27558.813570	W	0.005608
00529129328204	27558.819177	S	0.000703
00529129341708	27558.819881	W	0.279247
00529134703260	27559.099128	S	0.057145
00529135800436	27559.156273	W	0.015124
00529136090816	27559.171397	S	0.024038
00529136552348	27559.195435	W	0.015220
00529136844568	27559.210655	S	14.315973
00529411711256	27573.526628	W	0.005605
00529411818864	27573.532233	S	0.000754
00529411833340	27573.532986	W	0.164852
00529414998492	27573.697838	S	0.017272
00529415330124	27573.715111	W	0.015137
00529415620764	27573.730248	S	0.082260
00529417200156	27573.812508	W	0.384846
00529424589192	27574.197354	S	0.013091
00529424840532	27574.210444	W	0.006638
00529424967980	27574.217082	S	71.920534
00530805842228	27646.137616	W	0.004496
00530805928560	27646.142113	S	0.001486
00530805957100	27646.143599	W	0.180334
00530809419512	27646.323933	S	0.016352
00530809733476	27646.340285	W	0.015063
00530810022692	27646.355349	S	44.585044
00531666055536	27690.940393	W	3.785328
00531738733840	27694.725721	S	0.018651
00531739091936	27694.744372	W	0.014122
00531739363084	27694.758494	S	1.059004
00531759695960	27695.817498	W	0.014332
00531759971128	27695.831830	S	0.004091
00531760049672	27695.835920	W	0.005169
00531760148924	27695.841090	S	63.286794
00532975255376	27759.127884	W	0.006288
00532975376108	27759.134172	S	0.831366
00532991338332	27759.965538	W	0.006862
00532991470080	27759.972400	S	9.842965
00533180455000	27769.815365	W	0.549369
00533191002880	27770.364733	S	4.990766
00533286825588	27775.355499	W	0.005711
00533286935240	27775.361210	S	0.000674
00533286948172	27775.361884	W	0.171308
00533290237292	27775.533192	S	0.012877
00533290484536	27775.546070	W	0.015298
00533290778252	27775.561367	S	0.950895
00533309035444	27776.512263	W	0.005653
00533309143972	27776.517915	S	0.000668
00533309156792	27776.518583	W	0.324144
00533315380364	27776.842727	S	0.018179
00533315729400	27776.860906	W	0.015251
00533316022220	27776.876157	S	11.390023
00533534710660	27788.266180	W	0.006784
00533534840908	27788.272964	S	2.216833
00533577404108	27790.489797	W	0.005971
00533577518756	27790.495769	S	0.001021
00533577538364	27790.496790	W	0.177872
00533580953504	27790.674662	S	0.022374
00533581383084	27790.697036	W	0.015309
00533581677012	27790.712344	S	0.061007
00533582848340	27790.773351	W	0.006410
00533582971404	27790.779761	S	0.012001
00533583201816	27790.791761	W	0.006119
00533583319308	27790.797881	S	0.001065
00533583339760	27790.798946	W	0.099849
00533585256868	27790.898795	S	0.242999
00533589922440	27791.141794	W	0.015284
00533590215884	27791.157077	S	0.019322
00533590586860	27791.176399	W	0.014947
00533590873844	27791.191346	S	71.568556
00534964990124	27862.759902	W	0.004721
00534965080772	27862.764624	S	0.001486
00534965109300	27862.766109	W	0.031146
00534965707308	27862.797256	S	0.148464
00534968557812	27862.945719	W	0.013658
00534968820052	27862.959378	S	0.011291
00534969036832	27862.970668	W	0.005543
00534969143264	27862.976212	S	99.632627
00536882089696	27962.608838	W	0.005643
00536882198044	27962.614481	S	0.000752
00536882212476	27962.615233	W	0.283685
00536887659224	27962.898918	S	1.206624
00536910826412	27964.105542	W	0.015159
00536911117464	27964.120701	S	0.014529
00536911396428	27964.135231	W	0.015108
00536911686508	27964.150339	S	11.418175
00537130915472	27975.568514	W	0.006793
00537131045900	27975.575307	S	2.513671
00537179308384	27978.088978	W	0.005615
00537179416184	27978.094593	S	0.000761
00537179430792	27978.095354	W	0.167084
00537182638812	27978.262438	S	0.018042
00537182985224	27978.280480	W	0.015204
00537183277136	27978.295684	S	0.085433
00537184917448	27978.381117	W	0.006628
00537185044708	27978.387745	S	0.007832
00537185195088	27978.395577	W	0.103173
00537187176016	27978.498751	S	0.249345
00537191963432	27978.748095	W	0.015030
00537192252016	27978.763126	S	0.011945
00537192481356	27978.775071	W	0.005647
00537192589776	27978.780718	S	40.263935
00537965657324	28019.044652	W	0.005578
00537965764420	28019.050230	S	0.000713
00537965778112	28019.050943	W	0.175110
00537969140224	28019.226053	S	0.018902
00537969503152	28019.244956	W	0.005935
00537969617104	28019.250891	S	0.240845
00537974241324	28019.491736	W	0.005511
00537974347144	28019.497247	S	0.000746
00537974361472	28019.497993	W	0.194803
00537978101688	28019.692796	S	0.010385
00537978301076	28019.703181	W	0.015367
00537978596120	28019.718548	S	0.267379
00537983729792	28019.985927	W	0.014460
00537984007420	28020.000386	S	0.015925
00537984313176	28020.016311	W	0.014302
00537984587780	28020.030614	S	5.053655
00538081617948	28025.084268	W	0.005544
00538081724388	28025.089812	S	0.000857
00538081740848	28025.090669	W	0.163223
00538084874728	28025.253892	S	0.014931
00538085161400	28025.268823	W	0.015887
00538085466424	28025.284710	S	5.260453
00538186467116	28030.545162	W	0.005650
00538186575588	28030.550812	S	0.000709
00538186589200	28030.551521	W	0.147814
00538189427220	28030.699334	S	0.030303
00538190009044	28030.729638	W	0.014393
00538190285384	28030.744030	S	0.008076
00538190440452	28030.752107	W	0.014507
00538190718992	28030.766614	S	21.748953
00538608298888	28052.515567	W	0.004594
00538608387100	28052.520161	S	0.001485
00538608415616	28052.521647	W	0.169967
00538611678984	28052.691614	S	0.001670
00538611711048	28052.693284	W	0.015792
00538612014248	28052.709075	S	0.006254
00538612134328	28052.715330	W	0.013965
00538612402460	28052.729295	S	4.186080
00538692775192	28056.915375	W	0.005555
00538692881840	28056.920929	S	0.000716
00538692895596	28056.921646	W	0.177663
00538696306716	28057.099308	S	0.030243
00538696887380	28057.129551	W	0.013826
00538697152848	28057.143378	S	0.012252
00538697388092	28057.155630	W	0.005282
00538697489516	28057.160912	S	17.638604
00539036150704	28074.799516	W	0.005672
00539036259616	28074.805188	S	0.000726
00539036273556	28074.805914	W	0.092760
00539038054548	28074.898674	S	0.074912
00539039492860	28074.973586	W	0.015112
00539039783016	28074.988699	S	0.013682
00539040045704	28075.002380	W	0.015088
00539040335388	28075.017468	S	10.544988
00539242799160	28085.562456	W	0.005876
00539242911984	28085.568332	S	0.000773
00539242926832	28085.569106	W	0.166341
00539246120588	28085.735447	S	0.012905
00539246368356	28085.748352	W	0.014944
00539246655284	28085.763296	S	3.857100
00539320711600	28089.620396	W	0.005853
00539320823976	28089.626249	S	0.000856
00539320840416	28089.627105	W	0.166310
00539324033560	28089.793415	S	0.010869
00539324242244	28089.804284	W	0.013986
00539324510776	28089.818270	S	57.425182
00540427074268	28147.243451	W	0.004591
00540427162424	28147.248043	S	0.001489
00540427191020	28147.249532	W	0.184153
00540430726756	28147.433685	S	0.013481
00540430985596	28147.447166	W	0.005886
00540431098616	28147.453053	S	39.831885
00541195870800	28187.284938	W	0.005598
00541195978280	28187.290535	S	0.000749
00541195992660	28187.291284	W	0.165471
00541199169696	28187.456755	S	0.012502
00541199409740	28187.469257	W	0.015105
00541199699760	28187.484362	S	62.346431
00542396751240	28249.830794	W	0.790807
00542411934740	28250.621601	S	3.503035
00542479193016	28254.124636	W	0.254142
00542484072536	28254.378778	S	0.013765
00542484336820	28254.392543	W	0.005847
00542484449076	28254.398389	S	23.080741
00542927599300	28277.479130	W	0.004632
00542927688240	28277.483763	S	0.001480
00542927716648	28277.485242	W	0.169139
00542930964116	28277.654381	S	0.020852
00542931364480	28277.675233	W	0.014132
00542931635812	28277.689365	S	15.087030
00543221306796	28292.776396	W	0.004732
00543221397644	28292.781127	S	0.001503
00543221426500	28292.782630	W	0.264969
00543226513896	28293.047599	S	0.015551
00543226812472	28293.063150	W	3.708912
00543298023592	28296.772062	S	0.011810
00543298250336	28296.783872	W	0.013498
00543298509488	28296.797369	S	6.273050
00543418952052	28303.070419	W	3.711276
00543490208544	28306.781695	S	0.018671
00543490567020	28306.800366	W	0.015109
00543490857108	28306.815474	S	8.403422
00543652202816	28315.218897	W	0.014280
00543652476992	28315.233177	S	7.854469
00543803282804	28323.087646	W	3.730514
00543874908672	28326.818160	S	0.025124
00543875391048	28326.843284	W	0.014185
00543875663400	28326.857469	S	16.313686
00544188886168	28343.171155	W	0.014261
00544189159980	28343.185416	S	19.914568
00544571519680	28363.099983	W	3.716324
00544642873092	28366.816307	S	0.024673
00544643346820	28366.840980	W	0.014389
00544643623088	28366.855369	S	9.819339
00544832154388	28376.674708	W	0.014074
00544832424612	28376.688782	S	61.403890
00546011379304	28438.092672	W	0.014272
00546011653332	28438.106944	S	5.015301
00546107947108	28443.122245	W	3.715794
00546179290352	28446.838039	S	0.014766
00546179573852	28446.852805	W	0.014264
00546179847724	28446.867069	S	7.663024
00546326977792	28454.530093	W	0.014010
00546327246784	28454.544103	S	45.035086
00547191920436	28499.579189	W	0.014035
00547192189904	28499.593224	S	61.391950
00548370915336	28560.985174	W	0.014194
00548371187860	28560.999368	S	42.223740
00549181883664	28603.223108	W	3.720927
00549253325460	28606.944034	S	0.013549
00549253585596	28606.957583	W	0.015123
00549253875952	28606.972706	S	15.470337
00549550906428	28622.443043	W	0.014060
00549551176388	28622.457104	S	61.425554
00550730547020	28683.882657	W	0.014018
00550730816172	28683.896676	S	61.398505
00551909667476	28745.295181	W	0.013867
00551909933728	28745.309048	S	11.178148
00552124554176	28756.487197	W	0.013969
00552124822380	28756.501166	S	6.733328
00552254102276	28763.234494	W	3.716309
00552325455416	28766.950803	S	0.010486
00552325656740	28766.961289	W	0.013522
00552325916372	28766.974811	S	39.755664
00553089225120	28806.730475	W	0.014200
00553089497752	28806.744675	S	34.618863
00553754179916	28841.363537	W	0.014315
00553754454768	28841.377853	S	0.001691
00553754487232	28841.379543	W	0.014626
00553754768044	28841.394169	S	14.531371
00554033770364	28855.925540	W	0.004193
00554033850864	28855.929733	S	0.001136
00554033872680	28855.930869	W	0.177569
00554037282000	28856.108437	S	0.018672
00554037640508	28856.127110	W	0.014180
00554037912772	28856.141290	S	89.787799
00555761838520	28945.929090	W	0.004844
00555761931532	28945.933934	S	0.001684
00555761963864	28945.935618	W	0.172169
00555765269508	28946.107787	S	0.018875
00555765631904	28946.126662	W	0.013683
00555765894624	28946.140345	S	26.341657
00556271654432	28972.482002	W	0.004617
00556271743076	28972.486619	S	0.001548
00556271772788	28972.488166	W	0.610879
00556283501664	28973.099045	S	25.273664
00556768756004	28998.372709	W	0.014005
00556769024904	28998.386714	S	44.588892
00557625131628	29042.975606	W	0.013154
00557625384176	29042.988759	S	104.938737
00559640207932	29147.927496	W	0.004805
00559640300180	29147.932301	S	0.001510
00559640329172	29147.933811	W	0.365155
00559647340148	29148.298966	S	0.908740
00559664787960	29149.207706	W	0.014295
00559665062416	29149.222001	S	0.019308
00559665433124	29149.241309	W	0.005758
00559665543672	29149.247066	S	8.688102
00559832355228	29157.935168	W	0.004340
00559832438556	29157.939508	S	0.000689
00559832451776	29157.940197	W	0.196636
00559836227196	29158.136833	S	0.016475
00559836543524	29158.153309	W	0.014330
00559836818668	29158.167639	S	176.651832
00563228533848	29334.819471	W	0.005653
00563228642376	29334.825124	S	0.000966
00563228660920	29334.826090	W	0.178553
00563232089140	29335.004643	S	0.010992
00563232300188	29335.015635	W	0.006238
00563232419964	29335.021873	S	1.878544
00563268488008	29336.900417	W	0.005700
00563268597440	29336.906117	S	0.000796
00563268612724	29336.906913	W	0.346410
00563275263800	29337.253323	S	0.010234
00563275460288	29337.263557	W	0.015347
00563275754952	29337.278904	S	0.275305
00563281040800	29337.554208	W	0.015024
00563281329264	29337.569233	S	0.010014
00563281521540	29337.579247	W	0.015039
00563281810280	29337.594285	S	0.666924
00563294615224	29338.261210	W	0.005756
00563294725740	29338.266966	S	0.000713
00563294739436	29338.267679	W	0.430826
00563303011300	29338.698505	S	13.076482
00563554079752	29351.774987	W	0.015077
00563554369232	29351.790064	S	16.351075
00563868309880	29368.141140	W	0.112030
00563870460852	29368.253169	S	0.229002
00563874857684	29368.482171	W	0.015522
00563875155700	29368.497693	S	44.728826
00564733949152	29413.226518	W	0.014345
00564734224580	29413.240864	S	46.712560
00565631105724	29459.953423	W	0.013819
00565631371040	29459.967242	S	0.006484
00565631495528	29459.973725	W	0.013613
00565631756900	29459.987339	S	32.658122
00566258792840	29492.645460	W	0.004224
00566258873944	29492.649685	S	0.000669
00566258886792	29492.650354	W	0.048054
00566259809432	29492.698408	S	14.478731
00566537801072	29507.177139	W	0.014295
00566538075540	29507.191434	S	61.416180
00567717266188	29568.607614	W	0.014086
00567717536648	29568.621700	S	61.429550
00568896984004	29630.051250	W	0.014120
00568897255104	29630.065370	S	61.458239
00570077253292	29691.523609	W	0.014109
00570077524184	29691.537718	S	61.394600
00571256300500	29752.932318	W	0.014203
00571256573192	29752.946520	S	61.445218
00572436321384	29814.391739	W	0.013890
00572436588068	29814.405629	S	61.439780
00573616231852	29875.845409	W	0.013982
00573616500312	29875.859391	S	61.390426
00574795196488	29937.249817	W	0.014209
00574795469308	29937.264026	S	61.425839
00575974845408	29998.689865	W	0.014194
00575975117928	29998.704059	S	61.425628
00577154489984	30060.129687	W	0.014027
00577154759304	30060.143714	S	60.879110
00578323638224	30121.022824	W	3.723029
00578395120376	30124.745853	S	31.770820
00579005120116	30156.516673	W	0.014323
00579005395124	30156.530996	S	0.005496
00579005500640	30156.536492	W	0.005679
00579005609684	30156.542171	S	103.374139
00580990393160	30259.916310	W	0.004656
00580990482560	30259.920967	S	0.001524
00580990511820	30259.922491	W	0.162760
00580993636804	30260.085250	S	0.029186
00580994197172	30260.114436	W	0.013994
00580994465848	30260.128430	S	397.776643
00588631777400	30657.905073	W	0.005058
00588631874520	30657.910131	S	0.001663
00588631906448	30657.911794	W	0.587893
00588643193996	30658.499687	S	0.662950
00588655922632	30659.162637	W	0.014071
00588656192804	30659.176709	S	0.016394
00588656507572	30659.193103	W	0.013931
00588656775052	30659.207034	S	268.912360
00593819892360	30928.119394	W	0.004683
00593819982272	30928.124077	S	0.001533
00593820011696	30928.125609	W	0.373023
00593827173732	30928.498632	S	13.212505
00594080853828	30941.711137	W	0.014289
00594081128172	30941.725426	S	0.005099
00594081226072	30941.730525	W	0.005822
00594081337852	30941.736346	S	104.175209
00596081501868	31045.911556	W	0.004211
00596081582712	31045.915766	S	0.000669
00596081595556	31045.916435	W	0.383122
00596088951508	31046.299558	S	0.895840
00596106151632	31047.195397	W	0.013636
00596106413440	31047.209033	S	0.012335
00596106650272	31047.221368	W	0.013993
00596106918936	31047.235361	S	1563.554060
00626127156892	32610.789421	W	0.005836
00626127268952	32610.795258	S	0.000786
00626127284044	32610.796044	W	0.503073
00626136943040	32611.299117	S	0.752876
00626151398260	32612.051993	W	0.015044
00626151687096	32612.067036	S	0.010524
00626151889164	32612.077561	W	0.006570
00626152015304	32612.084130	S	72.365742
00627541437552	32684.449873	W	0.004662
00627541527060	32684.454534	S	0.001487
00627541555616	32684.456022	W	0.042650
00627542374504	32684.498672	S	1.727223
00627575537192	32686.225895	W	0.112079
00627577689100	32686.337974	S	0.294185
00627583337452	32686.632159	W	0.016391
00627583652152	32686.648550	S	5.081344
00627681213960	32691.729894	W	0.013684
00627681476700	32691.743578	S	0.003055
00627681535356	32691.746633	W	0.006491
00627681659988	32691.753124	S	9.394976
00627862043524	32701.148100	W	0.004610
00627862132036	32701.152710	S	0.001490
00627862160640	32701.154200	W	0.145049
00627864945576	32701.299249	S	0.024554
00627865417004	32701.323802	W	0.013951
00627865684860	32701.337753	S	0.014214
00627865957764	32701.351967	W	0.015850
00627866262092	32701.367817	S	94.522687
00629681097684	32795.890504	W	0.004881
00629681191408	32795.895386	S	0.001506
00629681220332	32795.896892	W	0.402138
00629688941380	32796.299030	S	0.027159
00629689462832	32796.326189	W	0.013688
00629689725644	32796.339877	S	0.017675
00629690065004	32796.357552	W	0.005338
00629690167488	32796.362890	S	146.206454
00632497331412	32942.569344	W	0.004416
00632497416204	32942.573761	S	0.000681
00632497429272	32942.574441	W	0.325046
00632503670156	32942.899487	S	0.923443
00632521400260	32943.822930	W	0.013435
00632521658212	32943.836365	S	0.022231
00632522085056	32943.858597	W	0.004977
00632522180608	32943.863573	S	0.093680
00632523979272	32943.957254	W	0.004846
00632524072320	32943.962100	S	0.001502
00632524101152	32943.963602	W	0.315741
00632530163384	32944.279343	S	0.016845
00632530486816	32944.296188	W	0.014274
00632530760884	32944.310463	S	12.585017
00632772393204	32956.895479	W	0.004805
00632772485460	32956.900284	S	0.001509
00632772514428	32956.901793	W	0.156265
00632775514720	32957.058058	S	0.020788
00632775913856	32957.078847	W	0.005195
00632776013604	32957.084042	S	63.206081
00633989570352	33020.290123	W	0.160134
00633992644932	33020.450257	S	0.022222
00633993071600	33020.472479	W	0.014127
00633993342832	33020.486606	S	25.207032
00634477317840	33045.693638	W	0.004627
00634477406688	33045.698265	S	0.001468
00634477434876	33045.699733	W	0.162654
00634480557840	33045.862387	S	0.016256
00634480869948	33045.878643	W	0.005191
00634480969624	33045.883835	S	368.994012
00641565654660	33414.877847	W	0.004231
00641565735900	33414.882078	S	0.000656
00641565748496	33414.882734	W	0.216446
00641569904268	33415.099181	S	1.068341
00641590416420	33416.167522	W	0.013523
00641590676068	33416.181045	S	0.017608
00641591014144	33416.198653	W	0.005226
00641591114476	33416.203879	S	40.432949
00642367427092	33456.636828	W	0.004944
00642367522016	33456.641772	S	0.001655
00642367553800	33456.643427	W	0.242740
00642372214404	33456.886167	S	0.017440
00642372549248	33456.903607	W	0.005566
00642372656120	33456.909173	S	30.276766
00642953970028	33487.185939	W	0.004218
00642954051016	33487.190157	S	0.000756
00642954065528	33487.190913	W	0.507811
00642963815504	33487.698724	S	55.275836
00644025111552	33542.974560	W	0.014230
00644025384764	33542.988790	S	20.161523
00644412486012	33563.150313	W	0.114554
00644414685456	33563.264868	S	0.482541
00644423950248	33563.747409	W	0.015744
00644424252540	33563.763153	S	22.942140
00644864741624	33586.705293	W	0.013750
00644865005616	33586.719043	S	0.000809
00644865021140	33586.719851	W	0.006286
00644865141840	33586.726138	S	104.158478
00646864984624	33690.884616	W	0.004753
00646865075876	33690.889369	S	0.001618
00646865106940	33690.890986	W	0.172686
00646868422504	33691.063672	S	0.013986
00646868691044	33691.077659	W	0.013899
00646868957912	33691.091558	S	94.775132
00648688640440	33785.866690	W	0.004853
00648688733612	33785.871542	S	0.001501
00648688762432	33785.873043	W	0.025498
00648689251992	33785.898541	S	0.151346
00648692157836	33786.049887	W	0.013771
00648692422236	33786.063658	S	0.011415
00648692641412	33786.075074	W	0.014072
00648692911604	33786.089146	S	68.864998
00650015119560	33854.954144	W	0.005594
00650015226968	33854.959738	S	0.001551
00650015256744	33854.961289	W	0.537807
00650025582644	33855.499096	S	0.293245
00650031212944	33855.792341	W	0.112870
00650033380048	33855.905211	S	0.307454
00650039283172	33856.212665	W	0.015811
00650039586736	33856.228476	S	15.476497
00650336735480	33871.704973	W	0.014081
00650337005840	33871.719054	S	61.425915
00651516383416	33933.144970	W	0.014108
00651516654284	33933.159077	S	61.426615
00652696045300	33994.585693	W	0.014023
00652696314532	33994.599715	S	59.545736
00653839592668	34054.145451	W	0.015483
00653839889944	34054.160935	S	0.765924
00653854595692	34054.926859	W	0.015777
00653854898612	34054.942636	S	1.082772
00653875687844	34056.025409	W	0.014056
00653875957720	34056.039465	S	61.425447
00655055326296	34117.464911	W	0.014183
00655055598600	34117.479094	S	61.426494
00656234987292	34178.905588	W	0.014098
00656235257972	34178.919686	S	55.724921
00657305176448	34234.644607	W	0.015275
00657305469724	34234.659881	S	0.847915
00657321749692	34235.507796	W	0.016400
00657322064580	34235.524197	S	4.819804
00657414604812	34240.344001	W	0.014660
00657414886276	34240.358660	S	29.893343
00657988838464	34270.252003	W	0.015700
00657989139900	34270.267703	S	1.233348
00658012820176	34271.501051	W	0.015762
00658013122804	34271.516813	S	3.915187
00658088294388	34275.431999	W	0.015821
00658088598144	34275.447820	S	3.351689
00658152950572	34278.799509	W	0.016578
00658153268876	34278.816087	S	22.969475
00658594282804	34301.785563	W	0.014280
00658594556984	34301.799843	S	61.426115
00659773938392	34363.225958	W	0.014051
00659774208172	34363.240009	S	61.424829
00660953564892	34424.664838	W	0.014114
00660953835888	34424.678952	S	61.426558
00662133225796	34486.105510	W	0.014162
00662133497700	34486.119672	S	61.425576
00663312868768	34547.545248	W	0.014259
00663313142540	34547.559507	S	45.781625
00664192149732	34593.341132	W	0.014298
00664192424256	34593.355430	S	0.006413
00664192547380	34593.361843	W	0.014345
00664192822796	34593.376187	S	99.871900
00666110363280	34693.248087	W	0.005738
00666110473440	34693.253825	S	0.000765
00666110488124	34693.254590	W	0.179311
00666113930892	34693.433901	S	0.019487
00666114305036	34693.453387	W	0.014240
00666114578440	34693.467627	S	0.288867
00666120124696	34693.756495	W	0.458541
00666128928692	34694.215036	S	0.015199
00666129220508	34694.230235	W	0.015185
00666129512064	34694.245420	S	0.263905
00666134579032	34694.509325	W	0.005651
00666134687540	34694.514976	S	0.000810
00666134703084	34694.515786	W	0.203127
00666138603128	34694.718913	S	0.017574
00666138940540	34694.736486	W	0.014944
00666139227472	34694.751431	S	0.873739
00666156003256	34695.625170	W	0.015980
00666156310072	34695.641150	S	0.630771
00666168420872	34696.271920	W	0.016176
00666168731460	34696.288097	S	0.487830
00666178097788	34696.775926	W	0.015222
00666178390056	34696.791149	S	0.008914
00666178561204	34696.800063	W	0.006228
00666178680776	34696.806290	S	86.869959
00667846583996	34783.676250	W	0.004598
00667846672276	34783.680848	S	0.001510
00667846701260	34783.682357	W	0.016201
00667847012328	34783.698559	S	0.120087
00667849318008	34783.818646	W	0.013522
00667849577624	34783.832168	S	0.016136
00667849887428	34783.848304	W	0.014005
00667850156320	34783.862308	S	212.030443
00671921140820	34995.892751	W	0.004713
00671921231308	34995.897464	S	0.001532
00671921260720	34995.898996	W	0.600338
00671932787204	34996.499334	S	11.034261
00672144645016	35007.533595	W	0.013475
00672144903736	35007.547070	S	61.429647
00673324352964	35068.976717	W	0.013615
00673324614368	35068.990332	S	61.426270
00674503998756	35130.416602	W	0.013713
00674504262036	35130.430314	S	61.436852
00675683849592	35191.867166	W	0.013720
00675684113012	35191.880886	S	61.411728
00676863218184	35253.292614	W	0.013539
00676863478132	35253.306153	S	61.429212
00678042919004	35314.735365	W	0.013519
00678043178576	35314.748884	S	61.430259
00679222639540	35376.179143	W	0.013581
00679222900288	35376.192723	S	61.422649
00680402215148	35437.615372	W	0.013547
00680402475252	35437.628919	S	61.460412
00681582515160	35499.089331	W	0.013691
00681582778020	35499.103022	S	61.392250
00682761509212	35560.495271	W	0.013779
00682761773768	35560.509050	S	37.867487
00683488829512	35598.376537	W	0.014365
00683489105324	35598.390902	S	0.001752
00683489138972	35598.392655	W	0.005348
00683489241660	35598.398003	S	104.467726
00685495022004	35702.865729	W	0.004251
00685495103632	35702.869981	S	0.000755
00685495118124	35702.870736	W	0.179173
00685498558248	35703.049909	S	0.019147
00685498925864	35703.069055	W	0.013981
00685499194300	35703.083036	S	14.756403
00685782517236	35717.839439	W	0.006719
00685782646240	35717.846158	S	0.913323
00685800182036	35718.759481	W	0.007040
00685800317196	35718.766521	S	249.166609
00690584316088	35967.933130	W	0.004837
00690584408952	35967.937966	S	0.001492
00690584437600	35967.939458	W	0.960025
00690602870080	35968.899483	S	0.298552
00690608602284	35969.198036	W	0.014264
00690608876152	35969.212300	S	0.014901
00690609162260	35969.227201	W	0.014352
00690609437824	35969.241553	S	277.271101
00695933042968	36246.512655	W	0.005601
00695933150508	36246.518256	S	0.000702
00695933163984	36246.518957	W	0.161937
00695936273176	36246.680895	S	0.009338
00695936452460	36246.690232	W	0.014886
00695936738276	36246.705119	S	1.064738
00695957181248	36247.769857	W	0.005562
00695957288036	36247.775419	S	0.000683
00695957301144	36247.776101	W	0.122847
00695959659800	36247.898948	S	0.178152
00695963080316	36248.077100	W	0.014886
00695963366124	36248.091986	S	0.002898
00695963421768	36248.094884	W	0.015350
00695963716480	36248.110233	S	17.452351
00696298801616	36265.562584	W	0.005672
00696298910520	36265.568256	S	0.000789
00696298925676	36265.569046	W	0.182711
00696302433732	36265.751757	S	0.023318
00696302881432	36265.775075	W	0.015180
00696303172884	36265.790254	S	0.080215
00696304713008	36265.870469	W	0.228754
00696309105088	36266.099223	S	0.123031
00696311467292	36266.222255	W	0.015060
00696311756452	36266.237315	S	0.013708
00696312019652	36266.251024	W	0.006343
00696312141436	36266.257366	S	11.595303
00696534771260	36277.852670	W	0.005627
00696534879300	36277.858297	S	0.000679
00696534892328	36277.858975	W	0.174393
00696538240672	36278.033368	S	0.019654
00696538618032	36278.053022	W	0.015288
00696538911556	36278.068310	S	3.292218
00696602122136	36281.360528	W	0.005673
00696602231056	36281.366201	S	0.000708
00696602244644	36281.366909	W	0.132062
00696604780244	36281.498971	S	0.294419
00696610433088	36281.793390	W	0.015095
00696610722908	36281.808485	S	0.016672
00696611043016	36281.825157	W	0.015220
00696611335248	36281.840377	S	18.653988
00696969491824	36300.494366	W	0.005738
00696969602000	36300.500104	S	0.000778
00696969616944	36300.500882	W	0.165783
00696972799984	36300.666666	S	0.009033
00696972973416	36300.675699	W	0.006325
00696973094856	36300.682024	S	0.133639
00696975660724	36300.815663	W	0.005542
00696975767132	36300.821205	S	0.001020
00696975786720	36300.822225	W	0.276935
00696981103876	36301.099160	S	0.063583
00696982324676	36301.162744	W	0.014875
00696982610276	36301.177619	S	0.007527
00696982754788	36301.185145	W	0.015028
00696983043324	36301.200173	S	35.116130
00697657273020	36336.316303	W	0.004698
00697657363220	36336.321001	S	0.001473
00697657391508	36336.322474	W	0.160133
00697660466068	36336.482608	S	0.018745
00697660825976	36336.501353	W	0.013870
00697661092272	36336.515222	S	72.629214
00699055573184	36409.144437	W	0.005599
00699055680692	36409.150036	S	0.000605
00699055692312	36409.150641	W	0.548362
00699066220872	36409.699004	S	0.712972
00699079909940	36410.411976	W	0.015226
00699080202276	36410.427202	S	0.010282
00699080399684	36410.437484	W	0.014888
00699080685536	36410.452372	S	0.810399
00699096245192	36411.262770	W	0.005708
00699096354788	36411.268479	S	0.000661
00699096367488	36411.269140	W	0.229854
00699100780684	36411.498994	S	0.101448
00699102728480	36411.600442	W	0.015208
00699103020464	36411.615649	S	0.010971
00699103231104	36411.626620	W	0.006392
00699103353828	36411.633012	S	16.171803
00699413852440	36427.804815	W	0.005662
00699413961156	36427.810477	S	0.000768
00699413975904	36427.811245	W	0.161354
00699417073908	36427.972599	S	0.012939
00699417322332	36427.985538	W	0.015098
00699417612220	36428.000636	S	0.110053
00699419725240	36428.110690	W	0.356238
00699426565008	36428.466927	S	0.021022
00699426968640	36428.487950	W	0.005991
00699427083664	36428.493941	S	70.694794
00700784423704	36499.188735	W	0.004769
00700784515276	36499.193504	S	0.001512
00700784544316	36499.195016	W	0.169246
00700787793840	36499.364262	S	0.015692
00700788095124	36499.379954	W	0.005125
00700788193532	36499.385080	S	477.937735
00709964598052	36977.322815	W	0.005624
00709964706040	36977.328440	S	0.000687
00709964719236	36977.329127	W	0.369978
00709971822808	36977.699105	S	0.886322
00709988840192	36978.585427	W	0.015044
00709989129044	36978.600471	S	0.011421
00709989348328	36978.611892	W	0.006285
00709989469004	36978.618177	S	8.309250
00710149006608	36986.927427	W	0.005588
00710149113896	36986.933015	S	0.000662
00710149126608	36986.933677	W	0.320261
00710155275616	36987.253938	S	0.027535
00710155804280	36987.281473	W	0.008595
00710155969312	36987.290068	S	15.245638
00710448685552	37002.535706	W	0.005704
00710448795076	37002.541410	S	0.000759
00710448809640	37002.542169	W	0.168454
00710452043948	37002.710622	S	0.012644
00710452286716	37002.723266	W	0.015039
00710452575464	37002.738305	S	0.099818
00710454491964	37002.838123	W	0.005712
00710454601644	37002.843836	S	0.000900
00710454618920	37002.844735	W	0.254506
00710459505440	37003.099242	S	0.101749
00710461459024	37003.200991	W	0.015211
00710461751072	37003.216202	S	0.011440
00710461970716	37003.227641	W	0.014986
00710462258444	37003.242627	S	61.083888
00711635069088	37064.326515	W	0.004615
00711635157700	37064.331130	S	0.001525
00711635186980	37064.332655	W	0.161639
00711638290440	37064.494294	S	0.018988
00711638655008	37064.513282	W	0.013678
00711638917620	37064.526959	S	7.352425
00711780084172	37071.879384	W	0.004301
00711780166760	37071.883685	S	0.000762
00711780181388	37071.884447	W	0.200362
00711784028332	37072.084809	S	0.019093
00711784394920	37072.103902	W	0.014384
00711784671100	37072.118286	S	161.717788
00714889652632	37233.836075	W	0.005622
00714889760572	37233.841696	S	0.000981
00714889779412	37233.842678	W	0.056214
00714890858724	37233.898892	S	0.079175
00714892378888	37233.978067	W	0.014131
00714892650212	37233.992199	S	0.015261
00714892943216	37234.007459	W	0.005746
00714893053544	37234.013205	S	239.869537
00719498548652	37473.882742	W	0.005742
00719498658896	37473.888484	S	0.000732
00719498672952	37473.889216	W	0.209899
00719502703008	37474.099115	S	1.048136
00719522827212	37475.147251	W	0.015217
00719523119376	37475.162467	S	0.007334
00719523260192	37475.169802	W	0.015313
00719523554204	37475.185115	S	0.133041
00719526108588	37475.318156	W	0.005565
00719526215428	37475.323720	S	0.000699
00719526228856	37475.324420	W	0.333708
00719532636044	37475.658127	S	0.015326
00719532930300	37475.673453	W	0.015028
00719533218844	37475.688481	S	88.466715
00721231779768	37564.155196	W	0.004509
00721231866348	37564.159706	S	0.001466
00721231894504	37564.161172	W	0.170533
00721235168740	37564.331705	S	0.021124
00721235574316	37564.352829	W	0.005492
00721235679764	37564.358321	S	38.489416
00721974676548	37602.847737	W	0.004899
00721974770616	37602.852636	S	0.001729
00721974803820	37602.854366	W	0.181471
00721978288064	37603.035837	S	0.020646
00721978684468	37603.056483	W	0.013628
00721978946128	37603.070111	S	4.488176
00722065119104	37607.558287	W	0.340314
00722071653132	37607.898601	S	3.613539
00722141033072	37611.512139	W	3.729647
00722212642296	37615.241786	S	33.585542
00722857484704	37648.827328	W	0.015969
00722857791304	37648.843297	S	5.283601
00722959236436	37654.126898	W	0.015806
00722959539904	37654.142703	S	22.352253
00723388703164	37676.494956	W	0.015313
00723388997176	37676.510270	S	24.727809
00723863771112	37701.238079	W	0.016012
00723864078548	37701.254091	S	13.030716
00724114268296	37714.284807	W	0.016219
00724114579708	37714.301026	S	0.899342
00724131847076	37715.200369	W	0.015921
00724132152764	37715.216290	S	19.585456
00724508193524	37734.801746	W	0.113685
00724510376268	37734.915431	S	0.227050
00724514735632	37735.142481	W	0.015490
00724515033044	37735.157971	S	2.769949
00724568216060	37737.927920	W	0.014087
00724568486532	37737.942007	S	8.773995
00724736947236	37746.716002	W	2.014522
00724775626052	37748.730524	S	50.674008
00725748567004	37799.404531	W	0.014141
00725748838508	37799.418672	S	61.441793
00726928520936	37860.860465	W	0.014296
00726928795424	37860.874762	S	61.375992
00728107214472	37922.250754	W	0.014302
00728107489076	37922.265056	S	61.494467
00729288182836	37983.759523	W	0.014289
00729288457184	37983.773812	S	61.400627
00730467349232	38045.174439	W	0.014280
00730467623404	38045.188719	S	61.380391
00731646126912	38106.569110	W	0.014305
00731646401564	38106.583415	S	61.477446
00732826768528	38168.060861	W	0.014036
00732827038028	38168.074897	S	61.384184
00734005614352	38229.459081	W	0.014161
00734005886244	38229.473242	S	61.417582
00735185103820	38290.890824	W	0.014232
00735185377068	38290.905056	S	61.438008
00736364986820	38352.343064	W	0.014285
00736365261092	38352.357349	S	0.389017
00736372730224	38352.746366	W	0.014103
00736373000996	38352.760469	S	0.004909
00736373095244	38352.765377	W	0.014241
00736373368672	38352.779618	S	104.058287
00738371287776	38456.837905	W	0.004243
00738371369244	38456.842148	S	0.001151
00738371391352	38456.843300	W	0.055510
00738372457148	38456.898810	S	0.102550
00738374426104	38457.001360	W	0.014011
00738374695108	38457.015370	S	0.016783
00738375017336	38457.032153	W	0.014057
00738375287232	38457.046210	S	2054.764778
00777826770960	40511.810988	W	0.004295
00777826853432	40511.815283	S	0.000865
00777826870036	40511.816148	W	0.483432
00777836151936	40512.299580	S	0.799314
00777851498772	40513.098894	W	0.013770
00777851763148	40513.112664	S	0.014946
00777852050120	40513.127610	W	0.005221
00777852150364	40513.132831	S	571.702351
00788828835512	41084.835183	W	0.005508
00788828941256	41084.840690	S	0.000701
00788828954720	41084.841392	W	0.457722
00788837742992	41085.299114	S	0.800814
00788853118624	41086.099928	W	0.015131
00788853409144	41086.115060	S	0.016673
00788853729264	41086.131732	W	0.006298
00788853850188	41086.138031	S	971.671144
00807509936152	42057.809175	W	0.004766
00807510027660	42057.813941	S	0.001507
00807510056600	42057.815448	W	0.483944
00807519348316	42058.299391	S	29.752091
00808090588460	42088.051482	W	0.015388
00808090883904	42088.066870	S	2016.714573
00846811803696	44104.781443	W	0.004136
00846811883116	44104.785579	S	0.000808
00846811898624	44104.786387	W	0.313074
00846817909652	44105.099461	S	0.952222
00846836192320	44106.051683	W	0.013445
00846836450468	44106.065129	S	0.017136
00846836779484	44106.082265	W	0.014219
00846837052488	44106.096484	S	136.675856
00849461228916	44242.772339	W	0.006914
00849461361660	44242.779253	S	26.448626
00849969175284	44269.227879	W	0.006831
00849969306436	44269.234710	S	0.027317
00849969830916	44269.262027	W	0.005439
00849969935344	44269.267466	S	0.000734
00849969949432	44269.268200	W	0.307744
00849975858120	44269.575944	S	0.017637
00849976196752	44269.593581	W	0.013551
00849976456936	44269.607132	S	9.149516
00850152127636	44278.756648	W	0.006898
00850152260076	44278.763546	S	9.408402
00850332901404	44288.171948	W	0.006978
00850333035384	44288.178926	S	26.356210
00850839074620	44314.535136	W	0.006847
00850839206076	44314.541983	S	10.497116
00851040750704	44325.039099	W	0.006935
00851040883852	44325.046034	S	10.838696
00851248986816	44335.884730	W	0.005251
00851249087628	44335.889981	S	0.000557
00851249098328	44335.890538	W	0.151033
00851251998168	44336.041571	S	0.014889
00851252284028	44336.056460	W	0.014538
00851252563156	44336.070998	S	0.520723
00851262561036	44336.591721	W	0.006861
00851262692776	44336.598582	S	9.242459
00851440147984	44345.841041	W	0.006900
00851440280468	44345.847941	S	10.114347
00851634475936	44355.962288	W	0.006842
00851634607304	44355.969130	S	9.643732
00851819766956	44365.612862	W	0.006819
00851819897884	44365.619681	S	16.705800
00852140649240	44382.325481	W	0.006738
00852140778616	44382.332220	S	4.437128
00852225971476	44386.769348	W	0.004853
00852226064660	44386.774201	S	0.001638
00852226096112	44386.775839	W	0.562610
00852236898220	44387.338449	S	1.811122
00852271671760	44389.149571	W	0.014920
00852271958232	44389.164491	S	0.009153
00852272133972	44389.173644	W	0.014708
00852272416356	44389.188352	S	2.552398
00852321422404	44391.740750	W	0.006847
00852321553868	44391.747597	S	6.025627
00852437245904	44397.773224	W	0.005510
00852437351692	44397.778734	S	0.000863
00852437368264	44397.779597	W	0.519007
00852447333208	44398.298605	S	0.407694
00852455160932	44398.706299	W	0.014523
00852455439772	44398.720821	S	0.017159
00852455769220	44398.737980	W	0.014962
00852456056492	44398.752942	S	2.638457
00852506714860	44401.391399	W	0.006759
00852506844632	44401.398158	S	9.173152
00852682969148	44410.571310	W	0.006888
00852683101392	44410.578197	S	8.651314
00852849206616	44419.229511	W	0.006973
00852849340488	44419.236484	S	6.633614
00852976705868	44425.870097	W	0.006778
00852976836004	44425.876875	S	31.770878
00853586836860	44457.647753	W	0.006767
00853586966792	44457.654520	S	9.644521
00853772141588	44467.299041	W	0.007012
00853772276216	44467.306053	S	9.172939
00853948396648	44476.478992	W	0.006819
00853948527576	44476.485811	S	9.408471
00854129170228	44485.894283	W	0.007032
00854129305236	44485.901314	S	15.292888
00854422928676	44501.194202	W	0.006870
00854423060580	44501.201072	S	16.705043
00854743797404	44517.906115	W	0.006755
00854743927092	44517.912869	S	9.408506
00854924570412	44527.321376	W	0.006942
00854924703696	44527.328318	S	9.643699
00855109862724	44536.972017	W	0.006761
00855109992536	44536.978778	S	9.284549
00855288255868	44546.263326	W	0.006749
00855288385448	44546.270075	S	14.005218
00855557285628	44560.275293	W	0.006902
00855557418148	44560.282195	S	14.116388
00855828452788	44574.398583	W	0.006894
00855828585144	44574.405476	S	17.881612
00856171912104	44592.287089	W	0.006846
00856172043556	44592.293935	S	9.409107
00856352698420	44601.703043	W	0.006869
00856352830296	44601.709911	S	9.643733
00856537989972	44611.353644	W	0.006758
00856538119724	44611.360402	S	9.173211
00856714245380	44620.533614	W	0.006699
00856714374008	44620.540313	S	15.057880
00857003485312	44635.598193	W	0.006870
00857003617216	44635.605063	S	15.293062
00857297244000	44650.898125	W	0.006877
00857297376048	44650.905003	S	14.821682
00857581952340	44665.726684	W	0.006909
00857582084984	44665.733593	S	36.713608
00858286986248	44702.447200	W	0.006880
00858287118352	44702.454081	S	9.408399
00858467759616	44711.862480	W	0.006680
00858467887880	44711.869160	S	9.643933
00858653051392	44721.513093	W	0.006774
00858653181460	44721.519868	S	10.114517
00858847380196	44731.634385	W	0.006724
00858847509300	44731.641109	S	14.859534
00859132812360	44746.500644	W	0.006799
00859132942900	44746.507443	S	3.618931
00859202426384	44750.126374	W	0.006800
00859202556940	44750.133174	S	14.967408
00859489931164	44765.100581	W	0.006660
00859490059028	44765.107241	S	3.785967
00859562749592	44768.893208	W	0.006876
00859562881608	44768.900084	S	17.920391
00859906953120	44786.820475	W	0.006789
00859907083468	44786.827264	S	14.500604
00860185495064	44801.327868	W	0.006935
00860185628208	44801.334803	S	10.330212
00860383968284	44811.665015	W	0.006666
00860384096276	44811.671681	S	3.094483
00860443510356	44814.766164	W	0.007121
00860443647072	44814.773285	S	10.308979
00860641579464	44825.082264	W	0.006812
00860641710248	44825.089075	S	2.968048
00860698696772	44828.057124	W	0.006796
00860698827260	44828.063920	S	9.258319
00860876586984	44837.322239	W	0.006841
00860876718336	44837.329080	S	2.513015
00860924968220	44839.842095	W	0.005530
00860925074404	44839.847625	S	0.000809
00860925089944	44839.848435	W	0.050123
00860926052300	44839.898557	S	0.474806
00860935168576	44840.373363	W	0.015503
00860935466240	44840.388867	S	0.699292
00860948892648	44841.088159	W	0.013724
00860949156144	44841.101882	S	0.013064
00860949406980	44841.114947	W	0.005461
00860949511824	44841.120407	S	13.855098
00861215529700	44854.975505	W	0.006700
00861215658336	44854.982205	S	3.164779
00861276422100	44858.146984	W	0.006710
00861276550940	44858.153695	S	15.084998
00861566182900	44873.238693	W	0.006781
00861566313100	44873.245474	S	2.961533
00861623174540	44876.207007	W	0.006767
00861623304468	44876.213774	S	19.316804
00861994187104	44895.530578	W	0.006726
00861994316240	44895.537304	S	14.909676
00862280582016	44910.446980	W	0.006807
00862280712704	44910.453787	S	11.384740
00862499299708	44921.838526	W	0.006552
00862499425504	44921.845078	S	3.009176
00862557201688	44924.854255	W	0.007040
00862557336856	44924.861295	S	5.199287
00862657163160	44930.060581	W	0.005593
00862657270544	44930.066174	S	0.000846
00862657286796	44930.067021	W	0.146834
00862660106008	44930.213855	S	0.010346
00862660304652	44930.224201	W	0.014865
00862660590052	44930.239065	S	4.766644
00862752109608	44935.005709	W	0.006881
00862752241728	44935.012590	S	3.123231
00862812207760	44938.135821	W	0.006933
00862812340876	44938.142754	S	9.680273
00862998202112	44947.823027	W	0.006804
00862998332748	44947.829831	S	2.936607
00863054715604	44950.766438	W	0.006772
00863054845624	44950.773210	S	14.435728
00863332011608	44965.208938	W	0.006660
00863332139488	44965.215598	S	3.309803
00863395687700	44968.525401	W	0.006892
00863395820024	44968.532293	S	14.865857
00863681244484	44983.398150	W	0.006758
00863681374240	44983.404908	S	3.200463
00863742823132	44986.605371	W	0.006861
00863742954872	44986.612233	S	19.009192
00864107931352	45005.621425	W	0.006856
00864108062988	45005.628281	S	14.576915
00864387939756	45020.205196	W	0.006904
00864388072308	45020.212099	S	7.630485
00864534577620	45027.842584	W	0.005457
00864534682392	45027.848041	S	0.000797
00864534697700	45027.848839	W	0.049692
00864535651780	45027.898530	S	0.087392
00864537329712	45027.985922	W	0.014497
00864537608064	45028.000420	S	0.009704
00864537794376	45028.010124	W	0.005771
00864537905184	45028.015895	S	1.378739
00864564376980	45029.394634	W	0.006822
00864564507956	45029.401456	S	3.464936
00864631034720	45032.866392	W	0.006991
00864631168940	45032.873382	S	9.703183
00864817470044	45042.576565	W	0.006647
00864817597676	45042.583212	S	3.082840
00864876788196	45045.666052	W	0.006804
00864876918824	45045.672855	S	9.919383
00865067370980	45055.592239	W	0.006945
00865067504320	45055.599183	S	3.327327
00865131389000	45058.926510	W	0.007050
00865131524364	45058.933561	S	15.073534
00865420936220	45074.007095	W	0.006805
00865421066880	45074.013900	S	3.152748
00865481599636	45077.166648	W	0.006843
00865481731024	45077.173491	S	15.216180
00865773881676	45092.389671	W	0.006685
00865774010032	45092.396356	S	3.656697
00865844218612	45096.053053	W	0.006831
00865844349760	45096.059883	S	15.013036
00866132600044	45111.072919	W	0.006808
00866132730748	45111.079726	S	3.066674
00866191610880	45114.146400	W	0.006949
00866191744300	45114.153349	S	8.363391
00866352321400	45122.516740	W	0.004724
00866352412104	45122.521464	S	0.001676
00866352444288	45122.523140	W	0.165789
00866355627436	45122.688929	S	0.018037
00866355973748	45122.706966	W	0.005206
00866356073696	45122.712172	S	14.723979
00866638774084	45137.436150	W	0.006867
00866638905936	45137.443018	S	14.131552
00866910231744	45151.574570	W	0.006968
00866910365536	45151.581538	S	10.403794
00867110118384	45161.985333	W	0.006736
00867110247724	45161.992069	S	3.022996
00867168289248	45165.015065	W	0.006854
00867168420848	45165.021919	S	10.075346
00867361867484	45175.097265	W	0.006648
00867361995120	45175.103913	S	3.181925
00867423088072	45178.285837	W	0.006785
00867423218344	45178.292622	S	10.221254
00867619466420	45188.513876	W	0.006692
00867619594900	45188.520568	S	3.204716
00867681125456	45191.725284	W	0.006836
00867681256712	45191.732120	S	15.377691
00867976508376	45207.109811	W	0.006723
00867976637460	45207.116534	S	3.168765
00868037477748	45210.285299	W	0.006879
00868037609816	45210.292178	S	14.941553
00868324487628	45225.233731	W	0.006702
00868324616312	45225.240433	S	3.130463
00868384721204	45228.370896	W	0.006824
00868384852216	45228.377720	S	12.938465
00868633270744	45241.316185	W	0.005603
00868633378316	45241.321787	S	0.000745
00868633392616	45241.322532	W	0.376549
00868640622356	45241.699081	S	0.864988
00868657230120	45242.564069	W	0.014505
00868657508624	45242.578574	S	0.019715
00868657887148	45242.598289	W	0.014543
00868658166380	45242.612832	S	0.510255
00868667963268	45243.123087	W	0.006850
00868668094780	45243.129936	S	3.162474
00868728814276	45246.292410	W	0.006849
00868728945784	45246.299260	S	23.186920
00869174134656	45269.486180	W	0.006950
00869174268096	45269.493130	S	14.712459
00869456747304	45284.205589	W	0.006725
00869456876420	45284.212314	S	10.459747
00869657703556	45294.672060	W	0.006679
00869657831788	45294.678739	S	2.972537
00869714904496	45297.651276	W	0.006774
00869715034564	45297.658050	S	9.489243
00869897228032	45307.147293	W	0.006702
00869897356716	45307.153996	S	2.971424
00869954408048	45310.125419	W	0.006780
00869954538220	45310.132199	S	9.255096
00870132236056	45319.387295	W	0.006651
00870132363756	45319.393946	S	3.049753
00870190919012	45322.443699	W	0.006821
00870191049972	45322.450519	S	13.472505
00870449722072	45335.923025	W	0.005443
00870449826568	45335.928467	S	0.000711
00870449840216	45335.929178	W	0.166259
00870453032388	45336.095437	S	0.022305
00870453460652	45336.117742	W	0.013473
00870453719324	45336.131215	S	1.851318
00870489264636	45337.982533	W	0.006684
00870489392960	45337.989217	S	3.026045
00870547493024	45341.015262	W	0.006965
00870547626756	45341.022227	S	14.849609
00870832739248	45355.871836	W	0.007005
00870832873740	45355.878841	S	3.206528
00870894439080	45359.085369	W	0.006793
00870894569512	45359.092162	S	15.610196
00871194285284	45374.702359	W	0.006670
00871194413340	45374.709028	S	3.115763
00871254235996	45377.824791	W	0.006763
00871254365848	45377.831555	S	40.315272
00872028419076	45418.146827	W	0.006669
00872028547128	45418.153496	S	12.542662
00872269366236	45430.696158	W	0.005451
00872269470888	45430.701609	S	0.000651
00872269483396	45430.702260	W	0.170274
00872272752656	45430.872534	S	0.023264
00872273199328	45430.895798	W	0.006048
00872273315448	45430.901846	S	1.782548
00872307540376	45432.684395	W	0.006836
00872307671636	45432.691231	S	10.009461
00872499853288	45442.700692	W	0.006686
00872499981660	45442.707378	S	3.096978
00872559443632	45445.804356	W	0.006795
00872559574104	45445.811151	S	9.664802
00872745138296	45455.475953	W	0.006644
00872745265852	45455.482596	S	2.980632
00872802493984	45458.463228	W	0.006906
00872802626588	45458.470135	S	10.385841
00873002034744	45468.855976	W	0.006759
00873002164512	45468.862735	S	3.181228
00873063244096	45472.043963	W	0.006917
00873063376904	45472.050880	S	14.694315
00873345507760	45486.745196	W	0.006639
00873345635228	45486.751835	S	3.062666
00873404438412	45489.814501	W	0.006942
00873404571704	45489.821443	S	15.767922
00873707315808	45505.589365	W	0.006880
00873707447904	45505.596245	S	16.769898
00874029429940	45522.366143	W	0.005387
00874029533368	45522.371530	S	0.000589
00874029544684	45522.372119	W	0.193715
00874033264004	45522.565834	S	0.017940
00874033608448	45522.583773	W	0.005877
00874033721280	45522.589650	S	3.357985
00874098194600	45525.947635	W	0.006806
00874098325272	45525.954441	S	14.888408
00874384182708	45540.842849	W	0.006887
00874384314936	45540.849736	S	9.989133
00874576106288	45550.838869	W	0.006886
00874576238508	45550.845756	S	3.117961
00874636103364	45553.963717	W	0.006750
00874636232972	45553.970467	S	10.215685
00874832374116	45564.186152	W	0.006849
00874832505608	45564.193000	S	3.060709
00874891271216	45567.253709	W	0.006899
00874891403668	45567.260608	S	9.940440
00875082260112	45577.201047	W	0.006837
00875082391384	45577.207885	S	15.657762
00875383020408	45592.865646	W	0.006873
00875383152364	45592.872519	S	15.566115
00875682021768	45608.438634	W	0.006752
00875682151408	45608.445386	S	2.797980
00875735872632	45611.243366	W	0.006830
00875736003764	45611.250196	S	15.077042
00876025482964	45626.327238	W	0.006680
00876025611220	45626.333918	S	3.149450
00876086080656	45629.483367	W	0.006971
00876086214500	45629.490339	S	1.189175
00876109046652	45630.679513	W	0.004734
00876109137548	45630.684247	S	0.001491
00876109166176	45630.685738	W	0.167739
00876112386772	45630.853478	S	0.010040
00876112579548	45630.863518	W	0.005748
00876112689908	45630.869266	S	25.014775
00876592973596	45655.884041	W	0.006947
00876593106984	45655.890989	S	10.687362
00876798304328	45666.578350	W	0.006725
00876798433444	45666.585075	S	2.897089
00876854057544	45669.482164	W	0.006895
00876854189936	45669.489059	S	9.919879
00877044651608	45679.408938	W	0.006672
00877044779704	45679.415610	S	3.687843
00877115586292	45683.103453	W	0.006958
00877115719888	45683.110411	S	9.830547
00877304466392	45692.940958	W	0.006678
00877304594612	45692.947636	S	3.095689
00877364031844	45696.043325	W	0.006987
00877364166004	45696.050313	S	14.779829
00877647938712	45710.830141	W	0.006814
00877648069532	45710.836955	S	2.975126
00877705191948	45713.812081	W	0.006781
00877705322148	45713.818862	S	15.546579
00878003816472	45729.365441	W	0.006651
00878003944172	45729.372092	S	2.831025
00878058299844	45732.203117	W	0.006944
00878058433164	45732.210061	S	16.294887
00878371294992	45748.504947	W	0.006724
00878371424084	45748.511671	S	10.822925
00878579224248	45759.334596	W	0.004705
00878579314580	45759.339301	S	0.001483
00878579343048	45759.340784	W	0.158308
00878582382560	45759.499092	S	1.112698
00878603746364	45760.611790	W	0.014100
00878604017080	45760.625890	S	0.008769
00878604185440	45760.634658	W	0.005489
00878604290824	45760.640147	S	7.762400
00878753328912	45768.402548	W	0.006867
00878753460764	45768.409415	S	3.152336
00878813985624	45771.561751	W	0.006745
00878814115124	45771.568496	S	37.762617
00879539157364	45809.331113	W	0.006867
00879539289204	45809.337979	S	14.870092
00879824794972	45824.208071	W	0.007048
00879824930288	45824.215119	S	10.025130
00880017412784	45834.240249	W	0.006840
00880017544112	45834.247089	S	3.406286
00880082944800	45837.653375	W	0.006920
00880083077660	45837.660295	S	10.213935
00880279185204	45847.874229	W	0.006636
00880279312620	45847.880866	S	3.541821
00880347315576	45851.422686	W	0.006819
00880347446492	45851.429505	S	9.888063
00880537297300	45861.317568	W	0.005536
00880537403596	45861.323104	S	0.000642
00880537415928	45861.323746	W	0.154079
00880540374252	45861.477826	S	0.012585
00880540615876	45861.490410	W	0.014920
00880540902340	45861.505330	S	0.205508
00880544848088	45861.710838	W	0.006655
00880544975864	45861.717493	S	3.784872
00880617645408	45865.502365	W	0.006753
00880617775068	45865.509118	S	15.032970
00880906408100	45880.542089	W	0.006721
00880906537148	45880.548810	S	3.013696
00880964400120	45883.562506	W	0.006864
00880964531916	45883.569371	S	15.567579
00881263429440	45899.136950	W	0.006900
00881263561924	45899.143850	S	19.779377
00881643325968	45918.923228	W	0.006784
00881643456220	45918.930011	S	14.722336
00881926125076	45933.652348	W	0.006947
00881926258464	45933.659295	S	10.034469
00882118920260	45943.693764	W	0.006798
00882119050776	45943.700561	S	3.081461
00882178214832	45946.782023	W	0.006725
00882178343960	45946.788748	S	8.355640
00882338772256	45955.144388	W	0.005656
00882338880856	45955.150045	S	0.000801
00882338896236	45955.150846	W	0.159813
00882341964640	45955.310658	S	0.014126
00882342235864	45955.324785	W	0.015036
00882342524556	45955.339821	S	1.299906
00882367482760	45956.639727	W	0.006751
00882367612380	45956.646478	S	2.925842
00882423788556	45959.572321	W	0.006815
00882423919408	45959.579136	S	10.408533
00882623763248	45969.987669	W	0.006813
00882623894060	45969.994482	S	3.017931
00882681838336	45973.012413	W	0.007033
00882681973368	45973.019446	S	14.926235
00882968557088	45987.945682	W	0.006675
00882968685252	45987.952357	S	3.128336
00883028749308	45991.080693	W	0.006961
00883028882968	45991.087655	S	15.384517
00883324265696	46006.472172	W	0.006843
00883324397080	46006.479015	S	3.011794
00883382223516	46009.490808	W	0.006853
00883382355092	46009.497661	S	15.099141
00883672258600	46024.596802	W	0.006821
00883672389568	46024.603623	S	2.957925
00883729181720	46027.561548	W	0.006864
00883729313504	46027.568412	S	21.706518
00884146078640	46049.274929	W	0.005680
00884146187692	46049.280609	S	0.000500
00884146197284	46049.281109	W	0.017251
00884146528512	46049.298360	S	0.122192
00884148874592	46049.420552	W	0.014666
00884149156180	46049.435218	S	0.011043
00884149368196	46049.446260	W	0.015105
00884149658204	46049.461365	S	3.773304
00884222105636	46053.234669	W	0.006770
00884222235628	46053.241439	S	14.640291
00884503329208	46067.881730	W	0.006864
00884503460988	46067.888593	S	10.209242
00884699478432	46078.097835	W	0.006684
00884699606760	46078.104519	S	2.895820
00884755206512	46081.000339	W	0.006785
00884755336788	46081.007124	S	10.202691
00884951228448	46091.209815	W	0.006671
00884951356532	46091.216486	S	3.074839
00885010393444	46094.291325	W	0.006762
00885010523268	46094.298087	S	10.093671
00885204321756	46104.391758	W	0.006645
00885204449332	46104.398403	S	3.161849
00885265156828	46107.560251	W	0.006802
00885265287432	46107.567054	S	14.948892
00885552306160	46122.515946	W	0.006843
00885552437552	46122.522789	S	15.764150
00885855109228	46138.286939	W	0.006678
00885855237436	46138.293616	S	3.037555
00885913558496	46141.331172	W	0.007020
00885913693276	46141.338191	S	15.438009
00886210103056	46156.776201	W	0.006754
00886210232728	46156.782955	S	0.710030
00886223865308	46157.492985	W	0.005488
00886223970684	46157.498473	S	0.000754
00886223985156	46157.499227	W	0.599788
00886235501084	46158.099015	S	0.652694
00886248032804	46158.751709	W	0.015403
00886248328544	46158.767112	S	0.006626
00886248455756	46158.773737	W	0.015232
00886248748212	46158.788969	S	1.422560
00886276061372	46160.211530	W	0.006731
00886276190600	46160.218260	S	38.727753
00887019763464	46198.946014	W	0.006831
00887019894616	46198.952845	S	14.853740
00887305086428	46213.806585	W	0.006931
00887305219508	46213.813516	S	10.153078
00887500158600	46223.966594	W	0.006669
00887500286648	46223.973263	S	3.117794
00887560148292	46227.091057	W	0.006841
00887560279644	46227.097898	S	9.343929
00887739683076	46236.441827	W	0.006641
00887739810576	46236.448467	S	2.957935
00887796602920	46239.406402	W	0.006884
00887796735088	46239.413286	S	9.268488
00887974690064	46248.681774	W	0.006649
00887974817720	46248.688423	S	1.229550
00887998425084	46249.917973	W	0.005582
00887998532264	46249.923555	S	0.000639
00887998544540	46249.924195	W	0.174584
00888001896552	46250.098779	S	0.019033
00888002261980	46250.117811	W	0.006221
00888002381428	46250.124033	S	1.442291
00888030073424	46251.566324	W	0.006854
00888030205016	46251.573178	S	14.762536
00888313645704	46266.335714	W	0.006727
00888313774868	46266.342441	S	3.303896
00888377209668	46269.646337	W	0.006930
00888377342728	46269.653267	S	14.807070
00888661638472	46284.460337	W	0.006788
00888661768792	46284.467125	S	3.253980
00888724245208	46287.721105	W	0.006902
00888724377736	46287.728007	S	19.448490
00889097788748	46307.176497	W	0.006857
00889097920400	46307.183354	S	9.994773
00889289820048	46317.178128	W	0.006738
00889289949408	46317.184865	S	3.182179
00889351047244	46320.367044	W	0.006825
00889351178276	46320.373869	S	10.055309
00889544240204	46330.429177	W	0.006723
00889544369276	46330.435900	S	3.214964
00889606096592	46333.650864	W	0.006726
00889606225728	46333.657590	S	7.580297
00889751767424	46341.237887	W	0.005378
00889751870680	46341.243265	S	0.000695
00889751884032	46341.243960	W	0.170235
00889755152548	46341.414195	S	0.013900
00889755419424	46341.428095	W	0.006008
00889755534780	46341.434103	S	2.342639
00889800513444	46343.776742	W	0.006663
00889800641376	46343.783405	S	3.142516
00889860977676	46346.925921	W	0.006856
00889861109312	46346.932777	S	15.439174
00890157541448	46362.371950	W	0.006741
00890157670872	46362.378691	S	3.742136
00890229519888	46366.120828	W	0.006699
00890229648516	46366.127527	S	15.222351
00890521917652	46381.349878	W	0.006756
00890522047360	46381.356633	S	3.331048
00890586003476	46384.687681	W	0.006815
00890586134328	46384.694496	S	14.397266
00890862561836	46399.091762	W	0.006639
00890862689304	46399.098401	S	3.030677
00890920878304	46402.129078	W	0.006924
00890921011248	46402.136003	S	23.553970
00891373247476	46425.689973	W	0.007059
00891373383012	46425.697032	S	9.173269
00891549509768	46434.870300	W	0.006643
00891549637316	46434.876944	S	1.780767
00891583828048	46436.657711	W	0.005464
00891583932960	46436.663175	S	0.000975
00891583951680	46436.664150	W	0.188907
00891587578688	46436.853057	S	0.015036
00891587867388	46436.868093	W	0.015147
00891588158204	46436.883240	S	1.563263
00891618172856	46438.446503	W	0.007039
00891618308012	46438.453542	S	9.598041
00891802590400	46448.051583	W	0.006775
00891802720488	46448.058359	S	3.181977
00891863814448	46451.240336	W	0.006923
00891863947368	46451.247259	S	10.220966
00892060189924	46461.468225	W	0.006698
00892060318520	46461.474923	S	3.523769
00892127974892	46464.998692	W	0.006771
00892128104888	46465.005463	S	15.057963
00892417217784	46480.063426	W	0.006797
00892417348284	46480.070223	S	3.020047
00892475333184	46483.090270	W	0.006745
00892475462696	46483.097015	S	14.855713
00892760692388	46497.952729	W	0.006779
00892760822536	46497.959507	S	3.205832
00892822374512	46501.165339	W	0.006798
00892822505028	46501.172137	S	14.669817
00893104165508	46515.841954	W	0.006659
00893104293368	46515.848613	S	3.079950
00893163428408	46518.928563	W	0.006890
00893163560696	46518.935453	S	9.663218
00893349094480	46528.598671	W	0.004844
00893349187480	46528.603515	S	0.001478
00893349215848	46528.604992	W	0.494474
00893358709740	46529.099466	S	0.770820
00893373509488	46529.870286	W	0.014385
00893373785680	46529.884671	S	0.011908
00893374014308	46529.896579	W	0.005588
00893374121592	46529.902166	S	9.713702
00893560624672	46539.615868	W	0.006665
00893560752644	46539.622534	S	3.302592
00893624162420	46542.925126	W	0.006795
00893624292888	46542.931921	S	7.195631
00893762449008	46550.127553	W	0.006989
00893762583188	46550.134541	S	22.138357
00894187639644	46572.272898	W	0.006799
00894187770192	46572.279698	S	22.965236
00894628702724	46595.244934	W	0.006824
00894628833736	46595.251757	S	15.513094
00894926685136	46610.764851	W	0.006876
00894926817160	46610.771727	S	9.649755
00895112092456	46620.421482	W	0.006784
00895112222708	46620.428266	S	2.821117
00895166388152	46623.249383	W	0.006961
00895166521804	46623.256344	S	9.339884
00895345847572	46632.596228	W	0.005579
00895345954688	46632.601807	S	0.000371
00895345961812	46632.602178	W	0.096382
00895347812348	46632.698560	S	0.048824
00895348749768	46632.747384	W	0.014566
00895349029432	46632.761950	S	0.017200
00895349359672	46632.779150	W	0.014727
00895349642428	46632.793876	S	0.740249
00895363855212	46633.534126	W	0.006789
00895363985556	46633.540914	S	3.148144
00895424429928	46636.689059	W	0.006918
00895424562748	46636.695976	S	10.019390
00895616935032	46646.715366	W	0.006669
00895617063068	46646.722035	S	3.242601
00895679321008	46649.964636	W	0.006885
00895679453196	46649.971521	S	15.574437
00895978482380	46665.545957	W	0.006816
00895978613252	46665.552774	S	2.966396
00896035568064	46668.519170	W	0.006794
00896035698512	46668.525964	S	15.144613
00896326475080	46683.670577	W	0.006660
00896326602944	46683.677237	S	2.931951
00896382896404	46686.609188	W	0.006819
00896383027324	46686.616006	S	14.943851
00896669949264	46701.559857	W	0.006630
00896670076560	46701.566488	S	2.972724
00896727152856	46704.539211	W	0.006832
00896727284036	46704.546044	S	21.793378
00897145716892	46726.339421	W	0.005660
00897145825572	46726.345082	S	0.000470
00897145834588	46726.345551	W	0.152873
00897148769752	46726.498425	S	0.037483
00897149489424	46726.535908	W	0.014802
00897149773620	46726.550709	S	0.016248
00897150085584	46726.566957	W	0.014811
00897150369948	46726.581768	S	1.479271
00897178771952	46728.061039	W	0.006631
00897178899264	46728.067670	S	14.541400
00897458094140	46742.609070	W	0.006812
00897458224932	46742.615882	S	10.728397
00897664210148	46753.344279	W	0.006789
00897664340504	46753.351068	S	3.173221
00897725266344	46756.524289	W	0.006809
00897725397080	46756.531098	S	9.759151
00897912772788	46766.290249	W	0.006645
00897912900372	46766.296894	S	3.021973
00897970922248	46769.318867	W	0.006761
00897971052056	46769.325628	S	9.735207
00898157968040	46779.060835	W	0.006790
00898158098416	46779.067626	S	2.899792
00898213774420	46781.967418	W	0.006935
00898213907572	46781.974353	S	15.621736
00898513844908	46797.596089	W	0.006800
00898513975464	46797.602889	S	3.075658
00898573028096	46800.678547	W	0.006926
00898573161084	46800.685473	S	14.869179
00898858649312	46815.554652	W	0.006820
00898858780248	46815.561471	S	3.356622
00898923227392	46818.918093	W	0.006881
00898923359516	46818.924975	S	13.384318
00899180338424	46832.309293	W	0.004513
00899180425076	46832.313806	S	0.001476
00899180453412	46832.315282	W	0.169943
00899183716312	46832.485225	S	0.007080
00899183852244	46832.492304	W	0.015103
00899184142224	46832.507408	S	2.759216
00899237119168	46835.266623	W	0.006862
00899237250912	46835.273485	S	3.013702
00899295113984	46838.287187	W	0.006740
00899295243384	46838.293926	S	23.091238
00899738595152	46861.385164	W	0.006851
00899738726688	46861.392015	S	14.656563
00900020132700	46876.048578	W	0.006894
00900020265060	46876.055472	S	9.809567
00900208608744	46885.865039	W	0.006687
00900208737144	46885.871726	S	3.452019
00900275015912	46889.323745	W	0.006888
00900275148156	46889.330633	S	9.951087
00900466209020	46899.281720	W	0.006793
00900466339440	46899.288513	S	0.000928
00900466357248	46899.289440	W	0.007034
00900466492292	46899.296474	S	2.821925
00900520673260	46902.118399	W	0.006791
00900520803640	46902.125190	S	11.289088
00900737554124	46913.414277	W	0.006663
00900737682060	46913.420941	S	3.096926
00900797143036	46916.517866	W	0.006895
00900797275424	46916.524762	S	11.522658
00901018510464	46928.047420	W	0.005386
00901018613868	46928.052806	S	0.000732
00901018627916	46928.053537	W	0.245351
00901023338660	46928.298889	S	1.017914
00901042882608	46929.316802	W	0.014925
00901043169168	46929.331728	S	0.015868
00901043473836	46929.347596	W	0.014618
00901043754504	46929.362214	S	1.931967
00901080848272	46931.294181	W	0.006654
00901080976028	46931.300835	S	2.986910
00901138324700	46934.287745	W	0.006882
00901138456840	46934.294627	S	15.839424
00901442573772	46950.134051	W	0.006705
00901442702508	46950.140756	S	3.027036
00901500821596	46953.167791	W	0.006887
00901500953832	46953.174679	S	14.853331
00901786137780	46968.028009	W	0.006872
00901786269720	46968.034881	S	3.209489
00901847891900	46971.244370	W	0.006838
00901848023192	46971.251208	S	38.974689
00902596337224	47010.225897	W	0.006647
00902596464852	47010.232544	S	13.763151
00902860717352	47023.995695	W	0.005355
00902860820164	47024.001050	S	0.000916
00902860837756	47024.001966	W	0.188573
00902864458348	47024.190539	S	0.020232
00902864846800	47024.210771	W	0.006184
00902864965532	47024.216955	S	1.600619
00902895697416	47025.817574	W	0.006791
00902895827804	47025.824365	S	9.744724
00903082926504	47035.569089	W	0.006632
00903083053840	47035.575721	S	3.031495
00903141258548	47038.607216	W	0.006730
00903141387756	47038.613946	S	9.430513
00903322453608	47048.044459	W	0.006807
00903322584296	47048.051265	S	3.025834
00903380680308	47051.077099	W	0.006933
00903380813420	47051.084032	S	10.141583
00903575531820	47061.225616	W	0.006708
00903575660612	47061.232324	S	3.123690
00903635635456	47064.356013	W	0.006882
00903635767588	47064.362895	S	15.458624
00903932573160	47079.821519	W	0.006869
00903932705052	47079.828388	S	3.088856
00903992011092	47082.917244	W	0.006950
00903992144540	47082.924195	S	14.785941
00904276034604	47097.710136	W	0.006716
00904276163552	47097.716852	S	3.610331
00904345481904	47101.327182	W	0.006967
00904345615668	47101.334149	S	14.145434
00904617208008	47115.479584	W	0.005392
00904617311544	47115.484976	S	0.000723
00904617325424	47115.485699	W	0.167355
00904620538644	47115.653054	S	0.004812
00904620631032	47115.657866	W	0.015253
00904620923896	47115.673120	S	3.941620
00904696603000	47119.614740	W	0.006681
00904696731280	47119.621421	S	14.354489
00904972337460	47133.975909	W	0.006723
00904972466532	47133.982632	S	11.053312
00905184690116	47145.035944	W	0.006810
00905184820860	47145.042753	S	3.014106
00905242691704	47148.056860	W	0.006832
00905242822872	47148.063691	S	11.081521
00905455588068	47159.145212	W	0.006809
00905455718804	47159.152021	S	2.973775
00905512815276	47162.125796	W	0.006934
00905512948400	47162.132729	S	9.959075
00905704162640	47172.091804	W	0.006856
00905704294284	47172.098661	S	3.148023
00905764736316	47175.246683	W	0.006739
00905764865696	47175.253422	S	14.726977
00906047623656	47189.980399	W	0.006817
00906047754552	47189.987216	S	3.169464
00906108608252	47193.156680	W	0.006977
00906108742204	47193.163656	S	15.195326
00906400492472	47208.358983	W	0.006666
00906400620464	47208.365649	S	3.049886
00906459178280	47211.415535	W	0.006810
00906459309024	47211.422345	S	12.212863
00906693795988	47223.635208	W	0.005556
00906693902664	47223.640764	S	0.000695
00906693916000	47223.641458	W	0.057237
00906695014956	47223.698696	S	0.100564
00906696945788	47223.799260	W	0.014910
00906697232068	47223.814170	S	0.009610
00906697416580	47223.823780	W	0.014736
00906697699520	47223.838517	S	3.097747
00906757176268	47226.936264	W	0.006816
00906757307132	47226.943080	S	3.033338
00906815547224	47229.976418	W	0.006678
00906815675440	47229.983096	S	23.315720
00907263337268	47253.298816	W	0.006909
00907263469924	47253.305725	S	14.739520
00907546468704	47268.045245	W	0.006834
00907546599912	47268.052079	S	9.726643
00907733351460	47277.778722	W	0.006697
00907733480040	47277.785419	S	3.050936
00907792058004	47280.836354	W	0.006756
00907792187716	47280.843110	S	10.116967
00907986433492	47290.960078	W	0.006845
00907986564908	47290.966922	S	3.156209
00908047164116	47294.123131	W	0.006774
00908047294184	47294.129905	S	9.776689
00908235006608	47303.906594	W	0.006626
00908235133832	47303.913220	S	3.321903
00908298914360	47307.235123	W	0.007031
00908299049356	47307.242154	S	12.259665
00908534434932	47319.501819	W	0.004352
00908534518496	47319.506172	S	0.000803
00908534533916	47319.506975	W	0.592670
00908545913180	47320.099645	S	0.678405
00908558938556	47320.778050	W	0.013749
00908559202528	47320.791798	S	0.010995
00908559413624	47320.802793	W	0.006503
00908559538480	47320.809296	S	2.163211
00908601072140	47322.972507	W	0.006677
00908601200340	47322.979184	S	3.456829
00908667571456	47326.436013	W	0.006763
00908667701312	47326.442777	S	15.374333
00908962888500	47341.817109	W	0.006784
00908963018744	47341.823893	S	2.850979
00909017757536	47344.674872	W	0.007014
00909017892212	47344.681886	S	14.844445
00909302905560	47359.526331	W	0.006629
00909303032832	47359.532960	S	3.063054
00909361843472	47362.596014	W	0.006794
00909361973912	47362.602808	S	36.536726
00910063479052	47399.139534	W	0.006688
00910063607468	47399.146222	S	14.818418
00910348121100	47413.964641	W	0.006862
00910348252860	47413.971503	S	2.302886
00910392468268	47416.274389	W	0.004639
00910392557340	47416.279028	S	0.001473
00910392585616	47416.280501	W	0.178254
00910396008084	47416.458754	S	0.024642
00910396481204	47416.483396	W	0.013966
00910396749352	47416.497362	S	0.001742
00910396782792	47416.499104	W	0.006892
00910396915120	47416.505996	S	7.210753
00910535361576	47423.716749	W	0.006768
00910535491520	47423.723517	S	3.517941
00910603035996	47427.241458	W	0.006930
00910603169044	47427.248388	S	9.718977
00910789773412	47436.967365	W	0.006771
00910789903416	47436.974136	S	3.060346
00910848662068	47440.034483	W	0.006845
00910848793484	47440.041327	S	10.979976
00911059609032	47451.021304	W	0.006685
00911059737384	47451.027989	S	2.937754
00911116142264	47453.965743	W	0.006765
00911116272144	47453.972508	S	14.938080
00911403083288	47468.910588	W	0.006818
00911403214200	47468.917406	S	3.438051
00911469224788	47472.355458	W	0.006764
00911469354664	47472.362222	S	15.540312
00911767728648	47487.902534	W	0.006894
00911767861004	47487.909427	S	3.005890
00911825574088	47490.915317	W	0.006908
00911825706720	47490.922225	S	19.798835
00912205844356	47510.721060	W	0.006805
00912205975020	47510.727866	S	6.126614
00912323606012	47516.854480	W	0.005491
00912323711436	47516.859971	S	0.000881
00912323728356	47516.860852	W	0.156895
00912326740744	47517.017747	S	0.012928
00912326988968	47517.030675	W	0.006289
00912327109712	47517.036964	S	8.278324
00912486053536	47525.315288	W	0.006831
00912486184700	47525.322120	S	10.340167
00912684715916	47535.662287	W	0.006674
00912684844056	47535.668961	S	3.246206
00912747171212	47538.915167	W	0.006956
00912747304768	47538.922123	S	10.724834
00912953221588	47549.646958	W	0.006607
00912953348440	47549.653565	S	3.180443
00913014412940	47552.834007	W	0.006796
00913014543432	47552.840804	S	9.987369
00913206300916	47562.828173	W	0.006791
00913206431296	47562.834963	S	3.129114
00913266510284	47565.964077	W	0.006924
00913266643220	47565.971001	S	15.687747
00913567847956	47581.658748	W	0.006784
00913567978204	47581.665531	S	3.009321
00913625757164	47584.674852	W	0.006750
00913625886756	47584.681602	S	14.935756
00913912653272	47599.617358	W	0.006657
00913912781092	47599.624015	S	3.141142
00913973091016	47602.765157	W	0.006788
00913973221340	47602.771945	S	12.163784
00914206766000	47614.935729	W	0.005348
00914206868676	47614.941077	S	0.000752
00914206883108	47614.941829	W	0.157637
00914209909732	47615.099465	S	0.008072
00914210064720	47615.107538	W	0.015554
00914210363360	47615.123092	S	3.504840
00914277656284	47618.627931	W	0.006784
00914277786544	47618.634716	S	3.659128
00914348041808	47622.293844	W	0.006935
00914348174968	47622.300780	S	23.677316
00914802779436	47645.978096	W	0.006804
00914802910076	47645.984900	S	10.055556
00914995976752	47656.040456	W	0.006667
00914996104752	47656.047123	S	3.357505
00915060568844	47659.404627	W	0.006830
00915060699984	47659.411457	S	9.810277
00915249057312	47669.221735	W	0.006694
00915249185832	47669.228429	S	3.616309
00915318618972	47672.844738	W	0.006956
00915318752520	47672.851694	S	10.493318
00915520224220	47683.345011	W	0.006784
00915520354472	47683.351795	S	3.089984
00915579682164	47686.441779	W	0.006811
00915579812936	47686.448590	S	14.923678
00915866347544	47701.372268	W	0.006804
00915866478188	47701.379072	S	2.377232
00915912121044	47703.756304	W	0.005510
00915912226828	47703.761814	S	0.000678
00915912239852	47703.762492	W	0.136083
00915914852640	47703.898575	S	0.462702
00915923736520	47704.361277	W	0.016340
00915924050244	47704.377617	S	0.690963
00915937316728	47705.068580	W	0.014302
00915937591324	47705.082881	S	0.004837
00915937684200	47705.087719	W	0.005604
00915937791796	47705.093323	S	6.857423
00916069454324	47711.950746	W	0.004848
00916069547400	47711.955594	S	0.001483
00916069575872	47711.957077	W	0.198580
00916073388600	47712.155656	S	0.022452
00916073819684	47712.178109	W	0.014276
00916074093784	47712.192385	S	7.138504
00916211153064	47719.330889	W	0.006686
00916211281444	47719.337575	S	2.936661
00916267665340	47722.274236	W	0.006980
00916267799364	47722.281217	S	14.966259
00916555151540	47737.247476	W	0.006640
00916555279024	47737.254116	S	2.940201
00916611730892	47740.194317	W	0.006946
00916611864260	47740.201264	S	19.910778
00916994151204	47760.112042	W	0.006649
00916994278872	47760.118691	S	3.115550
00917054097424	47763.234241	W	0.006741
00917054226848	47763.240982	S	38.256893
00917788759192	47801.497875	W	0.006672
00917788887304	47801.504547	S	10.469976
00917989910844	47811.974523	W	0.005680
00917990019896	47811.980203	S	0.000712
00917990033572	47811.980915	W	0.165113
00917993203740	47812.146028	S	0.012901
00917993451440	47812.158929	W	0.006255
00917993571536	47812.165184	S	4.038149
00918071103996	47816.203333	W	0.006859
00918071235688	47816.210192	S	10.483148
00918272512132	47826.693340	W	0.006999
00918272646504	47826.700339	S	10.114738
00918466849476	47836.815077	W	0.006765
00918466979360	47836.821842	S	3.061055
00918525751616	47839.882897	W	0.006934
00918525884740	47839.889830	S	10.341825
00918724447772	47850.231655	W	0.006668
00918724575800	47850.238323	S	3.084657
00918783801216	47853.322980	W	0.006875
00918783933212	47853.329855	S	14.555663
00919063401944	47867.885518	W	0.006873
00919063533908	47867.892391	S	3.030409
00919121717752	47870.922800	W	0.006896
00919121850164	47870.929696	S	15.219101
00919414056908	47886.148797	W	0.006852
00919414188464	47886.155649	S	3.008443
00919471950572	47889.164092	W	0.006820
00919472081508	47889.170912	S	16.692454
00919792576632	47905.863366	W	0.168171
00919795805512	47906.031537	S	0.018325
00919796157344	47906.049862	W	0.005705
00919796266888	47906.055567	S	0.433185
00919804584032	47906.488752	W	0.006902
00919804716548	47906.495654	S	14.348095
00920080199968	47920.843748	W	0.006746
00920080329500	47920.850495	S	10.066826
00920273612560	47930.917321	W	0.006797
00920273743056	47930.924117	S	3.049348
00920332290544	47933.973466	W	0.007008
00920332425092	47933.980474	S	9.776748
00920520138644	47943.757221	W	0.006692
00920520267136	47943.763913	S	3.148476
00920580717880	47946.912390	W	0.006859
00920580849572	47946.919249	S	9.641286
00920765962264	47956.560535	W	0.006812
00920766093060	47956.567347	S	2.996635
00920823628456	47959.563982	W	0.006947
00920823761844	47959.570929	S	14.292828
00921098184148	47973.863758	W	0.006633
00921098311496	47973.870390	S	2.802225
00921152114216	47976.672615	W	0.006951
00921152247684	47976.679567	S	14.362136
00921428000700	47991.041703	W	0.006696
00921428129256	47991.048399	S	2.904742
00921483900312	47993.953141	W	0.006804
00921484030956	47993.959946	S	15.169720
00921775289580	48009.129666	W	0.006651
00921775417276	48009.136316	S	1.458374
00921803418060	48010.594691	W	0.005523
00921803524096	48010.600213	S	0.000649
00921803536556	48010.600862	W	0.081701
00921805105208	48010.682563	S	0.068442
00921806419296	48010.751005	W	0.014626
00921806700112	48010.765631	S	0.012600
00921806942028	48010.778231	W	0.014983
00921807229696	48010.793213	S	1.249295
00921831216152	48012.042508	W	0.006839
00921831347452	48012.049346	S	22.072175
00922255133212	48034.121521	W	0.006804
00922255263848	48034.128325	S	14.224806
00922528380120	48048.353131	W	0.006684
00922528508456	48048.359815	S	9.489625
00922710709256	48057.849440	W	0.006664
00922710837196	48057.856104	S	2.975865
00922767973796	48060.831969	W	0.006911
00922768106484	48060.838879	S	9.047238
00922941813452	48069.886117	W	0.006851
00922941944992	48069.892968	S	3.099788
00923001460924	48072.992756	W	0.006927
00923001593932	48072.999684	S	9.560268
00923185151076	48082.559952	W	0.006679
00923185279316	48082.566631	S	2.756489
00923238203908	48085.323120	W	0.006836
00923238335156	48085.329956	S	14.509947
00923516926140	48099.839903	W	0.006797
00923517056644	48099.846700	S	1.930282
00923554118052	48101.776982	W	0.005654
00923554226600	48101.782635	S	0.000650
00923554239088	48101.783286	W	0.515839
00923564143204	48102.299125	S	0.623891
00923576121916	48102.923016	W	0.016491
00923576438536	48102.939507	S	0.091849
00923578202040	48103.031356	W	0.013588
00923578462928	48103.044944	S	0.007902
00923578614652	48103.052846	W	0.005576
00923578721712	48103.058422	S	14.698122
00923860925652	48117.756544	W	0.006665
00923861053628	48117.763210	S	2.759952
00923914044704	48120.523162	W	0.007074
00923914180532	48120.530236	S	14.589551
00924194299908	48135.119787	W	0.006811
00924194430680	48135.126598	S	2.833337
00924248830752	48137.959935	W	0.006770
00924248960744	48137.966705	S	38.285568
00924984043644	48176.252273	W	0.006622
00924984170792	48176.258895	S	14.982736
00925271839320	48191.241631	W	0.007022
00925271974136	48191.248653	S	1.986974
00925310124032	48193.235627	W	0.004737
00925310214976	48193.240363	S	0.001480
00925310243392	48193.241843	W	0.154374
00925313207380	48193.396218	S	0.014994
00925313495256	48193.411211	W	0.014330
00925313770396	48193.425541	S	7.245937
00925452892388	48200.671479	W	0.006685
00925453020744	48200.678164	S	3.043214
00925511450452	48203.721378	W	0.006928
00925511583468	48203.728306	S	9.391136
00925691893284	48213.119442	W	0.006800
00925692023840	48213.126242	S	2.912300
00925747940004	48216.038542	W	0.006926
00925748072992	48216.045468	S	10.578623
00925951182560	48226.624092	W	0.006645
00925951310144	48226.630737	S	3.021733
00926009327416	48229.652470	W	0.006976
00926009461356	48229.659446	S	15.167853
00926300684136	48244.827299	W	0.006844
00926300815544	48244.834143	S	2.738248
00926353389912	48247.572391	W	0.006898
00926353522356	48247.579289	S	15.072606
00926642916396	48262.651896	W	0.007013
00926643051048	48262.658909	S	2.972287
00926700118956	48265.631196	W	0.006860
00926700250660	48265.638055	S	18.502423
00927055497188	48284.140479	W	0.006794
00927055627624	48284.147272	S	9.267416
00927233562012	48293.414688	W	0.005717
00927233671776	48293.420405	S	0.000899
00927233689028	48293.421304	W	0.154984
00927236664724	48293.576288	S	0.005231
00927236765152	48293.581518	W	0.006581
00927236891512	48293.588100	S	5.003944
00927332967228	48298.592043	W	0.007029
00927333102176	48298.599072	S	9.573988
00927516922748	48308.173060	W	0.006620
00927517049856	48308.179680	S	2.742210
00927569700296	48310.921890	W	0.006894
00927569832656	48310.928784	S	10.393541
00927769388648	48321.322325	W	0.006635
00927769516036	48321.328960	S	3.182929
00927830628264	48324.511889	W	0.007043
00927830763492	48324.518932	S	9.739990
00928017771292	48334.258921	W	0.006687
00928017899688	48334.265609	S	2.896116
00928073505112	48337.161725	W	0.006834
00928073636328	48337.168559	S	15.510274
00928371433592	48352.678833	W	0.006818
00928371564492	48352.685651	S	2.865963
00928426590984	48355.551614	W	0.006754
00928426720656	48355.558368	S	15.319053
00928720846476	48370.877421	W	0.006791
00928720976860	48370.884211	S	2.914358
00928776932532	48373.798569	W	0.006947
00928777065924	48373.805517	S	14.421593
00929053960516	48388.227110	W	0.005517
00929054066448	48388.232628	S	0.000731
00929054080492	48388.233359	W	0.157878
00929057111740	48388.391236	S	0.011339
00929057329456	48388.402576	W	0.006121
00929057446972	48388.408696	S	0.178003
00929060864632	48388.586700	W	0.006748
00929060994192	48388.593448	S	2.644923
00929111776720	48391.238371	W	0.007036
00929111911816	48391.245407	S	23.578778
00929564624356	48414.824185	W	0.006988
00929564758524	48414.831173	S	10.096686
00929758614896	48424.927859	W	0.006794
00929758745344	48424.934653	S	2.936663
00929815129268	48427.871316	W	0.006854
00929815260868	48427.878170	S	2.887889
00929870708336	48430.766059	W	0.006894
00929870840696	48430.772953	S	9.158014
00930046674564	48439.930967	W	0.006884
00930046806744	48439.937851	S	31.281838
00930647418032	48471.219689	W	0.006672
00930647546128	48471.226361	S	9.664552
00930833105536	48480.890913	W	0.005612
00930833213280	48480.896525	S	0.000977
00930833232044	48480.897502	W	0.401436
00930840939620	48481.298939	S	0.834202
00930856956308	48482.133141	W	0.014660
00930857237772	48482.147801	S	0.007043
00930857372996	48482.154844	W	0.006109
00930857490284	48482.160952	S	3.630373
00930927193448	48485.791325	W	0.006926
00930927326420	48485.798251	S	9.910710
00931117612048	48495.708961	W	0.006746
00931117741580	48495.715707	S	3.195255
00931179090484	48498.910963	W	0.006826
00931179221552	48498.917789	S	11.099034
00931392323004	48510.016823	W	0.006670
00931392451064	48510.023493	S	3.294136
00931455698468	48513.317629	W	0.006714
00931455827376	48513.324342	S	10.335098
00931654261256	48523.659440	W	0.006805
00931654391920	48523.666246	S	3.084849
00931713621020	48526.751095	W	0.006829
00931713752128	48526.757923	S	14.961454
00932001012040	48541.719377	W	0.006799
00932001142580	48541.726176	S	3.272063
00932063966184	48544.998239	W	0.006945
00932064099520	48545.005183	S	14.958785
00932351308192	48559.963968	W	0.006782
00932351438404	48559.970750	S	3.900565
00932426329244	48563.871315	W	0.006807
00932426459936	48563.878122	S	11.608105
00932649335556	48575.486227	W	0.005319
00932649437676	48575.491546	S	0.000732
00932649451724	48575.492277	W	0.154168
00932652411748	48575.646445	S	0.012470
00932652651172	48575.658915	W	0.006018
00932652766720	48575.664933	S	2.931243
00932709046584	48578.596176	W	0.006744
00932709176064	48578.602920	S	38.960794
00933457223308	48617.563714	W	0.006777
00933457353432	48617.570491	S	15.420059
00933753418568	48632.990550	W	0.006916
00933753551364	48632.997467	S	10.241080
00933950180104	48643.238547	W	0.007007
00933950314640	48643.245554	S	9.658047
00934135749136	48652.903601	W	0.006642
00934135876672	48652.910243	S	3.289239
00934199030060	48656.199482	W	0.006966
00934199163800	48656.206448	S	10.035392
00934391843332	48666.241840	W	0.006846
00934391974768	48666.248686	S	14.748759
00934675150932	48680.997444	W	0.006676
00934675279108	48681.004120	S	3.356164
00934739717464	48684.360285	W	0.006923
00934739850392	48684.367208	S	16.398157
00935054695004	48700.765365	W	0.006747
00935054824548	48700.772112	S	3.416984
00935120430632	48704.189095	W	0.006935
00935120563784	48704.196030	S	18.475831
00935475299748	48722.671862	W	0.005178
00935475399160	48722.677040	S	0.000633
00935475411304	48722.677672	W	0.157811
00935478441280	48722.835483	S	0.009479
00935478623268	48722.844962	W	0.014965
00935478910600	48722.859927	S	0.580638
00935490058840	48723.440565	W	0.006565
00935490184888	48723.447130	S	14.823129
00935774788956	48738.270258	W	0.006884
00935774921132	48738.277142	S	10.492001
00935976367548	48748.769143	W	0.006897
00935976499980	48748.776041	S	3.424145
00936042243568	48752.200186	W	0.006859
00936042375268	48752.207045	S	10.348325
00936241063112	48762.555370	W	0.006787
00936241193420	48762.562157	S	9.948903
00936432212348	48772.511060	W	0.006775
00936432342432	48772.517835	S	3.512052
00936499773824	48776.029887	W	0.006950
00936499907268	48776.036837	S	14.967759
00936787288240	48791.004596	W	0.006910
00936787420912	48791.011506	S	14.780762
00937071211544	48805.792268	W	0.006661
00937071339428	48805.798929	S	3.189807
00937132583728	48808.988736	W	0.006728
00937132712904	48808.995464	S	14.995620
00937420628812	48823.991084	W	0.006885
00937420760996	48823.997969	S	3.411747
00937486266540	48827.409716	W	0.006954
00937486400060	48827.416670	S	0.712556
00937500081132	48828.129226	W	0.004612
00937500169688	48828.133838	S	0.001581
00937500200048	48828.135419	W	0.163307
00937503335536	48828.298726	S	0.026866
00937503851368	48828.325592	W	0.013977
00937504119732	48828.339569	S	0.004847
00937504212796	48828.344416	W	0.005643
00937504321144	48828.350060	S	22.741999
00937940967528	48851.092059	W	0.006672
00937941095624	48851.098730	S	14.850846
00938226231860	48865.949576	W	0.006866
00938226363688	48865.956442	S	10.174189
00938421708112	48876.130631	W	0.006779
00938421838264	48876.137410	S	3.102775
00938481411544	48879.240185	W	0.006883
00938481543692	48879.247067	S	9.423491
00938662474712	48888.670558	W	0.006799
00938662605248	48888.677357	S	3.372796
00938727362932	48892.050153	W	0.006816
00938727493792	48892.056968	S	9.328906
00938906608792	48901.385875	W	0.006800
00938906739360	48901.392675	S	3.283607
00938969784616	48904.676282	W	0.006800
00938969915172	48904.683082	S	14.679375
00939251759168	48919.362457	W	0.006668
00939251887192	48919.369125	S	3.070230
00939310835608	48922.439355	W	0.006802
00939310966212	48922.446157	S	14.505570
00939589473156	48936.951727	W	0.006790
00939589603520	48936.958517	S	2.910932
00939645493408	48939.869448	W	0.006823
00939645624404	48939.876271	S	15.103356
00939935608836	48954.979627	W	0.006769
00939935738792	48954.986395	S	0.520743
00939945737056	48955.507138	W	0.005928
00939945850876	48955.513066	S	0.001031
00939945870668	48955.514097	W	0.585183
00939957106180	48956.099280	S	0.649543
00939969577412	48956.748824	W	0.014738
00939969860384	48956.763562	S	0.014690
00939970142424	48956.778251	W	0.014664
00939970423968	48956.792915	S	1.165212
00939992796032	48957.958127	W	0.006870
00939992927944	48957.964997	S	37.583830
00940714537484	48995.548827	W	0.006682
00940714665776	48995.555509	S	14.563685
00940994288536	49010.119195	W	0.006831
00940994419696	49010.126026	S	11.384021
00941212992896	49021.510047	W	0.006633
00941213120252	49021.516680	S	3.322902
00941276919976	49024.839582	W	0.006879
00941277052056	49024.846461	S	11.488183
00941497625168	49036.334644	W	0.006645
00941497752760	49036.341290	S	3.366507
00941562389704	49039.707797	W	0.006877
00941562521744	49039.714674	S	7.954436
00941715246912	49047.669110	W	0.005406
00941715350708	49047.674516	S	0.000746
00941715365024	49047.675262	W	0.156085
00941718361856	49047.831347	S	0.010908
00941718571280	49047.842254	W	0.014910
00941718857552	49047.857164	S	2.596091
00941768702496	49050.453255	W	0.006728
00941768831668	49050.459983	S	3.168592
00941829668636	49053.628575	W	0.006829
00941829799752	49053.635404	S	14.517103
00942108528120	49068.152506	W	0.006687
00942108656516	49068.159194	S	2.908457
00942164498896	49071.067651	W	0.006891
00942164631212	49071.074542	S	14.367256
00942440482528	49085.441798	W	0.006781
00942440612720	49085.448579	S	3.071008
00942499576076	49088.519587	W	0.007017
00942499710796	49088.526604	S	22.825762
00942937965420	49111.352366	W	0.006664
00942938093376	49111.359030	S	14.600051
00943218414360	49125.959081	W	0.006883
00943218546508	49125.965964	S	10.069594
00943411882708	49136.035558	W	0.006673
00943412010824	49136.042230	S	3.186419
00943473190076	49139.228650	W	0.006864
00943473321856	49139.235513	S	4.396751
00943557739472	49143.632264	W	0.004816
00943557831932	49143.637080	S	0.001471
00943557860180	49143.638551	W	0.060135
00943559014780	49143.698686	S	0.296417
00943564705980	49143.995103	W	0.013851
00943564971928	49144.008955	S	0.014487
00943565250072	49144.023441	W	0.014133
00943565521432	49144.037575	S	4.759294
00943656899876	49148.796869	W	0.006653
00943657027604	49148.803521	S	3.232369
00943719089080	49152.035890	W	0.006677
00943719217280	49152.042567	S	9.252925
00943896873436	49161.295491	W	0.006796
00943897003916	49161.302287	S	3.213151
00943958696420	49164.515439	W	0.006936
00943958829588	49164.522374	S	14.681020
00944240705176	49179.203395	W	0.006673
00944240833300	49179.210068	S	3.538737
00944308777060	49182.748805	W	0.006873
00944308909024	49182.755678	S	14.142970
00944580454048	49196.898648	W	0.006656
00944580581836	49196.905304	S	3.123325
00944640549676	49200.028629	W	0.007065
00944640685324	49200.035694	S	15.425598
00944936856804	49215.461292	W	0.006767
00944936986724	49215.468059	S	3.125676
00944996999704	49218.593735	W	0.006868
00944997131576	49218.600603	S	23.040627
00945439511620	49241.641230	W	0.006784
00945439641876	49241.648014	S	0.021777
00945440060000	49241.669792	W	0.004621
00945440148724	49241.674413	S	0.001525
00945440178004	49241.675938	W	0.223001
00945444459620	49241.898939	S	0.071713
00945445836508	49241.970651	W	0.013919
00945446103744	49241.984570	S	0.007555
00945446248808	49241.992125	W	0.004805
00945446341060	49241.996930	S	9.948850
00945637358984	49251.945780	W	0.006683
00945637487304	49251.952464	S	3.435980
00945703458124	49255.388444	W	0.006748
00945703587692	49255.395192	S	10.032540
00945896212464	49265.427733	W	0.006809
00945896343196	49265.434541	S	2.923748
00945952479164	49268.358290	W	0.006837
00945952610444	49268.365127	S	9.939183
00946143442764	49278.304311	W	0.006646
00946143570376	49278.310957	S	3.807271
00946216669980	49282.118228	W	0.006793
00946216800412	49282.125021	S	6.613613
00946343781776	49288.738634	W	0.004009
00946343858740	49288.742643	S	0.000920
00946343876396	49288.743562	W	0.555087
00946354534064	49289.298649	S	3.536534
00946422435512	49292.835183	W	3.704332
00946493558692	49296.539515	S	2.537607
00946542280748	49299.077122	W	0.015386
00946542576164	49299.092509	S	16.168979
00946853020560	49315.261487	W	0.015304
00946853314392	49315.276791	S	3.318315
00946917026036	49318.595106	W	0.016402
00946917340952	49318.611508	S	0.585272
00946928578176	49319.196780	W	0.013973
00946928846452	49319.210753	S	0.001623
00946928877604	49319.212375	W	0.005766
00946928988316	49319.218141	S	14.641352
00947210102268	49333.859493	W	0.006630
00947210229568	49333.866123	S	3.128736
00947270301304	49336.994860	W	0.006914
00947270434056	49337.001774	S	8.227141
00947428395164	49345.228915	W	0.004730
00947428485980	49345.233645	S	0.001500
00947428514776	49345.235145	W	0.193016
00947432220680	49345.428160	S	0.017184
00947432550616	49345.445345	W	0.014293
00947432825044	49345.459638	S	10.991742
00947643866484	49356.451379	W	0.006670
00947643994556	49356.458050	S	3.096660
00947703450432	49359.554710	W	0.006751
00947703580056	49359.561461	S	38.161052
00948436272264	49397.722514	W	0.006750
00948436401864	49397.729264	S	14.456963
00948713975556	49412.186227	W	0.006762
00948714105384	49412.192989	S	10.170757
00948909383924	49422.363746	W	0.006789
00948909514280	49422.370535	S	3.264022
00948972183504	49425.634558	W	0.006869
00948972315388	49425.641426	S	9.432906
00949153427192	49435.074333	W	0.006665
00949153555160	49435.080998	S	3.353536
00949217943052	49438.434534	W	0.006883
00949218075208	49438.441417	S	10.409507
00949417937744	49448.850924	W	0.006659
00949418065588	49448.857583	S	0.328352
00949424369940	49449.185934	W	0.005520
00949424475928	49449.191455	S	0.000652
00949424488448	49449.192107	W	0.148211
00949427334104	49449.340318	S	0.021702
00949427750780	49449.362020	W	0.015237
00949428043332	49449.377257	S	2.328694
00949472754252	49451.705951	W	0.006749
00949472883832	49451.712700	S	14.736925
00949755832788	49466.449624	W	0.006615
00949755959804	49466.456240	S	3.017085
00949813887844	49469.473325	W	0.006786
00949814018132	49469.480111	S	14.133653
00950085384260	49483.613764	W	0.006725
00950085513372	49483.620488	S	15.154936
00950376488136	49498.775424	W	0.006812
00950376618924	49498.782236	S	3.175093
00950437580704	49501.957328	W	0.006800
00950437711256	49501.964128	S	23.963787
00950897815968	49525.927915	W	0.006650
00950897943652	49525.934565	S	14.572464
00951177734964	49540.507029	W	0.007008
00951177869512	49540.514037	S	1.179125
00951200508704	49541.693162	W	0.004822
00951200601280	49541.697983	S	0.001483
00951200629756	49541.699466	W	0.161156
00951203723948	49541.860622	S	0.020125
00951204110340	49541.880747	W	0.005647
00951204218756	49541.886394	S	8.521473
00951367831032	49550.407866	W	0.006668
00951367959052	49550.414534	S	2.891065
00951423467508	49553.305599	W	0.006999
00951423601880	49553.312598	S	10.276504
00951620910756	49563.589102	W	0.006790
00951621041132	49563.595892	S	3.150606
00951681532764	49566.746498	W	0.006838
00951681664060	49566.753336	S	10.252373
00951878509620	49577.005709	W	0.006882
00951878641756	49577.012591	S	3.034028
00951936895096	49580.046620	W	0.006879
00951937027168	49580.053498	S	14.841509
00952221984136	49594.895007	W	0.006691
00952222112596	49594.901698	S	3.695090
00952293058320	49598.596787	W	0.006826
00952293189388	49598.603614	S	14.886646
00952579012984	49613.490260	W	0.006758
00952579142744	49613.497018	S	3.020233
00952637131208	49616.517250	W	0.006924
00952637264144	49616.524174	S	15.090699
00952927005572	49631.614874	W	0.006786
00952927135856	49631.621659	S	3.125087
00952987137520	49634.746746	W	0.006796
00952987268008	49634.753542	S	8.726275
00953154812496	49643.479818	W	0.219125
00953159019688	49643.698942	S	1.086695
00953179884232	49644.785637	W	0.014313
00953180159036	49644.799950	S	0.022459
00953180590244	49644.822409	W	0.005631
00953180698368	49644.828040	S	12.406757
00953418908108	49657.234797	W	0.006678
00953419036324	49657.241475	S	14.624791
00953699832308	49671.866266	W	0.007080
00953699968252	49671.873346	S	10.349353
00953898675820	49682.222699	W	0.006792
00953898806228	49682.229491	S	3.415745
00953964388540	49685.645236	W	0.006886
00953964520744	49685.652122	S	9.751808
00954151755464	49695.403930	W	0.006696
00954151884024	49695.410626	S	2.855929
00954206717852	49698.266555	W	0.007012
00954206852476	49698.273566	S	10.547654
00954409367432	49708.821220	W	0.006815
00954409498288	49708.828036	S	3.047163
00954468003816	49711.875199	W	0.006812
00954468134600	49711.882010	S	14.827855
00954752829416	49726.709865	W	0.006668
00954752957448	49726.716534	S	3.080109
00954812095532	49729.796642	W	0.007073
00954812231336	49729.803715	S	15.501329
00955109856848	49745.305044	W	0.006940
00955109990088	49745.311984	S	3.200672
00955171442996	49748.512656	W	0.006989
00955171577192	49748.519645	S	13.001770
00955421211172	49761.521415	W	0.005425
00955421315340	49761.526841	S	0.000462
00955421324204	49761.527302	W	0.175639
00955424696476	49761.702941	S	0.022701
00955425132340	49761.725643	W	0.013724
00955425395844	49761.739367	S	1.455031
00955453332440	49763.194398	W	0.006641
00955453459948	49763.201039	S	3.223869
00955515358240	49766.424908	W	0.006968
00955515492024	49766.431876	S	37.428965
00956234128148	49803.860841	W	0.006806
00956234258816	49803.867647	S	14.887024
00956520089684	49818.754671	W	0.007068
00956520225384	49818.761739	S	9.269682
00956698203280	49828.031421	W	0.006710
00956698332104	49828.038130	S	3.187596
00956759533944	49831.225726	W	0.006913
00956759666672	49831.232639	S	10.109443
00956953767972	49841.342082	W	0.006683
00956953896288	49841.348765	S	3.157274
00957014515944	49844.506039	W	0.006830
00957014647080	49844.512869	S	9.189078
00957191077372	49853.701946	W	0.006800
00957191207940	49853.708747	S	2.363998
00957236596704	49856.072745	W	0.005540
00957236703072	49856.078285	S	0.000836
00957236719128	49856.079121	W	0.167525
00957239935612	49856.246646	S	0.014906
00957240221812	49856.261553	W	0.014553
00957240501224	49856.276105	S	0.390001
00957247989240	49856.666106	W	0.006748
00957248118804	49856.672854	S	15.430415
00957544382772	49872.103269	W	0.006803
00957544513392	49872.110072	S	2.975326
00957601639644	49875.085398	W	0.006803
00957601770264	49875.092201	S	14.503736
00957880241996	49889.595937	W	0.006960
00957880375620	49889.602897	S	3.072418
00957939366044	49892.675315	W	0.006928
00957939499064	49892.682243	S	17.391511
00958273416068	49910.073754	W	0.006660
00958273543940	49910.080414	S	14.112148
00958544497176	49924.192561	W	0.006868
00958544629036	49924.199429	S	10.589540
00958747948204	49934.788969	W	0.006675
00958748076360	49934.795644	S	3.156774
00958808686412	49937.952417	W	0.006927
00958808819408	49937.959344	S	8.420731
00958970497452	49946.380076	W	0.005389
00958970600916	49946.385464	S	0.000746
00958970615248	49946.386211	W	0.174494
00958973965532	49946.560705	S	0.009413
00958974146252	49946.570117	W	0.015044
00958974435104	49946.585162	S	1.150542
00958996525504	49947.735703	W	0.006939
00958996658724	49947.742642	S	2.851494
00959051407416	49950.594136	W	0.006902
00959051539944	49950.601039	S	9.267847
00959229482604	49959.868886	W	0.006866
00959229614432	49959.875752	S	2.880065
00959284911688	49962.755817	W	0.006828
00959285042788	49962.762645	S	15.101110
00959574984096	49977.863755	W	0.006902
00959575116620	49977.870657	S	15.062783
00959864322052	49992.933440	W	0.006800
00959864452612	49992.940240	S	3.405259
00959929833576	49996.345499	W	0.006874
00959929965560	49996.352373	S	14.701092
00960212226520	50011.053465	W	0.006936
00960212359696	50011.060401	S	2.893530
00960267915472	50013.953931	W	0.006832
00960268046644	50013.960763	S	23.224737
00960713961592	50037.185500	W	0.006762
00960714091424	50037.192262	S	3.719440
00960785504668	50040.911701	W	0.004803
00960785596876	50040.916504	S	0.001500
00960785625672	50040.918004	W	1.273102
00960810069224	50042.191105	S	0.012764
00960810314296	50042.203870	W	0.006335
00960810435932	50042.210205	S	4.621671
00960899172016	50046.831876	W	0.006678
00960899300224	50046.838553	S	2.786328
00960952797712	50049.624881	W	0.006889
00960952929988	50049.631770	S	9.366133
00961132759736	50058.997903	W	0.006644
00961132887304	50059.004547	S	2.960109
00961189721392	50061.964656	W	0.006973
00961189855280	50061.971629	S	9.741508
00961376892232	50071.713137	W	0.006730
00961377021440	50071.719867	S	3.044748
00961435480608	50074.764615	W	0.006956
00961435614168	50074.771571	S	15.135493
00961726215636	50089.907064	W	0.006786
00961726345936	50089.913851	S	3.237067
00961788497628	50093.150918	W	0.006854
00961788629216	50093.157772	S	15.584508
00962087851772	50108.742280	W	0.006671
00962087979856	50108.748951	S	3.124945
00962147978800	50111.873896	W	0.006918
00962148111620	50111.880814	S	14.981504
00962435756496	50126.862318	W	0.006855
00962435888112	50126.869173	S	3.081037
00962495044016	50129.950209	W	0.006851
00962495175560	50129.957060	S	9.508134
00962677731724	50139.465194	W	0.004828
00962677824428	50139.470022	S	0.001476
00962677852764	50139.471498	W	0.179793
00962681304796	50139.651291	S	0.019344
00962681676208	50139.670636	W	0.005448
00962681780812	50139.676084	S	9.787458
00962869700008	50149.463542	W	0.006790
00962869830384	50149.470333	S	3.034531
00962928093372	50152.504863	W	0.006958
00962928226964	50152.511821	S	38.882850
00963674777676	50191.394671	W	0.006627
00963674904924	50191.401298	S	14.233411
00963948186408	50205.634709	W	0.006952
00963948319880	50205.641660	S	9.724887
00964135037716	50215.366548	W	0.006633
00964135165060	50215.373180	S	2.891495
00964190681768	50218.264675	W	0.006869
00964190813644	50218.271544	S	10.276295
00964388118504	50228.547839	W	0.006808
00964388249216	50228.554647	S	3.469240
00964454858624	50232.023887	W	0.006956
00964454992188	50232.030843	S	10.098090
00964648875524	50242.128934	W	0.005475
00964648980652	50242.134409	S	0.000607
00964648992300	50242.135016	W	0.162837
00964652118768	50242.297852	S	0.010207
00964652314740	50242.308059	W	0.005830
00964652426668	50242.313889	S	0.357266
00964659286172	50242.671155	W	0.006709
00964659414988	50242.677864	S	3.596760
00964728472776	50246.274624	W	0.006774
00964728602844	50246.281398	S	15.367656
00965023661848	50261.649055	W	0.006827
00965023792920	50261.655881	S	2.858697
00965078679904	50264.514578	W	0.006914
00965078812660	50264.521493	S	15.810799
00965382379996	50280.332291	W	0.006694
00965382508520	50280.338985	S	2.884924
00965437899052	50283.223909	W	0.006968
00965438032844	50283.230877	S	2.560247
00965487189580	50285.791124	W	0.007117
00965487326236	50285.798241	S	8.655905
00965653519616	50294.454147	W	0.006766
00965653649524	50294.460913	S	36.483959
00966354141532	50330.944871	W	0.006643
00966354269072	50330.951514	S	5.091236
00966452020808	50336.042750	W	0.055879
00966453093684	50336.098629	S	0.123693
00966455468588	50336.222322	W	0.015056
00966455757660	50336.237378	S	0.008086
00966455912916	50336.245464	W	0.006628
00966456040168	50336.252092	S	9.220519
00966633074124	50345.472611	W	0.006983
00966633208196	50345.479594	S	9.714424
00966819725128	50355.194017	W	0.006630
00966819852416	50355.200647	S	3.393179
00966885001456	50358.593826	W	0.006807
00966885132152	50358.600633	S	10.235954
00967081662464	50368.836587	W	0.006654
00967081790228	50368.843241	S	3.020296
00967139779920	50371.863538	W	0.006912
00967139912632	50371.870450	S	10.148136
00967334756852	50382.018586	W	0.006809
00967334887584	50382.025395	S	3.137051
00967395118972	50385.162446	W	0.006902
00967395251496	50385.169349	S	14.931820
00967681942448	50400.101169	W	0.006795
00967682072920	50400.107965	S	2.965362
00967739007880	50403.073327	W	0.006822
00967739138868	50403.080149	S	14.480913
00968017172396	50417.561062	W	0.006700
00968017301040	50417.567763	S	2.941453
00968073776932	50420.509215	W	0.006695
00968073905468	50420.515910	S	14.297798
00968348423196	50434.813708	W	0.006624
00968348550384	50434.820332	S	0.343547
00968355146484	50435.163879	W	0.005520
00968355252460	50435.169399	S	0.000655
00968355265040	50435.170054	W	0.929038
00968373102568	50436.099092	S	0.299946
00968378861532	50436.399038	W	0.014465
00968379139264	50436.413503	S	0.010947
00968379349452	50436.424451	W	0.014949
00968379636480	50436.439400	S	1.344467
00968405450248	50437.783867	W	0.006721
00968405579300	50437.790589	S	23.358358
00968854059764	50461.148946	W	0.006670
00968854187824	50461.155616	S	14.074349
00969124415328	50475.229965	W	0.006918
00969124548148	50475.236883	S	10.114654
00969318749504	50485.351537	W	0.006679
00969318877732	50485.358215	S	2.983730
00969376165340	50488.341945	W	0.006907
00969376297960	50488.348852	S	10.184617
00969571842600	50498.533469	W	0.006774
00969571972660	50498.540243	S	3.402547
00969637301560	50501.942790	W	0.006955
00969637435088	50501.949744	S	10.009665
00969829620652	50511.959409	W	0.006691
00969829749120	50511.966100	S	2.935670
00969886113992	50514.901770	W	0.006970
00969886247808	50514.908740	S	12.616764
00970128489680	50527.525504	W	0.005452
00970128594356	50527.530956	S	0.000811
00970128609924	50527.531767	W	0.166127
00970131799556	50527.697894	S	0.014882
00970132085292	50527.712776	W	0.006444
00970132209008	50527.719219	S	2.724149
00970184512672	50530.443368	W	0.006753
00970184642336	50530.450122	S	3.192710
00970245942364	50533.642831	W	0.006888
00970246074612	50533.649719	S	14.928225
00970532696540	50548.577945	W	0.006697
00970532825128	50548.584642	S	2.798223
00970586551016	50551.382865	W	0.006974
00970586684912	50551.389839	S	14.458701
00970864291964	50565.848540	W	0.006680
00970864420220	50565.855220	S	2.986506
00970921761136	50568.841726	W	0.006860
00970921892840	50568.848585	S	37.324460
00971638522468	50606.173045	W	0.006639
00971638649936	50606.179684	S	15.282951
00971932082588	50621.462635	W	0.006795
00971932213056	50621.469430	S	1.841045
00971967561112	50623.310475	W	0.004714
00971967651612	50623.315188	S	0.001489
00971967680200	50623.316677	W	0.183846
00971971210048	50623.500523	S	0.011385
00971971428636	50623.511908	W	0.005712
00971971538312	50623.517620	S	8.713306
00972138833784	50632.230926	W	0.006816
00972138964656	50632.237743	S	3.463577
00972205465336	50635.701320	W	0.006751
00972205594948	50635.708070	S	10.147537
00972400427652	50645.855607	W	0.006631
00972400554968	50645.862238	S	2.969684
00972457572900	50648.831922	W	0.006720
00972457701920	50648.838642	S	9.755618
00972645009780	50658.594259	W	0.006629
00972645137056	50658.600888	S	3.042197
00972703547244	50661.643086	W	0.006820
00972703678192	50661.649906	S	14.833501
00972988481420	50676.483407	W	0.006629
00972988608692	50676.490036	S	3.379668
00973053498312	50679.869704	W	0.006799
00973053628860	50679.876503	S	15.188202
00973345242336	50695.064705	W	0.006664
00973345370276	50695.071369	S	3.039889
00973403736152	50698.111258	W	0.006808
00973403866872	50698.118066	S	18.149912
00973752345176	50716.267978	W	0.006644
00973752472736	50716.274622	S	9.049114
00973926215720	50725.323735	W	0.005547
00973926322220	50725.329282	S	0.000651
00973926334728	50725.329934	W	0.154795
00973929306796	50725.484729	S	0.013236
00973929560924	50725.497965	W	0.015051
00973929849896	50725.513015	S	4.919736
00974024308836	50730.432752	W	0.006936
00974024442000	50730.439688	S	9.998811
00974216419176	50740.438499	W	0.006658
00974216547000	50740.445156	S	3.415667
00974282127804	50743.860823	W	0.006794
00974282258252	50743.867617	S	9.646308
00974467467372	50753.513926	W	0.006742
00974467596824	50753.520668	S	3.471608
00974534251700	50756.992276	W	0.006825
00974534382748	50756.999101	S	9.197314
00974710971176	50766.196415	W	0.006881
00974711103296	50766.203297	S	3.599160
00974780207164	50769.802456	W	0.006904
00974780339712	50769.809360	S	14.309386
00975055079920	50784.118746	W	0.006878
00975055211972	50784.125624	S	2.945256
00975111760888	50787.070880	W	0.006947
00975111894264	50787.077826	S	15.571084
00975410859076	50802.648910	W	0.006688
00975410987480	50802.655598	S	3.132965
00975471140416	50805.788563	W	0.006794
00975471270856	50805.795357	S	14.363601
00975747051992	50820.158958	W	0.005273
00975747153236	50820.164231	S	0.000556
00975747163904	50820.164787	W	0.334181
00975753580176	50820.498968	S	0.039278
00975754334312	50820.538245	W	0.015913
00975754639848	50820.554159	S	0.870059
00975771344988	50821.424218	W	0.015526
00975771643084	50821.439744	S	0.011713
00975771867976	50821.451457	W	0.006434
00975771991504	50821.457891	S	1.924165
00975808935472	50823.382056	W	0.006880
00975809067560	50823.388935	S	22.385841
00976238875708	50845.774776	W	0.006666
00976239003692	50845.781442	S	14.250782
00976512618716	50860.032225	W	0.006919
00976512751560	50860.039144	S	9.888236
00976702605700	50869.927380	W	0.006791
00976702736092	50869.934171	S	3.054655
00976761385476	50872.988827	W	0.006729
00976761514676	50872.995556	S	9.767064
00976949042308	50882.762620	W	0.006781
00976949172512	50882.769402	S	3.019528
00977007147452	50885.788930	W	0.006808
00977007278172	50885.795738	S	9.271547
00977185291880	50895.067285	W	0.006962
00977185425544	50895.074247	S	3.514641
00977252906656	50898.588888	W	0.006822
00977253037636	50898.595710	S	14.547241
00977532344664	50913.142951	W	0.005513
00977532450504	50913.148464	S	0.000673
00977532463432	50913.149137	W	0.159940
00977535534272	50913.309077	S	0.011725
00977535759388	50913.320801	W	0.014976
00977536046920	50913.335777	S	0.649398
00977548515356	50913.985175	W	0.006740
00977548644764	50913.991915	S	3.319996
00977612388692	50917.311911	W	0.006836
00977612519952	50917.318748	S	15.262339
00977905556860	50932.581086	W	0.006679
00977905685096	50932.587765	S	2.962615
00977962567308	50935.550381	W	0.006926
00977962700280	50935.557306	S	16.010458
00978270101064	50951.567764	W	0.006877
00978270233100	50951.574641	S	3.325438
00978334081508	50954.900079	W	0.006899
00978334213976	50954.906978	S	37.230601
00979049041524	50992.137579	W	0.006809
00979049172252	50992.144388	S	14.283401
00979323413544	51006.427789	W	0.006752
00979323543176	51006.434540	S	0.853049
00979339921712	51007.287589	W	0.004916
00979340016108	51007.292506	S	0.001494
00979340044792	51007.294000	W	0.160322
00979343122976	51007.454322	S	0.015153
00979343413908	51007.469474	W	0.005673
00979343522828	51007.475147	S	8.976326
00979515868292	51016.451474	W	0.006765
00979515998172	51016.458238	S	3.089785
00979575322040	51019.548023	W	0.006762
00979575451876	51019.554785	S	10.239258
00979772045624	51029.794043	W	0.006795
00979772176088	51029.800838	S	3.030682
00979830365180	51032.831520	W	0.006850
00979830496708	51032.838370	S	9.786291
00980018393496	51042.624661	W	0.006719
00980018522496	51042.631380	S	2.999814
00980076118916	51045.631194	W	0.006891
00980076251232	51045.638085	S	16.168497
00980386686376	51061.806582	W	0.006690
00980386814832	51061.813273	S	3.018102
00980444762384	51064.831374	W	0.006748
00980444891936	51064.838122	S	14.995913
00980732813464	51079.834035	W	0.006993
00980732947736	51079.841028	S	3.060362
00980791706692	51082.901390	W	0.006870
00980791838592	51082.908260	S	19.338118
00981163130456	51102.246378	W	0.006822
00981163261432	51102.253200	S	6.972135
00981297126416	51109.225334	W	0.005489
00981297231804	51109.230823	S	0.000667
00981297244612	51109.231490	W	0.067240
00981298535620	51109.298730	S	0.126274
00981300960076	51109.425004	W	0.014828
00981301244768	51109.439832	S	0.014957
00981301531936	51109.454788	W	0.006163
00981301650268	51109.460951	S	7.680033
00981449106892	51117.140984	W	0.006801
00981449237468	51117.147785	S	10.565925
00981652103228	51127.713710	W	0.006755
00981652232920	51127.720465	S	3.039080
00981710583256	51130.759545	W	0.006736
00981710712588	51130.766281	S	10.314029
00981908741936	51141.080309	W	0.006816
00981908872804	51141.087125	S	3.579749
00981977603992	51144.666875	W	0.006781
00981977734192	51144.673656	S	10.109242
00982171831640	51154.782898	W	0.006644
00982171959200	51154.789542	S	2.990810
00982229382756	51157.780352	W	0.006893
00982229515100	51157.787245	S	14.885005
00982515307200	51172.672250	W	0.006637
00982515434632	51172.678887	S	3.521423
00982583045952	51176.200310	W	0.006888
00982583178192	51176.207197	S	14.894272
00982869148224	51191.101470	W	0.006621
00982869275356	51191.108091	S	3.003025
00982926933444	51194.111117	W	0.006790
00982927063808	51194.117907	S	12.737634
00983171626372	51206.855540	W	0.004262
00983171708208	51206.859803	S	0.000801
00983171723580	51206.860603	W	0.038238
00983172457752	51206.898841	S	1.215580
00983195796880	51208.114421	W	0.013632
00983196058612	51208.128053	S	0.007849
00983196209308	51208.135901	W	0.014323
00983196484304	51208.150224	S	2.183156
00983238400908	51210.333381	W	0.006767
00983238530832	51210.340147	S	3.280488
00983301516196	51213.620635	W	0.006811
00983301646968	51213.627446	S	22.852484
00983740414664	51236.479930	W	0.006817
00983740545544	51236.486747	S	13.780499
00984005131124	51250.267246	W	0.006698
00984005259732	51250.273944	S	9.960565
00984196502576	51260.234509	W	0.006868
00984196634440	51260.241377	S	3.459363
00984263054200	51263.700740	W	0.006937
00984263187396	51263.707677	S	10.650073
00984467668792	51274.357750	W	0.006674
00984467796924	51274.364423	S	2.944697
00984524335112	51277.309120	W	0.006926
00984524468100	51277.316047	S	9.194326
00984700999152	51286.510373	W	0.006624
00984701126336	51286.516997	S	3.421786
00984766824632	51289.938783	W	0.006804
00984766955272	51289.945587	S	13.352468
00985023322660	51303.298055	W	0.005387
00985023426092	51303.303442	S	0.000746
00985023440412	51303.304188	W	0.157842
00985026470980	51303.462030	S	0.015216
00985026763120	51303.477246	W	0.013945
00985027030856	51303.491190	S	1.494468
00985055724640	51304.985658	W	0.006695
00985055853192	51304.992354	S	3.047755
00985114370096	51308.040109	W	0.006915
00985114502872	51308.047025	S	14.716536
00985397060372	51322.763561	W	0.006672
00985397188480	51322.770233	S	3.015355
00985455083304	51325.785589	W	0.006946
00985455216660	51325.792534	S	14.994296
00985743107152	51340.786831	W	0.006707
00985743235932	51340.793538	S	3.552799
00985811449668	51344.346337	W	0.006725
00985811578796	51344.353062	S	37.362956
00986528947552	51381.716018	W	0.006815
00986529078396	51381.722833	S	13.987492
00986797638248	51395.710325	W	0.006776
00986797768340	51395.717101	S	1.989629
00986835969220	51397.706730	W	0.004844
00986836062228	51397.711574	S	0.001475
00986836090544	51397.713049	W	0.179771
00986839542152	51397.892820	S	0.014570
00986839821900	51397.907391	W	0.014084
00986840092316	51397.921475	S	7.545081
00986984957864	51405.466555	W	0.006792
00986985088264	51405.473347	S	3.035321
00987043366420	51408.508668	W	0.006864
00987043498200	51408.515531	S	9.712323
00987229974796	51418.227854	W	0.006680
00987230103048	51418.234534	S	3.395123
00987295289404	51421.629656	W	0.006862
00987295421148	51421.636518	S	10.193361
00987491133680	51431.829879	W	0.006615
00987491260688	51431.836494	S	3.551844
00987559456088	51435.388338	W	0.006939
00987559589308	51435.395276	S	14.831134
00987844347080	51450.226410	W	0.006804
00987844477712	51450.233214	S	3.085080
00987903711244	51453.318294	W	0.006997
00987903845584	51453.325291	S	14.989028
00988191634916	51468.314319	W	0.006665
00988191762876	51468.320983	S	3.228777
00988253755396	51471.549760	W	0.006800
00988253885960	51471.556560	S	18.413027
00988607416084	51489.969588	W	0.006623
00988607543252	51489.976211	S	8.222767
00988765420388	51498.198979	W	0.005580
00988765527528	51498.204559	S	0.000871
00988765544256	51498.205430	W	0.170010
00988768808448	51498.375440	S	0.015920
00988769114112	51498.391360	W	0.006669
00988769242164	51498.398029	S	6.266769
00988889564136	51504.664799	W	0.006749
00988889693716	51504.671548	S	9.777950
00989077430360	51514.449498	W	0.006617
00989077557408	51514.456115	S	2.852036
00989132316508	51517.308151	W	0.006847
00989132447972	51517.314999	S	9.189787
00989308891888	51526.504786	W	0.006782
00989309022108	51526.511568	S	3.113072
00989368793100	51529.624641	W	0.006856
00989368924740	51529.631497	S	9.661914
00989554433496	51539.293411	W	0.006870
00989554565396	51539.300281	S	2.967783
00989611546836	51542.268064	W	0.006788
00989611677156	51542.274852	S	14.940542
00989898535568	51557.215394	W	0.006651
00989898663268	51557.222045	S	2.965835
00989955607296	51560.187880	W	0.006762
00989955737132	51560.194642	S	15.454619
00990252465824	51575.649262	W	0.006743
00990252595280	51575.656004	S	3.403296
00990317938564	51579.059300	W	0.006929
00990318071592	51579.066229	S	14.523010
00990596913384	51593.589239	W	0.006762
00990597043212	51593.596001	S	0.701750
00990610516812	51594.297751	W	0.005641
00990610625120	51594.303392	S	0.000644
00990610637480	51594.304035	W	0.395069
00990618222800	51594.699104	S	0.835290
00990634260372	51595.534394	W	0.014864
00990634545756	51595.549258	S	0.013284
00990634800800	51595.562542	W	0.006304
00990634921828	51595.568845	S	1.248906
00990658900828	51596.817751	W	0.006804
00990659031468	51596.824556	S	8.901496
00990829940188	51605.726051	W	0.372567
00990837093484	51606.098619	S	1.354892
00990863107404	51607.453511	W	0.013010
00990863357192	51607.466520	S	0.006298
00990863478104	51607.472818	W	0.005040
00990863574872	51607.477858	S	12.630820
00991106086616	51620.108678	W	0.006825
00991106217660	51620.115503	S	10.211937
00991302286860	51630.327441	W	0.006735
00991302416168	51630.334175	S	3.133377
00991362577016	51633.467553	W	0.006899
00991362709476	51633.474452	S	9.720232
00991549337928	51643.194684	W	0.006837
00991549469204	51643.201521	S	9.800817
00991737644892	51653.002338	W	0.006771
00991737774888	51653.009109	S	3.008680
00991795541544	51656.017789	W	0.006992
00991795675792	51656.024781	S	14.364103
00992071466576	51670.388884	W	0.006638
00992071594020	51670.395522	S	3.083354
00992130794420	51673.478876	W	0.006765
00992130924308	51673.485641	S	13.084832
00992382153092	51686.570474	W	0.005543
00992382259524	51686.576017	S	0.000771
00992382274324	51686.576788	W	0.152662
00992385205428	51686.729449	S	0.016586
00992385523888	51686.746036	W	0.015200
00992385815732	51686.761236	S	1.165581
00992408194892	51687.926817	W	0.006660
00992408322760	51687.933477	S	3.284535
00992471385832	51691.218012	W	0.006815
00992471516672	51691.224827	S	15.297220
00992765223288	51706.522046	W	0.006838
00992765354572	51706.528884	S	3.569762
00992833894012	51710.098646	W	0.006907
00992834026624	51710.105553	S	19.955071
00993217163980	51730.060624	W	0.006785
00993217294252	51730.067409	S	3.397612
00993282528400	51733.465021	W	0.006814
00993282659236	51733.471835	S	37.074686
00993994493204	51770.546521	W	0.006653
00993994620936	51770.553174	S	10.350069
00994193342252	51780.903242	W	0.005635
00994193450440	51780.908877	S	0.000678
00994193463464	51780.909555	W	0.147890
00994196302952	51781.057445	S	0.016127
00994196612600	51781.073573	W	0.014996
00994196900516	51781.088569	S	4.209605
00994277724928	51785.298173	W	0.006857
00994277856576	51785.305030	S	10.026094
00994470357584	51795.331124	W	0.006842
00994470488960	51795.337967	S	2.930257
00994526749888	51798.268223	W	0.006917
00994526882696	51798.275140	S	9.933211
00994717600348	51808.208351	W	0.006639
00994717727816	51808.214990	S	3.493430
00994784801680	51811.708421	W	0.006878
00994784933744	51811.715299	S	9.175691
00994961107016	51820.890990	W	0.006637
00994961234448	51820.897628	S	2.970699
00995018271868	51823.868326	W	0.006806
00995018402544	51823.875132	S	15.403766
00995314154848	51839.278898	W	0.006628
00995314282112	51839.285527	S	3.452315
00995380566564	51842.737842	W	0.006798
00995380697080	51842.744640	S	14.700165
00995662940256	51857.444805	W	0.006799
00995663070796	51857.451604	S	3.545068
00995731136108	51860.996672	W	0.006769
00995731266080	51861.003442	S	13.852012
00995997224708	51874.855454	W	0.170258
00996000493660	51875.025711	S	0.010496
00996000695180	51875.036207	W	0.014816
00996000979644	51875.051023	S	4.215038
00996081908380	51879.266061	W	0.006688
00996082036792	51879.272750	S	13.715317
00996345370880	51892.988067	W	0.007103
00996345507248	51892.995169	S	9.366192
00996525338136	51902.361361	W	0.006785
00996525468404	51902.368146	S	3.099425
00996584977364	51905.467571	W	0.006943
00996585110664	51905.474514	S	10.068762
00996778430888	51915.543275	W	0.006670
00996778558952	51915.549945	S	3.997949
00996855319568	51919.547894	W	0.006903
00996855452100	51919.554797	S	10.111017
00997049583628	51929.665814	W	0.006768
00997049713572	51929.672582	S	3.634369
00997119493448	51933.306950	W	0.006785
00997119623720	51933.313735	S	15.423400
00997415753008	51948.737136	W	0.006868
00997415884868	51948.744004	S	3.920629
00997491160944	51952.664632	W	0.006743
00997491290404	51952.671375	S	14.891776
00997777212512	51967.563152	W	0.006970
00997777346340	51967.570122	S	3.967478
00997853521920	51971.537600	W	0.006870
00997853653824	51971.544470	S	11.093091
00998066641176	51982.637561	W	0.005505
00998066746864	51982.643066	S	0.000712
00998066760536	51982.643778	W	0.054708
00998067810924	51982.698486	S	1.205833
00998090962912	51983.904318	W	0.014791
00998091246904	51983.919110	S	0.023011
00998091688716	51983.942121	W	0.006007
00998091804048	51983.948127	S	2.704197
00998143724636	51986.652325	W	0.006799
00998143855180	51986.659124	S	3.917020
00998219061956	51990.576144	W	0.006792
00998219192372	51990.582936	S	22.916623
00998659191536	52013.499559	W	0.006668
00998659319564	52013.506227	S	14.669765
00998940979060	52028.175993	W	0.006890
00998941111344	52028.182882	S	10.941237
00999151183088	52039.124119	W	0.006732
00999151312340	52039.130851	S	3.296413
00999214603468	52042.427264	W	0.007038
00999214738600	52042.434302	S	10.710678
00999420383616	52053.144980	W	0.006990
00999420517820	52053.151970	S	9.058120
00999594433728	52062.210090	W	0.006807
00999594564428	52062.216897	S	3.890439
00999669260860	52066.107336	W	0.006716
00999669389812	52066.114053	S	14.101350
00999940135724	52080.215402	W	0.005577
00999940242796	52080.220979	S	0.000830
00999940258728	52080.221809	W	0.076900
00999941735216	52080.298709	S	0.064743
00999942978276	52080.363452	W	0.013176
00999943231248	52080.376628	S	0.002475
00999943278772	52080.379103	W	0.004520
00999943365564	52080.383623	S	0.952604
00999961655560	52081.336227	W	0.006851
00999961787096	52081.343078	S	14.974795
01000249303160	52096.317873	W	0.006637
01000249430596	52096.324510	S	3.851258
01000323374748	52100.175768	W	0.006758
01000323504496	52100.182526	S	15.205966
01000615459036	52115.388491	W	0.006642
01000615586572	52115.395134	S	3.341541
01000679744152	52118.736675	W	0.006874
01000679876124	52118.743548	S	37.370775
01001397395012	52156.114324	W	0.006695
01001397523556	52156.121019	S	15.274535
01001690794632	52171.395554	W	0.006834
01001690925848	52171.402388	S	4.070766
01001769084564	52175.473154	W	0.006807
01001769215252	52175.479961	S	7.692768
01001916916396	52183.172729	W	0.006902
01001917048912	52183.179631	S	6.834181
01002048265192	52190.013812	W	0.004826
01002048357848	52190.018638	S	0.001464
01002048385964	52190.020102	W	0.078379
01002049890848	52190.098482	S	0.076491
01002051359480	52190.174973	W	0.014139
01002051630940	52190.189111	S	0.019380
01002052003036	52190.208491	W	0.005578
01002052110132	52190.214069	S	23.495356
01002503220972	52213.709426	W	0.006567
01002503347060	52213.715993	S	15.740400
01002805562740	52229.456393	W	0.006922
01002805695644	52229.463315	S	9.967354
01002997068840	52239.430669	W	0.006871
01002997200760	52239.437540	S	3.939268
01003072834696	52243.376807	W	0.006701
01003072963356	52243.383508	S	10.170438
01003268235772	52253.553946	W	0.006800
01003268366336	52253.560747	S	3.586016
01003337217840	52257.146763	W	0.006803
01003337348464	52257.153566	S	9.715665
01003523889240	52266.869231	W	0.006684
01003524017572	52266.875915	S	3.390580
01003589116716	52270.266496	W	0.006868
01003589248588	52270.273364	S	15.293110
01003882876308	52285.566474	W	0.006611
01003883003240	52285.573085	S	3.730273
01003954624488	52289.303359	W	0.006879
01003954756564	52289.310238	S	14.380870
01004230869268	52303.691108	W	0.006675
01004230997432	52303.697783	S	3.687622
01004301799772	52307.385405	W	0.006788
01004301930092	52307.392192	S	11.683524
01004526253748	52319.075716	W	0.005377
01004526356992	52319.081093	S	0.000733
01004526371064	52319.081826	W	0.168523
01004529606704	52319.250349	S	0.011222
01004529822172	52319.261571	W	0.006364
01004529944364	52319.267936	S	3.964433
01004606061472	52323.232368	W	0.007012
01004606196108	52323.239381	S	3.976986
01004682554244	52327.216367	W	0.006807
01004682684940	52327.223174	S	24.799702
01005158839220	52352.022876	W	0.006812
01005158970016	52352.029688	S	14.706577
01005441336304	52366.736266	W	0.006768
01005441466252	52366.743034	S	10.304425
01005639311204	52377.047459	W	0.006799
01005639441740	52377.054257	S	3.931449
01005714925556	52380.985706	W	0.006745
01005715055060	52380.992451	S	10.261004
01005912066336	52391.253455	W	0.006639
01005912193804	52391.260094	S	3.956147
01005988151828	52395.216241	W	0.006993
01005988286092	52395.223234	S	10.522099
01006190310396	52405.745333	W	0.006764
01006190440260	52405.752097	S	3.542789
01006258461812	52409.294886	W	0.006701
01006258590480	52409.301587	S	7.913394
01006410527652	52417.214982	W	0.004468
01006410613444	52417.219450	S	0.001495
01006410642152	52417.220945	W	0.278372
01006415986892	52417.499317	S	1.039232
01006435940140	52418.538549	W	0.013644
01006436202096	52418.552192	S	2.393868
01006482164356	52420.946060	W	0.014728
01006482447132	52420.960788	S	0.005766
01006482557832	52420.966554	W	0.006546
01006482683508	52420.973099	S	3.298824
01006546020928	52424.271923	W	0.006689
01006546149352	52424.278612	S	4.544251
01006633398968	52428.822863	W	0.006936
01006633532148	52428.829799	S	16.802119
01006956132832	52445.631918	W	0.006653
01006956260572	52445.638571	S	3.186759
01007017446340	52448.825330	W	0.006838
01007017577632	52448.832168	S	14.651623
01007298888796	52463.483791	W	0.006779
01007299018944	52463.490570	S	4.043617
01007376656400	52467.534188	W	0.006771
01007376786396	52467.540958	S	38.007378
01008106528052	52505.548336	W	0.006768
01008106658000	52505.555104	S	12.897834
01008354296416	52518.452938	W	0.005705
01008354405960	52518.458644	S	0.000700
01008354419392	52518.459343	W	0.181833
01008357910580	52518.641176	S	0.017465
01008358245916	52518.658641	W	0.014883
01008358531676	52518.673525	S	1.830934
01008393685608	52520.504459	W	0.006910
01008393818280	52520.511369	S	10.795540
01008601092652	52531.306909	W	0.006648
01008601220288	52531.313557	S	3.602071
01008670380052	52534.915628	W	0.006827
01008670511124	52534.922454	S	9.801035
01008858690992	52544.723489	W	0.006659
01008858818836	52544.730148	S	3.614846
01008928223884	52548.344994	W	0.006888
01008928356140	52548.351882	S	10.499487
01009129946292	52558.851369	W	0.006820
01009130077244	52558.858190	S	3.396692
01009195293736	52562.254882	W	0.006850
01009195425248	52562.261732	S	15.184977
01009486976812	52577.446709	W	0.006993
01009487111072	52577.453702	S	3.360054
01009551624116	52580.813756	W	0.006982
01009551758176	52580.820738	S	16.397855
01009866596996	52597.218594	W	0.006760
01009866726784	52597.225353	S	4.249461
01009948316440	52601.474815	W	0.006878
01009948448496	52601.481692	S	9.015661
01010121549196	52610.497354	W	0.004508
01010121635748	52610.501862	S	0.001477
01010121664108	52610.503339	W	0.177427
01010125070708	52610.680766	S	0.010730
01010125276732	52610.691496	W	0.014184
01010125549072	52610.705681	S	9.751518
01010312778208	52620.457198	W	0.006643
01010312905756	52620.463841	S	15.071506
01010602278672	52635.535348	W	0.006840
01010602410008	52635.542188	S	10.866894
01010811054376	52646.409082	W	0.006862
01010811186128	52646.415944	S	3.204424
01010872711076	52649.620369	W	0.006793
01010872841508	52649.627162	S	10.198846
01011068659344	52659.826007	W	0.006721
01011068788380	52659.832728	S	11.060953
01011281158672	52670.893681	W	0.006927
01011281291676	52670.900608	S	3.194344
01011342623084	52674.094952	W	0.006784
01011342753340	52674.101736	S	16.564522
01011660792156	52690.666258	W	0.006768
01011660922100	52690.673026	S	3.427313
01011726726508	52694.100339	W	0.006798
01011726857036	52694.107137	S	16.331109
01012040414336	52710.438247	W	0.006809
01012040545060	52710.445055	S	3.338455
01012104643400	52713.783510	W	0.006902
01012104775920	52713.790412	S	11.435467
01012324336896	52725.225880	W	0.472875
01012333416092	52725.698755	S	0.759929
01012348006728	52726.458684	W	0.015027
01012348295244	52726.473711	S	0.011653
01012348518984	52726.485364	W	0.014757
01012348802320	52726.500121	S	3.622287
01012418350236	52730.122408	W	0.006792
01012418480644	52730.129200	S	25.267119
01012903609324	52755.396319	W	0.006977
01012903743288	52755.403296	S	10.585379
01013106982572	52765.988676	W	0.006764
01013107112448	52765.995440	S	3.789342
01013179867808	52769.784782	W	0.006805
01013179998456	52769.791586	S	9.374402
01013359986972	52779.165988	W	0.006648
01013360114608	52779.172636	S	3.412185
01013425628552	52782.584820	W	0.006897
01013425760984	52782.591718	S	10.466120
01013626710488	52793.057838	W	0.006789
01013626840828	52793.064626	S	3.755165
01013698940000	52796.819792	W	0.006781
01013699070188	52796.826572	S	15.209235
01013991087492	52812.035807	W	0.006739
01013991216884	52812.042546	S	3.501963
01014058454568	52815.544509	W	0.006722
01014058583636	52815.551231	S	15.403854
01014354337636	52830.955085	W	0.006764
01014354467512	52830.961850	S	3.292278
01014417679256	52834.254128	W	0.006792
01014417809660	52834.260920	S	16.230754
01014729440132	52850.491674	W	0.006792
01014729570548	52850.498466	S	3.135916
01014789780128	52853.634382	W	0.006882
01014789912268	52853.641264	S	6.447091
01014913696424	52860.088355	W	0.004541
01014913783608	52860.092896	S	0.001483
01014913812080	52860.094379	W	0.159767
01014916879608	52860.254146	S	0.018976
01014917243952	52860.273123	W	0.005329
01014917346268	52860.278451	S	32.721032
01015545590092	52892.999484	W	0.006806
01015545720772	52893.006290	S	14.533398
01015824762016	52907.539688	W	0.006855
01015824893624	52907.546543	S	11.677501
01016049101652	52919.224044	W	0.006783
01016049231880	52919.230827	S	3.191831
01016110515036	52922.422658	W	0.006981
01016110649068	52922.429639	S	10.912379
01016320166740	52933.342018	W	0.006667
01016320294748	52933.348685	S	2.985255
01016377611648	52936.333940	W	0.006817
01016377742532	52936.340757	S	9.065859
01016551807028	52945.406616	W	0.006650
01016551934700	52945.413266	S	3.569567
01016620470388	52948.982833	W	0.006862
01016620602140	52948.989695	S	15.427539
01016916810880	52964.417233	W	0.006668
01016916938900	52964.423901	S	3.435293
01016982896520	52967.859194	W	0.006901
01016983029024	52967.866095	S	15.382402
01017278371144	52983.248497	W	0.006783
01017278501372	52983.255280	S	3.318735
01017342221076	52986.574014	W	0.006873
01017342353028	52986.580887	S	10.703964
01017547869144	52997.284851	W	0.005364
01017547972124	52997.290215	S	0.000744
01017547986404	52997.290959	W	0.151556
01017550896276	52997.442514	S	0.009526
01017551079180	52997.452041	W	0.014933
01017551365888	52997.466973	S	8.752124
01017719406668	53006.219097	W	0.006792
01017719537072	53006.225889	S	15.554614
01018018185668	53021.780504	W	0.006950
01018018319104	53021.787453	S	9.474167
01018200223116	53031.261621	W	0.006676
01018200351288	53031.268296	S	3.793982
01018273195736	53035.062278	W	0.006997
01018273330080	53035.069275	S	9.609707
01018457836456	53044.678982	W	0.006773
01018457966496	53044.685755	S	3.652971
01018528103548	53048.338726	W	0.006960
01018528237188	53048.345687	S	9.057839
01018702147692	53057.403526	W	0.006777
01018702277820	53057.410303	S	3.883074
01018776832848	53061.293377	W	0.006829
01018776963972	53061.300207	S	15.155234
01019067944460	53076.455441	W	0.006634
01019068071828	53076.462074	S	4.197947
01019148672412	53080.660021	W	0.006831
01019148803560	53080.666852	S	14.619218
01019429492548	53095.286070	W	0.006632
01019429619884	53095.292702	S	3.926029
01019504999644	53099.218731	W	0.007018
01019505134384	53099.225749	S	12.264375
01019740610392	53111.490125	W	0.004184
01019740690716	53111.494308	S	0.001002
01019740709964	53111.495311	W	0.403571
01019748458524	53111.898881	S	0.861295
01019764995396	53112.760177	W	0.013763
01019765259652	53112.773940	S	0.014860
01019765544960	53112.788800	W	0.006060
01019765661304	53112.794860	S	0.971181
01019784307976	53113.766040	W	0.006772
01019784437992	53113.772812	S	4.646962
01019873659668	53118.419774	W	0.006922
01019873792580	53118.426697	S	22.053162
01020297213292	53140.479859	W	0.006798
01020297343820	53140.486657	S	15.865082
01020601953400	53156.351740	W	0.006882
01020602085544	53156.358622	S	9.777870
01020789820652	53166.136492	W	0.006780
01020789950828	53166.143272	S	4.278923
01020872106156	53170.422196	W	0.006843
01020872237536	53170.429038	S	9.830662
01021060986252	53180.259701	W	0.006689
01021061114676	53180.266389	S	3.915327
01021136288960	53184.181717	W	0.006858
01021136420632	53184.188575	S	9.958447
01021327622812	53194.147021	W	0.006949
01021327756240	53194.153971	S	4.104263
01021406558088	53198.258234	W	0.006900
01021406690560	53198.265133	S	9.988500
01021598469768	53208.253634	W	0.004869
01021598563256	53208.258503	S	0.001762
01021598597088	53208.260265	W	0.038431
01021599334968	53208.298696	S	0.118174
01021601603908	53208.416870	W	0.014997
01021601891856	53208.431868	S	0.019172
01021602259968	53208.451040	W	0.015201
01021602551836	53208.466241	S	4.512011
01021689182456	53212.978253	W	0.006651
01021689310156	53212.984904	S	3.668174
01021759739104	53216.653078	W	0.006821
01021759870076	53216.659900	S	15.384290
01022055248452	53232.044190	W	0.006796
01022055378940	53232.050986	S	3.807402
01022128481056	53235.858388	W	0.006855
01022128612664	53235.865243	S	14.215537
01022401550972	53250.080780	W	0.006816
01022401681844	53250.087596	S	0.000916
01022401699440	53250.088512	W	0.006869
01022401831316	53250.095381	S	3.847239
01022475698304	53253.942620	W	0.006681
01022475826576	53253.949301	S	37.171314
01023189515812	53291.120615	W	0.006676
01023189644000	53291.127292	S	15.131818
01023480174912	53306.259110	W	0.006755
01023480304616	53306.265865	S	0.534897
01023490574632	53306.800762	W	0.004712
01023490665100	53306.805474	S	0.001498
01023490693856	53306.806972	W	0.165191
01023493865516	53306.972162	S	0.018129
01023494213596	53306.990291	W	0.014141
01023494485096	53307.004432	S	8.836081
01023664137844	53315.840513	W	0.006803
01023664268468	53315.847316	S	4.172070
01023744372212	53320.019386	W	0.007119
01023744508896	53320.026505	S	9.937346
01023935305936	53329.963851	W	0.006759
01023935435712	53329.970610	S	3.650971
01024005534364	53333.621581	W	0.006884
01024005666528	53333.628465	S	9.193978
01024182190912	53342.822443	W	0.006772
01024182320940	53342.829216	S	3.910018
01024257393288	53346.739234	W	0.006886
01024257525504	53346.746120	S	15.229555
01024549932964	53361.975675	W	0.006647
01024550060596	53361.982323	S	3.959789
01024626088540	53365.942111	W	0.006800
01024626219104	53365.948912	S	14.622020
01024906961884	53380.570931	W	0.006882
01024907094012	53380.577813	S	3.761054
01024979306256	53384.338868	W	0.007032
01024979441276	53384.345900	S	17.377242
01025313084320	53401.723142	W	0.006831
01025313215480	53401.729973	S	8.005218
01025466915664	53409.735191	W	0.005532
01025467021884	53409.740723	S	0.001209
01025467045100	53409.741932	W	0.158205
01025470082640	53409.900138	S	0.014883
01025470368396	53409.915021	W	0.006003
01025470483656	53409.921024	S	2.662089
01025521595756	53412.583112	W	0.006749
01025521725332	53412.589861	S	10.350270
01025720450508	53422.940131	W	0.006869
01025720582384	53422.946999	S	4.114684
01025799584320	53427.061683	W	0.006700
01025799712964	53427.068384	S	9.288951
01025978060824	53436.357335	W	0.006679
01025978189064	53436.364014	S	3.973316
01026054476740	53440.337330	W	0.006847
01026054608204	53440.344177	S	15.549416
01026353156988	53455.893593	W	0.006865
01026353288788	53455.900458	S	15.058100
01026642404300	53470.958557	W	0.006813
01026642535112	53470.965370	S	3.611735
01026711880424	53474.577105	W	0.006857
01026712012084	53474.583963	S	14.263952
01026985879964	53488.847915	W	0.006997
01026986014304	53488.854912	S	4.282067
01027068229992	53493.136979	W	0.006994
01027068364276	53493.143973	S	19.242417
01027437818680	53512.386390	W	0.006683
01027437946988	53512.393072	S	3.778383
01027510491932	53516.171455	W	0.006978
01027510625900	53516.178432	S	0.565760
01027521488492	53516.744192	W	0.004560
01027521576036	53516.748752	S	0.001480
01027521604460	53516.750232	W	0.214993
01027525732320	53516.965225	S	0.020033
01027526116952	53516.985258	W	0.014084
01027526387368	53516.999342	S	22.146966
01027951609124	53539.146309	W	0.006808
01027951739844	53539.153117	S	14.627112
01028232580400	53553.780229	W	0.006945
01028232713752	53553.787175	S	9.400381
01028413201064	53563.187555	W	0.006797
01028413331572	53563.194353	S	3.544016
01028481376680	53566.738369	W	0.006864
01028481508460	53566.745232	S	10.329956
01028679843616	53577.075188	W	0.006760
01028679973400	53577.081948	S	3.416325
01028745566836	53580.498273	W	0.006740
01028745696248	53580.505013	S	9.409912
01028926366564	53589.914925	W	0.006863
01028926498336	53589.921788	S	3.859845
01029000607364	53593.781634	W	0.006801
01029000737952	53593.788435	S	14.662418
01029282256380	53608.450853	W	0.006873
01029282388348	53608.457726	S	2.922308
01029338496668	53611.380035	W	0.006835
01029338627900	53611.386870	S	14.519165
01029617395864	53625.906035	W	0.006689
01029617524300	53625.912724	S	2.903819
01029673277628	53628.816543	W	0.007007
01029673412172	53628.823551	S	14.366406
01029949247168	53643.189957	W	0.006759
01029949376932	53643.196715	S	0.201009
01029953236312	53643.397725	W	0.005626
01029953344328	53643.403350	S	0.000959
01029953362740	53643.404309	W	1.289634
01029978123712	53644.693943	S	0.030418
01029978707740	53644.724361	W	0.014937
01029978994532	53644.739299	S	1.840515
01030014332424	53646.579814	W	0.006981
01030014466460	53646.586795	S	38.755707
01030758576044	53685.342502	W	0.006614
01030758703028	53685.349116	S	14.670413
01031040374952	53700.019529	W	0.006875
01031040506952	53700.026404	S	10.035563
01031233189760	53710.061967	W	0.006768
01031233319708	53710.068735	S	9.099656
01031408033096	53719.168390	W	0.006623
01031408160264	53719.175014	S	3.074535
01031467191328	53722.249548	W	0.006904
01031467323888	53722.256452	S	9.119801
01031642424076	53731.376254	W	0.006788
01031642554404	53731.383042	S	3.196415
01031703925576	53734.579457	W	0.006886
01031704057784	53734.586343	S	2.309286
01031748396080	53736.895629	W	0.004500
01031748482488	53736.900130	S	0.001482
01031748510940	53736.901611	W	0.152060
01031751430492	53737.053671	S	0.010679
01031751635528	53737.064350	W	0.014055
01031751905380	53737.078405	S	11.503856
01031972779408	53748.582261	W	0.006646
01031972907012	53748.588907	S	4.870487
01032066420356	53753.459394	W	0.006727
01032066549524	53753.466121	S	14.523359
01032345398012	53767.989480	W	0.006749
01032345527592	53767.996229	S	3.533004
01032413361272	53771.529233	W	0.006740
01032413490672	53771.535973	S	17.319687
01032746028664	53788.855660	W	0.006846
01032746160112	53788.862506	S	8.998169
01032918924960	53797.860675	W	0.006768
01032919054904	53797.867443	S	3.102838
01032978629384	53800.970280	W	0.006930
01032978762444	53800.977211	S	9.044789
01033152422396	53810.022000	W	0.006631
01033152549704	53810.028630	S	3.268656
01033215307900	53813.297286	W	0.006803
01033215438508	53813.304089	S	9.719143
01033402046052	53823.023232	W	0.006672
01033402174156	53823.029904	S	3.860581
01033476297320	53826.890485	W	0.006891
01033476429628	53826.897376	S	14.365855
01033752254048	53841.263232	W	0.006760
01033752383844	53841.269992	S	1.904530
01033788950828	53843.174522	W	0.005516
01033789056728	53843.180038	S	0.000773
01033789071572	53843.180811	W	0.154604
01033792039968	53843.335415	S	0.015748
01033792342328	53843.351163	W	0.015220
01033792634548	53843.366383	S	0.973855
01033811332556	53844.340237	W	0.006748
01033811462120	53844.346985	S	14.519430
01034090235176	53858.866415	W	0.006676
01034090363364	53858.873092	S	3.065859
01034149227848	53861.938950	W	0.006855
01034149359456	53861.945805	S	14.020578
01034418554556	53875.966383	W	0.006661
01034418682444	53875.973044	S	3.075740
01034477736652	53879.048784	W	0.006940
01034477869900	53879.055724	S	19.489206
01034852062664	53898.544930	W	0.006661
01034852190548	53898.551591	S	3.387101
01034917222892	53901.938692	W	0.006797
01034917353392	53901.945489	S	23.436999
01035367343776	53925.382488	W	0.006695
01035367472320	53925.389183	S	8.604211
01035532673180	53933.993395	W	0.005748
01035532783544	53933.999143	S	0.000648
01035532795980	53933.999791	W	0.158676
01035535842556	53934.158466	S	0.006233
01035535962228	53934.164699	W	0.005962
01035536076708	53934.170662	S	0.701486
01035549545236	53934.872148	W	0.006716
01035549674192	53934.878864	S	3.539755
01035617637492	53938.418619	W	0.006840
01035617768812	53938.425459	S	9.710873
01035804217572	53948.136332	W	0.006881
01035804349688	53948.143213	S	9.593497
01035988544824	53957.736710	W	0.006681
01035988673104	53957.743391	S	3.225113
01036050595272	53960.968504	W	0.006785
01036050725552	53960.975289	S	14.263114
01036324577340	53975.238403	W	0.006679
01036324705580	53975.245082	S	4.133609
01036404070880	53979.378692	W	0.006983
01036404204948	53979.385674	S	14.290907
01036678590360	53993.676581	W	0.007010
01036678724956	53993.683591	S	3.614871
01036748130480	53997.298463	W	0.006917
01036748263280	53997.305379	S	14.292063
01037022670884	54011.597442	W	0.006830
01037022802028	54011.604272	S	16.471375
01037339052428	54028.075647	W	0.005586
01037339159676	54028.081233	S	0.000708
01037339173276	54028.081941	W	0.216788
01037343335608	54028.298730	S	1.042190
01037363345656	54029.340920	W	0.014702
01037363627940	54029.355622	S	0.013368
01037363884608	54029.368990	W	0.015234
01037364177092	54029.384224	S	2.022480
01037403008700	54031.406703	W	0.006992
01037403142952	54031.413695	S	8.041829
01037557546060	54039.455524	W	0.006979
01037557680060	54039.462503	S	20.895624
01037958876048	54060.358128	W	0.006859
01037959007732	54060.364986	S	23.532598
01038410833612	54083.897584	W	0.006776
01038410963704	54083.904360	S	15.630331
01038711066052	54099.534690	W	0.006905
01038711198620	54099.541595	S	10.013212
01038903452292	54109.554807	W	0.006947
01038903585672	54109.561754	S	9.173003
01039079707328	54118.734757	W	0.006852
01039079838880	54118.741608	S	3.676385
01039150425464	54122.417993	W	0.006867
01039150557308	54122.424860	S	9.726487
01039337305852	54132.151346	W	0.006770
01039337435836	54132.158116	S	4.031064
01039414832272	54136.189181	W	0.006793
01039414962692	54136.195974	S	14.555305
01039694424552	54150.751279	W	0.006793
01039694554976	54150.758072	S	3.816682
01039767835276	54154.574754	W	0.006863
01039767967048	54154.581617	S	14.995586
01040055882292	54169.577203	W	0.006683
01040056010596	54169.583885	S	4.192207
01040136500976	54173.776092	W	0.006892
01040136633300	54173.782984	S	14.624808
01040417429616	54188.407793	W	0.006753
01040417559280	54188.414546	S	0.759705
01040432145624	54189.174251	W	0.005350
01040432248344	54189.179601	S	0.000346
01040432254992	54189.179948	W	0.118975
01040434539308	54189.298922	S	0.045251
01040435408132	54189.344174	W	0.014854
01040435693332	54189.359028	S	0.003798
01040435766256	54189.362826	W	0.006299
01040435887196	54189.369125	S	2.489533
01040483686224	54191.858658	W	0.006794
01040483816676	54191.865452	S	21.926929
01040904813720	54213.792381	W	0.006667
01040904941736	54213.799049	S	15.496365
01041202471936	54229.295413	W	0.006896
01041202604340	54229.302309	S	10.183579
01041398129052	54239.485888	W	0.006749
01041398258628	54239.492637	S	9.173575
01041574391260	54248.666211	W	0.006676
01041574519444	54248.672888	S	3.995764
01041651238112	54252.668652	W	0.006896
01041651370516	54252.675548	S	9.384593
01041831554696	54262.060140	W	0.006706
01041831683448	54262.066846	S	3.867174
01041905933188	54265.934020	W	0.007016
01041906067888	54265.941036	S	14.973027
01042193550008	54280.914063	W	0.006803
01042193680616	54280.920865	S	0.456479
01042202445016	54281.377345	W	0.005551
01042202551596	54281.382896	S	0.000890
01042202568676	54281.383785	W	0.115349
01042204783372	54281.499134	S	0.032239
01042205402364	54281.531373	W	0.014831
01042205687124	54281.546204	S	0.004231
01042205768360	54281.550435	W	0.015111
01042206058496	54281.565547	S	3.091631
01042265417820	54284.657178	W	0.006929
01042265550860	54284.664107	S	14.845235
01042550579368	54299.509342	W	0.006630
01042550706672	54299.515972	S	4.177922
01042630922772	54303.693894	W	0.006801
01042631053356	54303.700696	S	14.639213
01042912126252	54318.339909	W	0.006627
01042912253496	54318.346536	S	3.907198
01042987271696	54322.253734	W	0.006752
01042987401344	54322.260487	S	21.736023
01043404732992	54343.996510	W	0.006674
01043404861140	54344.003184	S	15.850296
01043709186832	54359.853481	W	0.006864
01043709318616	54359.860345	S	9.558001
01043892832244	54369.418346	W	0.006642
01043892959780	54369.424989	S	3.709585
01043964183816	54373.134574	W	0.006894
01043964316184	54373.141468	S	1.205348
01043987458860	54374.346816	W	0.004786
01043987550756	54374.351602	S	0.001496
01043987579488	54374.353098	W	0.215718
01043991721276	54374.568816	S	0.025731
01043992215316	54374.594548	W	0.013948
01043992483116	54374.608496	S	7.755801
01044141394504	54382.364297	W	0.006802
01044141525104	54382.371099	S	3.563851
01044209951044	54385.934950	W	0.006740
01044210080444	54385.941690	S	9.839638
01044399001488	54395.781328	W	0.006757
01044399131224	54395.788085	S	3.585315
01044467969272	54399.373400	W	0.007016
01044468103972	54399.380415	S	14.289727
01044742466736	54413.670142	W	0.006739
01044742596120	54413.676881	S	3.461504
01044809056996	54417.138385	W	0.006879
01044809189072	54417.145264	S	15.120130
01045099495568	54432.265394	W	0.006815
01045099626420	54432.272209	S	3.740970
01045171453052	54436.013180	W	0.006773
01045171583100	54436.019953	S	14.134714
01045442969604	54450.154667	W	0.006572
01045443095784	54450.161239	S	3.931961
01045518589440	54454.093200	W	0.006913
01045518722168	54454.100113	S	21.553724
01045932553664	54475.653837	W	0.005724
01045932663560	54475.659560	S	0.000862
01045932680120	54475.660423	W	0.438567
01045941100604	54476.098990	S	0.818931
01045956824088	54476.917921	W	0.015248
01045957116848	54476.933169	S	0.014260
01045957390640	54476.947429	W	0.015099
01045957680544	54476.962528	S	12.030679
01046188669588	54488.993208	W	0.006676
01046188797760	54488.999883	S	16.456868
01046504769620	54505.456751	W	0.006871
01046504901552	54505.463622	S	9.656777
01046690311664	54515.120399	W	0.006766
01046690441580	54515.127166	S	3.927256
01046765844892	54519.054421	W	0.006709
01046765973696	54519.061130	S	9.241241
01046943405528	54528.302371	W	0.006738
01046943534892	54528.309109	S	4.347182
01047027000780	54532.656291	W	0.006895
01047027133172	54532.663186	S	9.761761
01047214558992	54542.424948	W	0.006678
01047214687208	54542.431625	S	4.304547
01047297334520	54546.736173	W	0.006922
01047297467420	54546.743095	S	14.512478
01047576106992	54561.255572	W	0.006798
01047576237508	54561.262370	S	4.034702
01047653703796	54565.297073	W	0.006967
01047653837564	54565.304040	S	14.076120
01047924099060	54579.380159	W	0.006828
01047924230152	54579.386987	S	3.665604
01047994609740	54583.052591	W	0.006913
01047994742472	54583.059504	S	12.060395
01048226302052	54595.119899	W	0.005391
01048226405552	54595.125289	S	0.000745
01048226419860	54595.126034	W	0.162525
01048229540336	54595.288559	S	0.021710
01048229957172	54595.310269	W	0.014554
01048230236608	54595.324823	S	4.533897
01048317287432	54599.858720	W	0.006765
01048317417312	54599.865485	S	15.506932
01048615150404	54615.372417	W	0.007012
01048615285032	54615.379429	S	9.900470
01048805374048	54625.279898	W	0.006770
01048805504028	54625.286668	S	3.690100
01048876353952	54628.976768	W	0.006909
01048876486604	54628.983677	S	9.713550
01049062986756	54638.697227	W	0.006638
01049063114212	54638.703865	S	4.353120
01049146694124	54643.056986	W	0.006939
01049146827344	54643.063924	S	9.755850
01049334139672	54652.819775	W	0.006800
01049334270224	54652.826574	S	3.985625
01049410794220	54656.812199	W	0.006894
01049410926584	54656.819093	S	14.595935
01049691168536	54671.415028	W	0.006669
01049691296576	54671.421697	S	3.953808
01049767209688	54675.375505	W	0.006865
01049767341504	54675.382370	S	14.863933
01050052729020	54690.246303	W	0.006787
01050052859324	54690.253090	S	3.519067
01050120425408	54693.772157	W	0.006760
01050120555208	54693.778917	S	11.179481
01050335201248	54704.958398	W	0.005570
01050335308188	54704.963968	S	0.000830
01050335324132	54704.964799	W	0.173725
01050338659652	54705.138524	S	0.022541
01050339092432	54705.161064	W	0.005933
01050339206340	54705.166997	S	3.203275
01050400709220	54708.370272	W	0.006687
01050400837612	54708.376959	S	3.956223
01050476797100	54712.333182	W	0.006903
01050476929636	54712.340085	S	22.392965
01050906874568	54734.733050	W	0.006810
01050907005328	54734.739861	S	10.114901
01051101211428	54744.854762	W	0.006666
01051101339408	54744.861427	S	3.474685
01051168053364	54748.336113	W	0.006925
01051168186324	54748.343038	S	10.634600
01051372370644	54758.977638	W	0.006708
01051372499440	54758.984346	S	10.350303
01051571225256	54769.334649	W	0.006674
01051571353400	54769.341323	S	3.464716
01051637875944	54772.806039	W	0.006817
01051638006828	54772.812856	S	15.352630
01051932777332	54788.165486	W	0.006761
01051932907148	54788.172247	S	13.573701
01052193522204	54801.745948	W	0.005496
01052193627728	54801.751444	S	0.000853
01052193644100	54801.752297	W	0.346160
01052200290380	54802.098457	S	0.909808
01052217758700	54803.008266	W	0.015199
01052218050524	54803.023465	S	0.011727
01052218275684	54803.035192	W	0.014808
01052218560000	54803.050000	S	0.179796
01052222012088	54803.229796	W	0.006685
01052222140444	54803.236481	S	3.338502
01052286239680	54806.574983	W	0.007011
01052286374284	54806.581994	S	14.772039
01052569997432	54821.354033	W	0.006826
01052570128492	54821.360859	S	19.766093
01052949637476	54841.126952	W	0.006821
01052949768448	54841.133773	S	3.032595
01053007994268	54844.166368	W	0.006734
01053008123552	54844.173102	S	37.826633
01053734394900	54881.999734	W	0.006823
01053734525896	54882.006557	S	10.904499
01053943892276	54892.911056	W	0.006842
01053944023644	54892.917898	S	3.654950
01054014198680	54896.572848	W	0.004816
01054014291140	54896.577664	S	0.001476
01054014319480	54896.579140	W	0.119856
01054016620716	54896.698996	S	0.036000
01054017311920	54896.734996	W	0.013463
01054017570408	54896.748459	S	0.009261
01054017748216	54896.757720	W	0.005578
01054017855308	54896.763297	S	6.269006
01054138220216	54903.032303	W	0.007007
01054138354756	54903.039310	S	10.349986
01054337074492	54913.389296	W	0.006808
01054337205196	54913.396104	S	3.249300
01054399591752	54916.645404	W	0.006858
01054399723432	54916.652262	S	15.803261
01054703146044	54932.455523	W	0.006695
01054703274588	54932.462218	S	14.960958
01054990524976	54947.423176	W	0.006799
01054990655524	54947.429975	S	2.825990
01055044914536	54950.255965	W	0.006759
01055045044300	54950.262724	S	14.910666
01055331329088	54965.173390	W	0.006985
01055331463192	54965.180375	S	22.590753
01055765205652	54987.771128	W	0.006784
01055765335912	54987.777912	S	15.426227
01056061519468	55003.204139	W	0.006961
01056061653112	55003.211100	S	3.441349
01056127727016	55006.652449	W	0.004737
01056127817972	55006.657186	S	0.001479
01056127846364	55006.658665	W	0.039868
01056128611824	55006.698532	S	0.103523
01056130599456	55006.802055	W	0.013570
01056130860004	55006.815625	S	0.012689
01056131103640	55006.828315	W	0.014215
01056131376572	55006.842530	S	6.349312
01056253283368	55013.191842	W	0.006795
01056253413828	55013.198637	S	10.349825
01056452130460	55023.548461	W	0.006778
01056452260596	55023.555239	S	10.350506
01056650990308	55033.905745	W	0.006900
01056651122792	55033.912645	S	15.058084
01056940238012	55048.970730	W	0.006800
01056940368572	55048.977530	S	3.187303
01057001564784	55052.164832	W	0.007023
01057001699628	55052.171856	S	15.629086
01057301778076	55067.800941	W	0.006721
01057301907112	55067.807662	S	15.293589
01057595544024	55083.101251	W	0.006822
01057595675012	55083.108074	S	3.477145
01057662436204	55086.585219	W	0.006896
01057662568604	55086.592115	S	24.090003
01058125096652	55110.682117	W	0.006876
01058125228668	55110.688993	S	10.779407
01058332193292	55121.468401	W	0.006812
01058332324080	55121.475213	S	3.008300
01058390083432	55124.483512	W	0.006816
01058390214304	55124.490328	S	10.395007
01058589798436	55134.885335	W	0.006765
01058589928328	55134.892100	S	6.973990
01058723828932	55141.866090	W	0.005262
01058723929960	55141.871352	S	0.000729
01058723943960	55141.872081	W	0.026330
01058724449500	55141.898411	S	1.216149
01058747799564	55143.114561	W	0.014496
01058748077892	55143.129057	S	0.015009
01058748366072	55143.144066	W	0.015043
01058748654896	55143.159109	S	1.847888
01058784134352	55145.006998	W	0.006659
01058784262204	55145.013656	S	3.319944
01058848005136	55148.333601	W	0.006882
01058848137280	55148.340483	S	14.790725
01059132119204	55163.131209	W	0.006717
01059132248176	55163.137926	S	14.970289
01059419677732	55178.108215	W	0.006659
01059419805588	55178.114874	S	3.008483
01059477568468	55181.123358	W	0.006962
01059477702140	55181.130320	S	14.719423
01059760315064	55195.849743	W	0.006766
01059760444968	55195.856509	S	19.765906
01060139950356	55215.622414	W	0.006730
01060140079576	55215.629145	S	2.935606
01060196443216	55218.564751	W	0.006918
01060196576044	55218.571669	S	19.505326
01060571078312	55238.076995	W	0.005861
01060571190848	55238.082857	S	0.001140
01060571212728	55238.083996	W	0.149958
01060574091920	55238.233954	S	0.015216
01060574384068	55238.249170	W	0.015579
01060574683184	55238.264749	S	17.422744
01060909199868	55255.687493	W	0.006862
01060909331612	55255.694355	S	9.828450
01061098037848	55265.522805	W	0.006860
01061098169552	55265.529664	S	9.400168
01061278652780	55274.929832	W	0.006799
01061278783328	55274.936632	S	3.317542
01061342480132	55278.254174	W	0.006841
01061342611480	55278.261015	S	10.002063
01061534651096	55288.263078	W	0.006879
01061534783172	55288.269957	S	3.260248
01061597379936	55291.530205	W	0.006775
01061597510012	55291.536980	S	14.809435
01061881851164	55306.346415	W	0.006835
01061881982396	55306.353250	S	2.939578
01061938422300	55309.292828	W	0.006902
01061938554828	55309.299731	S	14.977238
01062226117800	55324.276969	W	0.006545
01062226243456	55324.283513	S	4.209310
01062307062204	55328.492823	W	0.006800
01062307192772	55328.499624	S	15.101925
01062597149736	55343.601549	W	0.006666
01062597277720	55343.608215	S	3.122581
01062657231280	55346.730796	W	0.006728
01062657360464	55346.737524	S	21.074183
01063061984772	55367.811707	W	0.005479
01063062089960	55367.817185	S	0.000480
01063062099176	55367.817665	W	0.151173
01063065001700	55367.968839	S	0.021913
01063065422432	55367.990752	W	0.005658
01063065531064	55367.996410	S	2.756992
01063118465312	55370.753402	W	0.006758
01063118595064	55370.760160	S	14.370197
01063394502848	55385.130357	W	0.006997
01063394637192	55385.137354	S	10.008605
01063586802412	55395.145959	W	0.006779
01063586932568	55395.152738	S	3.256423
01063649455880	55398.409160	W	0.006918
01063649588700	55398.416078	S	9.039154
01063823140464	55407.455232	W	0.006648
01063823268104	55407.461880	S	2.951478
01063879936484	55410.413359	W	0.006933
01063880069588	55410.420291	S	9.786515
01064067970680	55420.206806	W	0.006861
01064068102420	55420.213668	S	14.642786
01064349243916	55434.856454	W	0.006796
01064349374396	55434.863250	S	3.069651
01064408311696	55437.932901	W	0.006821
01064408442664	55437.939722	S	14.834008
01064693255616	55452.773730	W	0.006649
01064693383284	55452.780379	S	3.071843
01064752362672	55455.852222	W	0.006841
01064752494012	55455.859063	S	15.034544
01065041157256	55470.893607	W	0.006643
01065041284808	55470.900250	S	3.350051
01065105605792	55474.250302	W	0.006750
01065105735388	55474.257051	S	0.872248
01065122482548	55475.129299	W	0.004808
01065122574864	55475.134108	S	0.001495
01065122603576	55475.135603	W	0.563125
01065133415572	55475.698728	S	1.409082
01065160469948	55477.107810	W	0.013949
01065160737760	55477.121758	S	0.012575
01065160979200	55477.134333	W	0.014255
01065161252896	55477.148588	S	20.052334
01065546257712	55497.200923	W	0.006950
01065546391156	55497.207873	S	14.324618
01065821423828	55511.532491	W	0.006734
01065821553124	55511.539225	S	9.776881
01066009269236	55521.316106	W	0.006662
01066009397148	55521.322768	S	3.010211
01066067193192	55524.332979	W	0.006934
01066067326332	55524.339913	S	10.536153
01066269620464	55534.876066	W	0.006780
01066269750632	55534.882845	S	3.528993
01066337507296	55538.411838	W	0.006949
01066337640708	55538.418787	S	9.791212
01066525631972	55548.209999	W	0.006795
01066525762432	55548.216793	S	3.311673
01066589346560	55551.528467	W	0.006829
01066589477668	55551.535295	S	15.283939
01066882929296	55566.819234	W	0.006657
01066883057112	55566.825891	S	2.945861
01066939617644	55569.771752	W	0.006837
01066939748924	55569.778590	S	14.320604
01067214704524	55584.099194	W	0.006806
01067214835208	55584.106000	S	3.103385
01067274420196	55587.209385	W	0.006903
01067274552728	55587.216288	S	13.977183
01067542914648	55601.193471	W	0.005601
01067543022188	55601.199072	S	0.000771
01067543036992	55601.199843	W	0.160235
01067546113508	55601.360079	S	0.010913
01067546323036	55601.370991	W	0.014530
01067546602020	55601.385522	S	0.607569
01067558267336	55601.993090	W	0.006650
01067558395008	55601.999740	S	3.128552
01067618463200	55605.128292	W	0.006861
01067618594936	55605.135153	S	37.943380
01068347107840	55643.078533	W	0.006835
01068347239080	55643.085369	S	9.644246
01068532408604	55652.729615	W	0.006985
01068532542708	55652.736599	S	3.111421
01068592281992	55655.848020	W	0.006845
01068592413408	55655.854865	S	10.037978
01068785142588	55665.892843	W	0.006627
01068785269820	55665.899470	S	2.908562
01068841114220	55668.808032	W	0.006886
01068841246436	55668.814919	S	10.000546
01069033256916	55678.815464	W	0.006780
01069033387096	55678.822245	S	3.105681
01069093016176	55681.927926	W	0.006950
01069093149620	55681.934876	S	12.816326
01069339223076	55694.751202	W	0.005400
01069339326748	55694.756601	S	0.001109
01069339348040	55694.757710	W	0.153183
01069342289152	55694.910893	S	0.017544
01069342626000	55694.928437	W	0.014875
01069342911604	55694.943313	S	1.742757
01069376372544	55696.686070	W	0.006768
01069376502484	55696.692838	S	3.154944
01069437077400	55699.847781	W	0.006919
01069437210240	55699.854700	S	14.873247
01069722776584	55714.727947	W	0.006671
01069722904676	55714.734619	S	3.033220
01069781142508	55717.767839	W	0.006766
01069781272416	55717.774605	S	14.675968
01070063051004	55732.450573	W	0.006683
01070063179320	55732.457256	S	3.073841
01070122197064	55735.531097	W	0.006982
01070122331124	55735.538079	S	24.037078
01070583843028	55759.575158	W	0.006721
01070583972080	55759.581879	S	14.825740
01070868626288	55774.407619	W	0.006895
01070868758676	55774.414514	S	9.875853
01071058375048	55784.290367	W	0.006651
01071058502748	55784.297018	S	2.910458
01071114383544	55787.207476	W	0.006900
01071114516028	55787.214376	S	2.807311
01071168416408	55790.021688	W	0.004596
01071168504652	55790.026284	S	0.001481
01071168533092	55790.027765	W	0.070760
01071169891680	55790.098525	S	0.118126
01071172159700	55790.216651	W	0.014145
01071172431276	55790.230796	S	0.001582
01071172461660	55790.232378	W	0.005806
01071172573132	55790.238184	S	7.492116
01071316421760	55797.730300	W	0.006785
01071316552032	55797.737085	S	3.597833
01071385630424	55801.334918	W	0.005454
01071385735136	55801.340372	S	0.000680
01071385748196	55801.341052	W	0.166598
01071388946884	55801.507650	S	0.017391
01071389280792	55801.525041	W	0.015083
01071389570376	55801.540124	S	0.082314
01071391150804	55801.622438	W	0.005733
01071391260872	55801.628170	S	0.000769
01071391275640	55801.628940	W	0.069696
01071392613800	55801.698635	S	0.206877
01071396585844	55801.905513	W	0.014677
01071396867652	55801.920190	S	0.011963
01071397097348	55801.932154	W	0.015219
01071397389556	55801.947373	S	0.481906
01071406642144	55802.429278	W	0.014104
01071406912932	55802.443382	S	0.019742
01071407291972	55802.463124	W	0.014130
01071407563268	55802.477254	S	14.277214
01071681685780	55816.754468	W	0.006867
01071681817632	55816.761335	S	9.588663
01071865919960	55826.349998	W	0.006635
01071866047356	55826.356633	S	3.429855
01071931900564	55829.786488	W	0.007567
01071932045848	55829.794055	S	13.554691
01072192295908	55843.348745	W	0.006680
01072192424168	55843.355425	S	14.415474
01072469201276	55857.770900	W	0.006844
01072469332672	55857.777743	S	10.046255
01072662220772	55867.823999	W	0.006784
01072662351028	55867.830783	S	3.216301
01072724104012	55871.047084	W	0.006775
01072724234100	55871.053859	S	9.882763
01072913983156	55880.936623	W	0.006674
01072914111296	55880.943297	S	2.903738
01072969863056	55883.847034	W	0.006890
01072969995344	55883.853924	S	6.667832
01073098017724	55890.521756	W	0.005310
01073098119672	55890.527066	S	0.000729
01073098133664	55890.527795	W	0.171147
01073101419684	55890.698942	S	1.087669
01073122302924	55891.786611	W	0.014975
01073122590436	55891.801585	S	0.008038
01073122744760	55891.809623	W	0.006251
01073122864776	55891.815874	S	2.657357
01073173886032	55894.473231	W	0.006656
01073174013820	55894.479886	S	3.127026
01073234052724	55897.606913	W	0.006956
01073234186288	55897.613869	S	14.845294
01073519215940	55912.459164	W	0.006675
01073519344100	55912.465839	S	3.225450
01073581272740	55915.691289	W	0.006962
01073581406412	55915.698251	S	14.590193
01073861538120	55930.288444	W	0.006811
01073861668896	55930.295255	S	3.151509
01073922177864	55933.446764	W	0.006766
01073922307780	55933.453530	S	14.922430
01074208818432	55948.375960	W	0.006881
01074208950540	55948.382841	S	1.403005
01074235888244	55949.785846	W	0.006808
01074236018952	55949.792654	S	21.529462
01074649384628	55971.322116	W	0.006791
01074649515020	55971.328907	S	16.438080
01074965126152	55987.766987	W	0.004710
01074965216588	55987.771697	S	0.001473
01074965244864	55987.773170	W	0.204363
01074969168628	55987.977533	S	0.020787
01074969567732	55987.998319	W	0.014143
01074969839280	55988.012463	S	14.025931
01075239137164	56002.038394	W	0.006740
01075239266580	56002.045134	S	10.087234
01075432941480	56012.132369	W	0.006824
01075433072492	56012.139192	S	9.920879
01075623553364	56022.060071	W	0.006786
01075623683660	56022.066857	S	3.062898
01075682491308	56025.129756	W	0.006729
01075682620500	56025.136484	S	10.036232
01075875316148	56035.172716	W	0.006617
01075875443192	56035.179333	S	3.227105
01075937403616	56038.406438	W	0.006886
01075937535828	56038.413324	S	14.754234
01076220817124	56053.167559	W	0.006737
01076220946472	56053.174295	S	15.912231
01076526461316	56069.086527	W	0.006791
01076526591700	56069.093318	S	3.077567
01076585680980	56072.170884	W	0.006941
01076585814256	56072.177826	S	14.317976
01076860719392	56086.495802	W	0.006666
01076860847388	56086.502468	S	2.946995
01076917429688	56089.449463	W	0.006846
01076917561140	56089.456309	S	20.125383
01077303968484	56109.581692	W	0.006679
01077304096716	56109.588371	S	2.902151
01077359818024	56112.490522	W	0.006976
01077359951968	56112.497498	S	2.618193
01077410221276	56115.115691	W	0.004840
01077410314208	56115.120532	S	0.001483
01077410342688	56115.122015	W	0.157831
01077413373040	56115.279846	S	0.010300
01077413570792	56115.290145	W	0.014125
01077413841996	56115.304271	S	21.295985
01077822724904	56136.600255	W	0.006828
01077822856004	56136.607084	S	14.923380
01078109384900	56151.530464	W	0.006823
01078109515896	56151.537286	S	10.326846
01078307791340	56161.864132	W	0.006765
01078307921236	56161.870898	S	3.256248
01078370441204	56165.127146	W	0.006876
01078370573232	56165.134023	S	9.916684
01078560973568	56175.050707	W	0.006674
01078561101716	56175.057381	S	2.870191
01078616209376	56177.927572	W	0.006856
01078616341020	56177.934428	S	10.297626
01078814055440	56188.232054	W	0.006778
01078814185572	56188.238832	S	3.291755
01078877387260	56191.530586	W	0.006951
01078877520716	56191.537537	S	14.837787
01079162406220	56206.375324	W	0.006581
01079162532576	56206.381905	S	3.223843
01079224430356	56209.605748	W	0.006867
01079224562200	56209.612615	S	14.683951
01079506494064	56224.296566	W	0.006688
01079506622472	56224.303254	S	3.222446
01079568493432	56227.525700	W	0.006805
01079568624092	56227.532505	S	9.151209
01079744327300	56236.683714	W	0.004800
01079744419464	56236.688514	S	0.001474
01079744447756	56236.689987	W	0.846429
01079760699196	56237.536416	S	0.427601
01079768909144	56237.964018	W	0.014577
01079769189024	56237.978595	S	0.001970
01079769226856	56237.980565	W	0.006270
01079769347244	56237.986836	S	3.310717
01079832913004	56241.297552	W	0.005572
01079833019984	56241.303124	S	0.000377
01079833027228	56241.303501	W	0.186035
01079836599092	56241.489536	S	0.015623
01079836899048	56241.505159	W	0.014618
01079837179716	56241.519777	S	0.693415
01079850493288	56242.213192	W	0.006626
01079850620504	56242.219818	S	3.069133
01079909547860	56245.288951	W	0.006905
01079909680428	56245.295856	S	22.394551
01080339655812	56267.690407	W	0.006762
01080339785648	56267.697169	S	14.403216
01080616327400	56282.100385	W	0.006919
01080616460252	56282.107305	S	9.698340
01080802668372	56291.805644	W	0.006664
01080802796328	56291.812309	S	3.554572
01080871044112	56295.366881	W	0.006718
01080871173096	56295.373599	S	10.549971
01081073732540	56305.923570	W	0.006874
01081073864512	56305.930443	S	3.038483
01081132203392	56308.968927	W	0.006803
01081132334016	56308.975730	S	10.351130
01081331075708	56319.326860	W	0.006805
01081331206360	56319.333665	S	3.076178
01081390268976	56322.409842	W	0.007025
01081390403852	56322.416867	S	12.585853
01081632052232	56335.002720	W	0.178231
01081635474264	56335.180951	S	0.018001
01081635819884	56335.198952	W	0.006019
01081635935444	56335.204971	S	2.038467
01081675074012	56337.243438	W	0.006787
01081675204320	56337.250225	S	3.079467
01081734330080	56340.329692	W	0.006948
01081734463476	56340.336639	S	14.546354
01082013753476	56354.882994	W	0.006872
01082013885420	56354.889866	S	14.694129
01082296012700	56369.583995	W	0.006703
01082296141396	56369.590698	S	3.214411
01082357858088	56372.805109	W	0.006878
01082357990148	56372.811987	S	37.437487
01083076789896	56410.249474	W	0.006751
01083076919524	56410.256225	S	9.879664
01083266609068	56420.135889	W	0.006938
01083266742276	56420.142827	S	9.930626
01083457410304	56430.073453	W	0.005406
01083457514104	56430.078860	S	0.000620
01083457526008	56430.079480	W	0.051511
01083458515020	56430.130991	S	0.098724
01083460410512	56430.229714	W	0.014844
01083460695524	56430.244559	S	0.002775
01083460748808	56430.247334	W	0.006955
01083460882344	56430.254289	S	3.190573
01083522141348	56433.444862	W	0.006816
01083522272224	56433.451678	S	9.572025
01083706055096	56443.023703	W	0.006768
01083706185048	56443.030471	S	3.214274
01083767899100	56446.244745	W	0.006838
01083768030396	56446.251583	S	15.154768
01084059001936	56461.406351	W	0.006681
01084059130212	56461.413032	S	3.075004
01084118170296	56464.488036	W	0.006831
01084118301452	56464.494867	S	15.552732
01084416913908	56480.047599	W	0.006700
01084417042540	56480.054299	S	2.831869
01084471414424	56482.886168	W	0.006887
01084471546660	56482.893055	S	14.993109
01084759414360	56497.886165	W	0.006806
01084759545032	56497.892970	S	3.086067
01084818797516	56500.979037	W	0.006792
01084818927920	56500.985829	S	22.053545
01085242355988	56523.039374	W	0.005574
01085242463008	56523.044948	S	0.000379
01085242470280	56523.045327	W	0.150325
01085245356528	56523.195652	S	0.009880
01085245546216	56523.205532	W	0.005998
01085245661384	56523.211530	S	1.909466
01085282323132	56525.120996	W	0.006777
01085282453248	56525.127773	S	10.526249
01085484557236	56535.654023	W	0.006681
01085484685516	56535.660704	S	3.708026
01085555879612	56539.368730	W	0.007004
01085556014088	56539.375734	S	9.643563
01085741170504	56549.019297	W	0.006762
01085741300336	56549.026059	S	2.980068
01085798517644	56552.006127	W	0.006795
01085798648104	56552.012922	S	10.003665
01085990718476	56562.016587	W	0.006666
01085990846464	56562.023253	S	2.625493
01086041255920	56564.648746	W	0.006933
01086041389032	56564.655679	S	14.544206
01086320637788	56579.199885	W	0.006619
01086320764864	56579.206503	S	2.722162
01086373030376	56581.928665	W	0.006949
01086373163792	56581.935614	S	15.153532
01086664111612	56597.089146	W	0.006696
01086664240180	56597.095843	S	2.748317
01086717007864	56599.844160	W	0.006928
01086717140888	56599.851088	S	15.047967
01087006061852	56614.899055	W	0.006923
01087006194772	56614.905978	S	3.018194
01087064144092	56617.924171	W	0.006925
01087064277048	56617.931096	S	11.115770
01087277699828	56629.046866	W	0.004694
01087277789952	56629.051560	S	0.001473
01087277818228	56629.053033	W	0.446565
01087286392284	56629.499598	S	0.821911
01087302172980	56630.321509	W	0.014224
01087302446076	56630.335733	S	0.011511
01087302667080	56630.347244	W	0.014301
01087302941660	56630.361545	S	7.919399
01087454994124	56638.280944	W	0.006687
01087455122516	56638.287631	S	3.637523
01087524962964	56641.925154	W	0.006919
01087525095804	56641.932073	S	23.238105
01087971267416	56665.170178	W	0.006701
01087971396080	56665.176879	S	13.861780
01088237542260	56679.038659	W	0.006775
01088237672336	56679.045434	S	10.318636
01088435790152	56689.364070	W	0.006811
01088435920928	56689.370882	S	2.957205
01088492699272	56692.328087	W	0.006894
01088492831636	56692.334981	S	10.916380
01088702426128	56703.251361	W	0.006651
01088702553832	56703.258012	S	2.978972
01088759750104	56706.236985	W	0.007056
01088759885584	56706.244041	S	10.189260
01088955519380	56716.433301	W	0.006698
01088955647976	56716.439999	S	2.917879
01089011671256	56719.357878	W	0.006885
01089011803444	56719.364763	S	12.105425
01089244227604	56731.470188	W	0.005487
01089244332952	56731.475675	S	0.000759
01089244347532	56731.476434	W	0.157339
01089247368444	56731.633773	S	0.012866
01089247615472	56731.646639	W	0.015015
01089247903764	56731.661654	S	1.949577
01089285335640	56733.611231	W	0.006681
01089285463916	56733.617912	S	3.188870
01089346690212	56736.806782	W	0.006856
01089346821852	56736.813638	S	15.397512
01089642454088	56752.211150	W	0.006684
01089642582416	56752.217834	S	2.979891
01089699796328	56755.197725	W	0.006921
01089699929208	56755.204646	S	14.891076
01089985837868	56770.095722	W	0.006685
01089985966224	56770.102408	S	2.875466
01090041175176	56772.977874	W	0.006722
01090041304236	56772.984596	S	42.614294
01090859498680	56815.598890	W	0.006683
01090859626992	56815.605572	S	10.818032
01091067333208	56826.423605	W	0.005665
01091067441968	56826.429269	S	0.000922
01091067459668	56826.430191	W	0.208894
01091071470436	56826.639085	S	0.027991
01091072007868	56826.667076	W	0.014800
01091072292024	56826.681876	S	3.715032
01091143620632	56830.396908	W	0.006921
01091143753520	56830.403829	S	11.248972
01091359733784	56841.652801	W	0.006843
01091359865168	56841.659644	S	3.458316
01091426264836	56845.117960	W	0.006801
01091426395408	56845.124761	S	10.885966
01091635405960	56856.010727	W	0.006680
01091635534212	56856.017407	S	3.826122
01091708995760	56859.843529	W	0.006883
01091709127908	56859.850412	S	11.935548
01091938290420	56871.785959	W	0.006819
01091938421352	56871.792779	S	4.045113
01092016087520	56875.837892	W	0.006796
01092016218000	56875.844688	S	15.713896
01092317924808	56891.558584	W	0.006655
01092318052580	56891.565239	S	3.479228
01092384853760	56895.044467	W	0.007077
01092384989644	56895.051544	S	15.573358
01092683998124	56910.624902	W	0.006718
01092684127100	56910.631620	S	3.285934
01092747217040	56913.917554	W	0.006956
01092747350592	56913.924510	S	6.313944
01092868578312	56920.238454	W	0.004827
01092868670988	56920.243281	S	0.001472
01092868699248	56920.244753	W	0.053839
01092869732952	56920.298591	S	0.107398
01092871795000	56920.405990	W	0.014041
01092872064580	56920.420030	S	0.007426
01092872207164	56920.427456	W	0.005762
01092872317788	56920.433218	S	12.617202
01093114568072	56933.050420	W	0.006773
01093114698116	56933.057194	S	15.739256
01093416891828	56948.796449	W	0.007000
01093417026236	56948.803450	S	10.780464
01093624011144	56959.583914	W	0.006954
01093624144656	56959.590868	S	10.344987
01093822768408	56969.935855	W	0.006778
01093822898544	56969.942633	S	12.002924
01094053354688	56981.945557	W	0.006711
01094053483536	56981.952267	S	2.854738
01094108294512	56984.807006	W	0.006861
01094108426252	56984.813867	S	15.016628
01094396745516	56999.830496	W	0.006776
01094396875616	56999.837272	S	3.040300
01094455249368	57002.877571	W	0.006889
01094455381636	57002.884460	S	14.834976
01094740213180	57017.719436	W	0.006755
01094740342868	57017.726191	S	3.390706
01094805444428	57021.116897	W	0.006926
01094805577416	57021.123824	S	15.661124
01095106270988	57036.784947	W	0.006834
01095106402200	57036.791781	S	1.847921
01095141882284	57038.639702	W	0.004732
01095141973140	57038.644434	S	0.001495
01095142001844	57038.645929	W	0.253139
01095146862116	57038.899069	S	1.000285
01095166067588	57039.899354	W	0.014219
01095166340584	57039.913572	S	0.018551
01095166696760	57039.932123	W	0.014320
01095166971700	57039.946443	S	19.505420
01095541475768	57059.451863	W	0.006675
01095541603936	57059.458538	S	14.306994
01095816298220	57073.765532	W	0.006811
01095816428984	57073.772343	S	9.854816
01096005641452	57083.627159	W	0.006720
01096005770472	57083.633879	S	3.571535
01096074343944	57087.205414	W	0.006935
01096074477096	57087.212349	S	10.537422
01096276795600	57097.749771	W	0.006648
01096276923236	57097.756419	S	3.199961
01096338362480	57100.956379	W	0.006734
01096338491772	57100.963113	S	9.968589
01096529888680	57110.931702	W	0.006809
01096530019412	57110.938511	S	3.148128
01096590463472	57114.086639	W	0.006964
01096590597184	57114.093603	S	14.962708
01096877881176	57129.056311	W	0.006691
01096878009636	57129.063002	S	3.252191
01096940451704	57132.315193	W	0.006960
01096940585328	57132.322152	S	15.329441
01097234910596	57147.651594	W	0.006737
01097235039944	57147.658330	S	3.218418
01097296833560	57150.876748	W	0.006875
01097296965556	57150.883623	S	12.572285
01097538353436	57163.455908	W	0.005275
01097538454708	57163.461183	S	0.000721
01097538468560	57163.461904	W	0.167430
01097541683212	57163.629334	S	0.018548
01097542039328	57163.647882	W	0.005996
01097542154452	57163.653878	S	3.063625
01097600976048	57166.717503	W	0.006772
01097601106076	57166.724275	S	3.512154
01097668539432	57170.236429	W	0.006763
01097668669272	57170.243191	S	38.607798
01098409938996	57208.850989	W	0.006910
01098410071660	57208.857899	S	10.350093
01098608793436	57219.207991	W	0.006649
01098608921088	57219.214640	S	3.986992
01098685471328	57223.201632	W	0.006833
01098685602528	57223.208465	S	10.357731
01098884470956	57233.566196	W	0.006770
01098884600940	57233.572966	S	11.291636
01099101400348	57244.864601	W	0.006695
01099101528900	57244.871297	S	3.290175
01099164700252	57248.161471	W	0.007010
01099164834848	57248.168482	S	11.782016
01099391049556	57259.950498	W	0.004607
01099391138020	57259.955105	S	0.000990
01099391157036	57259.956096	W	0.142723
01099393897316	57260.098819	S	0.053255
01099394919820	57260.152074	W	0.015136
01099395210432	57260.167210	S	0.015845
01099395514660	57260.183055	W	0.014869
01099395800144	57260.197924	S	3.496850
01099462939668	57263.694774	W	0.006770
01099463069644	57263.701544	S	15.266206
01099756180804	57278.967750	W	0.006784
01099756311064	57278.974535	S	3.581036
01099825066960	57282.555571	W	0.006726
01099825196092	57282.562296	S	15.970062
01100131821280	57298.532358	W	0.006827
01100131952356	57298.539185	S	3.535458
01100199833156	57302.074644	W	0.006808
01100199963876	57302.081452	S	24.696794
01100674142328	57326.778246	W	0.006754
01100674272000	57326.785000	S	15.140748
01100964974364	57341.925748	W	0.006804
01100965104992	57341.932552	S	10.271559
01101162318924	57352.204111	W	0.006874
01101162450908	57352.210985	S	4.111360
01101241389020	57356.322345	W	0.006871
01101241520940	57356.329216	S	10.939520
01101451559728	57367.268736	W	0.006656
01101451687528	57367.275392	S	4.405660
01101536276192	57371.681052	W	0.006795
01101536406664	57371.687847	S	1.033306
01101556246144	57372.721153	W	0.004864
01101556339524	57372.726017	S	0.001481
01101556367968	57372.727498	W	0.164315
01101559522820	57372.891814	S	0.001755
01101559556512	57372.893568	W	0.014200
01101559829148	57372.907768	S	9.185555
01101736191800	57382.093323	W	0.006700
01101736320448	57382.100023	S	4.142315
01101815852904	57386.242339	W	0.006898
01101815985344	57386.249237	S	15.616719
01102115826352	57401.865956	W	0.006790
01102115956716	57401.872746	S	3.888531
01102190616512	57405.761277	W	0.006761
01102190746332	57405.768038	S	15.163853
01102481892304	57420.931891	W	0.006816
01102482023172	57420.938707	S	3.702249
01102553106348	57424.640956	W	0.006922
01102553239260	57424.647878	S	17.948569
01102897851784	57442.596447	W	0.006625
01102897978976	57442.603072	S	3.957630
01102973965476	57446.560702	W	0.006874
01102974097452	57446.567576	S	26.005440
01103473401896	57472.573015	W	0.006680
01103473530144	57472.579695	S	3.367136
01103538179156	57475.946831	W	0.005546
01103538285644	57475.952377	S	0.000690
01103538298888	57475.953067	W	0.546109
01103548784180	57476.499176	S	0.691234
01103562055868	57477.190410	W	0.014828
01103562340564	57477.205238	S	0.007176
01103562478340	57477.212414	W	0.006543
01103562603968	57477.218957	S	11.101633
01103775755316	57488.320589	W	0.006809
01103775886048	57488.327398	S	10.751522
01103982315264	57499.078920	W	0.006693
01103982443764	57499.085613	S	4.119307
01104061534452	57503.204919	W	0.006862
01104061666200	57503.211781	S	9.990367
01104253481248	57513.202148	W	0.006872
01104253613184	57513.209020	S	4.226158
01104334755412	57517.435178	W	0.006944
01104334888740	57517.442122	S	10.824258
01104542714488	57528.266380	W	0.006718
01104542843480	57528.273098	S	15.062947
01104832052072	57543.336045	W	0.006639
01104832179532	57543.342684	S	4.491898
01104918423964	57547.834581	W	0.006981
01104918558004	57547.841563	S	15.972384
01105225227768	57563.813946	W	0.006900
01105225360256	57563.820847	S	3.703101
01105296459792	57567.523947	W	0.006819
01105296590716	57567.530766	S	10.347679
01105495266148	57577.878445	W	0.005243
01105495366808	57577.883688	S	0.000725
01105495380732	57577.884413	W	0.384401
01105502761224	57578.268814	S	0.004309
01105502843960	57578.273123	W	0.014979
01105503131560	57578.288102	S	0.001001
01105503150776	57578.289103	W	0.006513
01105503275828	57578.295616	S	4.584968
01105591307208	57582.880584	W	0.006693
01105591435712	57582.887277	S	4.312954
01105674244432	57587.200231	W	0.006922
01105674377328	57587.207152	S	40.455519
01106451123284	57627.662671	W	0.006862
01106451255036	57627.669533	S	11.467101
01106671423372	57639.136634	W	0.006843
01106671554756	57639.143477	S	10.350212
01106870278836	57649.493689	W	0.006633
01106870406196	57649.500323	S	4.260957
01106952216564	57653.761279	W	0.006911
01106952349264	57653.768191	S	11.025015
01107164029560	57664.793206	W	0.006960
01107164163196	57664.800166	S	12.000591
01107394574536	57676.800757	W	0.005420
01107394678592	57676.806177	S	0.000744
01107394692868	57676.806920	W	0.091780
01107396455036	57676.898700	S	0.062892
01107397662556	57676.961591	W	0.014641
01107397943668	57676.976233	S	0.017565
01107398280912	57676.993797	W	0.014937
01107398567696	57677.008734	S	3.786394
01107471266452	57680.795128	W	0.006711
01107471395308	57680.801839	S	16.003889
01107778669968	57696.805728	W	0.006849
01107778801472	57696.812577	S	15.759482
01108081383520	57712.572058	W	0.006675
01108081511684	57712.578734	S	4.784346
01108173371136	57717.363080	W	0.007026
01108173506032	57717.370106	S	25.917157
01108671115456	57743.287263	W	0.006705
01108671244184	57743.293968	S	15.589348
01108970559656	57758.883315	W	0.006876
01108970691676	57758.890191	S	10.409232
01109170548928	57769.299423	W	0.006759
01109170678708	57769.306183	S	11.291590
01109387477236	57780.597773	W	0.006674
01109387605380	57780.604447	S	4.035013
01109465077624	57784.639460	W	0.006793
01109465208056	57784.646253	S	11.722124
01109690272828	57796.368376	W	0.006781
01109690403016	57796.375157	S	4.264197
01109772275600	57800.639354	W	0.006853
01109772407172	57800.646207	S	6.639846
01109899892216	57807.286053	W	0.004682
01109899982112	57807.290735	S	0.001498
01109900010880	57807.292233	W	0.407016
01109907825596	57807.699250	S	0.847174
01109924091328	57808.546423	W	0.014010
01109924360312	57808.560433	S	0.012552
01109924601308	57808.572985	W	0.014430
01109924878368	57808.587415	S	7.788511
01110074417772	57816.375926	W	0.006748
01110074547336	57816.382674	S	16.705193
01110395287040	57833.087867	W	0.006780
01110395417224	57833.094647	S	15.999840
01110702614144	57849.094487	W	0.006954
01110702747660	57849.101441	S	24.708287
01111177146768	57873.809727	W	0.006760
01111177276552	57873.816487	S	11.060866
01111389645184	57884.877353	W	0.006670
01111389773248	57884.884023	S	4.396125
01111474178848	57889.280148	W	0.006904
01111474311412	57889.287053	S	10.894934
01111683494136	57900.181986	W	0.006694
01111683622656	57900.188680	S	3.655302
01111753804460	57903.843982	W	0.006736
01111753933788	57903.850718	S	11.155862
01111968126336	57915.006580	W	0.006683
01111968254656	57915.013263	S	5.150543
01112067145076	57920.163806	W	0.006834
01112067276280	57920.170640	S	15.780143
01112370255020	57935.950782	W	0.006774
01112370385084	57935.957556	S	15.334927
01112664815684	57951.292484	W	0.006790
01112664946056	57951.299274	S	3.579559
01112733673588	57954.878833	W	0.006772
01112733803604	57954.885604	S	15.902414
01113039129952	57970.788018	W	0.006760
01113039259748	57970.794779	S	8.000175
01113192863100	57978.794953	W	0.004721
01113192953740	57978.799674	S	0.001469
01113192981940	57978.801143	W	0.142996
01113195727464	57978.944139	S	0.008934
01113195898992	57978.953073	W	0.013895
01113196165772	57978.966967	S	31.364904
01113798371924	58010.331871	W	0.006857
01113798503588	58010.338729	S	11.056824
01114010794616	58021.395553	W	0.006619
01114010921704	58021.402172	S	3.556470
01114079205928	58024.958642	W	0.006812
01114079336712	58024.965454	S	10.553353
01114281961084	58035.518806	W	0.006671
01114282089160	58035.525477	S	3.997523
01114358841592	58039.523000	W	0.006881
01114358973712	58039.529881	S	11.053514
01114571201188	58050.583395	W	0.006797
01114571331700	58050.590193	S	4.769424
01114662904636	58055.359616	W	0.006899
01114663037096	58055.366515	S	15.929791
01114968889084	58071.296306	W	0.006881
01114969021208	58071.303188	S	15.999706
01115276215564	58087.302894	W	0.006905
01115276348136	58087.309799	S	16.003696
01115583619092	58103.313494	W	0.006865
01115583750892	58103.320359	S	11.790001
01115810118920	58115.110360	W	0.004711
01115810209372	58115.115071	S	0.001478
01115810237744	58115.116549	W	0.161922
01115813346640	58115.278471	S	0.022545
01115813779512	58115.301016	W	0.006401
01115813902416	58115.307418	S	14.185087
01116086256092	58129.492505	W	0.006814
01116086386916	58129.499319	S	15.773578
01116389239612	58145.272896	W	0.006786
01116389369912	58145.279683	S	12.878270
01116636632700	58158.157953	W	0.006868
01116636764556	58158.164821	S	11.051106
01116848945796	58169.215927	W	0.006872
01116849077740	58169.222799	S	11.296797
01117065976236	58180.519596	W	0.006801
01117066106816	58180.526397	S	4.276645
01117148218396	58184.803041	W	0.006796
01117148348880	58184.809837	S	15.713046
01117450039360	58200.522883	W	0.006634
01117450166736	58200.529517	S	4.428334
01117535190740	58204.957851	W	0.006706
01117535319488	58204.964557	S	15.330234
01117829659976	58220.294790	W	0.006636
01117829787388	58220.301426	S	3.696340
01117900757112	58223.997766	W	0.006824
01117900888124	58224.004590	S	10.834635
01118108913112	58234.839225	W	0.005357
01118109015960	58234.844581	S	0.000750
01118109030364	58234.845331	W	0.653331
01118121574328	58235.498663	S	0.582684
01118132761860	58236.081347	W	0.014937
01118133048656	58236.096284	S	0.015766
01118133351372	58236.112051	W	0.014964
01118133638688	58236.127015	S	4.651056
01118222938956	58240.778071	W	0.006783
01118223069184	58240.784853	S	4.487706
01118309233136	58245.272559	W	0.006890
01118309365432	58245.279450	S	24.681140
01118783243328	58269.960590	W	0.006663
01118783371264	58269.967253	S	14.675187
01119065134856	58284.642440	W	0.006899
01119065267320	58284.649340	S	10.026475
01119257775636	58294.675814	W	0.006828
01119257906740	58294.682643	S	4.836064
01119350759160	58299.518706	W	0.007025
01119350894032	58299.525731	S	10.921405
01119560585004	58310.447136	W	0.006805
01119560715656	58310.453940	S	4.423503
01119645646916	58314.877444	W	0.006844
01119645778320	58314.884287	S	11.573468
01119867988908	58326.457756	W	0.006635
01119868116300	58326.464391	S	3.617990
01119937581708	58330.082381	W	0.007093
01119937717900	58330.089474	S	5.181740
01120037207308	58335.271214	W	0.004721
01120037297952	58335.275935	S	0.001497
01120037326696	58335.277432	W	0.162596
01120040448548	58335.440029	S	0.023419
01120040898184	58335.463447	W	0.014025
01120041167468	58335.477472	S	10.041472
01120233963740	58345.518945	W	0.006818
01120234094644	58345.525763	S	4.073237
01120312300796	58349.599000	W	0.006714
01120312429712	58349.605714	S	14.743883
01120595512272	58364.349597	W	0.006674
01120595640412	58364.356271	S	3.805883
01120668713360	58368.162154	W	0.006753
01120668843012	58368.168907	S	16.663518
01120988782556	58384.832425	W	0.006890
01120988914836	58384.839314	S	37.650081
01121711796400	58422.489396	W	0.006819
01121711927328	58422.496215	S	15.255185
01122004826884	58437.751400	W	0.006797
01122004957380	58437.758197	S	1.825658
01122040010012	58439.583855	W	0.004891
01122040103916	58439.588746	S	0.001486
01122040132452	58439.590232	W	0.108493
01122042215516	58439.698725	S	0.037658
01122042938544	58439.736382	W	0.013484
01122043197428	58439.749866	S	0.018262
01122043548056	58439.768128	W	0.013960
01122043816080	58439.782088	S	8.369174
01122204504220	58448.151261	W	0.006712
01122204633096	58448.157974	S	3.673270
01122275159884	58451.831244	W	0.007093
01122275296072	58451.838337	S	9.494222
01122457585132	58461.332559	W	0.006560
01122457711088	58461.339119	S	3.791026
01122530498788	58465.130145	W	0.006833
01122530629988	58465.136979	S	10.314188
01122728662404	58475.451167	W	0.006871
01122728794324	58475.458038	S	3.753083
01122800853508	58479.211120	W	0.006781
01122800983704	58479.217901	S	15.774514
01123103854364	58494.992415	W	0.006647
01123103981980	58494.999061	S	3.719193
01123175390484	58498.718254	W	0.006954
01123175524004	58498.725209	S	15.333106
01123469919632	58514.058314	W	0.006678
01123470047852	58514.064992	S	3.686605
01123540830672	58517.751597	W	0.006756
01123540960396	58517.758354	S	18.896581
01123903774752	58536.654935	W	0.006669
01123903902788	58536.661604	S	4.754575
01123995190624	58541.416178	W	0.005546
01123995297100	58541.421724	S	0.000680
01123995310148	58541.422404	W	0.144409
01123998082792	58541.566812	S	0.014965
01123998370116	58541.581777	W	0.014761
01123998653520	58541.596538	S	9.434539
01124179796676	58551.031077	W	0.006940
01124179929916	58551.038016	S	9.861458
01124369269900	58560.899474	W	0.006684
01124369398232	58560.906158	S	3.730814
01124441029860	58564.636972	W	0.006708
01124441158648	58564.643680	S	10.379092
01124640437208	58575.022771	W	0.006763
01124640567064	58575.029535	S	3.681721
01124711256112	58578.711256	W	0.006922
01124711389020	58578.718178	S	10.575175
01124914432372	58589.293353	W	0.006820
01124914563320	58589.300173	S	3.649412
01124984632036	58592.949585	W	0.006824
01124984763056	58592.956409	S	15.254918
01125277657480	58608.211327	W	0.006767
01125277787404	58608.218094	S	3.850875
01125351724208	58612.068969	W	0.006902
01125351856728	58612.075871	S	15.912666
01125657379924	58627.988538	W	0.006838
01125657511208	58627.995375	S	3.204140
01125719030696	58631.199515	W	0.006796
01125719161188	58631.206312	S	9.974622
01125910673928	58641.180934	W	0.004949
01125910768940	58641.185882	S	0.001469
01125910797148	58641.187351	W	0.111228
01125912932732	58641.298580	S	0.017834
01125913275144	58641.316414	W	0.014802
01125913559336	58641.331215	S	0.015490
01125913856740	58641.346705	W	0.006144
01125913974712	58641.352850	S	6.398969
01126036834920	58647.751819	W	0.006790
01126036965296	58647.758609	S	3.281315
01126099966540	58651.039924	W	0.006860
01126100098248	58651.046784	S	23.774250
01126556563844	58674.821034	W	0.006651
01126556691548	58674.827685	S	14.123029
01126827853708	58688.950714	W	0.006860
01126827985416	58688.957574	S	11.284712
01127044651880	58700.242285	W	0.006653
01127044779616	58700.248938	S	3.260246
01127107376344	58703.509185	W	0.006937
01127107509540	58703.516122	S	10.854119
01127315908620	58714.370241	W	0.006829
01127316039736	58714.377070	S	3.692051
01127386927120	58718.069121	W	0.006830
01127387058264	58718.075951	S	10.416917
01127587063064	58728.492868	W	0.006788
01127587193392	58728.499656	S	3.180860
01127648265900	58731.680516	W	0.006964
01127648399616	58731.687480	S	0.001109
01127648420916	58731.688589	W	0.007217
01127648559488	58731.695807	S	9.325534
01127827609732	58741.021340	W	0.004700
01127827699972	58741.026040	S	0.001520
01127827729164	58741.027561	W	0.671375
01127840619564	58741.698936	S	0.568324
01127851531388	58742.267260	W	0.014614
01127851811976	58742.281874	S	0.014943
01127852098888	58742.296817	W	0.006124
01127852216472	58742.302941	S	5.251179
01127953039116	58747.554121	W	0.006882
01127953171244	58747.561002	S	3.469783
01128019791072	58751.030785	W	0.006727
01128019920224	58751.037512	S	15.351865
01128314676028	58766.389376	W	0.006777
01128314806156	58766.396154	S	3.200919
01128376263800	58769.597073	W	0.006926
01128376396776	58769.603999	S	15.611991
01128676147004	58785.215990	W	0.006818
01128676277912	58785.222808	S	3.097871
01128735757028	58788.320679	W	0.006930
01128735890080	58788.327608	S	41.140183
01129525781592	58829.467791	W	0.006682
01129525909884	58829.474473	S	10.964956
01129736437032	58840.439429	W	0.005649
01129736545500	58840.445078	S	0.000961
01129736563960	58840.446040	W	0.175899
01129739941220	58840.621939	S	0.022981
01129740382448	58840.644919	W	0.006080
01129740499176	58840.650999	S	3.989576
01129817099036	58844.640575	W	0.007080
01129817234980	58844.647655	S	10.952705
01130027526916	58855.600360	W	0.006678
01130027655128	58855.607038	S	3.762901
01130099902832	58859.369939	W	0.006841
01130100034180	58859.376780	S	10.581526
01130303199488	58869.958307	W	0.006700
01130303328128	58869.965007	S	3.950918
01130379185744	58873.915924	W	0.006763
01130379315596	58873.922687	S	10.154236
01130574276928	58884.076923	W	0.006825
01130574407972	58884.083749	S	3.266387
01130637122612	58887.350136	W	0.006752
01130637252252	58887.356888	S	15.319979
01130931395840	58902.676867	W	0.006794
01130931526284	58902.683661	S	3.872911
01131005886184	58906.556572	W	0.006859
01131006017880	58906.563431	S	17.062312
01131333614264	58923.625743	W	0.006849
01131333745764	58923.632592	S	10.668878
01131538588220	58934.301470	W	0.005283
01131538689660	58934.306753	S	0.000789
01131538704800	58934.307542	W	0.157771
01131541734004	58934.465313	S	0.011382
01131541952532	58934.476694	W	0.006474
01131542076832	58934.483168	S	9.713151
01131728569332	58944.196319	W	0.006957
01131728702900	58944.203276	S	11.199377
01131943730932	58955.402653	W	0.006843
01131943862320	58955.409496	S	3.300451
01132007230984	58958.709947	W	0.006859
01132007362680	58958.716806	S	11.044433
01132219415792	58969.761239	W	0.006648
01132219543432	58969.767887	S	3.661341
01132289841176	58973.429228	W	0.006927
01132289974168	58973.436155	S	9.506403
01132472497108	58982.942558	W	0.006674
01132472625252	58982.949232	S	3.599998
01132541745204	58986.549229	W	0.006736
01132541874540	58986.555966	S	15.213196
01132833967900	59001.769161	W	0.006758
01132834097656	59001.775920	S	3.503336
01132901361704	59005.279255	W	0.006860
01132901493424	59005.286116	S	16.254976
01133213588972	59021.541092	W	0.006764
01133213718844	59021.547856	S	4.210251
01133294555672	59025.758108	W	0.006830
01133294686800	59025.764937	S	16.259377
01133606866836	59042.024314	W	0.006831
01133606997984	59042.031145	S	3.888497
01133681657132	59045.919642	W	0.006711
01133681785976	59045.926353	S	2.944978
01133738329552	59048.871331	W	0.004646
01133738418752	59048.875977	S	0.001488
01133738447320	59048.877465	W	0.158186
01133741484500	59049.035651	S	0.012750
01133741729304	59049.048401	W	0.014351
01133742004844	59049.062752	S	22.379459
01134171690456	59071.442211	W	0.006678
01134171818676	59071.448889	S	14.140490
01134443316080	59085.589379	W	0.006907
01134443448692	59085.596286	S	10.095171
01134637275984	59095.691457	W	0.006683
01134637404292	59095.698140	S	3.337856
01134701491124	59099.035996	W	0.006791
01134701621508	59099.042787	S	10.767230
01134908352332	59109.810017	W	0.006769
01134908482300	59109.816786	S	3.632652
01134978229212	59113.449438	W	0.006722
01134978358280	59113.456160	S	10.717200
01135184128520	59124.173360	W	0.006760
01135184258320	59124.180121	S	3.647488
01135254290092	59127.827609	W	0.006962
01135254423772	59127.834571	S	15.870655
01135559140344	59143.705226	W	0.006700
01135559268992	59143.711927	S	3.316519
01135622946148	59147.028445	W	0.006815
01135623076992	59147.035260	S	15.735945
01135925207140	59162.771205	W	0.006782
01135925337348	59162.777987	S	3.929498
01136000783716	59166.707485	W	0.006954
01136000917240	59166.714440	S	8.888722
01136171580708	59175.603162	W	0.004644
01136171669872	59175.607806	S	0.001476
01136171698212	59175.609282	W	0.490006
01136181106324	59176.099288	S	0.740615
01136195326124	59176.839902	W	0.014838
01136195611020	59176.854741	S	0.014675
01136195892780	59176.869416	W	0.015160
01136196183852	59176.884576	S	5.423868
01136300322124	59182.308444	W	0.006724
01136300451216	59182.315167	S	3.593213
01136369440904	59185.908380	W	0.006838
01136369572188	59185.915218	S	41.452423
01137165458712	59227.367641	W	0.006788
01137165589032	59227.374429	S	15.024663
01137454062564	59242.399092	W	0.006782
01137454192784	59242.405874	S	11.845909
01137681634232	59254.251783	W	0.006875
01137681766228	59254.258658	S	11.850793
01137909301456	59266.109451	W	0.006794
01137909431900	59266.116245	S	3.637654
01137979274856	59269.753899	W	0.006871
01137979406780	59269.760770	S	5.786233
01138090502456	59275.547003	W	0.005361
01138090605388	59275.552364	S	0.000715
01138090619116	59275.553079	W	0.156975
01138093633044	59275.710054	S	0.012001
01138093863472	59275.722056	W	0.015097
01138094153336	59275.737153	S	5.431856
01138198444964	59281.169009	W	0.006857
01138198576612	59281.175865	S	15.999462
01138505766288	59297.175328	W	0.006701
01138505894952	59297.182029	S	3.606587
01138575141424	59300.788616	W	0.006794
01138575271872	59300.795410	S	16.387858
01138889918752	59317.183268	W	0.006881
01138890050872	59317.190150	S	3.445131
01138956197392	59320.635281	W	0.006721
01138956326440	59320.642002	S	19.843876
01139337328852	59340.485878	W	0.006805
01139337459512	59340.492683	S	15.655589
01139638046820	59356.148272	W	0.006899
01139638179272	59356.155170	S	11.639878
01139861664936	59367.795049	W	0.006705
01139861793664	59367.801753	S	4.025934
01139939091596	59371.827687	W	0.006966
01139939225348	59371.834654	S	11.966356
01140168979388	59383.801010	W	0.006680
01140169107640	59383.807690	S	3.859955
01140243218780	59387.667645	W	0.006879
01140243350856	59387.674524	S	2.944492
01140299885112	59390.619016	W	0.004748
01140299976272	59390.623764	S	0.001485
01140300004792	59390.625250	W	0.073450
01140301415040	59390.698700	S	0.071263
01140302783284	59390.769963	W	0.013790
01140303048044	59390.783752	S	0.003309
01140303111576	59390.787061	W	0.013076
01140303362640	59390.800138	S	7.123779
01140440139200	59397.923917	W	0.006970
01140440273028	59397.930887	S	15.994655
01140747370408	59413.925542	W	0.006689
01140747498840	59413.932231	S	3.655395
01140817682420	59417.587626	W	0.006729
01140817811620	59417.594355	S	16.108471
01141127094268	59433.702826	W	0.006703
01141127222972	59433.709530	S	3.725316
01141198749044	59437.434846	W	0.006740
01141198878448	59437.441586	S	16.263444
01141511136576	59453.705030	W	0.006842
01141511267936	59453.711872	S	24.238157
01141976640548	59477.950029	W	0.006690
01141976768996	59477.956719	S	15.951141
01142283030912	59493.907860	W	0.006861
01142283162636	59493.914721	S	10.398126
01142482806660	59504.312847	W	0.006892
01142482938980	59504.319739	S	3.423900
01142548677856	59507.743638	W	0.004721
01142548768496	59507.748359	S	0.001493
01142548797156	59507.749852	W	0.149111
01142551660092	59507.898963	S	0.006707
01142551788872	59507.905670	W	0.014139
01142552060344	59507.919810	S	0.018309
01142552411876	59507.938119	W	0.014311
01142552686640	59507.952429	S	7.663411
01142699824136	59515.615840	W	0.006820
01142699955080	59515.622660	S	3.973024
01142776237140	59519.595684	W	0.006895
01142776369532	59519.602580	S	12.019876
01143007151148	59531.622456	W	0.006676
01143007279332	59531.629132	S	3.718042
01143078665736	59535.347174	W	0.006846
01143078797176	59535.354020	S	16.040348
01143386771856	59551.394367	W	0.006799
01143386902388	59551.401166	S	4.276471
01143469010624	59555.677637	W	0.006728
01143469139796	59555.684364	S	16.423921
01143784479076	59572.108285	W	0.006645
01143784606656	59572.114930	S	4.197674
01143865201992	59576.312604	W	0.006922
01143865334892	59576.319526	S	16.738055
01144186705552	59593.057581	W	0.006661
01144186833436	59593.064241	S	4.048365
01144264562036	59597.112606	W	0.006883
01144264694184	59597.119489	S	12.395347
01144502684844	59609.514836	W	0.004717
01144502775404	59609.519552	S	0.001482
01144502803864	59609.521035	W	0.378424
01144510069604	59609.899459	S	0.888837
01144527135272	59610.788295	W	0.014114
01144527406268	59610.802410	S	0.012366
01144527643688	59610.814775	W	0.005569
01144527750612	59610.820344	S	26.359322
01145033849600	59637.179667	W	0.006757
01145033979344	59637.186424	S	10.475593
01145235110732	59647.662017	W	0.006848
01145235242216	59647.668865	S	3.688285
01145306057288	59651.357150	W	0.006983
01145306191368	59651.364134	S	10.646480
01145510603776	59662.010613	W	0.006694
01145510732304	59662.017307	S	4.054921
01145588586780	59666.072228	W	0.006774
01145588716848	59666.079003	S	9.593552
01145772913044	59675.672554	W	0.006681
01145773041316	59675.679235	S	3.994109
01145849728200	59679.673344	W	0.007011
01145849862812	59679.680355	S	16.003754
01146157134884	59695.684109	W	0.006892
01146157267212	59695.691001	S	15.764117
01146459938268	59711.455118	W	0.006856
01146460069908	59711.461974	S	4.214529
01146540988868	59715.676504	W	0.006944
01146541122184	59715.683447	S	15.544254
01146839571856	59731.227701	W	0.006799
01146839702392	59731.234500	S	3.792394
01146912516352	59735.026893	W	0.006743
01146912645812	59735.033636	S	6.312572
01147033847204	59741.346209	W	0.004729
01147033938004	59741.350938	S	0.001543
01147033967620	59741.352480	W	0.168698
01147037206616	59741.521178	S	0.015734
01147037508716	59741.536912	W	0.006800
01147037639276	59741.543712	S	18.307491
01147389143104	59759.851203	W	0.006963
01147389276800	59759.858167	S	10.909380
01147598736900	59770.767547	W	0.006652
01147598864616	59770.774199	S	3.460880
01147665313512	59774.235079	W	0.006943
01147665446816	59774.242022	S	9.706820
01147851817760	59783.948842	W	0.006656
01147851945552	59783.955497	S	4.041133
01147929535308	59787.996631	W	0.007030
01147929670284	59788.003661	S	11.245080
01148145575816	59799.248740	W	0.006663
01148145703736	59799.255403	S	4.411244
01148230399624	59803.666647	W	0.006821
01148230530596	59803.673469	S	14.853882
01148515725128	59818.527350	W	0.006635
01148515852524	59818.533986	S	3.850990
01148589791532	59822.384976	W	0.006983
01148589925600	59822.391958	S	16.405619
01148904913480	59838.797577	W	0.006915
01148905046240	59838.804492	S	15.999409
01149212234884	59854.803900	W	0.006796
01149212365360	59854.810696	S	3.594172
01149281373464	59858.404868	W	0.006945
01149281506816	59858.411813	S	5.820365
01149393257828	59864.232179	W	0.004842
01149393350788	59864.237020	S	0.001469
01149393378988	59864.238489	W	0.169673
01149396636708	59864.408162	S	0.023155
01149397081284	59864.431317	W	0.014227
01149397354448	59864.445544	S	18.368955
01149750038380	59882.814499	W	0.006655
01149750166156	59882.821154	S	14.295042
01150024630960	59897.116196	W	0.007010
01150024765552	59897.123206	S	10.402505
01150224493644	59907.525711	W	0.006696
01150224622204	59907.532406	S	3.660612
01150294905952	59911.193018	W	0.006777
01150295036080	59911.199796	S	11.394502
01150513810516	59922.594298	W	0.006805
01150513941180	59922.601103	S	3.955271
01150589882388	59926.556374	W	0.006724
01150590011492	59926.563099	S	10.855819
01150798443220	59937.418918	W	0.006779
01150798573380	59937.425697	S	4.325580
01150881624524	59941.751277	W	0.007059
01150881760064	59941.758337	S	15.673197
01151182685440	59957.431533	W	0.006647
01151182813068	59957.438181	S	4.787894
01151274740640	59962.226075	W	0.006851
01151274872172	59962.232926	S	15.672512
01151575784412	59977.905438	W	0.006702
01151575913092	59977.912140	S	3.363701
01151640496148	59981.275841	W	0.007025
01151640631036	59981.282866	S	5.817704
01151752330960	59987.100571	W	0.004721
01151752421608	59987.105292	S	0.001502
01151752450448	59987.106794	W	0.592616
01151763828668	59987.699410	S	0.677870
01151776843768	59988.377280	W	0.014160
01151777115632	59988.391439	S	0.021771
01151777533632	59988.413210	W	0.014354
01151777809220	59988.427564	S	8.543784
01151941849876	59996.971348	W	0.006666
01151941977868	59996.978014	S	3.967964
01152018162776	60000.945978	W	0.006878
01152018294840	60000.952856	S	40.247704
01152791050748	60041.200560	W	0.006829
01152791181864	60041.207389	S	15.588229
01153090475860	60056.795618	W	0.006836
01153090607112	60056.802454	S	11.729986
01153315822848	60068.532440	W	0.006670
01153315950904	60068.539110	S	3.931663
01153391438836	60072.470773	W	0.006779
01153391568996	60072.477552	S	10.884135
01153600544392	60083.361687	W	0.006586
01153600670840	60083.368273	S	4.302471
01153683278292	60087.670744	W	0.006930
01153683411356	60087.677675	S	3.105827
01153743043240	60090.783502	W	0.004626
01153743132052	60090.788128	S	0.001487
01153743160604	60090.789615	W	0.154260
01153746122400	60090.943875	S	0.024591
01153746594556	60090.968466	W	0.014202
01153746867236	60090.982669	S	8.380281
01153907768632	60099.362950	W	0.006820
01153907899580	60099.369770	S	4.145381
01153987490904	60103.515151	W	0.007004
01153987625384	60103.522155	S	15.617653
01154287484320	60119.139808	W	0.006891
01154287616632	60119.146700	S	15.994801
01154594716808	60135.141500	W	0.006870
01154594848704	60135.148370	S	3.716984
01154666214792	60138.865354	W	0.006861
01154666346524	60138.872215	S	19.100827
01155033082404	60157.973042	W	0.007021
01155033217200	60157.980062	S	11.061298
01155245594128	60169.041361	W	0.006698
01155245722724	60169.048059	S	3.255463
01155308227616	60172.303522	W	0.006905
01155308360184	60172.310426	S	10.854240
01155516761592	60183.164666	W	0.006616
01155516888624	60183.171282	S	3.859468
01155590990404	60187.030750	W	0.007062
01155591126000	60187.037812	S	6.158096
01155709361452	60193.195909	W	0.005809
01155709472984	60193.201718	S	0.000711
01155709486636	60193.202429	W	0.168600
01155712723748	60193.371029	S	0.022624
01155713158132	60193.393653	W	0.006210
01155713277356	60193.399862	S	3.882320
01155787817908	60197.282183	W	0.007007
01155787952444	60197.289190	S	15.292915
01156081576412	60212.582105	W	0.006776
01156081706504	60212.588880	S	15.768566
01156384462976	60228.357447	W	0.006957
01156384596548	60228.364404	S	15.053354
01156673620952	60243.417758	W	0.006796
01156673751436	60243.424554	S	3.450598
01156740002912	60246.875152	W	0.006704
01156740131620	60246.881855	S	21.255402
01157148235344	60268.137257	W	0.006894
01157148367700	60268.144151	S	25.036724
01157629072796	60293.180875	W	0.006835
01157629204028	60293.187710	S	15.282088
01157922620124	60308.469798	W	0.006772
01157922750140	60308.476570	S	10.499148
01158124333780	60318.975718	W	0.006904
01158124466344	60318.982622	S	11.296807
01158341365048	60330.279430	W	0.006825
01158341496092	60330.286255	S	3.936812
01158417082884	60334.223067	W	0.006769
01158417212840	60334.229835	S	2.317765
01158461713924	60336.547600	W	0.004710
01158461804364	60336.552311	S	0.001502
01158461833200	60336.553813	W	0.345482
01158468466452	60336.899294	S	0.914392
01158486022780	60337.813686	W	0.014058
01158486292684	60337.827744	S	0.015720
01158486594500	60337.843464	W	0.005743
01158486704756	60337.849206	S	6.548194
01158612430080	60344.397400	W	0.006791
01158612560468	60344.404191	S	3.107080
01158672216408	60347.511271	W	0.006934
01158672349548	60347.518206	S	16.656472
01158992153816	60364.174678	W	0.006777
01158992283928	60364.181455	S	3.663300
01159062619280	60367.844754	W	0.006896
01159062751692	60367.851651	S	15.148876
01159353610120	60383.000527	W	0.006828
01159353741220	60383.007355	S	3.855479
01159427766408	60386.862834	W	0.006781
01159427896596	60386.869614	S	16.609523
01159746799428	60403.479137	W	0.006895
01159746931804	60403.486031	S	3.386740
01159811957212	60406.872771	W	0.006815
01159812088068	60406.879587	S	30.240629
01160392708136	60437.120215	W	0.005548
01160392814652	60437.125763	S	0.000812
01160392830252	60437.126576	W	0.156790
01160395840628	60437.283366	S	0.015122
01160396130968	60437.298488	W	0.014656
01160396412360	60437.313144	S	8.770505
01160564806048	60446.083648	W	0.006947
01160564939428	60446.090595	S	14.553263
01160844362068	60460.643858	W	0.007048
01160844497388	60460.650906	S	9.916704
01161034898100	60470.567609	W	0.006795
01161035028564	60470.574404	S	3.976320
01161111373908	60474.550724	W	0.006715
01161111502828	60474.557439	S	11.781396
01161337705640	60486.338835	W	0.006699
01161337834264	60486.345535	S	3.408360
01161403274772	60489.753894	W	0.006995
01161403409068	60489.760889	S	9.994543
01161595304296	60499.755432	W	0.006579
01161595430612	60499.762011	S	3.267686
01161658170192	60503.029698	W	0.006896
01161658302604	60503.036594	S	17.197082
01161988486576	60520.233676	W	0.006942
01161988619860	60520.240618	S	15.058054
01162277734496	60535.298672	W	0.006699
01162277863112	60535.305370	S	3.408022
01162343297132	60538.713392	W	0.006915
01162343429896	60538.720307	S	11.518458
01162564584292	60550.238765	W	0.005496
01162564689816	60550.244261	S	0.000862
01162564706368	60550.245123	W	0.210739
01162568752552	60550.455862	S	0.015845
01162569056772	60550.471707	W	0.014373
01162569332740	60550.486080	S	8.728764
01162736925012	60559.214844	W	0.006842
01162737056376	60559.221686	S	10.913497
01162946595524	60570.135184	W	0.006652
01162946723244	60570.141836	S	3.771469
01163019135456	60573.913305	W	0.006952
01163019268936	60573.920257	S	10.338210
01163217762560	60584.258467	W	0.006715
01163217891488	60584.265182	S	3.558586
01163286216332	60587.823767	W	0.006699
01163286344948	60587.830466	S	10.550608
01163488916628	60598.381074	W	0.006691
01163489045088	60598.387765	S	3.684408
01163559785720	60602.072173	W	0.006972
01163559919576	60602.079145	S	16.069444
01163868452908	60618.148589	W	0.006858
01163868584584	60618.155447	S	15.058248
01164157702936	60633.213695	W	0.006612
01164157829892	60633.220307	S	4.408388
01164242470948	60637.628695	W	0.006900
01164242603432	60637.635595	S	15.349948
01164537322424	60652.985543	W	0.006787
01164537452728	60652.992330	S	3.956384
01164613415292	60656.948713	W	0.006975
01164613549204	60656.955688	S	6.632709
01164740897212	60663.588396	W	0.004870
01164740990708	60663.593266	S	0.001483
01164741019176	60663.594749	W	0.103843
01164743012952	60663.698591	S	1.142413
01164764947280	60664.841004	W	0.013801
01164765212252	60664.854805	S	0.017233
01164765543120	60664.872037	W	0.014208
01164765815908	60664.886245	S	16.635919
01165085225552	60681.522164	W	0.006877
01165085357588	60681.529041	S	15.420594
01165381432992	60696.949635	W	0.007048
01165381568308	60696.956683	S	10.873316
01165590335984	60707.829999	W	0.006824
01165590467000	60707.836823	S	3.686579
01165661249324	60711.523402	W	0.006756
01165661379044	60711.530159	S	10.423175
01165861504012	60721.953334	W	0.006794
01165861634456	60721.960128	S	4.109622
01165940539204	60726.069750	W	0.006986
01165940673328	60726.076736	S	11.882463
01166168816624	60737.959199	W	0.006821
01166168947580	60737.966020	S	4.265559
01166250846304	60742.231578	W	0.006886
01166250978524	60742.238465	S	16.434313
01166566517332	60758.672778	W	0.006945
01166566650680	60758.679723	S	15.768716
01166869410020	60774.448439	W	0.006818
01166869540920	60774.455256	S	4.257276
01166951280620	60778.712532	W	0.006844
01166951412028	60778.719376	S	8.384770
01167112399612	60787.104146	W	0.004848
01167112492684	60787.108994	S	0.001481
01167112521124	60787.110475	W	0.237937
01167117089512	60787.348412	S	0.015014
01167117377772	60787.363426	W	0.005672
01167117486680	60787.369098	S	7.081923
01167253459596	60794.451021	W	0.006800
01167253590164	60794.457821	S	3.774935
01167326068924	60798.232756	W	0.006870
01167326200832	60798.239627	S	38.344860
01168062422140	60836.584486	W	0.006893
01168062554488	60836.591380	S	10.355480
01168261379700	60846.946859	W	0.006881
01168261511816	60846.953740	S	3.755577
01168333618900	60850.709318	W	0.006895
01168333751288	60850.716213	S	9.927886
01168524366708	60860.644099	W	0.006785
01168524496984	60860.650885	S	3.658020
01168594730968	60864.308905	W	0.006777
01168594861088	60864.315682	S	11.107695
01168808128824	60875.423376	W	0.006806
01168808259508	60875.430183	S	3.760859
01168880468004	60879.191042	W	0.006863
01168880599772	60879.197905	S	9.023959
01169053859784	60888.221864	W	0.004874
01169053953356	60888.226737	S	0.001463
01169053981448	60888.228200	W	0.161954
01169057090968	60888.390155	S	0.021398
01169057501816	60888.411553	W	0.014052
01169057771612	60888.425605	S	7.480386
01169201395016	60895.905990	W	0.006810
01169201525772	60895.912801	S	3.596141
01169270571684	60899.508942	W	0.006813
01169270702496	60899.515755	S	15.216804
01169562865136	60914.732559	W	0.006681
01169562993420	60914.739241	S	3.650025
01169633073908	60918.389266	W	0.006784
01169633204164	60918.396050	S	16.108441
01169942486228	60934.504491	W	0.006665
01169942614196	60934.511156	S	3.716904
01170013978760	60938.228060	W	0.006938
01170014111960	60938.234998	S	23.808984
01170471244448	60962.043982	W	0.006763
01170471374304	60962.050745	S	10.350950
01170670112548	60972.401695	W	0.006687
01170670240940	60972.408382	S	3.422470
01170735952368	60975.830853	W	0.006934
01170736085504	60975.837787	S	10.686550
01170941267256	60986.524336	W	0.006801
01170941397832	60986.531137	S	2.591640
01170991157328	60989.122778	W	0.005648
01170991265772	60989.128426	S	0.000644
01170991278140	60989.129070	W	0.143332
01170994030116	60989.272402	S	0.016511
01170994347136	60989.288913	W	0.005944
01170994461264	60989.294857	S	0.772541
01171009294048	60990.067398	W	0.006779
01171009424208	60990.074177	S	10.573053
01171212426832	61000.647231	W	0.006755
01171212556528	61000.653986	S	15.764179
01171515228772	61016.418165	W	0.006799
01171515359320	61016.424965	S	3.565596
01171583818768	61019.990561	W	0.006737
01171583948112	61019.997297	S	16.192852
01171894850872	61036.190150	W	0.006681
01171894979144	61036.196830	S	3.635311
01171964777116	61039.832141	W	0.006972
01171964910976	61039.839113	S	15.416923
01172260915888	61055.256036	W	0.006834
01172261047108	61055.262870	S	3.605999
01172330282280	61058.868869	W	0.007021
01172330417092	61058.875890	S	20.771019
01172729220656	61079.646909	W	0.005812
01172729332252	61079.652721	S	0.000379
01172729339520	61079.653100	W	1.268177
01172753688524	61080.921277	S	0.016087
01172753997396	61080.937364	W	0.014794
01172754281440	61080.952158	S	4.710444
01172844721972	61085.662603	W	0.006658
01172844849800	61085.669260	S	15.757741
01173147398424	61101.427001	W	0.006763
01173147528272	61101.433764	S	11.020743
01173359126536	61112.454507	W	0.006789
01173359256884	61112.461296	S	3.528844
01173427010684	61115.990140	W	0.006828
01173427141780	61115.996968	S	10.580779
01173630292740	61126.577747	W	0.006700
01173630421388	61126.584447	S	3.637268
01173700256940	61130.221716	W	0.006728
01173700386112	61130.228443	S	9.835286
01173889223600	61140.063729	W	0.006676
01173889351780	61140.070405	S	3.761367
01173961570020	61143.831772	W	0.006848
01173961701500	61143.838620	S	16.634413
01174281082232	61160.473033	W	0.006747
01174281211780	61160.479780	S	3.668168
01174351640612	61164.147949	W	0.006713
01174351769504	61164.154662	S	16.325624
01174665221484	61180.480286	W	0.006869
01174665353376	61180.487155	S	3.499560
01174732544920	61183.986715	W	0.006911
01174732677616	61183.993626	S	7.590674
01174878418564	61191.584300	W	0.004754
01174878509844	61191.589054	S	0.001489
01174878538436	61191.590544	W	0.167511
01174881754648	61191.758055	S	0.025546
01174882245128	61191.783600	W	0.005584
01174882352348	61191.789185	S	24.769615
01175357928948	61216.558799	W	0.006727
01175358058104	61216.565526	S	15.265925
01175651163872	61231.831452	W	0.006873
01175651295824	61231.838324	S	10.548346
01175853824060	61242.386670	W	0.006685
01175853952420	61242.393355	S	3.827226
01175927435156	61246.220581	W	0.006773
01175927565200	61246.227354	S	11.459256
01176147582920	61257.686610	W	0.006699
01176147711536	61257.693309	S	3.734172
01176219407640	61261.427481	W	0.007060
01176219543188	61261.434541	S	10.374692
01176418737276	61271.809233	W	0.006715
01176418866208	61271.815948	S	4.183587
01176499191088	61275.999536	W	0.006939
01176499324316	61276.006475	S	16.286088
01176812017204	61292.292563	W	0.006768
01176812147148	61292.299331	S	3.929664
01176887596704	61296.228995	W	0.006890
01176887728988	61296.235885	S	15.824537
01177191560108	61312.060422	W	0.006610
01177191687012	61312.067032	S	3.432322
01177257587592	61315.499354	W	0.006878
01177257719644	61315.506231	S	6.641330
01177385233188	61322.147562	W	0.004868
01177385326660	61322.152430	S	0.001477
01177385355024	61322.153907	W	0.144597
01177388131292	61322.298505	S	0.003173
01177388192216	61322.301678	W	0.012824
01177388438444	61322.314502	S	0.021864
01177388858232	61322.336366	W	0.014068
01177389128344	61322.350435	S	14.877235
01177674771260	61337.227670	W	0.006816
01177674902128	61337.234486	S	14.594802
01177955122320	61351.829287	W	0.006829
01177955253428	61351.836116	S	10.360368
01178154172484	61362.196484	W	0.007018
01178154307228	61362.203501	S	11.292006
01178371113736	61373.495507	W	0.006711
01178371242588	61373.502218	S	3.444144
01178437370156	61376.946362	W	0.006835
01178437501388	61376.953197	S	11.370925
01178655823140	61388.324122	W	0.006662
01178655951048	61388.330784	S	3.329825
01178719883692	61391.660609	W	0.006899
01178720016156	61391.667508	S	16.433905
01179035547136	61408.101413	W	0.006788
01179035677464	61408.108201	S	3.562589
01179104079172	61411.670790	W	0.006717
01179104208140	61411.677507	S	16.431153
01179419686280	61428.108660	W	0.006824
01179419817296	61428.115484	S	3.065043
01179478666120	61431.180527	W	0.006728
01179478795292	61431.187255	S	10.290156
01179676366280	61441.477410	W	0.005489
01179676471668	61441.482899	S	0.000725
01179676485588	61441.483624	W	0.815767
01179692148320	61442.299392	S	0.445553
01179700702928	61442.744944	W	0.014500
01179700981336	61442.759445	S	0.018776
01179701341840	61442.778221	W	0.014383
01179701618000	61442.792604	S	3.907331
01179776638764	61446.699936	W	0.006816
01179776769640	61446.706752	S	3.520399
01179844361296	61450.227151	W	0.006875
01179844493300	61450.234026	S	25.016491
01180324809936	61475.250517	W	0.006768
01180324939876	61475.257285	S	15.783157
01180627976500	61491.040443	W	0.006939
01180628109728	61491.047382	S	10.496305
01180829638784	61501.543687	W	0.006775
01180829768868	61501.550462	S	3.708162
01180900965580	61505.258624	W	0.006802
01180901096176	61505.265426	S	10.401597
01181100806840	61515.667023	W	0.006795
01181100937296	61515.673817	S	3.664821
01181171301860	61519.338639	W	0.006701
01181171430520	61519.345340	S	11.150567
01181385521416	61530.495907	W	0.006732
01181385650676	61530.502639	S	9.879751
01181575341892	61540.382390	W	0.004810
01181575434244	61540.387200	S	0.001478
01181575462628	61540.388679	W	0.153822
01181578416016	61540.542501	S	0.004898
01181578510064	61540.547399	W	0.015316
01181578804128	61540.562715	S	5.233513
01181679287572	61545.796228	W	0.006686
01181679415952	61545.802914	S	3.475632
01181746148088	61549.278546	W	0.006847
01181746279548	61549.285393	S	16.047414
01182054389896	61565.332807	W	0.006689
01182054518332	61565.339496	S	3.485875
01182121447136	61568.825372	W	0.006702
01182121575820	61568.832074	S	16.508703
01182438542912	61585.340777	W	0.006782
01182438673132	61585.347559	S	3.759214
01182510850032	61589.106773	W	0.006814
01182510980856	61589.113586	S	38.707005
01183254155360	61627.820592	W	0.006783
01183254285600	61627.827375	S	11.122551
01183467838584	61638.949926	W	0.162127
01183470951416	61639.112053	S	0.020750
01183471349808	61639.132802	W	0.014608
01183471630276	61639.147410	S	4.037403
01183549148412	61643.184813	W	0.007025
01183549283292	61643.191838	S	10.880584
01183758190508	61654.072422	W	0.006700
01183758319148	61654.079122	S	3.818986
01183831643688	61657.898109	W	0.006970
01183831777512	61657.905079	S	11.232008
01184047432064	61669.137087	W	0.006745
01184047561576	61669.143832	S	3.645795
01184117560848	61672.789628	W	0.006969
01184117694656	61672.796597	S	11.169760
01184332154052	61683.966357	W	0.006691
01184332282528	61683.973048	S	3.536521
01184400183740	61687.509570	W	0.006962
01184400317408	61687.516532	S	15.515751
01184698219832	61703.032283	W	0.006795
01184698350288	61703.039077	S	3.507023
01184765685136	61706.546101	W	0.006877
01184765817176	61706.552978	S	15.309864
01185059766556	61721.862841	W	0.006912
01185059899264	61721.869753	S	3.556190
01185128178108	61725.425943	W	0.006858
01185128309788	61725.432801	S	7.598368
01185274198460	61733.031170	W	0.004824
01185274291072	61733.035993	S	0.001486
01185274319600	61733.037479	W	0.151850
01185277235116	61733.189329	S	0.012220
01185277469732	61733.201549	W	0.005743
01185277579992	61733.207291	S	11.963508
01185507279348	61745.170799	W	0.006770
01185507409324	61745.177569	S	15.128503
01185797876576	61760.306072	W	0.007033
01185798011608	61760.313105	S	10.509552
01185999795000	61770.822656	W	0.006799
01185999925536	61770.829455	S	3.719449
01186071338964	61774.548904	W	0.006735
01186071468272	61774.555639	S	11.331273
01186289028704	61785.886912	W	0.006881
01186289160824	61785.893793	S	11.292102
01186505969180	61797.185895	W	0.006703
01186506097868	61797.192597	S	3.595069
01186575123184	61800.787666	W	0.006798
01186575253700	61800.794464	S	16.870058
01186899158804	61817.664521	W	0.006698
01186899287404	61817.671219	S	3.267878
01186962030668	61820.939097	W	0.006818
01186962161568	61820.945915	S	15.853460
01187266548008	61836.799375	W	0.006991
01187266682236	61836.806366	S	13.121646
01187518617836	61849.928012	W	0.005722
01187518727692	61849.933734	S	0.001537
01187518757200	61849.935271	W	1.253846
01187542831052	61851.189117	S	0.019264
01187543200928	61851.208382	W	0.015170
01187543492200	61851.223552	S	0.571531
01187554465604	61851.795084	W	0.006683
01187554593908	61851.801766	S	3.543431
01187622627780	61855.345197	W	0.006709
01187622756588	61855.351906	S	27.444366
01188149688424	61882.796272	W	0.006703
01188149817116	61882.802975	S	15.421996
01188445919448	61898.224971	W	0.006895
01188446051832	61898.231866	S	10.766307
01188652764932	61908.998174	W	0.006607
01188652891784	61909.004780	S	3.619096
01188722378432	61912.623877	W	0.006804
01188722509072	61912.630681	S	10.725453
01188928437768	61923.356134	W	0.006741
01188928567192	61923.362875	S	3.655229
01188998747592	61927.018104	W	0.006781
01188998877788	61927.024885	S	10.449873
01189199515356	61937.474758	W	0.006699
01189199643968	61937.481457	S	3.785680
01189272329032	61941.267137	W	0.006842
01189272460400	61941.273979	S	4.226366
01189353606628	61945.500345	W	0.004859
01189353699912	61945.505204	S	0.001471
01189353728160	61945.506675	W	0.149034
01189356589616	61945.655709	S	0.008226
01189356747548	61945.663935	W	0.014351
01189357023080	61945.678285	S	11.568405
01189579136456	61957.246690	W	0.006815
01189579267296	61957.253505	S	3.691688
01189650147708	61960.945193	W	0.006980
01189650281716	61960.952173	S	16.777718
01189972413900	61977.729891	W	0.006800
01189972544464	61977.736691	S	3.541215
01190040535784	61981.277905	W	0.006765
01190040665676	61981.284671	S	34.101775
01190695419756	62015.386446	W	0.006656
01190695547552	62015.393102	S	15.153616
01190986496984	62030.546718	W	0.006758
01190986626744	62030.553476	S	11.196226
01191201594288	62041.749702	W	0.006782
01191201724508	62041.756485	S	3.831247
01191275284448	62045.587732	W	0.006931
01191275417528	62045.594663	S	5.132247
01191373956672	62050.726910	W	0.193180
01191377665728	62050.920090	S	0.023688
01191378120544	62050.943778	W	0.013631
01191378382252	62050.957409	S	4.920313
01191472852260	62055.877722	W	0.006692
01191472980756	62055.884414	S	3.618878
01191542463208	62059.503292	W	0.006974
01191542597116	62059.510266	S	10.484935
01191743907876	62069.995202	W	0.006865
01191744039684	62070.002067	S	16.003757
01192051311824	62086.005824	W	0.006800
01192051442380	62086.012624	S	15.999792
01192358638384	62102.012416	W	0.006856
01192358770012	62102.019271	S	18.824154
01192720193776	62120.843426	W	0.006700
01192720322416	62120.850126	S	14.977310
01193007886768	62135.827436	W	0.006734
01193008016056	62135.834170	S	10.661180
01193212710708	62146.495349	W	0.006680
01193212838956	62146.502029	S	2.642224
01193263569664	62149.144253	W	0.005601
01193263677196	62149.149854	S	0.000798
01193263692512	62149.150652	W	0.147805
01193266530376	62149.298457	S	0.001143
01193266552312	62149.299600	W	0.014775
01193266835996	62149.314375	S	0.018071
01193267182956	62149.332446	W	0.015129
01193267473436	62149.347575	S	1.036435
01193287372984	62150.384010	W	0.006912
01193287505696	62150.390922	S	11.169052
01193501951488	62161.559973	W	0.007012
01193502086112	62161.566985	S	11.291593
01193718884696	62172.858578	W	0.006675
01193719012860	62172.865253	S	3.758863
01193791183032	62176.624116	W	0.006877
01193791315076	62176.630994	S	15.999406
01194098503676	62192.630400	W	0.006794
01194098634120	62192.637194	S	3.985725
01194175160044	62196.622919	W	0.006823
01194175291052	62196.629742	S	14.831323
01194460052444	62211.461065	W	0.006699
01194460181064	62211.467764	S	3.399611
01194525453592	62214.867375	W	0.006921
01194525586484	62214.874296	S	16.364014
01194839775560	62231.238310	W	0.006665
01194839903520	62231.244975	S	3.617700
01194909363352	62234.862675	W	0.006785
01194909493624	62234.869460	S	5.666424
01195018288964	62240.535884	W	0.004526
01195018375868	62240.540410	S	0.001497
01195018404608	62240.541907	W	0.357508
01195025268756	62240.899414	S	0.892734
01195042409252	62241.792149	W	0.013844
01195042675064	62241.805993	S	0.007966
01195042828020	62241.813959	W	0.014317
01195043102904	62241.828276	S	17.651320
01195382008252	62259.479596	W	0.006596
01195382134900	62259.486193	S	15.217948
01195674319504	62274.704141	W	0.006958
01195674453096	62274.711099	S	10.189739
01195870096076	62284.900837	W	0.006812
01195870226872	62284.907650	S	3.559177
01195938563076	62288.466827	W	0.006712
01195938691940	62288.473539	S	10.315174
01196136743284	62298.788713	W	0.006668
01196136871316	62298.795381	S	3.588770
01196205775692	62302.384151	W	0.006940
01196205908940	62302.391091	S	11.462285
01196425984812	62313.853376	W	0.006816
01196426115684	62313.860192	S	3.723834
01196497613288	62317.584025	W	0.006737
01196497742644	62317.590763	S	15.093209
01196787532260	62332.683972	W	0.006704
01196787660980	62332.690676	S	3.613187
01196857034176	62336.303863	W	0.006817
01196857165060	62336.310680	S	16.381205
01197171684200	62352.691885	W	0.006828
01197171815292	62352.698713	S	3.124822
01197231811868	62355.823535	W	0.006838
01197231943156	62355.830373	S	8.874738
01197402338124	62364.705111	W	0.004601
01197402426464	62364.709712	S	0.001495
01197402455176	62364.711207	W	0.241594
01197407093776	62364.952801	S	0.013256
01197407348292	62364.966057	W	0.005312
01197407450288	62364.971369	S	6.703118
01197536150156	62371.674487	W	0.006690
01197536278596	62371.681177	S	3.195461
01197597631440	62374.876637	W	0.006811
01197597762212	62374.883449	S	41.034203
01198385618912	62415.917652	W	0.006637
01198385746336	62415.924288	S	15.635374
01198685945512	62431.559662	W	0.007676
01198686092892	62431.567338	S	13.001851
01198935728428	62444.569189	W	0.006752
01198935858060	62444.575941	S	9.806588
01199124144548	62454.382529	W	0.006579
01199124270868	62454.389108	S	4.060157
01199202225880	62458.449265	W	0.006790
01199202356244	62458.456054	S	6.079055
01199319074096	62464.535109	W	0.005364
01199319177084	62464.540473	S	0.000681
01199319190168	62464.541155	W	0.153737
01199322141916	62464.694891	S	0.014146
01199322413512	62464.709037	W	0.006086
01199322530368	62464.715123	S	7.861008
01199473461720	62472.576131	W	0.006761
01199473591532	62472.582892	S	16.353764
01199787583800	62488.936656	W	0.006712
01199787712676	62488.943369	S	9.686040
01199973684652	62498.629409	W	0.006850
01199973816176	62498.636259	S	3.739712
01200045618648	62502.375971	W	0.006746
01200045748164	62502.382717	S	11.080627
01200258496204	62513.463344	W	0.006690
01200258624644	62513.470034	S	3.626509
01200328253616	62517.096543	W	0.006962
01200328387292	62517.103505	S	9.536354
01200511485284	62526.639859	W	0.006894
01200511617648	62526.646752	S	3.419740
01200577276652	62530.066492	W	0.006868
01200577408512	62530.073360	S	15.402456
01200873135676	62545.475816	W	0.006692
01200873264164	62545.482509	S	3.620561
01200942778944	62549.103070	W	0.006714
01200942907844	62549.109784	S	16.137943
01201252756356	62565.247727	W	0.006670
01201252884412	62565.254396	S	3.540312
01201320858400	62568.794708	W	0.006847
01201320989868	62568.801556	S	10.121165
01201515316232	62578.922720	W	0.004443
01201515401536	62578.927163	S	0.000812
01201515417128	62578.927975	W	0.188432
01201519035016	62579.116407	S	0.023865
01201519493220	62579.140272	W	0.014690
01201519775272	62579.154962	S	5.860345
01201632293900	62585.015307	W	0.006947
01201632427280	62585.022254	S	23.092636
01202075805884	62608.114890	W	0.006775
01202075935956	62608.121664	S	14.424005
01202352876856	62622.545670	W	0.006738
01202353006232	62622.552408	S	10.485727
01202554332184	62633.038135	W	0.006745
01202554461696	62633.044880	S	3.089541
01202613780884	62636.134421	W	0.006924
01202613913820	62636.141345	S	11.020105
01202825499828	62647.161449	W	0.006667
01202825627840	62647.168117	S	3.694099
01202896554540	62650.862216	W	0.006790
01202896684908	62650.869006	S	10.415043
01203096653724	62661.284048	W	0.006795
01203096784196	62661.290844	S	3.651404
01203166891144	62664.942247	W	0.007024
01203167026008	62664.949271	S	16.107370
01203476287508	62681.056641	W	0.006653
01203476415248	62681.063294	S	3.711044
01203547667288	62684.774338	W	0.006910
01203547799964	62684.781248	S	16.047329
01203855908676	62700.828577	W	0.006677
01203856036872	62700.835254	S	3.466876
01203922600900	62704.302130	W	0.006921
01203922733784	62704.309051	S	8.549698
01204086887988	62712.858749	W	0.004705
01204086978316	62712.863454	S	0.001485
01204087006832	62712.864939	W	0.434580
01204095350768	62713.299519	S	0.815664
01204111011524	62714.115184	W	0.013116
01204111263360	62714.128300	S	0.020893
01204111664504	62714.149193	W	0.005946
01204111778672	62714.155139	S	4.862685
01204205142216	62719.017824	W	0.006664
01204205270172	62719.024488	S	3.189572
01204266509956	62722.214060	W	0.006737
01204266639312	62722.220797	S	40.956876
01205053011328	62763.177673	W	0.006683
01205053139644	62763.184356	S	14.879591
01205338827792	62778.063947	W	0.006905
01205338960364	62778.070852	S	9.684102
01205524895124	62787.754954	W	0.006680
01205525023372	62787.761634	S	3.102292
01205584587388	62790.863926	W	0.007064
01205584723024	62790.870991	S	10.701863
01205790198784	62801.572853	W	0.006820
01205790329720	62801.579673	S	4.481953
01205876383216	62806.061626	W	0.006741
01205876512648	62806.068367	S	5.770655
01205987309224	62811.839022	W	0.004428
01205987394232	62811.843450	S	0.000786
01205987409324	62811.844236	W	0.054023
01205988446564	62811.898259	S	0.092311
01205990218928	62811.990569	W	0.014624
01205990499700	62812.005193	S	0.004141
01205990579216	62812.009334	W	0.015093
01205990868992	62812.024427	S	3.902373
01206065794560	62815.926800	W	0.006789
01206065924904	62815.933589	S	2.927968
01206122141888	62818.861557	W	0.006815
01206122272728	62818.868371	S	14.947714
01206409268836	62833.816085	W	0.006909
01206409401492	62833.822994	S	3.122430
01206469352144	62836.945424	W	0.006897
01206469484568	62836.952321	S	16.405001
01206784460580	62853.357322	W	0.006673
01206784588696	62853.363995	S	3.257880
01206847139984	62856.621874	W	0.006884
01206847272160	62856.628758	S	22.071824
01207271051180	62878.700582	W	0.006671
01207271179264	62878.707253	S	14.877409
01207556825516	62893.584662	W	0.006957
01207556959084	62893.591619	S	10.604191
01207760559544	62904.195810	W	0.006798
01207760690060	62904.202607	S	3.142069
01207821017780	62907.344676	W	0.006856
01207821149408	62907.351532	S	1.342332
01207846922176	62908.693863	W	0.004606
01207847010608	62908.698469	S	0.001481
01207847039048	62908.699950	W	0.161538
01207850140580	62908.861489	S	0.017860
01207850483484	62908.879348	W	0.014053
01207850753292	62908.893401	S	9.425048
01208031714212	62918.318449	W	0.006688
01208031842624	62918.325137	S	3.100081
01208091364180	62921.425218	W	0.006814
01208091495008	62921.432032	S	10.303629
01208289324684	62931.735661	W	0.006666
01208289452680	62931.742327	S	3.279384
01208352416852	62935.021711	W	0.006849
01208352548352	62935.028560	S	15.307090
01208646444472	62950.335650	W	0.006796
01208646574964	62950.342446	S	3.239102
01208708765720	62953.581548	W	0.006955
01208708899260	62953.588503	S	16.514412
01209025975976	62970.102915	W	0.006679
01209026104208	62970.109594	S	3.305239
01209089564788	62973.414833	W	0.006802
01209089695392	62973.421635	S	16.689206
01209410128152	62990.110841	W	0.006817
01209410259036	62990.117658	S	3.295381
01209473530352	62993.413039	W	0.006982
01209473664408	62993.420021	S	17.639969
01209812351804	63011.059990	W	0.005309
01209812453744	63011.065299	S	0.000702
01209812467220	63011.066001	W	0.152807
01209815401120	63011.218808	S	0.008457
01209815563496	63011.227265	W	0.015270
01209815856680	63011.242535	S	5.932853
01209929767464	63017.175389	W	0.006792
01209929897868	63017.182181	S	15.118667
01210220176268	63032.300847	W	0.006950
01210220309700	63032.307797	S	9.014845
01210393394720	63041.322642	W	0.006805
01210393525380	63041.329447	S	3.930271
01210468986588	63045.259718	W	0.006827
01210469117668	63045.266545	S	9.722636
01210655792280	63054.989181	W	0.006715
01210655921208	63054.995896	S	3.703615
01210727030612	63058.699511	W	0.006717
01210727159580	63058.706228	S	8.883007
01210897713324	63067.589236	W	0.006679
01210897841568	63067.595915	S	3.266870
01210960565468	63070.862785	W	0.006990
01210960699672	63070.869775	S	14.516001
01211239406900	63085.385776	W	0.006769
01211239536856	63085.392545	S	2.906984
01211295350940	63088.299528	W	0.006870
01211295482852	63088.306399	S	14.359329
01211571181968	63102.665728	W	0.006796
01211571312448	63102.672523	S	4.187969
01211651721452	63106.860492	W	0.006930
01211651854504	63106.867422	S	14.693516
01211933970020	63121.560939	W	0.006692
01211934098500	63121.567630	S	0.176061
01211937478872	63121.743691	W	0.005792
01211937590088	63121.749484	S	0.000940
01211937608128	63121.750423	W	0.348676
01211944302704	63122.099099	S	0.890275
01211961395984	63122.989374	W	0.014648
01211961677232	63123.004022	S	0.015383
01211961972584	63123.019405	W	0.015221
01211962264836	63123.034627	S	2.065950
01212001931072	63125.100577	W	0.006760
01212002060868	63125.107337	S	36.561517
01212704041992	63161.668854	W	0.006832
01212704173168	63161.675686	S	15.107878
01212994244420	63176.783564	W	0.007111
01212994380952	63176.790675	S	9.168684
01213170419688	63185.959359	W	0.006679
01213170547928	63185.966038	S	3.617290
01213239999900	63189.583328	W	0.006763
01213240129748	63189.590091	S	9.707479
01213426513340	63199.297570	W	0.006784
01213426643600	63199.304354	S	9.288274
01213604978460	63208.592628	W	0.006862
01213605110216	63208.599490	S	3.702777
01213676203544	63212.302268	W	0.006827
01213676334628	63212.309095	S	2.301370
01213720520932	63214.610465	W	0.004739
01213720611928	63214.615205	S	0.001505
01213720640820	63214.616709	W	0.081965
01213722214552	63214.698675	S	0.070799
01213723573900	63214.769474	W	0.013469
01213723832500	63214.782943	S	0.022256
01213724259808	63214.805198	W	0.014409
01213724536464	63214.819608	S	11.607359
01213947397748	63226.426966	W	0.006732
01213947527004	63226.433698	S	3.786172
01214020221512	63230.219870	W	0.006852
01214020353076	63230.226723	S	14.513823
01214299018484	63244.740546	W	0.006807
01214299149180	63244.747353	S	3.714808
01214370473484	63248.462161	W	0.006872
01214370605424	63248.469032	S	14.197433
01214643196144	63262.666466	W	0.006797
01214643326644	63262.673263	S	4.028741
01214720678476	63266.702004	W	0.006886
01214720810684	63266.708890	S	22.251455
01215148038620	63288.960345	W	0.006818
01215148169520	63288.967162	S	15.594901
01215447591628	63304.562064	W	0.006875
01215447723624	63304.568939	S	9.618636
01215632401436	63314.187575	W	0.006903
01215632533976	63314.194478	S	3.565270
01215700987164	63317.759748	W	0.006824
01215701118192	63317.766572	S	2.445945
01215748080336	63320.212517	W	0.004756
01215748171660	63320.217274	S	0.001551
01215748201444	63320.218825	W	0.079874
01215749735028	63320.298699	S	0.067529
01215751031592	63320.366229	W	0.013730
01215751295212	63320.379959	S	0.005683
01215751404332	63320.385642	W	0.005681
01215751513408	63320.391323	S	6.913580
01215884254136	63327.304903	W	0.006640
01215884381628	63327.311543	S	3.568033
01215952887856	63330.879576	W	0.007065
01215953023504	63330.886641	S	9.340828
01216132367400	63340.227469	W	0.006891
01216132499716	63340.234360	S	3.267493
01216195235580	63343.501853	W	0.006846
01216195367020	63343.508699	S	14.206748
01216468136588	63357.715447	W	0.006635
01216468263980	63357.722082	S	3.237511
01216530424200	63360.959594	W	0.006960
01216530557836	63360.966554	S	14.642801
01216811699616	63375.609355	W	0.006701
01216811828268	63375.616056	S	3.262198
01216874462472	63378.878254	W	0.006951
01216874595924	63378.885204	S	15.144060
01217165361880	63394.029265	W	0.006704
01217165490600	63394.035969	S	3.055464
01217224155500	63397.091432	W	0.006811
01217224286276	63397.098244	S	23.523058
01217675928992	63420.621302	W	0.005452
01217676033676	63420.626754	S	0.000617
01217676045524	63420.627371	W	0.154959
01217679020736	63420.782330	S	0.021475
01217679433052	63420.803805	W	0.005994
01217679548136	63420.809799	S	1.234752
01217703255380	63422.044551	W	0.006783
01217703385612	63422.051334	S	14.881449
01217989109436	63436.932783	W	0.006902
01217989241948	63436.939685	S	9.584691
01218173268024	63446.524376	W	0.006811
01218173398804	63446.531188	S	3.361250
01218237934812	63449.892438	W	0.006876
01218238066828	63449.899314	S	11.920321
01218466936984	63461.819635	W	0.006706
01218467065732	63461.826340	S	3.264914
01218529752072	63465.091254	W	0.006791
01218529882456	63465.098045	S	10.844478
01218738096436	63475.942523	W	0.007012
01218738231060	63475.949534	S	15.999336
01219045418320	63491.948871	W	0.006824
01219045549344	63491.955695	S	3.075450
01219104597980	63495.031145	W	0.006821
01219104728944	63495.037966	S	16.682849
01219425039652	63511.720815	W	0.006665
01219425167620	63511.727480	S	3.285101
01219488241564	63515.012581	W	0.006907
01219488374172	63515.019488	S	11.575608
01219710625840	63526.595096	W	0.303872
01219716460176	63526.898967	S	0.968702
01219735059256	63527.867670	W	0.014424
01219735336188	63527.882093	S	0.013346
01219735592440	63527.895440	W	0.015020
01219735880816	63527.910459	S	2.640936
01219786586796	63530.551396	W	0.006673
01219786714924	63530.558069	S	3.022996
01219844756456	63533.581065	W	0.006904
01219844889020	63533.587970	S	39.166562
01220596887004	63572.754531	W	0.006785
01220597017268	63572.761316	S	13.961283
01220865073908	63586.722599	W	0.006922
01220865206816	63586.729522	S	9.494289
01221047497156	63596.223810	W	0.006659
01221047625016	63596.230470	S	3.107981
01221107298248	63599.338450	W	0.006698
01221107426848	63599.345148	S	11.006164
01221318745192	63610.351312	W	0.006906
01221318877796	63610.358219	S	10.350101
01221517599736	63620.708320	W	0.006836
01221517730992	63620.715156	S	2.634072
01221568305180	63623.349228	W	0.005569
01221568412096	63623.354797	S	0.000829
01221568428008	63623.355625	W	0.143037
01221571174324	63623.498663	S	0.002033
01221571213352	63623.500695	W	0.014878
01221571499012	63623.515574	S	0.009061
01221571672988	63623.524635	W	0.006670
01221571801060	63623.531305	S	0.467285
01221580772928	63623.998590	W	0.006839
01221580904240	63624.005429	S	14.587515
01221860984528	63638.592944	W	0.006656
01221861112324	63638.599600	S	2.840970
01221915658956	63641.440571	W	0.006788
01221915789288	63641.447359	S	16.216195
01222227140236	63657.663554	W	0.006808
01222227270948	63657.670362	S	3.270057
01222290056036	63660.940419	W	0.006727
01222290185188	63660.947145	S	20.254986
01222679080912	63681.202131	W	0.006844
01222679212324	63681.208975	S	14.633263
01222960170964	63695.842238	W	0.006754
01222960300648	63695.848992	S	10.331011
01223158656068	63706.180004	W	0.006818
01223158786976	63706.186822	S	3.714740
01223230109984	63709.901562	W	0.007090
01223230246120	63709.908652	S	3.892837
01223304988592	63713.801489	W	0.161509
01223308089556	63713.962998	S	6.543691
01223433728416	63720.506688	W	0.006815
01223433859272	63720.513504	S	0.095232
01223435687720	63720.608735	W	0.005580
01223435794860	63720.614316	S	0.000670
01223435807724	63720.614986	W	0.083625
01223437413316	63720.698610	S	0.217263
01223441584760	63720.915873	W	2.019440
01223480358012	63722.935313	S	0.576467
01223491426180	63723.511780	W	0.016322
01223491739556	63723.528102	S	0.926525
01223509528836	63724.454627	W	3.716582
01223580887212	63728.171209	S	5.521280
01223686895792	63733.692489	W	0.016183
01223687206508	63733.708672	S	3.073243
01223746212764	63736.781915	W	0.016514
01223746529836	63736.798429	S	14.120566
01224017644696	63750.918995	W	0.011734
01224017869980	63750.930728	S	2.529060
01224066427936	63753.459788	W	0.006832
01224066559104	63753.466620	S	3.325271
01224130404300	63756.791891	W	0.006774
01224130534360	63756.798665	S	15.496359
01224428064448	63772.295023	W	0.006813
01224428195260	63772.301836	S	3.198190
01224489600500	63775.500026	W	0.006874
01224489732488	63775.506900	S	16.560739
01224807698684	63792.067640	W	0.006820
01224807829632	63792.074460	S	3.267256
01224870560940	63795.341716	W	0.006720
01224870689968	63795.348436	S	17.746242
01225211417812	63813.094678	W	0.191189
01225215088648	63813.285867	S	0.015540
01225215387020	63813.301407	W	0.015005
01225215675116	63813.316412	S	6.286453
01225336375008	63819.602865	W	0.006645
01225336502600	63819.609510	S	14.450278
01225613947940	63834.059789	W	0.006956
01225614081488	63834.066744	S	10.722030
01225819944472	63844.788775	W	0.006685
01225820072820	63844.795459	S	3.655205
01225890252752	63848.450664	W	0.006796
01225890383244	63848.457461	S	11.395904
01226109184592	63859.853364	W	0.006664
01226109312548	63859.860029	S	3.150786
01226169807632	63863.010814	W	0.006724
01226169936732	63863.017538	S	10.959095
01226380351352	63873.976633	W	0.006809
01226380482076	63873.983441	S	3.277180
01226443403940	63877.260622	W	0.006993
01226443538208	63877.267615	S	15.779658
01226746507636	63893.047273	W	0.006796
01226746638128	63893.054069	S	3.257123
01226809174884	63896.311192	W	0.006701
01226809303548	63896.317893	S	15.324544
01227103534784	63911.642437	W	0.006780
01227103664952	63911.649216	S	3.220112
01227165491096	63914.869328	W	0.006878
01227165623156	63914.876206	S	9.498904
01227348002112	63924.375110	W	0.004937
01227348096900	63924.380047	S	0.001480
01227348125308	63924.381526	W	0.517464
01227358060624	63924.898991	S	0.743144
01227372328988	63925.642135	W	0.014805
01227372613252	63925.656940	S	0.003263
01227372675904	63925.660203	W	0.015272
01227372969124	63925.675475	S	4.225604
01227454100724	63929.901079	W	0.006780
01227454230908	63929.907860	S	3.201509
01227515699884	63933.109369	W	0.006866
01227515831712	63933.116235	S	41.396659
01228310647572	63974.512894	W	0.006657
01228310775388	63974.519551	S	13.950732
01228578629448	63988.470284	W	0.006912
01228578762160	63988.477196	S	12.846230
01228825409772	64001.323426	W	0.006679
01228825538012	64001.330105	S	2.799961
01228879297264	64004.130066	W	0.006906
01228879429864	64004.136972	S	11.309713
01229096576360	64015.446685	W	0.006679
01229096704596	64015.453364	S	3.235529
01229158826756	64018.688894	W	0.006723
01229158955828	64018.695616	S	4.236111
01229240289152	64022.931727	W	0.004709
01229240379564	64022.936436	S	0.001474
01229240407868	64022.937910	W	0.168355
01229243640292	64023.106265	S	0.026336
01229244145940	64023.132601	W	0.005468
01229244250928	64023.138069	S	6.195511
01229363204748	64029.333581	W	0.006786
01229363335036	64029.340366	S	15.995590
01229670450364	64045.335956	W	0.006674
01229670578508	64045.342631	S	3.126207
01229730601676	64048.468837	W	0.006755
01229730731372	64048.475592	S	15.695637
01230032087604	64064.171229	W	0.006785
01230032217868	64064.178014	S	3.151625
01230092729076	64067.329639	W	0.006779
01230092859236	64067.336419	S	20.889994
01230493947116	64088.226412	W	0.006681
01230494075392	64088.233093	S	15.584012
01230793288424	64103.817105	W	0.006940
01230793421672	64103.824045	S	12.131225
01231026341184	64115.955270	W	0.006912
01231026473888	64115.962182	S	11.291423
01231243269212	64127.253605	W	0.006781
01231243399404	64127.260386	S	2.799792
01231297155408	64130.060178	W	0.006759
01231297285184	64130.066937	S	7.946303
01231449854204	64138.013240	W	0.005705
01231449963744	64138.018945	S	0.000875
01231449980548	64138.019820	W	0.154750
01231452951744	64138.174570	S	0.019223
01231453320816	64138.193793	W	0.014898
01231453606864	64138.208691	S	2.462181
01231500880736	64140.670872	W	0.006771
01231501010740	64140.677643	S	2.810715
01231554976464	64143.488357	W	0.006901
01231555108972	64143.495259	S	16.006199
01231862427992	64159.501458	W	0.006779
01231862558152	64159.508237	S	2.871271
01231917686560	64162.379508	W	0.006870
01231917818456	64162.386378	S	16.886982
01232242048516	64179.273360	W	0.006806
01232242179192	64179.280166	S	2.767955
01232295323936	64182.048122	W	0.006919
01232295456772	64182.055040	S	15.809603
01232599001148	64197.864643	W	0.006734
01232599130448	64197.871377	S	2.743958
01232651814436	64200.615335	W	0.006911
01232651947120	64200.622246	S	27.047585
01233171260744	64227.669830	W	0.006765
01233171390624	64227.676595	S	5.393517
01233274946144	64233.070112	W	0.005822
01233275057924	64233.075934	S	0.000949
01233275076144	64233.076882	W	0.150103
01233277958120	64233.226985	S	0.003656
01233278028312	64233.230641	W	0.006341
01233278150056	64233.236982	S	9.462725
01233459834368	64242.699707	W	0.006728
01233459963548	64242.706435	S	10.713269
01233665658304	64253.419703	W	0.006779
01233665788456	64253.426482	S	2.881570
01233721114608	64256.308052	W	0.006978
01233721248592	64256.315031	S	11.227334
01233936813400	64267.542365	W	0.006672
01233936941500	64267.549036	S	3.158942
01233997593192	64270.707979	W	0.006889
01233997725456	64270.714867	S	10.240073
01234194334864	64280.954941	W	0.006700
01234194463500	64280.961641	S	3.186233
01234255639180	64284.147874	W	0.006720
01234255768196	64284.154594	S	15.635637
01234555972420	64299.790230	W	0.006789
01234556102764	64299.797019	S	3.100620
01234615634676	64302.897639	W	0.006890
01234615766968	64302.904530	S	15.780957
01234918761340	64318.685486	W	0.006819
01234918892260	64318.692305	S	2.895934
01234974494184	64321.588239	W	0.006846
01234974625632	64321.595085	S	10.834698
01235182651840	64332.429783	W	0.005358
01235182754704	64332.435141	S	0.000689
01235182767924	64332.435829	W	0.160870
01235185856628	64332.596699	S	0.023853
01235186314604	64332.620552	W	0.014944
01235186601528	64332.635496	S	4.575917
01235274459140	64337.211414	W	0.006640
01235274586632	64337.218054	S	3.079578
01235333714528	64340.297632	W	0.006956
01235333848088	64340.304588	S	41.112601
01236123210024	64381.417189	W	0.006819
01236123340952	64381.424008	S	14.723322
01236406028728	64396.147330	W	0.006937
01236406161924	64396.154267	S	10.185814
01236601729548	64406.340081	W	0.006914
01236601862296	64406.346995	S	10.193436
01236797576268	64416.540431	W	0.006653
01236797704000	64416.547083	S	3.111357
01236857442060	64419.658441	W	0.006865
01236857573872	64419.665306	S	10.341317
01237056127164	64430.006623	W	0.005509
01237056232944	64430.012133	S	0.000612
01237056244696	64430.012745	W	0.655422
01237068828792	64430.668166	S	0.619107
01237080715648	64431.287273	W	0.015101
01237081005580	64431.302374	S	0.014220
01237081278612	64431.316594	W	0.015105
01237081568628	64431.331699	S	2.427253
01237128171888	64433.758953	W	0.006725
01237128301000	64433.765677	S	15.488586
01237425681852	64449.254263	W	0.006695
01237425810396	64449.260958	S	3.357857
01237490281244	64452.618815	W	0.006773
01237490411288	64452.625588	S	16.400617
01237805303136	64469.026205	W	0.006687
01237805431536	64469.032892	S	2.935245
01237861788232	64471.968137	W	0.006763
01237861918084	64471.974900	S	20.086526
01238247579388	64492.061426	W	0.006866
01238247711220	64492.068293	S	14.487033
01238525862260	64506.555326	W	0.006695
01238525990800	64506.562021	S	10.718005
01238731776492	64517.280026	W	0.006688
01238731904908	64517.286714	S	2.851907
01238786661528	64520.138621	W	0.006713
01238786790416	64520.145334	S	3.263979
01238849458808	64523.409313	W	0.004730
01238849549616	64523.414043	S	0.001475
01238849577936	64523.415517	W	0.083303
01238851177348	64523.498820	S	0.100713
01238853111032	64523.599533	W	0.014142
01238853382564	64523.613675	S	0.018073
01238853729568	64523.631748	W	0.005545
01238853836036	64523.637294	S	6.823997
01238984856772	64530.461290	W	0.006663
01238984984700	64530.467953	S	2.946621
01239041559824	64533.414574	W	0.006735
01239041689144	64533.421310	S	10.225907
01239238026556	64543.647216	W	0.006804
01239238157192	64543.654020	S	2.892724
01239293697484	64546.546744	W	0.007069
01239293833200	64546.553813	S	14.978026
01239581411300	64561.531839	W	0.006683
01239581539604	64561.538521	S	3.229086
01239643538060	64564.767607	W	0.006859
01239643669756	64564.774466	S	15.352642
01239938440484	64580.127109	W	0.006787
01239938570800	64580.133896	S	3.193596
01239999887852	64583.327492	W	0.006875
01240000019860	64583.334368	S	15.859332
01240304519036	64599.193700	W	0.006680
01240304647296	64599.200380	S	3.027284
01240362771140	64602.227664	W	0.006735
01240362900444	64602.234398	S	20.875977
01240763719196	64623.110375	W	0.005420
01240763823268	64623.115795	S	0.000608
01240763834940	64623.116403	W	0.167616
01240767053160	64623.284019	S	0.011577
01240767275432	64623.295595	W	0.014701
01240767557700	64623.310297	S	7.632611
01240914103828	64630.942908	W	0.006755
01240914233516	64630.949662	S	14.137976
01241185682648	64645.087638	W	0.006899
01241185815100	64645.094536	S	10.355626
01241384643128	64655.450163	W	0.006867
01241384774968	64655.457030	S	3.641445
01241454690704	64659.098474	W	0.005364
01241454793688	64659.103838	S	0.000704
01241454807200	64659.104542	W	0.231446
01241459250972	64659.335988	S	10.246119
01241655976464	64669.582107	W	0.015954
01241656282772	64669.598061	S	1.234385
01241679982956	64670.832446	W	0.015212
01241680275024	64670.847658	S	1.288603
01241705016208	64672.136261	W	0.016325
01241705329640	64672.152585	S	10.061466
01241898509796	64682.214052	W	0.015972
01241898816452	64682.230024	S	2.696052
01241950580660	64684.926076	W	0.016575
01241950898900	64684.942651	S	15.940642
01242256959232	64700.883293	W	0.016181
01242257269912	64700.899475	S	2.596657
01242307125724	64703.496131	W	0.016239
01242307437504	64703.512370	S	15.255516
01242600343404	64718.767886	W	0.015949
01242600649624	64718.783835	S	2.632275
01242651189308	64721.416110	W	0.016240
01242651501120	64721.432350	S	10.830654
01242859449676	64732.263004	W	0.015230
01242859742088	64732.278234	S	4.909603
01242954006468	64737.187837	W	0.015940
01242954312516	64737.203777	S	2.603167
01243004293320	64739.806944	W	0.016441
01243004608980	64739.823384	S	49.333508
01243951812332	64789.156892	W	0.015950
01243952118568	64789.172842	S	4.534540
01244039181736	64793.707382	W	0.014908
01244039467964	64793.722290	S	8.973418
01244211757596	64802.695708	W	0.016350
01244212071524	64802.712059	S	10.915439
01244421647948	64813.627497	W	0.015843
01244421952136	64813.643340	S	2.643417
01244472705736	64816.286757	W	0.016247
01244473017684	64816.303004	S	10.593860
01244676419800	64826.896865	W	0.015945
01244676725940	64826.912809	S	2.662590
01244727847676	64829.575400	W	0.016318
01244728160976	64829.591717	S	10.195715
01244923918700	64839.787432	W	0.016011
01244924226112	64839.803443	S	3.209775
01244985853800	64843.013219	W	0.016530
01244986171176	64843.029749	S	12.115806
01245218794652	64855.145555	W	0.014963
01245219081944	64855.160518	S	3.190115
01245280332152	64858.350633	W	0.015939
01245280638184	64858.366572	S	2.738971
01245333226432	64861.105543	W	0.016310
01245333539580	64861.121853	S	14.646786
01245614757880	64875.768640	W	0.015991
01245615064904	64875.784630	S	2.581942
01245664638196	64878.366573	W	0.016442
01245664953884	64878.383015	S	26.148800
01246167010836	64904.531814	W	0.015931
01246167316708	64904.547745	S	12.035623
01246398400668	64916.583368	W	0.014894
01246398686624	64916.598262	S	2.256948
01246442020032	64918.855210	W	0.016230
01246442331648	64918.871440	S	9.858979
01246631624052	64928.730419	W	0.015850
01246631928372	64928.746269	S	2.738995
01246684517084	64931.485265	W	0.016227
01246684828648	64931.501492	S	11.120826
01246898348512	64942.622318	W	0.016141
01246898658412	64942.638459	S	2.607680
01246948725872	64945.246139	W	0.016177
01246949036476	64945.262316	S	10.541283
01247151429116	64955.803600	W	0.016085
01247151737940	64955.819684	S	2.735324
01247204256160	64958.555008	W	0.016346
01247204570004	64958.571354	S	16.063479
01247512988796	64974.634833	W	0.016096
01247513297844	64974.650929	S	2.595218
01247563126024	64977.246147	W	0.016338
01247563439712	64977.262485	S	0.789652
01247578601024	64978.052137	W	0.014376
01247578877052	64978.066513	S	14.456914
01247856449804	64992.523427	W	0.016019
01247856757376	64992.539447	S	2.646622
01247907572516	64995.186069	W	0.016407
01247907887540	64995.202476	S	15.445576
01248204442600	65010.648052	W	0.016101
01248204751748	65010.664154	S	2.740579
01248257370856	65013.404732	W	0.016335
01248257684496	65013.421067	S	26.087955
01248758573236	65039.509023	W	0.014619
01248758853928	65039.523642	S	2.370969
01248804376536	65041.894611	W	0.015799
01248804679880	65041.910410	S	14.215457
01249077616648	65056.125867	W	0.016367
01249077930892	65056.142234	S	9.996890
01249269871188	65066.139124	W	0.015854
01249270175584	65066.154978	S	2.610478
01249320296768	65068.765457	W	0.016242
01249320608608	65068.781698	S	10.363355
01249519585032	65079.145054	W	0.015954
01249519891352	65079.161008	S	2.723479
01249572182144	65081.884487	W	0.016375
01249572496536	65081.900861	S	10.692800
01249777798300	65092.593661	W	0.016098
01249778107376	65092.609759	S	2.735936
01249830637352	65095.345695	W	0.016214
01249830948664	65095.361910	S	5.577958
01249938045464	65100.939868	W	0.014319
01249938320388	65100.954187	S	9.090868
01250112865056	65110.045055	W	0.016136
01250113174876	65110.061191	S	2.714719
01250165297480	65112.775910	W	0.016196
01250165608436	65112.792106	S	16.254122
01250477687576	65129.046228	W	0.015958
01250477993968	65129.062186	S	2.762210
01250531028404	65131.824396	W	0.016167
01250531338816	65131.840563	S	15.090242
01250821071456	65146.930805	W	0.015925
01250821377208	65146.946730	S	2.778537
01250874725112	65149.725266	W	0.016239
01250875036908	65149.741506	S	12.697844
01251118835520	65162.439350	W	0.014425
01251119112480	65162.453775	S	33.178213
01251756134172	65195.631988	W	0.015965
01251756440704	65195.647953	S	13.435955
01252014411036	65209.083908	W	0.016150
01252014721112	65209.100058	S	10.329093
01252213039704	65219.429151	W	0.015811
01252213343276	65219.444962	S	2.600021
01252263263680	65222.044983	W	0.016233
01252263575352	65222.061216	S	1.750681
01252297188436	65223.811898	W	0.014235
01252297461744	65223.826132	S	9.425653
01252478434276	65233.251785	W	0.015915
01252478739840	65233.267700	S	3.177287
01252539743756	65236.444987	W	0.016471
01252540060008	65236.461459	S	10.548858
01252742598076	65247.010316	W	0.015974
01252742904768	65247.026290	S	2.728754
01252795296848	65249.755044	W	0.016172
01252795607348	65249.771216	S	13.388156
01253052659952	65263.159372	W	0.014949
01253052946980	65263.174322	S	0.001415
01253052974144	65263.175737	W	0.014930
01253053260800	65263.190667	S	1.736988
01253086610968	65264.927655	W	0.006654
01253086738720	65264.934308	S	2.889459
01253142216324	65267.823767	W	0.006822
01253142347300	65267.830589	S	15.627639
01253442397964	65283.458227	W	0.006771
01253442527960	65283.464998	S	2.748869
01253495306248	65286.213867	W	0.007000
01253495440656	65286.220868	S	26.319209
01254000769468	65312.540076	W	0.006852
01254000901032	65312.546929	S	14.796675
01254284997184	65327.343603	W	0.006905
01254285129764	65327.350509	S	9.840219
01254474061972	65337.190728	W	0.006840
01254474193296	65337.197567	S	2.207858
01254516584176	65339.405426	W	0.005437
01254516688568	65339.410863	S	0.000904
01254516705916	65339.411766	W	0.159180
01254519762180	65339.570947	S	0.014728
01254520044956	65339.585675	W	0.014681
01254520326824	65339.600355	S	0.393140
01254527875120	65339.993496	W	0.006845
01254528006552	65340.000341	S	10.371599
01254727141252	65350.371940	W	0.006838
01254727272536	65350.378778	S	3.345634
01254791508700	65353.724411	W	0.006876
01254791640728	65353.731288	S	10.149941
01254986519596	65363.881229	W	0.006697
01254986648176	65363.887926	S	0.000937
01254986666172	65363.888863	W	0.006828
01254986797264	65363.895691	S	2.638843
01255037463056	65366.534534	W	0.007021
01255037597856	65366.541555	S	1.051746
01255057791384	65367.593301	W	0.004629
01255057880268	65367.597931	S	0.001632
01255057911596	65367.599562	W	0.299573
01255063663400	65367.899135	S	0.673060
01255076586144	65368.572195	W	0.014333
01255076861344	65368.586528	S	0.008630
01255077027032	65368.595158	W	0.005337
01255077129504	65368.600495	S	13.769941
01255341512364	65382.370436	W	0.006807
01255341643064	65382.377243	S	3.357438
01255406105872	65385.734681	W	0.006958
01255406239464	65385.741639	S	15.689381
01255707475576	65401.431020	W	0.006829
01255707606696	65401.437849	S	2.846527
01255762260008	65404.284375	W	0.006731
01255762389244	65404.291106	S	15.925205
01256068153184	65420.216312	W	0.006814
01256068284020	65420.223126	S	3.120061
01256128189192	65423.343187	W	0.006880
01256128321292	65423.350067	S	6.295113
01256249187460	65429.645180	W	0.004704
01256249277776	65429.649884	S	0.001477
01256249306132	65429.651361	W	0.447491
01256257897952	65430.098852	S	0.433247
01256266216288	65430.532098	W	0.014220
01256266489304	65430.546318	S	0.011245
01256266705204	65430.557563	W	0.014050
01256266974956	65430.571612	S	26.604529
01256777781920	65457.176142	W	0.006861
01256777913648	65457.183003	S	14.299993
01257052473520	65471.482996	W	0.006870
01257052605424	65471.489866	S	10.789496
01257259763752	65482.279362	W	0.006702
01257259892432	65482.286064	S	2.817939
01257313996860	65485.104003	W	0.006716
01257314125808	65485.110719	S	10.815972
01257521792468	65495.926691	W	0.006648
01257521920116	65495.933339	S	2.760652
01257574924628	65498.693991	W	0.006983
01257575058696	65498.700974	S	10.014971
01257767346148	65508.715945	W	0.006790
01257767476520	65508.722735	S	2.601783
01257817430760	65511.324519	W	0.006738
01257817560124	65511.331256	S	15.744609
01258119856608	65527.075865	W	0.006768
01258119986552	65527.082633	S	2.801799
01258173781096	65529.884432	W	0.006923
01258173914024	65529.891355	S	15.747890
01258476273520	65545.639246	W	0.006829
01258476404628	65545.646074	S	2.798122
01258530128568	65548.444196	W	0.006702
01258530257248	65548.450898	S	12.652490
01258773185052	65561.103388	W	0.005228
01258773285420	65561.108616	S	0.000682
01258773298508	65561.109297	W	0.389577
01258780778388	65561.498874	S	0.869438
01258797471596	65562.368312	W	0.014718
01258797754184	65562.383030	S	0.009087
01258797928648	65562.392117	W	0.014948
01258798215648	65562.407065	S	26.113347
01259299591920	65588.520413	W	0.006646
01259299719524	65588.527059	S	14.336701
01259574984184	65602.863760	W	0.007023
01259575119024	65602.870783	S	10.748144
01259781483384	65613.618926	W	0.006747
01259781612920	65613.625673	S	2.678184
01259833034060	65616.303857	W	0.006990
01259833168260	65616.310847	S	11.454048
01260053085988	65627.764895	W	0.006791
01260053216380	65627.771686	S	3.082548
01260112401296	65630.854234	W	0.006920
01260112534164	65630.861154	S	10.639043
01260316803788	65641.500197	W	0.006666
01260316931768	65641.506863	S	2.775426
01260370219956	65644.282289	W	0.006790
01260370350320	65644.289079	S	15.778356
01260673294756	65660.067435	W	0.006800
01260673425320	65660.074235	S	2.767906
01260726569124	65662.842142	W	0.006782
01260726699336	65662.848924	S	15.453726
01261023410876	65678.302650	W	0.006802
01261023541468	65678.309451	S	3.272713
01261086377556	65681.582164	W	0.006785
01261086507836	65681.588950	S	10.896051
01261295712024	65692.485001	W	0.005574
01261295819044	65692.490575	S	0.000807
01261295834548	65692.491383	W	0.159964
01261298905852	65692.651346	S	0.014255
01261299179544	65692.665601	W	0.006289
01261299300292	65692.671890	S	11.912394
01261528018260	65704.584284	W	0.005254
01261528119144	65704.589539	S	0.000614
01261528130936	65704.590153	W	0.163891
01261531277652	65704.754044	S	0.013665
01261531540020	65704.767709	W	0.014821
01261531824592	65704.782531	S	6.478687
01261656215380	65711.261218	W	0.006681
01261656343648	65711.267898	S	13.835369
01261921982732	65725.103267	W	0.006843
01261922114124	65725.110111	S	11.111009
01262135445492	65736.221119	W	0.006840
01262135576820	65736.227959	S	2.785205
01262189052748	65739.013164	W	0.006925
01262189185712	65739.020089	S	10.728948
01262395181516	65749.749037	W	0.006812
01262395312312	65749.755850	S	3.167146
01262456121508	65752.922995	W	0.006900
01262456253980	65752.929895	S	10.443814
01262656775216	65763.373709	W	0.006616
01262656902240	65763.380325	S	2.831471
01262711266488	65766.211796	W	0.006779
01262711396644	65766.218575	S	16.082387
01263020178476	65782.300962	W	0.006684
01263020306800	65782.307646	S	2.775215
01263073590928	65785.082861	W	0.006911
01263073723616	65785.089772	S	16.083804
01263382532644	65801.173575	W	0.006807
01263382663340	65801.180382	S	3.261224
01263445278836	65804.441606	W	0.006895
01263445411228	65804.448501	S	10.262323
01263642447824	65814.710824	W	0.005210
01263642547864	65814.716035	S	0.000684
01263642560992	65814.716718	W	0.179468
01263646006768	65814.896186	S	0.012203
01263646241064	65814.908389	W	0.014774
01263646524728	65814.923163	S	22.152919
01264071860764	65837.076081	W	0.006672
01264071988876	65837.082754	S	13.930314
01264339450908	65851.013068	W	0.006718
01264339579896	65851.019786	S	10.914831
01264549144648	65861.934617	W	0.006660
01264549272520	65861.941277	S	2.830450
01264603617168	65864.771728	W	0.006758
01264603746924	65864.778486	S	11.136083
01264817559712	65875.914568	W	0.006700
01264817688352	65875.921268	S	2.761734
01264870713640	65878.683002	W	0.006762
01264870843472	65878.689764	S	11.956766
01265100413384	65890.646530	W	0.006794
01265100543836	65890.653325	S	2.749541
01265153335016	65893.402865	W	0.006888
01265153467260	65893.409753	S	16.178034
01265464085504	65909.587787	W	0.006754
01265464215172	65909.594540	S	2.686619
01265515798260	65912.281159	W	0.006964
01265515931960	65912.288123	S	0.001083
01265515952748	65912.289206	W	0.007325
01265516093380	65912.296530	S	16.201253
01265827157436	65928.497783	W	0.006688
01265827285852	65928.504471	S	2.827854
01265881580652	65931.332326	W	0.006723
01265881709724	65931.339048	S	9.666270
01266067302108	65941.005318	W	0.004829
01266067394832	65941.010147	S	0.001463
01266067422924	65941.011611	W	0.180771
01266070893720	65941.192381	S	0.015434
01266071190052	65941.207815	W	0.014568
01266071469752	65941.222383	S	34.065826
01266725533608	65975.288209	W	0.006811
01266725664380	65975.295020	S	14.587678
01267005747804	65989.882698	W	0.007011
01267005882424	65989.889710	S	10.676461
01267210870468	66000.566170	W	0.006864
01267211002264	66000.573035	S	2.749508
01267263792816	66003.322542	W	0.007018
01267263927560	66003.329560	S	10.995159
01267475034620	66014.324720	W	0.006689
01267475163040	66014.331408	S	2.931252
01267531443088	66017.262661	W	0.006787
01267531573396	66017.269448	S	11.501206
01267752396552	66028.770654	W	0.006844
01267752527956	66028.777498	S	2.885168
01267807923176	66031.662665	W	0.006800
01267808053728	66031.669465	S	15.659798
01268108721844	66047.329263	W	0.006697
01268108850424	66047.335960	S	2.704767
01268160781944	66050.040726	W	0.006879
01268160914020	66050.047605	S	14.173677
01268433048624	66064.221283	W	0.006628
01268433175888	66064.227911	S	2.619433
01268483469008	66066.847344	W	0.006765
01268483598896	66066.854109	S	12.592806
01268725380776	66079.446915	W	0.005300
01268725482544	66079.452216	S	0.000687
01268725495744	66079.452903	W	0.045711
01268726373404	66079.498615	S	1.216275
01268749725876	66080.714889	W	0.015184
01268750017400	66080.730073	S	0.008206
01268750174952	66080.738279	W	0.014829
01268750459668	66080.753108	S	11.516032
01268971567480	66092.269140	W	0.006880
01268971699584	66092.276020	S	14.585733
01269251745652	66106.861753	W	0.007036
01269251880740	66106.868789	S	10.424901
01269452038848	66117.293690	W	0.006804
01269452169492	66117.300494	S	3.001208
01269509792688	66120.301703	W	0.006916
01269509925476	66120.308619	S	10.992335
01269720978304	66131.300953	W	0.006801
01269721108876	66131.307754	S	2.923851
01269777246808	66134.231605	W	0.006932
01269777379896	66134.238536	S	11.005671
01269988688776	66145.244207	W	0.006676
01269988816956	66145.250883	S	2.719523
01270041031796	66147.970406	W	0.006925
01270041164760	66147.977331	S	16.088184
01270350057896	66164.065515	W	0.006694
01270350186416	66164.072209	S	3.248040
01270412548788	66167.320249	W	0.006784
01270412679048	66167.327034	S	15.315713
01270706740744	66182.642747	W	0.006785
01270706871016	66182.649532	S	2.781815
01270760281868	66185.431347	W	0.006814
01270760412692	66185.438161	S	11.067753
01270972913548	66196.505914	W	0.005407
01270973017368	66196.511321	S	0.000913
01270973034892	66196.512234	W	0.171606
01270976329720	66196.683840	S	0.013613
01270976591096	66196.697453	W	0.014946
01270976878064	66196.712399	S	4.742273
01271067929700	66201.454672	W	0.006672
01271068057804	66201.461344	S	3.149921
01271128536288	66204.611265	W	0.006789
01271128666644	66204.618054	S	29.019834
01271685847460	66233.637889	W	0.006676
01271685975632	66233.644564	S	14.506666
01271964503616	66248.151230	W	0.006913
01271964636352	66248.158143	S	11.076315
01272177301600	66259.234458	W	0.006794
01272177432036	66259.241252	S	2.649936
01272228310804	66261.891188	W	0.006730
01272228440012	66261.897917	S	10.776503
01272435348872	66272.674420	W	0.006681
01272435477148	66272.681101	S	2.819840
01272489618076	66275.500941	W	0.006945
01272489751420	66275.507886	S	10.675802
01272694726820	66286.183689	W	0.006864
01272694858612	66286.190553	S	2.900409
01272750546456	66289.090961	W	0.006902
01272750678984	66289.097864	S	5.808969
01272862211184	66294.906832	W	0.004718
01272862301772	66294.911551	S	0.001486
01272862330296	66294.913036	W	0.173473
01272865660980	66295.086509	S	0.016471
01272865977232	66295.102981	W	0.014287
01272866251544	66295.117268	S	10.275727
01273063545496	66305.392995	W	0.006792
01273063675896	66305.399786	S	2.719879
01273115897572	66308.119665	W	0.006888
01273116029824	66308.126553	S	16.323020
01273429431812	66324.449574	W	0.006654
01273429559568	66324.456228	S	3.054698
01273488209760	66327.510925	W	0.006717
01273488338728	66327.517642	S	16.131864
01273798070508	66343.649506	W	0.006683
01273798198828	66343.656189	S	2.704952
01273850133904	66346.361141	W	0.006882
01273850266036	66346.368023	S	51.249257
01274834251764	66397.617279	W	0.006805
01274834382412	66397.624084	S	0.217075
01274838550260	66397.841159	W	0.005467
01274838655228	66397.846626	S	0.001069
01274838675756	66397.847696	W	0.181050
01274842151924	66398.028746	S	0.010880
01274842360824	66398.039626	W	0.014819
01274842645340	66398.054445	S	13.926436
01275110032920	66411.980881	W	0.007113
01275110169492	66411.987994	S	10.307895
01275308081076	66422.295889	W	0.006736
01275308210408	66422.302625	S	2.937134
01275364603372	66425.239759	W	0.006930
01275364736424	66425.246689	S	10.645810
01275569135984	66435.892499	W	0.006668
01275569264004	66435.899167	S	2.951743
01275625937476	66438.850910	W	0.006825
01275626068508	66438.857735	S	10.590033
01275829397136	66449.447767	W	0.006679
01275829525372	66449.454446	S	2.986588
01275886867860	66452.441034	W	0.006773
01275886997908	66452.447808	S	15.456576
01276183764168	66467.904384	W	0.006784
01276183894424	66467.911168	S	3.089020
01276243203616	66471.000188	W	0.007005
01276243338104	66471.007193	S	28.794384
01276796190276	66499.801577	W	0.006785
01276796320552	66499.808362	S	1.832440
01276831503408	66501.640802	W	0.005759
01276831613972	66501.646561	S	0.000929
01276831631800	66501.647490	W	0.251631
01276836463108	66501.899120	S	1.000195
01276855666852	66502.899315	W	0.015042
01276855955664	66502.914358	S	0.015517
01276856253584	66502.929874	W	0.006310
01276856374744	66502.936185	S	11.104275
01277069576820	66514.040459	W	0.006772
01277069706844	66514.047231	S	10.672254
01277274614124	66524.719486	W	0.006815
01277274744976	66524.726301	S	2.594226
01277324554112	66527.320527	W	0.006902
01277324686640	66527.327429	S	10.458702
01277525493720	66537.786131	W	0.006900
01277525626200	66537.793031	S	3.305950
01277589100440	66541.098981	W	0.006802
01277589231036	66541.105783	S	10.664958
01277793998232	66551.770741	W	0.006711
01277794127092	66551.777453	S	2.742498
01277846783060	66554.519951	W	0.007000
01277846917468	66554.526951	S	15.132345
01278137458488	66569.659296	W	0.006660
01278137586356	66569.665956	S	2.622811
01278187944320	66572.288767	W	0.006820
01278188075268	66572.295587	S	15.322327
01278482263948	66587.617914	W	0.006671
01278482392024	66587.624585	S	2.925333
01278538558412	66590.549917	W	0.007139
01278538695476	66590.557056	S	13.100807
01278790230976	66603.657863	W	0.005350
01278790333688	66603.663213	S	0.000712
01278790347360	66603.663925	W	0.168624
01278793584936	66603.832549	S	0.027354
01278794110136	66603.859903	W	0.013550
01278794370288	66603.873453	S	2.953750
01278851082280	66606.827202	W	0.006692
01278851210772	66606.833894	S	2.724686
01278903524740	66609.558580	W	0.006793
01278903655172	66609.565374	S	35.375051
01279582856160	66644.940425	W	0.006875
01279582988168	66644.947300	S	14.082399
01279853370220	66659.029699	W	0.006900
01279853502704	66659.036599	S	11.513966
01280074570856	66670.550565	W	0.006810
01280074701608	66670.557375	S	11.084860
01280287530928	66681.642236	W	0.006989
01280287665116	66681.649225	S	2.790486
01280341242456	66684.439711	W	0.006738
01280341371832	66684.446450	S	11.835730
01280568617852	66696.282180	W	0.006803
01280568748468	66696.288983	S	2.721022
01280620992096	66699.010005	W	0.007030
01280621127076	66699.017035	S	0.381431
01280628450556	66699.398466	W	0.004732
01280628541412	66699.403199	S	0.001500
01280628570208	66699.404698	W	0.094032
01280630375624	66699.498730	S	0.084759
01280632002992	66699.583489	W	0.014159
01280632274840	66699.597648	S	0.016555
01280632592696	66699.614203	W	0.014147
01280632864324	66699.628350	S	16.518494
01280950019412	66716.146844	W	0.007020
01280950154196	66716.153864	S	2.866322
01281005187584	66719.020187	W	0.006840
01281005318920	66719.027027	S	15.728988
01281307315488	66734.756015	W	0.006822
01281307446468	66734.762837	S	2.795237
01281361115024	66737.558074	W	0.006785
01281361245300	66737.564859	S	47.351019
01282270384860	66784.915878	W	0.006819
01282270515788	66784.922697	S	14.096498
01282541168552	66799.019195	W	0.007000
01282541302960	66799.026196	S	9.530189
01282724282588	66808.556385	W	0.005241
01282724383220	66808.561626	S	0.000365
01282724390228	66808.561991	W	0.168760
01282727630420	66808.730751	S	0.014071
01282727900588	66808.744822	W	0.006199
01282728019616	66808.751022	S	2.094046
01282768225300	66810.845068	W	0.006810
01282768356056	66810.851878	S	2.887439
01282823794876	66813.739316	W	0.007088
01282823930960	66813.746404	S	11.235319
01283039649092	66824.981724	W	0.006673
01283039777216	66824.988397	S	2.811382
01283093755748	66827.799779	W	0.007025
01283093890620	66827.806803	S	11.980868
01283323923276	66839.787671	W	0.006804
01283324053916	66839.794475	S	2.723212
01283376339592	66842.517687	W	0.006945
01283376472936	66842.524632	S	16.352276
01283690436636	66858.876908	W	0.006800
01283690567204	66858.883709	S	2.684044
01283742100848	66861.567753	W	0.006721
01283742229884	66861.574473	S	29.268362
01284304182432	66890.842835	W	0.006716
01284304311380	66890.849551	S	12.451521
01284543380580	66903.301072	W	0.005552
01284543487184	66903.306624	S	0.000649
01284543499652	66903.307274	W	1.260181
01284567695120	66904.567454	S	0.029724
01284568265820	66904.597178	W	0.006184
01284568384548	66904.603362	S	0.635302
01284580582348	66905.238664	W	0.006833
01284580713548	66905.245497	S	11.273162
01284797158268	66916.518660	W	0.006683
01284797286584	66916.525343	S	2.633257
01284847845116	66919.158600	W	0.007047
01284847980420	66919.165647	S	10.788385
01285055117412	66929.954032	W	0.006721
01285055246456	66929.960753	S	2.818134
01285109354636	66932.778887	W	0.006781
01285109484832	66932.785668	S	11.775582
01285335576000	66944.561250	W	0.006648
01285335703644	66944.567898	S	2.760937
01285388713640	66947.328835	W	0.006961
01285388847300	66947.335797	S	15.825400
01285692694972	66963.161196	W	0.006800
01285692825536	66963.167997	S	2.870387
01285747936968	66966.038384	W	0.006931
01285748070048	66966.045315	S	15.273184
01286041315180	66981.318499	W	0.006816
01286041446052	66981.325315	S	2.801967
01286095243820	66984.127282	W	0.007024
01286095378676	66984.134306	S	10.788847
01286302524532	66994.923153	W	0.004362
01286302608280	66994.927515	S	0.000828
01286302624168	66994.928342	W	0.166783
01286305826392	66995.095125	S	0.018049
01286306172928	66995.113173	W	0.015245
01286306465636	66995.128419	S	23.232575
01286752531084	67018.360994	W	0.006790
01286752661444	67018.367784	S	13.911001
01287019752672	67032.278785	W	0.006976
01287019886608	67032.285761	S	11.589129
01287242397888	67043.874890	W	0.006689
01287242526308	67043.881579	S	2.816597
01287296604980	67046.698176	W	0.007017
01287296739700	67046.705193	S	11.781683
01287522948016	67058.486876	W	0.006693
01287523076520	67058.493569	S	3.394486
01287588250660	67061.888055	W	0.006918
01287588383480	67061.894973	S	10.073826
01287781800948	67071.968799	W	0.006811
01287781931724	67071.975611	S	2.701323
01287833797124	67074.676934	W	0.006953
01287833930624	67074.683887	S	15.902849
01288139265328	67090.586736	W	0.006800
01288139395888	67090.593536	S	2.804349
01288193239384	67093.397885	W	0.006894
01288193371752	67093.404779	S	15.745218
01288495679928	67109.149996	W	0.006775
01288495810012	67109.156771	S	2.801098
01288549591084	67111.957869	W	0.006917
01288549723888	67111.964786	S	10.109979
01288743835484	67122.074765	W	0.004805
01288743927740	67122.079570	S	0.001485
01288743956248	67122.081055	W	0.017532
01288744292856	67122.098586	S	0.126769
01288746726816	67122.225355	W	0.013364
01288746983404	67122.238719	S	0.019630
01288747360296	67122.258349	W	0.013833
01288747625888	67122.272182	S	36.022298
01289439254016	67158.294480	W	0.006800
01289439384580	67158.301280	S	13.986594
01289707927176	67172.287874	W	0.006734
01289708056468	67172.294608	S	10.678471
01289913083112	67182.973079	W	0.006691
01289913211576	67182.979770	S	2.747078
01289965955480	67185.726848	W	0.006823
01289966086488	67185.733671	S	11.228022
01290181664508	67196.961693	W	0.006670
01290181792568	67196.968363	S	2.669244
01290233042052	67199.637607	W	0.007054
01290233177480	67199.644660	S	11.338956
01290450885428	67210.983616	W	0.006830
01290451016560	67210.990446	S	2.917261
01290507027968	67213.907707	W	0.007052
01290507163372	67213.914759	S	15.986781
01290814109568	67229.901540	W	0.006679
01290814237804	67229.908219	S	2.849203
01290868942492	67232.757421	W	0.006952
01290869075972	67232.764374	S	24.658450
01291342518208	67257.422823	W	0.006762
01291342648040	67257.429585	S	4.535556
01291429730724	67261.965142	W	0.005442
01291429835212	67261.970584	S	0.000480
01291429844432	67261.971064	W	0.327606
01291436134464	67262.298670	S	0.933878
01291454064912	67263.232547	W	0.015971
01291454371556	67263.248519	S	7.917782
01291606392968	67271.166300	W	0.006792
01291606523368	67271.173092	S	9.935649
01291797287832	67281.108741	W	0.006826
01291797418900	67281.115568	S	2.680522
01291848884932	67283.796090	W	0.006770
01291849014924	67283.802861	S	10.451154
01292049677076	67294.254014	W	0.006691
01292049805540	67294.260705	S	2.846536
01292104459036	67297.107241	W	0.006837
01292104590304	67297.114078	S	10.371927
01292303731308	67307.486006	W	0.006960
01292303864940	67307.492966	S	2.713176
01292355957916	67310.206141	W	0.006901
01292356090408	67310.213042	S	16.108250
01292665368800	67326.321292	W	0.006823
01292665499800	67326.328115	S	2.777860
01292718834716	67329.105975	W	0.007046
01292718970000	67329.113021	S	16.131440
01293028693648	67345.244461	W	0.006823
01293028824644	67345.251284	S	2.715965
01293080971176	67347.967249	W	0.006902
01293081103700	67347.974151	S	12.876864
01293328339496	67360.851015	W	0.005349
01293328442192	67360.856364	S	0.000740
01293328456408	67360.857105	W	0.163155
01293331588988	67361.020260	S	0.011494
01293331809668	67361.031754	W	0.005166
01293331908864	67361.036920	S	2.406156
01293378107064	67363.443076	W	0.006822
01293378238040	67363.449898	S	2.927124
01293434438820	67366.377022	W	0.006931
01293434571888	67366.383952	S	37.756941
01294159505152	67404.140893	W	0.006666
01294159633144	67404.147560	S	14.538210
01294438766780	67418.685770	W	0.006912
01294438899488	67418.692682	S	3.884818
01294513488000	67422.577500	W	0.004763
01294513579440	67422.582263	S	0.001488
01294513608016	67422.583751	W	0.182596
01294517113864	67422.766347	S	0.017110
01294517442368	67422.783457	W	0.014119
01294517713456	67422.797576	S	6.285290
01294638391028	67429.082866	W	0.006806
01294638521708	67429.089672	S	3.057329
01294697222424	67432.147001	W	0.007024
01294697357284	67432.154025	S	10.682797
01294902466984	67442.836822	W	0.006723
01294902596068	67442.843545	S	2.892186
01294958126036	67445.735731	W	0.006784
01294958256296	67445.742515	S	10.235871
01295154785020	67455.978386	W	0.005277
01295154886336	67455.983663	S	0.000595
01295154897764	67455.984259	W	0.055087
01295155955436	67456.039346	S	0.096344
01295157805248	67456.135690	W	0.014863
01295158090620	67456.150553	S	0.008347
01295158250884	67456.158900	W	0.006338
01295158372564	67456.165238	S	2.671523
01295209665796	67458.836760	W	0.007019
01295209800552	67458.843779	S	15.174215
01295501145488	67474.017994	W	0.006667
01295501273504	67474.024662	S	2.580929
01295550827336	67476.605590	W	0.006836
01295550958588	67476.612426	S	15.917587
01295856576264	67492.530014	W	0.006984
01295856710364	67492.536998	S	2.778405
01295910055740	67495.315403	W	0.006790
01295910186108	67495.322193	S	48.554222
01296842427168	67543.876415	W	0.006823
01296842558172	67543.883238	S	4.649255
01296931823876	67548.532494	W	0.005197
01296931923664	67548.537691	S	0.000753
01296931938128	67548.538444	W	0.156987
01296934952284	67548.695431	S	0.013113
01296935204060	67548.708545	W	0.006293
01296935324892	67548.714838	S	9.321947
01297114306268	67558.036785	W	0.006888
01297114438516	67558.043673	S	11.194005
01297329363404	67569.237677	W	0.006791
01297329493796	67569.244469	S	2.712090
01297381565932	67571.956559	W	0.007071
01297381701700	67571.963630	S	10.783339
01297588741812	67582.746969	W	0.006820
01297588872752	67582.753789	S	2.821383
01297643043304	67585.575172	W	0.006846
01297643174756	67585.582019	S	11.499817
01297863971244	67597.081836	W	0.006736
01297864100568	67597.088571	S	15.224284
01298156406812	67612.312855	W	0.006676
01298156534988	67612.319531	S	2.856921
01298211387864	67615.176451	W	0.006742
01298211517312	67615.183193	S	32.476687
01298835069700	67647.659880	W	0.005675
01298835178652	67647.665555	S	0.000574
01298835189672	67647.666129	W	0.232414
01298839652016	67647.898542	S	1.015700
01298859153448	67648.914242	W	0.014669
01298859435092	67648.928911	S	0.003389
01298859500160	67648.932300	W	0.015327
01298859794444	67648.947627	S	12.385034
01299097587096	67661.332661	W	0.006711
01299097715948	67661.339372	S	14.135823
01299369123756	67675.475196	W	0.006912
01299369256468	67675.482108	S	11.087125
01299582129272	67686.569233	W	0.006801
01299582259852	67686.576034	S	2.658719
01299633307256	67689.234753	W	0.006918
01299633440084	67689.241671	S	11.058216
01299845757828	67700.299887	W	0.006685
01299845886180	67700.306572	S	2.688017
01299897496104	67702.994589	W	0.006705
01299897624836	67703.001294	S	10.955873
01300107977592	67713.957166	W	0.006824
01300108108616	67713.963990	S	2.811829
01300162095736	67716.775820	W	0.006824
01300162226764	67716.782644	S	15.585078
01300461460268	67732.367722	W	0.006679
01300461588496	67732.374401	S	2.790190
01300515160140	67735.164591	W	0.006930
01300515293204	67735.171521	S	27.925445
01301051461744	67763.096966	W	0.006672
01301051589852	67763.103638	S	2.090395
01301091725436	67765.194033	W	0.005537
01301091831752	67765.199570	S	0.000711
01301091845408	67765.200282	W	0.170875
01301095126204	67765.371156	S	0.016833
01301095449400	67765.387990	W	0.006186
01301095568172	67765.394176	S	11.710205
01301320404104	67777.104380	W	0.006750
01301320533700	67777.111130	S	11.268404
01301536887048	67788.379534	W	0.006791
01301537017432	67788.386325	S	2.948017
01301593619360	67791.334342	W	0.006730
01301593748576	67791.341072	S	10.995772
01301804867400	67802.336844	W	0.006804
01301804998028	67802.343647	S	2.730613
01301857425800	67805.074260	W	0.006920
01301857558664	67805.081180	S	11.267596
01302073896512	67816.348777	W	0.006677
01302074024704	67816.355453	S	3.119832
01302133925480	67819.475285	W	0.006924
01302134058416	67819.482209	S	16.001797
01302441292928	67835.484007	W	0.006680
01302441421192	67835.490687	S	2.703427
01302493326984	67838.194114	W	0.006718
01302493455968	67838.200832	S	15.878499
01302798323144	67854.079330	W	0.006683
01302798451464	67854.086014	S	2.678136
01302849871680	67856.764150	W	0.006995
01302850005992	67856.771145	S	9.981148
01303041644024	67866.752293	W	0.005059
01303041741156	67866.757352	S	0.001457
01303041769128	67866.758809	W	0.166211
01303044960384	67866.925020	S	0.018453
01303045314672	67866.943473	W	0.014725
01303045597396	67866.958198	S	37.585584
01303767240612	67904.543782	W	0.006693
01303767369120	67904.550475	S	14.294695
01304041827260	67918.845170	W	0.006963
01304041960952	67918.852133	S	11.464239
01304262074332	67930.316371	W	0.006799
01304262204880	67930.323171	S	2.770705
01304315402408	67933.093875	W	0.006750
01304315532012	67933.100626	S	11.038395
01304527469188	67944.139020	W	0.006660
01304527597064	67944.145680	S	2.848102
01304582280616	67946.993782	W	0.006742
01304582410064	67947.000524	S	11.363105
01304800581684	67958.363629	W	0.006662
01304800709592	67958.370291	S	2.865060
01304855718740	67961.235351	W	0.006917
01304855851552	67961.242268	S	15.209282
01305147869764	67976.451550	W	0.006680
01305147998012	67976.458230	S	2.877188
01305203240028	67979.335418	W	0.006920
01305203372892	67979.342338	S	29.225633
01305764505044	68008.567971	W	0.005501
01305764610656	68008.573472	S	0.000650
01305764623136	68008.574122	W	0.124475
01305767013060	68008.698597	S	1.154888
01305789186904	68009.853485	W	0.014772
01305789470532	68009.868257	S	0.012131
01305789703440	68009.880388	W	0.009140
01305789878936	68009.889528	S	2.243265
01305832949624	68012.132793	W	0.006808
01305833080336	68012.139601	S	14.375533
01306109090576	68026.515134	W	0.006870
01306109222484	68026.522004	S	11.263306
01306325477956	68037.785310	W	0.006617
01306325605004	68037.791927	S	2.802646
01306379415812	68040.594574	W	0.006916
01306379548596	68040.601489	S	10.877112
01306588389140	68051.478601	W	0.006799
01306588519676	68051.485400	S	2.737988
01306641089048	68054.223388	W	0.006979
01306641223048	68054.230367	S	10.863576
01306849803704	68065.093943	W	0.006777
01306849933816	68065.100720	S	2.864411
01306904930516	68067.965131	W	0.006861
01306905062248	68067.971992	S	16.469859
01307221283536	68084.441851	W	0.006689
01307221411956	68084.448539	S	2.884750
01307276799148	68087.333289	W	0.007012
01307276933788	68087.340301	S	15.729461
01307578939448	68103.069763	W	0.006741
01307579068880	68103.076504	S	2.987289
01307636424836	68106.063794	W	0.006798
01307636555360	68106.070592	S	10.114243
01307830748828	68116.184835	W	0.004239
01307830830212	68116.189074	S	0.000823
01307830846016	68116.189897	W	0.174242
01307834191456	68116.364138	S	0.015839
01307834495560	68116.379977	W	0.014967
01307834782936	68116.394945	S	18.239380
01308184979028	68134.634324	W	0.006722
01308185108088	68134.641046	S	14.431946
01308462201448	68149.072992	W	0.006993
01308462335708	68149.079985	S	10.449610
01308662968220	68159.529595	W	0.006818
01308663099128	68159.536413	S	2.998296
01308720666404	68162.534709	W	0.006873
01308720798364	68162.541581	S	10.930580
01308930665504	68173.472162	W	0.006831
01308930796668	68173.478993	S	2.644561
01308981572240	68176.123554	W	0.006807
01308981702932	68176.130361	S	11.275843
01309198199120	68187.406204	W	0.006768
01309198329064	68187.412972	S	2.791696
01309251929624	68190.204668	W	0.006738
01309252058988	68190.211406	S	15.827298
01309555943108	68206.038704	W	0.006737
01309556072460	68206.045441	S	2.708925
01309608083812	68208.754365	W	0.007054
01309608219240	68208.761419	S	15.904585
01309913587268	68224.666004	W	0.006806
01309913717940	68224.672809	S	2.651073
01309964618548	68227.323883	W	0.006713
01309964747444	68227.330596	S	11.373017
01310183109376	68238.703613	W	0.171446
01310186401140	68238.875059	S	0.013515
01310186660628	68238.888574	W	0.014824
01310186945248	68238.903398	S	33.195106
01310824291288	68272.098505	W	0.006752
01310824420932	68272.105257	S	13.949068
01311092243040	68286.054325	W	0.006853
01311092374620	68286.061178	S	10.923228
01311302100596	68296.984406	W	0.006627
01311302227832	68296.991033	S	2.982719
01311359496032	68299.973752	W	0.006925
01311359628996	68299.980677	S	11.223647
01311575123020	68311.204324	W	0.006671
01311575251096	68311.210995	S	2.853245
01311630033400	68314.064240	W	0.006833
01311630164588	68314.071072	S	11.214548
01311845483904	68325.285620	W	0.006669
01311845611944	68325.292289	S	2.831698
01311899980552	68328.123987	W	0.006919
01311900113396	68328.130906	S	16.862654
01312223876344	68344.993560	W	0.006742
01312224005796	68345.000302	S	2.793701
01312277644848	68347.794002	W	0.006804
01312277775484	68347.800806	S	27.839750
01312812298688	68375.640557	W	0.005163
01312812397820	68375.645720	S	0.000610
01312812409536	68375.646330	W	0.174286
01312815755820	68375.820616	S	0.023902
01312816214736	68375.844517	W	0.014937
01312816501532	68375.859455	S	6.342687
01312938281124	68382.202142	W	0.006725
01312938410240	68382.208867	S	14.544386
01313217662456	68396.753253	W	0.006931
01313217795532	68396.760184	S	11.657176
01313441613320	68408.417360	W	0.006659
01313441741172	68408.424019	S	3.389708
01313506823572	68411.813728	W	0.006741
01313506953008	68411.820469	S	11.181466
01313721637164	68423.001936	W	0.006701
01313721765832	68423.008637	S	2.885189
01313777161452	68425.893826	W	0.006733
01313777290720	68425.900558	S	11.183308
01313992010236	68437.083866	W	0.006848
01313992141708	68437.090714	S	2.861309
01314047078848	68439.952023	W	0.006751
01314047208460	68439.958774	S	16.315736
01314360470596	68456.274510	W	0.006652
01314360598316	68456.281162	S	2.890865
01314416102928	68459.172027	W	0.006965
01314416236656	68459.178993	S	16.313402
01314729453980	68475.492395	W	0.006659
01314729581832	68475.499054	S	2.704601
01314781510172	68478.203655	W	0.006845
01314781641600	68478.210500	S	8.706702
01314948810284	68486.917202	W	0.004754
01314948901568	68486.921957	S	0.001511
01314948930588	68486.923468	W	0.375832
01314956146556	68487.299300	S	0.631992
01314968280796	68487.931291	W	0.014165
01314968552768	68487.945457	S	0.241278
01314973185304	68488.186735	W	0.013389
01314973442376	68488.200124	S	0.015101
01314973732312	68488.215225	W	0.015072
01314974021688	68488.230296	S	17.936078
01315318394384	68506.166374	W	0.006651
01315318522080	68506.173025	S	13.800599
01315583493580	68519.973624	W	0.006749
01315583623156	68519.980373	S	11.385890
01315802232248	68531.366263	W	0.006683
01315802360560	68531.372946	S	2.850323
01315857086760	68534.223269	W	0.006928
01315857219772	68534.230196	S	10.645323
01316061609968	68544.875519	W	0.006678
01316061738188	68544.882197	S	2.779520
01316115104972	68547.661717	W	0.006848
01316115236448	68547.668565	S	11.583564
01316337640880	68559.252129	W	0.006842
01316337772244	68559.258971	S	2.782703
01316391200132	68562.041674	W	0.006840
01316391331464	68562.048514	S	15.831566
01316695297524	68577.880079	W	0.006685
01316695425880	68577.886765	S	2.885920
01316750835548	68580.772685	W	0.006817
01316750966428	68580.779501	S	15.663836
01317051712076	68596.443337	W	0.006721
01317051841120	68596.450058	S	2.882907
01317107192944	68599.332966	W	0.006747
01317107322484	68599.339713	S	10.281407
01317304725500	68609.621120	W	0.005345
01317304828120	68609.626465	S	0.000701
01317304841584	68609.627166	W	0.164209
01317307994404	68609.791375	S	0.012325
01317308231052	68609.803701	W	0.006145
01317308349036	68609.809846	S	33.843334
01317958141044	68643.653179	W	0.006769
01317958271000	68643.659948	S	13.253007
01318212728732	68656.912955	W	0.006936
01318212861896	68656.919890	S	11.697873
01318437461056	68668.617763	W	0.006877
01318437593100	68668.624641	S	2.846548
01318492246824	68671.471189	W	0.006854
01318492378420	68671.478043	S	10.916966
01318701984176	68682.395009	W	0.006683
01318702112484	68682.401692	S	2.670520
01318753386460	68685.072211	W	0.006877
01318753518504	68685.079089	S	11.439217
01318973151480	68696.518306	W	0.006830
01318973282616	68696.525136	S	2.966045
01319030230680	68699.491181	W	0.006891
01319030362984	68699.498072	S	16.796875
01319352862988	68716.294947	W	0.006655
01319352990764	68716.301602	S	2.880738
01319408300940	68719.182341	W	0.007078
01319408436836	68719.189419	S	10.382769
01319607786004	68729.572188	W	0.006913
01319607918736	68729.579101	S	1.775481
01319642007976	68731.354582	W	0.005635
01319642116168	68731.360217	S	0.000650
01319642128640	68731.360867	W	0.201091
01319645989580	68731.561957	S	0.026403
01319646496516	68731.588360	W	0.014923
01319646783040	68731.603283	S	0.904885
01319664156836	68732.508169	W	0.005668
01319664265668	68732.513837	S	0.000667
01319664278468	68732.514504	W	0.342041
01319670845652	68732.856544	S	0.413008
01319678775408	68733.269553	W	0.014829
01319679060132	68733.284382	S	0.013980
01319679328548	68733.298362	W	0.015186
01319679620128	68733.313548	S	0.360874
01319686548908	68733.674422	W	0.005589
01319686656224	68733.680012	S	0.000673
01319686669144	68733.680685	W	0.018172
01319687018052	68733.698857	S	0.255175
01319691917408	68733.954032	W	0.014880
01319692203112	68733.968912	S	0.027811
01319692737076	68733.996723	W	0.006075
01319692853708	68734.002797	S	12.740094
01319937463516	68746.742891	W	0.004740
01319937554520	68746.747631	S	0.001469
01319937582716	68746.749100	W	0.156078
01319940579416	68746.905178	S	0.025254
01319941064292	68746.930432	W	0.013720
01319941327712	68746.944152	S	221.602744
01324196100396	68968.546896	W	0.004911
01324196194696	68968.551807	S	0.001637
01324196226120	68968.553444	W	0.145108
01324199012192	68968.698552	S	30.111943
01324777161496	68998.810495	W	0.013955
01324777429428	68998.824449	S	3096.223441
01384224919504	72095.047891	W	0.005298
01384225021224	72095.053189	S	0.000689
01384225034456	72095.053878	W	0.245041
01384229739244	72095.298919	S	1.033864
01384249589428	72096.332783	W	0.013542
01384249849428	72096.346324	S	0.011866
01384250077260	72096.358191	W	0.014003
01384250346112	72096.372193	S	719.608919
01398066837348	72815.981112	W	0.005736
01398066947484	72815.986848	S	0.000644
01398066959840	72815.987492	W	0.111236
01398069095568	72816.098727	S	1.157650
01398091322452	72817.256378	W	0.015088
01398091612136	72817.271465	S	0.010177
01398091807540	72817.281643	W	0.006541
01398091933132	72817.288184	S	0.000809
01398091948664	72817.288993	W	0.006601
01398092075412	72817.295594	S	0.485590
01398101398736	72817.781184	W	0.005733
01398101508812	72817.786917	S	0.000700
01398101522248	72817.787617	W	0.111307
01398103659336	72817.898924	S	0.188649
01398107281392	72818.087572	W	0.015050
01398107570344	72818.102622	S	0.007864
01398107721340	72818.110486	W	0.015173
01398108012668	72818.125660	S	0.462218
01398116887256	72818.587878	W	0.006925
01398117020216	72818.594803	S	2.098282
01398157307228	72820.693085	W	0.006896
01398157439628	72820.699981	S	0.028337
01398157983696	72820.728318	W	0.005758
01398158094248	72820.734075	S	0.000720
01398158108076	72820.734796	W	0.164376
01398161264096	72820.899172	S	0.024174
01398161728232	72820.923345	W	0.006892
01398161860556	72820.930237	S	0.344975
01398168484084	72821.275213	W	0.005839
01398168596200	72821.281052	S	0.000805
01398168611652	72821.281857	W	0.216897
01398172776084	72821.498754	S	0.133733
01398175343756	72821.632487	W	0.014799
01398175627896	72821.647286	S	0.011307
01398175844992	72821.658593	W	0.014582
01398176124972	72821.673176	S	4.286811
01398258431752	72825.959987	W	0.005685
01398258540908	72825.965672	S	0.000626
01398258552924	72825.966298	W	0.197314
01398262341356	72826.163612	S	0.019578
01398262717252	72826.183190	W	0.015185
01398263008808	72826.198375	S	1.496323
01398291738212	72827.694699	W	0.005620
01398291846108	72827.700318	S	0.000692
01398291859400	72827.701010	W	0.313486
01398297878336	72828.014497	S	0.027738
01398298410900	72828.042234	W	0.015030
01398298699480	72828.057265	S	76.451623
01399766570648	72904.508888	W	0.004840
01399766663580	72904.513728	S	0.001557
01399766693476	72904.515285	W	0.384017
01399774066608	72904.899302	S	0.028884
01399774621184	72904.928187	W	0.014240
01399774894596	72904.942427	S	0.021935
01399775315744	72904.964362	W	0.014196
01399775588308	72904.978558	S	6.888185
01399907841456	72911.866743	W	0.004618
01399907930120	72911.871360	S	0.001484
01399907958620	72911.872845	W	0.173737
01399911294364	72912.046581	S	0.014201
01399911567016	72912.060782	W	0.005238
01399911667592	72912.066020	S	917.738387
01417532244624	73829.804408	W	0.005685
01417532353772	73829.810092	S	0.000806
01417532369248	73829.810898	W	0.087984
01417534058536	73829.898882	S	1.154444
01417556223860	73831.053326	W	0.015020
01417556512240	73831.068346	S	0.015076
01417556801708	73831.083422	W	0.015014
01417557089968	73831.098436	S	7.575271
01417702535180	73838.673707	W	0.004822
01417702627760	73838.678529	S	0.001620
01417702658872	73838.680150	W	0.018431
01417703012752	73838.698581	S	0.224132
01417707316080	73838.922713	W	0.014172
01417707588192	73838.936885	S	0.005326
01417707690448	73838.942211	W	0.014335
01417707965680	73838.956546	S	75.946990
01419166147880	73914.903535	W	0.005730
01419166257896	73914.909265	S	0.000668
01419166270720	73914.909933	W	0.158749
01419169318708	73915.068683	S	0.008061
01419169473472	73915.076743	W	0.015482
01419169770732	73915.092226	S	1.090688
01419190711940	73916.182914	W	0.005489
01419190817336	73916.188403	S	0.000680
01419190830384	73916.189083	W	0.357708
01419197698384	73916.546791	S	0.011490
01419197918988	73916.558281	W	0.015288
01419198212524	73916.573569	S	3.247966
01419260573468	73919.821535	W	0.005633
01419260681612	73919.827167	S	0.000661
01419260694312	73919.827829	W	0.159705
01419263760656	73919.987534	S	0.010676
01419263965632	73919.998210	W	0.015124
01419264256012	73920.013334	S	241.336339
01423897913712	74161.349673	W	0.005837
01423898025776	74161.355509	S	0.000979
01423898044580	74161.356489	W	1.278739
01423922596360	74162.635227	S	0.024987
01423923076120	74162.660215	W	0.015133
01423923366676	74162.675348	S	41.483975
01424719859000	74204.159323	W	0.006727
01424719988152	74204.166050	S	0.783840
01424735037876	74204.949889	W	0.007569
01424735183192	74204.957458	S	2.551988
01424784181356	74207.509446	W	0.004692
01424784271452	74207.514138	S	0.001493
01424784300112	74207.515631	W	0.193694
01424788019028	74207.709324	S	0.012476
01424788258560	74207.721800	W	0.005236
01424788359084	74207.727036	S	43.652978
01425626496264	74251.380014	W	0.004600
01425626584580	74251.384614	S	0.001514
01425626613656	74251.386128	W	0.180577
01425630080740	74251.566705	S	0.019240
01425630450148	74251.585945	W	0.014734
01425630733048	74251.600680	S	35.738798
01426316917964	74287.339477	W	0.201184
01426320780700	74287.540661	S	0.027063
01426321300304	74287.567724	W	0.005704
01426321409824	74287.573428	S	88.897895
01428028249400	74376.471323	W	0.005572
01428028356376	74376.476895	S	0.000684
01428028369516	74376.477579	W	0.171980
01428031671532	74376.649559	S	0.011700
01428031896180	74376.661259	W	0.015225
01428032188508	74376.676485	S	3.598147
01428101272924	74380.274631	W	0.005573
01428101379924	74380.280204	S	0.000694
01428101393248	74380.280898	W	0.314579
01428107433156	74380.595477	S	0.020094
01428107818960	74380.615571	W	0.014930
01428108105624	74380.630501	S	33.551197
01428752288612	74414.181699	W	0.005963
01428752403108	74414.187662	S	0.000931
01428752420984	74414.188593	W	0.163168
01428755553808	74414.351761	S	0.010510
01428755755600	74414.362271	W	0.015281
01428756048988	74414.377551	S	0.079937
01428757583776	74414.457488	W	0.006106
01428757701008	74414.463594	S	0.001063
01428757721412	74414.464657	W	0.234291
01428762219800	74414.698948	S	0.106312
01428764260992	74414.805260	W	0.015015
01428764549284	74414.820275	S	0.015738
01428764851460	74414.836014	W	0.006220
01428764970892	74414.842234	S	51.578700
01429755281928	74466.420934	W	0.004472
01429755367792	74466.425406	S	0.001480
01429755396212	74466.426886	W	0.201327
01429759261700	74466.628214	S	0.016594
01429759580312	74466.644808	W	0.005634
01429759688484	74466.650442	S	189.850780
01433404823456	74656.501222	W	0.004948
01433404918456	74656.506170	S	0.001680
01433404950708	74656.507849	W	1.278890
01433429505400	74657.786740	S	0.022772
01433429942616	74657.809511	W	0.005557
01433430049320	74657.815069	S	734.684418
01447535990148	75392.499487	W	0.004878
01447536083804	75392.504365	S	0.001494
01447536112492	75392.505859	W	0.593450
01447547506732	75393.099309	S	0.676802
01447560501336	75393.776111	W	0.014170
01447560773404	75393.790281	S	0.013893
01447561040156	75393.804175	W	0.014334
01447561315368	75393.818509	S	311.232475
01453536978896	75705.050984	W	0.004858
01453537072172	75705.055842	S	0.001502
01453537101012	75705.057344	W	0.241787
01453541743316	75705.299131	S	0.001575
01453541773560	75705.300706	W	0.013782
01453542038180	75705.314489	S	0.014980
01453542325788	75705.329468	W	0.013972
01453542594048	75705.343440	S	368.150376
01460611081268	76073.493816	W	0.004613
01460611169840	76073.498429	S	0.001514
01460611198912	76073.499943	W	0.399648
01460618872152	76073.899591	S	0.878504
01460635739428	76074.778095	W	0.014539
01460636018584	76074.792635	S	0.009920
01460636209040	76074.802554	W	0.005654
01460636317600	76074.808208	S	21.598165
01461051002360	76096.406373	W	0.005643
01461051110708	76096.412016	S	0.000734
01461051124796	76096.412750	W	0.086238
01461052780564	76096.498988	S	0.081465
01461054344684	76096.580452	W	0.015076
01461054634140	76096.595528	S	0.014159
01461054905992	76096.609687	W	0.015081
01461055195544	76096.624768	S	0.985160
01461074110620	76097.609928	W	0.005586
01461074217876	76097.615514	S	0.000656
01461074230464	76097.616170	W	0.082617
01461075816716	76097.698787	S	0.248495
01461080587828	76097.947283	W	0.014947
01461080874812	76097.962230	S	0.019027
01461081240132	76097.981257	W	0.015090
01461081529852	76097.996346	S	16.628523
01461400797500	76114.624870	W	0.005662
01461400906208	76114.630532	S	0.000774
01461400921072	76114.631306	W	0.160425
01461404001236	76114.791731	S	0.022847
01461404439896	76114.814578	W	0.015263
01461404732944	76114.829841	S	0.083028
01461406327072	76114.912868	W	0.186246
01461409902996	76115.099114	S	0.167624
01461413121376	76115.266738	W	0.015185
01461413412924	76115.281923	S	0.016640
01461413732420	76115.298564	W	0.015003
01461414020480	76115.313567	S	71.088328
01462778916372	76186.401894	W	0.004843
01462779009356	76186.406737	S	0.001489
01462779037936	76186.408226	W	0.184493
01462782580208	76186.592719	S	0.014182
01462782852504	76186.606901	W	0.015283
01462783145936	76186.622184	S	13.866524
01463049383200	76200.488708	W	0.004894
01463049477156	76200.493602	S	0.001521
01463049506368	76200.495123	W	3.829564
01463123033992	76204.324687	S	2.636148
01463173648032	76206.960835	W	0.014384
01463173924212	76206.975219	S	23.826796
01463631398700	76230.802016	W	0.015055
01463631687760	76230.817071	S	0.001245
01463631711656	76230.818315	W	0.015777
01463632014568	76230.834092	S	147.245000
01466459118572	76378.079092	W	0.004760
01466459209956	76378.083852	S	0.001519
01466459239124	76378.085371	W	0.196516
01466463012240	76378.281887	S	0.020492
01466463405688	76378.302380	W	0.015046
01466463694564	76378.317425	S	368.167036
01473532501652	76746.484461	W	0.004754
01473532592928	76746.489215	S	0.001564
01473532622960	76746.490779	W	0.608671
01473544309436	76747.099450	S	0.665078
01473557078928	76747.764527	W	0.014503
01473557357384	76747.779030	S	0.009332
01473557536564	76747.788363	W	0.013981
01473557804996	76747.802344	S	7.926825
01473710000036	76755.729169	W	0.004806
01473710092304	76755.733974	S	0.001626
01473710123516	76755.735600	W	0.251869
01473714959408	76755.987469	S	0.015332
01473715253776	76756.002801	W	0.005763
01473715364420	76756.008564	S	48.363439
01474643942452	76804.372003	W	0.005672
01474644051356	76804.377675	S	0.000744
01474644065644	76804.378419	W	0.168453
01474647299932	76804.546871	S	0.014587
01474647580012	76804.561459	W	0.015183
01474647871520	76804.576642	S	0.035607
01474648555172	76804.612249	W	0.005848
01474648667460	76804.618097	S	0.000988
01474648686420	76804.619084	W	0.280065
01474654063664	76804.899149	S	0.017735
01474654404184	76804.916885	W	0.014671
01474654685860	76804.931555	S	0.020076
01474655071324	76804.951631	W	0.006403
01474655194268	76804.958035	S	2.042650
01474694413144	76807.000685	W	0.005526
01474694519244	76807.006211	S	0.000850
01474694535560	76807.007060	W	0.160374
01474697614744	76807.167435	S	0.016840
01474697938080	76807.184275	W	0.014738
01474698221056	76807.199013	S	87.369481
01476375715088	76894.568494	W	0.004552
01476375802480	76894.573046	S	0.001474
01476375830788	76894.574520	W	0.197487
01476379622544	76894.772007	S	0.016267
01476379934872	76894.788275	W	0.015371
01476380229988	76894.803645	S	229.681632
01480790117320	77124.485277	W	0.004299
01480790199864	77124.489576	S	0.000694
01480790213188	77124.490270	W	0.409137
01480798068628	77124.899408	S	0.867364
01480814722008	77125.766771	W	0.013553
01480814982220	77125.780324	S	0.008990
01480815154820	77125.789314	W	0.013990
01480815423428	77125.803304	S	734.674368
01494921171296	77860.477672	W	0.004341
01494921254644	77860.482013	S	0.000709
01494921268264	77860.482722	W	0.416680
01494929268528	77860.899402	S	0.853274
01494945651384	77861.752676	W	0.013792
01494945916196	77861.766469	S	0.014227
01494946189348	77861.780695	W	0.005498
01494946294904	77861.786193	S	131.386137
01497468908744	77993.172330	W	0.005577
01497469015828	77993.177908	S	0.000738
01497469029996	77993.178646	W	0.120779
01497471348960	77993.299425	S	0.032988
01497471982324	77993.332413	W	0.014881
01497472268032	77993.347293	S	0.007258
01497472407392	77993.354552	W	0.014976
01497472694932	77993.369528	S	88.879336
01499179178188	78082.248864	W	0.005683
01499179287304	78082.254547	S	0.000697
01499179300696	78082.255245	W	0.175790
01499182675860	78082.431034	S	0.021281
01499183084452	78082.452315	W	0.005860
01499183196964	78082.458175	S	0.900157
01499200479976	78083.358332	W	0.209011
01499204492992	78083.567343	S	0.010483
01499204694268	78083.577826	W	0.006572
01499204820456	78083.584399	S	2161.395367
01540703611508	80244.979766	W	0.005837
01540703723576	80244.985603	S	0.000743
01540703737844	80244.986346	W	0.513025
01540713587932	80245.499371	S	0.738733
01540727771612	80246.238105	W	0.014118
01540728042676	80246.252223	S	0.019557
01540728418176	80246.271780	W	0.005682
01540728527276	80246.277462	S	0.415847
01540736511548	80246.693310	W	0.005792
01540736622764	80246.699102	S	0.000744
01540736637040	80246.699846	W	0.191953
01540740322544	80246.891799	S	0.001788
01540740356876	80246.893587	W	0.011354
01540740574880	80246.904942	S	2.846227
01540795222444	80249.751169	W	0.005536
01540795328732	80249.756705	S	0.000689
01540795341964	80249.757394	W	0.172407
01540798652180	80249.929801	S	0.017955
01540798996920	80249.947756	W	0.005374
01540799100100	80249.953130	S	1.517654
01540828239048	80251.470784	W	0.005569
01540828345976	80251.476353	S	0.000729
01540828359964	80251.477081	W	0.203389
01540832265036	80251.680471	S	0.022011
01540832687652	80251.702482	W	0.005914
01540832801200	80251.708396	S	83.477772
01542435574420	80335.186168	W	0.004729
01542435665216	80335.190897	S	0.001486
01542435693744	80335.192382	W	0.106387
01542437736372	80335.298769	S	0.050102
01542438698336	80335.348872	W	0.013732
01542438962000	80335.362604	S	0.014217
01542439234972	80335.376821	W	0.005258
01542439335932	80335.382080	S	385.735496
01549845457460	80721.117576	W	0.005855
01549845569876	80721.123431	S	0.000715
01549845583604	80721.124146	W	0.375394
01549852791160	80721.499540	S	0.897919
01549870031196	80722.397458	W	0.014270
01549870305180	80722.411728	S	0.012192
01549870539264	80722.423920	W	0.014347
01549870814736	80722.438267	S	0.595708
01549882252328	80723.033975	W	0.005851
01549882364672	80723.039827	S	0.000916
01549882382256	80723.040743	W	0.166629
01549885581532	80723.207371	S	0.026367
01549886087784	80723.233739	W	0.006231
01549886207420	80723.239970	S	88.115283
01551578020844	80811.355252	W	0.004834
01551578113664	80811.360087	S	0.001475
01551578141976	80811.361561	W	0.162129
01551581254856	80811.523690	S	0.025330
01551581741192	80811.549020	W	0.014144
01551582012764	80811.563165	S	440.415003
01560037980816	81251.978167	W	0.005690
01560038090064	81251.983858	S	0.000723
01560038103936	81251.984580	W	1.283881
01560062754452	81253.268461	S	0.018246
01560063104784	81253.286707	W	0.005531
01560063210984	81253.292239	S	0.832384
01560079192756	81254.124623	W	0.005835
01560079304796	81254.130458	S	0.000832
01560079320764	81254.131290	W	0.202444
01560083207692	81254.333734	S	0.010830
01560083415624	81254.344564	W	0.005351
01560083518360	81254.349915	S	87.881906
01561770850956	81342.231821	W	0.004562
01561770938544	81342.236383	S	0.001490
01561770967148	81342.237872	W	0.185545
01561774529604	81342.423417	S	0.014188
01561774802016	81342.437605	W	0.014923
01561775088544	81342.452528	S	3050.368942
01620342172240	84392.821471	W	0.005609
01620342279940	84392.827080	S	0.000722
01620342293796	84392.827802	W	0.471396
01620351344608	84393.299198	S	0.794629
01620366601492	84394.093828	W	0.014437
01620366878688	84394.108265	S	0.020069
01620367264004	84394.128334	W	0.005787
01620367375108	84394.134120	S	0.426595
01620375565740	84394.560716	W	0.138497
01620378224892	84394.699213	S	0.059578
01620379368788	84394.758791	W	0.014871
01620379654304	84394.773662	S	0.004519
01620379741068	84394.778181	W	0.005782
01620379852088	84394.783963	S	88.236776
01622073998188	84483.020739	W	0.004493
01622074084448	84483.025232	S	0.001505
01622074113336	84483.026736	W	0.181911
01622077606024	84483.208647	S	0.016574
01622077924248	84483.225221	W	0.014805
01622078208508	84483.240026	S	1932.488673
01659181991032	86415.728700	W	0.004643
01659182080172	86415.733342	S	0.001665
01659182112140	86415.735007	W	0.164528
01659185271080	86415.899535	S	1.095193
01659206298776	86416.994728	W	0.015801
01659206602156	86417.010529	S	0.016482
01659206918612	86417.027011	W	0.014371
01659207194532	86417.041382	S	8.606550
01659372440288	86425.647932	W	0.004842
01659372533252	86425.652774	S	0.001558
01659372563160	86425.654331	W	0.173948
01659375902960	86425.828279	S	0.015533
01659376201196	86425.843812	W	0.004974
01659376296704	86425.848787	S	5.542940
01659482721144	86431.391726	W	0.005578
01659482828240	86431.397304	S	0.000841
01659482844396	86431.398146	W	0.100691
01659484777668	86431.498837	S	1.072649
01659505372532	86432.571486	W	0.013685
01659505635288	86432.585171	S	0.007495
01659505779192	86432.592666	W	0.005337
01659505881664	86432.598003	S	150.248745
01662390657576	86582.846749	W	0.004471
01662390743416	86582.851220	S	0.001474
01662390771712	86582.852693	W	0.177609
01662394181804	86583.030302	S	0.009355
01662394361420	86583.039657	W	0.013565
01662394621868	86583.053222	S	721.321438
01676243993468	87304.374660	W	0.004748
01676244084624	87304.379408	S	0.001483
01676244113092	87304.380890	W	0.318049
01676250219628	87304.698939	S	0.952767
01676268512748	87305.651706	W	0.014237
01676268786096	87305.665942	S	0.010154
01676268981044	87305.676096	W	0.014324
01676269256064	87305.690420	S	329.073565
01682587468508	87634.763985	W	0.005853
01682587580876	87634.769837	S	0.000789
01682587596028	87634.770626	W	0.528410
01682597741496	87635.299036	S	0.744329
01682612032616	87636.043365	W	0.014379
01682612308696	87636.057745	S	0.017124
01682612637476	87636.074869	W	0.005184
01682612737016	87636.080053	S	88.848979
01684318637420	87724.929032	W	0.005636
01684318745632	87724.934668	S	0.001496
01684318774348	87724.936164	W	0.163131
01684321906460	87725.099295	S	0.025727
01684322400416	87725.125022	W	0.005227
01684322500768	87725.130248	S	2384.347560
01730101973920	90109.477808	W	0.005873
01730102086672	90109.483681	S	0.001499
01730102115444	90109.485179	W	0.213470
01730106214064	90109.698649	S	0.353610
01730113003384	90110.052260	W	2.029786
01730151975276	90112.082046	S	0.011756
01730152200984	90112.093801	W	3.716547
01730223558680	90115.810348	S	5.006927
01730319691684	90120.817275	W	0.013959
01730319959704	90120.831235	S	0.003381
01730320024612	90120.834615	W	0.013687
01730320287408	90120.848303	S	78.944709
01731836025824	90199.793012	W	0.004551
01731836113208	90199.797563	S	0.001497
01731836141956	90199.799060	W	0.198366
01731839950576	90199.997426	S	0.017265
01731840282064	90200.014691	W	0.014919
01731840568504	90200.029610	S	0.895657
01731857765124	90200.925267	W	0.004345
01731857848556	90200.929612	S	0.000750
01731857862948	90200.930362	W	0.368311
01731864934528	90201.298673	S	0.108886
01731867025132	90201.407559	W	0.013569
01731867285648	90201.421127	S	25.609090
01732358980172	90227.030217	W	0.014832
01732359264940	90227.045049	S	0.001431
01732359292416	90227.046480	W	0.006531
01732359417804	90227.053011	S	1.582310
01732389798152	90228.635320	W	0.005514
01732389904016	90228.640834	S	0.000698
01732389917424	90228.641532	W	0.457171
01732398695112	90229.098704	S	35.164927
01733073861716	90264.263631	W	0.013544
01733074121764	90264.277175	S	61.428260
01734253544356	90325.705435	W	0.013691
01734253807228	90325.719126	S	61.423607
01735433140488	90387.142734	W	0.013438
01735433398492	90387.156171	S	61.426974
01736612796384	90448.583145	W	0.013652
01736613058508	90448.596797	S	61.426909
01737792455152	90510.023706	W	0.015185
01737792746696	90510.038890	S	61.426306
01738972131768	90571.465196	W	0.013799
01738972396716	90571.478996	S	61.426703
01740151789420	90632.905699	W	0.013527
01740152049144	90632.919226	S	61.426289
01741331433900	90694.345516	W	0.013644
01741331695856	90694.359159	S	61.423662
01742511030172	90755.782821	W	0.013196
01742511283544	90755.796018	S	61.429512
01743690730176	90817.225530	W	0.013657
01743690992388	90817.239187	S	15.633138
01743991148644	90832.872325	W	0.013511
01743991408052	90832.885836	S	0.002461
01743991455296	90832.888297	W	0.013675
01743991717848	90832.901971	S	104.442047
01745997005156	90937.344019	W	0.004638
01745997094208	90937.348657	S	0.001523
01745997123456	90937.350180	W	0.148504
01745999974724	90937.498684	S	1.120611
01746021490460	90938.619295	W	0.013971
01746021758700	90938.633266	S	0.006680
01746021886964	90938.639946	W	0.014327
01746022162048	90938.654273	S	1822.158670
01781007608516	92760.812944	W	0.004905
01781007702692	92760.817849	S	0.001508
01781007731644	92760.819356	W	0.079286
01781009253928	92760.898642	S	1.178959
01781031889932	92762.077601	W	0.014031
01781032159328	92762.091632	S	0.009816
01781032347792	92762.101447	W	0.005819
01781032459520	92762.107267	S	229.224240
01785433564928	92991.331507	W	0.004302
01785433647520	92991.335808	S	0.000674
01785433660456	92991.336482	W	0.172547
01785436973360	92991.509029	S	0.016420
01785437288620	92991.525449	W	0.014333
01785437563820	92991.539782	S	624.187742
01797421968464	93615.727524	W	0.004816
01797422060924	93615.732340	S	0.001484
01797422089412	93615.733824	W	0.565201
01797432941276	93616.299025	S	0.728291
01797446924472	93617.027316	W	0.014285
01797447198740	93617.041601	S	0.008976
01797447371072	93617.050577	W	0.005449
01797447475688	93617.056025	S	88.968970
01799155679908	93706.024995	W	0.004847
01799155772968	93706.029842	S	0.001490
01799155801584	93706.031333	W	0.172629
01799159116060	93706.203961	S	0.009115
01799159291064	93706.213076	W	0.013968
01799159559244	93706.227044	S	141.864639
01801883360304	93848.091683	W	0.006004
01801883475576	93848.097686	S	0.001135
01801883497372	93848.098821	W	0.182932
01801887009676	93848.281754	S	0.010784
01801887216724	93848.292538	W	0.013831
01801887482276	93848.306369	S	90.040492
01803616259724	93938.346861	W	0.004557
01803616347212	93938.351417	S	0.003182
01803616408300	93938.354599	W	0.191229
01803620079904	93938.545828	S	0.028309
01803620623432	93938.574137	W	0.015629
01803620923516	93938.589766	S	257.978883
01808574118076	94196.568650	W	0.330690
01808580467332	94196.899340	S	0.964095
01808598977956	94197.863435	W	0.014126
01808599249172	94197.877561	S	0.011459
01808599469180	94197.889020	W	0.014350
01808599744696	94197.903370	S	0.778900
01808614699568	94198.682269	W	0.005851
01808614811908	94198.688120	S	0.000790
01808614827080	94198.688910	W	0.178461
01808618253536	94198.867372	S	0.021269
01808618661908	94198.888641	W	0.006267
01808618782244	94198.894909	S	87.928205
01810307003776	94286.823113	W	0.004601
01810307092124	94286.827715	S	0.001474
01810307120420	94286.829189	W	0.069512
01810308455052	94286.898701	S	0.085821
01810310102812	94286.984521	W	0.013785
01810310367476	94286.998306	S	0.010427
01810310567680	94287.008733	W	0.005184
01810310667208	94287.013917	S	143.560874
01813067035984	94430.574791	W	0.005833
01813067147972	94430.580624	S	0.000899
01813067165228	94430.581522	W	0.117224
01813069415932	94430.698746	S	37.184970
01813783367356	94467.883716	W	0.013909
01813783634408	94467.897625	S	61.428526
01814963062100	94529.326151	W	0.013877
01814963328540	94529.340028	S	61.426613
01816142719504	94590.766641	W	0.014777
01816143003216	94590.781417	S	61.424116
01817322346244	94652.205534	W	0.013948
01817322614048	94652.219482	S	61.430498
01818502079600	94713.649979	W	0.013742
01818502343448	94713.663721	S	61.423927
01819681682848	94775.087648	W	0.014115
01819681953860	94775.101764	S	61.421796
01820861252344	94836.523560	W	0.013754
01820861516416	94836.537313	S	61.464799
01822041640564	94898.002113	W	0.014012
01822041909596	94898.016125	S	61.402875
01823220844804	94959.419000	W	0.014023
01823221114052	94959.433024	S	61.414033
01824400263488	95020.847057	W	0.013971
01824400531740	95020.861028	S	13.903472
01824667478396	95034.764500	W	0.014374
01824667754380	95034.778874	S	0.006060
01824667870732	95034.784934	W	0.004978
01824667966316	95034.789912	S	14.514612
01824946646872	95049.304525	W	0.004752
01824946738112	95049.309277	S	0.001480
01824946766528	95049.310757	W	0.588228
01824958060500	95049.898984	S	1.280905
01824982653884	95051.179890	W	0.013492
01824982912924	95051.193381	S	0.017769
01824983254080	95051.211150	W	0.015325
01824983548320	95051.226475	S	87.069306
01826655278996	95138.295781	W	0.402935
01826663015340	95138.698716	S	0.225971
01826667353992	95138.924687	W	0.014184
01826667626316	95138.938871	S	0.004616
01826667714952	95138.943487	W	0.013930
01826667982412	95138.957417	S	115.518531
01828885938212	95254.475949	W	0.005693
01828886047520	95254.481642	S	0.000772
01828886062348	95254.482414	W	0.170979
01828889345152	95254.653393	S	0.018091
01828889692504	95254.671485	W	0.013632
01828889954240	95254.685117	S	1.933163
01828927070976	95256.618280	W	0.080433
01828928615280	95256.698713	S	0.083364
01828930215864	95256.782076	W	0.014857
01828930501124	95256.796934	S	0.000922
01828930518832	95256.797856	W	0.014693
01828930800928	95256.812548	S	6.644874
01829058382512	95263.457422	W	0.005772
01829058493332	95263.463194	S	0.000781
01829058508320	95263.463975	W	0.148303
01829061355736	95263.612278	S	0.014141
01829061627240	95263.626419	W	0.014841
01829061912184	95263.641260	S	1.579487
01829092238332	95265.220746	W	0.005715
01829092348068	95265.226462	S	0.000726
01829092362004	95265.227188	W	0.071577
01829093736276	95265.298764	S	0.079360
01829095259980	95265.378124	W	0.015077
01829095549460	95265.393201	S	0.010618
01829095753320	95265.403819	W	0.006160
01829095871596	95265.409979	S	0.588032
01829107161808	95265.998011	W	0.005786
01829107272904	95266.003797	S	0.000788
01829107288036	95266.004585	W	0.157764
01829110317112	95266.162350	S	0.008465
01829110479640	95266.170815	W	0.014729
01829110762440	95266.185544	S	1.553741
01829140594272	95267.739285	W	0.005497
01829140699816	95267.744782	S	0.000710
01829140713452	95267.745492	W	0.170663
01829143990180	95267.916155	S	0.006277
01829144110696	95267.922432	W	0.006174
01829144229236	95267.928606	S	1.448102
01829172032792	95269.376708	W	0.005634
01829172140964	95269.382342	S	0.000739
01829172155160	95269.383081	W	0.165134
01829175325724	95269.548215	S	0.017161
01829175655212	95269.565376	W	0.014903
01829175941352	95269.580279	S	2.193047
01829218047860	95271.773326	W	0.005641
01829218156172	95271.778967	S	0.000702
01829218169644	95271.779669	W	0.188039
01829221779984	95271.967708	S	0.013265
01829222034672	95271.980972	W	0.015100
01829222324588	95271.996072	S	3.040550
01829280703156	95275.036623	W	0.005638
01829280811400	95275.042260	S	0.000737
01829280825544	95275.042997	W	0.159827
01829283894216	95275.202824	S	0.007950
01829284046852	95275.210774	W	0.014881
01829284332568	95275.225655	S	1.671611
01829316427496	95276.897265	W	0.005678
01829316536512	95276.902943	S	0.000796
01829316551788	95276.903739	W	0.195179
01829320299216	95277.098917	S	0.000741
01829320313444	95277.099659	W	0.014596
01829320593696	95277.114255	S	0.001463
01829320621780	95277.115718	W	0.006261
01829320741988	95277.121979	S	0.542845
01829331164604	95277.664823	W	0.005792
01829331275812	95277.670615	S	0.000742
01829331290060	95277.671357	W	0.027569
01829331819376	95277.698926	S	0.155654
01829334807928	95277.854580	W	0.014216
01829335080876	95277.868796	S	0.007882
01829335232208	95277.876677	W	0.005785
01829335343272	95277.882462	S	1.996930
01829373684328	95279.879392	W	0.005493
01829373789796	95279.884885	S	0.000697
01829373803184	95279.885583	W	0.156691
01829376811648	95280.042273	S	0.012190
01829377045696	95280.054463	W	0.014605
01829377326108	95280.069068	S	64.663367
01830618862756	95344.732435	W	0.004510
01830618949356	95344.736946	S	0.001520
01830618978544	95344.738466	W	0.162256
01830622093868	95344.900722	S	0.012886
01830622341272	95344.913608	W	0.005298
01830622442988	95344.918906	S	377.427806
01837869056872	95722.346712	W	0.005572
01837869163848	95722.352284	S	0.000695
01837869177192	95722.352979	W	0.546531
01837879670588	95722.899510	S	0.719082
01837893476968	95723.618592	W	0.013946
01837893744740	95723.632539	S	0.017371
01837894078264	95723.649910	W	0.014297
01837894352764	95723.664206	S	0.517586
01837904290420	95724.181793	W	0.005563
01837904397232	95724.187356	S	0.000737
01837904411376	95724.188093	W	0.110616
01837906535196	95724.298708	S	0.066207
01837907806372	95724.364915	W	0.015991
01837908113408	95724.380907	S	14.042319
01838177725936	95738.423226	W	0.005734
01838177836036	95738.428960	S	0.000740
01838177850240	95738.429700	W	0.165104
01838181020228	95738.594804	S	0.016004
01838181327508	95738.610808	W	0.014609
01838181607992	95738.625416	S	73.973711
01839601903244	95812.599127	W	0.004506
01839601989752	95812.603633	S	0.001544
01839602019392	95812.605177	W	0.188827
01839605644868	95812.794004	S	0.021535
01839606058348	95812.815539	W	0.014001
01839606327164	95812.829540	S	1381.468768
01866130527508	97194.298308	W	0.004639
01866130616580	97194.302947	S	0.001495
01866130645276	97194.304441	W	0.194497
01866134379612	97194.498938	S	1.074889
01866155017472	97195.573827	W	0.014060
01866155287424	97195.587887	S	0.017876
01866155630636	97195.605762	W	0.005502
01866155736284	97195.611265	S	722.042376
01880018949904	97917.653641	W	0.005560
01880019056652	97917.659201	S	0.000682
01880019069744	97917.659882	W	0.038821
01880019815108	97917.698704	S	1.223963
01880043315192	97918.922666	W	0.013437
01880043573188	97918.936104	S	0.008928
01880043744600	97918.945031	W	0.014067
01880044014688	97918.959098	S	89.127930
01881755270948	98008.087029	W	0.004732
01881755361804	98008.091761	S	0.001507
01881755390740	98008.093268	W	0.162504
01881758510808	98008.255771	S	0.016023
01881758818452	98008.271794	W	0.005314
01881758920480	98008.277108	S	283.743290
01887206791644	98292.020398	W	0.004741
01887206882680	98292.025140	S	0.001489
01887206911276	98292.026629	W	0.072118
01887208295944	98292.098747	S	1.196911
01887231276640	98293.295658	W	0.014728
01887231559416	98293.310386	S	0.022777
01887231996744	98293.333164	W	0.015446
01887232293316	98293.348610	S	1.024683
01887251967232	98294.373293	W	0.005756
01887252077748	98294.379049	S	0.000729
01887252091752	98294.379779	W	0.194103
01887255818532	98294.573882	S	0.021375
01887256228936	98294.595257	W	0.013947
01887256496728	98294.609205	S	1.656256
01887288296840	98296.265460	W	0.005550
01887288403408	98296.271011	S	0.000750
01887288417800	98296.271760	W	0.171838
01887291717096	98296.443599	S	0.027585
01887292246732	98296.471184	W	0.014374
01887292522708	98296.485558	S	3.131953
01887352656196	98299.617510	W	0.005855
01887352768612	98299.623365	S	0.000750
01887352783004	98299.624115	W	0.199311
01887356609784	98299.823426	S	0.018900
01887356972664	98299.842326	W	0.014940
01887357259508	98299.857266	S	1.471321
01887385508876	98301.328587	W	0.005743
01887385619148	98301.334331	S	0.000810
01887385634696	98301.335140	W	0.164214
01887388787608	98301.499355	S	0.028198
01887389329004	98301.527552	W	0.014290
01887389603372	98301.541842	S	0.012999
01887389852952	98301.554841	W	0.014402
01887390129476	98301.569244	S	83.160581
01888986812628	98384.729824	W	0.004594
01888986900836	98384.734419	S	0.001470
01888986929052	98384.735888	W	0.164101
01888990079796	98384.899989	S	0.010192
01888990275480	98384.910181	W	0.013950
01888990543328	98384.924132	S	7.222758
01889129220288	98392.146890	W	0.004807
01889129312588	98392.151697	S	0.001568
01889129342700	98392.153266	W	0.213743
01889133446556	98392.367008	S	0.027231
01889133969384	98392.394239	W	0.014263
01889134243240	98392.408502	S	1.424135
01889161586636	98393.832637	W	0.004306
01889161669308	98393.836943	S	0.000678
01889161682328	98393.837621	W	0.460963
01889170532816	98394.298584	S	3.555624
01889238800796	98397.854208	W	3.728243
01889310383060	98401.582451	S	0.006305
01889310504112	98401.588756	W	0.115117
01889312714360	98401.703873	S	0.507042
01889322449560	98402.210915	W	0.015248
01889322742328	98402.226163	S	21.390359
01889733437216	98423.616522	W	0.013496
01889733696348	98423.630018	S	61.451122
01890913557892	98485.081140	W	0.013550
01890913818044	98485.094690	S	61.429314
01892093260880	98546.524004	W	0.013530
01892093520664	98546.537535	S	61.440046
01893273169556	98607.977581	W	0.014658
01893273450988	98607.992239	S	61.417671
01894452670276	98669.409910	W	0.014386
01894452946496	98669.424297	S	61.407029
01895631961444	98730.831325	W	0.013474
01895632220136	98730.844799	S	61.417307
01896811432424	98792.262105	W	0.013307
01896811687924	98792.275413	S	61.456885
01897991660108	98853.732297	W	0.014656
01897991941512	98853.746954	S	61.388188
01899170594712	98915.135141	W	0.013405
01899170852092	98915.148546	S	61.434669
01900350397732	98976.583215	W	0.013423
01900350655456	98976.596638	S	61.449569
01901530487188	99038.046208	W	0.013543
01901530747220	99038.059751	S	61.423737
01902710082964	99099.483488	W	0.013594
01902710343968	99099.497082	S	61.401065
01903889244408	99160.898146	W	0.013468
01903889502996	99160.911614	S	61.423675
01905068837548	99222.335289	W	0.013148
01905069089984	99222.348437	S	61.428177
01906248510992	99283.776614	W	0.013298
01906248766316	99283.789912	S	61.476155
01907429108500	99345.266068	W	0.014820
01907429393044	99345.280888	S	61.395167
01908608180256	99406.676055	W	0.013471
01908608438900	99406.689526	S	61.439942
01909788085788	99468.129468	W	0.014785
01909788369656	99468.144253	S	61.394128
01910967136908	99529.538381	W	0.013362
01910967393460	99529.551743	S	61.424619
01912146746140	99590.976361	W	0.013261
01912147000752	99590.989622	S	61.425755
01913326375256	99652.415378	W	0.013370
01913326631968	99652.428748	S	61.427858
01914506046848	99713.856607	W	0.013239
01914506301040	99713.869846	S	61.438889
01915685927700	99775.308734	W	0.013440
01915686185748	99775.322174	S	61.414351
01916865341280	99836.736525	W	0.013345
01916865597508	99836.749870	S	61.444983
01918045341180	99898.194853	W	0.013514
01918045600644	99898.208367	S	61.407056
01919224616124	99959.615423	W	0.013466
01919224874664	99959.628889	S	61.427939
01920404291096	100021.056828	W	0.013361
01920404547620	100021.070189	S	61.425612
01921583919380	100082.495801	W	0.013266
01921584174084	100082.509067	S	19.708207
01921962571660	100102.217274	W	2.018328
01922001323552	100104.235602	S	39.699767
01922763559084	100143.935369	W	0.013361
01922763815616	100143.948730	S	61.431049
01923943291748	100205.379779	W	0.013317
01923943547436	100205.393096	S	61.422481
01925122859064	100266.815576	W	0.014840
01925123144000	100266.830417	S	1.965011
01925160872208	100268.795427	W	0.015535
01925161170484	100268.810963	S	0.522038
01925171193620	100269.333001	W	0.015866
01925171498248	100269.348867	S	1.159189
01925193754672	100270.508056	W	2.014225
01925232427788	100272.522281	S	26.851686
01925747980164	100299.373967	W	0.028147
01925748520584	100299.402114	S	0.094498
01925750334952	100299.496612	W	0.014038
01925750604484	100299.510650	S	0.308598
01925756529564	100299.819248	W	0.015238
01925756822128	100299.834486	S	10.762393
01925963460072	100310.596879	W	0.409817
01925971328560	100311.006696	S	608.959711
01937663355020	100919.966407	W	15.175885
01937954732020	100935.142293	S	46.425851
01938846108352	100981.568143	W	0.013074
01938846359376	100981.581218	S	61.426808
01940025754080	101043.008025	W	0.013707
01940026017260	101043.021732	S	1.478367
01940054401900	101044.500099	W	0.027376
01940054927528	101044.527475	S	0.020928
01940055329336	101044.548403	W	0.013537
01940055589248	101044.561940	S	0.278137
01940060929476	101044.840077	W	0.015284
01940061222924	101044.855361	S	10.699811
01940266659292	101055.555171	W	0.409671
01940274524980	101055.964843	S	63.384058
01941491498896	101119.348901	W	15.175010
01941782859088	101134.523911	S	45.698952
01942660278960	101180.222862	W	0.013531
01942660538748	101180.236393	S	60.005253
01943812639604	101240.241646	W	0.015485
01943812936912	101240.257131	S	0.549218
01943823481892	101240.806349	W	0.015937
01943823787884	101240.822286	S	0.840575
01943839926916	101241.662860	W	0.013702
01943840189992	101241.676562	S	3.801205
01943913173136	101245.477767	W	2.035203
01943952249036	101247.512971	S	10.059028
01944145382380	101257.571999	W	0.026993
01944145900652	101257.598992	S	0.001653
01944145932380	101257.600645	W	0.014722
01944146215048	101257.615367	S	0.297294
01944151923092	101257.912661	W	0.015253
01944152215952	101257.927914	S	3.150887
01944212712976	101261.078801	W	0.041174
01944213503512	101261.119975	S	0.016564
01944213821540	101261.136539	W	0.014466
01944214099280	101261.151004	S	0.061128
01944215272936	101261.212132	W	0.014685
01944215554892	101261.226817	S	0.207323
01944219535496	101261.434140	W	0.015249
01944219828268	101261.449389	S	1.562406
01944249826472	101263.011795	W	0.015558
01944250125188	101263.027354	S	0.723807
01944264022280	101263.751160	W	3.718300
01944335413632	101267.469460	S	35.638716
01945019676984	101303.108176	W	0.014553
01945019956396	101303.122729	S	21.041538
01945423953920	101324.164267	W	0.114454
01945426151440	101324.278721	S	0.227194
01945430513556	101324.505914	W	0.015722
01945430815424	101324.521637	S	8.563226
01945595229360	101333.084863	W	0.015269
01945595522532	101333.100132	S	0.829003
01945611439396	101333.929135	W	0.015615
01945611739208	101333.944750	S	30.597460
01946199210444	101364.542211	W	0.014882
01946199496176	101364.557093	S	61.426201
01947378879228	101425.983293	W	0.015176
01947379170600	101425.998469	S	61.424596
01948558522840	101487.423065	W	0.013534
01948558782692	101487.436599	S	61.426822
01949738177672	101548.863420	W	0.013934
01949738445208	101548.877355	S	28.485382
01950285364548	101577.362737	W	0.111311
01950287501720	101577.474048	S	0.249782
01950292297536	101577.723830	W	0.015586
01950292596784	101577.739416	S	32.562744
01950917801464	101610.302160	W	0.014991
01950918089288	101610.317150	S	15.779397
01951221053720	101626.096548	W	0.015377
01951221348952	101626.111925	S	0.751714
01951235781868	101626.863639	W	0.015482
01951236079120	101626.879121	S	44.864199
01952097471748	101671.743320	W	0.013577
01952097732424	101671.756897	S	61.426807
01953277127116	101733.183704	W	0.014857
01953277412368	101733.198561	S	 - 

End : 3333807205, 101739.721840sec
